event,shot,event_uid,strength_band,geometry,epicenter_region,split,arm,seed,predicted_x_mm,predicted_y_mm,error_mm
0,0,47d3e5fd43f9c0f6c6654fd57652371b6cebc0bc594f3e8abe89317fd50bef60:0,2,circular,outside,test_id,self_only,41,-0.4171487254754725,-2.4800778559756185,2.699044287979237
0,1,47d3e5fd43f9c0f6c6654fd57652371b6cebc0bc594f3e8abe89317fd50bef60:0,2,circular,outside,test_id,self_only,41,-2.5801668328897183,-1.4521932534289266,2.3343395542583507
1,0,47d3e5fd43f9c0f6c6654fd57652371b6cebc0bc594f3e8abe89317fd50bef60:1,1,elliptical,outside,test_id,self_only,41,0.8091757135732945,-0.428613655955782,4.2891101868630335
1,1,47d3e5fd43f9c0f6c6654fd57652371b6cebc0bc594f3e8abe89317fd50bef60:1,1,elliptical,outside,test_id,self_only,41,0.7798626261099156,-0.5334030918192768,4.191792148343022
2,0,47d3e5fd43f9c0f6c6654fd57652371b6cebc0bc594f3e8abe89317fd50bef60:2,1,elliptical,inside,test_id,self_only,41,-0.18359546491066842,-0.69037007609128,1.458232372562454
2,1,47d3e5fd43f9c0f6c6654fd57652371b6cebc0bc594f3e8abe89317fd50bef60:2,1,elliptical,inside,test_id,self_only,41,0.6727284031256017,-0.5255882672381306,1.5235532356243153
3,0,47d3e5fd43f9c0f6c6654fd57652371b6cebc0bc594f3e8abe89317fd50bef60:3,0,circular,outside,test_id,self_only,41,1.3425834017141638,-0.6020488671374226,4.628594478465891
3,1,47d3e5fd43f9c0f6c6654fd57652371b6cebc0bc594f3e8abe89317fd50bef60:3,0,circular,outside,test_id,self_only,41,-0.6373373431817714,-0.2611559561800862,4.928450805898738
4,0,47d3e5fd43f9c0f6c6654fd57652371b6cebc0bc594f3e8abe89317fd50bef60:4,2,elliptical,inside,test_ood,self_only,41,-0.09843278058926493,0.12471719762564655,2.5656381246912545
4,1,47d3e5fd43f9c0f6c6654fd57652371b6cebc0bc594f3e8abe89317fd50bef60:4,2,elliptical,inside,test_ood,self_only,41,-0.21775035687844185,1.4788777895855998,1.2921032678221571
5,0,47d3e5fd43f9c0f6c6654fd57652371b6cebc0bc594f3e8abe89317fd50bef60:5,0,elliptical,outside,test_id,self_only,41,0.406491382633048,0.00935126027346607,4.151394026199557
5,1,47d3e5fd43f9c0f6c6654fd57652371b6cebc0bc594f3e8abe89317fd50bef60:5,0,elliptical,outside,test_id,self_only,41,-0.054453806366128024,0.2603713341641521,4.427107719928144
6,0,47d3e5fd43f9c0f6c6654fd57652371b6cebc0bc594f3e8abe89317fd50bef60:6,1,circular,outside,test_id,self_only,41,-0.8346908254281703,0.3263152309346294,2.7392970336805114
6,1,47d3e5fd43f9c0f6c6654fd57652371b6cebc0bc594f3e8abe89317fd50bef60:6,1,circular,outside,test_id,self_only,41,-1.466414586986703,0.19992171904326433,2.1172093187777503
7,0,47d3e5fd43f9c0f6c6654fd57652371b6cebc0bc594f3e8abe89317fd50bef60:7,1,elliptical,edge,test_id,self_only,41,-0.674925820316476,-0.7229791215968037,3.8574861697396083
7,1,47d3e5fd43f9c0f6c6654fd57652371b6cebc0bc594f3e8abe89317fd50bef60:7,1,elliptical,edge,test_id,self_only,41,0.8761738376959142,-0.16795369306324964,2.737794231533713
8,0,47d3e5fd43f9c0f6c6654fd57652371b6cebc0bc594f3e8abe89317fd50bef60:8,2,elliptical,outside,test_ood,self_only,41,-1.2730325622216883,1.6544195481228923,2.2602472909444917
8,1,47d3e5fd43f9c0f6c6654fd57652371b6cebc0bc594f3e8abe89317fd50bef60:8,2,elliptical,outside,test_ood,self_only,41,-0.41304110118309884,1.4161218472409343,2.2968711063777065
9,0,47d3e5fd43f9c0f6c6654fd57652371b6cebc0bc594f3e8abe89317fd50bef60:9,1,circular,edge,test_id,self_only,41,-0.36672847100655465,0.17466179212809557,3.3793521224851366
9,1,47d3e5fd43f9c0f6c6654fd57652371b6cebc0bc594f3e8abe89317fd50bef60:9,1,circular,edge,test_id,self_only,41,0.3477448063238439,-0.6272118023943806,2.4139307552340084
10,0,47d3e5fd43f9c0f6c6654fd57652371b6cebc0bc594f3e8abe89317fd50bef60:10,0,circular,inside,test_id,self_only,41,0.6459639506681737,0.48701728066683764,2.701931075919731
10,1,47d3e5fd43f9c0f6c6654fd57652371b6cebc0bc594f3e8abe89317fd50bef60:10,0,circular,inside,test_id,self_only,41,-0.6419414443628016,0.7816865511822796,1.4990164004070994
11,0,47d3e5fd43f9c0f6c6654fd57652371b6cebc0bc594f3e8abe89317fd50bef60:11,2,elliptical,inside,test_ood,self_only,41,-4.962743060077829,0.7545566626477337,3.6241781641443556
11,1,47d3e5fd43f9c0f6c6654fd57652371b6cebc0bc594f3e8abe89317fd50bef60:11,2,elliptical,inside,test_ood,self_only,41,-4.270212904895944,-0.3347236446452046,2.944934052719768
12,0,47d3e5fd43f9c0f6c6654fd57652371b6cebc0bc594f3e8abe89317fd50bef60:12,0,circular,edge,test_id,self_only,41,0.37525193265517326,0.030788368790159185,3.443996941795535
12,1,47d3e5fd43f9c0f6c6654fd57652371b6cebc0bc594f3e8abe89317fd50bef60:12,0,circular,edge,test_id,self_only,41,-0.8385889691964808,-0.07937483930706028,2.2364635901125838
13,0,47d3e5fd43f9c0f6c6654fd57652371b6cebc0bc594f3e8abe89317fd50bef60:13,0,elliptical,inside,test_id,self_only,41,-0.5930032891885463,0.9148945876050091,3.099608719846846
13,1,47d3e5fd43f9c0f6c6654fd57652371b6cebc0bc594f3e8abe89317fd50bef60:13,0,elliptical,inside,test_id,self_only,41,-0.09841646381775766,0.07592854580164905,2.280314863351061
14,0,47d3e5fd43f9c0f6c6654fd57652371b6cebc0bc594f3e8abe89317fd50bef60:14,1,circular,inside,test_id,self_only,41,-0.10189220436970621,-0.1051701388668919,2.858325666108333
14,1,47d3e5fd43f9c0f6c6654fd57652371b6cebc0bc594f3e8abe89317fd50bef60:14,1,circular,inside,test_id,self_only,41,-1.4463462991372766,-0.5478011302065754,3.7145133198340012
15,0,47d3e5fd43f9c0f6c6654fd57652371b6cebc0bc594f3e8abe89317fd50bef60:15,2,circular,outside,test_id,self_only,41,2.27611707023223,-2.233816736133089,1.0820170540475054
15,1,47d3e5fd43f9c0f6c6654fd57652371b6cebc0bc594f3e8abe89317fd50bef60:15,2,circular,outside,test_id,self_only,41,2.8038775759084995,-1.9653010300707723,0.6757895985912427
16,0,47d3e5fd43f9c0f6c6654fd57652371b6cebc0bc594f3e8abe89317fd50bef60:16,0,circular,edge,test_id,self_only,41,-0.043453262533349093,-0.5577935508799458,2.6987292293473013
16,1,47d3e5fd43f9c0f6c6654fd57652371b6cebc0bc594f3e8abe89317fd50bef60:16,0,circular,edge,test_id,self_only,41,0.7029453354223546,-0.161928766162386,3.4124505227964255
17,0,47d3e5fd43f9c0f6c6654fd57652371b6cebc0bc594f3e8abe89317fd50bef60:17,1,elliptical,outside,test_id,self_only,41,-0.27877633401314644,-1.4781651429247762,4.166176555077812
17,1,47d3e5fd43f9c0f6c6654fd57652371b6cebc0bc594f3e8abe89317fd50bef60:17,1,elliptical,outside,test_id,self_only,41,1.4343767004354773,0.4090481468129253,1.876316478017509
18,0,47d3e5fd43f9c0f6c6654fd57652371b6cebc0bc594f3e8abe89317fd50bef60:18,1,elliptical,inside,test_id,self_only,41,0.8678470092161473,-0.30912285366772657,1.382313538787977
18,1,47d3e5fd43f9c0f6c6654fd57652371b6cebc0bc594f3e8abe89317fd50bef60:18,1,elliptical,inside,test_id,self_only,41,0.8233963685377416,0.4008390673089122,0.7130230994828708
19,0,47d3e5fd43f9c0f6c6654fd57652371b6cebc0bc594f3e8abe89317fd50bef60:19,2,circular,inside,test_id,self_only,41,-1.217543737377328,-0.6158246926379108,1.765160841986767
19,1,47d3e5fd43f9c0f6c6654fd57652371b6cebc0bc594f3e8abe89317fd50bef60:19,2,circular,inside,test_id,self_only,41,-0.699400917972726,-0.6116514138293171,2.2270751832803466
20,0,47d3e5fd43f9c0f6c6654fd57652371b6cebc0bc594f3e8abe89317fd50bef60:20,1,elliptical,edge,test_id,self_only,41,0.8716687994345006,-1.3509075573992635,2.2369150211112236
20,1,47d3e5fd43f9c0f6c6654fd57652371b6cebc0bc594f3e8abe89317fd50bef60:20,1,elliptical,edge,test_id,self_only,41,0.22945515683730217,0.286546952335844,3.929297083965727
21,0,47d3e5fd43f9c0f6c6654fd57652371b6cebc0bc594f3e8abe89317fd50bef60:21,2,elliptical,edge,test_ood,self_only,41,4.904423935924369,-2.516441457660189,2.239826521150049
21,1,47d3e5fd43f9c0f6c6654fd57652371b6cebc0bc594f3e8abe89317fd50bef60:21,2,elliptical,edge,test_ood,self_only,41,4.462838395152884,-2.7268809012484456,1.7666594503655764
22,0,47d3e5fd43f9c0f6c6654fd57652371b6cebc0bc594f3e8abe89317fd50bef60:22,0,elliptical,edge,test_id,self_only,41,-0.2956795258180323,0.2621008821415996,2.764611599474289
22,1,47d3e5fd43f9c0f6c6654fd57652371b6cebc0bc594f3e8abe89317fd50bef60:22,0,elliptical,edge,test_id,self_only,41,-0.1969203216687861,1.2903360196042155,3.2287949214839875
23,0,47d3e5fd43f9c0f6c6654fd57652371b6cebc0bc594f3e8abe89317fd50bef60:23,1,circular,outside,test_id,self_only,41,1.324960096393424,-0.019268569291820567,3.35222939184471
23,1,47d3e5fd43f9c0f6c6654fd57652371b6cebc0bc594f3e8abe89317fd50bef60:23,1,circular,outside,test_id,self_only,41,0.09861159196932882,-1.150486820132723,2.664656872012986
24,0,47d3e5fd43f9c0f6c6654fd57652371b6cebc0bc594f3e8abe89317fd50bef60:24,0,elliptical,edge,test_id,self_only,41,-0.2723651094094935,-0.3963913849902058,3.3050199136033975
24,1,47d3e5fd43f9c0f6c6654fd57652371b6cebc0bc594f3e8abe89317fd50bef60:24,0,elliptical,edge,test_id,self_only,41,0.9555561380728063,-0.78982817450284,2.045642233867547
25,0,47d3e5fd43f9c0f6c6654fd57652371b6cebc0bc594f3e8abe89317fd50bef60:25,0,elliptical,inside,test_id,self_only,41,0.0792378174408254,-0.013964188040485423,2.0835501074725364
25,1,47d3e5fd43f9c0f6c6654fd57652371b6cebc0bc594f3e8abe89317fd50bef60:25,0,elliptical,inside,test_id,self_only,41,-1.273098723377389,-0.7511820725512409,3.309133254527933
26,0,47d3e5fd43f9c0f6c6654fd57652371b6cebc0bc594f3e8abe89317fd50bef60:26,2,elliptical,outside,test_ood,self_only,41,-0.6909238261834804,1.3004609414029216,2.55701823341116
26,1,47d3e5fd43f9c0f6c6654fd57652371b6cebc0bc594f3e8abe89317fd50bef60:26,2,elliptical,outside,test_ood,self_only,41,-0.0820436788455668,1.4168967076230143,2.3177094189555807
27,0,47d3e5fd43f9c0f6c6654fd57652371b6cebc0bc594f3e8abe89317fd50bef60:27,1,circular,edge,test_id,self_only,41,0.07376148423989386,-0.15465349772690778,3.2406797218123415
27,1,47d3e5fd43f9c0f6c6654fd57652371b6cebc0bc594f3e8abe89317fd50bef60:27,1,circular,edge,test_id,self_only,41,0.16074804833968254,0.6942632265973187,2.4501421461949144
28,0,47d3e5fd43f9c0f6c6654fd57652371b6cebc0bc594f3e8abe89317fd50bef60:28,2,circular,inside,test_id,self_only,41,0.11645489803393454,-3.0886641673159505,1.3360922462352578
28,1,47d3e5fd43f9c0f6c6654fd57652371b6cebc0bc594f3e8abe89317fd50bef60:28,2,circular,inside,test_id,self_only,41,0.028739868317442838,-3.5826591185641194,1.8193785889617609
29,0,47d3e5fd43f9c0f6c6654fd57652371b6cebc0bc594f3e8abe89317fd50bef60:29,0,circular,inside,test_id,self_only,41,-0.7395687265054408,-0.3662106923174763,1.7196031546864592
29,1,47d3e5fd43f9c0f6c6654fd57652371b6cebc0bc594f3e8abe89317fd50bef60:29,0,circular,inside,test_id,self_only,41,-0.35584049054543404,0.57218856295825,2.6993523819806433
30,0,47d3e5fd43f9c0f6c6654fd57652371b6cebc0bc594f3e8abe89317fd50bef60:30,2,elliptical,edge,test_ood,self_only,41,3.8988268213613804,-1.5229558877062703,1.6782132891065098
30,1,47d3e5fd43f9c0f6c6654fd57652371b6cebc0bc594f3e8abe89317fd50bef60:30,2,elliptical,edge,test_ood,self_only,41,3.7397324877126987,-1.2866423062395955,1.3934640911551446
31,0,47d3e5fd43f9c0f6c6654fd57652371b6cebc0bc594f3e8abe89317fd50bef60:31,0,circular,outside,test_id,self_only,41,-0.403648005212945,-0.05564163693903927,4.684805435850294
31,1,47d3e5fd43f9c0f6c6654fd57652371b6cebc0bc594f3e8abe89317fd50bef60:31,0,circular,outside,test_id,self_only,41,-0.8896976871148768,0.18821915170432085,5.1614917204541095
32,0,47d3e5fd43f9c0f6c6654fd57652371b6cebc0bc594f3e8abe89317fd50bef60:32,2,circular,edge,test_id,self_only,41,-1.623399631466073,-1.1138321093630696,1.3996864146402128
32,1,47d3e5fd43f9c0f6c6654fd57652371b6cebc0bc594f3e8abe89317fd50bef60:32,2,circular,edge,test_id,self_only,41,-0.5997092885629359,-1.1108606986117269,2.4139184615753475
33,0,47d3e5fd43f9c0f6c6654fd57652371b6cebc0bc594f3e8abe89317fd50bef60:33,2,circular,edge,test_id,self_only,41,-1.232274667705697,-0.16468618133782392,2.8266172058117793
33,1,47d3e5fd43f9c0f6c6654fd57652371b6cebc0bc594f3e8abe89317fd50bef60:33,2,circular,edge,test_id,self_only,41,0.1472205953939733,-0.7085894874644184,3.558990680009864
34,0,47d3e5fd43f9c0f6c6654fd57652371b6cebc0bc594f3e8abe89317fd50bef60:34,0,elliptical,outside,test_id,self_only,41,0.07251479348977179,0.08409099957228656,3.6793834102622136
34,1,47d3e5fd43f9c0f6c6654fd57652371b6cebc0bc594f3e8abe89317fd50bef60:34,0,elliptical,outside,test_id,self_only,41,0.15767401329119773,-0.7890319756579304,3.9761089696563423
35,0,47d3e5fd43f9c0f6c6654fd57652371b6cebc0bc594f3e8abe89317fd50bef60:35,1,circular,inside,test_id,self_only,41,-0.20576428004662423,0.3378341861653423,2.2755180080314914
35,1,47d3e5fd43f9c0f6c6654fd57652371b6cebc0bc594f3e8abe89317fd50bef60:35,1,circular,inside,test_id,self_only,41,-0.09206427761475473,0.3470332690167522,2.2662797498785467
36,0,47d3e5fd43f9c0f6c6654fd57652371b6cebc0bc594f3e8abe89317fd50bef60:36,1,circular,edge,test_id,self_only,41,0.20252443722327323,-1.6399540833544637,1.5491503640850564
36,1,47d3e5fd43f9c0f6c6654fd57652371b6cebc0bc594f3e8abe89317fd50bef60:36,1,circular,edge,test_id,self_only,41,-0.08288852998177439,0.5193526216435528,3.5488103529682102
37,0,47d3e5fd43f9c0f6c6654fd57652371b6cebc0bc594f3e8abe89317fd50bef60:37,1,elliptical,inside,test_id,self_only,41,1.0749027567251501,-0.7403218082499409,2.3935889609935557
37,1,47d3e5fd43f9c0f6c6654fd57652371b6cebc0bc594f3e8abe89317fd50bef60:37,1,elliptical,inside,test_id,self_only,41,0.15227229020436378,-0.29318448224781996,3.358833838182711
38,0,47d3e5fd43f9c0f6c6654fd57652371b6cebc0bc594f3e8abe89317fd50bef60:38,2,elliptical,outside,test_ood,self_only,41,2.3572878675802524,-1.7235721282076741,2.037429225119885
38,1,47d3e5fd43f9c0f6c6654fd57652371b6cebc0bc594f3e8abe89317fd50bef60:38,2,elliptical,outside,test_ood,self_only,41,3.1221811609609897,-1.9594286612582112,1.7196429922599183
39,0,47d3e5fd43f9c0f6c6654fd57652371b6cebc0bc594f3e8abe89317fd50bef60:39,0,elliptical,outside,test_id,self_only,41,-0.4181424839154902,0.5443984337735271,3.489707564614074
39,1,47d3e5fd43f9c0f6c6654fd57652371b6cebc0bc594f3e8abe89317fd50bef60:39,0,elliptical,outside,test_id,self_only,41,0.745639844451743,0.13555095276118273,4.711991492316411
40,0,47d3e5fd43f9c0f6c6654fd57652371b6cebc0bc594f3e8abe89317fd50bef60:40,2,circular,edge,test_id,self_only,41,-1.4414879245416345,0.5337305136609173,2.818612809900026
40,1,47d3e5fd43f9c0f6c6654fd57652371b6cebc0bc594f3e8abe89317fd50bef60:40,2,circular,edge,test_id,self_only,41,-0.6597380799905482,0.43880212983370775,3.3833919171533626
41,0,47d3e5fd43f9c0f6c6654fd57652371b6cebc0bc594f3e8abe89317fd50bef60:41,2,circular,edge,test_id,self_only,41,-3.682224528278512,-1.5285216502261068,2.119310041703289
41,1,47d3e5fd43f9c0f6c6654fd57652371b6cebc0bc594f3e8abe89317fd50bef60:41,2,circular,edge,test_id,self_only,41,-3.592221037830514,-0.2618004910063649,0.9476283085283188
42,0,47d3e5fd43f9c0f6c6654fd57652371b6cebc0bc594f3e8abe89317fd50bef60:42,2,elliptical,edge,test_ood,self_only,41,0.3482283192022619,1.8299768038678264,2.8712177386516204
42,1,47d3e5fd43f9c0f6c6654fd57652371b6cebc0bc594f3e8abe89317fd50bef60:42,2,elliptical,edge,test_ood,self_only,41,0.9137759046896275,1.3561687537121867,2.632720890248795
43,0,47d3e5fd43f9c0f6c6654fd57652371b6cebc0bc594f3e8abe89317fd50bef60:43,1,elliptical,outside,test_id,self_only,41,1.8508388834341345,-0.6064162782740498,2.6505650753025782
43,1,47d3e5fd43f9c0f6c6654fd57652371b6cebc0bc594f3e8abe89317fd50bef60:43,1,elliptical,outside,test_id,self_only,41,1.8473770456655798,-1.5382612876009847,2.0719074553196797
44,0,47d3e5fd43f9c0f6c6654fd57652371b6cebc0bc594f3e8abe89317fd50bef60:44,2,elliptical,outside,test_ood,self_only,41,2.678566678081351,-1.2146671942782308,2.468359831919423
44,1,47d3e5fd43f9c0f6c6654fd57652371b6cebc0bc594f3e8abe89317fd50bef60:44,2,elliptical,outside,test_ood,self_only,41,2.2581627207144077,-0.918053501040926,2.7932906839487877
45,0,47d3e5fd43f9c0f6c6654fd57652371b6cebc0bc594f3e8abe89317fd50bef60:45,0,circular,inside,test_id,self_only,41,-0.36460362502495675,-0.11194676974534039,1.478321561005234
45,1,47d3e5fd43f9c0f6c6654fd57652371b6cebc0bc594f3e8abe89317fd50bef60:45,0,circular,inside,test_id,self_only,41,-0.8282553119317714,0.30296278676272387,1.6459597923462796
46,0,47d3e5fd43f9c0f6c6654fd57652371b6cebc0bc594f3e8abe89317fd50bef60:46,0,elliptical,inside,test_id,self_only,41,-0.8672220868722621,0.15514964541674608,2.725708458504447
46,1,47d3e5fd43f9c0f6c6654fd57652371b6cebc0bc594f3e8abe89317fd50bef60:46,0,elliptical,inside,test_id,self_only,41,0.619037015949088,-0.8860300711703205,3.290262672481263
47,0,47d3e5fd43f9c0f6c6654fd57652371b6cebc0bc594f3e8abe89317fd50bef60:47,2,elliptical,inside,test_ood,self_only,41,1.1821852760656653,-0.029629249812355082,1.3482918074430512
47,1,47d3e5fd43f9c0f6c6654fd57652371b6cebc0bc594f3e8abe89317fd50bef60:47,2,elliptical,inside,test_ood,self_only,41,0.09159068635542959,2.3564792939114665,1.5034169813744702
48,0,47d3e5fd43f9c0f6c6654fd57652371b6cebc0bc594f3e8abe89317fd50bef60:48,0,circular,edge,test_id,self_only,41,-0.012859673585099277,-0.2973505190920735,3.0162357408629137
48,1,47d3e5fd43f9c0f6c6654fd57652371b6cebc0bc594f3e8abe89317fd50bef60:48,0,circular,edge,test_id,self_only,41,-0.0785915864364329,-0.0199822604071999,3.0030110702628945
49,0,47d3e5fd43f9c0f6c6654fd57652371b6cebc0bc594f3e8abe89317fd50bef60:49,0,circular,inside,test_id,self_only,41,-0.30956031509797005,1.0842546292233561,1.232661679582672
49,1,47d3e5fd43f9c0f6c6654fd57652371b6cebc0bc594f3e8abe89317fd50bef60:49,0,circular,inside,test_id,self_only,41,0.5152304010732945,-0.780934565455904,3.0978798063669415
50,0,47d3e5fd43f9c0f6c6654fd57652371b6cebc0bc594f3e8abe89317fd50bef60:50,1,elliptical,edge,test_id,self_only,41,-1.5404753846780481,0.5258977480816937,2.477486751164143
50,1,47d3e5fd43f9c0f6c6654fd57652371b6cebc0bc594f3e8abe89317fd50bef60:50,1,elliptical,edge,test_id,self_only,41,-0.013273717250031528,-0.6501551798891926,3.9086222661870424
51,0,47d3e5fd43f9c0f6c6654fd57652371b6cebc0bc594f3e8abe89317fd50bef60:51,0,elliptical,edge,test_id,self_only,41,-1.4331004781381311,0.06356259366751667,4.467594915548492
51,1,47d3e5fd43f9c0f6c6654fd57652371b6cebc0bc594f3e8abe89317fd50bef60:51,0,elliptical,edge,test_id,self_only,41,0.3119605766876516,0.5585121580052471,2.8854906894249197
52,0,47d3e5fd43f9c0f6c6654fd57652371b6cebc0bc594f3e8abe89317fd50bef60:52,0,elliptical,edge,test_id,self_only,41,0.2593410151346502,-0.019368191004982035,4.128914985952218
52,1,47d3e5fd43f9c0f6c6654fd57652371b6cebc0bc594f3e8abe89317fd50bef60:52,0,elliptical,edge,test_id,self_only,41,1.0894062357290564,-0.5528809360575581,5.091040656950085
53,0,47d3e5fd43f9c0f6c6654fd57652371b6cebc0bc594f3e8abe89317fd50bef60:53,0,circular,outside,test_id,self_only,41,-0.3967457873479548,-0.22210908749817854,3.0704258941973155
53,1,47d3e5fd43f9c0f6c6654fd57652371b6cebc0bc594f3e8abe89317fd50bef60:53,0,circular,outside,test_id,self_only,41,-0.3431459529058161,-0.26529044726609236,3.1079429743712725
54,0,47d3e5fd43f9c0f6c6654fd57652371b6cebc0bc594f3e8abe89317fd50bef60:54,1,circular,inside,test_id,self_only,41,0.5260327296598729,0.043196379451761205,3.066982149075861
54,1,47d3e5fd43f9c0f6c6654fd57652371b6cebc0bc594f3e8abe89317fd50bef60:54,1,circular,inside,test_id,self_only,41,-0.4668216271058741,-0.8207364610743427,3.1863278102418637
55,0,47d3e5fd43f9c0f6c6654fd57652371b6cebc0bc594f3e8abe89317fd50bef60:55,2,circular,inside,test_id,self_only,41,0.8007696705206212,2.323711282818327,1.9802209236648964
55,1,47d3e5fd43f9c0f6c6654fd57652371b6cebc0bc594f3e8abe89317fd50bef60:55,2,circular,inside,test_id,self_only,41,0.4251009064062414,2.193150646297941,2.3393048014290514
56,0,47d3e5fd43f9c0f6c6654fd57652371b6cebc0bc594f3e8abe89317fd50bef60:56,2,circular,outside,test_id,self_only,41,3.5252191858633335,-1.5125172070574666,1.4737672858000697
56,1,47d3e5fd43f9c0f6c6654fd57652371b6cebc0bc594f3e8abe89317fd50bef60:56,2,circular,outside,test_id,self_only,41,4.021479352031546,-1.0196819833826924,1.211027776449645
57,0,47d3e5fd43f9c0f6c6654fd57652371b6cebc0bc594f3e8abe89317fd50bef60:57,1,elliptical,inside,test_id,self_only,41,1.4002555446966467,0.7504947253155804,1.3502708953568492
57,1,47d3e5fd43f9c0f6c6654fd57652371b6cebc0bc594f3e8abe89317fd50bef60:57,1,elliptical,inside,test_id,self_only,41,-1.4512951535836878,-0.5894126824450397,4.092568294248163
58,0,47d3e5fd43f9c0f6c6654fd57652371b6cebc0bc594f3e8abe89317fd50bef60:58,0,circular,edge,test_id,self_only,41,-0.9602143926278773,-0.3218861154627705,3.9629409506227202
58,1,47d3e5fd43f9c0f6c6654fd57652371b6cebc0bc594f3e8abe89317fd50bef60:58,0,circular,edge,test_id,self_only,41,-0.6959237022058192,0.26271495899439806,3.7217421655569614
59,0,47d3e5fd43f9c0f6c6654fd57652371b6cebc0bc594f3e8abe89317fd50bef60:59,1,elliptical,outside,test_id,self_only,41,0.5784188347204503,-0.2556867978882695,4.078566911560575
59,1,47d3e5fd43f9c0f6c6654fd57652371b6cebc0bc594f3e8abe89317fd50bef60:59,1,elliptical,outside,test_id,self_only,41,0.5010159449919042,0.40445966204882616,3.4298772085934477
60,0,47d3e5fd43f9c0f6c6654fd57652371b6cebc0bc594f3e8abe89317fd50bef60:60,2,circular,inside,test_id,self_only,41,-0.4206088645116511,0.886171466915617,1.883168130285043
60,1,47d3e5fd43f9c0f6c6654fd57652371b6cebc0bc594f3e8abe89317fd50bef60:60,2,circular,inside,test_id,self_only,41,-1.076185242618722,1.7425290413785075,0.8067943906370766
61,0,47d3e5fd43f9c0f6c6654fd57652371b6cebc0bc594f3e8abe89317fd50bef60:61,0,elliptical,outside,test_id,self_only,41,-0.5012566012994472,-0.11805803397416119,5.033622761838642
61,1,47d3e5fd43f9c0f6c6654fd57652371b6cebc0bc594f3e8abe89317fd50bef60:61,0,elliptical,outside,test_id,self_only,41,1.2585275011404333,-0.7918591431689167,4.731771993870974
62,0,47d3e5fd43f9c0f6c6654fd57652371b6cebc0bc594f3e8abe89317fd50bef60:62,1,circular,outside,test_id,self_only,41,0.6238857941969213,0.03056276520968433,3.0898226585479263
62,1,47d3e5fd43f9c0f6c6654fd57652371b6cebc0bc594f3e8abe89317fd50bef60:62,1,circular,outside,test_id,self_only,41,0.7970597582205113,-0.4261904291224385,2.800678939584805
63,0,47d3e5fd43f9c0f6c6654fd57652371b6cebc0bc594f3e8abe89317fd50bef60:63,2,circular,outside,test_id,self_only,41,-0.9811555308953944,0.38026631554842943,2.877568486041926
63,1,47d3e5fd43f9c0f6c6654fd57652371b6cebc0bc594f3e8abe89317fd50bef60:63,2,circular,outside,test_id,self_only,41,-1.8080825967446985,-0.48534571448086744,2.356576523641473
64,0,47d3e5fd43f9c0f6c6654fd57652371b6cebc0bc594f3e8abe89317fd50bef60:64,1,circular,inside,test_id,self_only,41,-0.23239107557694344,-0.3946715823721791,2.473745893637206
64,1,47d3e5fd43f9c0f6c6654fd57652371b6cebc0bc594f3e8abe89317fd50bef60:64,1,circular,inside,test_id,self_only,41,0.636851592574912,-1.3329592875552083,2.4462362434892713
65,0,47d3e5fd43f9c0f6c6654fd57652371b6cebc0bc594f3e8abe89317fd50bef60:65,2,elliptical,inside,test_ood,self_only,41,-3.070905463184518,3.1938725777554606,3.4216641028450994
65,1,47d3e5fd43f9c0f6c6654fd57652371b6cebc0bc594f3e8abe89317fd50bef60:65,2,elliptical,inside,test_ood,self_only,41,-2.207231776203317,2.7030938931393718,2.538050117646639
66,0,47d3e5fd43f9c0f6c6654fd57652371b6cebc0bc594f3e8abe89317fd50bef60:66,2,elliptical,edge,test_ood,self_only,41,4.062152846370536,-3.4537392787051107,2.94645422178075
66,1,47d3e5fd43f9c0f6c6654fd57652371b6cebc0bc594f3e8abe89317fd50bef60:66,2,elliptical,edge,test_ood,self_only,41,3.9617049532278354,-3.9902452162814046,2.9801877532426166
67,0,47d3e5fd43f9c0f6c6654fd57652371b6cebc0bc594f3e8abe89317fd50bef60:67,1,circular,outside,test_id,self_only,41,0.7801982598646459,-0.03916883909820561,3.9055775039277947
67,1,47d3e5fd43f9c0f6c6654fd57652371b6cebc0bc594f3e8abe89317fd50bef60:67,1,circular,outside,test_id,self_only,41,0.7434649901731786,0.8484263487744427,3.01887645058519
68,0,47d3e5fd43f9c0f6c6654fd57652371b6cebc0bc594f3e8abe89317fd50bef60:68,0,circular,outside,test_id,self_only,41,0.00010675064166158765,-0.07150155001996998,3.639815848442769
68,1,47d3e5fd43f9c0f6c6654fd57652371b6cebc0bc594f3e8abe89317fd50bef60:68,0,circular,outside,test_id,self_only,41,0.01673170796473593,-0.45209535279988294,3.261319784742346
69,0,47d3e5fd43f9c0f6c6654fd57652371b6cebc0bc594f3e8abe89317fd50bef60:69,1,elliptical,edge,test_id,self_only,41,0.9585324364050206,-1.0457594327044393,2.1293166811990556
69,1,47d3e5fd43f9c0f6c6654fd57652371b6cebc0bc594f3e8abe89317fd50bef60:69,1,elliptical,edge,test_id,self_only,41,-0.023577065552872714,-0.5971419147562885,3.2019963535032123
70,0,47d3e5fd43f9c0f6c6654fd57652371b6cebc0bc594f3e8abe89317fd50bef60:70,1,circular,edge,test_id,self_only,41,-0.3520322007791224,-0.5068634084772968,4.205568758702514
70,1,47d3e5fd43f9c0f6c6654fd57652371b6cebc0bc594f3e8abe89317fd50bef60:70,1,circular,edge,test_id,self_only,41,-0.1676696700708094,-0.19327280739068037,4.092228837238152
71,0,47d3e5fd43f9c0f6c6654fd57652371b6cebc0bc594f3e8abe89317fd50bef60:71,0,elliptical,inside,test_id,self_only,41,-0.042134196843308505,0.5644133754658794,3.3023183740151554
71,1,47d3e5fd43f9c0f6c6654fd57652371b6cebc0bc594f3e8abe89317fd50bef60:71,0,elliptical,inside,test_id,self_only,41,0.039992629204588834,-1.1140686205935384,1.6405737754406648
72,0,47d3e5fd43f9c0f6c6654fd57652371b6cebc0bc594f3e8abe89317fd50bef60:72,2,circular,inside,test_id,self_only,41,-0.9479674262658778,0.053953028528699834,1.34486496569096
72,1,47d3e5fd43f9c0f6c6654fd57652371b6cebc0bc594f3e8abe89317fd50bef60:72,2,circular,inside,test_id,self_only,41,0.1069763737066564,1.4785569973874186,0.751646928184671
73,0,47d3e5fd43f9c0f6c6654fd57652371b6cebc0bc594f3e8abe89317fd50bef60:73,2,elliptical,edge,test_ood,self_only,41,-0.3215775949613276,0.7779011794018841,3.759952443940075
73,1,47d3e5fd43f9c0f6c6654fd57652371b6cebc0bc594f3e8abe89317fd50bef60:73,2,elliptical,edge,test_ood,self_only,41,0.3487657146795568,1.1545308895993327,2.9980390262989016
74,0,47d3e5fd43f9c0f6c6654fd57652371b6cebc0bc594f3e8abe89317fd50bef60:74,1,elliptical,outside,test_id,self_only,41,0.6697786884649571,0.5638679929661846,3.6473881349238573
74,1,47d3e5fd43f9c0f6c6654fd57652371b6cebc0bc594f3e8abe89317fd50bef60:74,1,elliptical,outside,test_id,self_only,41,0.5050532060011205,0.9024636813092327,3.5078873588324218
75,0,47d3e5fd43f9c0f6c6654fd57652371b6cebc0bc594f3e8abe89317fd50bef60:75,0,circular,inside,test_id,self_only,41,0.295205457721549,0.39982075175524706,3.616627722311329
75,1,47d3e5fd43f9c0f6c6654fd57652371b6cebc0bc594f3e8abe89317fd50bef60:75,0,circular,inside,test_id,self_only,41,-1.223019377674264,-0.8541477850985432,3.624582061919429
76,0,47d3e5fd43f9c0f6c6654fd57652371b6cebc0bc594f3e8abe89317fd50bef60:76,1,elliptical,outside,test_id,self_only,41,-0.8000717920915309,0.09289986571551319,3.2835000432787718
76,1,47d3e5fd43f9c0f6c6654fd57652371b6cebc0bc594f3e8abe89317fd50bef60:76,1,elliptical,outside,test_id,self_only,41,-1.2834896011010828,-0.11855094948529248,2.766492938176171
77,0,47d3e5fd43f9c0f6c6654fd57652371b6cebc0bc594f3e8abe89317fd50bef60:77,2,circular,outside,test_id,self_only,41,-0.3320780856267634,-1.9240602187228109,2.208859640470483
77,1,47d3e5fd43f9c0f6c6654fd57652371b6cebc0bc594f3e8abe89317fd50bef60:77,2,circular,outside,test_id,self_only,41,0.4572935240610418,-1.7977088622164632,2.873742742391466
78,0,47d3e5fd43f9c0f6c6654fd57652371b6cebc0bc594f3e8abe89317fd50bef60:78,2,elliptical,outside,test_ood,self_only,41,-1.2618842286721887,-0.05072130331515316,3.601425447721787
78,1,47d3e5fd43f9c0f6c6654fd57652371b6cebc0bc594f3e8abe89317fd50bef60:78,2,elliptical,outside,test_ood,self_only,41,-0.21038107701699166,-0.1935505352330113,4.257160594529392
79,0,47d3e5fd43f9c0f6c6654fd57652371b6cebc0bc594f3e8abe89317fd50bef60:79,0,elliptical,outside,test_id,self_only,41,-1.1730802220956507,0.05244236370802875,3.192746018336343
79,1,47d3e5fd43f9c0f6c6654fd57652371b6cebc0bc594f3e8abe89317fd50bef60:79,0,elliptical,outside,test_id,self_only,41,0.8037720756872472,-0.3237186006617451,5.085839410117865
80,0,47d3e5fd43f9c0f6c6654fd57652371b6cebc0bc594f3e8abe89317fd50bef60:80,0,elliptical,inside,test_id,self_only,41,-0.2137325865880671,0.29069984635592455,2.382572958499108
80,1,47d3e5fd43f9c0f6c6654fd57652371b6cebc0bc594f3e8abe89317fd50bef60:80,0,elliptical,inside,test_id,self_only,41,0.14742086700041862,-0.6495835713457966,1.4934719472518738
81,0,47d3e5fd43f9c0f6c6654fd57652371b6cebc0bc594f3e8abe89317fd50bef60:81,2,circular,edge,test_id,self_only,41,3.2069473104818638,-2.0005108050417806,0.234816179526651
81,1,47d3e5fd43f9c0f6c6654fd57652371b6cebc0bc594f3e8abe89317fd50bef60:81,2,circular,edge,test_id,self_only,41,2.75665210059722,-2.4354606799197103,0.4052031632984808
82,0,47d3e5fd43f9c0f6c6654fd57652371b6cebc0bc594f3e8abe89317fd50bef60:82,1,circular,edge,test_id,self_only,41,0.1449501725180921,-0.887352817447176,4.232079731572756
82,1,47d3e5fd43f9c0f6c6654fd57652371b6cebc0bc594f3e8abe89317fd50bef60:82,1,circular,edge,test_id,self_only,41,0.28544990590651603,0.19644128462553972,3.7215769978227264
83,0,47d3e5fd43f9c0f6c6654fd57652371b6cebc0bc594f3e8abe89317fd50bef60:83,0,elliptical,outside,test_id,self_only,41,0.5933539705618199,-0.7994154624056721,4.288187224603393
83,1,47d3e5fd43f9c0f6c6654fd57652371b6cebc0bc594f3e8abe89317fd50bef60:83,0,elliptical,outside,test_id,self_only,41,-0.8363088531152431,-0.7616137198519611,2.860639289031901
84,0,47d3e5fd43f9c0f6c6654fd57652371b6cebc0bc594f3e8abe89317fd50bef60:84,1,elliptical,inside,test_id,self_only,41,-1.6317026776925745,0.4360399909901714,2.936828733496394
84,1,47d3e5fd43f9c0f6c6654fd57652371b6cebc0bc594f3e8abe89317fd50bef60:84,1,elliptical,inside,test_id,self_only,41,-0.10189435013691812,-0.552964263350954,2.124425738486155
85,0,47d3e5fd43f9c0f6c6654fd57652371b6cebc0bc594f3e8abe89317fd50bef60:85,2,elliptical,edge,test_ood,self_only,41,1.212934597049552,-0.29175233164547926,2.7299104487558687
85,1,47d3e5fd43f9c0f6c6654fd57652371b6cebc0bc594f3e8abe89317fd50bef60:85,2,elliptical,edge,test_ood,self_only,41,-0.8808373970643703,0.551919586269865,3.9598656770948413
86,0,47d3e5fd43f9c0f6c6654fd57652371b6cebc0bc594f3e8abe89317fd50bef60:86,2,elliptical,outside,test_ood,self_only,41,0.5714094477041539,1.0092232294964885,2.7787496391132223
86,1,47d3e5fd43f9c0f6c6654fd57652371b6cebc0bc594f3e8abe89317fd50bef60:86,2,elliptical,outside,test_ood,self_only,41,-0.626224534000558,3.2252184220242595,2.8238112287714117
87,0,47d3e5fd43f9c0f6c6654fd57652371b6cebc0bc594f3e8abe89317fd50bef60:87,1,circular,inside,test_id,self_only,41,-0.13211998471180825,0.2649249204087352,0.6732891414293273
87,1,47d3e5fd43f9c0f6c6654fd57652371b6cebc0bc594f3e8abe89317fd50bef60:87,1,circular,inside,test_id,self_only,41,-0.8026648921624843,0.6071515746998882,1.4163451787127075
88,0,47d3e5fd43f9c0f6c6654fd57652371b6cebc0bc594f3e8abe89317fd50bef60:88,0,elliptical,edge,test_id,self_only,41,-0.5192748469964686,-0.21654034474610334,3.608992776015334
88,1,47d3e5fd43f9c0f6c6654fd57652371b6cebc0bc594f3e8abe89317fd50bef60:88,0,elliptical,edge,test_id,self_only,41,-0.48800970741669564,-0.0557958527815247,3.7536837983428644
89,0,47d3e5fd43f9c0f6c6654fd57652371b6cebc0bc594f3e8abe89317fd50bef60:89,2,elliptical,inside,test_ood,self_only,41,-5.3976090116159146,4.308088905422697,5.090288774814805
89,1,47d3e5fd43f9c0f6c6654fd57652371b6cebc0bc594f3e8abe89317fd50bef60:89,2,elliptical,inside,test_ood,self_only,41,-4.440435187305612,4.569421894161711,4.717906359237445
90,0,47d3e5fd43f9c0f6c6654fd57652371b6cebc0bc594f3e8abe89317fd50bef60:90,1,elliptical,inside,test_id,self_only,41,1.1571081714971838,-0.4290271035742665,3.8892419770519018
90,1,47d3e5fd43f9c0f6c6654fd57652371b6cebc0bc594f3e8abe89317fd50bef60:90,1,elliptical,inside,test_id,self_only,41,-0.264098958458108,0.34395468911410326,2.2718856314545723
91,0,47d3e5fd43f9c0f6c6654fd57652371b6cebc0bc594f3e8abe89317fd50bef60:91,0,circular,edge,test_id,self_only,41,-1.3346461219445886,0.9539008208203411,2.060817565640208
91,1,47d3e5fd43f9c0f6c6654fd57652371b6cebc0bc594f3e8abe89317fd50bef60:91,0,circular,edge,test_id,self_only,41,0.08422614506323904,-0.3000958196234608,3.6962097161763516
92,0,47d3e5fd43f9c0f6c6654fd57652371b6cebc0bc594f3e8abe89317fd50bef60:92,2,circular,inside,test_id,self_only,41,1.2565584020956335,1.2021232911038493,0.6624948336781756
92,1,47d3e5fd43f9c0f6c6654fd57652371b6cebc0bc594f3e8abe89317fd50bef60:92,2,circular,inside,test_id,self_only,41,0.7948143916471776,1.084134704678068,1.1271942173853173
93,0,47d3e5fd43f9c0f6c6654fd57652371b6cebc0bc594f3e8abe89317fd50bef60:93,0,elliptical,edge,test_id,self_only,41,0.20973677805502983,-0.19478655675171858,3.43313418645641
93,1,47d3e5fd43f9c0f6c6654fd57652371b6cebc0bc594f3e8abe89317fd50bef60:93,0,elliptical,edge,test_id,self_only,41,0.6514866786344823,0.035408563225278814,3.9282553648540715
94,0,47d3e5fd43f9c0f6c6654fd57652371b6cebc0bc594f3e8abe89317fd50bef60:94,1,circular,edge,test_id,self_only,41,-0.16589225956360726,0.3925637372422313,3.4685069584122865
94,1,47d3e5fd43f9c0f6c6654fd57652371b6cebc0bc594f3e8abe89317fd50bef60:94,1,circular,edge,test_id,self_only,41,-0.8290056748048488,-0.4956656626772786,2.4389231927371333
95,0,47d3e5fd43f9c0f6c6654fd57652371b6cebc0bc594f3e8abe89317fd50bef60:95,0,circular,inside,test_id,self_only,41,0.4074199633940038,0.48106098851443285,2.19206291482069
95,1,47d3e5fd43f9c0f6c6654fd57652371b6cebc0bc594f3e8abe89317fd50bef60:95,0,circular,inside,test_id,self_only,41,-0.04059004911343485,-0.1896120689225102,2.941269479114788
96,0,47d3e5fd43f9c0f6c6654fd57652371b6cebc0bc594f3e8abe89317fd50bef60:96,0,circular,outside,test_id,self_only,41,-0.04744430014054209,-0.05288927698253636,4.381032369688244
96,1,47d3e5fd43f9c0f6c6654fd57652371b6cebc0bc594f3e8abe89317fd50bef60:96,0,circular,outside,test_id,self_only,41,-0.17675945290486245,0.5279293127942181,4.837736282857275
97,0,47d3e5fd43f9c0f6c6654fd57652371b6cebc0bc594f3e8abe89317fd50bef60:97,1,circular,outside,test_id,self_only,41,-0.025289968933266696,-0.16876085916279798,4.235410372154184
97,1,47d3e5fd43f9c0f6c6654fd57652371b6cebc0bc594f3e8abe89317fd50bef60:97,1,circular,outside,test_id,self_only,41,-0.39852409192482857,-0.12727154860018736,4.0902464148343105
98,0,47d3e5fd43f9c0f6c6654fd57652371b6cebc0bc594f3e8abe89317fd50bef60:98,1,elliptical,edge,test_id,self_only,41,-0.9874211711541835,-0.4549093774866963,2.577590790479487
98,1,47d3e5fd43f9c0f6c6654fd57652371b6cebc0bc594f3e8abe89317fd50bef60:98,1,elliptical,edge,test_id,self_only,41,0.5586751239641484,-0.3891308538031483,3.2611723357065556
99,0,47d3e5fd43f9c0f6c6654fd57652371b6cebc0bc594f3e8abe89317fd50bef60:99,2,circular,edge,test_id,self_only,41,-1.151526228870553,-0.7838810614657307,2.8573524744819694
99,1,47d3e5fd43f9c0f6c6654fd57652371b6cebc0bc594f3e8abe89317fd50bef60:99,2,circular,edge,test_id,self_only,41,-2.2222592992440884,-0.6779859594416523,2.4349472093347884
100,0,47d3e5fd43f9c0f6c6654fd57652371b6cebc0bc594f3e8abe89317fd50bef60:100,0,circular,outside,test_id,self_only,41,1.4724098282202063,0.1723080196070766,3.3028036843821287
100,1,47d3e5fd43f9c0f6c6654fd57652371b6cebc0bc594f3e8abe89317fd50bef60:100,0,circular,outside,test_id,self_only,41,-1.5878149432794275,0.2517198689866161,4.749447995504864
101,0,47d3e5fd43f9c0f6c6654fd57652371b6cebc0bc594f3e8abe89317fd50bef60:101,1,elliptical,edge,test_id,self_only,41,1.1588294344290075,0.08025748214007374,1.8452439095593778
101,1,47d3e5fd43f9c0f6c6654fd57652371b6cebc0bc594f3e8abe89317fd50bef60:101,1,elliptical,edge,test_id,self_only,41,-0.31290032097260384,0.1834761866021251,3.312956662322131
102,0,47d3e5fd43f9c0f6c6654fd57652371b6cebc0bc594f3e8abe89317fd50bef60:102,0,circular,edge,test_id,self_only,41,-0.6547872585908595,-0.07400463217615132,4.731257340267557
102,1,47d3e5fd43f9c0f6c6654fd57652371b6cebc0bc594f3e8abe89317fd50bef60:102,0,circular,edge,test_id,self_only,41,0.11938641837676138,0.011756542383441884,4.110413720878432
103,0,47d3e5fd43f9c0f6c6654fd57652371b6cebc0bc594f3e8abe89317fd50bef60:103,2,circular,outside,test_id,self_only,41,2.543421013866263,1.4076042242932414,1.2025884739098793
103,1,47d3e5fd43f9c0f6c6654fd57652371b6cebc0bc594f3e8abe89317fd50bef60:103,2,circular,outside,test_id,self_only,41,1.9715393619879065,1.1739884682583903,1.819649998934678
104,0,47d3e5fd43f9c0f6c6654fd57652371b6cebc0bc594f3e8abe89317fd50bef60:104,2,elliptical,inside,test_ood,self_only,41,0.441729112182456,-1.0817736319613362,1.230433545526016
104,1,47d3e5fd43f9c0f6c6654fd57652371b6cebc0bc594f3e8abe89317fd50bef60:104,2,elliptical,inside,test_ood,self_only,41,0.7245714502676305,-1.569070690066805,0.7912545686771201
105,0,47d3e5fd43f9c0f6c6654fd57652371b6cebc0bc594f3e8abe89317fd50bef60:105,0,elliptical,inside,test_id,self_only,41,0.48136089614470573,0.5603445239949322,2.751975852272107
105,1,47d3e5fd43f9c0f6c6654fd57652371b6cebc0bc594f3e8abe89317fd50bef60:105,0,elliptical,inside,test_id,self_only,41,0.5460515456541356,-0.1387593529534245,3.245460421989301
106,0,47d3e5fd43f9c0f6c6654fd57652371b6cebc0bc594f3e8abe89317fd50bef60:106,1,circular,outside,test_id,self_only,41,0.8188080625875768,0.07054819843054767,4.109571475515472
106,1,47d3e5fd43f9c0f6c6654fd57652371b6cebc0bc594f3e8abe89317fd50bef60:106,1,circular,outside,test_id,self_only,41,-0.278635935272378,-0.4288456074309254,4.125269721428122
107,0,47d3e5fd43f9c0f6c6654fd57652371b6cebc0bc594f3e8abe89317fd50bef60:107,1,circular,inside,test_id,self_only,41,-0.6514029664651576,-0.20646391132592207,3.679149175115449
107,1,47d3e5fd43f9c0f6c6654fd57652371b6cebc0bc594f3e8abe89317fd50bef60:107,1,circular,inside,test_id,self_only,41,0.9858901338918981,-0.020193372608413737,2.6781510477772326
108,0,47d3e5fd43f9c0f6c6654fd57652371b6cebc0bc594f3e8abe89317fd50bef60:108,1,circular,outside,test_id,self_only,41,0.6890996532781896,0.11707519671202656,3.5142546833573363
108,1,47d3e5fd43f9c0f6c6654fd57652371b6cebc0bc594f3e8abe89317fd50bef60:108,1,circular,outside,test_id,self_only,41,1.087123377834159,-0.22466316142796522,3.860496697644228
109,0,47d3e5fd43f9c0f6c6654fd57652371b6cebc0bc594f3e8abe89317fd50bef60:109,2,circular,inside,test_id,self_only,41,-2.9713728589669888,0.5006417103695965,1.2874069453488006
109,1,47d3e5fd43f9c0f6c6654fd57652371b6cebc0bc594f3e8abe89317fd50bef60:109,2,circular,inside,test_id,self_only,41,-2.786868349994821,0.5876025625157452,1.127666833385189
110,0,47d3e5fd43f9c0f6c6654fd57652371b6cebc0bc594f3e8abe89317fd50bef60:110,2,elliptical,edge,test_ood,self_only,41,-0.32864110299508004,0.7944245406079388,3.179901865260775
110,1,47d3e5fd43f9c0f6c6654fd57652371b6cebc0bc594f3e8abe89317fd50bef60:110,2,elliptical,edge,test_ood,self_only,41,-2.124205367054147,0.8434447117734051,2.212661259648282
111,0,47d3e5fd43f9c0f6c6654fd57652371b6cebc0bc594f3e8abe89317fd50bef60:111,1,elliptical,outside,test_id,self_only,41,0.7818916874273595,-0.45997976580380445,5.784457697284777
111,1,47d3e5fd43f9c0f6c6654fd57652371b6cebc0bc594f3e8abe89317fd50bef60:111,1,elliptical,outside,test_id,self_only,41,0.4573755996568975,-0.18712449887513166,5.366759122917912
112,0,47d3e5fd43f9c0f6c6654fd57652371b6cebc0bc594f3e8abe89317fd50bef60:112,1,elliptical,edge,test_id,self_only,41,-0.2813560826436701,0.4101264544415569,4.135356932011668
112,1,47d3e5fd43f9c0f6c6654fd57652371b6cebc0bc594f3e8abe89317fd50bef60:112,1,elliptical,edge,test_id,self_only,41,-0.9972096843377772,-0.13084525683640486,5.032610003109145
113,0,47d3e5fd43f9c0f6c6654fd57652371b6cebc0bc594f3e8abe89317fd50bef60:113,0,elliptical,outside,test_id,self_only,41,-0.01237477489869028,-0.5747758082461262,4.004326804199171
113,1,47d3e5fd43f9c0f6c6654fd57652371b6cebc0bc594f3e8abe89317fd50bef60:113,0,elliptical,outside,test_id,self_only,41,-1.1404667062417688,-0.22345785120247846,5.1754350150523205
114,0,47d3e5fd43f9c0f6c6654fd57652371b6cebc0bc594f3e8abe89317fd50bef60:114,1,elliptical,inside,test_id,self_only,41,-0.24334474035660653,1.013481742947111,0.7791837230049203
114,1,47d3e5fd43f9c0f6c6654fd57652371b6cebc0bc594f3e8abe89317fd50bef60:114,1,elliptical,inside,test_id,self_only,41,0.4062480466707525,-0.24066517570733076,0.8103667274455074
115,0,47d3e5fd43f9c0f6c6654fd57652371b6cebc0bc594f3e8abe89317fd50bef60:115,2,circular,outside,test_id,self_only,41,-2.717258231128854,-0.3694264821123982,2.4757210437614
115,1,47d3e5fd43f9c0f6c6654fd57652371b6cebc0bc594f3e8abe89317fd50bef60:115,2,circular,outside,test_id,self_only,41,-2.166752116169137,-1.4586912325930501,1.970381393505629
116,0,47d3e5fd43f9c0f6c6654fd57652371b6cebc0bc594f3e8abe89317fd50bef60:116,1,elliptical,outside,test_id,self_only,41,0.15927511325915428,-0.14009107717989927,4.072380399367971
116,1,47d3e5fd43f9c0f6c6654fd57652371b6cebc0bc594f3e8abe89317fd50bef60:116,1,elliptical,outside,test_id,self_only,41,0.14648271969397636,0.3305564590382671,4.061797369404396
117,0,47d3e5fd43f9c0f6c6654fd57652371b6cebc0bc594f3e8abe89317fd50bef60:117,0,elliptical,edge,test_id,self_only,41,-0.06233614810864359,-0.18530852416275984,4.270533359887879
117,1,47d3e5fd43f9c0f6c6654fd57652371b6cebc0bc594f3e8abe89317fd50bef60:117,0,elliptical,edge,test_id,self_only,41,1.0122052269323645,-0.45291449943303114,3.8801320434713245
118,0,47d3e5fd43f9c0f6c6654fd57652371b6cebc0bc594f3e8abe89317fd50bef60:118,1,circular,inside,test_id,self_only,41,-0.4114208681241694,-0.7122732333254719,3.568381005796853
118,1,47d3e5fd43f9c0f6c6654fd57652371b6cebc0bc594f3e8abe89317fd50bef60:118,1,circular,inside,test_id,self_only,41,0.5155806081636723,-0.3219420842242146,3.598257000461165
119,0,47d3e5fd43f9c0f6c6654fd57652371b6cebc0bc594f3e8abe89317fd50bef60:119,2,elliptical,outside,test_ood,self_only,41,-1.5609281224862757,3.2308803864407634,1.7007935154366147
119,1,47d3e5fd43f9c0f6c6654fd57652371b6cebc0bc594f3e8abe89317fd50bef60:119,2,elliptical,outside,test_ood,self_only,41,-0.7569224996225062,2.641540891735563,1.3330398115178115
120,0,47d3e5fd43f9c0f6c6654fd57652371b6cebc0bc594f3e8abe89317fd50bef60:120,0,circular,inside,test_id,self_only,41,0.5421087580068883,0.14243448457003588,4.348616688883939
120,1,47d3e5fd43f9c0f6c6654fd57652371b6cebc0bc594f3e8abe89317fd50bef60:120,0,circular,inside,test_id,self_only,41,0.23453467956622215,-0.9886497191500568,3.4289460565877277
121,0,47d3e5fd43f9c0f6c6654fd57652371b6cebc0bc594f3e8abe89317fd50bef60:121,0,circular,outside,test_id,self_only,41,-0.15807013341347603,0.09166962584734913,4.429726239405982
121,1,47d3e5fd43f9c0f6c6654fd57652371b6cebc0bc594f3e8abe89317fd50bef60:121,0,circular,outside,test_id,self_only,41,-1.4831708831445398,-0.0414927943956757,5.489756605650647
122,0,47d3e5fd43f9c0f6c6654fd57652371b6cebc0bc594f3e8abe89317fd50bef60:122,0,circular,edge,test_id,self_only,41,-0.9070165319101039,-0.3684376112532521,3.1622971375897184
122,1,47d3e5fd43f9c0f6c6654fd57652371b6cebc0bc594f3e8abe89317fd50bef60:122,0,circular,edge,test_id,self_only,41,1.6186103659017859,-0.8573154143404865,4.7856672179954876
123,0,47d3e5fd43f9c0f6c6654fd57652371b6cebc0bc594f3e8abe89317fd50bef60:123,0,circular,edge,test_id,self_only,41,-0.296056704010171,-0.930725448520174,3.6270838553721756
123,1,47d3e5fd43f9c0f6c6654fd57652371b6cebc0bc594f3e8abe89317fd50bef60:123,0,circular,edge,test_id,self_only,41,-0.6137246055261317,-0.5984495810580158,4.078578026250174
124,0,47d3e5fd43f9c0f6c6654fd57652371b6cebc0bc594f3e8abe89317fd50bef60:124,0,circular,outside,test_id,self_only,41,0.9522195892675694,-0.1500481970024014,5.131163354259763
124,1,47d3e5fd43f9c0f6c6654fd57652371b6cebc0bc594f3e8abe89317fd50bef60:124,0,circular,outside,test_id,self_only,41,0.8852492409094151,-0.19942122021435743,5.048209384722615
125,0,47d3e5fd43f9c0f6c6654fd57652371b6cebc0bc594f3e8abe89317fd50bef60:125,2,circular,inside,test_id,self_only,41,1.3874220686300573,-0.4979435137820149,1.4715307684545784
125,1,47d3e5fd43f9c0f6c6654fd57652371b6cebc0bc594f3e8abe89317fd50bef60:125,2,circular,inside,test_id,self_only,41,0.5724298196180638,-1.0893326930117513,1.537895376422124
126,0,47d3e5fd43f9c0f6c6654fd57652371b6cebc0bc594f3e8abe89317fd50bef60:126,2,circular,edge,test_id,self_only,41,-2.031580225910348,-3.5773023299288655,1.7173202878764648
126,1,47d3e5fd43f9c0f6c6654fd57652371b6cebc0bc594f3e8abe89317fd50bef60:126,2,circular,edge,test_id,self_only,41,-0.2945240301744166,-3.0642825297427083,2.852891562950922
127,0,47d3e5fd43f9c0f6c6654fd57652371b6cebc0bc594f3e8abe89317fd50bef60:127,0,elliptical,outside,test_id,self_only,41,0.2835677849396047,-0.3204312554907704,3.9287304375404886
127,1,47d3e5fd43f9c0f6c6654fd57652371b6cebc0bc594f3e8abe89317fd50bef60:127,0,elliptical,outside,test_id,self_only,41,-0.38485975691239266,-0.07963400775312428,3.5575954183310325
128,0,47d3e5fd43f9c0f6c6654fd57652371b6cebc0bc594f3e8abe89317fd50bef60:128,0,elliptical,inside,test_id,self_only,41,-0.7399244470254603,0.8230575390744305,4.438191190955407
128,1,47d3e5fd43f9c0f6c6654fd57652371b6cebc0bc594f3e8abe89317fd50bef60:128,0,elliptical,inside,test_id,self_only,41,-0.271176652397317,-0.2929307750773335,3.3331125979553677
129,0,47d3e5fd43f9c0f6c6654fd57652371b6cebc0bc594f3e8abe89317fd50bef60:129,0,circular,inside,test_id,self_only,41,-0.21474410721222786,-0.31596558609723097,3.082274636783794
129,1,47d3e5fd43f9c0f6c6654fd57652371b6cebc0bc594f3e8abe89317fd50bef60:129,0,circular,inside,test_id,self_only,41,-0.6513354344026271,0.4546800919461345,3.3710914586386482
130,0,47d3e5fd43f9c0f6c6654fd57652371b6cebc0bc594f3e8abe89317fd50bef60:130,1,circular,edge,test_id,self_only,41,0.9031994181021031,-0.39029385963200575,3.9931015363281332
130,1,47d3e5fd43f9c0f6c6654fd57652371b6cebc0bc594f3e8abe89317fd50bef60:130,1,circular,edge,test_id,self_only,41,-0.7418409747735683,-0.2920622459959889,2.446294409142524
131,0,47d3e5fd43f9c0f6c6654fd57652371b6cebc0bc594f3e8abe89317fd50bef60:131,2,circular,edge,test_id,self_only,41,4.4207622843130405,-5.18759953299283,3.2564623375507114
131,1,47d3e5fd43f9c0f6c6654fd57652371b6cebc0bc594f3e8abe89317fd50bef60:131,2,circular,edge,test_id,self_only,41,4.3750140505178745,-4.691275470645418,2.9087365651634016
132,0,47d3e5fd43f9c0f6c6654fd57652371b6cebc0bc594f3e8abe89317fd50bef60:132,2,circular,outside,test_id,self_only,41,0.2320297198637304,-0.30846511641263014,4.522916076259579
132,1,47d3e5fd43f9c0f6c6654fd57652371b6cebc0bc594f3e8abe89317fd50bef60:132,2,circular,outside,test_id,self_only,41,0.3109268086298284,0.026492289512166936,4.232303886171524
133,0,47d3e5fd43f9c0f6c6654fd57652371b6cebc0bc594f3e8abe89317fd50bef60:133,2,elliptical,inside,test_ood,self_only,41,2.4236733751638706,-2.691153161914339,0.4542891633648971
133,1,47d3e5fd43f9c0f6c6654fd57652371b6cebc0bc594f3e8abe89317fd50bef60:133,2,elliptical,inside,test_ood,self_only,41,1.7878395157202063,-2.9951847724032308,0.28115849683806116
134,0,47d3e5fd43f9c0f6c6654fd57652371b6cebc0bc594f3e8abe89317fd50bef60:134,1,elliptical,edge,test_id,self_only,41,-0.8494128150598231,0.4863687821316814,2.4345589856562024
134,1,47d3e5fd43f9c0f6c6654fd57652371b6cebc0bc594f3e8abe89317fd50bef60:134,1,elliptical,edge,test_id,self_only,41,-0.28507165738503365,-0.2201725474905873,3.28397961359834
135,0,47d3e5fd43f9c0f6c6654fd57652371b6cebc0bc594f3e8abe89317fd50bef60:135,1,circular,inside,test_id,self_only,41,0.7921975093229588,-0.41403221407650953,1.2744931199430976
135,1,47d3e5fd43f9c0f6c6654fd57652371b6cebc0bc594f3e8abe89317fd50bef60:135,1,circular,inside,test_id,self_only,41,-0.09754684695164591,0.4461336799550151,1.5471178462052133
136,0,47d3e5fd43f9c0f6c6654fd57652371b6cebc0bc594f3e8abe89317fd50bef60:136,2,elliptical,inside,test_ood,self_only,41,-3.149300353016061,2.3567167588162516,2.638154348157184
136,1,47d3e5fd43f9c0f6c6654fd57652371b6cebc0bc594f3e8abe89317fd50bef60:136,2,elliptical,inside,test_ood,self_only,41,-2.561560170139474,2.609851486294279,2.480048116114747
137,0,47d3e5fd43f9c0f6c6654fd57652371b6cebc0bc594f3e8abe89317fd50bef60:137,0,elliptical,inside,test_id,self_only,41,-0.5103556079522792,-0.2140629223894978,3.6114896066625453
137,1,47d3e5fd43f9c0f6c6654fd57652371b6cebc0bc594f3e8abe89317fd50bef60:137,0,elliptical,inside,test_id,self_only,41,-0.07340030499855905,0.7935732670712566,3.0186758831882683
138,0,47d3e5fd43f9c0f6c6654fd57652371b6cebc0bc594f3e8abe89317fd50bef60:138,1,elliptical,inside,test_id,self_only,41,1.2031277256353674,-0.6408867768359089,1.2140582950426702
138,1,47d3e5fd43f9c0f6c6654fd57652371b6cebc0bc594f3e8abe89317fd50bef60:138,1,elliptical,inside,test_id,self_only,41,-0.12429718800942331,-0.09660044381140713,2.6486768671124965
139,0,47d3e5fd43f9c0f6c6654fd57652371b6cebc0bc594f3e8abe89317fd50bef60:139,1,circular,outside,test_id,self_only,41,0.9021372633322057,-0.06787643277763371,5.3670679023572125
139,1,47d3e5fd43f9c0f6c6654fd57652371b6cebc0bc594f3e8abe89317fd50bef60:139,1,circular,outside,test_id,self_only,41,-0.2837832135812464,-0.04137806290506367,4.323351943270384
140,0,47d3e5fd43f9c0f6c6654fd57652371b6cebc0bc594f3e8abe89317fd50bef60:140,2,elliptical,edge,test_ood,self_only,41,2.69255994132598,-0.9292254380297565,0.33007435905522287
140,1,47d3e5fd43f9c0f6c6654fd57652371b6cebc0bc594f3e8abe89317fd50bef60:140,2,elliptical,edge,test_ood,self_only,41,1.9956492023809729,-0.49612131038426405,1.0519873098358037
141,0,47d3e5fd43f9c0f6c6654fd57652371b6cebc0bc594f3e8abe89317fd50bef60:141,2,elliptical,outside,test_ood,self_only,41,-1.689132348980111,-1.2441450289797689,2.0795473930291557
141,1,47d3e5fd43f9c0f6c6654fd57652371b6cebc0bc594f3e8abe89317fd50bef60:141,2,elliptical,outside,test_ood,self_only,41,-1.5097916288034143,-1.1554609469485189,2.1334633058160137
142,0,47d3e5fd43f9c0f6c6654fd57652371b6cebc0bc594f3e8abe89317fd50bef60:142,1,circular,edge,test_id,self_only,41,0.9951426821096715,-0.12767800012349134,3.532603338538147
142,1,47d3e5fd43f9c0f6c6654fd57652371b6cebc0bc594f3e8abe89317fd50bef60:142,1,circular,edge,test_id,self_only,41,1.425395591770011,-0.8114010027956867,4.338428241910626
143,0,47d3e5fd43f9c0f6c6654fd57652371b6cebc0bc594f3e8abe89317fd50bef60:143,0,elliptical,edge,test_id,self_only,41,0.18202838173945518,-0.04115010866641049,4.05789850307108
143,1,47d3e5fd43f9c0f6c6654fd57652371b6cebc0bc594f3e8abe89317fd50bef60:143,0,elliptical,edge,test_id,self_only,41,-1.8523136539117517,-0.20991290429352766,5.561801001460673
144,0,47d3e5fd43f9c0f6c6654fd57652371b6cebc0bc594f3e8abe89317fd50bef60:144,2,circular,outside,test_id,self_only,41,-0.6839493078843776,-0.10822049597023968,3.5008021035996455
144,1,47d3e5fd43f9c0f6c6654fd57652371b6cebc0bc594f3e8abe89317fd50bef60:144,2,circular,outside,test_id,self_only,41,-0.28888879844109444,-0.32601540604352003,3.950536333186127
145,0,47d3e5fd43f9c0f6c6654fd57652371b6cebc0bc594f3e8abe89317fd50bef60:145,0,circular,inside,test_id,self_only,41,0.553821487937766,-0.43793129244565016,1.543760400472357
145,1,47d3e5fd43f9c0f6c6654fd57652371b6cebc0bc594f3e8abe89317fd50bef60:145,0,circular,inside,test_id,self_only,41,0.3808045821531591,-0.8620732359003925,1.963228274930928
146,0,47d3e5fd43f9c0f6c6654fd57652371b6cebc0bc594f3e8abe89317fd50bef60:146,1,circular,edge,test_id,self_only,41,1.3843017654760656,-0.5150620273661518,1.6175172265937168
146,1,47d3e5fd43f9c0f6c6654fd57652371b6cebc0bc594f3e8abe89317fd50bef60:146,1,circular,edge,test_id,self_only,41,0.7354355888708409,-0.7695181898188496,2.288647865010676
147,0,47d3e5fd43f9c0f6c6654fd57652371b6cebc0bc594f3e8abe89317fd50bef60:147,0,elliptical,inside,test_id,self_only,41,1.8286613064153967,-0.3277596167635823,2.067272652637825
147,1,47d3e5fd43f9c0f6c6654fd57652371b6cebc0bc594f3e8abe89317fd50bef60:147,0,elliptical,inside,test_id,self_only,41,-1.1495551032678308,0.2753900953221416,3.495878840577499
148,0,47d3e5fd43f9c0f6c6654fd57652371b6cebc0bc594f3e8abe89317fd50bef60:148,0,elliptical,edge,test_id,self_only,41,-0.07657434173981577,-0.5388703874659443,2.8321293729466746
148,1,47d3e5fd43f9c0f6c6654fd57652371b6cebc0bc594f3e8abe89317fd50bef60:148,0,elliptical,edge,test_id,self_only,41,-0.5370176000253383,-1.1213281086993123,2.1011245345960807
149,0,47d3e5fd43f9c0f6c6654fd57652371b6cebc0bc594f3e8abe89317fd50bef60:149,0,elliptical,inside,test_id,self_only,41,-1.1602714223519983,0.7187950678753948,3.9731744493668573
149,1,47d3e5fd43f9c0f6c6654fd57652371b6cebc0bc594f3e8abe89317fd50bef60:149,0,elliptical,inside,test_id,self_only,41,-0.18702842422882943,-0.2929554514002705,3.507963584350437
150,0,47d3e5fd43f9c0f6c6654fd57652371b6cebc0bc594f3e8abe89317fd50bef60:150,2,circular,outside,test_id,self_only,41,-0.632471339191598,-0.6806560687136555,3.4746726105170853
150,1,47d3e5fd43f9c0f6c6654fd57652371b6cebc0bc594f3e8abe89317fd50bef60:150,2,circular,outside,test_id,self_only,41,-0.06026548274914652,-1.8285421065401937,3.167659385843056
151,0,47d3e5fd43f9c0f6c6654fd57652371b6cebc0bc594f3e8abe89317fd50bef60:151,1,elliptical,outside,test_id,self_only,41,0.7338028984411534,-0.6028324297976398,2.9814391144161267
151,1,47d3e5fd43f9c0f6c6654fd57652371b6cebc0bc594f3e8abe89317fd50bef60:151,1,elliptical,outside,test_id,self_only,41,0.14598065486987205,0.1956660368132686,3.907113552773552
152,0,47d3e5fd43f9c0f6c6654fd57652371b6cebc0bc594f3e8abe89317fd50bef60:152,1,elliptical,outside,test_id,self_only,41,-1.57748343178193,0.05126324972392078,3.9616375863660105
152,1,47d3e5fd43f9c0f6c6654fd57652371b6cebc0bc594f3e8abe89317fd50bef60:152,1,elliptical,outside,test_id,self_only,41,0.5344554620130834,-0.02381238782524113,3.7772075217337586
153,0,47d3e5fd43f9c0f6c6654fd57652371b6cebc0bc594f3e8abe89317fd50bef60:153,0,circular,edge,test_id,self_only,41,0.06706932804425329,0.05202231487513538,2.972411649425039
153,1,47d3e5fd43f9c0f6c6654fd57652371b6cebc0bc594f3e8abe89317fd50bef60:153,0,circular,edge,test_id,self_only,41,0.3690841036184606,-0.42789029398678785,3.428785021256194
154,0,47d3e5fd43f9c0f6c6654fd57652371b6cebc0bc594f3e8abe89317fd50bef60:154,0,elliptical,outside,test_id,self_only,41,0.07327571383555502,0.06809433480978962,4.210264840925267
154,1,47d3e5fd43f9c0f6c6654fd57652371b6cebc0bc594f3e8abe89317fd50bef60:154,0,elliptical,outside,test_id,self_only,41,0.28448179236491294,0.18094392797232622,4.356626123645577
155,0,47d3e5fd43f9c0f6c6654fd57652371b6cebc0bc594f3e8abe89317fd50bef60:155,1,circular,inside,test_id,self_only,41,-0.7080294055597011,-0.7085581950259113,3.340721404055103
155,1,47d3e5fd43f9c0f6c6654fd57652371b6cebc0bc594f3e8abe89317fd50bef60:155,1,circular,inside,test_id,self_only,41,-0.5105173153535548,0.5637459822583294,3.9156481669157337
156,0,47d3e5fd43f9c0f6c6654fd57652371b6cebc0bc594f3e8abe89317fd50bef60:156,1,elliptical,edge,test_id,self_only,41,1.5407311754568396,-0.691685252578249,4.571921447376739
156,1,47d3e5fd43f9c0f6c6654fd57652371b6cebc0bc594f3e8abe89317fd50bef60:156,1,elliptical,edge,test_id,self_only,41,-0.1528870774165812,-0.5833869508814716,2.9184722844471356
157,0,47d3e5fd43f9c0f6c6654fd57652371b6cebc0bc594f3e8abe89317fd50bef60:157,1,circular,outside,test_id,self_only,41,-0.6154291791574183,1.0069965191769694,3.7792568465843672
157,1,47d3e5fd43f9c0f6c6654fd57652371b6cebc0bc594f3e8abe89317fd50bef60:157,1,circular,outside,test_id,self_only,41,0.15361507109244438,-0.17174131491898542,3.7396185287355665
158,0,47d3e5fd43f9c0f6c6654fd57652371b6cebc0bc594f3e8abe89317fd50bef60:158,1,elliptical,inside,test_id,self_only,41,-0.39297478028695015,0.24684298714877123,1.734043468571632
158,1,47d3e5fd43f9c0f6c6654fd57652371b6cebc0bc594f3e8abe89317fd50bef60:158,1,elliptical,inside,test_id,self_only,41,0.669161482368308,-0.6884068183016682,3.0566568047894056
159,0,47d3e5fd43f9c0f6c6654fd57652371b6cebc0bc594f3e8abe89317fd50bef60:159,0,circular,inside,test_id,self_only,41,0.8676152067526158,-0.3073425821375752,2.26092208991512
159,1,47d3e5fd43f9c0f6c6654fd57652371b6cebc0bc594f3e8abe89317fd50bef60:159,0,circular,inside,test_id,self_only,41,0.32550762466033073,0.033581904380331,2.056201526890726
160,0,47d3e5fd43f9c0f6c6654fd57652371b6cebc0bc594f3e8abe89317fd50bef60:160,1,elliptical,inside,test_id,self_only,41,-1.203277961696786,0.23610118707896227,0.836784757670487
160,1,47d3e5fd43f9c0f6c6654fd57652371b6cebc0bc594f3e8abe89317fd50bef60:160,1,elliptical,inside,test_id,self_only,41,0.8603056507452306,-0.24947225371121412,2.798367963604262
161,0,47d3e5fd43f9c0f6c6654fd57652371b6cebc0bc594f3e8abe89317fd50bef60:161,2,elliptical,inside,test_ood,self_only,41,1.7633899288519201,0.40467185458422655,1.121517002040352
161,1,47d3e5fd43f9c0f6c6654fd57652371b6cebc0bc594f3e8abe89317fd50bef60:161,2,elliptical,inside,test_ood,self_only,41,1.4213774042471228,-1.0325900248598958,2.3164671383916637
162,0,47d3e5fd43f9c0f6c6654fd57652371b6cebc0bc594f3e8abe89317fd50bef60:162,2,elliptical,edge,test_ood,self_only,41,-1.2857430143014612,-2.255955331714144,1.6026832633142827
162,1,47d3e5fd43f9c0f6c6654fd57652371b6cebc0bc594f3e8abe89317fd50bef60:162,2,elliptical,edge,test_ood,self_only,41,-0.5142072600976649,-3.523205631167879,2.2526425971109796
163,0,47d3e5fd43f9c0f6c6654fd57652371b6cebc0bc594f3e8abe89317fd50bef60:163,0,circular,edge,test_id,self_only,41,0.5477115052088078,-0.8934160403323078,4.53973626872021
163,1,47d3e5fd43f9c0f6c6654fd57652371b6cebc0bc594f3e8abe89317fd50bef60:163,0,circular,edge,test_id,self_only,41,-0.70186646410386,0.3645326860833263,2.8500938621404064
164,0,47d3e5fd43f9c0f6c6654fd57652371b6cebc0bc594f3e8abe89317fd50bef60:164,2,elliptical,outside,test_ood,self_only,41,0.159891440187293,-1.04206263342618,4.10909987412148
164,1,47d3e5fd43f9c0f6c6654fd57652371b6cebc0bc594f3e8abe89317fd50bef60:164,2,elliptical,outside,test_ood,self_only,41,-0.7785636944429103,-1.0463930300784017,3.339801811818691
165,0,47d3e5fd43f9c0f6c6654fd57652371b6cebc0bc594f3e8abe89317fd50bef60:165,0,elliptical,edge,test_id,self_only,41,0.32718674710829826,-0.6732542447161579,4.443905474981789
165,1,47d3e5fd43f9c0f6c6654fd57652371b6cebc0bc594f3e8abe89317fd50bef60:165,0,elliptical,edge,test_id,self_only,41,1.2429448204382239,-0.8187788657259846,4.134776865527699
166,0,47d3e5fd43f9c0f6c6654fd57652371b6cebc0bc594f3e8abe89317fd50bef60:166,2,circular,inside,test_id,self_only,41,1.8192961054189978,0.05171186408282276,2.247122319382612
166,1,47d3e5fd43f9c0f6c6654fd57652371b6cebc0bc594f3e8abe89317fd50bef60:166,2,circular,inside,test_id,self_only,41,1.8728626804693518,0.7694425650525188,1.5472264614585651
167,0,47d3e5fd43f9c0f6c6654fd57652371b6cebc0bc594f3e8abe89317fd50bef60:167,2,circular,edge,test_id,self_only,41,-3.6067669553415005,-0.3879738978457356,0.6635749369425129
167,1,47d3e5fd43f9c0f6c6654fd57652371b6cebc0bc594f3e8abe89317fd50bef60:167,2,circular,edge,test_id,self_only,41,-3.8344957990304653,-1.27107714930295,1.0363168679410053
168,0,47d3e5fd43f9c0f6c6654fd57652371b6cebc0bc594f3e8abe89317fd50bef60:168,1,circular,outside,test_id,self_only,41,1.5355559425695715,-0.43307107010602003,2.1192903092680537
168,1,47d3e5fd43f9c0f6c6654fd57652371b6cebc0bc594f3e8abe89317fd50bef60:168,1,circular,outside,test_id,self_only,41,0.9159052210195836,0.3131696351456737,2.5282624758942505
169,0,47d3e5fd43f9c0f6c6654fd57652371b6cebc0bc594f3e8abe89317fd50bef60:169,0,circular,outside,test_id,self_only,41,1.3369196491583166,-0.15346513012169843,4.869745739690026
169,1,47d3e5fd43f9c0f6c6654fd57652371b6cebc0bc594f3e8abe89317fd50bef60:169,0,circular,outside,test_id,self_only,41,-0.01563097664276987,-0.7433396510195637,3.502380936189453
170,0,47d3e5fd43f9c0f6c6654fd57652371b6cebc0bc594f3e8abe89317fd50bef60:170,1,circular,inside,test_id,self_only,41,-0.022061349238556918,-0.3425663642001057,2.339925325470836
170,1,47d3e5fd43f9c0f6c6654fd57652371b6cebc0bc594f3e8abe89317fd50bef60:170,1,circular,inside,test_id,self_only,41,-1.4783836764947595,-0.9093042544436359,1.6522877553942197
171,0,47d3e5fd43f9c0f6c6654fd57652371b6cebc0bc594f3e8abe89317fd50bef60:171,2,circular,edge,test_id,self_only,41,-1.7649984521524134,-0.2908771566462422,2.8300519732478433
171,1,47d3e5fd43f9c0f6c6654fd57652371b6cebc0bc594f3e8abe89317fd50bef60:171,2,circular,edge,test_id,self_only,41,-2.063437716449899,-0.0659102394592667,2.9253067042052066
172,0,47d3e5fd43f9c0f6c6654fd57652371b6cebc0bc594f3e8abe89317fd50bef60:172,0,elliptical,outside,test_id,self_only,41,0.3359362321241674,-0.038193006755104106,4.344833924250584
172,1,47d3e5fd43f9c0f6c6654fd57652371b6cebc0bc594f3e8abe89317fd50bef60:172,0,elliptical,outside,test_id,self_only,41,0.1827689843519506,-0.8636269501757526,5.160703334270085
173,0,47d3e5fd43f9c0f6c6654fd57652371b6cebc0bc594f3e8abe89317fd50bef60:173,2,elliptical,inside,test_ood,self_only,41,0.9506662922247228,0.8679982491421795,2.1327868883316263
173,1,47d3e5fd43f9c0f6c6654fd57652371b6cebc0bc594f3e8abe89317fd50bef60:173,2,elliptical,inside,test_ood,self_only,41,-0.627536789859933,0.6709998913693523,1.427674072456799
174,0,47d3e5fd43f9c0f6c6654fd57652371b6cebc0bc594f3e8abe89317fd50bef60:174,2,elliptical,outside,test_ood,self_only,41,-1.0957162542001428,-0.9477113417696857,3.4144283425282884
174,1,47d3e5fd43f9c0f6c6654fd57652371b6cebc0bc594f3e8abe89317fd50bef60:174,2,elliptical,outside,test_ood,self_only,41,0.20850969723303886,-1.3902124098849202,4.4186947824110065
175,0,47d3e5fd43f9c0f6c6654fd57652371b6cebc0bc594f3e8abe89317fd50bef60:175,2,elliptical,edge,test_ood,self_only,41,-0.01718562969128519,0.6579560705113506,3.2807733108307144
175,1,47d3e5fd43f9c0f6c6654fd57652371b6cebc0bc594f3e8abe89317fd50bef60:175,2,elliptical,edge,test_ood,self_only,41,1.045520170245963,0.5152192183423138,2.4224458466013132
176,0,47d3e5fd43f9c0f6c6654fd57652371b6cebc0bc594f3e8abe89317fd50bef60:176,2,circular,inside,test_id,self_only,41,-1.8891611261026087,1.5824152298855876,1.361711766473472
176,1,47d3e5fd43f9c0f6c6654fd57652371b6cebc0bc594f3e8abe89317fd50bef60:176,2,circular,inside,test_id,self_only,41,-1.064994589771432,1.2271934815335368,2.1389559865597696
177,0,47d3e5fd43f9c0f6c6654fd57652371b6cebc0bc594f3e8abe89317fd50bef60:177,1,circular,edge,test_id,self_only,41,0.4464599924429235,-0.7788312963557148,3.0084072285864574
177,1,47d3e5fd43f9c0f6c6654fd57652371b6cebc0bc594f3e8abe89317fd50bef60:177,1,circular,edge,test_id,self_only,41,0.9037247734411534,-0.00970866227268223,3.1563539759071384
178,0,47d3e5fd43f9c0f6c6654fd57652371b6cebc0bc594f3e8abe89317fd50bef60:178,1,elliptical,edge,test_id,self_only,41,-0.3481595379964533,1.4276630946087931,2.322300695303478
178,1,47d3e5fd43f9c0f6c6654fd57652371b6cebc0bc594f3e8abe89317fd50bef60:178,1,elliptical,edge,test_id,self_only,41,0.8108101921423253,-0.41632094302891737,3.460322578742394
179,0,47d3e5fd43f9c0f6c6654fd57652371b6cebc0bc594f3e8abe89317fd50bef60:179,0,circular,outside,test_id,self_only,41,-0.0020101828233423796,-0.12488008359192852,3.848028293537464
179,1,47d3e5fd43f9c0f6c6654fd57652371b6cebc0bc594f3e8abe89317fd50bef60:179,0,circular,outside,test_id,self_only,41,0.16534155479510398,-1.3249941996645833,2.6363024579012375
180,0,47d3e5fd43f9c0f6c6654fd57652371b6cebc0bc594f3e8abe89317fd50bef60:180,2,elliptical,inside,test_ood,self_only,41,-0.8147795958177272,-2.9850808314394857,0.7309472028661533
180,1,47d3e5fd43f9c0f6c6654fd57652371b6cebc0bc594f3e8abe89317fd50bef60:180,2,elliptical,inside,test_ood,self_only,41,-0.5621913833276454,-2.4096337489199544,0.20622549870948334
181,0,47d3e5fd43f9c0f6c6654fd57652371b6cebc0bc594f3e8abe89317fd50bef60:181,0,circular,inside,test_id,self_only,41,0.5846357183798131,0.14268182894469256,2.472242297121015
181,1,47d3e5fd43f9c0f6c6654fd57652371b6cebc0bc594f3e8abe89317fd50bef60:181,0,circular,inside,test_id,self_only,41,-1.2279412908212366,0.0961693443942165,3.633789075115963
182,0,47d3e5fd43f9c0f6c6654fd57652371b6cebc0bc594f3e8abe89317fd50bef60:182,2,elliptical,edge,test_ood,self_only,41,1.433526261363822,-5.433062427432527,2.728545529111884
182,1,47d3e5fd43f9c0f6c6654fd57652371b6cebc0bc594f3e8abe89317fd50bef60:182,2,elliptical,edge,test_ood,self_only,41,2.1881406145437534,-5.918822162539949,3.5324207205952445
183,0,47d3e5fd43f9c0f6c6654fd57652371b6cebc0bc594f3e8abe89317fd50bef60:183,2,elliptical,outside,test_ood,self_only,41,0.16628263017972084,0.013840730546722371,4.793172264279209
183,1,47d3e5fd43f9c0f6c6654fd57652371b6cebc0bc594f3e8abe89317fd50bef60:183,2,elliptical,outside,test_ood,self_only,41,1.1882533865316687,-1.3479975394320394,4.513385951521327
184,0,47d3e5fd43f9c0f6c6654fd57652371b6cebc0bc594f3e8abe89317fd50bef60:184,0,elliptical,outside,test_id,self_only,41,-0.9442565602914516,1.0186276503491496,3.019731343485628
184,1,47d3e5fd43f9c0f6c6654fd57652371b6cebc0bc594f3e8abe89317fd50bef60:184,0,elliptical,outside,test_id,self_only,41,-0.46029026934067635,-0.8266730240893269,4.7948255673998155
185,0,47d3e5fd43f9c0f6c6654fd57652371b6cebc0bc594f3e8abe89317fd50bef60:185,2,circular,edge,test_id,self_only,41,1.6941624718054114,-0.8749772242617512,1.5937970697138617
185,1,47d3e5fd43f9c0f6c6654fd57652371b6cebc0bc594f3e8abe89317fd50bef60:185,2,circular,edge,test_id,self_only,41,1.529467447315055,0.29558343371630663,1.4927849525087422
186,0,47d3e5fd43f9c0f6c6654fd57652371b6cebc0bc594f3e8abe89317fd50bef60:186,2,circular,edge,test_id,self_only,41,-2.4725105924264614,-1.7788740328860189,1.2408478152700844
186,1,47d3e5fd43f9c0f6c6654fd57652371b6cebc0bc594f3e8abe89317fd50bef60:186,2,circular,edge,test_id,self_only,41,-2.7017944020883267,-1.4965737990450765,1.503452736986121
187,0,47d3e5fd43f9c0f6c6654fd57652371b6cebc0bc594f3e8abe89317fd50bef60:187,2,circular,outside,test_id,self_only,41,2.4659917192800815,1.8086317845273112,2.14987398879662
187,1,47d3e5fd43f9c0f6c6654fd57652371b6cebc0bc594f3e8abe89317fd50bef60:187,2,circular,outside,test_id,self_only,41,1.9751006203039465,2.0504862137723063,1.6354035590608087
188,0,47d3e5fd43f9c0f6c6654fd57652371b6cebc0bc594f3e8abe89317fd50bef60:188,0,circular,inside,test_id,self_only,41,0.5765378313406285,0.7438697882580853,3.3121681642492145
188,1,47d3e5fd43f9c0f6c6654fd57652371b6cebc0bc594f3e8abe89317fd50bef60:188,0,circular,inside,test_id,self_only,41,0.025193496261435452,0.9549872942853069,2.886905459594209
189,0,47d3e5fd43f9c0f6c6654fd57652371b6cebc0bc594f3e8abe89317fd50bef60:189,0,elliptical,edge,test_id,self_only,41,0.5209797160967168,-0.07427128845571522,4.285286379543941
189,1,47d3e5fd43f9c0f6c6654fd57652371b6cebc0bc594f3e8abe89317fd50bef60:189,0,elliptical,edge,test_id,self_only,41,0.8816435175283727,0.5133884616780376,4.3020954622723755
190,0,47d3e5fd43f9c0f6c6654fd57652371b6cebc0bc594f3e8abe89317fd50bef60:190,1,circular,outside,test_id,self_only,41,0.839774652038413,0.37838578900576586,3.7189985260189333
190,1,47d3e5fd43f9c0f6c6654fd57652371b6cebc0bc594f3e8abe89317fd50bef60:190,1,circular,outside,test_id,self_only,41,0.987670524631339,0.5422086187291241,3.5205958381176035
191,0,47d3e5fd43f9c0f6c6654fd57652371b6cebc0bc594f3e8abe89317fd50bef60:191,2,circular,outside,test_id,self_only,41,-0.13815719016949563,-0.5746478966784382,3.583707969323362
191,1,47d3e5fd43f9c0f6c6654fd57652371b6cebc0bc594f3e8abe89317fd50bef60:191,2,circular,outside,test_id,self_only,41,-0.04294502862851053,0.14117284795523638,4.20803959206345
192,0,47d3e5fd43f9c0f6c6654fd57652371b6cebc0bc594f3e8abe89317fd50bef60:192,2,circular,inside,test_id,self_only,41,-2.2093739671365444,1.3396431275296306,0.4721437259000058
192,1,47d3e5fd43f9c0f6c6654fd57652371b6cebc0bc594f3e8abe89317fd50bef60:192,2,circular,inside,test_id,self_only,41,-2.4926240605966274,2.0674051114010905,0.731338789525009
193,0,47d3e5fd43f9c0f6c6654fd57652371b6cebc0bc594f3e8abe89317fd50bef60:193,0,elliptical,inside,test_id,self_only,41,-0.7458446187631312,0.3845432468342876,2.55070597131016
193,1,47d3e5fd43f9c0f6c6654fd57652371b6cebc0bc594f3e8abe89317fd50bef60:193,0,elliptical,inside,test_id,self_only,41,-1.0005176229135218,-0.44805704870938307,3.2183899777268468
194,0,47d3e5fd43f9c0f6c6654fd57652371b6cebc0bc594f3e8abe89317fd50bef60:194,1,elliptical,outside,test_id,self_only,41,0.3592458205564794,-1.198927514941683,3.64615145781319
194,1,47d3e5fd43f9c0f6c6654fd57652371b6cebc0bc594f3e8abe89317fd50bef60:194,1,elliptical,outside,test_id,self_only,41,1.498744471584159,-0.9689957431864643,4.680424868932563
195,0,47d3e5fd43f9c0f6c6654fd57652371b6cebc0bc594f3e8abe89317fd50bef60:195,1,circular,inside,test_id,self_only,41,-0.20989914366166024,0.489363319485197,2.384175842847021
195,1,47d3e5fd43f9c0f6c6654fd57652371b6cebc0bc594f3e8abe89317fd50bef60:195,1,circular,inside,test_id,self_only,41,0.37379149964888664,-0.5332550338816547,2.5166422501932684
196,0,47d3e5fd43f9c0f6c6654fd57652371b6cebc0bc594f3e8abe89317fd50bef60:196,0,circular,outside,test_id,self_only,41,-0.7028288406984035,0.21079731663943285,3.6127708600253454
196,1,47d3e5fd43f9c0f6c6654fd57652371b6cebc0bc594f3e8abe89317fd50bef60:196,0,circular,outside,test_id,self_only,41,-1.3266204757348719,0.35553083500147814,3.2764652898568203
197,0,47d3e5fd43f9c0f6c6654fd57652371b6cebc0bc594f3e8abe89317fd50bef60:197,2,circular,inside,test_id,self_only,41,0.5612478094442662,-0.38317739287137037,3.9778337000643917
197,1,47d3e5fd43f9c0f6c6654fd57652371b6cebc0bc594f3e8abe89317fd50bef60:197,2,circular,inside,test_id,self_only,41,-0.8643693489686671,-1.11305450716733,2.3765818253653364
198,0,47d3e5fd43f9c0f6c6654fd57652371b6cebc0bc594f3e8abe89317fd50bef60:198,0,elliptical,outside,test_id,self_only,41,0.5579224067076024,-0.42573981800793653,4.1371598598724
198,1,47d3e5fd43f9c0f6c6654fd57652371b6cebc0bc594f3e8abe89317fd50bef60:198,0,elliptical,outside,test_id,self_only,41,-0.03989920147816568,0.42546547135592455,3.1354823137756567
199,0,47d3e5fd43f9c0f6c6654fd57652371b6cebc0bc594f3e8abe89317fd50bef60:199,1,circular,edge,test_id,self_only,41,0.9199852185591039,0.513571745960722,3.111517449786328
199,1,47d3e5fd43f9c0f6c6654fd57652371b6cebc0bc594f3e8abe89317fd50bef60:199,1,circular,edge,test_id,self_only,41,0.7998534279211339,-0.4586734108042622,3.990677937833891
200,0,47d3e5fd43f9c0f6c6654fd57652371b6cebc0bc594f3e8abe89317fd50bef60:200,0,circular,edge,test_id,self_only,41,-1.1117470426217737,1.0458811589169597,4.504565995063653
200,1,47d3e5fd43f9c0f6c6654fd57652371b6cebc0bc594f3e8abe89317fd50bef60:200,0,circular,edge,test_id,self_only,41,0.12838268152316185,0.12407023391009327,3.210577213781879
201,0,47d3e5fd43f9c0f6c6654fd57652371b6cebc0bc594f3e8abe89317fd50bef60:201,1,circular,inside,test_id,self_only,41,0.7652959661825475,0.13792820951224322,3.1572555308762573
201,1,47d3e5fd43f9c0f6c6654fd57652371b6cebc0bc594f3e8abe89317fd50bef60:201,1,circular,inside,test_id,self_only,41,-0.7618081731454555,0.5267860361027813,4.16899523741705
202,0,47d3e5fd43f9c0f6c6654fd57652371b6cebc0bc594f3e8abe89317fd50bef60:202,1,elliptical,edge,test_id,self_only,41,0.6585237818105992,-0.2820137522530461,3.8843281065335487
202,1,47d3e5fd43f9c0f6c6654fd57652371b6cebc0bc594f3e8abe89317fd50bef60:202,1,elliptical,edge,test_id,self_only,41,0.36388562491973014,0.10970304092646595,3.739156959862756
203,0,47d3e5fd43f9c0f6c6654fd57652371b6cebc0bc594f3e8abe89317fd50bef60:203,2,elliptical,outside,test_ood,self_only,41,0.7280828791006383,-0.9768675498080158,4.3436702136783145
203,1,47d3e5fd43f9c0f6c6654fd57652371b6cebc0bc594f3e8abe89317fd50bef60:203,2,elliptical,outside,test_ood,self_only,41,-1.4454779786721887,-1.0484927825045491,2.2536064463076846
204,0,47d3e5fd43f9c0f6c6654fd57652371b6cebc0bc594f3e8abe89317fd50bef60:204,2,elliptical,edge,test_ood,self_only,41,0.47758148482878776,0.15331084212542528,3.911267096845521
204,1,47d3e5fd43f9c0f6c6654fd57652371b6cebc0bc594f3e8abe89317fd50bef60:204,2,elliptical,edge,test_ood,self_only,41,-0.25283543893258004,-0.06412636929868702,3.632967715184167
205,0,47d3e5fd43f9c0f6c6654fd57652371b6cebc0bc594f3e8abe89317fd50bef60:205,1,elliptical,inside,test_id,self_only,41,-0.18174317606846718,0.2165262468743419,1.799276685571067
205,1,47d3e5fd43f9c0f6c6654fd57652371b6cebc0bc594f3e8abe89317fd50bef60:205,1,elliptical,inside,test_id,self_only,41,-0.045080648149651584,-0.34407185831784254,1.2506111763621566
206,0,47d3e5fd43f9c0f6c6654fd57652371b6cebc0bc594f3e8abe89317fd50bef60:206,1,circular,outside,test_id,self_only,41,-0.037677661861580905,1.0936379500317668,4.907253336473212
206,1,47d3e5fd43f9c0f6c6654fd57652371b6cebc0bc594f3e8abe89317fd50bef60:206,1,circular,outside,test_id,self_only,41,-0.3227306766168299,0.6466438837933636,4.863875292644959
207,0,47d3e5fd43f9c0f6c6654fd57652371b6cebc0bc594f3e8abe89317fd50bef60:207,0,elliptical,edge,test_id,self_only,41,0.04715186974843115,-0.26687469402073866,3.3089402912988923
207,1,47d3e5fd43f9c0f6c6654fd57652371b6cebc0bc594f3e8abe89317fd50bef60:207,0,elliptical,edge,test_id,self_only,41,0.04946882895072073,0.6365262337613201,2.420783348835742
208,0,47d3e5fd43f9c0f6c6654fd57652371b6cebc0bc594f3e8abe89317fd50bef60:208,0,circular,outside,test_id,self_only,41,0.33161015680869194,0.23524341663599962,3.6598587483197287
208,1,47d3e5fd43f9c0f6c6654fd57652371b6cebc0bc594f3e8abe89317fd50bef60:208,0,circular,outside,test_id,self_only,41,0.8960906701429662,-0.4715893796992207,4.073408391144818
209,0,47d3e5fd43f9c0f6c6654fd57652371b6cebc0bc594f3e8abe89317fd50bef60:209,0,circular,edge,test_id,self_only,41,0.7679819898947057,-0.8466230563235188,3.885466520229897
209,1,47d3e5fd43f9c0f6c6654fd57652371b6cebc0bc594f3e8abe89317fd50bef60:209,0,circular,edge,test_id,self_only,41,-0.24000392981926827,-0.05054324934004788,3.0850234987077845
210,0,47d3e5fd43f9c0f6c6654fd57652371b6cebc0bc594f3e8abe89317fd50bef60:210,0,elliptical,inside,test_id,self_only,41,-1.0445146722451868,0.20721553942442889,2.8830557649973314
210,1,47d3e5fd43f9c0f6c6654fd57652371b6cebc0bc594f3e8abe89317fd50bef60:210,0,elliptical,inside,test_id,self_only,41,0.16422863921959968,0.16433108529330248,2.0850095186735063
211,0,47d3e5fd43f9c0f6c6654fd57652371b6cebc0bc594f3e8abe89317fd50bef60:211,1,elliptical,edge,test_id,self_only,41,0.47074247768958183,-0.3090721897196675,3.507264318158898
211,1,47d3e5fd43f9c0f6c6654fd57652371b6cebc0bc594f3e8abe89317fd50bef60:211,1,elliptical,edge,test_id,self_only,41,-0.8298425240174953,-0.6162871650767231,2.317109103269225
212,0,47d3e5fd43f9c0f6c6654fd57652371b6cebc0bc594f3e8abe89317fd50bef60:212,1,circular,edge,test_id,self_only,41,0.6396468716009435,-1.2720380953860189,1.7351756441362818
212,1,47d3e5fd43f9c0f6c6654fd57652371b6cebc0bc594f3e8abe89317fd50bef60:212,1,circular,edge,test_id,self_only,41,-0.21907909342209725,-1.2153288058352376,2.0539960756904057
213,0,47d3e5fd43f9c0f6c6654fd57652371b6cebc0bc594f3e8abe89317fd50bef60:213,1,elliptical,outside,test_id,self_only,41,-0.2709510786191645,-0.2418746284556294,4.288488754788394
213,1,47d3e5fd43f9c0f6c6654fd57652371b6cebc0bc594f3e8abe89317fd50bef60:213,1,elliptical,outside,test_id,self_only,41,1.2722589807852087,-0.28959747472523695,5.23675926476915
214,0,47d3e5fd43f9c0f6c6654fd57652371b6cebc0bc594f3e8abe89317fd50bef60:214,1,elliptical,inside,test_id,self_only,41,0.7020766573293981,-0.3316708735537434,0.5065782303945773
214,1,47d3e5fd43f9c0f6c6654fd57652371b6cebc0bc594f3e8abe89317fd50bef60:214,1,elliptical,inside,test_id,self_only,41,0.14105310163338752,-0.43419124999760633,0.34175942741624926
215,0,47d3e5fd43f9c0f6c6654fd57652371b6cebc0bc594f3e8abe89317fd50bef60:215,2,elliptical,inside,test_ood,self_only,41,1.4814659195288,2.297814018337736,0.7795190518262742
215,1,47d3e5fd43f9c0f6c6654fd57652371b6cebc0bc594f3e8abe89317fd50bef60:215,2,elliptical,inside,test_ood,self_only,41,1.5520195799215613,1.9640563794064616,1.0904932688045126
216,0,47d3e5fd43f9c0f6c6654fd57652371b6cebc0bc594f3e8abe89317fd50bef60:216,1,circular,outside,test_id,self_only,41,-0.05706028767983347,-0.6791987351488972,2.9677356907861485
216,1,47d3e5fd43f9c0f6c6654fd57652371b6cebc0bc594f3e8abe89317fd50bef60:216,1,circular,outside,test_id,self_only,41,-0.25540159770409493,-1.316424124629488,2.3247474989294883
217,0,47d3e5fd43f9c0f6c6654fd57652371b6cebc0bc594f3e8abe89317fd50bef60:217,1,circular,edge,test_id,self_only,41,-0.11168083676258951,0.10200903496027942,3.4278503072813344
217,1,47d3e5fd43f9c0f6c6654fd57652371b6cebc0bc594f3e8abe89317fd50bef60:217,1,circular,edge,test_id,self_only,41,-0.24042101332108406,0.04798787018538471,3.5431834821947366
218,0,47d3e5fd43f9c0f6c6654fd57652371b6cebc0bc594f3e8abe89317fd50bef60:218,1,elliptical,inside,test_id,self_only,41,-0.44983001181046395,-0.13312447884797102,2.8114836597301465
218,1,47d3e5fd43f9c0f6c6654fd57652371b6cebc0bc594f3e8abe89317fd50bef60:218,1,elliptical,inside,test_id,self_only,41,1.2574933605535803,0.1389784433531856,1.423355934691333
219,0,47d3e5fd43f9c0f6c6654fd57652371b6cebc0bc594f3e8abe89317fd50bef60:219,2,circular,inside,test_id,self_only,41,-1.6088946027414026,6.031173832027922,4.010280428934703
219,1,47d3e5fd43f9c0f6c6654fd57652371b6cebc0bc594f3e8abe89317fd50bef60:219,2,circular,inside,test_id,self_only,41,-0.7205652160302821,5.0268555947232345,2.7408344838508754
220,0,47d3e5fd43f9c0f6c6654fd57652371b6cebc0bc594f3e8abe89317fd50bef60:220,1,elliptical,outside,test_id,self_only,41,0.17488252988894554,0.5387340851712322,4.107718929939502
220,1,47d3e5fd43f9c0f6c6654fd57652371b6cebc0bc594f3e8abe89317fd50bef60:220,1,elliptical,outside,test_id,self_only,41,0.707169397388297,-0.05822131851433758,4.902463960288471
221,0,47d3e5fd43f9c0f6c6654fd57652371b6cebc0bc594f3e8abe89317fd50bef60:221,1,circular,inside,test_id,self_only,41,0.7034985857351598,-0.7415687970232868,1.5312230928008275
221,1,47d3e5fd43f9c0f6c6654fd57652371b6cebc0bc594f3e8abe89317fd50bef60:221,1,circular,inside,test_id,self_only,41,0.6752101021154698,0.19248654624701494,2.046202743661207
222,0,47d3e5fd43f9c0f6c6654fd57652371b6cebc0bc594f3e8abe89317fd50bef60:222,0,circular,edge,test_id,self_only,41,-0.18706180282990365,0.5549001761365032,2.511909139876411
222,1,47d3e5fd43f9c0f6c6654fd57652371b6cebc0bc594f3e8abe89317fd50bef60:222,0,circular,edge,test_id,self_only,41,1.203543408428031,-0.5035417012286091,3.5971151777540498
223,0,47d3e5fd43f9c0f6c6654fd57652371b6cebc0bc594f3e8abe89317fd50bef60:223,1,circular,inside,test_id,self_only,41,-0.5776939553872767,-1.2724676064562703,2.3271512301630297
223,1,47d3e5fd43f9c0f6c6654fd57652371b6cebc0bc594f3e8abe89317fd50bef60:223,1,circular,inside,test_id,self_only,41,-1.3461233539239588,0.1860038705754375,2.2332734671447207
224,0,47d3e5fd43f9c0f6c6654fd57652371b6cebc0bc594f3e8abe89317fd50bef60:224,1,elliptical,outside,test_id,self_only,41,-0.15505640336434273,-0.5689148239207172,4.720381156013202
224,1,47d3e5fd43f9c0f6c6654fd57652371b6cebc0bc594f3e8abe89317fd50bef60:224,1,elliptical,outside,test_id,self_only,41,-0.4487918181077662,-0.6623570851397419,4.9083029817343125
225,0,47d3e5fd43f9c0f6c6654fd57652371b6cebc0bc594f3e8abe89317fd50bef60:225,2,elliptical,edge,test_ood,self_only,41,0.30332806578715416,-1.6086958579134847,2.0908720118613195
225,1,47d3e5fd43f9c0f6c6654fd57652371b6cebc0bc594f3e8abe89317fd50bef60:225,2,elliptical,edge,test_ood,self_only,41,-0.13054977485100655,-1.401488297374239,1.9557957044866439
226,0,47d3e5fd43f9c0f6c6654fd57652371b6cebc0bc594f3e8abe89317fd50bef60:226,1,circular,edge,test_id,self_only,41,0.45225314668257804,-1.1735051802706624,3.074953241825558
226,1,47d3e5fd43f9c0f6c6654fd57652371b6cebc0bc594f3e8abe89317fd50bef60:226,1,circular,edge,test_id,self_only,41,0.6460162239416417,-0.1494952521634007,3.9039472202404015
227,0,47d3e5fd43f9c0f6c6654fd57652371b6cebc0bc594f3e8abe89317fd50bef60:227,0,elliptical,inside,test_id,self_only,41,0.36061031988700004,0.14018792590380663,2.516313977702312
227,1,47d3e5fd43f9c0f6c6654fd57652371b6cebc0bc594f3e8abe89317fd50bef60:227,0,elliptical,inside,test_id,self_only,41,-0.28100003429810433,0.2455230720925426,2.8693825311678194
228,0,47d3e5fd43f9c0f6c6654fd57652371b6cebc0bc594f3e8abe89317fd50bef60:228,2,elliptical,edge,test_ood,self_only,41,0.049223004494505826,-3.404785030276766,0.5292445034405425
228,1,47d3e5fd43f9c0f6c6654fd57652371b6cebc0bc594f3e8abe89317fd50bef60:228,2,elliptical,edge,test_ood,self_only,41,-0.9788528842584315,-2.603585832507601,1.4252662173891704
229,0,47d3e5fd43f9c0f6c6654fd57652371b6cebc0bc594f3e8abe89317fd50bef60:229,2,elliptical,inside,test_ood,self_only,41,-0.5721122784272853,-1.4539577893328572,1.0773999418260767
229,1,47d3e5fd43f9c0f6c6654fd57652371b6cebc0bc594f3e8abe89317fd50bef60:229,2,elliptical,inside,test_ood,self_only,41,-1.1960406465188684,-1.1826904944491292,0.7847057134478314
230,0,47d3e5fd43f9c0f6c6654fd57652371b6cebc0bc594f3e8abe89317fd50bef60:230,1,elliptical,edge,test_id,self_only,41,0.6247378425939855,-0.2948136858057881,2.6173488469980577
230,1,47d3e5fd43f9c0f6c6654fd57652371b6cebc0bc594f3e8abe89317fd50bef60:230,1,elliptical,edge,test_id,self_only,41,0.9745982723577794,-0.6432995132517719,2.160115708993306
231,0,47d3e5fd43f9c0f6c6654fd57652371b6cebc0bc594f3e8abe89317fd50bef60:231,0,elliptical,edge,test_id,self_only,41,-1.4022512597696009,-0.1347962103199864,4.783768920551556
231,1,47d3e5fd43f9c0f6c6654fd57652371b6cebc0bc594f3e8abe89317fd50bef60:231,0,elliptical,edge,test_id,self_only,41,-0.5686116380349818,0.5093509622502422,4.615033373994593
232,0,47d3e5fd43f9c0f6c6654fd57652371b6cebc0bc594f3e8abe89317fd50bef60:232,0,elliptical,outside,test_id,self_only,41,-0.25717951485077767,-0.37300809541462904,4.038197088142468
232,1,47d3e5fd43f9c0f6c6654fd57652371b6cebc0bc594f3e8abe89317fd50bef60:232,0,elliptical,outside,test_id,self_only,41,-0.1349890095845881,0.38047821006060595,3.337668840353293
233,0,47d3e5fd43f9c0f6c6654fd57652371b6cebc0bc594f3e8abe89317fd50bef60:233,2,elliptical,outside,test_ood,self_only,41,0.798979266200858,-1.2450884512972737,3.511270662333514
233,1,47d3e5fd43f9c0f6c6654fd57652371b6cebc0bc594f3e8abe89317fd50bef60:233,2,elliptical,outside,test_ood,self_only,41,1.7392275171621618,-1.4745699099612142,2.5757684297926184
234,0,47d3e5fd43f9c0f6c6654fd57652371b6cebc0bc594f3e8abe89317fd50bef60:234,0,circular,outside,test_id,self_only,41,-0.32632948585907845,-0.03203398430465702,4.014105350605281
234,1,47d3e5fd43f9c0f6c6654fd57652371b6cebc0bc594f3e8abe89317fd50bef60:234,0,circular,outside,test_id,self_only,41,0.6800700264318761,0.5713471241879559,3.295628070232259
235,0,47d3e5fd43f9c0f6c6654fd57652371b6cebc0bc594f3e8abe89317fd50bef60:235,0,elliptical,edge,test_id,self_only,41,-0.3750201625482264,0.05039872905493732,3.846968739894355
235,1,47d3e5fd43f9c0f6c6654fd57652371b6cebc0bc594f3e8abe89317fd50bef60:235,0,elliptical,edge,test_id,self_only,41,-0.762376443828744,0.29305378278971667,3.7867261125779192
236,0,47d3e5fd43f9c0f6c6654fd57652371b6cebc0bc594f3e8abe89317fd50bef60:236,1,elliptical,inside,test_id,self_only,41,0.3209860163076696,-0.1768767766070271,2.061630230116971
236,1,47d3e5fd43f9c0f6c6654fd57652371b6cebc0bc594f3e8abe89317fd50bef60:236,1,elliptical,inside,test_id,self_only,41,1.2075350122793493,-0.2128751955342198,1.4935032601494747
237,0,47d3e5fd43f9c0f6c6654fd57652371b6cebc0bc594f3e8abe89317fd50bef60:237,1,circular,outside,test_id,self_only,41,0.4681623714311895,-0.220050685794344,3.284236036179831
237,1,47d3e5fd43f9c0f6c6654fd57652371b6cebc0bc594f3e8abe89317fd50bef60:237,1,circular,outside,test_id,self_only,41,0.0791765513165769,0.5816782780575848,3.31100036131019
238,0,47d3e5fd43f9c0f6c6654fd57652371b6cebc0bc594f3e8abe89317fd50bef60:238,0,circular,edge,test_id,self_only,41,0.40665601066191764,0.023323300539264638,3.486252590058287
238,1,47d3e5fd43f9c0f6c6654fd57652371b6cebc0bc594f3e8abe89317fd50bef60:238,0,circular,edge,test_id,self_only,41,1.8341358738287268,-0.6375509432864094,4.834795079821284
239,0,47d3e5fd43f9c0f6c6654fd57652371b6cebc0bc594f3e8abe89317fd50bef60:239,0,circular,inside,test_id,self_only,41,0.45749540499289604,-0.8291394642901325,3.937054625505239
239,1,47d3e5fd43f9c0f6c6654fd57652371b6cebc0bc594f3e8abe89317fd50bef60:239,0,circular,inside,test_id,self_only,41,0.8021921949728307,-0.4751847020697499,3.8550510441950796
240,0,47d3e5fd43f9c0f6c6654fd57652371b6cebc0bc594f3e8abe89317fd50bef60:240,2,circular,edge,test_id,self_only,41,1.648254855190116,1.667631632893095,1.8915523786721138
240,1,47d3e5fd43f9c0f6c6654fd57652371b6cebc0bc594f3e8abe89317fd50bef60:240,2,circular,edge,test_id,self_only,41,1.6217320995672522,1.6925975151944255,1.8933920337942038
241,0,47d3e5fd43f9c0f6c6654fd57652371b6cebc0bc594f3e8abe89317fd50bef60:241,2,circular,outside,test_id,self_only,41,2.277885182414847,-2.0939155749392415,1.8748520631807304
241,1,47d3e5fd43f9c0f6c6654fd57652371b6cebc0bc594f3e8abe89317fd50bef60:241,2,circular,outside,test_id,self_only,41,1.4301875667913733,-1.5828660658907796,2.4154410021225785
242,0,47d3e5fd43f9c0f6c6654fd57652371b6cebc0bc594f3e8abe89317fd50bef60:242,0,elliptical,outside,test_id,self_only,41,0.4093029039247808,-0.0878046869647408,4.2268372565610814
242,1,47d3e5fd43f9c0f6c6654fd57652371b6cebc0bc594f3e8abe89317fd50bef60:242,0,elliptical,outside,test_id,self_only,41,0.15339622518857093,-0.0006537593316936902,4.349489348930347
243,0,47d3e5fd43f9c0f6c6654fd57652371b6cebc0bc594f3e8abe89317fd50bef60:243,2,elliptical,outside,test_ood,self_only,41,2.2277409868582065,-1.2966793707919027,1.6219823917928125
243,1,47d3e5fd43f9c0f6c6654fd57652371b6cebc0bc594f3e8abe89317fd50bef60:243,2,elliptical,outside,test_ood,self_only,41,1.892334683452445,-1.1387571028780843,1.9924987346929783
244,0,47d3e5fd43f9c0f6c6654fd57652371b6cebc0bc594f3e8abe89317fd50bef60:244,2,elliptical,inside,test_ood,self_only,41,0.2765236037119207,-0.11938629368065838,2.0828857807841072
244,1,47d3e5fd43f9c0f6c6654fd57652371b6cebc0bc594f3e8abe89317fd50bef60:244,2,elliptical,inside,test_ood,self_only,41,0.407341493879157,1.545488841145048,1.5296364810569512
245,0,47d3e5fd43f9c0f6c6654fd57652371b6cebc0bc594f3e8abe89317fd50bef60:245,0,circular,outside,test_id,self_only,41,1.0638465719564734,0.3030586012292003,3.0170366363208396
245,1,47d3e5fd43f9c0f6c6654fd57652371b6cebc0bc594f3e8abe89317fd50bef60:245,0,circular,outside,test_id,self_only,41,0.20727755001624198,-0.48798620024441725,4.098729605305054
246,0,47d3e5fd43f9c0f6c6654fd57652371b6cebc0bc594f3e8abe89317fd50bef60:246,1,elliptical,edge,test_id,self_only,41,0.0034167306764897737,0.01787224715829845,3.2013339363608124
246,1,47d3e5fd43f9c0f6c6654fd57652371b6cebc0bc594f3e8abe89317fd50bef60:246,1,elliptical,edge,test_id,self_only,41,0.0373488204820928,-1.2669833830904866,3.04248383316847
247,0,47d3e5fd43f9c0f6c6654fd57652371b6cebc0bc594f3e8abe89317fd50bef60:247,2,circular,edge,test_id,self_only,41,-0.0673521471873942,1.622471458523283,3.276126600470154
247,1,47d3e5fd43f9c0f6c6654fd57652371b6cebc0bc594f3e8abe89317fd50bef60:247,2,circular,edge,test_id,self_only,41,0.23823776713450523,0.6853270002293682,3.46220610563243
248,0,47d3e5fd43f9c0f6c6654fd57652371b6cebc0bc594f3e8abe89317fd50bef60:248,2,circular,outside,test_id,self_only,41,0.2792222338064489,1.2667995758938884,2.720575743464347
248,1,47d3e5fd43f9c0f6c6654fd57652371b6cebc0bc594f3e8abe89317fd50bef60:248,2,circular,outside,test_id,self_only,41,-0.11426912375847727,2.0317183800625895,2.0175779867679084
249,0,47d3e5fd43f9c0f6c6654fd57652371b6cebc0bc594f3e8abe89317fd50bef60:249,0,circular,inside,test_id,self_only,41,0.017924128685790006,-0.7884602479052448,3.6282032644256463
249,1,47d3e5fd43f9c0f6c6654fd57652371b6cebc0bc594f3e8abe89317fd50bef60:249,0,circular,inside,test_id,self_only,41,-0.7408727569238368,0.19507957181216234,3.879612751853773
250,0,47d3e5fd43f9c0f6c6654fd57652371b6cebc0bc594f3e8abe89317fd50bef60:250,2,circular,inside,test_id,self_only,41,-1.6126697225228968,1.207207090466032,1.3127420855605574
250,1,47d3e5fd43f9c0f6c6654fd57652371b6cebc0bc594f3e8abe89317fd50bef60:250,2,circular,inside,test_id,self_only,41,-0.41702400275628,2.9955529042172526,0.92670681924184
251,0,47d3e5fd43f9c0f6c6654fd57652371b6cebc0bc594f3e8abe89317fd50bef60:251,0,elliptical,inside,test_id,self_only,41,-0.2543062133447352,1.1488792963910197,1.7380009611421952
251,1,47d3e5fd43f9c0f6c6654fd57652371b6cebc0bc594f3e8abe89317fd50bef60:251,0,elliptical,inside,test_id,self_only,41,1.0595162349088965,0.35367096146822924,2.842952128009053
252,0,47d3e5fd43f9c0f6c6654fd57652371b6cebc0bc594f3e8abe89317fd50bef60:252,2,circular,inside,test_id,self_only,41,1.4006861286505041,-1.918996923358431,0.5788659599735724
252,1,47d3e5fd43f9c0f6c6654fd57652371b6cebc0bc594f3e8abe89317fd50bef60:252,2,circular,inside,test_id,self_only,41,1.4828979807241736,-1.4751849106860067,0.27735017779658383
253,0,47d3e5fd43f9c0f6c6654fd57652371b6cebc0bc594f3e8abe89317fd50bef60:253,2,circular,edge,test_id,self_only,41,0.5826676922186192,0.06209608098746296,3.0414765179209824
253,1,47d3e5fd43f9c0f6c6654fd57652371b6cebc0bc594f3e8abe89317fd50bef60:253,2,circular,edge,test_id,self_only,41,-1.4271526498452844,1.141108638851652,2.2250559410497415
254,0,47d3e5fd43f9c0f6c6654fd57652371b6cebc0bc594f3e8abe89317fd50bef60:254,1,circular,inside,test_id,self_only,41,-0.15414767095009713,-0.2815317592930699,1.7542732286539342
254,1,47d3e5fd43f9c0f6c6654fd57652371b6cebc0bc594f3e8abe89317fd50bef60:254,1,circular,inside,test_id,self_only,41,-0.4574178619043055,-0.40316139975308424,1.8104796566976709
255,0,47d3e5fd43f9c0f6c6654fd57652371b6cebc0bc594f3e8abe89317fd50bef60:255,0,circular,outside,test_id,self_only,41,-0.7781344813958827,0.31606138428927416,3.0844395475736746
255,1,47d3e5fd43f9c0f6c6654fd57652371b6cebc0bc594f3e8abe89317fd50bef60:255,0,circular,outside,test_id,self_only,41,-0.1548547459499064,-0.6512544087481403,4.1615025820764835
256,0,47d3e5fd43f9c0f6c6654fd57652371b6cebc0bc594f3e8abe89317fd50bef60:256,0,circular,outside,test_id,self_only,41,0.26788598171313377,-0.5990155271601582,3.96637781274766
256,1,47d3e5fd43f9c0f6c6654fd57652371b6cebc0bc594f3e8abe89317fd50bef60:256,0,circular,outside,test_id,self_only,41,1.3115398722036657,0.3563709028649425,5.361213603271915
257,0,47d3e5fd43f9c0f6c6654fd57652371b6cebc0bc594f3e8abe89317fd50bef60:257,2,circular,edge,test_id,self_only,41,4.913582070384818,-5.109582775027742,3.2313911076515978
257,1,47d3e5fd43f9c0f6c6654fd57652371b6cebc0bc594f3e8abe89317fd50bef60:257,2,circular,edge,test_id,self_only,41,4.689976914439994,-4.912279003055086,2.9332053999380543
258,0,47d3e5fd43f9c0f6c6654fd57652371b6cebc0bc594f3e8abe89317fd50bef60:258,1,circular,outside,test_id,self_only,41,-0.9721348447457973,0.9405516453671551,3.5829519296329626
258,1,47d3e5fd43f9c0f6c6654fd57652371b6cebc0bc594f3e8abe89317fd50bef60:258,1,circular,outside,test_id,self_only,41,-2.3307829064981167,0.12867689809084887,2.0033943131432697
259,0,47d3e5fd43f9c0f6c6654fd57652371b6cebc0bc594f3e8abe89317fd50bef60:259,2,circular,outside,test_id,self_only,41,-0.6539116067544642,-0.014667127968063395,3.317690478862732
259,1,47d3e5fd43f9c0f6c6654fd57652371b6cebc0bc594f3e8abe89317fd50bef60:259,2,circular,outside,test_id,self_only,41,0.0361290859325704,-0.3742034367632771,4.0045494867573215
260,0,47d3e5fd43f9c0f6c6654fd57652371b6cebc0bc594f3e8abe89317fd50bef60:260,2,elliptical,inside,test_ood,self_only,41,-3.289347426380319,1.5282813378262614,0.6346374897921654
260,1,47d3e5fd43f9c0f6c6654fd57652371b6cebc0bc594f3e8abe89317fd50bef60:260,2,elliptical,inside,test_ood,self_only,41,-3.558116213764352,2.1776043244290446,0.7549200931792887
261,0,47d3e5fd43f9c0f6c6654fd57652371b6cebc0bc594f3e8abe89317fd50bef60:261,1,elliptical,edge,test_id,self_only,41,0.8002464609487828,-1.0445542267870809,3.8554919386519106
261,1,47d3e5fd43f9c0f6c6654fd57652371b6cebc0bc594f3e8abe89317fd50bef60:261,1,elliptical,edge,test_id,self_only,41,1.0313963132246313,-1.0603732995104695,4.081026314856505
262,0,47d3e5fd43f9c0f6c6654fd57652371b6cebc0bc594f3e8abe89317fd50bef60:262,1,elliptical,outside,test_id,self_only,41,0.34934784344275566,-0.5420040420603657,3.062481414312006
262,1,47d3e5fd43f9c0f6c6654fd57652371b6cebc0bc594f3e8abe89317fd50bef60:262,1,elliptical,outside,test_id,self_only,41,-0.009486125196618136,-0.1443455598664189,3.5792612529156185
263,0,47d3e5fd43f9c0f6c6654fd57652371b6cebc0bc594f3e8abe89317fd50bef60:263,0,circular,inside,test_id,self_only,41,-0.16317701467434792,-0.5655184320521259,1.9821448826177817
263,1,47d3e5fd43f9c0f6c6654fd57652371b6cebc0bc594f3e8abe89317fd50bef60:263,0,circular,inside,test_id,self_only,41,0.3150271462543783,-0.10459073701619152,2.557652814656121
264,0,47d3e5fd43f9c0f6c6654fd57652371b6cebc0bc594f3e8abe89317fd50bef60:264,0,circular,edge,test_id,self_only,41,1.335042341266471,0.21599928220988268,3.2344528281783758
264,1,47d3e5fd43f9c0f6c6654fd57652371b6cebc0bc594f3e8abe89317fd50bef60:264,0,circular,edge,test_id,self_only,41,-0.024052755321663913,-0.17295946994542127,3.300930368970807
265,0,47d3e5fd43f9c0f6c6654fd57652371b6cebc0bc594f3e8abe89317fd50bef60:265,0,elliptical,outside,test_id,self_only,41,0.5053728359087285,-1.1901746920657064,5.543776812516369
265,1,47d3e5fd43f9c0f6c6654fd57652371b6cebc0bc594f3e8abe89317fd50bef60:265,0,elliptical,outside,test_id,self_only,41,0.974547966037589,-0.3557945422243977,5.432852811553084
266,0,47d3e5fd43f9c0f6c6654fd57652371b6cebc0bc594f3e8abe89317fd50bef60:266,1,circular,outside,test_id,self_only,41,-0.40316860505501656,-0.4541124633860493,4.005204448207211
266,1,47d3e5fd43f9c0f6c6654fd57652371b6cebc0bc594f3e8abe89317fd50bef60:266,1,circular,outside,test_id,self_only,41,-0.3167276544229212,-0.36080276289700514,3.923625440228865
267,0,47d3e5fd43f9c0f6c6654fd57652371b6cebc0bc594f3e8abe89317fd50bef60:267,1,elliptical,inside,test_id,self_only,41,0.5210187273367223,-0.5069265894007587,1.0465356617747614
267,1,47d3e5fd43f9c0f6c6654fd57652371b6cebc0bc594f3e8abe89317fd50bef60:267,1,elliptical,inside,test_id,self_only,41,0.2227838324650106,-0.7359439066958332,1.3664224451398914
268,0,47d3e5fd43f9c0f6c6654fd57652371b6cebc0bc594f3e8abe89317fd50bef60:268,2,circular,inside,test_id,self_only,41,0.27046210936148735,-0.7231593660426044,1.6440145196443567
268,1,47d3e5fd43f9c0f6c6654fd57652371b6cebc0bc594f3e8abe89317fd50bef60:268,2,circular,inside,test_id,self_only,41,-0.9040149612085048,-0.3347451619219685,0.5974713529958612
269,0,47d3e5fd43f9c0f6c6654fd57652371b6cebc0bc594f3e8abe89317fd50bef60:269,0,elliptical,inside,test_id,self_only,41,-0.5002409381524745,0.15886675497771258,2.7238495014352035
269,1,47d3e5fd43f9c0f6c6654fd57652371b6cebc0bc594f3e8abe89317fd50bef60:269,0,elliptical,inside,test_id,self_only,41,0.5254809992655095,0.5906197496342754,2.281762540348418
270,0,47d3e5fd43f9c0f6c6654fd57652371b6cebc0bc594f3e8abe89317fd50bef60:270,1,elliptical,edge,test_id,self_only,41,0.8464057283743199,-0.7370090416979694,3.7492192468121304
270,1,47d3e5fd43f9c0f6c6654fd57652371b6cebc0bc594f3e8abe89317fd50bef60:270,1,elliptical,edge,test_id,self_only,41,0.647953076873618,-0.23633340814827924,3.2380003295900095
271,0,47d3e5fd43f9c0f6c6654fd57652371b6cebc0bc594f3e8abe89317fd50bef60:271,2,elliptical,outside,test_ood,self_only,41,-1.39135803409974,0.5301501222539043,2.6210879425779816
271,1,47d3e5fd43f9c0f6c6654fd57652371b6cebc0bc594f3e8abe89317fd50bef60:271,2,elliptical,outside,test_ood,self_only,41,-1.0139808816568079,1.7629710503506755,2.774660326944706
272,0,47d3e5fd43f9c0f6c6654fd57652371b6cebc0bc594f3e8abe89317fd50bef60:272,1,elliptical,inside,test_id,self_only,41,-0.16141010948578743,-0.1265544972729588,2.478235734313081
272,1,47d3e5fd43f9c0f6c6654fd57652371b6cebc0bc594f3e8abe89317fd50bef60:272,1,elliptical,inside,test_id,self_only,41,0.5082867877825078,-0.0438567034315968,1.8458783707479751
273,0,47d3e5fd43f9c0f6c6654fd57652371b6cebc0bc594f3e8abe89317fd50bef60:273,0,elliptical,edge,test_id,self_only,41,-0.3555222911493006,0.8840307064938641,4.104617323919949
273,1,47d3e5fd43f9c0f6c6654fd57652371b6cebc0bc594f3e8abe89317fd50bef60:273,0,elliptical,edge,test_id,self_only,41,0.4267596440656957,-0.36205466905354505,2.693694604892924
274,0,47d3e5fd43f9c0f6c6654fd57652371b6cebc0bc594f3e8abe89317fd50bef60:274,0,elliptical,edge,test_id,self_only,41,1.0899773674352942,-0.5428222946238422,2.457185509249196
274,1,47d3e5fd43f9c0f6c6654fd57652371b6cebc0bc594f3e8abe89317fd50bef60:274,0,elliptical,edge,test_id,self_only,41,-1.3169818086282434,0.14618217131377215,3.9575423349931964
275,0,47d3e5fd43f9c0f6c6654fd57652371b6cebc0bc594f3e8abe89317fd50bef60:275,1,circular,edge,test_id,self_only,41,1.7342328863485632,-0.6320431164812946,1.438987650834663
275,1,47d3e5fd43f9c0f6c6654fd57652371b6cebc0bc594f3e8abe89317fd50bef60:275,1,circular,edge,test_id,self_only,41,-0.11443577834526926,0.39107818087817187,3.1327918981206606
276,0,47d3e5fd43f9c0f6c6654fd57652371b6cebc0bc594f3e8abe89317fd50bef60:276,2,elliptical,edge,test_ood,self_only,41,4.132138951335746,1.4911037751126384,1.6847451574598589
276,1,47d3e5fd43f9c0f6c6654fd57652371b6cebc0bc594f3e8abe89317fd50bef60:276,2,elliptical,edge,test_ood,self_only,41,4.092601521526175,1.0521267720151042,2.0095981778313656
277,0,47d3e5fd43f9c0f6c6654fd57652371b6cebc0bc594f3e8abe89317fd50bef60:277,1,elliptical,outside,test_id,self_only,41,-0.1728871924535456,0.8130607076573467,3.782818705569669
277,1,47d3e5fd43f9c0f6c6654fd57652371b6cebc0bc594f3e8abe89317fd50bef60:277,1,elliptical,outside,test_id,self_only,41,1.3582509594305334,-1.140168660075655,2.1356944390412655
278,0,47d3e5fd43f9c0f6c6654fd57652371b6cebc0bc594f3e8abe89317fd50bef60:278,2,circular,outside,test_id,self_only,41,0.8380049305303868,2.6334949799466227,1.5847031013252841
278,1,47d3e5fd43f9c0f6c6654fd57652371b6cebc0bc594f3e8abe89317fd50bef60:278,2,circular,outside,test_id,self_only,41,0.28697070351679893,2.5181924172329997,2.0072191008619384
279,0,47d3e5fd43f9c0f6c6654fd57652371b6cebc0bc594f3e8abe89317fd50bef60:279,0,elliptical,outside,test_id,self_only,41,1.0450500088079748,0.6091912456441021,5.15410627390773
279,1,47d3e5fd43f9c0f6c6654fd57652371b6cebc0bc594f3e8abe89317fd50bef60:279,0,elliptical,outside,test_id,self_only,41,1.4196694927557287,0.0620920949268436,5.71534225731692
280,0,47d3e5fd43f9c0f6c6654fd57652371b6cebc0bc594f3e8abe89317fd50bef60:280,0,elliptical,inside,test_id,self_only,41,0.620079918418723,0.1490507044482326,3.282152168887297
280,1,47d3e5fd43f9c0f6c6654fd57652371b6cebc0bc594f3e8abe89317fd50bef60:280,0,elliptical,inside,test_id,self_only,41,-0.8753566903726283,0.012447367666969258,2.480766068370768
281,0,47d3e5fd43f9c0f6c6654fd57652371b6cebc0bc594f3e8abe89317fd50bef60:281,1,circular,inside,test_id,self_only,41,1.1604893045767126,-0.06826926463960652,1.378613218518834
281,1,47d3e5fd43f9c0f6c6654fd57652371b6cebc0bc594f3e8abe89317fd50bef60:281,1,circular,inside,test_id,self_only,41,0.3639276163919744,0.0059505433428382465,0.6860424924972979
282,0,47d3e5fd43f9c0f6c6654fd57652371b6cebc0bc594f3e8abe89317fd50bef60:282,2,elliptical,edge,test_ood,self_only,41,-2.204921977008981,5.52344668587924,3.1729445581937723
282,1,47d3e5fd43f9c0f6c6654fd57652371b6cebc0bc594f3e8abe89317fd50bef60:282,2,elliptical,edge,test_ood,self_only,41,-1.7038995189325037,5.890257961361418,3.221333630335218
283,0,47d3e5fd43f9c0f6c6654fd57652371b6cebc0bc594f3e8abe89317fd50bef60:283,0,circular,edge,test_id,self_only,41,0.8728661375387486,-1.6824608973574544,4.931356490124872
283,1,47d3e5fd43f9c0f6c6654fd57652371b6cebc0bc594f3e8abe89317fd50bef60:283,0,circular,edge,test_id,self_only,41,-1.1146710080758753,0.9442670412945843,4.500131520156766
284,0,47d3e5fd43f9c0f6c6654fd57652371b6cebc0bc594f3e8abe89317fd50bef60:284,1,circular,edge,test_id,self_only,41,-1.479895369495553,-0.3724694780421162,4.252123102730321
284,1,47d3e5fd43f9c0f6c6654fd57652371b6cebc0bc594f3e8abe89317fd50bef60:284,1,circular,edge,test_id,self_only,41,-1.7090597314492884,-0.6409811905932331,4.280932228605015
285,0,47d3e5fd43f9c0f6c6654fd57652371b6cebc0bc594f3e8abe89317fd50bef60:285,2,elliptical,outside,test_ood,self_only,41,-2.950241581882638,-1.3609895638537313,1.0459883113335129
285,1,47d3e5fd43f9c0f6c6654fd57652371b6cebc0bc594f3e8abe89317fd50bef60:285,2,elliptical,outside,test_ood,self_only,41,-1.4250458640710535,-2.082075946719637,1.9037839546648556
286,0,47d3e5fd43f9c0f6c6654fd57652371b6cebc0bc594f3e8abe89317fd50bef60:286,0,circular,inside,test_id,self_only,41,-0.2891359491006556,0.3133112855839824,3.1893963785462436
286,1,47d3e5fd43f9c0f6c6654fd57652371b6cebc0bc594f3e8abe89317fd50bef60:286,0,circular,inside,test_id,self_only,41,0.21554960182746025,0.2954023250031566,3.500406937125574
287,0,47d3e5fd43f9c0f6c6654fd57652371b6cebc0bc594f3e8abe89317fd50bef60:287,2,elliptical,inside,test_ood,self_only,41,1.7058154182775793,1.2746646471905803,0.20667195916858067
287,1,47d3e5fd43f9c0f6c6654fd57652371b6cebc0bc594f3e8abe89317fd50bef60:287,2,elliptical,inside,test_ood,self_only,41,0.998168035064536,1.0528100796628093,0.9443517401352924
288,0,47d3e5fd43f9c0f6c6654fd57652371b6cebc0bc594f3e8abe89317fd50bef60:288,0,circular,outside,test_id,self_only,41,-0.42736999818245797,-0.2495623759341145,3.9714350480167475
288,1,47d3e5fd43f9c0f6c6654fd57652371b6cebc0bc594f3e8abe89317fd50bef60:288,0,circular,outside,test_id,self_only,41,0.8253472285612401,0.13625224611044878,2.6606516289894064
289,0,47d3e5fd43f9c0f6c6654fd57652371b6cebc0bc594f3e8abe89317fd50bef60:289,2,circular,outside,test_id,self_only,41,-6.085418955768747,0.3649262853551006,2.1365524440918637
289,1,47d3e5fd43f9c0f6c6654fd57652371b6cebc0bc594f3e8abe89317fd50bef60:289,2,circular,outside,test_id,self_only,41,-5.62177635857026,0.8261516757893658,1.6662057792165428
290,0,47d3e5fd43f9c0f6c6654fd57652371b6cebc0bc594f3e8abe89317fd50bef60:290,1,circular,inside,test_id,self_only,41,0.07200959942181677,-0.13778044352053648,3.6513132449965227
290,1,47d3e5fd43f9c0f6c6654fd57652371b6cebc0bc594f3e8abe89317fd50bef60:290,1,circular,inside,test_id,self_only,41,0.9284409718855199,-0.7251320413660908,3.8364092097854785
291,0,47d3e5fd43f9c0f6c6654fd57652371b6cebc0bc594f3e8abe89317fd50bef60:291,2,elliptical,inside,test_ood,self_only,41,-2.7300155324594204,0.035228870122442205,1.8138696014854983
291,1,47d3e5fd43f9c0f6c6654fd57652371b6cebc0bc594f3e8abe89317fd50bef60:291,2,elliptical,inside,test_ood,self_only,41,-3.1856854123727505,1.405896908848295,0.7700592860138403
292,0,47d3e5fd43f9c0f6c6654fd57652371b6cebc0bc594f3e8abe89317fd50bef60:292,0,circular,inside,test_id,self_only,41,-0.359028921808404,-0.5714289478373432,0.7309105086656179
292,1,47d3e5fd43f9c0f6c6654fd57652371b6cebc0bc594f3e8abe89317fd50bef60:292,0,circular,inside,test_id,self_only,41,-0.7039188904420558,0.18775298377753252,0.11074547678282125
293,0,47d3e5fd43f9c0f6c6654fd57652371b6cebc0bc594f3e8abe89317fd50bef60:293,0,circular,outside,test_id,self_only,41,1.7063608007772741,-0.17548931458710676,3.3399668276386896
293,1,47d3e5fd43f9c0f6c6654fd57652371b6cebc0bc594f3e8abe89317fd50bef60:293,0,circular,outside,test_id,self_only,41,0.04209997377236456,-0.009431120694866221,4.238012105717087
294,0,47d3e5fd43f9c0f6c6654fd57652371b6cebc0bc594f3e8abe89317fd50bef60:294,0,elliptical,edge,test_id,self_only,41,0.7620595531805333,-0.8728434971880817,3.9811147836509013
294,1,47d3e5fd43f9c0f6c6654fd57652371b6cebc0bc594f3e8abe89317fd50bef60:294,0,elliptical,edge,test_id,self_only,41,-0.29447497555176644,0.48798025330782885,3.7963795566062974
295,0,47d3e5fd43f9c0f6c6654fd57652371b6cebc0bc594f3e8abe89317fd50bef60:295,2,circular,edge,test_id,self_only,41,-1.133857624019784,-0.43991106072186476,2.6875561064043563
295,1,47d3e5fd43f9c0f6c6654fd57652371b6cebc0bc594f3e8abe89317fd50bef60:295,2,circular,edge,test_id,self_only,41,1.21322439483245,-1.0218170813631917,2.5003427121462436
296,0,47d3e5fd43f9c0f6c6654fd57652371b6cebc0bc594f3e8abe89317fd50bef60:296,0,elliptical,inside,test_id,self_only,41,0.09616821131547064,0.34821654042483324,3.3308268982073117
296,1,47d3e5fd43f9c0f6c6654fd57652371b6cebc0bc594f3e8abe89317fd50bef60:296,0,elliptical,inside,test_id,self_only,41,-0.014639408673447665,0.10046439549208637,3.0685825560863753
297,0,47d3e5fd43f9c0f6c6654fd57652371b6cebc0bc594f3e8abe89317fd50bef60:297,0,circular,inside,test_id,self_only,41,-0.25082464643875985,0.5452786155629253,2.531518517223476
297,1,47d3e5fd43f9c0f6c6654fd57652371b6cebc0bc594f3e8abe89317fd50bef60:297,0,circular,inside,test_id,self_only,41,0.7632965879782018,-0.48057039895771986,3.361223614455008
298,0,47d3e5fd43f9c0f6c6654fd57652371b6cebc0bc594f3e8abe89317fd50bef60:298,2,circular,inside,test_id,self_only,41,-0.8814804119722072,1.7687808342862223,0.2920216021021421
298,1,47d3e5fd43f9c0f6c6654fd57652371b6cebc0bc594f3e8abe89317fd50bef60:298,2,circular,inside,test_id,self_only,41,-1.0463644427911463,0.5606695481228924,0.9792967914744699
299,0,47d3e5fd43f9c0f6c6654fd57652371b6cebc0bc594f3e8abe89317fd50bef60:299,1,circular,outside,test_id,self_only,41,0.4384817915304479,0.15072270414114947,3.6532833808263545
299,1,47d3e5fd43f9c0f6c6654fd57652371b6cebc0bc594f3e8abe89317fd50bef60:299,1,circular,outside,test_id,self_only,41,1.3031395511968908,0.5389691658902264,2.7073223490149014
300,0,47d3e5fd43f9c0f6c6654fd57652371b6cebc0bc594f3e8abe89317fd50bef60:300,0,elliptical,outside,test_id,self_only,41,-0.26622994371811776,-0.5322236351084614,4.8547992489298055
300,1,47d3e5fd43f9c0f6c6654fd57652371b6cebc0bc594f3e8abe89317fd50bef60:300,0,elliptical,outside,test_id,self_only,41,-1.273999111141366,0.38279122790575976,5.340145202144166
301,0,47d3e5fd43f9c0f6c6654fd57652371b6cebc0bc594f3e8abe89317fd50bef60:301,1,elliptical,inside,test_id,self_only,41,-0.9523350162164393,0.3186874755311107,0.6856815191304156
301,1,47d3e5fd43f9c0f6c6654fd57652371b6cebc0bc594f3e8abe89317fd50bef60:301,1,elliptical,inside,test_id,self_only,41,1.1352271871908484,-1.1673391989779378,1.918334158791788
302,0,47d3e5fd43f9c0f6c6654fd57652371b6cebc0bc594f3e8abe89317fd50bef60:302,0,circular,edge,test_id,self_only,41,0.6098162966116246,-0.4089537791323567,2.4518503076087685
302,1,47d3e5fd43f9c0f6c6654fd57652371b6cebc0bc594f3e8abe89317fd50bef60:302,0,circular,edge,test_id,self_only,41,-1.1920483274118128,0.6279291578221416,4.481089885963066
303,0,47d3e5fd43f9c0f6c6654fd57652371b6cebc0bc594f3e8abe89317fd50bef60:303,0,elliptical,inside,test_id,self_only,41,-0.4599851531640711,-0.26957192340611463,1.1623991571132777
303,1,47d3e5fd43f9c0f6c6654fd57652371b6cebc0bc594f3e8abe89317fd50bef60:303,0,elliptical,inside,test_id,self_only,41,-0.24827857443253426,-0.38989495554684644,1.1666754625780569
304,0,47d3e5fd43f9c0f6c6654fd57652371b6cebc0bc594f3e8abe89317fd50bef60:304,2,elliptical,edge,test_ood,self_only,41,1.9036680298193274,-1.6305650405001546,1.3815217813631795
304,1,47d3e5fd43f9c0f6c6654fd57652371b6cebc0bc594f3e8abe89317fd50bef60:304,2,elliptical,edge,test_ood,self_only,41,1.878634436641532,-1.0613328150820638,1.9450392982759974
305,0,47d3e5fd43f9c0f6c6654fd57652371b6cebc0bc594f3e8abe89317fd50bef60:305,0,elliptical,edge,test_id,self_only,41,0.5999559002264317,0.5374536581921673,3.9797537314287417
305,1,47d3e5fd43f9c0f6c6654fd57652371b6cebc0bc594f3e8abe89317fd50bef60:305,0,elliptical,edge,test_id,self_only,41,-0.3764127654687586,-0.6678073338580036,3.6438908545266986
306,0,47d3e5fd43f9c0f6c6654fd57652371b6cebc0bc594f3e8abe89317fd50bef60:306,2,elliptical,edge,test_ood,self_only,41,0.5986630158766088,-0.3478289476942921,3.4984375538540338
306,1,47d3e5fd43f9c0f6c6654fd57652371b6cebc0bc594f3e8abe89317fd50bef60:306,2,elliptical,edge,test_ood,self_only,41,-1.1051372451440515,1.4490330286908244,1.6968636811744728
307,0,47d3e5fd43f9c0f6c6654fd57652371b6cebc0bc594f3e8abe89317fd50bef60:307,1,elliptical,edge,test_id,self_only,41,0.6298693852766332,0.04025421222926136,2.9936647168178947
307,1,47d3e5fd43f9c0f6c6654fd57652371b6cebc0bc594f3e8abe89317fd50bef60:307,1,elliptical,edge,test_id,self_only,41,-0.4633523387567225,0.2069517441678142,3.1907220942889194
308,0,47d3e5fd43f9c0f6c6654fd57652371b6cebc0bc594f3e8abe89317fd50bef60:308,1,circular,outside,test_id,self_only,41,-0.27516026922623543,-0.2899144224238301,4.327736306854644
308,1,47d3e5fd43f9c0f6c6654fd57652371b6cebc0bc594f3e8abe89317fd50bef60:308,1,circular,outside,test_id,self_only,41,-0.9979264897958461,-0.30102118173359876,3.754359828475823
309,0,47d3e5fd43f9c0f6c6654fd57652371b6cebc0bc594f3e8abe89317fd50bef60:309,2,circular,inside,test_id,self_only,41,1.043974442993003,0.10475226423026081,1.4583234901399251
309,1,47d3e5fd43f9c0f6c6654fd57652371b6cebc0bc594f3e8abe89317fd50bef60:309,2,circular,inside,test_id,self_only,41,0.374782158647376,1.0252268382001017,0.5819763401392204
310,0,47d3e5fd43f9c0f6c6654fd57652371b6cebc0bc594f3e8abe89317fd50bef60:310,1,elliptical,edge,test_id,self_only,41,-0.5430619878427211,1.4501611061978434,3.658143927878446
310,1,47d3e5fd43f9c0f6c6654fd57652371b6cebc0bc594f3e8abe89317fd50bef60:310,1,elliptical,edge,test_id,self_only,41,0.5091737943037328,-0.35359426656483656,3.6838238546275694
311,0,47d3e5fd43f9c0f6c6654fd57652371b6cebc0bc594f3e8abe89317fd50bef60:311,1,elliptical,outside,test_id,self_only,41,-0.6660896701471034,0.44945127448321337,4.140539566829065
311,1,47d3e5fd43f9c0f6c6654fd57652371b6cebc0bc594f3e8abe89317fd50bef60:311,1,elliptical,outside,test_id,self_only,41,1.317610962901908,-0.026730117143383067,2.286199531136968
312,0,47d3e5fd43f9c0f6c6654fd57652371b6cebc0bc594f3e8abe89317fd50bef60:312,2,circular,outside,test_id,self_only,41,1.4930469827993689,-0.0667240440261269,2.3442320308535827
312,1,47d3e5fd43f9c0f6c6654fd57652371b6cebc0bc594f3e8abe89317fd50bef60:312,2,circular,outside,test_id,self_only,41,0.3851712184294042,0.3301015563893413,3.1411681708426977
313,0,47d3e5fd43f9c0f6c6654fd57652371b6cebc0bc594f3e8abe89317fd50bef60:313,1,circular,inside,test_id,self_only,41,-0.9807810945169154,-0.5928920439791584,1.8166682118337167
313,1,47d3e5fd43f9c0f6c6654fd57652371b6cebc0bc594f3e8abe89317fd50bef60:313,1,circular,inside,test_id,self_only,41,0.7389544086798009,-0.2141787491154576,0.640573324180749
314,0,47d3e5fd43f9c0f6c6654fd57652371b6cebc0bc594f3e8abe89317fd50bef60:314,1,elliptical,outside,test_id,self_only,41,-0.14373681076924233,-0.9200593165469074,3.8232894351061586
314,1,47d3e5fd43f9c0f6c6654fd57652371b6cebc0bc594f3e8abe89317fd50bef60:314,1,elliptical,outside,test_id,self_only,41,-0.13156516977707772,-0.4007034234118367,4.026659678103375
315,0,47d3e5fd43f9c0f6c6654fd57652371b6cebc0bc594f3e8abe89317fd50bef60:315,2,circular,edge,test_id,self_only,41,-1.6088209314004602,1.4732738800931071,1.890930390193374
315,1,47d3e5fd43f9c0f6c6654fd57652371b6cebc0bc594f3e8abe89317fd50bef60:315,2,circular,edge,test_id,self_only,41,-0.9553499383584682,0.7826480337071514,2.1280983526572195
316,0,47d3e5fd43f9c0f6c6654fd57652371b6cebc0bc594f3e8abe89317fd50bef60:316,1,circular,edge,test_id,self_only,41,-0.5550491971627894,-0.285688155086031,2.9524013200639367
316,1,47d3e5fd43f9c0f6c6654fd57652371b6cebc0bc594f3e8abe89317fd50bef60:316,1,circular,edge,test_id,self_only,41,0.7300463157041844,-0.17037013986824995,4.128816543651622
317,0,47d3e5fd43f9c0f6c6654fd57652371b6cebc0bc594f3e8abe89317fd50bef60:317,0,elliptical,outside,test_id,self_only,41,0.9579134421690282,-0.6508353880953693,4.805579441145342
317,1,47d3e5fd43f9c0f6c6654fd57652371b6cebc0bc594f3e8abe89317fd50bef60:317,0,elliptical,outside,test_id,self_only,41,-0.13768239447037606,0.49516469916583056,4.232289358594955
318,0,47d3e5fd43f9c0f6c6654fd57652371b6cebc0bc594f3e8abe89317fd50bef60:318,2,elliptical,outside,test_ood,self_only,41,-4.4565007848397915,-0.309706025512209,0.9497180472813355
318,1,47d3e5fd43f9c0f6c6654fd57652371b6cebc0bc594f3e8abe89317fd50bef60:318,2,elliptical,outside,test_ood,self_only,41,-4.272724883045358,1.0151927538800334,1.906534033640886
319,0,47d3e5fd43f9c0f6c6654fd57652371b6cebc0bc594f3e8abe89317fd50bef60:319,0,circular,edge,test_id,self_only,41,-0.3440543276921931,-0.19883137264966017,3.311984185252379
319,1,47d3e5fd43f9c0f6c6654fd57652371b6cebc0bc594f3e8abe89317fd50bef60:319,0,circular,edge,test_id,self_only,41,-0.06950524577061563,0.3104262419629192,3.889384524496116
320,0,47d3e5fd43f9c0f6c6654fd57652371b6cebc0bc594f3e8abe89317fd50bef60:320,2,elliptical,outside,test_ood,self_only,41,1.288603051219779,1.9979745217251872,1.6895244116304164
320,1,47d3e5fd43f9c0f6c6654fd57652371b6cebc0bc594f3e8abe89317fd50bef60:320,2,elliptical,outside,test_ood,self_only,41,1.4057912664755163,2.365732080547819,1.3508548219674705
321,0,47d3e5fd43f9c0f6c6654fd57652371b6cebc0bc594f3e8abe89317fd50bef60:321,1,elliptical,inside,test_id,self_only,41,0.3596060412271795,-0.37396331945179945,1.941490656379059
321,1,47d3e5fd43f9c0f6c6654fd57652371b6cebc0bc594f3e8abe89317fd50bef60:321,1,elliptical,inside,test_id,self_only,41,-0.05861592420498758,0.059545151202688176,1.7763464753675005
322,0,47d3e5fd43f9c0f6c6654fd57652371b6cebc0bc594f3e8abe89317fd50bef60:322,1,circular,edge,test_id,self_only,41,-1.415002243007821,-0.19723749974488264,2.7801502421977067
322,1,47d3e5fd43f9c0f6c6654fd57652371b6cebc0bc594f3e8abe89317fd50bef60:322,1,circular,edge,test_id,self_only,41,0.36711077264388176,0.31595826825381274,3.8044004577358175
323,0,47d3e5fd43f9c0f6c6654fd57652371b6cebc0bc594f3e8abe89317fd50bef60:323,2,elliptical,inside,test_ood,self_only,41,1.6183886366232214,-0.8808766535830402,2.6504257309511816
323,1,47d3e5fd43f9c0f6c6654fd57652371b6cebc0bc594f3e8abe89317fd50bef60:323,2,elliptical,inside,test_ood,self_only,41,0.9802064733846959,-0.2813554040503407,2.657092187555472
324,0,47d3e5fd43f9c0f6c6654fd57652371b6cebc0bc594f3e8abe89317fd50bef60:324,1,circular,inside,test_id,self_only,41,-0.7461369199411098,0.02944356879473682,0.8848542519517891
324,1,47d3e5fd43f9c0f6c6654fd57652371b6cebc0bc594f3e8abe89317fd50bef60:324,1,circular,inside,test_id,self_only,41,-0.6538470549241725,0.7689954110074139,0.2886578712257983
325,0,47d3e5fd43f9c0f6c6654fd57652371b6cebc0bc594f3e8abe89317fd50bef60:325,0,circular,outside,test_id,self_only,41,0.19260309508879753,0.34718621453524584,3.8748626001822863
325,1,47d3e5fd43f9c0f6c6654fd57652371b6cebc0bc594f3e8abe89317fd50bef60:325,0,circular,outside,test_id,self_only,41,0.10179774335463614,-0.6049923829150105,3.4726529938484996
326,0,47d3e5fd43f9c0f6c6654fd57652371b6cebc0bc594f3e8abe89317fd50bef60:326,0,elliptical,outside,test_id,self_only,41,-0.4899459046975794,0.5054860778737164,3.5377003721933376
326,1,47d3e5fd43f9c0f6c6654fd57652371b6cebc0bc594f3e8abe89317fd50bef60:326,0,elliptical,outside,test_id,self_only,41,-1.1766243142739954,-0.3975089124750996,3.604546788598028
327,0,47d3e5fd43f9c0f6c6654fd57652371b6cebc0bc594f3e8abe89317fd50bef60:327,0,elliptical,edge,test_id,self_only,41,0.6868727641447362,-0.1652455113243962,2.3638362812765457
327,1,47d3e5fd43f9c0f6c6654fd57652371b6cebc0bc594f3e8abe89317fd50bef60:327,0,elliptical,edge,test_id,self_only,41,0.2986905264004049,0.696904368011961,3.019480982227149
328,0,47d3e5fd43f9c0f6c6654fd57652371b6cebc0bc594f3e8abe89317fd50bef60:328,0,elliptical,inside,test_id,self_only,41,0.1467279630049047,-0.7902584008288288,2.5969564501019207
328,1,47d3e5fd43f9c0f6c6654fd57652371b6cebc0bc594f3e8abe89317fd50bef60:328,0,elliptical,inside,test_id,self_only,41,-0.11292752751271158,-0.13686201790093427,2.445053713671327
329,0,47d3e5fd43f9c0f6c6654fd57652371b6cebc0bc594f3e8abe89317fd50bef60:329,1,elliptical,outside,test_id,self_only,41,0.24659708014567466,-0.576310747058382,3.4728113233670093
329,1,47d3e5fd43f9c0f6c6654fd57652371b6cebc0bc594f3e8abe89317fd50bef60:329,1,elliptical,outside,test_id,self_only,41,0.9911488728864964,0.08953642031432148,2.899034031196169
330,0,47d3e5fd43f9c0f6c6654fd57652371b6cebc0bc594f3e8abe89317fd50bef60:330,1,circular,outside,test_id,self_only,41,-0.8734048766748134,0.2882689901280498,3.259059994996744
330,1,47d3e5fd43f9c0f6c6654fd57652371b6cebc0bc594f3e8abe89317fd50bef60:330,1,circular,outside,test_id,self_only,41,-0.26405765243927865,0.028266615479001958,3.603513815818653
331,0,47d3e5fd43f9c0f6c6654fd57652371b6cebc0bc594f3e8abe89317fd50bef60:331,1,elliptical,inside,test_id,self_only,41,-0.34517066308419136,0.12470952352763172,2.803678267348015
331,1,47d3e5fd43f9c0f6c6654fd57652371b6cebc0bc594f3e8abe89317fd50bef60:331,1,elliptical,inside,test_id,self_only,41,-0.29916469880501656,-0.11496626654385571,3.0468086232587166
332,0,47d3e5fd43f9c0f6c6654fd57652371b6cebc0bc594f3e8abe89317fd50bef60:332,0,circular,inside,test_id,self_only,41,-0.09125147887627512,0.07295606961728092,2.3782213675111157
332,1,47d3e5fd43f9c0f6c6654fd57652371b6cebc0bc594f3e8abe89317fd50bef60:332,0,circular,inside,test_id,self_only,41,0.8121933179243382,0.2755808897900676,2.5640495103689993
333,0,47d3e5fd43f9c0f6c6654fd57652371b6cebc0bc594f3e8abe89317fd50bef60:333,0,elliptical,inside,test_id,self_only,41,0.07691616437275976,-0.8941703967165852,1.674656572472267
333,1,47d3e5fd43f9c0f6c6654fd57652371b6cebc0bc594f3e8abe89317fd50bef60:333,0,elliptical,inside,test_id,self_only,41,-0.05592540034214884,-0.2562513581824208,1.6295052835873498
334,0,47d3e5fd43f9c0f6c6654fd57652371b6cebc0bc594f3e8abe89317fd50bef60:334,1,circular,inside,test_id,self_only,41,0.13051519415219398,-0.28164038875817304,3.6755747130290857
334,1,47d3e5fd43f9c0f6c6654fd57652371b6cebc0bc594f3e8abe89317fd50bef60:334,1,circular,inside,test_id,self_only,41,-0.2069688005105677,-0.39871796289204603,3.97273416645871
335,0,47d3e5fd43f9c0f6c6654fd57652371b6cebc0bc594f3e8abe89317fd50bef60:335,0,circular,inside,test_id,self_only,41,0.08059260121424765,0.27917102655650133,2.5301232152028215
335,1,47d3e5fd43f9c0f6c6654fd57652371b6cebc0bc594f3e8abe89317fd50bef60:335,0,circular,inside,test_id,self_only,41,0.4412175255163488,0.8952126570630169,3.2425018202605616
336,0,47d3e5fd43f9c0f6c6654fd57652371b6cebc0bc594f3e8abe89317fd50bef60:336,0,elliptical,outside,test_id,self_only,41,-1.3429858846322718,-0.3768507174563313,3.603875108418463
336,1,47d3e5fd43f9c0f6c6654fd57652371b6cebc0bc594f3e8abe89317fd50bef60:336,0,elliptical,outside,test_id,self_only,41,-0.12797400483052163,-0.05667054349302296,3.607513842608471
337,0,47d3e5fd43f9c0f6c6654fd57652371b6cebc0bc594f3e8abe89317fd50bef60:337,1,circular,edge,test_id,self_only,41,0.35486696532805534,-0.053221245051612895,3.0832671360474464
337,1,47d3e5fd43f9c0f6c6654fd57652371b6cebc0bc594f3e8abe89317fd50bef60:337,1,circular,edge,test_id,self_only,41,-1.0430710477487268,0.4217976995396709,3.4568067375564615
338,0,47d3e5fd43f9c0f6c6654fd57652371b6cebc0bc594f3e8abe89317fd50bef60:338,0,circular,edge,test_id,self_only,41,-0.4728444380418482,-0.11679082432507519,3.164579306936662
338,1,47d3e5fd43f9c0f6c6654fd57652371b6cebc0bc594f3e8abe89317fd50bef60:338,0,circular,edge,test_id,self_only,41,0.3742549853666601,-0.844715230853548,4.089965115375187
339,0,47d3e5fd43f9c0f6c6654fd57652371b6cebc0bc594f3e8abe89317fd50bef60:339,0,circular,edge,test_id,self_only,41,0.25602002314169975,-0.43441837349652296,2.910909673438242
339,1,47d3e5fd43f9c0f6c6654fd57652371b6cebc0bc594f3e8abe89317fd50bef60:339,0,circular,edge,test_id,self_only,41,0.7145674662931737,-0.5341253213000202,2.4460919171654156
340,0,47d3e5fd43f9c0f6c6654fd57652371b6cebc0bc594f3e8abe89317fd50bef60:340,2,circular,outside,test_id,self_only,41,0.4002644257887182,-0.9976614646029377,2.8888055324426842
340,1,47d3e5fd43f9c0f6c6654fd57652371b6cebc0bc594f3e8abe89317fd50bef60:340,2,circular,outside,test_id,self_only,41,-0.36308236547867684,-0.5868867568087482,3.548131820333088
341,0,47d3e5fd43f9c0f6c6654fd57652371b6cebc0bc594f3e8abe89317fd50bef60:341,2,elliptical,outside,test_ood,self_only,41,-4.649015681232614,-2.8541296652865316,1.8235328354788911
341,1,47d3e5fd43f9c0f6c6654fd57652371b6cebc0bc594f3e8abe89317fd50bef60:341,2,elliptical,outside,test_ood,self_only,41,-5.352053896869821,-1.8953725031924153,2.8530557509139287
342,0,47d3e5fd43f9c0f6c6654fd57652371b6cebc0bc594f3e8abe89317fd50bef60:342,2,elliptical,inside,test_ood,self_only,41,-0.0003833336488428679,-0.9951953820300007,1.0450507133855678
342,1,47d3e5fd43f9c0f6c6654fd57652371b6cebc0bc594f3e8abe89317fd50bef60:342,2,elliptical,inside,test_ood,self_only,41,-1.0408302707330408,-0.09010110491632466,0.4552537384840539
343,0,47d3e5fd43f9c0f6c6654fd57652371b6cebc0bc594f3e8abe89317fd50bef60:343,2,circular,inside,test_id,self_only,41,2.98080514243682,-2.1246308020663167,0.6616610926160221
343,1,47d3e5fd43f9c0f6c6654fd57652371b6cebc0bc594f3e8abe89317fd50bef60:343,2,circular,inside,test_id,self_only,41,1.9020268755300818,-1.5714942149233724,0.5575673437519297
344,0,47d3e5fd43f9c0f6c6654fd57652371b6cebc0bc594f3e8abe89317fd50bef60:344,2,circular,inside,test_id,self_only,41,-0.79665805527131,-2.8759287528109456,1.5400155647684868
344,1,47d3e5fd43f9c0f6c6654fd57652371b6cebc0bc594f3e8abe89317fd50bef60:344,2,circular,inside,test_id,self_only,41,-0.44644327589432625,-3.52533637800931,2.2221257870873337
345,0,47d3e5fd43f9c0f6c6654fd57652371b6cebc0bc594f3e8abe89317fd50bef60:345,2,elliptical,edge,test_ood,self_only,41,1.370880587611991,-1.6892009905886556,1.8328260506852416
345,1,47d3e5fd43f9c0f6c6654fd57652371b6cebc0bc594f3e8abe89317fd50bef60:345,2,elliptical,edge,test_ood,self_only,41,0.5855570869787511,-1.2825128964495565,1.7875945855520212
346,0,47d3e5fd43f9c0f6c6654fd57652371b6cebc0bc594f3e8abe89317fd50bef60:346,1,elliptical,edge,test_id,self_only,41,0.5174321966512975,0.2724092670369243,2.508334807114934
346,1,47d3e5fd43f9c0f6c6654fd57652371b6cebc0bc594f3e8abe89317fd50bef60:346,1,elliptical,edge,test_id,self_only,41,0.4057641463621435,-0.503685676248064,2.627613737637959
347,0,47d3e5fd43f9c0f6c6654fd57652371b6cebc0bc594f3e8abe89317fd50bef60:347,0,circular,outside,test_id,self_only,41,0.5052654581411656,0.22454214772463793,3.725340561463531
347,1,47d3e5fd43f9c0f6c6654fd57652371b6cebc0bc594f3e8abe89317fd50bef60:347,0,circular,outside,test_id,self_only,41,0.3707586961134252,-0.41871296683072096,4.11843364607605
348,0,47d3e5fd43f9c0f6c6654fd57652371b6cebc0bc594f3e8abe89317fd50bef60:348,2,circular,outside,test_id,self_only,41,1.9834480123861609,-0.04304156893610005,1.309198355355564
348,1,47d3e5fd43f9c0f6c6654fd57652371b6cebc0bc594f3e8abe89317fd50bef60:348,2,circular,outside,test_id,self_only,41,1.6238515215261755,-0.4767221144747639,1.7318381577451893
349,0,47d3e5fd43f9c0f6c6654fd57652371b6cebc0bc594f3e8abe89317fd50bef60:349,1,elliptical,edge,test_id,self_only,41,0.2322524922235784,-0.42691295662640577,3.6867046486488206
349,1,47d3e5fd43f9c0f6c6654fd57652371b6cebc0bc594f3e8abe89317fd50bef60:349,1,elliptical,edge,test_id,self_only,41,1.095393879924613,-1.1086106232714559,4.774820157259469
350,0,47d3e5fd43f9c0f6c6654fd57652371b6cebc0bc594f3e8abe89317fd50bef60:350,0,elliptical,edge,test_id,self_only,41,-0.6888857049600307,-0.6799263290476704,3.7400264214547367
350,1,47d3e5fd43f9c0f6c6654fd57652371b6cebc0bc594f3e8abe89317fd50bef60:350,0,elliptical,edge,test_id,self_only,41,0.2335129218443212,-0.04020406001924519,3.4309666177292817
351,0,47d3e5fd43f9c0f6c6654fd57652371b6cebc0bc594f3e8abe89317fd50bef60:351,1,elliptical,inside,test_id,self_only,41,0.27619823685725303,-0.6327583126139545,2.7837333494560683
351,1,47d3e5fd43f9c0f6c6654fd57652371b6cebc0bc594f3e8abe89317fd50bef60:351,1,elliptical,inside,test_id,self_only,41,0.7668419318540868,-0.75027077713727,2.311620823126066
352,0,47d3e5fd43f9c0f6c6654fd57652371b6cebc0bc594f3e8abe89317fd50bef60:352,2,circular,edge,test_id,self_only,41,-1.598305956806344,-0.30925392428158766,1.401815533966792
352,1,47d3e5fd43f9c0f6c6654fd57652371b6cebc0bc594f3e8abe89317fd50bef60:352,2,circular,edge,test_id,self_only,41,-0.44555343815247445,-0.38541036167859083,2.556198081279563
353,0,47d3e5fd43f9c0f6c6654fd57652371b6cebc0bc594f3e8abe89317fd50bef60:353,1,circular,outside,test_id,self_only,41,-0.25466399022499947,-0.5294834307742023,4.301648111188243
353,1,47d3e5fd43f9c0f6c6654fd57652371b6cebc0bc594f3e8abe89317fd50bef60:353,1,circular,outside,test_id,self_only,41,-0.8036062879220668,0.7421816655087566,3.2338955918429453
354,0,47d3e5fd43f9c0f6c6654fd57652371b6cebc0bc594f3e8abe89317fd50bef60:354,2,elliptical,edge,test_ood,self_only,41,1.2169349031790075,3.6294025250363444,0.6791811847270152
354,1,47d3e5fd43f9c0f6c6654fd57652371b6cebc0bc594f3e8abe89317fd50bef60:354,2,elliptical,edge,test_ood,self_only,41,0.605717285190421,3.851888782589445,0.9232798064913202
355,0,47d3e5fd43f9c0f6c6654fd57652371b6cebc0bc594f3e8abe89317fd50bef60:355,2,circular,edge,test_id,self_only,41,-0.514156834568185,1.195351130573759,1.8048007007951061
355,1,47d3e5fd43f9c0f6c6654fd57652371b6cebc0bc594f3e8abe89317fd50bef60:355,2,circular,edge,test_id,self_only,41,-0.5530038041726771,1.4413541623044108,1.5587222804850456
356,0,47d3e5fd43f9c0f6c6654fd57652371b6cebc0bc594f3e8abe89317fd50bef60:356,2,elliptical,outside,test_ood,self_only,41,-1.7796100539819422,0.70541108330966,3.349537351569882
356,1,47d3e5fd43f9c0f6c6654fd57652371b6cebc0bc594f3e8abe89317fd50bef60:356,2,elliptical,outside,test_ood,self_only,41,-1.247406618084115,-0.2728248170924092,4.450480188617015
357,0,47d3e5fd43f9c0f6c6654fd57652371b6cebc0bc594f3e8abe89317fd50bef60:357,1,elliptical,outside,test_id,self_only,41,-0.5560007853166286,-0.06588379734872822,4.7015598969783845
357,1,47d3e5fd43f9c0f6c6654fd57652371b6cebc0bc594f3e8abe89317fd50bef60:357,1,elliptical,outside,test_id,self_only,41,1.4717455940588293,-0.178843729884615,3.8193860231967647
358,0,47d3e5fd43f9c0f6c6654fd57652371b6cebc0bc594f3e8abe89317fd50bef60:358,2,elliptical,inside,test_ood,self_only,41,-2.651103274311227,2.497840292065153,0.7672345220308759
358,1,47d3e5fd43f9c0f6c6654fd57652371b6cebc0bc594f3e8abe89317fd50bef60:358,2,elliptical,inside,test_ood,self_only,41,-1.7460466785089197,1.28172088345767,1.1605967283310088
359,0,47d3e5fd43f9c0f6c6654fd57652371b6cebc0bc594f3e8abe89317fd50bef60:359,1,circular,edge,test_id,self_only,41,0.9701083736761388,-0.5842755965304279,2.737556731244951
359,1,47d3e5fd43f9c0f6c6654fd57652371b6cebc0bc594f3e8abe89317fd50bef60:359,1,circular,edge,test_id,self_only,41,1.0489719348295508,0.12263711473227497,3.2057569594569713
0,0,47d3e5fd43f9c0f6c6654fd57652371b6cebc0bc594f3e8abe89317fd50bef60:0,2,circular,outside,test_id,self_only,42,-1.0229517383233728,-1.69760143080472,2.725293949715015
0,1,47d3e5fd43f9c0f6c6654fd57652371b6cebc0bc594f3e8abe89317fd50bef60:0,2,circular,outside,test_id,self_only,42,-2.299700514759225,-1.0917354754519368,2.729179322804497
1,0,47d3e5fd43f9c0f6c6654fd57652371b6cebc0bc594f3e8abe89317fd50bef60:1,1,elliptical,outside,test_id,self_only,42,-0.32242973276535897,-0.632674866111269,3.454814937126563
1,1,47d3e5fd43f9c0f6c6654fd57652371b6cebc0bc594f3e8abe89317fd50bef60:1,1,elliptical,outside,test_id,self_only,42,-0.36694963404099373,-0.39540167966603285,3.641237636335274
2,0,47d3e5fd43f9c0f6c6654fd57652371b6cebc0bc594f3e8abe89317fd50bef60:2,1,elliptical,inside,test_id,self_only,42,0.1311133714659986,0.5681949921536541,2.6076397035737497
2,1,47d3e5fd43f9c0f6c6654fd57652371b6cebc0bc594f3e8abe89317fd50bef60:2,1,elliptical,inside,test_id,self_only,42,0.36465437582572074,-0.25959795037030226,1.766004492033056
3,0,47d3e5fd43f9c0f6c6654fd57652371b6cebc0bc594f3e8abe89317fd50bef60:3,0,circular,outside,test_id,self_only,42,1.1735977964742956,0.36700714310885424,3.693299450127791
3,1,47d3e5fd43f9c0f6c6654fd57652371b6cebc0bc594f3e8abe89317fd50bef60:3,0,circular,outside,test_id,self_only,42,-0.046116696085137424,0.26966521820307726,4.1795729788470135
4,0,47d3e5fd43f9c0f6c6654fd57652371b6cebc0bc594f3e8abe89317fd50bef60:4,2,elliptical,inside,test_ood,self_only,42,-0.38988401123444466,0.8321401544499493,1.8021333323792685
4,1,47d3e5fd43f9c0f6c6654fd57652371b6cebc0bc594f3e8abe89317fd50bef60:4,2,elliptical,inside,test_ood,self_only,42,0.06537625065882773,0.7893839546132183,2.0271704107478543
5,0,47d3e5fd43f9c0f6c6654fd57652371b6cebc0bc594f3e8abe89317fd50bef60:5,0,elliptical,outside,test_id,self_only,42,0.654815300021964,0.2611312933850383,3.8070902975974956
5,1,47d3e5fd43f9c0f6c6654fd57652371b6cebc0bc594f3e8abe89317fd50bef60:5,0,elliptical,outside,test_id,self_only,42,0.04894528410275549,0.7302698560643291,4.139757337947488
6,0,47d3e5fd43f9c0f6c6654fd57652371b6cebc0bc594f3e8abe89317fd50bef60:6,1,circular,outside,test_id,self_only,42,-0.04035166778723627,0.25158283790827746,3.4539556369254716
6,1,47d3e5fd43f9c0f6c6654fd57652371b6cebc0bc594f3e8abe89317fd50bef60:6,1,circular,outside,test_id,self_only,42,-0.43321146198670296,0.571781761257658,3.20694179663784
7,0,47d3e5fd43f9c0f6c6654fd57652371b6cebc0bc594f3e8abe89317fd50bef60:7,1,elliptical,edge,test_id,self_only,42,-0.7274543804780665,-0.6112915805888081,3.942518476631272
7,1,47d3e5fd43f9c0f6c6654fd57652371b6cebc0bc594f3e8abe89317fd50bef60:7,1,elliptical,edge,test_id,self_only,42,1.0164660649641333,-0.15921846845864301,2.6361991987356466
8,0,47d3e5fd43f9c0f6c6654fd57652371b6cebc0bc594f3e8abe89317fd50bef60:8,2,elliptical,outside,test_ood,self_only,42,-1.4745567006723108,2.016563541500578,2.0414849713947056
8,1,47d3e5fd43f9c0f6c6654fd57652371b6cebc0bc594f3e8abe89317fd50bef60:8,2,elliptical,outside,test_ood,self_only,42,-0.20619215198914437,2.8607076474118327,0.8610185526354011
9,0,47d3e5fd43f9c0f6c6654fd57652371b6cebc0bc594f3e8abe89317fd50bef60:9,1,circular,edge,test_id,self_only,42,0.6791466312750157,0.07923914423466678,3.081288990906388
9,1,47d3e5fd43f9c0f6c6654fd57652371b6cebc0bc594f3e8abe89317fd50bef60:9,1,circular,edge,test_id,self_only,42,0.07526915392716498,0.10640063068152424,3.1879056563004844
10,0,47d3e5fd43f9c0f6c6654fd57652371b6cebc0bc594f3e8abe89317fd50bef60:10,0,circular,inside,test_id,self_only,42,0.8423263268812474,0.04953922262669559,2.8959394249834087
10,1,47d3e5fd43f9c0f6c6654fd57652371b6cebc0bc594f3e8abe89317fd50bef60:10,0,circular,inside,test_id,self_only,42,0.3280394809587774,0.334034151642332,2.37545212749535
11,0,47d3e5fd43f9c0f6c6654fd57652371b6cebc0bc594f3e8abe89317fd50bef60:11,2,elliptical,inside,test_ood,self_only,42,-3.8606102628366177,3.47026646813632,4.089382441628532
11,1,47d3e5fd43f9c0f6c6654fd57652371b6cebc0bc594f3e8abe89317fd50bef60:11,2,elliptical,inside,test_ood,self_only,42,-4.207412497486276,1.964353210537443,3.3234874610156133
12,0,47d3e5fd43f9c0f6c6654fd57652371b6cebc0bc594f3e8abe89317fd50bef60:12,0,circular,edge,test_id,self_only,42,0.21109327546198936,-0.2514085403990651,3.2362191218283765
12,1,47d3e5fd43f9c0f6c6654fd57652371b6cebc0bc594f3e8abe89317fd50bef60:12,0,circular,edge,test_id,self_only,42,-0.5318276447908107,0.47346020421267504,2.713448222472951
13,0,47d3e5fd43f9c0f6c6654fd57652371b6cebc0bc594f3e8abe89317fd50bef60:13,0,elliptical,inside,test_id,self_only,42,-0.324771211828393,0.3297396369862651,2.586406436719294
13,1,47d3e5fd43f9c0f6c6654fd57652371b6cebc0bc594f3e8abe89317fd50bef60:13,0,elliptical,inside,test_id,self_only,42,-0.2660438878194514,-0.7225399545740986,2.3016723540691473
14,0,47d3e5fd43f9c0f6c6654fd57652371b6cebc0bc594f3e8abe89317fd50bef60:14,1,circular,inside,test_id,self_only,42,-0.7910982532159511,0.18525329908610338,3.561536864176999
14,1,47d3e5fd43f9c0f6c6654fd57652371b6cebc0bc594f3e8abe89317fd50bef60:14,1,circular,inside,test_id,self_only,42,-1.0757256908075037,-0.6001920632433796,3.3587791318609286
15,0,47d3e5fd43f9c0f6c6654fd57652371b6cebc0bc594f3e8abe89317fd50bef60:15,2,circular,outside,test_id,self_only,42,1.3135726290090857,-1.6925629309725667,2.1442791170269144
15,1,47d3e5fd43f9c0f6c6654fd57652371b6cebc0bc594f3e8abe89317fd50bef60:15,2,circular,outside,test_id,self_only,42,1.8591577844961462,-0.2381379536700154,2.595751173421556
16,0,47d3e5fd43f9c0f6c6654fd57652371b6cebc0bc594f3e8abe89317fd50bef60:16,0,circular,edge,test_id,self_only,42,1.1255884008749304,-0.6920074752879047,3.2706655999410605
16,1,47d3e5fd43f9c0f6c6654fd57652371b6cebc0bc594f3e8abe89317fd50bef60:16,0,circular,edge,test_id,self_only,42,0.37048272660811515,0.018857858388433416,3.399164762049036
17,0,47d3e5fd43f9c0f6c6654fd57652371b6cebc0bc594f3e8abe89317fd50bef60:17,1,elliptical,outside,test_id,self_only,42,-0.6411868495599452,-1.0934050015520955,4.309854263162117
17,1,47d3e5fd43f9c0f6c6654fd57652371b6cebc0bc594f3e8abe89317fd50bef60:17,1,elliptical,outside,test_id,self_only,42,0.9566592412336644,0.1173282035279369,2.3999708835524514
18,0,47d3e5fd43f9c0f6c6654fd57652371b6cebc0bc594f3e8abe89317fd50bef60:18,1,elliptical,inside,test_id,self_only,42,0.04036773613532156,0.26967126807452196,0.845452413128169
18,1,47d3e5fd43f9c0f6c6654fd57652371b6cebc0bc594f3e8abe89317fd50bef60:18,1,elliptical,inside,test_id,self_only,42,0.8751987653120336,0.8448781438756084,0.4549118747158934
19,0,47d3e5fd43f9c0f6c6654fd57652371b6cebc0bc594f3e8abe89317fd50bef60:19,2,circular,inside,test_id,self_only,42,-1.329427258457345,-0.8358244232249165,1.5614591934235096
19,1,47d3e5fd43f9c0f6c6654fd57652371b6cebc0bc594f3e8abe89317fd50bef60:19,2,circular,inside,test_id,self_only,42,-0.8285724086419765,-0.4412892989230061,2.1890569651590015
20,0,47d3e5fd43f9c0f6c6654fd57652371b6cebc0bc594f3e8abe89317fd50bef60:20,1,elliptical,edge,test_id,self_only,42,0.41645432880957695,-1.1507184437823201,2.699509872547832
20,1,47d3e5fd43f9c0f6c6654fd57652371b6cebc0bc594f3e8abe89317fd50bef60:20,1,elliptical,edge,test_id,self_only,42,-0.040354461754960116,0.2498653002667522,4.0539523133848885
21,0,47d3e5fd43f9c0f6c6654fd57652371b6cebc0bc594f3e8abe89317fd50bef60:21,2,elliptical,edge,test_ood,self_only,42,4.924858792339164,-1.0451186827731038,2.948619138537844
21,1,47d3e5fd43f9c0f6c6654fd57652371b6cebc0bc594f3e8abe89317fd50bef60:21,2,elliptical,edge,test_ood,self_only,42,4.707536442790824,-2.220663659961214,2.1372729476898655
22,0,47d3e5fd43f9c0f6c6654fd57652371b6cebc0bc594f3e8abe89317fd50bef60:22,0,elliptical,edge,test_id,self_only,42,-0.21778120228211312,0.19660309633494372,2.828345673993493
22,1,47d3e5fd43f9c0f6c6654fd57652371b6cebc0bc594f3e8abe89317fd50bef60:22,0,elliptical,edge,test_id,self_only,42,0.26778289547999473,0.8758698173451519,3.4770277027848993
23,0,47d3e5fd43f9c0f6c6654fd57652371b6cebc0bc594f3e8abe89317fd50bef60:23,1,circular,outside,test_id,self_only,42,1.4809157686575232,0.35039735516787524,3.713197890534208
23,1,47d3e5fd43f9c0f6c6654fd57652371b6cebc0bc594f3e8abe89317fd50bef60:23,1,circular,outside,test_id,self_only,42,-0.0671472264186564,-0.5599669150423908,3.2528124512038574
24,0,47d3e5fd43f9c0f6c6654fd57652371b6cebc0bc594f3e8abe89317fd50bef60:24,0,elliptical,edge,test_id,self_only,42,0.3769744174822149,0.16281067511321062,2.8153284929859947
24,1,47d3e5fd43f9c0f6c6654fd57652371b6cebc0bc594f3e8abe89317fd50bef60:24,0,elliptical,edge,test_id,self_only,42,0.031088522289591733,-0.48967164078473097,2.991898871862379
25,0,47d3e5fd43f9c0f6c6654fd57652371b6cebc0bc594f3e8abe89317fd50bef60:25,0,elliptical,inside,test_id,self_only,42,0.00810985884507269,0.3570750423359966,1.7438124503560017
25,1,47d3e5fd43f9c0f6c6654fd57652371b6cebc0bc594f3e8abe89317fd50bef60:25,0,elliptical,inside,test_id,self_only,42,-0.4356551332132044,0.40445262870074267,1.8848597172321586
26,0,47d3e5fd43f9c0f6c6654fd57652371b6cebc0bc594f3e8abe89317fd50bef60:26,2,elliptical,outside,test_ood,self_only,42,-0.06877885886589914,2.4319659539151286,1.307447270600528
26,1,47d3e5fd43f9c0f6c6654fd57652371b6cebc0bc594f3e8abe89317fd50bef60:26,2,elliptical,outside,test_ood,self_only,42,-0.2367108626023951,2.36310470780612,1.4083902914803506
27,0,47d3e5fd43f9c0f6c6654fd57652371b6cebc0bc594f3e8abe89317fd50bef60:27,1,circular,edge,test_id,self_only,42,0.6399282055242833,0.9464952417302227,2.434641836683219
27,1,47d3e5fd43f9c0f6c6654fd57652371b6cebc0bc594f3e8abe89317fd50bef60:27,1,circular,edge,test_id,self_only,42,-0.8226334614412013,0.026506311504850347,2.977513281321832
28,0,47d3e5fd43f9c0f6c6654fd57652371b6cebc0bc594f3e8abe89317fd50bef60:28,2,circular,inside,test_id,self_only,42,0.5537954407079991,-2.123466842563143,0.7220323996005463
28,1,47d3e5fd43f9c0f6c6654fd57652371b6cebc0bc594f3e8abe89317fd50bef60:28,2,circular,inside,test_id,self_only,42,0.060844412659007016,-2.1452230147433187,0.40220687427034
29,0,47d3e5fd43f9c0f6c6654fd57652371b6cebc0bc594f3e8abe89317fd50bef60:29,0,circular,inside,test_id,self_only,42,-0.2989628476754847,0.1659877367901897,2.313763938037258
29,1,47d3e5fd43f9c0f6c6654fd57652371b6cebc0bc594f3e8abe89317fd50bef60:29,0,circular,inside,test_id,self_only,42,-0.14567797013680367,-0.6153117350649738,1.625076167302779
30,0,47d3e5fd43f9c0f6c6654fd57652371b6cebc0bc594f3e8abe89317fd50bef60:30,2,elliptical,edge,test_ood,self_only,42,3.077191336665946,-0.6716221503329182,0.571125932307302
30,1,47d3e5fd43f9c0f6c6654fd57652371b6cebc0bc594f3e8abe89317fd50bef60:30,2,elliptical,edge,test_ood,self_only,42,3.0104303198202427,-0.3468255929064656,0.24131439979552743
31,0,47d3e5fd43f9c0f6c6654fd57652371b6cebc0bc594f3e8abe89317fd50bef60:31,0,circular,outside,test_id,self_only,42,0.1766497629030523,-0.2607020817112828,4.213287078819511
31,1,47d3e5fd43f9c0f6c6654fd57652371b6cebc0bc594f3e8abe89317fd50bef60:31,0,circular,outside,test_id,self_only,42,-0.667419032539529,-0.0866563774061108,4.8084689543419366
32,0,47d3e5fd43f9c0f6c6654fd57652371b6cebc0bc594f3e8abe89317fd50bef60:32,2,circular,edge,test_id,self_only,42,-1.5687687558786096,-1.2636252574038411,1.4349595844338434
32,1,47d3e5fd43f9c0f6c6654fd57652371b6cebc0bc594f3e8abe89317fd50bef60:32,2,circular,edge,test_id,self_only,42,-0.701186315502328,-0.33061283150433546,2.5216345270278038
33,0,47d3e5fd43f9c0f6c6654fd57652371b6cebc0bc594f3e8abe89317fd50bef60:33,2,circular,edge,test_id,self_only,42,-0.7869345111505214,-0.00739562580107693,3.2374632681133746
33,1,47d3e5fd43f9c0f6c6654fd57652371b6cebc0bc594f3e8abe89317fd50bef60:33,2,circular,edge,test_id,self_only,42,-0.018115260984105166,-0.3754646710467244,3.587640879194164
34,0,47d3e5fd43f9c0f6c6654fd57652371b6cebc0bc594f3e8abe89317fd50bef60:34,0,elliptical,outside,test_id,self_only,42,-0.9114186925546351,0.7940527864384747,2.668587785675473
34,1,47d3e5fd43f9c0f6c6654fd57652371b6cebc0bc594f3e8abe89317fd50bef60:34,0,elliptical,outside,test_id,self_only,42,-0.5806810421601954,0.15742272814990038,3.0223502702019993
35,0,47d3e5fd43f9c0f6c6654fd57652371b6cebc0bc594f3e8abe89317fd50bef60:35,1,circular,inside,test_id,self_only,42,0.1504874365671453,0.9790343113827801,1.6606456106074259
35,1,47d3e5fd43f9c0f6c6654fd57652371b6cebc0bc594f3e8abe89317fd50bef60:35,1,circular,inside,test_id,self_only,42,-0.07800655194680124,0.55620134553195,2.0576127888677553
36,0,47d3e5fd43f9c0f6c6654fd57652371b6cebc0bc594f3e8abe89317fd50bef60:36,1,circular,edge,test_id,self_only,42,0.09927729389508337,-0.8000459007334614,2.290729129233343
36,1,47d3e5fd43f9c0f6c6654fd57652371b6cebc0bc594f3e8abe89317fd50bef60:36,1,circular,edge,test_id,self_only,42,-0.5105226797715846,0.4141734310078716,3.414293791690401
37,0,47d3e5fd43f9c0f6c6654fd57652371b6cebc0bc594f3e8abe89317fd50bef60:37,1,elliptical,inside,test_id,self_only,42,-0.1104058934108439,-0.7449739507746601,3.2884426593922003
37,1,47d3e5fd43f9c0f6c6654fd57652371b6cebc0bc594f3e8abe89317fd50bef60:37,1,elliptical,inside,test_id,self_only,42,0.14020407072146507,0.3638399609017467,3.840230090414181
38,0,47d3e5fd43f9c0f6c6654fd57652371b6cebc0bc594f3e8abe89317fd50bef60:38,2,elliptical,outside,test_ood,self_only,42,2.7645940618856724,-1.4224120310854818,2.256753931983795
38,1,47d3e5fd43f9c0f6c6654fd57652371b6cebc0bc594f3e8abe89317fd50bef60:38,2,elliptical,outside,test_ood,self_only,42,2.8350975351675327,-1.1489924124789144,2.5249358857319972
39,0,47d3e5fd43f9c0f6c6654fd57652371b6cebc0bc594f3e8abe89317fd50bef60:39,0,elliptical,outside,test_id,self_only,42,-0.1674335462705317,0.1485016264605617,3.905095644259049
39,1,47d3e5fd43f9c0f6c6654fd57652371b6cebc0bc594f3e8abe89317fd50bef60:39,0,elliptical,outside,test_id,self_only,42,0.5134642558439549,0.41405314883471483,4.383722783427224
40,0,47d3e5fd43f9c0f6c6654fd57652371b6cebc0bc594f3e8abe89317fd50bef60:40,2,circular,edge,test_id,self_only,42,-1.5426597756997766,0.4789088436055278,2.8106877250280182
40,1,47d3e5fd43f9c0f6c6654fd57652371b6cebc0bc594f3e8abe89317fd50bef60:40,2,circular,edge,test_id,self_only,42,-0.0007827592746439543,0.666189617722044,3.7291149054273465
41,0,47d3e5fd43f9c0f6c6654fd57652371b6cebc0bc594f3e8abe89317fd50bef60:41,2,circular,edge,test_id,self_only,42,-4.188067213977975,0.2874272831368541,1.2032512833785687
41,1,47d3e5fd43f9c0f6c6654fd57652371b6cebc0bc594f3e8abe89317fd50bef60:41,2,circular,edge,test_id,self_only,42,-4.024231211628122,0.3535931178021526,1.0317564710379419
42,0,47d3e5fd43f9c0f6c6654fd57652371b6cebc0bc594f3e8abe89317fd50bef60:42,2,elliptical,edge,test_ood,self_only,42,-0.26372940966050057,1.842846042721281,3.4347566538893646
42,1,47d3e5fd43f9c0f6c6654fd57652371b6cebc0bc594f3e8abe89317fd50bef60:42,2,elliptical,edge,test_ood,self_only,42,0.38230465224822135,1.527022249310026,2.977761691969885
43,0,47d3e5fd43f9c0f6c6654fd57652371b6cebc0bc594f3e8abe89317fd50bef60:43,1,elliptical,outside,test_id,self_only,42,1.6066260176046667,-0.2945671013903523,3.045387483413311
43,1,47d3e5fd43f9c0f6c6654fd57652371b6cebc0bc594f3e8abe89317fd50bef60:43,1,elliptical,outside,test_id,self_only,42,1.6231422262533484,-0.9215374521326923,2.6033917607978387
44,0,47d3e5fd43f9c0f6c6654fd57652371b6cebc0bc594f3e8abe89317fd50bef60:44,2,elliptical,outside,test_ood,self_only,42,1.6143613891943274,-1.006333165557375,2.8719972529141606
44,1,47d3e5fd43f9c0f6c6654fd57652371b6cebc0bc594f3e8abe89317fd50bef60:44,2,elliptical,outside,test_ood,self_only,42,1.9905147390707312,-0.26607231119393354,3.4809819065831253
45,0,47d3e5fd43f9c0f6c6654fd57652371b6cebc0bc594f3e8abe89317fd50bef60:45,0,circular,inside,test_id,self_only,42,-0.3863341672078791,0.0074581236231422016,1.414771273456278
45,1,47d3e5fd43f9c0f6c6654fd57652371b6cebc0bc594f3e8abe89317fd50bef60:45,0,circular,inside,test_id,self_only,42,0.3589738445623693,0.23458052357913012,0.7598307931347944
46,0,47d3e5fd43f9c0f6c6654fd57652371b6cebc0bc594f3e8abe89317fd50bef60:46,0,elliptical,inside,test_id,self_only,42,-1.0027914209024134,0.6161208220410442,3.0451639808678905
46,1,47d3e5fd43f9c0f6c6654fd57652371b6cebc0bc594f3e8abe89317fd50bef60:46,0,elliptical,inside,test_id,self_only,42,0.71650431922515,0.25747878035784716,3.9279526898497745
47,0,47d3e5fd43f9c0f6c6654fd57652371b6cebc0bc594f3e8abe89317fd50bef60:47,2,elliptical,inside,test_ood,self_only,42,0.5889850693090734,2.843073732464323,2.033042578964566
47,1,47d3e5fd43f9c0f6c6654fd57652371b6cebc0bc594f3e8abe89317fd50bef60:47,2,elliptical,inside,test_ood,self_only,42,0.18311422935565086,3.0466162033963298,2.1918621555472466
48,0,47d3e5fd43f9c0f6c6654fd57652371b6cebc0bc594f3e8abe89317fd50bef60:48,0,circular,edge,test_id,self_only,42,-0.3612182302133265,-0.3574909500193501,2.662928290732734
48,1,47d3e5fd43f9c0f6c6654fd57652371b6cebc0bc594f3e8abe89317fd50bef60:48,0,circular,edge,test_id,self_only,42,0.6630642252310094,0.44035176119090075,3.8410337080797414
49,0,47d3e5fd43f9c0f6c6654fd57652371b6cebc0bc594f3e8abe89317fd50bef60:49,0,circular,inside,test_id,self_only,42,-0.20812489220063118,0.8012999363827801,1.4670838272612672
49,1,47d3e5fd43f9c0f6c6654fd57652371b6cebc0bc594f3e8abe89317fd50bef60:49,0,circular,inside,test_id,self_only,42,0.42419396213133903,0.2079687484192943,2.3291222315207296
50,0,47d3e5fd43f9c0f6c6654fd57652371b6cebc0bc594f3e8abe89317fd50bef60:50,1,elliptical,edge,test_id,self_only,42,-0.8532679242746058,0.954768604843626,2.1199195838107867
50,1,47d3e5fd43f9c0f6c6654fd57652371b6cebc0bc594f3e8abe89317fd50bef60:50,1,elliptical,edge,test_id,self_only,42,0.22993263474543663,0.48794484814883227,3.0005244934750586
51,0,47d3e5fd43f9c0f6c6654fd57652371b6cebc0bc594f3e8abe89317fd50bef60:51,0,elliptical,edge,test_id,self_only,42,-0.9608028096811,0.1834595271039104,4.0177391564774245
51,1,47d3e5fd43f9c0f6c6654fd57652371b6cebc0bc594f3e8abe89317fd50bef60:51,0,elliptical,edge,test_id,self_only,42,0.4244638817652044,0.7094166346478558,2.841350198642274
52,0,47d3e5fd43f9c0f6c6654fd57652371b6cebc0bc594f3e8abe89317fd50bef60:52,0,elliptical,edge,test_id,self_only,42,0.0174186663969335,0.33524651011706347,3.7051527443300936
52,1,47d3e5fd43f9c0f6c6654fd57652371b6cebc0bc594f3e8abe89317fd50bef60:52,0,elliptical,edge,test_id,self_only,42,0.47127105167945,0.12719834527255053,4.174082069965911
53,0,47d3e5fd43f9c0f6c6654fd57652371b6cebc0bc594f3e8abe89317fd50bef60:53,0,circular,outside,test_id,self_only,42,-0.16898489126126198,0.2521502443242168,3.458455325607675
53,1,47d3e5fd43f9c0f6c6654fd57652371b6cebc0bc594f3e8abe89317fd50bef60:53,0,circular,outside,test_id,self_only,42,-0.7803564233438197,-0.07901509919880871,2.7648143922739568
54,0,47d3e5fd43f9c0f6c6654fd57652371b6cebc0bc594f3e8abe89317fd50bef60:54,1,circular,inside,test_id,self_only,42,0.5229275362833318,0.2829935618329143,3.2701351157441745
54,1,47d3e5fd43f9c0f6c6654fd57652371b6cebc0bc594f3e8abe89317fd50bef60:54,1,circular,inside,test_id,self_only,42,-0.7593466205255214,0.09741277179003711,3.9683387905815555
55,0,47d3e5fd43f9c0f6c6654fd57652371b6cebc0bc594f3e8abe89317fd50bef60:55,2,circular,inside,test_id,self_only,42,1.1084409790380774,2.501969463436613,1.717412526532261
55,1,47d3e5fd43f9c0f6c6654fd57652371b6cebc0bc594f3e8abe89317fd50bef60:55,2,circular,inside,test_id,self_only,42,0.5684809522970494,2.5734242268490886,2.257451568758214
56,0,47d3e5fd43f9c0f6c6654fd57652371b6cebc0bc594f3e8abe89317fd50bef60:56,2,circular,outside,test_id,self_only,42,3.9327628450735386,-1.0689774684023763,1.2003921498284675
56,1,47d3e5fd43f9c0f6c6654fd57652371b6cebc0bc594f3e8abe89317fd50bef60:56,2,circular,outside,test_id,self_only,42,3.568306191478568,0.4769681759762859,0.6058857300305934
57,0,47d3e5fd43f9c0f6c6654fd57652371b6cebc0bc594f3e8abe89317fd50bef60:57,1,elliptical,inside,test_id,self_only,42,0.4911328988416967,0.7207523652005291,2.1822718167167756
57,1,47d3e5fd43f9c0f6c6654fd57652371b6cebc0bc594f3e8abe89317fd50bef60:57,1,elliptical,inside,test_id,self_only,42,-0.6570962829248134,-0.8188626698565388,3.3675551339287875
58,0,47d3e5fd43f9c0f6c6654fd57652371b6cebc0bc594f3e8abe89317fd50bef60:58,0,circular,edge,test_id,self_only,42,-1.3244097394601526,-0.09324028411625866,4.325180805650602
58,1,47d3e5fd43f9c0f6c6654fd57652371b6cebc0bc594f3e8abe89317fd50bef60:58,0,circular,edge,test_id,self_only,42,-0.8156570357934657,0.0785044871854877,3.8240627420294144
59,0,47d3e5fd43f9c0f6c6654fd57652371b6cebc0bc594f3e8abe89317fd50bef60:59,1,elliptical,outside,test_id,self_only,42,-0.08485937246243387,0.07971063187600132,3.8623154461915443
59,1,47d3e5fd43f9c0f6c6654fd57652371b6cebc0bc594f3e8abe89317fd50bef60:59,1,elliptical,outside,test_id,self_only,42,0.38413624337752433,0.46483362397433275,3.3865739209358505
60,0,47d3e5fd43f9c0f6c6654fd57652371b6cebc0bc594f3e8abe89317fd50bef60:60,2,circular,inside,test_id,self_only,42,-0.6353836221353236,1.411348707287321,1.3529920704630651
60,1,47d3e5fd43f9c0f6c6654fd57652371b6cebc0bc594f3e8abe89317fd50bef60:60,2,circular,inside,test_id,self_only,42,-0.6907959146157924,1.4263536997723674,1.3024892002500352
61,0,47d3e5fd43f9c0f6c6654fd57652371b6cebc0bc594f3e8abe89317fd50bef60:61,0,elliptical,outside,test_id,self_only,42,-0.7723665399209682,0.3274782963681316,4.900354706409252
61,1,47d3e5fd43f9c0f6c6654fd57652371b6cebc0bc594f3e8abe89317fd50bef60:61,0,elliptical,outside,test_id,self_only,42,0.6330041723593053,-0.3015527657580281,4.534641445251879
62,0,47d3e5fd43f9c0f6c6654fd57652371b6cebc0bc594f3e8abe89317fd50bef60:62,1,circular,outside,test_id,self_only,42,0.1761895703419027,0.8255066939282513,3.8226126486622696
62,1,47d3e5fd43f9c0f6c6654fd57652371b6cebc0bc594f3e8abe89317fd50bef60:62,1,circular,outside,test_id,self_only,42,-0.2744017405168238,-0.3011197380137349,3.8765206901723084
63,0,47d3e5fd43f9c0f6c6654fd57652371b6cebc0bc594f3e8abe89317fd50bef60:63,2,circular,outside,test_id,self_only,42,-1.7997377080575647,0.46867913684130663,2.0542512400499215
63,1,47d3e5fd43f9c0f6c6654fd57652371b6cebc0bc594f3e8abe89317fd50bef60:63,2,circular,outside,test_id,self_only,42,-1.2689941091195764,-0.4537346891474629,2.8214042603550875
64,0,47d3e5fd43f9c0f6c6654fd57652371b6cebc0bc594f3e8abe89317fd50bef60:64,1,circular,inside,test_id,self_only,42,0.5918601589544591,-0.7305586866450214,2.7536118875341455
64,1,47d3e5fd43f9c0f6c6654fd57652371b6cebc0bc594f3e8abe89317fd50bef60:64,1,circular,inside,test_id,self_only,42,0.22702596953948112,-1.2729121378970052,2.1314447262478313
65,0,47d3e5fd43f9c0f6c6654fd57652371b6cebc0bc594f3e8abe89317fd50bef60:65,2,elliptical,inside,test_ood,self_only,42,-1.9827912015573206,3.2286382981228923,2.349802711686232
65,1,47d3e5fd43f9c0f6c6654fd57652371b6cebc0bc594f3e8abe89317fd50bef60:65,2,elliptical,inside,test_ood,self_only,42,-1.8762790126458826,3.945542699902067,2.481971777545279
66,0,47d3e5fd43f9c0f6c6654fd57652371b6cebc0bc594f3e8abe89317fd50bef60:66,2,elliptical,edge,test_ood,self_only,42,3.381276352916556,-3.4072107009005452,2.267298921640504
66,1,47d3e5fd43f9c0f6c6654fd57652371b6cebc0bc594f3e8abe89317fd50bef60:66,2,elliptical,edge,test_ood,self_only,42,3.8112537699087436,-3.3626485995364095,2.685011847478849
67,0,47d3e5fd43f9c0f6c6654fd57652371b6cebc0bc594f3e8abe89317fd50bef60:67,1,circular,outside,test_id,self_only,42,0.677040322337943,1.0944036312985514,2.7673354498915548
67,1,47d3e5fd43f9c0f6c6654fd57652371b6cebc0bc594f3e8abe89317fd50bef60:67,1,circular,outside,test_id,self_only,42,0.26332363358576866,1.0462147065091227,2.806399311323391
68,0,47d3e5fd43f9c0f6c6654fd57652371b6cebc0bc594f3e8abe89317fd50bef60:68,0,circular,outside,test_id,self_only,42,0.0017562421305951509,0.011699433683166463,3.7218450808644064
68,1,47d3e5fd43f9c0f6c6654fd57652371b6cebc0bc594f3e8abe89317fd50bef60:68,0,circular,outside,test_id,self_only,42,0.027101932679015103,-0.5051685504031086,3.2072662839933535
69,0,47d3e5fd43f9c0f6c6654fd57652371b6cebc0bc594f3e8abe89317fd50bef60:69,1,elliptical,edge,test_id,self_only,42,-0.34736068674485115,-0.930784635932436,3.423979144779395
69,1,47d3e5fd43f9c0f6c6654fd57652371b6cebc0bc594f3e8abe89317fd50bef60:69,1,elliptical,edge,test_id,self_only,42,0.09457206225832075,-0.26805330136536604,3.217801116159123
70,0,47d3e5fd43f9c0f6c6654fd57652371b6cebc0bc594f3e8abe89317fd50bef60:70,1,circular,edge,test_id,self_only,42,0.3632434742792425,0.007166243402967412,4.346464943758252
70,1,47d3e5fd43f9c0f6c6654fd57652371b6cebc0bc594f3e8abe89317fd50bef60:70,1,circular,edge,test_id,self_only,42,-0.1681739700690928,-0.26827561178921705,4.1463447542763845
71,0,47d3e5fd43f9c0f6c6654fd57652371b6cebc0bc594f3e8abe89317fd50bef60:71,0,elliptical,inside,test_id,self_only,42,0.49153889587958427,0.426354742853651,3.1253417942957533
71,1,47d3e5fd43f9c0f6c6654fd57652371b6cebc0bc594f3e8abe89317fd50bef60:71,0,elliptical,inside,test_id,self_only,42,-0.40766509004990487,-0.29102336683987623,2.5608096017936024
72,0,47d3e5fd43f9c0f6c6654fd57652371b6cebc0bc594f3e8abe89317fd50bef60:72,2,circular,inside,test_id,self_only,42,-0.0672036571160975,1.087792045681486,0.6310825869680889
72,1,47d3e5fd43f9c0f6c6654fd57652371b6cebc0bc594f3e8abe89317fd50bef60:72,2,circular,inside,test_id,self_only,42,0.23689620069106193,1.837346202938566,0.9935503353845613
73,0,47d3e5fd43f9c0f6c6654fd57652371b6cebc0bc594f3e8abe89317fd50bef60:73,2,elliptical,edge,test_ood,self_only,42,0.10827469698031515,1.3410466977048014,3.086887314138883
73,1,47d3e5fd43f9c0f6c6654fd57652371b6cebc0bc594f3e8abe89317fd50bef60:73,2,elliptical,edge,test_ood,self_only,42,0.8497854309423741,0.9689590998578167,2.755192084944779
74,0,47d3e5fd43f9c0f6c6654fd57652371b6cebc0bc594f3e8abe89317fd50bef60:74,1,elliptical,outside,test_id,self_only,42,-0.12125283607403665,0.4362233050751781,4.282157499651383
74,1,47d3e5fd43f9c0f6c6654fd57652371b6cebc0bc594f3e8abe89317fd50bef60:74,1,elliptical,outside,test_id,self_only,42,-0.01882202305952936,0.8979170390057659,3.8996848894699996
75,0,47d3e5fd43f9c0f6c6654fd57652371b6cebc0bc594f3e8abe89317fd50bef60:75,0,circular,inside,test_id,self_only,42,0.47066371015151115,0.2698954709458446,3.8348701675793975
75,1,47d3e5fd43f9c0f6c6654fd57652371b6cebc0bc594f3e8abe89317fd50bef60:75,0,circular,inside,test_id,self_only,42,-0.7757632894174281,-0.009851042867889445,3.1201745614252094
76,0,47d3e5fd43f9c0f6c6654fd57652371b6cebc0bc594f3e8abe89317fd50bef60:76,1,elliptical,outside,test_id,self_only,42,-0.4378718299524012,0.7358926602292156,3.9580596155991006
76,1,47d3e5fd43f9c0f6c6654fd57652371b6cebc0bc594f3e8abe89317fd50bef60:76,1,elliptical,outside,test_id,self_only,42,-1.1281466645852747,0.3171443708825206,3.1598417555343383
77,0,47d3e5fd43f9c0f6c6654fd57652371b6cebc0bc594f3e8abe89317fd50bef60:77,2,circular,outside,test_id,self_only,42,-1.387164370502633,-1.1364966563296224,2.469810145806121
77,1,47d3e5fd43f9c0f6c6654fd57652371b6cebc0bc594f3e8abe89317fd50bef60:77,2,circular,outside,test_id,self_only,42,-0.8198868794099513,-1.3249862126421834,2.452092599345025
78,0,47d3e5fd43f9c0f6c6654fd57652371b6cebc0bc594f3e8abe89317fd50bef60:78,2,elliptical,outside,test_ood,self_only,42,-0.5533260864869777,-0.13459498503922468,4.032586624899296
78,1,47d3e5fd43f9c0f6c6654fd57652371b6cebc0bc594f3e8abe89317fd50bef60:78,2,elliptical,outside,test_ood,self_only,42,-0.48684568830887703,-0.6045447520327473,3.7886720453891805
79,0,47d3e5fd43f9c0f6c6654fd57652371b6cebc0bc594f3e8abe89317fd50bef60:79,0,elliptical,outside,test_id,self_only,42,-0.14059397705952553,-0.6212944320750141,4.424476972217145
79,1,47d3e5fd43f9c0f6c6654fd57652371b6cebc0bc594f3e8abe89317fd50bef60:79,0,elliptical,outside,test_id,self_only,42,1.0900430517538366,0.5755458541798687,5.031278600767076
80,0,47d3e5fd43f9c0f6c6654fd57652371b6cebc0bc594f3e8abe89317fd50bef60:80,0,elliptical,inside,test_id,self_only,42,0.2732279734953222,0.21532405099154467,2.36361111476926
80,1,47d3e5fd43f9c0f6c6654fd57652371b6cebc0bc594f3e8abe89317fd50bef60:80,0,elliptical,inside,test_id,self_only,42,-0.3910012406961146,-0.3165697685789967,1.7814943862614303
81,0,47d3e5fd43f9c0f6c6654fd57652371b6cebc0bc594f3e8abe89317fd50bef60:81,2,circular,edge,test_id,self_only,42,2.3153939085348423,-1.4529575041842366,0.9499059297002137
81,1,47d3e5fd43f9c0f6c6654fd57652371b6cebc0bc594f3e8abe89317fd50bef60:81,2,circular,edge,test_id,self_only,42,3.0260526972158726,-1.2711318663668538,0.8407396623613717
82,0,47d3e5fd43f9c0f6c6654fd57652371b6cebc0bc594f3e8abe89317fd50bef60:82,1,circular,edge,test_id,self_only,42,-0.3305558128015223,-0.22557126799344068,3.440268262157071
82,1,47d3e5fd43f9c0f6c6654fd57652371b6cebc0bc594f3e8abe89317fd50bef60:82,1,circular,edge,test_id,self_only,42,-0.08899600931565195,-0.08164223352192883,3.5467563422873694
83,0,47d3e5fd43f9c0f6c6654fd57652371b6cebc0bc594f3e8abe89317fd50bef60:83,0,elliptical,outside,test_id,self_only,42,0.5301529007299718,0.012029311864385564,4.240682755844627
83,1,47d3e5fd43f9c0f6c6654fd57652371b6cebc0bc594f3e8abe89317fd50bef60:83,0,elliptical,outside,test_id,self_only,42,-0.9207880062715236,-0.41323532977818495,2.762408730148214
84,0,47d3e5fd43f9c0f6c6654fd57652371b6cebc0bc594f3e8abe89317fd50bef60:84,1,elliptical,inside,test_id,self_only,42,-1.008281247104806,0.6216787763524151,3.0680837991859864
84,1,47d3e5fd43f9c0f6c6654fd57652371b6cebc0bc594f3e8abe89317fd50bef60:84,1,elliptical,inside,test_id,self_only,42,-0.7232572598115626,-0.8475619486880207,1.6347004730183394
85,0,47d3e5fd43f9c0f6c6654fd57652371b6cebc0bc594f3e8abe89317fd50bef60:85,2,elliptical,edge,test_ood,self_only,42,0.8629714088781651,0.1755731471467113,3.1755802890809366
85,1,47d3e5fd43f9c0f6c6654fd57652371b6cebc0bc594f3e8abe89317fd50bef60:85,2,elliptical,edge,test_ood,self_only,42,0.402887924228507,0.48284364423037524,3.5139890863387464
86,0,47d3e5fd43f9c0f6c6654fd57652371b6cebc0bc594f3e8abe89317fd50bef60:86,2,elliptical,outside,test_ood,self_only,42,0.792413754974204,3.5307179757046794,1.4302764465802977
86,1,47d3e5fd43f9c0f6c6654fd57652371b6cebc0bc594f3e8abe89317fd50bef60:86,2,elliptical,outside,test_ood,self_only,42,0.29275904468138786,3.625854141323576,1.9389076369410032
87,0,47d3e5fd43f9c0f6c6654fd57652371b6cebc0bc594f3e8abe89317fd50bef60:87,1,circular,inside,test_id,self_only,42,-0.09948849805752664,0.8090638585972881,1.0921249522464571
87,1,47d3e5fd43f9c0f6c6654fd57652371b6cebc0bc594f3e8abe89317fd50bef60:87,1,circular,inside,test_id,self_only,42,-0.7553679508821193,0.4559763439583873,1.297544585260392
88,0,47d3e5fd43f9c0f6c6654fd57652371b6cebc0bc594f3e8abe89317fd50bef60:88,0,elliptical,edge,test_id,self_only,42,-0.7082829637185756,-0.24462009289978986,3.4693861738569214
88,1,47d3e5fd43f9c0f6c6654fd57652371b6cebc0bc594f3e8abe89317fd50bef60:88,0,elliptical,edge,test_id,self_only,42,-0.6149943036691371,0.11665556511164661,3.815771171794508
89,0,47d3e5fd43f9c0f6c6654fd57652371b6cebc0bc594f3e8abe89317fd50bef60:89,2,elliptical,inside,test_ood,self_only,42,-4.535930411304635,4.54305232247592,4.746814477617358
89,1,47d3e5fd43f9c0f6c6654fd57652371b6cebc0bc594f3e8abe89317fd50bef60:89,2,elliptical,inside,test_ood,self_only,42,-3.483603732074899,5.362313396542082,5.039656576980343
90,0,47d3e5fd43f9c0f6c6654fd57652371b6cebc0bc594f3e8abe89317fd50bef60:90,1,elliptical,inside,test_id,self_only,42,-0.07791070767800241,-0.5327266983103657,2.9177504646718537
90,1,47d3e5fd43f9c0f6c6654fd57652371b6cebc0bc594f3e8abe89317fd50bef60:90,1,elliptical,inside,test_id,self_only,42,-0.6615946454660121,0.1108720370221233,2.058577361568743
91,0,47d3e5fd43f9c0f6c6654fd57652371b6cebc0bc594f3e8abe89317fd50bef60:91,0,circular,edge,test_id,self_only,42,-0.6781225366250697,0.5853263207364178,2.5777791389748677
91,1,47d3e5fd43f9c0f6c6654fd57652371b6cebc0bc594f3e8abe89317fd50bef60:91,0,circular,edge,test_id,self_only,42,0.16783946624835105,-0.35299988904713636,3.7814442868490157
92,0,47d3e5fd43f9c0f6c6654fd57652371b6cebc0bc594f3e8abe89317fd50bef60:92,2,circular,inside,test_id,self_only,42,0.7399050431593236,2.3136586018490886,1.3289249825907345
92,1,47d3e5fd43f9c0f6c6654fd57652371b6cebc0bc594f3e8abe89317fd50bef60:92,2,circular,inside,test_id,self_only,42,0.8993644552572545,2.1486059494900798,1.1041736253421095
93,0,47d3e5fd43f9c0f6c6654fd57652371b6cebc0bc594f3e8abe89317fd50bef60:93,0,elliptical,edge,test_id,self_only,42,0.313748000775176,-0.755422406585207,3.3783591345883397
93,1,47d3e5fd43f9c0f6c6654fd57652371b6cebc0bc594f3e8abe89317fd50bef60:93,0,elliptical,edge,test_id,self_only,42,0.23246413341601463,-0.03304340013979916,3.514691300200982
94,0,47d3e5fd43f9c0f6c6654fd57652371b6cebc0bc594f3e8abe89317fd50bef60:94,1,circular,edge,test_id,self_only,42,0.5302135186537084,-0.16711198607205396,3.8125805504830996
94,1,47d3e5fd43f9c0f6c6654fd57652371b6cebc0bc594f3e8abe89317fd50bef60:94,1,circular,edge,test_id,self_only,42,-0.5942334098474208,-0.22846802392720228,2.7727504624796064
95,0,47d3e5fd43f9c0f6c6654fd57652371b6cebc0bc594f3e8abe89317fd50bef60:95,0,circular,inside,test_id,self_only,42,0.1732884334667501,0.12895601174117083,2.580861550381423
95,1,47d3e5fd43f9c0f6c6654fd57652371b6cebc0bc594f3e8abe89317fd50bef60:95,0,circular,inside,test_id,self_only,42,0.36459739378531547,-0.5551847151827717,3.2253047141506723
96,0,47d3e5fd43f9c0f6c6654fd57652371b6cebc0bc594f3e8abe89317fd50bef60:96,0,circular,outside,test_id,self_only,42,-0.38646219798485665,0.28029993852854723,4.525487503268942
96,1,47d3e5fd43f9c0f6c6654fd57652371b6cebc0bc594f3e8abe89317fd50bef60:96,0,circular,outside,test_id,self_only,42,0.1290086308761415,0.46699989518404955,4.921074318222287
97,0,47d3e5fd43f9c0f6c6654fd57652371b6cebc0bc594f3e8abe89317fd50bef60:97,1,circular,outside,test_id,self_only,42,0.6292835312231359,-0.260281153709879,4.570877142345649
97,1,47d3e5fd43f9c0f6c6654fd57652371b6cebc0bc594f3e8abe89317fd50bef60:97,1,circular,outside,test_id,self_only,42,-0.5140821499482814,0.10072065076113697,3.8415015441642937
98,0,47d3e5fd43f9c0f6c6654fd57652371b6cebc0bc594f3e8abe89317fd50bef60:98,1,elliptical,edge,test_id,self_only,42,-0.8369364900247279,-0.3589611581873799,2.699448862906129
98,1,47d3e5fd43f9c0f6c6654fd57652371b6cebc0bc594f3e8abe89317fd50bef60:98,1,elliptical,edge,test_id,self_only,42,1.289816601787406,-0.22639872947453504,3.8605082433897637
99,0,47d3e5fd43f9c0f6c6654fd57652371b6cebc0bc594f3e8abe89317fd50bef60:99,2,circular,edge,test_id,self_only,42,-1.2373705072061243,-1.083870642573824,2.573427456368988
99,1,47d3e5fd43f9c0f6c6654fd57652371b6cebc0bc594f3e8abe89317fd50bef60:99,2,circular,edge,test_id,self_only,42,-1.6936791104928675,0.5076876350331402,3.7276448509134648
100,0,47d3e5fd43f9c0f6c6654fd57652371b6cebc0bc594f3e8abe89317fd50bef60:100,0,circular,outside,test_id,self_only,42,0.7750101523741063,0.49927199563265795,3.1623046714117002
100,1,47d3e5fd43f9c0f6c6654fd57652371b6cebc0bc594f3e8abe89317fd50bef60:100,0,circular,outside,test_id,self_only,42,-0.3529331547872248,0.5910949178624249,3.652993649473327
101,0,47d3e5fd43f9c0f6c6654fd57652371b6cebc0bc594f3e8abe89317fd50bef60:101,1,elliptical,edge,test_id,self_only,42,0.796654625449973,-0.11462766000746731,2.226092881137688
101,1,47d3e5fd43f9c0f6c6654fd57652371b6cebc0bc594f3e8abe89317fd50bef60:101,1,elliptical,edge,test_id,self_only,42,-0.3662599486962977,0.07996479353190418,3.368500244053282
102,0,47d3e5fd43f9c0f6c6654fd57652371b6cebc0bc594f3e8abe89317fd50bef60:102,0,circular,edge,test_id,self_only,42,-0.46511496731202034,-0.007213950843801539,4.544256242513208
102,1,47d3e5fd43f9c0f6c6654fd57652371b6cebc0bc594f3e8abe89317fd50bef60:102,0,circular,edge,test_id,self_only,42,-0.3129221958772364,-0.20160871067761427,4.565455140937995
103,0,47d3e5fd43f9c0f6c6654fd57652371b6cebc0bc594f3e8abe89317fd50bef60:103,2,circular,outside,test_id,self_only,42,2.3346092539175327,1.8158112831997966,1.298374588014313
103,1,47d3e5fd43f9c0f6c6654fd57652371b6cebc0bc594f3e8abe89317fd50bef60:103,2,circular,outside,test_id,self_only,42,1.4574850635870276,1.7494676180768107,2.1779782873832962
104,0,47d3e5fd43f9c0f6c6654fd57652371b6cebc0bc594f3e8abe89317fd50bef60:104,2,elliptical,inside,test_ood,self_only,42,0.6440203624113378,-0.44647627392529493,1.875464137379947
104,1,47d3e5fd43f9c0f6c6654fd57652371b6cebc0bc594f3e8abe89317fd50bef60:104,2,elliptical,inside,test_ood,self_only,42,1.116546018634635,-1.113619439990511,1.3700963441245095
105,0,47d3e5fd43f9c0f6c6654fd57652371b6cebc0bc594f3e8abe89317fd50bef60:105,0,elliptical,inside,test_id,self_only,42,0.6959084706648168,0.45015273174525255,2.9914191586086765
105,1,47d3e5fd43f9c0f6c6654fd57652371b6cebc0bc594f3e8abe89317fd50bef60:105,0,elliptical,inside,test_id,self_only,42,0.7574035959585484,-0.3789001933646107,3.5643907986361434
106,0,47d3e5fd43f9c0f6c6654fd57652371b6cebc0bc594f3e8abe89317fd50bef60:106,1,circular,outside,test_id,self_only,42,0.06579972675879568,0.2761571772980785,4.572013817065338
106,1,47d3e5fd43f9c0f6c6654fd57652371b6cebc0bc594f3e8abe89317fd50bef60:106,1,circular,outside,test_id,self_only,42,-0.08283797034184366,-0.21270162680863386,4.206338606517921
107,0,47d3e5fd43f9c0f6c6654fd57652371b6cebc0bc594f3e8abe89317fd50bef60:107,1,circular,inside,test_id,self_only,42,0.44937063625891777,1.0895141430783366,3.9074058128377125
107,1,47d3e5fd43f9c0f6c6654fd57652371b6cebc0bc594f3e8abe89317fd50bef60:107,1,circular,inside,test_id,self_only,42,0.9827612476690587,0.6355522938656902,3.259571834256808
108,0,47d3e5fd43f9c0f6c6654fd57652371b6cebc0bc594f3e8abe89317fd50bef60:108,1,circular,outside,test_id,self_only,42,0.7558081584318456,0.5312017270016766,3.098005663664577
108,1,47d3e5fd43f9c0f6c6654fd57652371b6cebc0bc594f3e8abe89317fd50bef60:108,1,circular,outside,test_id,self_only,42,0.2099664645536718,-0.24661498585461622,3.925782042494473
109,0,47d3e5fd43f9c0f6c6654fd57652371b6cebc0bc594f3e8abe89317fd50bef60:109,2,circular,inside,test_id,self_only,42,-3.0857522649423306,1.1592142649579142,1.6422837504646521
109,1,47d3e5fd43f9c0f6c6654fd57652371b6cebc0bc594f3e8abe89317fd50bef60:109,2,circular,inside,test_id,self_only,42,-1.9109242124215784,2.5239955254483317,2.2629016561889057
110,0,47d3e5fd43f9c0f6c6654fd57652371b6cebc0bc594f3e8abe89317fd50bef60:110,2,elliptical,edge,test_ood,self_only,42,0.23869956902106376,0.8927557536053753,3.5508812792789337
110,1,47d3e5fd43f9c0f6c6654fd57652371b6cebc0bc594f3e8abe89317fd50bef60:110,2,elliptical,edge,test_ood,self_only,42,-0.8869970006601039,0.1190572746682262,3.36166271307558
111,0,47d3e5fd43f9c0f6c6654fd57652371b6cebc0bc594f3e8abe89317fd50bef60:111,1,elliptical,outside,test_id,self_only,42,-0.011634284044903812,0.13020332834006304,4.825656283792506
111,1,47d3e5fd43f9c0f6c6654fd57652371b6cebc0bc594f3e8abe89317fd50bef60:111,1,elliptical,outside,test_id,self_only,42,0.6992262440069493,-0.34502779761075025,5.643358950782516
112,0,47d3e5fd43f9c0f6c6654fd57652371b6cebc0bc594f3e8abe89317fd50bef60:112,1,elliptical,edge,test_id,self_only,42,0.10435930884321303,0.4169232912945842,3.8320293518903297
112,1,47d3e5fd43f9c0f6c6654fd57652371b6cebc0bc594f3e8abe89317fd50bef60:112,1,elliptical,edge,test_id,self_only,42,-0.028144286359948215,-0.25452526727437025,4.392127436156361
113,0,47d3e5fd43f9c0f6c6654fd57652371b6cebc0bc594f3e8abe89317fd50bef60:113,0,elliptical,outside,test_id,self_only,42,-1.118595616306466,-0.21970474043606764,5.156994233402711
113,1,47d3e5fd43f9c0f6c6654fd57652371b6cebc0bc594f3e8abe89317fd50bef60:113,0,elliptical,outside,test_id,self_only,42,-0.975508825267953,0.46478474816561693,5.350017061539873
114,0,47d3e5fd43f9c0f6c6654fd57652371b6cebc0bc594f3e8abe89317fd50bef60:114,1,elliptical,inside,test_id,self_only,42,-0.28754411765496163,0.7350130744862652,0.5020661121917387
114,1,47d3e5fd43f9c0f6c6654fd57652371b6cebc0bc594f3e8abe89317fd50bef60:114,1,elliptical,inside,test_id,self_only,42,0.12916019803722473,-0.5920649699282551,0.9093560790858031
115,0,47d3e5fd43f9c0f6c6654fd57652371b6cebc0bc594f3e8abe89317fd50bef60:115,2,circular,outside,test_id,self_only,42,-2.4264781636850064,-0.34307419577359205,2.6346007583057873
115,1,47d3e5fd43f9c0f6c6654fd57652371b6cebc0bc594f3e8abe89317fd50bef60:115,2,circular,outside,test_id,self_only,42,-2.794617669071359,-0.963801198394289,1.91292082555664
116,0,47d3e5fd43f9c0f6c6654fd57652371b6cebc0bc594f3e8abe89317fd50bef60:116,1,elliptical,outside,test_id,self_only,42,0.24808634689887138,0.11155580660582538,4.1555863556961015
116,1,47d3e5fd43f9c0f6c6654fd57652371b6cebc0bc594f3e8abe89317fd50bef60:116,1,elliptical,outside,test_id,self_only,42,-0.5067316455499354,0.8664735027241802,3.4912091552328133
117,0,47d3e5fd43f9c0f6c6654fd57652371b6cebc0bc594f3e8abe89317fd50bef60:117,0,elliptical,edge,test_id,self_only,42,0.4805599885328588,-0.3620196513247395,4.0743864421042915
117,1,47d3e5fd43f9c0f6c6654fd57652371b6cebc0bc594f3e8abe89317fd50bef60:117,0,elliptical,edge,test_id,self_only,42,0.08540712169249624,-0.1016632921409512,4.110096371476697
118,0,47d3e5fd43f9c0f6c6654fd57652371b6cebc0bc594f3e8abe89317fd50bef60:118,1,circular,inside,test_id,self_only,42,-0.46314413973252205,-0.26074016907929426,3.1216727184867348
118,1,47d3e5fd43f9c0f6c6654fd57652371b6cebc0bc594f3e8abe89317fd50bef60:118,1,circular,inside,test_id,self_only,42,0.6422353821142491,0.02624736657620426,3.385889312917539
119,0,47d3e5fd43f9c0f6c6654fd57652371b6cebc0bc594f3e8abe89317fd50bef60:119,2,elliptical,outside,test_ood,self_only,42,-0.4862165612832728,3.304316169826994,0.6788937805698037
119,1,47d3e5fd43f9c0f6c6654fd57652371b6cebc0bc594f3e8abe89317fd50bef60:119,2,elliptical,outside,test_ood,self_only,42,-0.4485091728822413,2.8191374607968425,1.0094507425583084
120,0,47d3e5fd43f9c0f6c6654fd57652371b6cebc0bc594f3e8abe89317fd50bef60:120,0,circular,inside,test_id,self_only,42,0.25540776423056694,0.6274837323117352,4.489979856618856
120,1,47d3e5fd43f9c0f6c6654fd57652371b6cebc0bc594f3e8abe89317fd50bef60:120,0,circular,inside,test_id,self_only,42,0.5798884468420323,-0.11739371040581707,4.210279613678787
121,0,47d3e5fd43f9c0f6c6654fd57652371b6cebc0bc594f3e8abe89317fd50bef60:121,0,circular,outside,test_id,self_only,42,0.44266243151267143,-0.21205932715653425,3.767757014574829
121,1,47d3e5fd43f9c0f6c6654fd57652371b6cebc0bc594f3e8abe89317fd50bef60:121,0,circular,outside,test_id,self_only,42,0.44028924277861686,0.40445602616549486,4.178660314140341
122,0,47d3e5fd43f9c0f6c6654fd57652371b6cebc0bc594f3e8abe89317fd50bef60:122,0,circular,edge,test_id,self_only,42,-1.3475516004220667,-0.01874741608022694,3.2575947927079376
122,1,47d3e5fd43f9c0f6c6654fd57652371b6cebc0bc594f3e8abe89317fd50bef60:122,0,circular,edge,test_id,self_only,42,0.8130720692022618,-0.5573379329752827,4.2465152561422705
123,0,47d3e5fd43f9c0f6c6654fd57652371b6cebc0bc594f3e8abe89317fd50bef60:123,0,circular,edge,test_id,self_only,42,0.3186942177160558,0.14687550744296068,3.9359906361211654
123,1,47d3e5fd43f9c0f6c6654fd57652371b6cebc0bc594f3e8abe89317fd50bef60:123,0,circular,edge,test_id,self_only,42,-0.5054505033151332,0.2429482110428905,4.547738449737464
124,0,47d3e5fd43f9c0f6c6654fd57652371b6cebc0bc594f3e8abe89317fd50bef60:124,0,circular,outside,test_id,self_only,42,1.0116351681097326,-0.038943108857860606,5.248931377681055
124,1,47d3e5fd43f9c0f6c6654fd57652371b6cebc0bc594f3e8abe89317fd50bef60:124,0,circular,outside,test_id,self_only,42,0.3549772339208898,-0.17401524701832777,4.678188275354762
125,0,47d3e5fd43f9c0f6c6654fd57652371b6cebc0bc594f3e8abe89317fd50bef60:125,2,circular,inside,test_id,self_only,42,0.8852150278433141,-0.29830049792050367,1.8749678098963984
125,1,47d3e5fd43f9c0f6c6654fd57652371b6cebc0bc594f3e8abe89317fd50bef60:125,2,circular,inside,test_id,self_only,42,0.32516510656912895,-0.23362822154282575,2.2726128759724507
126,0,47d3e5fd43f9c0f6c6654fd57652371b6cebc0bc594f3e8abe89317fd50bef60:126,2,circular,edge,test_id,self_only,42,-3.558559672321481,-1.9334613017153646,0.6024060895071017
126,1,47d3e5fd43f9c0f6c6654fd57652371b6cebc0bc594f3e8abe89317fd50bef60:126,2,circular,edge,test_id,self_only,42,-2.1075058145181362,-0.9460467628550434,1.505987255501916
127,0,47d3e5fd43f9c0f6c6654fd57652371b6cebc0bc594f3e8abe89317fd50bef60:127,0,elliptical,outside,test_id,self_only,42,0.7759152489050206,-0.4979534677576924,4.257741597377886
127,1,47d3e5fd43f9c0f6c6654fd57652371b6cebc0bc594f3e8abe89317fd50bef60:127,0,elliptical,outside,test_id,self_only,42,0.005257597778635922,-0.08469968357800488,3.6302612060258634
128,0,47d3e5fd43f9c0f6c6654fd57652371b6cebc0bc594f3e8abe89317fd50bef60:128,0,elliptical,inside,test_id,self_only,42,0.5976551013334569,0.06906400552273746,3.00521662828549
128,1,47d3e5fd43f9c0f6c6654fd57652371b6cebc0bc594f3e8abe89317fd50bef60:128,0,elliptical,inside,test_id,self_only,42,0.31231842807372184,0.09759417852641102,3.198880388802279
129,0,47d3e5fd43f9c0f6c6654fd57652371b6cebc0bc594f3e8abe89317fd50bef60:129,0,circular,inside,test_id,self_only,42,-0.002552704300087985,-0.3099635175776387,3.2492951234411485
129,1,47d3e5fd43f9c0f6c6654fd57652371b6cebc0bc594f3e8abe89317fd50bef60:129,0,circular,inside,test_id,self_only,42,-0.5409674806253139,0.05719456007958408,3.1199356659170285
130,0,47d3e5fd43f9c0f6c6654fd57652371b6cebc0bc594f3e8abe89317fd50bef60:130,1,circular,edge,test_id,self_only,42,-0.03825487324158579,-0.7241007021975422,3.005121631119046
130,1,47d3e5fd43f9c0f6c6654fd57652371b6cebc0bc594f3e8abe89317fd50bef60:130,1,circular,edge,test_id,self_only,42,-0.9613855046884242,0.13775633951903338,2.4565219217171
131,0,47d3e5fd43f9c0f6c6654fd57652371b6cebc0bc594f3e8abe89317fd50bef60:131,2,circular,edge,test_id,self_only,42,3.669727786098319,-4.173929565341463,2.034146290876602
131,1,47d3e5fd43f9c0f6c6654fd57652371b6cebc0bc594f3e8abe89317fd50bef60:131,2,circular,edge,test_id,self_only,42,2.6460294561727817,-3.9891554049563314,1.1767998672965319
132,0,47d3e5fd43f9c0f6c6654fd57652371b6cebc0bc594f3e8abe89317fd50bef60:132,2,circular,outside,test_id,self_only,42,0.14922453335364433,-0.0018309138131046704,4.37059132622722
132,1,47d3e5fd43f9c0f6c6654fd57652371b6cebc0bc594f3e8abe89317fd50bef60:132,2,circular,outside,test_id,self_only,42,1.0609088378294287,0.16741780122996325,3.6120126100726138
133,0,47d3e5fd43f9c0f6c6654fd57652371b6cebc0bc594f3e8abe89317fd50bef60:133,2,elliptical,inside,test_ood,self_only,42,2.5518610315664585,-1.8199232749056722,1.2513528138386676
133,1,47d3e5fd43f9c0f6c6654fd57652371b6cebc0bc594f3e8abe89317fd50bef60:133,2,elliptical,inside,test_ood,self_only,42,1.8537667827947912,-3.236637704761019,0.33903695521283034
134,0,47d3e5fd43f9c0f6c6654fd57652371b6cebc0bc594f3e8abe89317fd50bef60:134,1,elliptical,edge,test_id,self_only,42,-0.7019788188592616,0.6572924323964214,2.494412764663164
134,1,47d3e5fd43f9c0f6c6654fd57652371b6cebc0bc594f3e8abe89317fd50bef60:134,1,elliptical,edge,test_id,self_only,42,-0.2681480807916346,0.07329031756402012,3.1429934744203254
135,0,47d3e5fd43f9c0f6c6654fd57652371b6cebc0bc594f3e8abe89317fd50bef60:135,1,circular,inside,test_id,self_only,42,-0.3675781948224726,-0.8638774684977436,0.23861067220866422
135,1,47d3e5fd43f9c0f6c6654fd57652371b6cebc0bc594f3e8abe89317fd50bef60:135,1,circular,inside,test_id,self_only,42,-0.12405838200013071,0.2053127803492641,1.304871414367783
136,0,47d3e5fd43f9c0f6c6654fd57652371b6cebc0bc594f3e8abe89317fd50bef60:136,2,elliptical,inside,test_ood,self_only,42,-2.7389178437844937,2.3057264157223796,2.3285735250081125
136,1,47d3e5fd43f9c0f6c6654fd57652371b6cebc0bc594f3e8abe89317fd50bef60:136,2,elliptical,inside,test_ood,self_only,42,-3.5799868268624966,2.5042835541653727,3.0519630244659623
137,0,47d3e5fd43f9c0f6c6654fd57652371b6cebc0bc594f3e8abe89317fd50bef60:137,0,elliptical,inside,test_id,self_only,42,-0.7661401195184413,0.47592074355364794,3.7285823996066676
137,1,47d3e5fd43f9c0f6c6654fd57652371b6cebc0bc594f3e8abe89317fd50bef60:137,0,elliptical,inside,test_id,self_only,42,0.36580477527220817,0.7816761799740887,2.57974782272877
138,0,47d3e5fd43f9c0f6c6654fd57652371b6cebc0bc594f3e8abe89317fd50bef60:138,1,elliptical,inside,test_id,self_only,42,0.9926727848394689,-0.17272754827260023,1.6288139170994471
138,1,47d3e5fd43f9c0f6c6654fd57652371b6cebc0bc594f3e8abe89317fd50bef60:138,1,elliptical,inside,test_id,self_only,42,-0.25009949633042244,-0.22521292486905103,2.7203817802635006
139,0,47d3e5fd43f9c0f6c6654fd57652371b6cebc0bc594f3e8abe89317fd50bef60:139,1,circular,outside,test_id,self_only,42,0.45549259952147575,0.4310074516224956,4.751279934449063
139,1,47d3e5fd43f9c0f6c6654fd57652371b6cebc0bc594f3e8abe89317fd50bef60:139,1,circular,outside,test_id,self_only,42,-0.38082222768227486,1.3256894417691325,3.6601682012088306
140,0,47d3e5fd43f9c0f6c6654fd57652371b6cebc0bc594f3e8abe89317fd50bef60:140,2,elliptical,edge,test_ood,self_only,42,1.6752540903433142,1.1049987145352458,2.327817096455411
140,1,47d3e5fd43f9c0f6c6654fd57652371b6cebc0bc594f3e8abe89317fd50bef60:140,2,elliptical,edge,test_ood,self_only,42,1.700698121105033,0.2140642770218944,1.6537999141569244
141,0,47d3e5fd43f9c0f6c6654fd57652371b6cebc0bc594f3e8abe89317fd50bef60:141,2,elliptical,outside,test_ood,self_only,42,-1.0906865758554163,-0.23205997863530164,3.038064457067059
141,1,47d3e5fd43f9c0f6c6654fd57652371b6cebc0bc594f3e8abe89317fd50bef60:141,2,elliptical,outside,test_ood,self_only,42,-1.8758955163613977,-1.448139064700594,1.9376047785662787
142,0,47d3e5fd43f9c0f6c6654fd57652371b6cebc0bc594f3e8abe89317fd50bef60:142,1,circular,edge,test_id,self_only,42,-0.2306836111203852,0.5630708404469585,2.472248994662838
142,1,47d3e5fd43f9c0f6c6654fd57652371b6cebc0bc594f3e8abe89317fd50bef60:142,1,circular,edge,test_id,self_only,42,0.5721189217909154,-0.7220200232577229,3.916617789044523
143,0,47d3e5fd43f9c0f6c6654fd57652371b6cebc0bc594f3e8abe89317fd50bef60:143,0,elliptical,edge,test_id,self_only,42,-0.0077399624244394866,0.08220776846886631,4.278053177266913
143,1,47d3e5fd43f9c0f6c6654fd57652371b6cebc0bc594f3e8abe89317fd50bef60:143,0,elliptical,edge,test_id,self_only,42,-1.5348137778894129,-0.3714291981768513,5.206153271424259
144,0,47d3e5fd43f9c0f6c6654fd57652371b6cebc0bc594f3e8abe89317fd50bef60:144,2,circular,outside,test_id,self_only,42,-1.0384745759622278,-0.11376463690518383,3.2149965449878533
144,1,47d3e5fd43f9c0f6c6654fd57652371b6cebc0bc594f3e8abe89317fd50bef60:144,2,circular,outside,test_id,self_only,42,0.0005549030645665559,0.20986429533244128,3.9473876205900282
145,0,47d3e5fd43f9c0f6c6654fd57652371b6cebc0bc594f3e8abe89317fd50bef60:145,0,circular,inside,test_id,self_only,42,0.4360213415964422,-0.28216592291115766,1.543150993411779
145,1,47d3e5fd43f9c0f6c6654fd57652371b6cebc0bc594f3e8abe89317fd50bef60:145,0,circular,inside,test_id,self_only,42,-0.14414249488274483,-0.4590482048106099,2.131248751351107
146,0,47d3e5fd43f9c0f6c6654fd57652371b6cebc0bc594f3e8abe89317fd50bef60:146,1,circular,edge,test_id,self_only,42,1.265073998485404,0.2246058948922252,1.8572854825460625
146,1,47d3e5fd43f9c0f6c6654fd57652371b6cebc0bc594f3e8abe89317fd50bef60:146,1,circular,edge,test_id,self_only,42,-0.06774728127877146,-0.08198709854601864,3.088378920390286
147,0,47d3e5fd43f9c0f6c6654fd57652371b6cebc0bc594f3e8abe89317fd50bef60:147,0,elliptical,inside,test_id,self_only,42,1.390238268886405,-0.20725142279385572,2.0397347706859623
147,1,47d3e5fd43f9c0f6c6654fd57652371b6cebc0bc594f3e8abe89317fd50bef60:147,0,elliptical,inside,test_id,self_only,42,-0.5369016689912501,0.8534957238125896,2.7118138555253273
148,0,47d3e5fd43f9c0f6c6654fd57652371b6cebc0bc594f3e8abe89317fd50bef60:148,0,elliptical,edge,test_id,self_only,42,-0.23302482196251778,0.03296060046435352,3.2785117089523594
148,1,47d3e5fd43f9c0f6c6654fd57652371b6cebc0bc594f3e8abe89317fd50bef60:148,0,elliptical,edge,test_id,self_only,42,-0.5533577365533534,-0.08776419678448681,3.0554789039673205
149,0,47d3e5fd43f9c0f6c6654fd57652371b6cebc0bc594f3e8abe89317fd50bef60:149,0,elliptical,inside,test_id,self_only,42,-1.1226464671746912,0.7015851803708172,3.9412062206446468
149,1,47d3e5fd43f9c0f6c6654fd57652371b6cebc0bc594f3e8abe89317fd50bef60:149,0,elliptical,inside,test_id,self_only,42,0.31383561960299583,0.2950353988099193,2.7669432016429947
150,0,47d3e5fd43f9c0f6c6654fd57652371b6cebc0bc594f3e8abe89317fd50bef60:150,2,circular,outside,test_id,self_only,42,-0.7569266719476405,-0.5227777294230366,3.524204627403863
150,1,47d3e5fd43f9c0f6c6654fd57652371b6cebc0bc594f3e8abe89317fd50bef60:150,2,circular,outside,test_id,self_only,42,0.3434314267977056,-0.7789131931376362,4.096524465377503
151,0,47d3e5fd43f9c0f6c6654fd57652371b6cebc0bc594f3e8abe89317fd50bef60:151,1,elliptical,outside,test_id,self_only,42,0.37353880575736137,-0.26682847061871534,3.3975240388323855
151,1,47d3e5fd43f9c0f6c6654fd57652371b6cebc0bc594f3e8abe89317fd50bef60:151,1,elliptical,outside,test_id,self_only,42,1.2411621647222815,0.1398242332625484,3.6590649111280382
152,0,47d3e5fd43f9c0f6c6654fd57652371b6cebc0bc594f3e8abe89317fd50bef60:152,1,elliptical,outside,test_id,self_only,42,-0.9307985467569057,0.008041805832395513,3.8023773674824266
152,1,47d3e5fd43f9c0f6c6654fd57652371b6cebc0bc594f3e8abe89317fd50bef60:152,1,elliptical,outside,test_id,self_only,42,0.7927886085851964,0.18045357546092028,3.6269181813394433
153,0,47d3e5fd43f9c0f6c6654fd57652371b6cebc0bc594f3e8abe89317fd50bef60:153,0,circular,edge,test_id,self_only,42,0.6761312322958287,-0.02531477132557873,3.0339484398007115
153,1,47d3e5fd43f9c0f6c6654fd57652371b6cebc0bc594f3e8abe89317fd50bef60:153,0,circular,edge,test_id,self_only,42,0.451235993419486,0.14298755606890673,2.857015006520012
154,0,47d3e5fd43f9c0f6c6654fd57652371b6cebc0bc594f3e8abe89317fd50bef60:154,0,elliptical,outside,test_id,self_only,42,-0.2595643860952082,0.7608810134816265,3.6437539886367527
154,1,47d3e5fd43f9c0f6c6654fd57652371b6cebc0bc594f3e8abe89317fd50bef60:154,0,elliptical,outside,test_id,self_only,42,0.42659200600226493,0.6815993257451153,4.32322217767746
155,0,47d3e5fd43f9c0f6c6654fd57652371b6cebc0bc594f3e8abe89317fd50bef60:155,1,circular,inside,test_id,self_only,42,-0.043996856893700656,-0.2891294292521382,3.000638158784662
155,1,47d3e5fd43f9c0f6c6654fd57652371b6cebc0bc594f3e8abe89317fd50bef60:155,1,circular,inside,test_id,self_only,42,-0.8289215726510707,0.4560762115407085,4.080109886386694
156,0,47d3e5fd43f9c0f6c6654fd57652371b6cebc0bc594f3e8abe89317fd50bef60:156,1,elliptical,edge,test_id,self_only,42,0.9363550978048619,0.43029428204775805,4.270160936253803
156,1,47d3e5fd43f9c0f6c6654fd57652371b6cebc0bc594f3e8abe89317fd50bef60:156,1,elliptical,edge,test_id,self_only,42,-0.04917754360596567,0.09246294876814838,3.231496768211211
157,0,47d3e5fd43f9c0f6c6654fd57652371b6cebc0bc594f3e8abe89317fd50bef60:157,1,circular,outside,test_id,self_only,42,0.5109784739359197,0.654273159115324,4.443323675524687
157,1,47d3e5fd43f9c0f6c6654fd57652371b6cebc0bc594f3e8abe89317fd50bef60:157,1,circular,outside,test_id,self_only,42,-0.019261301840943393,0.184811956493864,3.7471623242891696
158,0,47d3e5fd43f9c0f6c6654fd57652371b6cebc0bc594f3e8abe89317fd50bef60:158,1,elliptical,inside,test_id,self_only,42,-0.4634325070039454,0.7504629560399151,1.242907718481815
158,1,47d3e5fd43f9c0f6c6654fd57652371b6cebc0bc594f3e8abe89317fd50bef60:158,1,elliptical,inside,test_id,self_only,42,0.07251868269284338,-0.05136096546172146,2.202092150917533
159,0,47d3e5fd43f9c0f6c6654fd57652371b6cebc0bc594f3e8abe89317fd50bef60:159,0,circular,inside,test_id,self_only,42,0.3643262820585546,-0.15223276683806425,2.2167966779640818
159,1,47d3e5fd43f9c0f6c6654fd57652371b6cebc0bc594f3e8abe89317fd50bef60:159,0,circular,inside,test_id,self_only,42,0.5872506337507543,0.20189251682044024,1.8117287960213702
160,0,47d3e5fd43f9c0f6c6654fd57652371b6cebc0bc594f3e8abe89317fd50bef60:160,1,elliptical,inside,test_id,self_only,42,-1.2312436265603723,0.4288142391133403,0.9231913764295292
160,1,47d3e5fd43f9c0f6c6654fd57652371b6cebc0bc594f3e8abe89317fd50bef60:160,1,elliptical,inside,test_id,self_only,42,0.032019762907820645,-0.6633171371531391,2.0305625406510077
161,0,47d3e5fd43f9c0f6c6654fd57652371b6cebc0bc594f3e8abe89317fd50bef60:161,2,elliptical,inside,test_ood,self_only,42,1.8120280342443762,0.20719220420599932,1.1683510223686517
161,1,47d3e5fd43f9c0f6c6654fd57652371b6cebc0bc594f3e8abe89317fd50bef60:161,2,elliptical,inside,test_ood,self_only,42,0.6437811093672093,-0.9288902811121845,2.782652227751979
162,0,47d3e5fd43f9c0f6c6654fd57652371b6cebc0bc594f3e8abe89317fd50bef60:162,2,elliptical,edge,test_ood,self_only,42,-1.4061820668832483,-1.752108209521761,1.8013337456137342
162,1,47d3e5fd43f9c0f6c6654fd57652371b6cebc0bc594f3e8abe89317fd50bef60:162,2,elliptical,edge,test_ood,self_only,42,-1.0956244630471887,-2.972139947803011,1.609863488080406
163,0,47d3e5fd43f9c0f6c6654fd57652371b6cebc0bc594f3e8abe89317fd50bef60:163,0,circular,edge,test_id,self_only,42,0.18303512654145332,-0.5192710689616108,4.033113281447516
163,1,47d3e5fd43f9c0f6c6654fd57652371b6cebc0bc594f3e8abe89317fd50bef60:163,0,circular,edge,test_id,self_only,42,-0.23774643370072274,-0.010076806635847133,3.3853374310301887
164,0,47d3e5fd43f9c0f6c6654fd57652371b6cebc0bc594f3e8abe89317fd50bef60:164,2,elliptical,outside,test_ood,self_only,42,-0.9070395393029872,0.9737078019070721,2.466546030099208
164,1,47d3e5fd43f9c0f6c6654fd57652371b6cebc0bc594f3e8abe89317fd50bef60:164,2,elliptical,outside,test_ood,self_only,42,-1.7633422774926844,0.7852367230343914,1.6317331039868068
165,0,47d3e5fd43f9c0f6c6654fd57652371b6cebc0bc594f3e8abe89317fd50bef60:165,0,elliptical,edge,test_id,self_only,42,-0.5816123051301662,-0.5146278075289631,4.896939587975539
165,1,47d3e5fd43f9c0f6c6654fd57652371b6cebc0bc594f3e8abe89317fd50bef60:165,0,elliptical,edge,test_id,self_only,42,0.43695001176436515,-0.25063619831322675,4.0354832525204225
166,0,47d3e5fd43f9c0f6c6654fd57652371b6cebc0bc594f3e8abe89317fd50bef60:166,2,circular,inside,test_id,self_only,42,1.5393616991384802,1.508185512630949,1.1283411150773552
166,1,47d3e5fd43f9c0f6c6654fd57652371b6cebc0bc594f3e8abe89317fd50bef60:166,2,circular,inside,test_id,self_only,42,1.731776698146659,1.2326244183468913,1.1999183736757695
167,0,47d3e5fd43f9c0f6c6654fd57652371b6cebc0bc594f3e8abe89317fd50bef60:167,2,circular,edge,test_id,self_only,42,-3.752353922809762,-1.0800987414431478,0.8633532408864298
167,1,47d3e5fd43f9c0f6c6654fd57652371b6cebc0bc594f3e8abe89317fd50bef60:167,2,circular,edge,test_id,self_only,42,-4.361143366779489,-0.37744110146283155,1.3894771499664729
168,0,47d3e5fd43f9c0f6c6654fd57652371b6cebc0bc594f3e8abe89317fd50bef60:168,1,circular,outside,test_id,self_only,42,0.29607501498301597,-0.24760172584771162,3.2293527467646572
168,1,47d3e5fd43f9c0f6c6654fd57652371b6cebc0bc594f3e8abe89317fd50bef60:168,1,circular,outside,test_id,self_only,42,0.548551483665305,0.7802985974240398,2.9018074991306135
169,0,47d3e5fd43f9c0f6c6654fd57652371b6cebc0bc594f3e8abe89317fd50bef60:169,0,circular,outside,test_id,self_only,42,0.713280602012473,-0.24764249542473799,4.240442009255937
169,1,47d3e5fd43f9c0f6c6654fd57652371b6cebc0bc594f3e8abe89317fd50bef60:169,0,circular,outside,test_id,self_only,42,0.1148390123887834,0.13226515731097216,3.6981164143487915
170,0,47d3e5fd43f9c0f6c6654fd57652371b6cebc0bc594f3e8abe89317fd50bef60:170,1,circular,inside,test_id,self_only,42,-0.31254793831269173,0.25179184159518236,1.8854810817823875
170,1,47d3e5fd43f9c0f6c6654fd57652371b6cebc0bc594f3e8abe89317fd50bef60:170,1,circular,inside,test_id,self_only,42,-1.3474968833581629,-0.26490031996487623,1.1861455019189484
171,0,47d3e5fd43f9c0f6c6654fd57652371b6cebc0bc594f3e8abe89317fd50bef60:171,2,circular,edge,test_id,self_only,42,-0.8111317915574733,-0.24497812309979444,3.39278164926842
171,1,47d3e5fd43f9c0f6c6654fd57652371b6cebc0bc594f3e8abe89317fd50bef60:171,2,circular,edge,test_id,self_only,42,-2.357782618488473,-0.3976859978747273,2.52267089502669
172,0,47d3e5fd43f9c0f6c6654fd57652371b6cebc0bc594f3e8abe89317fd50bef60:172,0,elliptical,outside,test_id,self_only,42,0.26867659262259574,0.13235866209746355,4.221729809694633
172,1,47d3e5fd43f9c0f6c6654fd57652371b6cebc0bc594f3e8abe89317fd50bef60:172,0,elliptical,outside,test_id,self_only,42,0.32558365038474174,0.01685833862305637,4.299667870353457
173,0,47d3e5fd43f9c0f6c6654fd57652371b6cebc0bc594f3e8abe89317fd50bef60:173,2,elliptical,inside,test_ood,self_only,42,0.8682128625257787,1.1073082753110026,1.933984327877951
173,1,47d3e5fd43f9c0f6c6654fd57652371b6cebc0bc594f3e8abe89317fd50bef60:173,2,elliptical,inside,test_ood,self_only,42,-0.2894140047685328,1.1632510491299723,1.0559471778725054
174,0,47d3e5fd43f9c0f6c6654fd57652371b6cebc0bc594f3e8abe89317fd50bef60:174,2,elliptical,outside,test_ood,self_only,42,0.5032730536802587,-0.44015931406735426,5.057318528744892
174,1,47d3e5fd43f9c0f6c6654fd57652371b6cebc0bc594f3e8abe89317fd50bef60:174,2,elliptical,outside,test_ood,self_only,42,-0.0919219417230311,-1.5360299281191732,4.088232366577875
175,0,47d3e5fd43f9c0f6c6654fd57652371b6cebc0bc594f3e8abe89317fd50bef60:175,2,elliptical,edge,test_ood,self_only,42,0.5576594608171758,0.857141561119566,2.6742272719289337
175,1,47d3e5fd43f9c0f6c6654fd57652371b6cebc0bc594f3e8abe89317fd50bef60:175,2,elliptical,edge,test_ood,self_only,42,0.7804403739317235,0.6830582686352825,2.5539096210959173
176,0,47d3e5fd43f9c0f6c6654fd57652371b6cebc0bc594f3e8abe89317fd50bef60:176,2,circular,inside,test_id,self_only,42,-1.148274914707345,1.555180437176237,1.8507496243796895
176,1,47d3e5fd43f9c0f6c6654fd57652371b6cebc0bc594f3e8abe89317fd50bef60:176,2,circular,inside,test_id,self_only,42,-0.16781884559552102,1.5856362648892497,2.651564274233454
177,0,47d3e5fd43f9c0f6c6654fd57652371b6cebc0bc594f3e8abe89317fd50bef60:177,1,circular,edge,test_id,self_only,42,0.06759805849631399,-0.9938943318438435,3.2389860205420873
177,1,47d3e5fd43f9c0f6c6654fd57652371b6cebc0bc594f3e8abe89317fd50bef60:177,1,circular,edge,test_id,self_only,42,0.048038853917914334,0.4892315932202434,4.109247949935795
178,0,47d3e5fd43f9c0f6c6654fd57652371b6cebc0bc594f3e8abe89317fd50bef60:178,1,elliptical,edge,test_id,self_only,42,0.05391262343962759,1.1667007275509929,2.2514808527796686
178,1,47d3e5fd43f9c0f6c6654fd57652371b6cebc0bc594f3e8abe89317fd50bef60:178,1,elliptical,edge,test_id,self_only,42,1.0590613322599707,-0.39959447899579054,3.4129665753252576
179,0,47d3e5fd43f9c0f6c6654fd57652371b6cebc0bc594f3e8abe89317fd50bef60:179,0,circular,outside,test_id,self_only,42,0.32784677914221855,0.22558046063662524,4.166256496447241
179,1,47d3e5fd43f9c0f6c6654fd57652371b6cebc0bc594f3e8abe89317fd50bef60:179,0,circular,outside,test_id,self_only,42,0.5620444255216893,-0.4520467452120686,3.4837517128080973
180,0,47d3e5fd43f9c0f6c6654fd57652371b6cebc0bc594f3e8abe89317fd50bef60:180,2,elliptical,inside,test_ood,self_only,42,-1.1080379647866907,-2.046778552920809,0.45576871668625507
180,1,47d3e5fd43f9c0f6c6654fd57652371b6cebc0bc594f3e8abe89317fd50bef60:180,2,elliptical,inside,test_ood,self_only,42,-0.40139638015190987,-1.620283716113558,0.7107043080190855
181,0,47d3e5fd43f9c0f6c6654fd57652371b6cebc0bc594f3e8abe89317fd50bef60:181,0,circular,inside,test_id,self_only,42,1.2985464172704992,0.429898089973936,2.528746050860588
181,1,47d3e5fd43f9c0f6c6654fd57652371b6cebc0bc594f3e8abe89317fd50bef60:181,0,circular,inside,test_id,self_only,42,-1.1654005212442102,0.20156560024500841,3.6483670003874984
182,0,47d3e5fd43f9c0f6c6654fd57652371b6cebc0bc594f3e8abe89317fd50bef60:182,2,elliptical,edge,test_ood,self_only,42,0.00971578678925604,-5.407267921359529,2.4146629094696865
182,1,47d3e5fd43f9c0f6c6654fd57652371b6cebc0bc594f3e8abe89317fd50bef60:182,2,elliptical,edge,test_ood,self_only,42,1.973025305782157,-4.882185810000887,2.58677178724878
183,0,47d3e5fd43f9c0f6c6654fd57652371b6cebc0bc594f3e8abe89317fd50bef60:183,2,elliptical,outside,test_ood,self_only,42,-0.33526240416924386,0.400245226233015,4.880562985752428
183,1,47d3e5fd43f9c0f6c6654fd57652371b6cebc0bc594f3e8abe89317fd50bef60:183,2,elliptical,outside,test_ood,self_only,42,0.2300956981523809,-0.8202438286852741,4.163736635653044
184,0,47d3e5fd43f9c0f6c6654fd57652371b6cebc0bc594f3e8abe89317fd50bef60:184,0,elliptical,outside,test_id,self_only,42,-1.1198716325418177,0.5758025713849163,3.2589490580874245
184,1,47d3e5fd43f9c0f6c6654fd57652371b6cebc0bc594f3e8abe89317fd50bef60:184,0,elliptical,outside,test_id,self_only,42,-0.44135238357941536,-0.5449112586092854,4.567471793193175
185,0,47d3e5fd43f9c0f6c6654fd57652371b6cebc0bc594f3e8abe89317fd50bef60:185,2,circular,edge,test_id,self_only,42,1.0964863138540564,-0.010840398014774363,1.9041606825672561
185,1,47d3e5fd43f9c0f6c6654fd57652371b6cebc0bc594f3e8abe89317fd50bef60:185,2,circular,edge,test_id,self_only,42,0.5916899876936254,0.07616269519806858,2.408599915127224
186,0,47d3e5fd43f9c0f6c6654fd57652371b6cebc0bc594f3e8abe89317fd50bef60:186,2,circular,edge,test_id,self_only,42,-2.93958117195527,-2.34786474028348,0.6972451683861217
186,1,47d3e5fd43f9c0f6c6654fd57652371b6cebc0bc594f3e8abe89317fd50bef60:186,2,circular,edge,test_id,self_only,42,-1.893337146724862,-1.2468296221804525,1.926874700570577
187,0,47d3e5fd43f9c0f6c6654fd57652371b6cebc0bc594f3e8abe89317fd50bef60:187,2,circular,outside,test_id,self_only,42,2.3566071825369175,2.236194736568937,1.791672072791904
187,1,47d3e5fd43f9c0f6c6654fd57652371b6cebc0bc594f3e8abe89317fd50bef60:187,2,circular,outside,test_id,self_only,42,1.8028999405248938,2.6801441975522136,1.0833219595870365
188,0,47d3e5fd43f9c0f6c6654fd57652371b6cebc0bc594f3e8abe89317fd50bef60:188,0,circular,inside,test_id,self_only,42,0.12689487135847183,-2.431193112377439e-05,2.699274510245937
188,1,47d3e5fd43f9c0f6c6654fd57652371b6cebc0bc594f3e8abe89317fd50bef60:188,0,circular,inside,test_id,self_only,42,0.03291146329482168,-0.5215964249682331,2.588029368233759
189,0,47d3e5fd43f9c0f6c6654fd57652371b6cebc0bc594f3e8abe89317fd50bef60:189,0,elliptical,edge,test_id,self_only,42,0.1506572651012716,0.24275220116854662,3.8006304633604695
189,1,47d3e5fd43f9c0f6c6654fd57652371b6cebc0bc594f3e8abe89317fd50bef60:189,0,elliptical,edge,test_id,self_only,42,0.7621941404684361,0.4107110269951915,4.241042445143982
190,0,47d3e5fd43f9c0f6c6654fd57652371b6cebc0bc594f3e8abe89317fd50bef60:190,1,circular,outside,test_id,self_only,42,0.8655703502043065,0.3837670155453777,3.706443206291431
190,1,47d3e5fd43f9c0f6c6654fd57652371b6cebc0bc594f3e8abe89317fd50bef60:190,1,circular,outside,test_id,self_only,42,0.7861663537367162,0.6467164822507,3.480122076841597
191,0,47d3e5fd43f9c0f6c6654fd57652371b6cebc0bc594f3e8abe89317fd50bef60:191,2,circular,outside,test_id,self_only,42,-0.6118779344217006,0.39239654621363634,4.130927200327926
191,1,47d3e5fd43f9c0f6c6654fd57652371b6cebc0bc594f3e8abe89317fd50bef60:191,2,circular,outside,test_id,self_only,42,-0.19450561829964547,-0.4517321518969441,3.6425865147474905
192,0,47d3e5fd43f9c0f6c6654fd57652371b6cebc0bc594f3e8abe89317fd50bef60:192,2,circular,inside,test_id,self_only,42,-1.7839317483560266,1.1884402104306315,0.9135127172911663
192,1,47d3e5fd43f9c0f6c6654fd57652371b6cebc0bc594f3e8abe89317fd50bef60:192,2,circular,inside,test_id,self_only,42,-2.071419493641061,1.0352817841458415,0.6910693591549407
193,0,47d3e5fd43f9c0f6c6654fd57652371b6cebc0bc594f3e8abe89317fd50bef60:193,0,elliptical,inside,test_id,self_only,42,-1.2332940263406458,0.7073420353818035,2.0508273808778767
193,1,47d3e5fd43f9c0f6c6654fd57652371b6cebc0bc594f3e8abe89317fd50bef60:193,0,elliptical,inside,test_id,self_only,42,-0.361849681820077,0.41499305447817797,2.7319177118445452
194,0,47d3e5fd43f9c0f6c6654fd57652371b6cebc0bc594f3e8abe89317fd50bef60:194,1,elliptical,outside,test_id,self_only,42,0.099259066049653,-0.7003236345362568,3.829880120398883
194,1,47d3e5fd43f9c0f6c6654fd57652371b6cebc0bc594f3e8abe89317fd50bef60:194,1,elliptical,outside,test_id,self_only,42,1.5868353681906042,0.095452643244276,5.427108266659095
195,0,47d3e5fd43f9c0f6c6654fd57652371b6cebc0bc594f3e8abe89317fd50bef60:195,1,circular,inside,test_id,self_only,42,0.20966182521422477,1.2552882500577067,1.7933230058064762
195,1,47d3e5fd43f9c0f6c6654fd57652371b6cebc0bc594f3e8abe89317fd50bef60:195,1,circular,inside,test_id,self_only,42,0.1471177103265104,-0.2620779655289555,2.480348402068052
196,0,47d3e5fd43f9c0f6c6654fd57652371b6cebc0bc594f3e8abe89317fd50bef60:196,0,circular,outside,test_id,self_only,42,-0.3627627057687464,1.1192423172879313,2.985806843837589
196,1,47d3e5fd43f9c0f6c6654fd57652371b6cebc0bc594f3e8abe89317fd50bef60:196,0,circular,outside,test_id,self_only,42,-0.48789967724244027,-0.18158174374817854,4.058215208761391
197,0,47d3e5fd43f9c0f6c6654fd57652371b6cebc0bc594f3e8abe89317fd50bef60:197,2,circular,inside,test_id,self_only,42,-0.5535581273690883,-0.1003466627907658,3.2209231909822034
197,1,47d3e5fd43f9c0f6c6654fd57652371b6cebc0bc594f3e8abe89317fd50bef60:197,2,circular,inside,test_id,self_only,42,-0.50269414612214,-0.8623856238436604,2.8145419974337416
198,0,47d3e5fd43f9c0f6c6654fd57652371b6cebc0bc594f3e8abe89317fd50bef60:198,0,elliptical,outside,test_id,self_only,42,0.2715055780752477,0.12609610637904162,3.519306555202049
198,1,47d3e5fd43f9c0f6c6654fd57652371b6cebc0bc594f3e8abe89317fd50bef60:198,0,elliptical,outside,test_id,self_only,42,-0.023860642100972232,0.6513825722622967,2.925352862781987
199,0,47d3e5fd43f9c0f6c6654fd57652371b6cebc0bc594f3e8abe89317fd50bef60:199,1,circular,edge,test_id,self_only,42,0.862766845737296,-0.10592525521039013,3.6555886748488517
199,1,47d3e5fd43f9c0f6c6654fd57652371b6cebc0bc594f3e8abe89317fd50bef60:199,1,circular,edge,test_id,self_only,42,-0.19306750723282723,0.3851847716260051,3.9673108703047903
200,0,47d3e5fd43f9c0f6c6654fd57652371b6cebc0bc594f3e8abe89317fd50bef60:200,0,circular,edge,test_id,self_only,42,-0.5273522896424953,0.04620005121708866,3.350842981936508
200,1,47d3e5fd43f9c0f6c6654fd57652371b6cebc0bc594f3e8abe89317fd50bef60:200,0,circular,edge,test_id,self_only,42,0.5289969282491979,0.3384277292180156,3.355661165135862
201,0,47d3e5fd43f9c0f6c6654fd57652371b6cebc0bc594f3e8abe89317fd50bef60:201,1,circular,inside,test_id,self_only,42,-0.20700542756478219,0.4082664616990184,3.776706057014083
201,1,47d3e5fd43f9c0f6c6654fd57652371b6cebc0bc594f3e8abe89317fd50bef60:201,1,circular,inside,test_id,self_only,42,-0.28911213704506783,1.4988700219082927,4.794360433283462
202,0,47d3e5fd43f9c0f6c6654fd57652371b6cebc0bc594f3e8abe89317fd50bef60:202,1,elliptical,edge,test_id,self_only,42,0.5253895955427464,-0.14024103501557356,3.8403679785699576
202,1,47d3e5fd43f9c0f6c6654fd57652371b6cebc0bc594f3e8abe89317fd50bef60:202,1,elliptical,edge,test_id,self_only,42,0.5457687812193212,0.3773235746312236,3.4170241113061723
203,0,47d3e5fd43f9c0f6c6654fd57652371b6cebc0bc594f3e8abe89317fd50bef60:203,2,elliptical,outside,test_ood,self_only,42,-0.29142241307656197,-0.5870566300463581,3.2807432973870276
203,1,47d3e5fd43f9c0f6c6654fd57652371b6cebc0bc594f3e8abe89317fd50bef60:203,2,elliptical,outside,test_ood,self_only,42,-1.2305060786859217,-0.6890370182108784,2.3648150157658687
204,0,47d3e5fd43f9c0f6c6654fd57652371b6cebc0bc594f3e8abe89317fd50bef60:204,2,elliptical,edge,test_ood,self_only,42,1.2139799433096228,1.2881182499814128,3.8232939596430144
204,1,47d3e5fd43f9c0f6c6654fd57652371b6cebc0bc594f3e8abe89317fd50bef60:204,2,elliptical,edge,test_ood,self_only,42,-0.09380722173611551,1.196313864796171,2.7764987233864353
205,0,47d3e5fd43f9c0f6c6654fd57652371b6cebc0bc594f3e8abe89317fd50bef60:205,1,elliptical,inside,test_id,self_only,42,0.23859248927672477,1.0730007954526042,2.475486333072753
205,1,47d3e5fd43f9c0f6c6654fd57652371b6cebc0bc594f3e8abe89317fd50bef60:205,1,elliptical,inside,test_id,self_only,42,-1.0299122495309534,-0.1542029611182118,2.094226603251289
206,0,47d3e5fd43f9c0f6c6654fd57652371b6cebc0bc594f3e8abe89317fd50bef60:206,1,circular,outside,test_id,self_only,42,0.7814715938909825,0.7604404159474468,4.076410822523504
206,1,47d3e5fd43f9c0f6c6654fd57652371b6cebc0bc594f3e8abe89317fd50bef60:206,1,circular,outside,test_id,self_only,42,-0.08728800841729074,-0.3500028184962178,4.168036043341824
207,0,47d3e5fd43f9c0f6c6654fd57652371b6cebc0bc594f3e8abe89317fd50bef60:207,0,elliptical,edge,test_id,self_only,42,0.21120840183337303,-0.11921432682990078,3.140136863222595
207,1,47d3e5fd43f9c0f6c6654fd57652371b6cebc0bc594f3e8abe89317fd50bef60:207,0,elliptical,edge,test_id,self_only,42,0.46257926395972343,1.0495365925717448,1.9535918476944136
208,0,47d3e5fd43f9c0f6c6654fd57652371b6cebc0bc594f3e8abe89317fd50bef60:208,0,circular,outside,test_id,self_only,42,0.8576256471021947,0.20272032102824206,3.4545390534544302
208,1,47d3e5fd43f9c0f6c6654fd57652371b6cebc0bc594f3e8abe89317fd50bef60:208,0,circular,outside,test_id,self_only,42,0.621534688983756,-0.33806981960057264,4.044526948445034
209,0,47d3e5fd43f9c0f6c6654fd57652371b6cebc0bc594f3e8abe89317fd50bef60:209,0,circular,edge,test_id,self_only,42,0.6520591216429051,-0.391757183463564,3.4191719355653483
209,1,47d3e5fd43f9c0f6c6654fd57652371b6cebc0bc594f3e8abe89317fd50bef60:209,0,circular,edge,test_id,self_only,42,-0.06602440902153879,0.24341136893511767,2.7713825354722186
210,0,47d3e5fd43f9c0f6c6654fd57652371b6cebc0bc594f3e8abe89317fd50bef60:210,0,elliptical,inside,test_id,self_only,42,-0.8623319430009547,-0.5184264711451435,3.246791578510615
210,1,47d3e5fd43f9c0f6c6654fd57652371b6cebc0bc594f3e8abe89317fd50bef60:210,0,elliptical,inside,test_id,self_only,42,0.4389434295042333,-0.5104548267435932,2.582086869150315
211,0,47d3e5fd43f9c0f6c6654fd57652371b6cebc0bc594f3e8abe89317fd50bef60:211,1,elliptical,edge,test_id,self_only,42,-0.187904791320962,0.2712050147938823,2.81310723098601
211,1,47d3e5fd43f9c0f6c6654fd57652371b6cebc0bc594f3e8abe89317fd50bef60:211,1,elliptical,edge,test_id,self_only,42,-0.3666093809262934,-0.016756803483953517,2.641951374540075
212,0,47d3e5fd43f9c0f6c6654fd57652371b6cebc0bc594f3e8abe89317fd50bef60:212,1,circular,edge,test_id,self_only,42,0.6099061208113011,-0.582669549376955,2.4246143382407186
212,1,47d3e5fd43f9c0f6c6654fd57652371b6cebc0bc594f3e8abe89317fd50bef60:212,1,circular,edge,test_id,self_only,42,-0.5342086715356532,0.23855531892062182,3.5017471209268964
213,0,47d3e5fd43f9c0f6c6654fd57652371b6cebc0bc594f3e8abe89317fd50bef60:213,1,elliptical,outside,test_id,self_only,42,-0.06405830511013895,-0.09934861281632427,4.268685933554336
213,1,47d3e5fd43f9c0f6c6654fd57652371b6cebc0bc594f3e8abe89317fd50bef60:213,1,elliptical,outside,test_id,self_only,42,1.164601667438346,0.2889503308224773,4.751566948450771
214,0,47d3e5fd43f9c0f6c6654fd57652371b6cebc0bc594f3e8abe89317fd50bef60:214,1,elliptical,inside,test_id,self_only,42,-0.16807374485890297,0.12866193732501024,0.47836955123446073
214,1,47d3e5fd43f9c0f6c6654fd57652371b6cebc0bc594f3e8abe89317fd50bef60:214,1,elliptical,inside,test_id,self_only,42,0.29682344070513816,0.02872861108065601,0.14671803753403012
215,0,47d3e5fd43f9c0f6c6654fd57652371b6cebc0bc594f3e8abe89317fd50bef60:215,2,elliptical,inside,test_ood,self_only,42,0.9226652222021398,2.3179141350674723,0.5707969357450668
215,1,47d3e5fd43f9c0f6c6654fd57652371b6cebc0bc594f3e8abe89317fd50bef60:215,2,elliptical,inside,test_ood,self_only,42,0.9414369898184117,2.2448865242886638,0.6424664940705164
216,0,47d3e5fd43f9c0f6c6654fd57652371b6cebc0bc594f3e8abe89317fd50bef60:216,1,circular,outside,test_id,self_only,42,0.6035174565656957,-0.5530459813189411,3.2018786675396385
216,1,47d3e5fd43f9c0f6c6654fd57652371b6cebc0bc594f3e8abe89317fd50bef60:216,1,circular,outside,test_id,self_only,42,-1.247614399875802,-0.24632553079842573,3.540481855754315
217,0,47d3e5fd43f9c0f6c6654fd57652371b6cebc0bc594f3e8abe89317fd50bef60:217,1,circular,edge,test_id,self_only,42,0.16665416083176704,-0.001080923469057124,3.378848202565712
217,1,47d3e5fd43f9c0f6c6654fd57652371b6cebc0bc594f3e8abe89317fd50bef60:217,1,circular,edge,test_id,self_only,42,-0.13701336213509469,-0.3897860578608418,3.864693340169069
218,0,47d3e5fd43f9c0f6c6654fd57652371b6cebc0bc594f3e8abe89317fd50bef60:218,1,elliptical,inside,test_id,self_only,42,-0.32019277044693856,0.23653358897448534,2.5116997100634944
218,1,47d3e5fd43f9c0f6c6654fd57652371b6cebc0bc594f3e8abe89317fd50bef60:218,1,elliptical,inside,test_id,self_only,42,0.13601130119402977,0.28570688447237963,2.092112510659732
219,0,47d3e5fd43f9c0f6c6654fd57652371b6cebc0bc594f3e8abe89317fd50bef60:219,2,circular,inside,test_id,self_only,42,-1.2596713466302576,6.3878737755704025,4.203444624880623
219,1,47d3e5fd43f9c0f6c6654fd57652371b6cebc0bc594f3e8abe89317fd50bef60:219,2,circular,inside,test_id,self_only,42,-0.588290111507577,5.771752960293303,3.423781875190386
220,0,47d3e5fd43f9c0f6c6654fd57652371b6cebc0bc594f3e8abe89317fd50bef60:220,1,elliptical,outside,test_id,self_only,42,0.3490013914449987,0.9309436150479412,3.901475682491294
220,1,47d3e5fd43f9c0f6c6654fd57652371b6cebc0bc594f3e8abe89317fd50bef60:220,1,elliptical,outside,test_id,self_only,42,0.5828834610327062,-0.06508050927638058,4.836418036792255
221,0,47d3e5fd43f9c0f6c6654fd57652371b6cebc0bc594f3e8abe89317fd50bef60:221,1,circular,inside,test_id,self_only,42,0.5301906006677922,-0.5228064588618183,1.4746673580402136
221,1,47d3e5fd43f9c0f6c6654fd57652371b6cebc0bc594f3e8abe89317fd50bef60:221,1,circular,inside,test_id,self_only,42,0.49482951930602165,0.9926018782544231,2.598041951699932
222,0,47d3e5fd43f9c0f6c6654fd57652371b6cebc0bc594f3e8abe89317fd50bef60:222,0,circular,edge,test_id,self_only,42,-0.5458986920968715,0.20932013472796435,2.942930092535714
222,1,47d3e5fd43f9c0f6c6654fd57652371b6cebc0bc594f3e8abe89317fd50bef60:222,0,circular,edge,test_id,self_only,42,1.382806046520072,-0.05817616799592022,3.2157819574106656
223,0,47d3e5fd43f9c0f6c6654fd57652371b6cebc0bc594f3e8abe89317fd50bef60:223,1,circular,inside,test_id,self_only,42,-0.403199539865655,-1.109349363238802,2.5160784575897783
223,1,47d3e5fd43f9c0f6c6654fd57652371b6cebc0bc594f3e8abe89317fd50bef60:223,1,circular,inside,test_id,self_only,42,-0.9160416288034144,0.51723969659091,2.7715501843750645
224,0,47d3e5fd43f9c0f6c6654fd57652371b6cebc0bc594f3e8abe89317fd50bef60:224,1,elliptical,outside,test_id,self_only,42,0.40705565980513664,-0.7325224212717915,4.733971496520126
224,1,47d3e5fd43f9c0f6c6654fd57652371b6cebc0bc594f3e8abe89317fd50bef60:224,1,elliptical,outside,test_id,self_only,42,-0.14698469766537575,-0.25379888036965376,4.419866118076568
225,0,47d3e5fd43f9c0f6c6654fd57652371b6cebc0bc594f3e8abe89317fd50bef60:225,2,elliptical,edge,test_ood,self_only,42,0.5069413917406377,-1.036689393908968,2.6396315364585754
225,1,47d3e5fd43f9c0f6c6654fd57652371b6cebc0bc594f3e8abe89317fd50bef60:225,2,elliptical,edge,test_ood,self_only,42,0.1954635815962133,0.29574949225665087,3.6017931144695114
226,0,47d3e5fd43f9c0f6c6654fd57652371b6cebc0bc594f3e8abe89317fd50bef60:226,1,circular,edge,test_id,self_only,42,-0.3039614720002833,-0.8581284216952229,2.7454349806820093
226,1,47d3e5fd43f9c0f6c6654fd57652371b6cebc0bc594f3e8abe89317fd50bef60:226,1,circular,edge,test_id,self_only,42,0.6726770835264501,0.000346458761701543,4.032424908773591
227,0,47d3e5fd43f9c0f6c6654fd57652371b6cebc0bc594f3e8abe89317fd50bef60:227,0,elliptical,inside,test_id,self_only,42,-0.21952189632813363,-0.16868711331604963,3.1212572240353937
227,1,47d3e5fd43f9c0f6c6654fd57652371b6cebc0bc594f3e8abe89317fd50bef60:227,0,elliptical,inside,test_id,self_only,42,0.24516807368834587,0.08579544654370304,2.629085561231951
228,0,47d3e5fd43f9c0f6c6654fd57652371b6cebc0bc594f3e8abe89317fd50bef60:228,2,elliptical,edge,test_ood,self_only,42,-0.18174277373711495,-2.6827875308108236,0.6539989530774293
228,1,47d3e5fd43f9c0f6c6654fd57652371b6cebc0bc594f3e8abe89317fd50bef60:228,2,elliptical,edge,test_ood,self_only,42,-1.0858053130761804,-2.6213015250277425,1.5237889767631172
229,0,47d3e5fd43f9c0f6c6654fd57652371b6cebc0bc594f3e8abe89317fd50bef60:229,2,elliptical,inside,test_ood,self_only,42,-1.6002518100396814,-1.623843663127413,1.354800526398212
229,1,47d3e5fd43f9c0f6c6654fd57652371b6cebc0bc594f3e8abe89317fd50bef60:229,2,elliptical,inside,test_ood,self_only,42,-0.6569216413156215,-0.6520913771700764,0.3526169829876717
230,0,47d3e5fd43f9c0f6c6654fd57652371b6cebc0bc594f3e8abe89317fd50bef60:230,1,elliptical,edge,test_id,self_only,42,0.7903687196119603,0.11006078800440784,2.6730625235628755
230,1,47d3e5fd43f9c0f6c6654fd57652371b6cebc0bc594f3e8abe89317fd50bef60:230,1,elliptical,edge,test_id,self_only,42,0.06347869953950018,-0.5407078198504353,3.058038898413278
231,0,47d3e5fd43f9c0f6c6654fd57652371b6cebc0bc594f3e8abe89317fd50bef60:231,0,elliptical,edge,test_id,self_only,42,0.0007577227695760164,-0.07826698640107159,3.7987771769551264
231,1,47d3e5fd43f9c0f6c6654fd57652371b6cebc0bc594f3e8abe89317fd50bef60:231,0,elliptical,edge,test_id,self_only,42,-0.4025852245942774,0.4962353773999309,4.498777483727003
232,0,47d3e5fd43f9c0f6c6654fd57652371b6cebc0bc594f3e8abe89317fd50bef60:232,0,elliptical,outside,test_id,self_only,42,-0.0003104669706049529,0.42033345183611864,3.3410806841911094
232,1,47d3e5fd43f9c0f6c6654fd57652371b6cebc0bc594f3e8abe89317fd50bef60:232,0,elliptical,outside,test_id,self_only,42,0.13285705319483848,0.4525511630463695,3.3569384349376814
233,0,47d3e5fd43f9c0f6c6654fd57652371b6cebc0bc594f3e8abe89317fd50bef60:233,2,elliptical,outside,test_ood,self_only,42,0.5689681606634435,-0.849318080337038,3.9013845757036814
233,1,47d3e5fd43f9c0f6c6654fd57652371b6cebc0bc594f3e8abe89317fd50bef60:233,2,elliptical,outside,test_ood,self_only,42,1.7965148525579748,-1.1697977713656331,2.699903891449103
234,0,47d3e5fd43f9c0f6c6654fd57652371b6cebc0bc594f3e8abe89317fd50bef60:234,0,circular,outside,test_id,self_only,42,-0.46375550457398323,0.26397157391787524,4.22809911413955
234,1,47d3e5fd43f9c0f6c6654fd57652371b6cebc0bc594f3e8abe89317fd50bef60:234,0,circular,outside,test_id,self_only,42,1.059984727416831,0.6966458030629253,3.038265215854467
235,0,47d3e5fd43f9c0f6c6654fd57652371b6cebc0bc594f3e8abe89317fd50bef60:235,0,elliptical,edge,test_id,self_only,42,-0.8317431373254481,0.005082681088457067,3.5152755534518265
235,1,47d3e5fd43f9c0f6c6654fd57652371b6cebc0bc594f3e8abe89317fd50bef60:235,0,elliptical,edge,test_id,self_only,42,-1.0405130548135462,-0.07437116721390728,3.3259648436637548
236,0,47d3e5fd43f9c0f6c6654fd57652371b6cebc0bc594f3e8abe89317fd50bef60:236,1,elliptical,inside,test_id,self_only,42,0.35357771686156364,0.16863491317511553,1.8427373198692443
236,1,47d3e5fd43f9c0f6c6654fd57652371b6cebc0bc594f3e8abe89317fd50bef60:236,1,elliptical,inside,test_id,self_only,42,0.5707033710821446,-0.25569801846264845,1.923766583459385
237,0,47d3e5fd43f9c0f6c6654fd57652371b6cebc0bc594f3e8abe89317fd50bef60:237,1,circular,outside,test_id,self_only,42,0.24786989263136955,-0.16872560301541334,3.4477477365730493
237,1,47d3e5fd43f9c0f6c6654fd57652371b6cebc0bc594f3e8abe89317fd50bef60:237,1,circular,outside,test_id,self_only,42,0.07971655822237105,0.9300981827664471,3.2293482876566646
238,0,47d3e5fd43f9c0f6c6654fd57652371b6cebc0bc594f3e8abe89317fd50bef60:238,0,circular,edge,test_id,self_only,42,0.644922299896079,1.0454117127347087,4.04881690665912
238,1,47d3e5fd43f9c0f6c6654fd57652371b6cebc0bc594f3e8abe89317fd50bef60:238,0,circular,edge,test_id,self_only,42,1.5682703094824133,-0.029023294092407267,4.619841814991533
239,0,47d3e5fd43f9c0f6c6654fd57652371b6cebc0bc594f3e8abe89317fd50bef60:239,0,circular,inside,test_id,self_only,42,-0.01936700322787195,0.07969766041518207,2.9158900799299916
239,1,47d3e5fd43f9c0f6c6654fd57652371b6cebc0bc594f3e8abe89317fd50bef60:239,0,circular,inside,test_id,self_only,42,0.42870764306624504,0.29385746201754565,3.0321391927216306
240,0,47d3e5fd43f9c0f6c6654fd57652371b6cebc0bc594f3e8abe89317fd50bef60:240,2,circular,edge,test_id,self_only,42,1.4164752798422156,1.9303788014340495,1.9057881257303222
240,1,47d3e5fd43f9c0f6c6654fd57652371b6cebc0bc594f3e8abe89317fd50bef60:240,2,circular,edge,test_id,self_only,42,1.600954993282157,2.225775844662199,1.5945462888682604
241,0,47d3e5fd43f9c0f6c6654fd57652371b6cebc0bc594f3e8abe89317fd50bef60:241,2,circular,outside,test_id,self_only,42,1.7333177166326819,-1.3944369486880208,2.555850337086885
241,1,47d3e5fd43f9c0f6c6654fd57652371b6cebc0bc594f3e8abe89317fd50bef60:241,2,circular,outside,test_id,self_only,42,1.1884915666921911,-1.6567598513674642,2.409000210010447
242,0,47d3e5fd43f9c0f6c6654fd57652371b6cebc0bc594f3e8abe89317fd50bef60:242,0,elliptical,outside,test_id,self_only,42,-0.28485943504731087,-0.12203428962944989,4.758718779918458
242,1,47d3e5fd43f9c0f6c6654fd57652371b6cebc0bc594f3e8abe89317fd50bef60:242,0,elliptical,outside,test_id,self_only,42,-0.12148422130505472,-0.18981515684842115,4.6800904613302885
243,0,47d3e5fd43f9c0f6c6654fd57652371b6cebc0bc594f3e8abe89317fd50bef60:243,2,elliptical,outside,test_ood,self_only,42,2.20702527335723,0.42515347084284777,2.8672530511496084
243,1,47d3e5fd43f9c0f6c6654fd57652371b6cebc0bc594f3e8abe89317fd50bef60:243,2,elliptical,outside,test_ood,self_only,42,1.084876997981864,-0.2260805896830464,3.1577714880656655
244,0,47d3e5fd43f9c0f6c6654fd57652371b6cebc0bc594f3e8abe89317fd50bef60:244,2,elliptical,inside,test_ood,self_only,42,0.789023383174735,0.6646872230458355,1.2252674370819279
244,1,47d3e5fd43f9c0f6c6654fd57652371b6cebc0bc594f3e8abe89317fd50bef60:244,2,elliptical,inside,test_ood,self_only,42,-0.0008401585475626555,1.168858654110441,1.896359909023088
245,0,47d3e5fd43f9c0f6c6654fd57652371b6cebc0bc594f3e8abe89317fd50bef60:245,0,circular,outside,test_id,self_only,42,1.0533163385732947,0.32605350693942065,3.0204934620176656
245,1,47d3e5fd43f9c0f6c6654fd57652371b6cebc0bc594f3e8abe89317fd50bef60:245,0,circular,outside,test_id,self_only,42,0.39917866757948967,-0.2822845659565831,3.8411561625618136
246,0,47d3e5fd43f9c0f6c6654fd57652371b6cebc0bc594f3e8abe89317fd50bef60:246,1,elliptical,edge,test_id,self_only,42,-0.4437372250215235,-0.18860580840825086,2.71063027361914
246,1,47d3e5fd43f9c0f6c6654fd57652371b6cebc0bc594f3e8abe89317fd50bef60:246,1,elliptical,edge,test_id,self_only,42,-0.18915321060578255,-0.8410096696925068,2.8218790033680174
247,0,47d3e5fd43f9c0f6c6654fd57652371b6cebc0bc594f3e8abe89317fd50bef60:247,2,circular,edge,test_id,self_only,42,0.734576566730338,1.2434333630490397,2.733599963086415
247,1,47d3e5fd43f9c0f6c6654fd57652371b6cebc0bc594f3e8abe89317fd50bef60:247,2,circular,edge,test_id,self_only,42,-0.17904058226506142,0.19262825628996844,4.094637162774717
248,0,47d3e5fd43f9c0f6c6654fd57652371b6cebc0bc594f3e8abe89317fd50bef60:248,2,circular,outside,test_id,self_only,42,1.0041750507696448,0.8115343519139385,3.2323167095173537
248,1,47d3e5fd43f9c0f6c6654fd57652371b6cebc0bc594f3e8abe89317fd50bef60:248,2,circular,outside,test_id,self_only,42,0.9611310201032933,1.4390665360379313,2.60915408369048
249,0,47d3e5fd43f9c0f6c6654fd57652371b6cebc0bc594f3e8abe89317fd50bef60:249,0,circular,inside,test_id,self_only,42,-0.7541127366677943,-0.10922327706336026,3.990609173798406
249,1,47d3e5fd43f9c0f6c6654fd57652371b6cebc0bc594f3e8abe89317fd50bef60:249,0,circular,inside,test_id,self_only,42,-0.6182809633866969,0.26559043606997484,3.7420108454733945
250,0,47d3e5fd43f9c0f6c6654fd57652371b6cebc0bc594f3e8abe89317fd50bef60:250,2,circular,inside,test_id,self_only,42,-1.5467385215417566,3.6116656132626628,1.7598096583594514
250,1,47d3e5fd43f9c0f6c6654fd57652371b6cebc0bc594f3e8abe89317fd50bef60:250,2,circular,inside,test_id,self_only,42,-0.0056607586995783415,4.191115982143889,2.189402793494116
251,0,47d3e5fd43f9c0f6c6654fd57652371b6cebc0bc594f3e8abe89317fd50bef60:251,0,elliptical,inside,test_id,self_only,42,-0.19835211464325814,1.0105813809323405,1.876433471645123
251,1,47d3e5fd43f9c0f6c6654fd57652371b6cebc0bc594f3e8abe89317fd50bef60:251,0,elliptical,inside,test_id,self_only,42,0.2899136083467779,1.1362745829510783,1.8263804054272272
252,0,47d3e5fd43f9c0f6c6654fd57652371b6cebc0bc594f3e8abe89317fd50bef60:252,2,circular,inside,test_id,self_only,42,1.1334364252432165,-1.4737273387026693,0.1427028021871991
252,1,47d3e5fd43f9c0f6c6654fd57652371b6cebc0bc594f3e8abe89317fd50bef60:252,2,circular,inside,test_id,self_only,42,1.0050990419729529,-1.1829336813998128,0.28857604097907563
253,0,47d3e5fd43f9c0f6c6654fd57652371b6cebc0bc594f3e8abe89317fd50bef60:253,2,circular,edge,test_id,self_only,42,0.1324665831669149,0.9069984622883892,2.1199196659440998
253,1,47d3e5fd43f9c0f6c6654fd57652371b6cebc0bc594f3e8abe89317fd50bef60:253,2,circular,edge,test_id,self_only,42,-0.7818094653741542,2.460540420620451,0.7902829617039207
254,0,47d3e5fd43f9c0f6c6654fd57652371b6cebc0bc594f3e8abe89317fd50bef60:254,1,circular,inside,test_id,self_only,42,-0.461011902774972,-0.013306186289777797,2.136945745700531
254,1,47d3e5fd43f9c0f6c6654fd57652371b6cebc0bc594f3e8abe89317fd50bef60:254,1,circular,inside,test_id,self_only,42,-0.2801070673124018,-0.2316643081021214,1.8573637558978797
255,0,47d3e5fd43f9c0f6c6654fd57652371b6cebc0bc594f3e8abe89317fd50bef60:255,0,circular,outside,test_id,self_only,42,-0.7328185004846278,0.3902088471341228,3.0831197474422964
255,1,47d3e5fd43f9c0f6c6654fd57652371b6cebc0bc594f3e8abe89317fd50bef60:255,0,circular,outside,test_id,self_only,42,-0.8296070260659877,-0.3281451396059895,3.4403771250090927
256,0,47d3e5fd43f9c0f6c6654fd57652371b6cebc0bc594f3e8abe89317fd50bef60:256,0,circular,outside,test_id,self_only,42,-0.8703680200235072,-0.38352500715970045,3.6207003733973537
256,1,47d3e5fd43f9c0f6c6654fd57652371b6cebc0bc594f3e8abe89317fd50bef60:256,0,circular,outside,test_id,self_only,42,0.3972278671606359,1.0347880192685222,5.428951584502112
257,0,47d3e5fd43f9c0f6c6654fd57652371b6cebc0bc594f3e8abe89317fd50bef60:257,2,circular,edge,test_id,self_only,42,4.462485535655814,-4.1855429343295,2.3221096759990463
257,1,47d3e5fd43f9c0f6c6654fd57652371b6cebc0bc594f3e8abe89317fd50bef60:257,2,circular,edge,test_id,self_only,42,4.194717152629691,-4.480399959475984,2.27610991903381
258,0,47d3e5fd43f9c0f6c6654fd57652371b6cebc0bc594f3e8abe89317fd50bef60:258,1,circular,outside,test_id,self_only,42,-0.6661923093454066,0.2441146441388225,3.5330783718991596
258,1,47d3e5fd43f9c0f6c6654fd57652371b6cebc0bc594f3e8abe89317fd50bef60:258,1,circular,outside,test_id,self_only,42,-1.5378027124063196,-0.45649056950329786,2.489058003689958
259,0,47d3e5fd43f9c0f6c6654fd57652371b6cebc0bc594f3e8abe89317fd50bef60:259,2,circular,outside,test_id,self_only,42,-0.7539743346826259,0.4587234326291179,3.281907363854807
259,1,47d3e5fd43f9c0f6c6654fd57652371b6cebc0bc594f3e8abe89317fd50bef60:259,2,circular,outside,test_id,self_only,42,-0.17765696474472908,0.5615640946316814,3.8670885818108074
260,0,47d3e5fd43f9c0f6c6654fd57652371b6cebc0bc594f3e8abe89317fd50bef60:260,2,elliptical,inside,test_ood,self_only,42,-2.486491457904977,1.3999493189740275,0.6659761041009475
260,1,47d3e5fd43f9c0f6c6654fd57652371b6cebc0bc594f3e8abe89317fd50bef60:260,2,elliptical,inside,test_ood,self_only,42,-2.6188054246560757,1.9398022957730388,0.21578154115025114
261,0,47d3e5fd43f9c0f6c6654fd57652371b6cebc0bc594f3e8abe89317fd50bef60:261,1,elliptical,edge,test_id,self_only,42,1.4365125732763586,-1.0334488681864644,4.485549758132718
261,1,47d3e5fd43f9c0f6c6654fd57652371b6cebc0bc594f3e8abe89317fd50bef60:261,1,elliptical,edge,test_id,self_only,42,0.025257221077280942,-0.3490945033144856,3.311097093593409
262,0,47d3e5fd43f9c0f6c6654fd57652371b6cebc0bc594f3e8abe89317fd50bef60:262,1,elliptical,outside,test_id,self_only,42,-0.6204499764100734,0.18840994617224688,4.17745273139287
262,1,47d3e5fd43f9c0f6c6654fd57652371b6cebc0bc594f3e8abe89317fd50bef60:262,1,elliptical,outside,test_id,self_only,42,-0.7850177449838344,-0.4592157236647511,3.7585637288097042
263,0,47d3e5fd43f9c0f6c6654fd57652371b6cebc0bc594f3e8abe89317fd50bef60:263,0,circular,inside,test_id,self_only,42,-0.34066666790406136,0.19812918385745043,2.714255913429753
263,1,47d3e5fd43f9c0f6c6654fd57652371b6cebc0bc594f3e8abe89317fd50bef60:263,0,circular,inside,test_id,self_only,42,0.35260669759352775,-0.5685776404452229,2.143546911941271
264,0,47d3e5fd43f9c0f6c6654fd57652371b6cebc0bc594f3e8abe89317fd50bef60:264,0,circular,edge,test_id,self_only,42,0.5132785873754796,-0.29132752934216505,2.949283587960532
264,1,47d3e5fd43f9c0f6c6654fd57652371b6cebc0bc594f3e8abe89317fd50bef60:264,0,circular,edge,test_id,self_only,42,-0.8908763093606654,0.2560143240380382,4.148652422852725
265,0,47d3e5fd43f9c0f6c6654fd57652371b6cebc0bc594f3e8abe89317fd50bef60:265,0,elliptical,outside,test_id,self_only,42,-0.20606620737473397,-0.06775080481289868,4.287824345087764
265,1,47d3e5fd43f9c0f6c6654fd57652371b6cebc0bc594f3e8abe89317fd50bef60:265,0,elliptical,outside,test_id,self_only,42,1.204012854610282,-0.39619832554577833,5.650957234797272
266,0,47d3e5fd43f9c0f6c6654fd57652371b6cebc0bc594f3e8abe89317fd50bef60:266,1,circular,outside,test_id,self_only,42,-0.730756537403268,-0.08793579110621456,3.6149615600805087
266,1,47d3e5fd43f9c0f6c6654fd57652371b6cebc0bc594f3e8abe89317fd50bef60:266,1,circular,outside,test_id,self_only,42,-0.6443779630319301,-0.3582657507967854,3.88902214580469
267,0,47d3e5fd43f9c0f6c6654fd57652371b6cebc0bc594f3e8abe89317fd50bef60:267,1,elliptical,inside,test_id,self_only,42,0.26376977435191246,-0.6909093789172077,1.3186070674577195
267,1,47d3e5fd43f9c0f6c6654fd57652371b6cebc0bc594f3e8abe89317fd50bef60:267,1,elliptical,inside,test_id,self_only,42,0.1386805536492643,-0.7384597591471577,1.4496881091698375
268,0,47d3e5fd43f9c0f6c6654fd57652371b6cebc0bc594f3e8abe89317fd50bef60:268,2,circular,inside,test_id,self_only,42,-0.2745582027093592,-0.8943952850413227,1.1151990967196084
268,1,47d3e5fd43f9c0f6c6654fd57652371b6cebc0bc594f3e8abe89317fd50bef60:268,2,circular,inside,test_id,self_only,42,-1.2074756784097376,-0.09879911759613995,0.6278833197131419
269,0,47d3e5fd43f9c0f6c6654fd57652371b6cebc0bc594f3e8abe89317fd50bef60:269,0,elliptical,inside,test_id,self_only,42,0.38406737021048637,0.3091836639332866,2.1446026804846547
269,1,47d3e5fd43f9c0f6c6654fd57652371b6cebc0bc594f3e8abe89317fd50bef60:269,0,elliptical,inside,test_id,self_only,42,0.43187121919234367,0.1539013155388927,1.997426034641215
270,0,47d3e5fd43f9c0f6c6654fd57652371b6cebc0bc594f3e8abe89317fd50bef60:270,1,elliptical,edge,test_id,self_only,42,1.0246218281133948,0.4114051826882457,2.632822735480605
270,1,47d3e5fd43f9c0f6c6654fd57652371b6cebc0bc594f3e8abe89317fd50bef60:270,1,elliptical,edge,test_id,self_only,42,-0.29658021160523323,0.917083389370451,2.2461589973491782
271,0,47d3e5fd43f9c0f6c6654fd57652371b6cebc0bc594f3e8abe89317fd50bef60:271,2,elliptical,outside,test_ood,self_only,42,-1.6553771657602014,0.23797807773829455,2.527320359330395
271,1,47d3e5fd43f9c0f6c6654fd57652371b6cebc0bc594f3e8abe89317fd50bef60:271,2,elliptical,outside,test_ood,self_only,42,-0.18192543217102913,1.406433231441984,3.607192577205422
272,0,47d3e5fd43f9c0f6c6654fd57652371b6cebc0bc594f3e8abe89317fd50bef60:272,1,elliptical,inside,test_id,self_only,42,-0.683307544674081,0.04016790470362659,3.0225230338973565
272,1,47d3e5fd43f9c0f6c6654fd57652371b6cebc0bc594f3e8abe89317fd50bef60:272,1,elliptical,inside,test_id,self_only,42,0.15657390526373954,0.15026456794024462,2.2402377502261905
273,0,47d3e5fd43f9c0f6c6654fd57652371b6cebc0bc594f3e8abe89317fd50bef60:273,0,elliptical,edge,test_id,self_only,42,0.1448571818216619,0.8647293516087627,3.952242316840107
273,1,47d3e5fd43f9c0f6c6654fd57652371b6cebc0bc594f3e8abe89317fd50bef60:273,0,elliptical,edge,test_id,self_only,42,0.16163545719225975,-0.09322472730397229,3.01760764618255
274,0,47d3e5fd43f9c0f6c6654fd57652371b6cebc0bc594f3e8abe89317fd50bef60:274,0,elliptical,edge,test_id,self_only,42,0.8343306618078526,0.41079623183489794,3.419906164540038
274,1,47d3e5fd43f9c0f6c6654fd57652371b6cebc0bc594f3e8abe89317fd50bef60:274,0,elliptical,edge,test_id,self_only,42,-0.6008780760423366,0.0652584203171825,3.497698861461846
275,0,47d3e5fd43f9c0f6c6654fd57652371b6cebc0bc594f3e8abe89317fd50bef60:275,1,circular,edge,test_id,self_only,42,0.799886568103629,-0.5791025690150166,2.2889619735630298
275,1,47d3e5fd43f9c0f6c6654fd57652371b6cebc0bc594f3e8abe89317fd50bef60:275,1,circular,edge,test_id,self_only,42,-0.4652095002786341,-0.37064292350529676,3.4909421705248564
276,0,47d3e5fd43f9c0f6c6654fd57652371b6cebc0bc594f3e8abe89317fd50bef60:276,2,elliptical,edge,test_ood,self_only,42,3.555111630473929,2.060288555233488,0.8766198775023736
276,1,47d3e5fd43f9c0f6c6654fd57652371b6cebc0bc594f3e8abe89317fd50bef60:276,2,elliptical,edge,test_ood,self_only,42,3.440485222850638,1.8773018189358806,0.9675353814790142
277,0,47d3e5fd43f9c0f6c6654fd57652371b6cebc0bc594f3e8abe89317fd50bef60:277,1,elliptical,outside,test_id,self_only,42,-0.43251662084023385,0.32155299863101,3.8994753844657266
277,1,47d3e5fd43f9c0f6c6654fd57652371b6cebc0bc594f3e8abe89317fd50bef60:277,1,elliptical,outside,test_id,self_only,42,1.1967185573919592,-0.7135946086954975,2.2027440204352424
278,0,47d3e5fd43f9c0f6c6654fd57652371b6cebc0bc594f3e8abe89317fd50bef60:278,2,circular,outside,test_id,self_only,42,0.9903038578375157,2.747603065578947,1.4110270903449207
278,1,47d3e5fd43f9c0f6c6654fd57652371b6cebc0bc594f3e8abe89317fd50bef60:278,2,circular,outside,test_id,self_only,42,0.5913284259184178,2.826326734631071,1.5745195025566483
279,0,47d3e5fd43f9c0f6c6654fd57652371b6cebc0bc594f3e8abe89317fd50bef60:279,0,elliptical,outside,test_id,self_only,42,1.5122129755361853,0.2041971602130031,5.740914453454264
279,1,47d3e5fd43f9c0f6c6654fd57652371b6cebc0bc594f3e8abe89317fd50bef60:279,0,elliptical,outside,test_id,self_only,42,0.9836138325079259,0.0475444116282558,5.3308391215500075
280,0,47d3e5fd43f9c0f6c6654fd57652371b6cebc0bc594f3e8abe89317fd50bef60:280,0,elliptical,inside,test_id,self_only,42,0.8056497412069615,0.17039958318949694,3.4119721260356477
280,1,47d3e5fd43f9c0f6c6654fd57652371b6cebc0bc594f3e8abe89317fd50bef60:280,0,elliptical,inside,test_id,self_only,42,-0.9406469030038539,-0.2623669288468266,2.711474082169611
281,0,47d3e5fd43f9c0f6c6654fd57652371b6cebc0bc594f3e8abe89317fd50bef60:281,1,circular,inside,test_id,self_only,42,1.3703088598593054,0.21123286267996783,1.6672925333973423
281,1,47d3e5fd43f9c0f6c6654fd57652371b6cebc0bc594f3e8abe89317fd50bef60:281,1,circular,inside,test_id,self_only,42,0.5928584175451573,0.9870628186154461,1.60368210628402
282,0,47d3e5fd43f9c0f6c6654fd57652371b6cebc0bc594f3e8abe89317fd50bef60:282,2,elliptical,edge,test_ood,self_only,42,-0.6818770331994716,5.151772625057707,2.1887159600010433
282,1,47d3e5fd43f9c0f6c6654fd57652371b6cebc0bc594f3e8abe89317fd50bef60:282,2,elliptical,edge,test_ood,self_only,42,-0.9423833055154506,6.052526599972258,3.123262477428649
283,0,47d3e5fd43f9c0f6c6654fd57652371b6cebc0bc594f3e8abe89317fd50bef60:283,0,circular,edge,test_id,self_only,42,0.39950011542876335,-0.7441347769808674,4.368914381939425
283,1,47d3e5fd43f9c0f6c6654fd57652371b6cebc0bc594f3e8abe89317fd50bef60:283,0,circular,edge,test_id,self_only,42,-0.5806220335618678,0.980585939495573,4.00130900598915
284,0,47d3e5fd43f9c0f6c6654fd57652371b6cebc0bc594f3e8abe89317fd50bef60:284,1,circular,edge,test_id,self_only,42,0.01697596779902548,-0.35664551773785597,3.224291868347055
284,1,47d3e5fd43f9c0f6c6654fd57652371b6cebc0bc594f3e8abe89317fd50bef60:284,1,circular,edge,test_id,self_only,42,-0.9253048462526027,-0.10838736662386898,4.017147349201516
285,0,47d3e5fd43f9c0f6c6654fd57652371b6cebc0bc594f3e8abe89317fd50bef60:285,2,elliptical,outside,test_ood,self_only,42,-2.9786515397683804,-1.7939656905245687,0.6415927322296832
285,1,47d3e5fd43f9c0f6c6654fd57652371b6cebc0bc594f3e8abe89317fd50bef60:285,2,elliptical,outside,test_ood,self_only,42,-1.211171404804391,-1.3918331793856527,2.30504132699418
286,0,47d3e5fd43f9c0f6c6654fd57652371b6cebc0bc594f3e8abe89317fd50bef60:286,0,circular,inside,test_id,self_only,42,0.04304612300236792,0.1937066086220836,3.3084772647863954
286,1,47d3e5fd43f9c0f6c6654fd57652371b6cebc0bc594f3e8abe89317fd50bef60:286,0,circular,inside,test_id,self_only,42,0.9553746419294652,0.11536800047636982,3.9336943854585296
287,0,47d3e5fd43f9c0f6c6654fd57652371b6cebc0bc594f3e8abe89317fd50bef60:287,2,elliptical,inside,test_ood,self_only,42,1.7410231666906653,1.1134918995785807,0.30115905653962105
287,1,47d3e5fd43f9c0f6c6654fd57652371b6cebc0bc594f3e8abe89317fd50bef60:287,2,elliptical,inside,test_ood,self_only,42,0.6274238067014989,1.2296341725277995,1.26602175552346
288,0,47d3e5fd43f9c0f6c6654fd57652371b6cebc0bc594f3e8abe89317fd50bef60:288,0,circular,outside,test_id,self_only,42,-0.591803626503152,0.45052529057742113,3.9877987318414316
288,1,47d3e5fd43f9c0f6c6654fd57652371b6cebc0bc594f3e8abe89317fd50bef60:288,0,circular,outside,test_id,self_only,42,0.023596061979132596,0.10872424325228687,3.441449996353845
289,0,47d3e5fd43f9c0f6c6654fd57652371b6cebc0bc594f3e8abe89317fd50bef60:289,2,circular,outside,test_id,self_only,42,-4.754734293903512,0.4779931374478435,0.8043710438461039
289,1,47d3e5fd43f9c0f6c6654fd57652371b6cebc0bc594f3e8abe89317fd50bef60:289,2,circular,outside,test_id,self_only,42,-4.62817980476777,1.3678439923215007,0.985760303978266
290,0,47d3e5fd43f9c0f6c6654fd57652371b6cebc0bc594f3e8abe89317fd50bef60:290,1,circular,inside,test_id,self_only,42,0.1841006415232,0.0141986378121471,3.4630275321346304
290,1,47d3e5fd43f9c0f6c6654fd57652371b6cebc0bc594f3e8abe89317fd50bef60:290,1,circular,inside,test_id,self_only,42,0.17903925350745292,-0.2659770480704213,3.7063869605818485
291,0,47d3e5fd43f9c0f6c6654fd57652371b6cebc0bc594f3e8abe89317fd50bef60:291,2,elliptical,inside,test_ood,self_only,42,-2.302096621479196,1.2058326073575114,0.6809081190749386
291,1,47d3e5fd43f9c0f6c6654fd57652371b6cebc0bc594f3e8abe89317fd50bef60:291,2,elliptical,inside,test_ood,self_only,42,-1.9954564733163538,1.7907396622586345,0.5564641327074696
292,0,47d3e5fd43f9c0f6c6654fd57652371b6cebc0bc594f3e8abe89317fd50bef60:292,0,circular,inside,test_id,self_only,42,-0.004017302180928287,0.19996363600970263,0.6287351302770264
292,1,47d3e5fd43f9c0f6c6654fd57652371b6cebc0bc594f3e8abe89317fd50bef60:292,0,circular,inside,test_id,self_only,42,-1.021775857891244,-0.025613636465063136,0.4178993663888193
293,0,47d3e5fd43f9c0f6c6654fd57652371b6cebc0bc594f3e8abe89317fd50bef60:293,0,circular,outside,test_id,self_only,42,1.1870767908438025,0.5644406147885418,4.201933383510315
293,1,47d3e5fd43f9c0f6c6654fd57652371b6cebc0bc594f3e8abe89317fd50bef60:293,0,circular,outside,test_id,self_only,42,0.10632399341900915,0.23574445327998156,4.399860555815121
294,0,47d3e5fd43f9c0f6c6654fd57652371b6cebc0bc594f3e8abe89317fd50bef60:294,0,elliptical,edge,test_id,self_only,42,0.6956763105734166,-0.24340983548878675,4.170121264266029
294,1,47d3e5fd43f9c0f6c6654fd57652371b6cebc0bc594f3e8abe89317fd50bef60:294,0,elliptical,edge,test_id,self_only,42,-0.03712843486229807,0.5258474417615032,4.009285432247428
295,0,47d3e5fd43f9c0f6c6654fd57652371b6cebc0bc594f3e8abe89317fd50bef60:295,2,circular,edge,test_id,self_only,42,-0.37849621602456,-0.6465546421122456,2.354275195745821
295,1,47d3e5fd43f9c0f6c6654fd57652371b6cebc0bc594f3e8abe89317fd50bef60:295,2,circular,edge,test_id,self_only,42,1.296420319591361,-0.18419703164814955,3.2447840078183274
296,0,47d3e5fd43f9c0f6c6654fd57652371b6cebc0bc594f3e8abe89317fd50bef60:296,0,elliptical,inside,test_id,self_only,42,-0.12485316523472696,-0.40579842844723707,2.5517970144324043
296,1,47d3e5fd43f9c0f6c6654fd57652371b6cebc0bc594f3e8abe89317fd50bef60:296,0,elliptical,inside,test_id,self_only,42,0.21573808661540123,0.7032117911267376,3.7014240837398495
297,0,47d3e5fd43f9c0f6c6654fd57652371b6cebc0bc594f3e8abe89317fd50bef60:297,0,circular,inside,test_id,self_only,42,0.17872924974997612,-0.03009503775953297,2.801060811090455
297,1,47d3e5fd43f9c0f6c6654fd57652371b6cebc0bc594f3e8abe89317fd50bef60:297,0,circular,inside,test_id,self_only,42,-0.713469521488351,0.6487250991749859,2.158478754663322
298,0,47d3e5fd43f9c0f6c6654fd57652371b6cebc0bc594f3e8abe89317fd50bef60:298,2,circular,inside,test_id,self_only,42,-0.1461291176931086,2.1183618374753093,0.8773805989017167
298,1,47d3e5fd43f9c0f6c6654fd57652371b6cebc0bc594f3e8abe89317fd50bef60:298,2,circular,inside,test_id,self_only,42,-0.9083457154885951,1.6204862662243937,0.1850645229359353
299,0,47d3e5fd43f9c0f6c6654fd57652371b6cebc0bc594f3e8abe89317fd50bef60:299,1,circular,outside,test_id,self_only,42,0.30149415007670494,0.8432037301945782,3.5236317626489417
299,1,47d3e5fd43f9c0f6c6654fd57652371b6cebc0bc594f3e8abe89317fd50bef60:299,1,circular,outside,test_id,self_only,42,1.72470961383422,0.9605677195477581,2.1429208164446445
300,0,47d3e5fd43f9c0f6c6654fd57652371b6cebc0bc594f3e8abe89317fd50bef60:300,0,elliptical,outside,test_id,self_only,42,-0.5027178687707606,-0.3670568398547078,4.964795829034099
300,1,47d3e5fd43f9c0f6c6654fd57652371b6cebc0bc594f3e8abe89317fd50bef60:300,0,elliptical,outside,test_id,self_only,42,-0.7676499647752467,0.6586519547391033,4.7709790534129235
301,0,47d3e5fd43f9c0f6c6654fd57652371b6cebc0bc594f3e8abe89317fd50bef60:301,1,elliptical,inside,test_id,self_only,42,-1.5163780612603845,0.4194963046002483,1.173625184346288
301,1,47d3e5fd43f9c0f6c6654fd57652371b6cebc0bc594f3e8abe89317fd50bef60:301,1,elliptical,inside,test_id,self_only,42,0.9230554538114842,-0.639541321189394,1.516939851568258
302,0,47d3e5fd43f9c0f6c6654fd57652371b6cebc0bc594f3e8abe89317fd50bef60:302,0,circular,edge,test_id,self_only,42,-0.5215891165391627,-0.27554220774888044,3.586611492078938
302,1,47d3e5fd43f9c0f6c6654fd57652371b6cebc0bc594f3e8abe89317fd50bef60:302,0,circular,edge,test_id,self_only,42,-0.7941092414514247,0.5086958475995159,4.066793614105551
303,0,47d3e5fd43f9c0f6c6654fd57652371b6cebc0bc594f3e8abe89317fd50bef60:303,0,elliptical,inside,test_id,self_only,42,0.013211152170496884,-0.49080520191906934,1.1926748330175823
303,1,47d3e5fd43f9c0f6c6654fd57652371b6cebc0bc594f3e8abe89317fd50bef60:303,0,elliptical,inside,test_id,self_only,42,0.6660448150976476,0.2945679791855907,0.6091294332820212
304,0,47d3e5fd43f9c0f6c6654fd57652371b6cebc0bc594f3e8abe89317fd50bef60:304,2,elliptical,edge,test_ood,self_only,42,1.1747729616506872,-1.669022910983553,1.4388242126852118
304,1,47d3e5fd43f9c0f6c6654fd57652371b6cebc0bc594f3e8abe89317fd50bef60:304,2,elliptical,edge,test_ood,self_only,42,1.3540768461569128,-0.2535771063876057,2.77086759176767
305,0,47d3e5fd43f9c0f6c6654fd57652371b6cebc0bc594f3e8abe89317fd50bef60:305,0,elliptical,edge,test_id,self_only,42,0.6577483253820714,0.9186995097088909,4.2980981183582685
305,1,47d3e5fd43f9c0f6c6654fd57652371b6cebc0bc594f3e8abe89317fd50bef60:305,0,elliptical,edge,test_id,self_only,42,-1.2745061082498255,-0.2220839939427281,4.625056807775916
306,0,47d3e5fd43f9c0f6c6654fd57652371b6cebc0bc594f3e8abe89317fd50bef60:306,2,elliptical,edge,test_ood,self_only,42,0.6873346405371007,1.2725960083890056,2.0501156714928737
306,1,47d3e5fd43f9c0f6c6654fd57652371b6cebc0bc594f3e8abe89317fd50bef60:306,2,elliptical,edge,test_ood,self_only,42,0.318798466239768,1.3054844208645915,1.8472806467687848
307,0,47d3e5fd43f9c0f6c6654fd57652371b6cebc0bc594f3e8abe89317fd50bef60:307,1,elliptical,edge,test_id,self_only,42,0.7891452150686559,0.7209427424359417,2.2974456585026637
307,1,47d3e5fd43f9c0f6c6654fd57652371b6cebc0bc594f3e8abe89317fd50bef60:307,1,elliptical,edge,test_id,self_only,42,-0.2817627353326502,-0.011648916394701045,3.3048987428012393
308,0,47d3e5fd43f9c0f6c6654fd57652371b6cebc0bc594f3e8abe89317fd50bef60:308,1,circular,outside,test_id,self_only,42,-0.08138014503876596,-0.4581895402979756,4.582387734172171
308,1,47d3e5fd43f9c0f6c6654fd57652371b6cebc0bc594f3e8abe89317fd50bef60:308,1,circular,outside,test_id,self_only,42,-0.2710234982625666,0.7478048869061565,3.855340045231628
309,0,47d3e5fd43f9c0f6c6654fd57652371b6cebc0bc594f3e8abe89317fd50bef60:309,2,circular,inside,test_id,self_only,42,0.5782965259893712,1.6527421542096232,0.17144272505096372
309,1,47d3e5fd43f9c0f6c6654fd57652371b6cebc0bc594f3e8abe89317fd50bef60:309,2,circular,inside,test_id,self_only,42,-0.2726283235208216,1.7060633965420817,0.9752758514810803
310,0,47d3e5fd43f9c0f6c6654fd57652371b6cebc0bc594f3e8abe89317fd50bef60:310,1,elliptical,edge,test_id,self_only,42,0.1424949752434072,1.614612466900358,2.9532512396393904
310,1,47d3e5fd43f9c0f6c6654fd57652371b6cebc0bc594f3e8abe89317fd50bef60:310,1,elliptical,edge,test_id,self_only,42,1.0795930462225256,0.3946682282376384,2.7481781243900847
311,0,47d3e5fd43f9c0f6c6654fd57652371b6cebc0bc594f3e8abe89317fd50bef60:311,1,elliptical,outside,test_id,self_only,42,-0.6812687081948939,0.5238276787686443,4.150693786441301
311,1,47d3e5fd43f9c0f6c6654fd57652371b6cebc0bc594f3e8abe89317fd50bef60:311,1,elliptical,outside,test_id,self_only,42,1.0867812471731482,-0.4009019664835835,2.646221042731975
312,0,47d3e5fd43f9c0f6c6654fd57652371b6cebc0bc594f3e8abe89317fd50bef60:312,2,circular,outside,test_id,self_only,42,0.3265373545034704,-0.2411533377480412,3.423809643874541
312,1,47d3e5fd43f9c0f6c6654fd57652371b6cebc0bc594f3e8abe89317fd50bef60:312,2,circular,outside,test_id,self_only,42,-0.25494204589287667,0.8780817457127666,3.6394796321265748
313,0,47d3e5fd43f9c0f6c6654fd57652371b6cebc0bc594f3e8abe89317fd50bef60:313,1,circular,inside,test_id,self_only,42,0.2920487659319219,0.806628055183897,1.7379063617400827
313,1,47d3e5fd43f9c0f6c6654fd57652371b6cebc0bc594f3e8abe89317fd50bef60:313,1,circular,inside,test_id,self_only,42,-0.3542107803479853,-0.22642409125088697,1.3273668537124588
314,0,47d3e5fd43f9c0f6c6654fd57652371b6cebc0bc594f3e8abe89317fd50bef60:314,1,elliptical,outside,test_id,self_only,42,-0.8418323559419337,-0.47966825285672193,3.358083968309172
314,1,47d3e5fd43f9c0f6c6654fd57652371b6cebc0bc594f3e8abe89317fd50bef60:314,1,elliptical,outside,test_id,self_only,42,-0.1783249241964045,-0.49161290446042066,3.946189913340909
315,0,47d3e5fd43f9c0f6c6654fd57652371b6cebc0bc594f3e8abe89317fd50bef60:315,2,circular,edge,test_id,self_only,42,-2.2522976560250942,0.8115286298680401,0.9706626773211513
315,1,47d3e5fd43f9c0f6c6654fd57652371b6cebc0bc594f3e8abe89317fd50bef60:315,2,circular,edge,test_id,self_only,42,-0.852836386646432,0.4952142306256389,2.1683896435954266
316,0,47d3e5fd43f9c0f6c6654fd57652371b6cebc0bc594f3e8abe89317fd50bef60:316,1,circular,edge,test_id,self_only,42,-0.30350156256119637,0.2763477631497478,3.4908695291015444
316,1,47d3e5fd43f9c0f6c6654fd57652371b6cebc0bc594f3e8abe89317fd50bef60:316,1,circular,edge,test_id,self_only,42,0.5662747161730107,0.14951554617167467,4.133653984095114
317,0,47d3e5fd43f9c0f6c6654fd57652371b6cebc0bc594f3e8abe89317fd50bef60:317,0,elliptical,outside,test_id,self_only,42,0.5382347243173894,0.24916247209788317,4.107551442413116
317,1,47d3e5fd43f9c0f6c6654fd57652371b6cebc0bc594f3e8abe89317fd50bef60:317,0,elliptical,outside,test_id,self_only,42,0.1648498611791906,0.5568556853222942,4.0145505282825855
318,0,47d3e5fd43f9c0f6c6654fd57652371b6cebc0bc594f3e8abe89317fd50bef60:318,2,elliptical,outside,test_ood,self_only,42,-4.367512480701608,-0.3799659542155171,0.8377792586726427
318,1,47d3e5fd43f9c0f6c6654fd57652371b6cebc0bc594f3e8abe89317fd50bef60:318,2,elliptical,outside,test_ood,self_only,42,-4.295913950885934,0.1472215869116878,1.1408969697586406
319,0,47d3e5fd43f9c0f6c6654fd57652371b6cebc0bc594f3e8abe89317fd50bef60:319,0,circular,edge,test_id,self_only,42,-0.4097165031091395,0.42418617686511034,3.823609668685687
319,1,47d3e5fd43f9c0f6c6654fd57652371b6cebc0bc594f3e8abe89317fd50bef60:319,0,circular,edge,test_id,self_only,42,0.738424165759879,0.2246383496213054,4.30330948997025
320,0,47d3e5fd43f9c0f6c6654fd57652371b6cebc0bc594f3e8abe89317fd50bef60:320,2,elliptical,outside,test_ood,self_only,42,1.1592404680593786,4.115746624081145,0.45370638401089425
320,1,47d3e5fd43f9c0f6c6654fd57652371b6cebc0bc594f3e8abe89317fd50bef60:320,2,elliptical,outside,test_ood,self_only,42,0.9839390354498204,3.279336340038786,0.40090186421317
321,0,47d3e5fd43f9c0f6c6654fd57652371b6cebc0bc594f3e8abe89317fd50bef60:321,1,elliptical,inside,test_id,self_only,42,0.3899159865721044,-0.5261140994143391,2.073861088383204
321,1,47d3e5fd43f9c0f6c6654fd57652371b6cebc0bc594f3e8abe89317fd50bef60:321,1,elliptical,inside,test_id,self_only,42,0.24161685875495048,-0.27562504330395704,1.8984375897839845
322,0,47d3e5fd43f9c0f6c6654fd57652371b6cebc0bc594f3e8abe89317fd50bef60:322,1,circular,edge,test_id,self_only,42,-1.5539075297967615,0.15108961543322558,2.4162614307135923
322,1,47d3e5fd43f9c0f6c6654fd57652371b6cebc0bc594f3e8abe89317fd50bef60:322,1,circular,edge,test_id,self_only,42,0.17881810537417503,0.1029381670641994,3.747099879207997
323,0,47d3e5fd43f9c0f6c6654fd57652371b6cebc0bc594f3e8abe89317fd50bef60:323,2,elliptical,inside,test_ood,self_only,42,1.009563847099143,-0.8854935697626972,2.197221486232595
323,1,47d3e5fd43f9c0f6c6654fd57652371b6cebc0bc594f3e8abe89317fd50bef60:323,2,elliptical,inside,test_ood,self_only,42,1.2464024858816443,0.6059224077153301,3.5547499697410574
324,0,47d3e5fd43f9c0f6c6654fd57652371b6cebc0bc594f3e8abe89317fd50bef60:324,1,circular,inside,test_id,self_only,42,-0.7340243620530787,0.11407551845789905,0.8034215467256408
324,1,47d3e5fd43f9c0f6c6654fd57652371b6cebc0bc594f3e8abe89317fd50bef60:324,1,circular,inside,test_id,self_only,42,-0.24051208921830086,0.7626664706158733,0.14832138176806597
325,0,47d3e5fd43f9c0f6c6654fd57652371b6cebc0bc594f3e8abe89317fd50bef60:325,0,circular,outside,test_id,self_only,42,-0.3479573292390528,-0.5676625899386311,3.0444175662476467
325,1,47d3e5fd43f9c0f6c6654fd57652371b6cebc0bc594f3e8abe89317fd50bef60:325,0,circular,outside,test_id,self_only,42,-0.558776692833108,-0.08197759905575756,3.011888543797348
326,0,47d3e5fd43f9c0f6c6654fd57652371b6cebc0bc594f3e8abe89317fd50bef60:326,0,elliptical,outside,test_id,self_only,42,-0.3317293090478602,0.4760681458401775,3.688458436846093
326,1,47d3e5fd43f9c0f6c6654fd57652371b6cebc0bc594f3e8abe89317fd50bef60:326,0,elliptical,outside,test_id,self_only,42,0.1658676030381498,-0.5869628719401264,4.704379163492473
327,0,47d3e5fd43f9c0f6c6654fd57652371b6cebc0bc594f3e8abe89317fd50bef60:327,0,elliptical,edge,test_id,self_only,42,0.04682806006510824,-0.3847956589770222,2.9652573884317537
327,1,47d3e5fd43f9c0f6c6654fd57652371b6cebc0bc594f3e8abe89317fd50bef60:327,0,elliptical,edge,test_id,self_only,42,0.0382318930967626,0.619956559746275,3.2234385825588103
328,0,47d3e5fd43f9c0f6c6654fd57652371b6cebc0bc594f3e8abe89317fd50bef60:328,0,elliptical,inside,test_id,self_only,42,-0.1877289278165522,-0.6287041834902668,2.7597054457941774
328,1,47d3e5fd43f9c0f6c6654fd57652371b6cebc0bc594f3e8abe89317fd50bef60:328,0,elliptical,inside,test_id,self_only,42,-0.05392442771355539,0.12347272714854236,2.286601705716219
329,0,47d3e5fd43f9c0f6c6654fd57652371b6cebc0bc594f3e8abe89317fd50bef60:329,1,elliptical,outside,test_id,self_only,42,-0.357269124473733,-0.022210594953289073,4.160471297089146
329,1,47d3e5fd43f9c0f6c6654fd57652371b6cebc0bc594f3e8abe89317fd50bef60:329,1,elliptical,outside,test_id,self_only,42,0.34159831574996086,-0.5060059360575581,3.386714872952696
330,0,47d3e5fd43f9c0f6c6654fd57652371b6cebc0bc594f3e8abe89317fd50bef60:330,1,circular,outside,test_id,self_only,42,-0.5872106713906947,0.32363025030375475,3.503464231866464
330,1,47d3e5fd43f9c0f6c6654fd57652371b6cebc0bc594f3e8abe89317fd50bef60:330,1,circular,outside,test_id,self_only,42,-0.3628501457826319,-0.017022990376939814,3.495515767683853
331,0,47d3e5fd43f9c0f6c6654fd57652371b6cebc0bc594f3e8abe89317fd50bef60:331,1,elliptical,inside,test_id,self_only,42,-0.278287635530633,0.5218395658421612,2.4174254035285974
331,1,47d3e5fd43f9c0f6c6654fd57652371b6cebc0bc594f3e8abe89317fd50bef60:331,1,elliptical,inside,test_id,self_only,42,-0.5965502423898402,-0.36907612601040846,3.283825306816382
332,0,47d3e5fd43f9c0f6c6654fd57652371b6cebc0bc594f3e8abe89317fd50bef60:332,0,circular,inside,test_id,self_only,42,-0.7300085587159816,-0.02443339744328503,2.4120511952734085
332,1,47d3e5fd43f9c0f6c6654fd57652371b6cebc0bc594f3e8abe89317fd50bef60:332,0,circular,inside,test_id,self_only,42,0.2479840653284368,0.3911509581494426,2.185213718817588
333,0,47d3e5fd43f9c0f6c6654fd57652371b6cebc0bc594f3e8abe89317fd50bef60:333,0,elliptical,inside,test_id,self_only,42,0.306687368665534,0.17096512696028704,1.2985362797927695
333,1,47d3e5fd43f9c0f6c6654fd57652371b6cebc0bc594f3e8abe89317fd50bef60:333,0,elliptical,inside,test_id,self_only,42,-0.4065886003629389,0.9547171064305401,2.2555618781430944
334,0,47d3e5fd43f9c0f6c6654fd57652371b6cebc0bc594f3e8abe89317fd50bef60:334,1,circular,inside,test_id,self_only,42,0.38912777474959465,0.6650713749814129,2.776609822919949
334,1,47d3e5fd43f9c0f6c6654fd57652371b6cebc0bc594f3e8abe89317fd50bef60:334,1,circular,inside,test_id,self_only,42,0.36609639099677177,-0.665145032794466,3.872238024881421
335,0,47d3e5fd43f9c0f6c6654fd57652371b6cebc0bc594f3e8abe89317fd50bef60:335,0,circular,inside,test_id,self_only,42,-0.1847241682664576,0.4806178875851726,2.614252382000764
335,1,47d3e5fd43f9c0f6c6654fd57652371b6cebc0bc594f3e8abe89317fd50bef60:335,0,circular,inside,test_id,self_only,42,0.5162567036493596,0.8221392699170208,3.2132176532352386
336,0,47d3e5fd43f9c0f6c6654fd57652371b6cebc0bc594f3e8abe89317fd50bef60:336,0,elliptical,outside,test_id,self_only,42,-0.692080394710702,-0.05569829860447888,3.696393716775384
336,1,47d3e5fd43f9c0f6c6654fd57652371b6cebc0bc594f3e8abe89317fd50bef60:336,0,elliptical,outside,test_id,self_only,42,0.1548320563777265,-0.3816977671694661,3.2710434719826673
337,0,47d3e5fd43f9c0f6c6654fd57652371b6cebc0bc594f3e8abe89317fd50bef60:337,1,circular,edge,test_id,self_only,42,0.12857739872177215,-0.1436160139155293,2.9364235093728692
337,1,47d3e5fd43f9c0f6c6654fd57652371b6cebc0bc594f3e8abe89317fd50bef60:337,1,circular,edge,test_id,self_only,42,-0.9575828475610438,0.15756373783827776,3.1834615626096263
338,0,47d3e5fd43f9c0f6c6654fd57652371b6cebc0bc594f3e8abe89317fd50bef60:338,0,circular,edge,test_id,self_only,42,-0.14526504405896096,0.5658296414303875,2.58681694750866
338,1,47d3e5fd43f9c0f6c6654fd57652371b6cebc0bc594f3e8abe89317fd50bef60:338,0,circular,edge,test_id,self_only,42,0.6245913343771275,-0.17555772581814771,3.5764849830320355
339,0,47d3e5fd43f9c0f6c6654fd57652371b6cebc0bc594f3e8abe89317fd50bef60:339,0,circular,edge,test_id,self_only,42,0.015349722121554318,-0.9425688318323994,3.0204146817238255
339,1,47d3e5fd43f9c0f6c6654fd57652371b6cebc0bc594f3e8abe89317fd50bef60:339,0,circular,edge,test_id,self_only,42,0.052114112888174954,-0.32990490713833814,3.1381538857379114
340,0,47d3e5fd43f9c0f6c6654fd57652371b6cebc0bc594f3e8abe89317fd50bef60:340,2,circular,outside,test_id,self_only,42,0.4570999579771337,-0.42279773274182325,3.4325745090579587
340,1,47d3e5fd43f9c0f6c6654fd57652371b6cebc0bc594f3e8abe89317fd50bef60:340,2,circular,outside,test_id,self_only,42,-0.32831530400673775,-0.166628473193636,3.916499327069869
341,0,47d3e5fd43f9c0f6c6654fd57652371b6cebc0bc594f3e8abe89317fd50bef60:341,2,elliptical,outside,test_ood,self_only,42,-4.825421111072702,-2.4791015318941976,2.1167884929134053
341,1,47d3e5fd43f9c0f6c6654fd57652371b6cebc0bc594f3e8abe89317fd50bef60:341,2,elliptical,outside,test_ood,self_only,42,-5.381772295917672,-1.6610921553683187,3.003049652954582
342,0,47d3e5fd43f9c0f6c6654fd57652371b6cebc0bc594f3e8abe89317fd50bef60:342,2,elliptical,inside,test_ood,self_only,42,1.1835770445211706,-0.7848215631556416,1.8879416750138773
342,1,47d3e5fd43f9c0f6c6654fd57652371b6cebc0bc594f3e8abe89317fd50bef60:342,2,elliptical,inside,test_ood,self_only,42,-0.313096122230691,0.6854324408459759,0.8608722595952246
343,0,47d3e5fd43f9c0f6c6654fd57652371b6cebc0bc594f3e8abe89317fd50bef60:343,2,circular,inside,test_id,self_only,42,2.978617413554984,-1.4352551631045247,0.7584889699618075
343,1,47d3e5fd43f9c0f6c6654fd57652371b6cebc0bc594f3e8abe89317fd50bef60:343,2,circular,inside,test_id,self_only,42,2.042333586726981,-0.09757357159375195,1.8130665095089353
344,0,47d3e5fd43f9c0f6c6654fd57652371b6cebc0bc594f3e8abe89317fd50bef60:344,2,circular,inside,test_id,self_only,42,-1.8030890388147058,-2.5245462588381673,1.5370918373755988
344,1,47d3e5fd43f9c0f6c6654fd57652371b6cebc0bc594f3e8abe89317fd50bef60:344,2,circular,inside,test_id,self_only,42,-0.7135762138024989,-2.839759700686922,1.5078819030511914
345,0,47d3e5fd43f9c0f6c6654fd57652371b6cebc0bc594f3e8abe89317fd50bef60:345,2,elliptical,edge,test_ood,self_only,42,0.6867789464338597,-1.2425550154757405,1.8560564086900608
345,1,47d3e5fd43f9c0f6c6654fd57652371b6cebc0bc594f3e8abe89317fd50bef60:345,2,elliptical,edge,test_ood,self_only,42,0.3104111986501989,-0.8249464563441181,2.186208646488401
346,0,47d3e5fd43f9c0f6c6654fd57652371b6cebc0bc594f3e8abe89317fd50bef60:346,1,elliptical,edge,test_id,self_only,42,-0.5080307883874599,0.10074012657881733,3.5130082014103934
346,1,47d3e5fd43f9c0f6c6654fd57652371b6cebc0bc594f3e8abe89317fd50bef60:346,1,elliptical,edge,test_id,self_only,42,0.8249755936010655,0.023667338548908193,2.1777975113626526
347,0,47d3e5fd43f9c0f6c6654fd57652371b6cebc0bc594f3e8abe89317fd50bef60:347,0,circular,outside,test_id,self_only,42,-0.03959772118489176,0.6319265433240032,4.128555410111103
347,1,47d3e5fd43f9c0f6c6654fd57652371b6cebc0bc594f3e8abe89317fd50bef60:347,0,circular,outside,test_id,self_only,42,0.3640368419035253,0.7850000925946331,3.7013322783349096
348,0,47d3e5fd43f9c0f6c6654fd57652371b6cebc0bc594f3e8abe89317fd50bef60:348,2,circular,outside,test_id,self_only,42,1.5517024832113562,0.14964566311121935,1.748113579532999
348,1,47d3e5fd43f9c0f6c6654fd57652371b6cebc0bc594f3e8abe89317fd50bef60:348,2,circular,outside,test_id,self_only,42,1.092790349040824,-0.3533675006937886,2.2257673043229045
349,0,47d3e5fd43f9c0f6c6654fd57652371b6cebc0bc594f3e8abe89317fd50bef60:349,1,elliptical,edge,test_id,self_only,42,-0.22949285932938485,0.19678968867541308,2.9995194125725315
349,1,47d3e5fd43f9c0f6c6654fd57652371b6cebc0bc594f3e8abe89317fd50bef60:349,1,elliptical,edge,test_id,self_only,42,0.7761267261846837,-0.8798798851084614,4.383500166995975
350,0,47d3e5fd43f9c0f6c6654fd57652371b6cebc0bc594f3e8abe89317fd50bef60:350,0,elliptical,edge,test_id,self_only,42,0.06985039881308645,-0.2981828979563618,3.593463424240615
350,1,47d3e5fd43f9c0f6c6654fd57652371b6cebc0bc594f3e8abe89317fd50bef60:350,0,elliptical,edge,test_id,self_only,42,0.4629324214800176,0.5443866320538616,3.0563050949395225
351,0,47d3e5fd43f9c0f6c6654fd57652371b6cebc0bc594f3e8abe89317fd50bef60:351,1,elliptical,inside,test_id,self_only,42,0.12268984935124487,-0.4467096261095906,3.0137218880133907
351,1,47d3e5fd43f9c0f6c6654fd57652371b6cebc0bc594f3e8abe89317fd50bef60:351,1,elliptical,inside,test_id,self_only,42,-0.34342847892205147,-0.36105244675396925,3.4542976343320153
352,0,47d3e5fd43f9c0f6c6654fd57652371b6cebc0bc594f3e8abe89317fd50bef60:352,2,circular,edge,test_id,self_only,42,-0.8849656743661586,1.3268228836941813,2.6627184092788205
352,1,47d3e5fd43f9c0f6c6654fd57652371b6cebc0bc594f3e8abe89317fd50bef60:352,2,circular,edge,test_id,self_only,42,-2.1752104920999233,0.29018468341113085,1.0088702885393361
353,0,47d3e5fd43f9c0f6c6654fd57652371b6cebc0bc594f3e8abe89317fd50bef60:353,1,circular,outside,test_id,self_only,42,-0.8021710676805202,0.11183231255293842,3.499395912460444
353,1,47d3e5fd43f9c0f6c6654fd57652371b6cebc0bc594f3e8abe89317fd50bef60:353,1,circular,outside,test_id,self_only,42,-0.49503113457123665,0.8428310819554424,3.495787319460637
354,0,47d3e5fd43f9c0f6c6654fd57652371b6cebc0bc594f3e8abe89317fd50bef60:354,2,elliptical,edge,test_ood,self_only,42,1.2036810951574621,3.701817161648283,0.742359173204907
354,1,47d3e5fd43f9c0f6c6654fd57652371b6cebc0bc594f3e8abe89317fd50bef60:354,2,elliptical,edge,test_ood,self_only,42,1.0242129998548803,4.210863239376555,1.2124753022298353
355,0,47d3e5fd43f9c0f6c6654fd57652371b6cebc0bc594f3e8abe89317fd50bef60:355,2,circular,edge,test_id,self_only,42,-0.4572349948541346,1.1875311203885173,1.8142482306876564
355,1,47d3e5fd43f9c0f6c6654fd57652371b6cebc0bc594f3e8abe89317fd50bef60:355,2,circular,edge,test_id,self_only,42,-0.8648674649850551,1.577387697308073,1.4597778846339189
356,0,47d3e5fd43f9c0f6c6654fd57652371b6cebc0bc594f3e8abe89317fd50bef60:356,2,elliptical,outside,test_ood,self_only,42,-0.8354526919976893,0.5792814560818768,3.8653130121826047
356,1,47d3e5fd43f9c0f6c6654fd57652371b6cebc0bc594f3e8abe89317fd50bef60:356,2,elliptical,outside,test_ood,self_only,42,-1.3347511453286829,-0.4834616712641621,4.6183765957421095
357,0,47d3e5fd43f9c0f6c6654fd57652371b6cebc0bc594f3e8abe89317fd50bef60:357,1,elliptical,outside,test_id,self_only,42,0.11231392494280905,-0.4765152863573933,4.641444811265907
357,1,47d3e5fd43f9c0f6c6654fd57652371b6cebc0bc594f3e8abe89317fd50bef60:357,1,elliptical,outside,test_id,self_only,42,1.5810720758779822,-0.06365055659531597,3.6794919614886443
358,0,47d3e5fd43f9c0f6c6654fd57652371b6cebc0bc594f3e8abe89317fd50bef60:358,2,elliptical,inside,test_ood,self_only,42,-1.9956591291085901,1.7643042870450114,0.8137828885173232
358,1,47d3e5fd43f9c0f6c6654fd57652371b6cebc0bc594f3e8abe89317fd50bef60:358,2,elliptical,inside,test_ood,self_only,42,-1.8877849740640344,1.7491353817868327,0.9214771051320149
359,0,47d3e5fd43f9c0f6c6654fd57652371b6cebc0bc594f3e8abe89317fd50bef60:359,1,circular,edge,test_id,self_only,42,0.8943039613111791,0.09881887516261097,3.2838571488489197
359,1,47d3e5fd43f9c0f6c6654fd57652371b6cebc0bc594f3e8abe89317fd50bef60:359,1,circular,edge,test_id,self_only,42,1.011290116821128,0.17494965276003832,3.2701994900416387
0,0,47d3e5fd43f9c0f6c6654fd57652371b6cebc0bc594f3e8abe89317fd50bef60:0,2,circular,outside,test_id,self_only,43,-1.0906539125100794,-2.3760322264742757,2.1980299520702804
0,1,47d3e5fd43f9c0f6c6654fd57652371b6cebc0bc594f3e8abe89317fd50bef60:0,2,circular,outside,test_id,self_only,43,-2.881275670017404,-1.8762811354708577,1.903845235972674
1,0,47d3e5fd43f9c0f6c6654fd57652371b6cebc0bc594f3e8abe89317fd50bef60:1,1,elliptical,outside,test_id,self_only,43,-0.13818673917214302,0.7611402340817547,4.7837764234287485
1,1,47d3e5fd43f9c0f6c6654fd57652371b6cebc0bc594f3e8abe89317fd50bef60:1,1,elliptical,outside,test_id,self_only,43,0.7697865205152806,-0.39267765799283033,4.289908096525114
2,0,47d3e5fd43f9c0f6c6654fd57652371b6cebc0bc594f3e8abe89317fd50bef60:2,1,elliptical,inside,test_id,self_only,43,-1.1027276677743616,-0.4737000099730397,2.1623932616988006
2,1,47d3e5fd43f9c0f6c6654fd57652371b6cebc0bc594f3e8abe89317fd50bef60:2,1,elliptical,inside,test_id,self_only,43,-0.5719216627732936,-0.5469870499682331,1.7710398377481649
3,0,47d3e5fd43f9c0f6c6654fd57652371b6cebc0bc594f3e8abe89317fd50bef60:3,0,circular,outside,test_id,self_only,43,0.9307086305959996,-1.0040425590586568,5.085679932073869
3,1,47d3e5fd43f9c0f6c6654fd57652371b6cebc0bc594f3e8abe89317fd50bef60:3,0,circular,outside,test_id,self_only,43,-0.572153763260049,0.4280254908490276,4.309618275278387
4,0,47d3e5fd43f9c0f6c6654fd57652371b6cebc0bc594f3e8abe89317fd50bef60:4,2,elliptical,inside,test_ood,self_only,43,-0.833386079754037,1.197980172245512,1.3531162961011416
4,1,47d3e5fd43f9c0f6c6654fd57652371b6cebc0bc594f3e8abe89317fd50bef60:4,2,elliptical,inside,test_ood,self_only,43,-0.05203914770047098,1.6068842478680705,1.29665633887911
5,0,47d3e5fd43f9c0f6c6654fd57652371b6cebc0bc594f3e8abe89317fd50bef60:5,0,elliptical,outside,test_id,self_only,43,1.491132839237052,0.022569841949949224,3.283176822357561
5,1,47d3e5fd43f9c0f6c6654fd57652371b6cebc0bc594f3e8abe89317fd50bef60:5,0,elliptical,outside,test_id,self_only,43,-0.9425985974923793,0.03132133117199894,5.326729010575494
6,0,47d3e5fd43f9c0f6c6654fd57652371b6cebc0bc594f3e8abe89317fd50bef60:6,1,circular,outside,test_id,self_only,43,-0.5173265499726954,0.5760793157506084,3.1331508754147106
6,1,47d3e5fd43f9c0f6c6654fd57652371b6cebc0bc594f3e8abe89317fd50bef60:6,1,circular,outside,test_id,self_only,43,-1.1117236776010218,1.263120061962614,3.034329905979447
7,0,47d3e5fd43f9c0f6c6654fd57652371b6cebc0bc594f3e8abe89317fd50bef60:7,1,elliptical,edge,test_id,self_only,43,-0.4955089254037562,-0.6240482262682819,3.719611989709947
7,1,47d3e5fd43f9c0f6c6654fd57652371b6cebc0bc594f3e8abe89317fd50bef60:7,1,elliptical,edge,test_id,self_only,43,1.0305022435530005,-0.3575091294360066,2.4989497643983927
8,0,47d3e5fd43f9c0f6c6654fd57652371b6cebc0bc594f3e8abe89317fd50bef60:8,2,elliptical,outside,test_ood,self_only,43,-0.8303762836114589,2.1303740807461833,1.6565411037012672
8,1,47d3e5fd43f9c0f6c6654fd57652371b6cebc0bc594f3e8abe89317fd50bef60:8,2,elliptical,outside,test_ood,self_only,43,-1.0255303544656458,2.0992063351559733,1.753377524513473
9,0,47d3e5fd43f9c0f6c6654fd57652371b6cebc0bc594f3e8abe89317fd50bef60:9,1,circular,edge,test_id,self_only,43,1.0584568815573034,-0.736966424376955,2.278722317056851
9,1,47d3e5fd43f9c0f6c6654fd57652371b6cebc0bc594f3e8abe89317fd50bef60:9,1,circular,edge,test_id,self_only,43,-0.0381688637391749,-0.040116899402132075,3.0739704403318164
10,0,47d3e5fd43f9c0f6c6654fd57652371b6cebc0bc594f3e8abe89317fd50bef60:10,0,circular,inside,test_id,self_only,43,1.6005129652365027,0.5337154336857891,3.657156104104824
10,1,47d3e5fd43f9c0f6c6654fd57652371b6cebc0bc594f3e8abe89317fd50bef60:10,0,circular,inside,test_id,self_only,43,0.5950600939138707,0.21444363078356737,2.641570440596995
11,0,47d3e5fd43f9c0f6c6654fd57652371b6cebc0bc594f3e8abe89317fd50bef60:11,2,elliptical,inside,test_ood,self_only,43,-3.4296617669717495,1.0939585038113688,2.2297053345509377
11,1,47d3e5fd43f9c0f6c6654fd57652371b6cebc0bc594f3e8abe89317fd50bef60:11,2,elliptical,inside,test_ood,self_only,43,-4.07577444740693,0.2672624059605693,2.6980643912448743
12,0,47d3e5fd43f9c0f6c6654fd57652371b6cebc0bc594f3e8abe89317fd50bef60:12,0,circular,edge,test_id,self_only,43,-0.5501775307313624,-0.5528618029665852,2.45190488075988
12,1,47d3e5fd43f9c0f6c6654fd57652371b6cebc0bc594f3e8abe89317fd50bef60:12,0,circular,edge,test_id,self_only,43,-0.7486454410211268,0.5153186388897991,2.536859177514929
13,0,47d3e5fd43f9c0f6c6654fd57652371b6cebc0bc594f3e8abe89317fd50bef60:13,0,elliptical,inside,test_id,self_only,43,-0.9031835956231776,1.003795749752531,3.410928158168317
13,1,47d3e5fd43f9c0f6c6654fd57652371b6cebc0bc594f3e8abe89317fd50bef60:13,0,elliptical,inside,test_id,self_only,43,-0.47359492012421517,-0.5042343668055439,2.519142899448954
14,0,47d3e5fd43f9c0f6c6654fd57652371b6cebc0bc594f3e8abe89317fd50bef60:14,1,circular,inside,test_id,self_only,43,-1.2225089234964075,0.9880241223263836,4.423727573268082
14,1,47d3e5fd43f9c0f6c6654fd57652371b6cebc0bc594f3e8abe89317fd50bef60:14,1,circular,inside,test_id,self_only,43,-1.1875965757028284,0.8235780068326092,4.283974001998391
15,0,47d3e5fd43f9c0f6c6654fd57652371b6cebc0bc594f3e8abe89317fd50bef60:15,2,circular,outside,test_id,self_only,43,0.8778679209097203,-1.5218654803347493,2.611636278296264
15,1,47d3e5fd43f9c0f6c6654fd57652371b6cebc0bc594f3e8abe89317fd50bef60:15,2,circular,outside,test_id,self_only,43,2.1507093744619663,-0.977052741439333,1.832899067010285
16,0,47d3e5fd43f9c0f6c6654fd57652371b6cebc0bc594f3e8abe89317fd50bef60:16,0,circular,edge,test_id,self_only,43,0.8399751024587926,0.5614975758481121,4.100304060290026
16,1,47d3e5fd43f9c0f6c6654fd57652371b6cebc0bc594f3e8abe89317fd50bef60:16,0,circular,edge,test_id,self_only,43,0.056857755993205014,0.007254614739427526,3.2561939800365387
17,0,47d3e5fd43f9c0f6c6654fd57652371b6cebc0bc594f3e8abe89317fd50bef60:17,1,elliptical,outside,test_id,self_only,43,-0.7184013886110011,-1.5415099791598226,4.5789141610465105
17,1,47d3e5fd43f9c0f6c6654fd57652371b6cebc0bc594f3e8abe89317fd50bef60:17,1,elliptical,outside,test_id,self_only,43,1.5185401277883825,1.0943595238614177,1.8252360494867308
18,0,47d3e5fd43f9c0f6c6654fd57652371b6cebc0bc594f3e8abe89317fd50bef60:18,1,elliptical,inside,test_id,self_only,43,-0.4306398791925135,-0.22100370445965772,1.5130798074173537
18,1,47d3e5fd43f9c0f6c6654fd57652371b6cebc0bc594f3e8abe89317fd50bef60:18,1,elliptical,inside,test_id,self_only,43,1.2290401296957312,1.1218504973340129,0.7863661823568635
19,0,47d3e5fd43f9c0f6c6654fd57652371b6cebc0bc594f3e8abe89317fd50bef60:19,2,circular,inside,test_id,self_only,43,-1.1155822438852014,-0.24159241536377912,2.0628075396365713
19,1,47d3e5fd43f9c0f6c6654fd57652371b6cebc0bc594f3e8abe89317fd50bef60:19,2,circular,inside,test_id,self_only,43,-0.8867722911493007,-0.5476103357386494,2.0868275082354772
20,0,47d3e5fd43f9c0f6c6654fd57652371b6cebc0bc594f3e8abe89317fd50bef60:20,1,elliptical,edge,test_id,self_only,43,1.1999122934683142,-0.8800719312739277,2.4277391779442965
20,1,47d3e5fd43f9c0f6c6654fd57652371b6cebc0bc594f3e8abe89317fd50bef60:20,1,elliptical,edge,test_id,self_only,43,-0.5727313322679225,0.480130560009489,4.565957857104185
21,0,47d3e5fd43f9c0f6c6654fd57652371b6cebc0bc594f3e8abe89317fd50bef60:21,2,elliptical,edge,test_ood,self_only,43,4.20588420203765,-1.1933877400469686,2.340807301667075
21,1,47d3e5fd43f9c0f6c6654fd57652371b6cebc0bc594f3e8abe89317fd50bef60:21,2,elliptical,edge,test_ood,self_only,43,4.783350689922171,-2.2493442229342366,2.198081219279159
22,0,47d3e5fd43f9c0f6c6654fd57652371b6cebc0bc594f3e8abe89317fd50bef60:22,0,elliptical,edge,test_id,self_only,43,-0.561067656959695,0.2798417874264812,2.5097426424063025
22,1,47d3e5fd43f9c0f6c6654fd57652371b6cebc0bc594f3e8abe89317fd50bef60:22,0,elliptical,edge,test_id,self_only,43,0.4842195051058111,1.7298059531140422,4.038470209949608
23,0,47d3e5fd43f9c0f6c6654fd57652371b6cebc0bc594f3e8abe89317fd50bef60:23,1,circular,outside,test_id,self_only,43,2.043533785854178,0.28469420155764574,3.674586028954347
23,1,47d3e5fd43f9c0f6c6654fd57652371b6cebc0bc594f3e8abe89317fd50bef60:23,1,circular,outside,test_id,self_only,43,-0.6299684209481898,-1.377314441592684,2.9744327135838025
24,0,47d3e5fd43f9c0f6c6654fd57652371b6cebc0bc594f3e8abe89317fd50bef60:24,0,elliptical,edge,test_id,self_only,43,0.05128186813433737,0.45150206169367785,3.2271586056831487
24,1,47d3e5fd43f9c0f6c6654fd57652371b6cebc0bc594f3e8abe89317fd50bef60:24,0,elliptical,edge,test_id,self_only,43,0.04955834767659277,-0.8780298761439228,2.9504977326308324
25,0,47d3e5fd43f9c0f6c6654fd57652371b6cebc0bc594f3e8abe89317fd50bef60:25,0,elliptical,inside,test_id,self_only,43,-1.0211196107522669,0.7055704661297894,2.038107699603268
25,1,47d3e5fd43f9c0f6c6654fd57652371b6cebc0bc594f3e8abe89317fd50bef60:25,0,elliptical,inside,test_id,self_only,43,-1.630740301098031,-0.6455206803393269,3.4350262991548983
26,0,47d3e5fd43f9c0f6c6654fd57652371b6cebc0bc594f3e8abe89317fd50bef60:26,2,elliptical,outside,test_ood,self_only,43,-0.2767307324067774,2.0491291352200602,1.7227772386700235
26,1,47d3e5fd43f9c0f6c6654fd57652371b6cebc0bc594f3e8abe89317fd50bef60:26,2,elliptical,outside,test_ood,self_only,43,-0.5072103304521266,2.072979099361906,1.7674816880243343
27,0,47d3e5fd43f9c0f6c6654fd57652371b6cebc0bc594f3e8abe89317fd50bef60:27,1,circular,edge,test_id,self_only,43,-0.2390623850480738,1.3698209591794108,1.6856588904112384
27,1,47d3e5fd43f9c0f6c6654fd57652371b6cebc0bc594f3e8abe89317fd50bef60:27,1,circular,edge,test_id,self_only,43,-0.7109658879892055,1.3555526801037883,1.6450092976745228
28,0,47d3e5fd43f9c0f6c6654fd57652371b6cebc0bc594f3e8abe89317fd50bef60:28,2,circular,inside,test_id,self_only,43,-1.262455241169137,-1.6197339228701497,1.1978076331392957
28,1,47d3e5fd43f9c0f6c6654fd57652371b6cebc0bc594f3e8abe89317fd50bef60:28,2,circular,inside,test_id,self_only,43,-1.4716165227548303,-2.314283721835604,1.5015985898611053
29,0,47d3e5fd43f9c0f6c6654fd57652371b6cebc0bc594f3e8abe89317fd50bef60:29,0,circular,inside,test_id,self_only,43,-0.46686388679901986,0.1566471823144054,2.270837776603536
29,1,47d3e5fd43f9c0f6c6654fd57652371b6cebc0bc594f3e8abe89317fd50bef60:29,0,circular,inside,test_id,self_only,43,-0.8160089416162196,0.45243600687266344,2.5352235724311534
30,0,47d3e5fd43f9c0f6c6654fd57652371b6cebc0bc594f3e8abe89317fd50bef60:30,2,elliptical,edge,test_ood,self_only,43,3.615911944423514,-0.9622678689074421,1.054984902352024
30,1,47d3e5fd43f9c0f6c6654fd57652371b6cebc0bc594f3e8abe89317fd50bef60:30,2,elliptical,edge,test_ood,self_only,43,3.486371977840262,-0.9979686073374653,1.0161867219968699
31,0,47d3e5fd43f9c0f6c6654fd57652371b6cebc0bc594f3e8abe89317fd50bef60:31,0,circular,outside,test_id,self_only,43,-0.29944832750718026,0.2620122500348186,4.901259153496907
31,1,47d3e5fd43f9c0f6c6654fd57652371b6cebc0bc594f3e8abe89317fd50bef60:31,0,circular,outside,test_id,self_only,43,-0.7049334807054225,-0.06726255895315651,4.846202362304921
32,0,47d3e5fd43f9c0f6c6654fd57652371b6cebc0bc594f3e8abe89317fd50bef60:32,2,circular,edge,test_id,self_only,43,-1.9475014371530237,-1.2683664492678548,1.0571100268275992
32,1,47d3e5fd43f9c0f6c6654fd57652371b6cebc0bc594f3e8abe89317fd50bef60:32,2,circular,edge,test_id,self_only,43,-2.354830996479196,-1.1814094714236165,0.671331902767578
33,0,47d3e5fd43f9c0f6c6654fd57652371b6cebc0bc594f3e8abe89317fd50bef60:33,2,circular,edge,test_id,self_only,43,-0.5162513417855922,0.6353275247502422,3.8991087495464085
33,1,47d3e5fd43f9c0f6c6654fd57652371b6cebc0bc594f3e8abe89317fd50bef60:33,2,circular,edge,test_id,self_only,43,-1.012367383922738,0.028983875422487218,3.1156768072923553
34,0,47d3e5fd43f9c0f6c6654fd57652371b6cebc0bc594f3e8abe89317fd50bef60:34,0,elliptical,outside,test_id,self_only,43,-0.2234187883989039,1.357655531971464,3.4358224071750514
34,1,47d3e5fd43f9c0f6c6654fd57652371b6cebc0bc594f3e8abe89317fd50bef60:34,0,elliptical,outside,test_id,self_only,43,-0.1660563660518351,0.6582174368786907,3.406748821037061
35,0,47d3e5fd43f9c0f6c6654fd57652371b6cebc0bc594f3e8abe89317fd50bef60:35,1,circular,inside,test_id,self_only,43,-0.11141543218056589,0.7228254147458172,1.8901508951107024
35,1,47d3e5fd43f9c0f6c6654fd57652371b6cebc0bc594f3e8abe89317fd50bef60:35,1,circular,inside,test_id,self_only,43,-0.1732372207299891,0.5425782271313763,2.0701954888381553
36,0,47d3e5fd43f9c0f6c6654fd57652371b6cebc0bc594f3e8abe89317fd50bef60:36,1,circular,edge,test_id,self_only,43,-0.16750972100655465,-1.4530620507311727,1.5909632537863725
36,1,47d3e5fd43f9c0f6c6654fd57652371b6cebc0bc594f3e8abe89317fd50bef60:36,1,circular,edge,test_id,self_only,43,-0.37967442103783516,0.567961222736845,3.5715252850116435
37,0,47d3e5fd43f9c0f6c6654fd57652371b6cebc0bc594f3e8abe89317fd50bef60:37,1,elliptical,inside,test_id,self_only,43,1.0076904135092077,-1.4339487485003377,1.9761735699317264
37,1,47d3e5fd43f9c0f6c6654fd57652371b6cebc0bc594f3e8abe89317fd50bef60:37,1,elliptical,inside,test_id,self_only,43,-1.3810601396218958,-0.12506345728158003,4.693969570807597
38,0,47d3e5fd43f9c0f6c6654fd57652371b6cebc0bc594f3e8abe89317fd50bef60:38,2,elliptical,outside,test_ood,self_only,43,2.9569425421102817,-1.550293915660372,2.120735374386901
38,1,47d3e5fd43f9c0f6c6654fd57652371b6cebc0bc594f3e8abe89317fd50bef60:38,2,elliptical,outside,test_ood,self_only,43,2.7039892511709507,-1.4729040793490316,2.2125310756379393
39,0,47d3e5fd43f9c0f6c6654fd57652371b6cebc0bc594f3e8abe89317fd50bef60:39,0,elliptical,outside,test_id,self_only,43,0.55645952991088,0.8602845736432171,4.262250832160669
39,1,47d3e5fd43f9c0f6c6654fd57652371b6cebc0bc594f3e8abe89317fd50bef60:39,0,elliptical,outside,test_id,self_only,43,0.31307984760840507,0.8969628878522015,4.0199123078141055
40,0,47d3e5fd43f9c0f6c6654fd57652371b6cebc0bc594f3e8abe89317fd50bef60:40,2,circular,edge,test_id,self_only,43,-1.9031219644204798,0.6790785857129192,2.461132991061446
40,1,47d3e5fd43f9c0f6c6654fd57652371b6cebc0bc594f3e8abe89317fd50bef60:40,2,circular,edge,test_id,self_only,43,-0.6482816500322047,0.44881359419108385,3.384120142323307
41,0,47d3e5fd43f9c0f6c6654fd57652371b6cebc0bc594f3e8abe89317fd50bef60:41,2,circular,edge,test_id,self_only,43,-3.5630676908151333,0.057898751704702336,0.7025045307255782
41,1,47d3e5fd43f9c0f6c6654fd57652371b6cebc0bc594f3e8abe89317fd50bef60:41,2,circular,edge,test_id,self_only,43,-3.285708682026071,0.6124787398266888,0.31578416458903447
42,0,47d3e5fd43f9c0f6c6654fd57652371b6cebc0bc594f3e8abe89317fd50bef60:42,2,elliptical,edge,test_ood,self_only,43,-0.3826299471513453,1.8819452591824626,3.5343702070801712
42,1,47d3e5fd43f9c0f6c6654fd57652371b6cebc0bc594f3e8abe89317fd50bef60:42,2,elliptical,edge,test_ood,self_only,43,0.05869504681666464,1.9567667313504313,3.092801404446537
43,0,47d3e5fd43f9c0f6c6654fd57652371b6cebc0bc594f3e8abe89317fd50bef60:43,1,elliptical,outside,test_id,self_only,43,1.7274210291250525,-0.6102545789790058,2.7334859657200576
43,1,47d3e5fd43f9c0f6c6654fd57652371b6cebc0bc594f3e8abe89317fd50bef60:43,1,elliptical,outside,test_id,self_only,43,1.2369098501547156,-1.7983888320040609,2.533758085586837
44,0,47d3e5fd43f9c0f6c6654fd57652371b6cebc0bc594f3e8abe89317fd50bef60:44,2,elliptical,outside,test_ood,self_only,43,1.8553163843496618,-1.7349158457827474,2.1059986409266793
44,1,47d3e5fd43f9c0f6c6654fd57652371b6cebc0bc594f3e8abe89317fd50bef60:44,2,elliptical,outside,test_ood,self_only,43,2.2138621645315464,0.23818797549487108,3.945916105892263
45,0,47d3e5fd43f9c0f6c6654fd57652371b6cebc0bc594f3e8abe89317fd50bef60:45,0,circular,inside,test_id,self_only,43,-0.7028650207177821,0.5867756672787762,1.4406965354361778
45,1,47d3e5fd43f9c0f6c6654fd57652371b6cebc0bc594f3e8abe89317fd50bef60:45,0,circular,inside,test_id,self_only,43,-0.49125082918564705,0.08271772345782276,1.452548910460598
46,0,47d3e5fd43f9c0f6c6654fd57652371b6cebc0bc594f3e8abe89317fd50bef60:46,0,elliptical,inside,test_id,self_only,43,-0.9317637843743983,0.15097368439913744,2.68519838625864
46,1,47d3e5fd43f9c0f6c6654fd57652371b6cebc0bc594f3e8abe89317fd50bef60:46,0,elliptical,inside,test_id,self_only,43,-0.7996523542062465,-0.19472555139779096,2.494057676625495
47,0,47d3e5fd43f9c0f6c6654fd57652371b6cebc0bc594f3e8abe89317fd50bef60:47,2,elliptical,inside,test_ood,self_only,43,0.20675663522322746,2.3922079869198893,1.5379549132675507
47,1,47d3e5fd43f9c0f6c6654fd57652371b6cebc0bc594f3e8abe89317fd50bef60:47,2,elliptical,inside,test_ood,self_only,43,-0.19462610908905892,2.1452103920865153,1.3394286196365264
48,0,47d3e5fd43f9c0f6c6654fd57652371b6cebc0bc594f3e8abe89317fd50bef60:48,0,circular,edge,test_id,self_only,43,-0.29729779192368416,-0.26640220800160413,2.7397256397035052
48,1,47d3e5fd43f9c0f6c6654fd57652371b6cebc0bc594f3e8abe89317fd50bef60:48,0,circular,edge,test_id,self_only,43,1.3925267296179114,0.6926747032094097,4.612661552411779
49,0,47d3e5fd43f9c0f6c6654fd57652371b6cebc0bc594f3e8abe89317fd50bef60:49,0,circular,inside,test_id,self_only,43,0.10600449762185186,0.9683082171368694,1.657385798899826
49,1,47d3e5fd43f9c0f6c6654fd57652371b6cebc0bc594f3e8abe89317fd50bef60:49,0,circular,inside,test_id,self_only,43,0.9219723778112706,0.28787959298373217,2.6961133476980472
50,0,47d3e5fd43f9c0f6c6654fd57652371b6cebc0bc594f3e8abe89317fd50bef60:50,1,elliptical,edge,test_id,self_only,43,-1.2599316997186365,0.9813607998776531,2.024285540640172
50,1,47d3e5fd43f9c0f6c6654fd57652371b6cebc0bc594f3e8abe89317fd50bef60:50,1,elliptical,edge,test_id,self_only,43,-0.06314541527192026,0.6827350326466656,2.68076170487937
51,0,47d3e5fd43f9c0f6c6654fd57652371b6cebc0bc594f3e8abe89317fd50bef60:51,0,elliptical,edge,test_id,self_only,43,-1.5949192208902063,-0.6323366693568134,4.597106728555675
51,1,47d3e5fd43f9c0f6c6654fd57652371b6cebc0bc594f3e8abe89317fd50bef60:51,0,elliptical,edge,test_id,self_only,43,1.1493944959982214,1.018085367290983,2.3876090679165505
52,0,47d3e5fd43f9c0f6c6654fd57652371b6cebc0bc594f3e8abe89317fd50bef60:52,0,elliptical,edge,test_id,self_only,43,-0.7825035018579188,-0.21724099734543806,3.6741273185513603
52,1,47d3e5fd43f9c0f6c6654fd57652371b6cebc0bc594f3e8abe89317fd50bef60:52,0,elliptical,edge,test_id,self_only,43,0.7335963683470067,0.16166045448065752,4.345538256920761
53,0,47d3e5fd43f9c0f6c6654fd57652371b6cebc0bc594f3e8abe89317fd50bef60:53,0,circular,outside,test_id,self_only,43,-0.17071576544205574,-0.6951017908167744,3.1762433390999005
53,1,47d3e5fd43f9c0f6c6654fd57652371b6cebc0bc594f3e8abe89317fd50bef60:53,0,circular,outside,test_id,self_only,43,-0.3367341918603602,-0.27542933145283705,3.1110143267108517
54,0,47d3e5fd43f9c0f6c6654fd57652371b6cebc0bc594f3e8abe89317fd50bef60:54,1,circular,inside,test_id,self_only,43,-0.24178315826813607,-0.09766752341507916,3.4545855095026456
54,1,47d3e5fd43f9c0f6c6654fd57652371b6cebc0bc594f3e8abe89317fd50bef60:54,1,circular,inside,test_id,self_only,43,-0.9247570199624721,0.32993987879038805,4.2461079525097345
55,0,47d3e5fd43f9c0f6c6654fd57652371b6cebc0bc594f3e8abe89317fd50bef60:55,2,circular,inside,test_id,self_only,43,0.7502353625639256,2.281486637203703,2.024416634662833
55,1,47d3e5fd43f9c0f6c6654fd57652371b6cebc0bc594f3e8abe89317fd50bef60:55,2,circular,inside,test_id,self_only,43,0.8363194303854283,2.8112076588559245,2.0765268459528445
56,0,47d3e5fd43f9c0f6c6654fd57652371b6cebc0bc594f3e8abe89317fd50bef60:56,2,circular,outside,test_id,self_only,43,2.700846417461234,-0.3439336649489308,0.6499784361621155
56,1,47d3e5fd43f9c0f6c6654fd57652371b6cebc0bc594f3e8abe89317fd50bef60:56,2,circular,outside,test_id,self_only,43,3.259929163966971,-0.15656489202498441,0.10117496472264027
57,0,47d3e5fd43f9c0f6c6654fd57652371b6cebc0bc594f3e8abe89317fd50bef60:57,1,elliptical,inside,test_id,self_only,43,0.1624110849841413,1.908456689922819,3.0221156092158883
57,1,47d3e5fd43f9c0f6c6654fd57652371b6cebc0bc594f3e8abe89317fd50bef60:57,1,elliptical,inside,test_id,self_only,43,-1.2405760450021448,0.14284623345614428,3.823785984460395
58,0,47d3e5fd43f9c0f6c6654fd57652371b6cebc0bc594f3e8abe89317fd50bef60:58,0,circular,edge,test_id,self_only,43,-1.2959022683755579,0.5021839805531597,4.348934135725464
58,1,47d3e5fd43f9c0f6c6654fd57652371b6cebc0bc594f3e8abe89317fd50bef60:58,0,circular,edge,test_id,self_only,43,-1.1777823133126917,0.17116879603148455,4.19209175955947
59,0,47d3e5fd43f9c0f6c6654fd57652371b6cebc0bc594f3e8abe89317fd50bef60:59,1,elliptical,outside,test_id,self_only,43,0.5520667868002233,0.19817676326514239,3.6291189230287824
59,1,47d3e5fd43f9c0f6c6654fd57652371b6cebc0bc594f3e8abe89317fd50bef60:59,1,elliptical,outside,test_id,self_only,43,0.45030794910033317,0.5055981942105389,3.3363271208629985
60,0,47d3e5fd43f9c0f6c6654fd57652371b6cebc0bc594f3e8abe89317fd50bef60:60,2,circular,inside,test_id,self_only,43,-1.164331690754098,1.236304409115324,1.1900917390862633
60,1,47d3e5fd43f9c0f6c6654fd57652371b6cebc0bc594f3e8abe89317fd50bef60:60,2,circular,inside,test_id,self_only,43,-0.687775568451089,1.211744911282072,1.4620214458903433
61,0,47d3e5fd43f9c0f6c6654fd57652371b6cebc0bc594f3e8abe89317fd50bef60:61,0,elliptical,outside,test_id,self_only,43,-0.5355451864854518,0.7644683190274334,4.431352511151423
61,1,47d3e5fd43f9c0f6c6654fd57652371b6cebc0bc594f3e8abe89317fd50bef60:61,0,elliptical,outside,test_id,self_only,43,0.6652753191335973,-0.9919468692850971,5.1381822303423625
62,0,47d3e5fd43f9c0f6c6654fd57652371b6cebc0bc594f3e8abe89317fd50bef60:62,1,circular,outside,test_id,self_only,43,0.0626287522061643,1.5486854382443522,4.3054851093449
62,1,47d3e5fd43f9c0f6c6654fd57652371b6cebc0bc594f3e8abe89317fd50bef60:62,1,circular,outside,test_id,self_only,43,-0.5134412212030116,-0.12582068213938719,4.144924361379224
63,0,47d3e5fd43f9c0f6c6654fd57652371b6cebc0bc594f3e8abe89317fd50bef60:63,2,circular,outside,test_id,self_only,43,-1.8777606649057093,0.38807804068804735,1.9881652801039307
63,1,47d3e5fd43f9c0f6c6654fd57652371b6cebc0bc594f3e8abe89317fd50bef60:63,2,circular,outside,test_id,self_only,43,-2.266011492695016,-0.49161734500645643,1.9792055458321314
64,0,47d3e5fd43f9c0f6c6654fd57652371b6cebc0bc594f3e8abe89317fd50bef60:64,1,circular,inside,test_id,self_only,43,0.40831507614691825,-0.6438543132853413,2.676553732575463
64,1,47d3e5fd43f9c0f6c6654fd57652371b6cebc0bc594f3e8abe89317fd50bef60:64,1,circular,inside,test_id,self_only,43,0.7254931764944371,-1.7784858874392415,2.348463579124165
65,0,47d3e5fd43f9c0f6c6654fd57652371b6cebc0bc594f3e8abe89317fd50bef60:65,2,elliptical,inside,test_ood,self_only,43,-1.5415671033517542,2.893436796276579,1.8723253724806983
65,1,47d3e5fd43f9c0f6c6654fd57652371b6cebc0bc594f3e8abe89317fd50bef60:65,2,elliptical,inside,test_ood,self_only,43,-1.91437889763276,3.257197029201994,2.287996105463743
66,0,47d3e5fd43f9c0f6c6654fd57652371b6cebc0bc594f3e8abe89317fd50bef60:66,2,elliptical,edge,test_ood,self_only,43,3.5290105181082065,-3.607984893710604,2.454652047843794
66,1,47d3e5fd43f9c0f6c6654fd57652371b6cebc0bc594f3e8abe89317fd50bef60:66,2,elliptical,edge,test_ood,self_only,43,3.5924923258169468,-3.9230025939059163,2.610282601660573
67,0,47d3e5fd43f9c0f6c6654fd57652371b6cebc0bc594f3e8abe89317fd50bef60:67,1,circular,outside,test_id,self_only,43,-0.9014690084115687,1.3162835904049968,2.851797776949067
67,1,47d3e5fd43f9c0f6c6654fd57652371b6cebc0bc594f3e8abe89317fd50bef60:67,1,circular,outside,test_id,self_only,43,1.040141387496787,1.8292743035245036,2.115639549669235
68,0,47d3e5fd43f9c0f6c6654fd57652371b6cebc0bc594f3e8abe89317fd50bef60:68,0,circular,outside,test_id,self_only,43,-0.17240680881897835,-0.27337355235337263,3.4720672395751815
68,1,47d3e5fd43f9c0f6c6654fd57652371b6cebc0bc594f3e8abe89317fd50bef60:68,0,circular,outside,test_id,self_only,43,-0.6827505392686549,-0.5567802719187641,3.347662712743526
69,0,47d3e5fd43f9c0f6c6654fd57652371b6cebc0bc594f3e8abe89317fd50bef60:69,1,elliptical,edge,test_id,self_only,43,-1.2602243585244837,-0.3989707163882161,4.4404123441957015
69,1,47d3e5fd43f9c0f6c6654fd57652371b6cebc0bc594f3e8abe89317fd50bef60:69,1,elliptical,edge,test_id,self_only,43,-0.3741293115274134,-0.36960338869809156,3.6092800965924305
70,0,47d3e5fd43f9c0f6c6654fd57652371b6cebc0bc594f3e8abe89317fd50bef60:70,1,circular,edge,test_id,self_only,43,-1.168992654766244,-0.842070036323061,4.041095131439297
70,1,47d3e5fd43f9c0f6c6654fd57652371b6cebc0bc594f3e8abe89317fd50bef60:70,1,circular,edge,test_id,self_only,43,-0.5575882954255763,-0.9400645426821613,4.433834267809488
71,0,47d3e5fd43f9c0f6c6654fd57652371b6cebc0bc594f3e8abe89317fd50bef60:71,0,elliptical,inside,test_id,self_only,43,-0.7673040790216151,-0.1778330139231587,2.8057180834659667
71,1,47d3e5fd43f9c0f6c6654fd57652371b6cebc0bc594f3e8abe89317fd50bef60:71,0,elliptical,inside,test_id,self_only,43,-0.5959060353891078,-0.03529152156530861,2.8667613637136995
72,0,47d3e5fd43f9c0f6c6654fd57652371b6cebc0bc594f3e8abe89317fd50bef60:72,2,circular,inside,test_id,self_only,43,-1.1050200624124231,1.2024735279965495,0.49581264966955313
72,1,47d3e5fd43f9c0f6c6654fd57652371b6cebc0bc594f3e8abe89317fd50bef60:72,2,circular,inside,test_id,self_only,43,-0.5225454134599391,1.8460711308407878,0.4970600826264777
73,0,47d3e5fd43f9c0f6c6654fd57652371b6cebc0bc594f3e8abe89317fd50bef60:73,2,elliptical,edge,test_ood,self_only,43,-0.6057400269166652,2.2511614628720378,3.400705261126534
73,1,47d3e5fd43f9c0f6c6654fd57652371b6cebc0bc594f3e8abe89317fd50bef60:73,2,elliptical,edge,test_ood,self_only,43,0.8727146821363744,1.9826196499753093,2.101468457558387
74,0,47d3e5fd43f9c0f6c6654fd57652371b6cebc0bc594f3e8abe89317fd50bef60:74,1,elliptical,outside,test_id,self_only,43,1.0321859555586157,0.7963821955609417,3.240038847422517
74,1,47d3e5fd43f9c0f6c6654fd57652371b6cebc0bc594f3e8abe89317fd50bef60:74,1,elliptical,outside,test_id,self_only,43,0.11365759990056128,0.9509607621121502,3.7639454612458283
75,0,47d3e5fd43f9c0f6c6654fd57652371b6cebc0bc594f3e8abe89317fd50bef60:75,0,circular,inside,test_id,self_only,43,0.4992255704744634,-0.5105790428233051,4.350579708820705
75,1,47d3e5fd43f9c0f6c6654fd57652371b6cebc0bc594f3e8abe89317fd50bef60:75,0,circular,inside,test_id,self_only,43,-0.47556485363404183,-0.9208137921404743,4.038429768028861
76,0,47d3e5fd43f9c0f6c6654fd57652371b6cebc0bc594f3e8abe89317fd50bef60:76,1,elliptical,outside,test_id,self_only,43,-1.3802316350595178,1.114950067608366,3.5752534688963036
76,1,47d3e5fd43f9c0f6c6654fd57652371b6cebc0bc594f3e8abe89317fd50bef60:76,1,elliptical,outside,test_id,self_only,43,-2.0539789361612026,0.45553422650576586,2.6479852779208866
77,0,47d3e5fd43f9c0f6c6654fd57652371b6cebc0bc594f3e8abe89317fd50bef60:77,2,circular,outside,test_id,self_only,43,-1.9941814107553186,-1.1924385956835653,2.385977767683822
77,1,47d3e5fd43f9c0f6c6654fd57652371b6cebc0bc594f3e8abe89317fd50bef60:77,2,circular,outside,test_id,self_only,43,-0.91118122764985,-0.46785574475049024,3.2289350056999897
78,0,47d3e5fd43f9c0f6c6654fd57652371b6cebc0bc594f3e8abe89317fd50bef60:78,2,elliptical,outside,test_ood,self_only,43,-1.485724465336007,0.02531228890896793,3.5245380125258454
78,1,47d3e5fd43f9c0f6c6654fd57652371b6cebc0bc594f3e8abe89317fd50bef60:78,2,elliptical,outside,test_ood,self_only,43,-1.3928580445901575,-0.5217842392039204,3.160993257343824
79,0,47d3e5fd43f9c0f6c6654fd57652371b6cebc0bc594f3e8abe89317fd50bef60:79,0,elliptical,outside,test_id,self_only,43,-1.215045229877633,-0.006085970194330256,3.194029598859742
79,1,47d3e5fd43f9c0f6c6654fd57652371b6cebc0bc594f3e8abe89317fd50bef60:79,0,elliptical,outside,test_id,self_only,43,-0.41907607146660714,0.6106664009976482,3.5877802882886116
80,0,47d3e5fd43f9c0f6c6654fd57652371b6cebc0bc594f3e8abe89317fd50bef60:80,0,elliptical,inside,test_id,self_only,43,1.2624720173223791,-0.6635980538439655,2.0734769820437102
80,1,47d3e5fd43f9c0f6c6654fd57652371b6cebc0bc594f3e8abe89317fd50bef60:80,0,elliptical,inside,test_id,self_only,43,0.22158221772749992,-0.32116621056317335,1.8299291687587467
81,0,47d3e5fd43f9c0f6c6654fd57652371b6cebc0bc594f3e8abe89317fd50bef60:81,2,circular,edge,test_id,self_only,43,2.3332006769522007,-2.0221868685793782,0.6727498920121514
81,1,47d3e5fd43f9c0f6c6654fd57652371b6cebc0bc594f3e8abe89317fd50bef60:81,2,circular,edge,test_id,self_only,43,2.9117901163442905,-2.0821291140627767,0.09296096230545235
82,0,47d3e5fd43f9c0f6c6654fd57652371b6cebc0bc594f3e8abe89317fd50bef60:82,1,circular,edge,test_id,self_only,43,-1.0696050090448084,-0.017007444740524333,2.7521284827695855
82,1,47d3e5fd43f9c0f6c6654fd57652371b6cebc0bc594f3e8abe89317fd50bef60:82,1,circular,edge,test_id,self_only,43,0.17310109606822105,0.27929843148470873,3.583531806945484
83,0,47d3e5fd43f9c0f6c6654fd57652371b6cebc0bc594f3e8abe89317fd50bef60:83,0,elliptical,outside,test_id,self_only,43,-0.5708219570771876,0.1941653855729198,3.1827499943273088
83,1,47d3e5fd43f9c0f6c6654fd57652371b6cebc0bc594f3e8abe89317fd50bef60:83,0,elliptical,outside,test_id,self_only,43,-0.8941651148454371,-1.4545441798281575,2.955530008764646
84,0,47d3e5fd43f9c0f6c6654fd57652371b6cebc0bc594f3e8abe89317fd50bef60:84,1,elliptical,inside,test_id,self_only,43,-2.2520914239541714,0.3185896643090343,3.008018538587293
84,1,47d3e5fd43f9c0f6c6654fd57652371b6cebc0bc594f3e8abe89317fd50bef60:84,1,elliptical,inside,test_id,self_only,43,-1.419813410724801,-1.2385197810244466,1.2580169894430329
85,0,47d3e5fd43f9c0f6c6654fd57652371b6cebc0bc594f3e8abe89317fd50bef60:85,2,elliptical,edge,test_ood,self_only,43,1.1021797495230017,1.2463172741818522,4.252676130562633
85,1,47d3e5fd43f9c0f6c6654fd57652371b6cebc0bc594f3e8abe89317fd50bef60:85,2,elliptical,edge,test_ood,self_only,43,-0.17170424887101082,2.05580056390048,5.161942986028868
86,0,47d3e5fd43f9c0f6c6654fd57652371b6cebc0bc594f3e8abe89317fd50bef60:86,2,elliptical,outside,test_ood,self_only,43,-0.003917278136414584,2.400442010967741,2.3640816743481943
86,1,47d3e5fd43f9c0f6c6654fd57652371b6cebc0bc594f3e8abe89317fd50bef60:86,2,elliptical,outside,test_ood,self_only,43,-0.4103443188325587,1.8445731469082927,2.9683114116756544
87,0,47d3e5fd43f9c0f6c6654fd57652371b6cebc0bc594f3e8abe89317fd50bef60:87,1,circular,inside,test_id,self_only,43,-0.5744089645997706,1.0851891108441447,1.5785606694671597
87,1,47d3e5fd43f9c0f6c6654fd57652371b6cebc0bc594f3e8abe89317fd50bef60:87,1,circular,inside,test_id,self_only,43,0.6069159942014989,0.41613555630923266,0.630560043181984
88,0,47d3e5fd43f9c0f6c6654fd57652371b6cebc0bc594f3e8abe89317fd50bef60:88,0,elliptical,edge,test_id,self_only,43,-0.16702433058182625,0.8424158759999371,4.66731286190193
88,1,47d3e5fd43f9c0f6c6654fd57652371b6cebc0bc594f3e8abe89317fd50bef60:88,0,elliptical,edge,test_id,self_only,43,-0.6522506041185084,0.2530254789280986,3.907184615019726
89,0,47d3e5fd43f9c0f6c6654fd57652371b6cebc0bc594f3e8abe89317fd50bef60:89,2,elliptical,inside,test_ood,self_only,43,-4.09137560554902,3.8611625500607585,3.932812818132979
89,1,47d3e5fd43f9c0f6c6654fd57652371b6cebc0bc594f3e8abe89317fd50bef60:89,2,elliptical,inside,test_ood,self_only,43,-3.1006326837197964,3.889012462704191,3.520620022150768
90,0,47d3e5fd43f9c0f6c6654fd57652371b6cebc0bc594f3e8abe89317fd50bef60:90,1,elliptical,inside,test_id,self_only,43,-0.21298281976143746,-1.327066057116976,3.4031788575224193
90,1,47d3e5fd43f9c0f6c6654fd57652371b6cebc0bc594f3e8abe89317fd50bef60:90,1,elliptical,inside,test_id,self_only,43,-0.6202482146875087,0.37450940093279833,1.944662165800515
91,0,47d3e5fd43f9c0f6c6654fd57652371b6cebc0bc594f3e8abe89317fd50bef60:91,0,circular,edge,test_id,self_only,43,-0.8777172727243129,1.203856236546049,1.9287417461638623
91,1,47d3e5fd43f9c0f6c6654fd57652371b6cebc0bc594f3e8abe89317fd50bef60:91,0,circular,edge,test_id,self_only,43,-0.6919503373758021,-0.43175920167683607,3.5449263426514688
92,0,47d3e5fd43f9c0f6c6654fd57652371b6cebc0bc594f3e8abe89317fd50bef60:92,2,circular,inside,test_id,self_only,43,0.9442984896047887,1.8301614590573405,0.9245874238072553
92,1,47d3e5fd43f9c0f6c6654fd57652371b6cebc0bc594f3e8abe89317fd50bef60:92,2,circular,inside,test_id,self_only,43,0.7492451506002721,2.374224788753996,1.3574654034575233
93,0,47d3e5fd43f9c0f6c6654fd57652371b6cebc0bc594f3e8abe89317fd50bef60:93,0,elliptical,edge,test_id,self_only,43,-0.14601275452534584,-1.2018024853777791,2.861789647785437
93,1,47d3e5fd43f9c0f6c6654fd57652371b6cebc0bc594f3e8abe89317fd50bef60:93,0,elliptical,edge,test_id,self_only,43,0.43317921331961723,0.6438466378140545,4.002157366926458
94,0,47d3e5fd43f9c0f6c6654fd57652371b6cebc0bc594f3e8abe89317fd50bef60:94,1,circular,edge,test_id,self_only,43,-0.17727126308838753,0.4721279807973003,3.50580862321203
94,1,47d3e5fd43f9c0f6c6654fd57652371b6cebc0bc594f3e8abe89317fd50bef60:94,1,circular,edge,test_id,self_only,43,-1.5452327890054407,-0.05577818931757454,2.126670831836359
95,0,47d3e5fd43f9c0f6c6654fd57652371b6cebc0bc594f3e8abe89317fd50bef60:95,0,circular,inside,test_id,self_only,43,0.07268607488711447,1.0451837845730876,1.7328594428613349
95,1,47d3e5fd43f9c0f6c6654fd57652371b6cebc0bc594f3e8abe89317fd50bef60:95,0,circular,inside,test_id,self_only,43,-0.5497993392602626,-0.13847982952116972,3.0666888241569903
96,0,47d3e5fd43f9c0f6c6654fd57652371b6cebc0bc594f3e8abe89317fd50bef60:96,0,circular,outside,test_id,self_only,43,-0.4088331622735682,0.31025943836451525,4.543920201342499
96,1,47d3e5fd43f9c0f6c6654fd57652371b6cebc0bc594f3e8abe89317fd50bef60:96,0,circular,outside,test_id,self_only,43,-0.24677471944252877,0.6934430666852093,4.959944412449323
97,0,47d3e5fd43f9c0f6c6654fd57652371b6cebc0bc594f3e8abe89317fd50bef60:97,1,circular,outside,test_id,self_only,43,-0.18519981333176522,-1.0692775181841756,5.055924189194838
97,1,47d3e5fd43f9c0f6c6654fd57652371b6cebc0bc594f3e8abe89317fd50bef60:97,1,circular,outside,test_id,self_only,43,-1.2447631520883264,0.4761790700841045,3.3684624748285596
98,0,47d3e5fd43f9c0f6c6654fd57652371b6cebc0bc594f3e8abe89317fd50bef60:98,1,elliptical,edge,test_id,self_only,43,-0.8892318172113124,0.12958524307490343,3.17026201428894
98,1,47d3e5fd43f9c0f6c6654fd57652371b6cebc0bc594f3e8abe89317fd50bef60:98,1,elliptical,edge,test_id,self_only,43,0.7404979305609044,0.2679173715996837,3.904044060791561
99,0,47d3e5fd43f9c0f6c6654fd57652371b6cebc0bc594f3e8abe89317fd50bef60:99,2,circular,edge,test_id,self_only,43,-2.3299234075204556,-0.331029050738802,2.741238942184496
99,1,47d3e5fd43f9c0f6c6654fd57652371b6cebc0bc594f3e8abe89317fd50bef60:99,2,circular,edge,test_id,self_only,43,-2.308505789722604,-0.11331996390341763,2.9582342218967383
100,0,47d3e5fd43f9c0f6c6654fd57652371b6cebc0bc594f3e8abe89317fd50bef60:100,0,circular,outside,test_id,self_only,43,0.6750718193395909,0.804029829113493,2.922210392650464
100,1,47d3e5fd43f9c0f6c6654fd57652371b6cebc0bc594f3e8abe89317fd50bef60:100,0,circular,outside,test_id,self_only,43,-0.8614375157014552,0.1879944868970012,4.2878976617078495
101,0,47d3e5fd43f9c0f6c6654fd57652371b6cebc0bc594f3e8abe89317fd50bef60:101,1,elliptical,edge,test_id,self_only,43,0.6102531390531835,0.18655519863844866,2.3898020564217513
101,1,47d3e5fd43f9c0f6c6654fd57652371b6cebc0bc594f3e8abe89317fd50bef60:101,1,elliptical,edge,test_id,self_only,43,-0.1936409039155665,1.0799876519131755,3.3119186193764043
102,0,47d3e5fd43f9c0f6c6654fd57652371b6cebc0bc594f3e8abe89317fd50bef60:102,0,circular,edge,test_id,self_only,43,-0.5437958402291957,0.04283022066832538,4.571005105708818
102,1,47d3e5fd43f9c0f6c6654fd57652371b6cebc0bc594f3e8abe89317fd50bef60:102,0,circular,edge,test_id,self_only,43,0.48244951537688346,0.23784840783358568,3.6983489249416364
103,0,47d3e5fd43f9c0f6c6654fd57652371b6cebc0bc594f3e8abe89317fd50bef60:103,2,circular,outside,test_id,self_only,43,2.484688027416068,2.3638318844723796,1.2242905654087204
103,1,47d3e5fd43f9c0f6c6654fd57652371b6cebc0bc594f3e8abe89317fd50bef60:103,2,circular,outside,test_id,self_only,43,1.4569094019277868,1.666915661900053,2.186813060750597
104,0,47d3e5fd43f9c0f6c6654fd57652371b6cebc0bc594f3e8abe89317fd50bef60:104,2,elliptical,inside,test_ood,self_only,43,1.3261676864965735,-1.1147077015948201,1.4821618288613756
104,1,47d3e5fd43f9c0f6c6654fd57652371b6cebc0bc594f3e8abe89317fd50bef60:104,2,elliptical,inside,test_ood,self_only,43,0.6360120015486058,-1.0424328974795247,1.2828870589938943
105,0,47d3e5fd43f9c0f6c6654fd57652371b6cebc0bc594f3e8abe89317fd50bef60:105,0,elliptical,inside,test_id,self_only,43,-0.622331277813119,0.45224977216006274,2.031192704577523
105,1,47d3e5fd43f9c0f6c6654fd57652371b6cebc0bc594f3e8abe89317fd50bef60:105,0,elliptical,inside,test_id,self_only,43,0.4229472415788946,-0.9077453545641804,3.7456176279647844
106,0,47d3e5fd43f9c0f6c6654fd57652371b6cebc0bc594f3e8abe89317fd50bef60:106,1,circular,outside,test_id,self_only,43,0.8294688897474584,0.5928733416485882,4.609372874065237
106,1,47d3e5fd43f9c0f6c6654fd57652371b6cebc0bc594f3e8abe89317fd50bef60:106,1,circular,outside,test_id,self_only,43,-0.7361599368707362,-0.03798862801610474,4.7069601285107705
107,0,47d3e5fd43f9c0f6c6654fd57652371b6cebc0bc594f3e8abe89317fd50bef60:107,1,circular,inside,test_id,self_only,43,-0.9844931525842372,0.9387370415616131,4.669279419611833
107,1,47d3e5fd43f9c0f6c6654fd57652371b6cebc0bc594f3e8abe89317fd50bef60:107,1,circular,inside,test_id,self_only,43,0.7446000414236363,0.4918687411236858,3.241924575417307
108,0,47d3e5fd43f9c0f6c6654fd57652371b6cebc0bc594f3e8abe89317fd50bef60:108,1,circular,outside,test_id,self_only,43,1.473669870410758,-0.282529317529192,3.9612982644478594
108,1,47d3e5fd43f9c0f6c6654fd57652371b6cebc0bc594f3e8abe89317fd50bef60:108,1,circular,outside,test_id,self_only,43,0.3706025617464361,0.01256751945496555,3.646003182241838
109,0,47d3e5fd43f9c0f6c6654fd57652371b6cebc0bc594f3e8abe89317fd50bef60:109,2,circular,inside,test_id,self_only,43,-2.772950903858346,0.9328862496304607,1.256940195355707
109,1,47d3e5fd43f9c0f6c6654fd57652371b6cebc0bc594f3e8abe89317fd50bef60:109,2,circular,inside,test_id,self_only,43,-2.811270729984445,1.0505697794842814,1.3538789598444128
110,0,47d3e5fd43f9c0f6c6654fd57652371b6cebc0bc594f3e8abe89317fd50bef60:110,2,elliptical,edge,test_ood,self_only,43,0.0877631293876943,1.306700713245878,3.1930494887797316
110,1,47d3e5fd43f9c0f6c6654fd57652371b6cebc0bc594f3e8abe89317fd50bef60:110,2,elliptical,edge,test_ood,self_only,43,-1.1934764547006311,1.3682129450726603,2.166970384787379
111,0,47d3e5fd43f9c0f6c6654fd57652371b6cebc0bc594f3e8abe89317fd50bef60:111,1,elliptical,outside,test_id,self_only,43,-0.6741638941423121,0.04756617477417942,4.5214258963504905
111,1,47d3e5fd43f9c0f6c6654fd57652371b6cebc0bc594f3e8abe89317fd50bef60:111,1,elliptical,outside,test_id,self_only,43,0.17811812332709404,-0.4702676467013264,5.420792516374548
112,0,47d3e5fd43f9c0f6c6654fd57652371b6cebc0bc594f3e8abe89317fd50bef60:112,1,elliptical,edge,test_id,self_only,43,-0.8527535361901942,0.4522101350712871,4.579032035830846
112,1,47d3e5fd43f9c0f6c6654fd57652371b6cebc0bc594f3e8abe89317fd50bef60:112,1,elliptical,edge,test_id,self_only,43,-1.1964745683328333,-1.05233513632535,5.783103352914122
113,0,47d3e5fd43f9c0f6c6654fd57652371b6cebc0bc594f3e8abe89317fd50bef60:113,0,elliptical,outside,test_id,self_only,43,-0.6178081197396937,-1.2158733538699056,4.3501532350606995
113,1,47d3e5fd43f9c0f6c6654fd57652371b6cebc0bc594f3e8abe89317fd50bef60:113,0,elliptical,outside,test_id,self_only,43,-2.0396068257943814,0.03987616976977344,6.105246183822524
114,0,47d3e5fd43f9c0f6c6654fd57652371b6cebc0bc594f3e8abe89317fd50bef60:114,1,elliptical,inside,test_id,self_only,43,-0.7715253991738978,0.6959123083043194,0.6962180770945131
114,1,47d3e5fd43f9c0f6c6654fd57652371b6cebc0bc594f3e8abe89317fd50bef60:114,1,elliptical,inside,test_id,self_only,43,0.2881859379156408,0.23036540230990404,0.5385151813806565
115,0,47d3e5fd43f9c0f6c6654fd57652371b6cebc0bc594f3e8abe89317fd50bef60:115,2,circular,outside,test_id,self_only,43,-2.3146808309213345,0.20728168567896837,3.170843081237065
115,1,47d3e5fd43f9c0f6c6654fd57652371b6cebc0bc594f3e8abe89317fd50bef60:115,2,circular,outside,test_id,self_only,43,-2.4422836465493862,-1.3535000018191243,1.8254873932300706
116,0,47d3e5fd43f9c0f6c6654fd57652371b6cebc0bc594f3e8abe89317fd50bef60:116,1,elliptical,outside,test_id,self_only,43,-0.716666953052682,-0.6455502442431355,3.2713253215768887
116,1,47d3e5fd43f9c0f6c6654fd57652371b6cebc0bc594f3e8abe89317fd50bef60:116,1,elliptical,outside,test_id,self_only,43,-0.5145023626939479,0.5400472351002789,3.424391360928056
117,0,47d3e5fd43f9c0f6c6654fd57652371b6cebc0bc594f3e8abe89317fd50bef60:117,0,elliptical,edge,test_id,self_only,43,-0.28392072149674324,-0.9525523714136982,5.002363039490018
117,1,47d3e5fd43f9c0f6c6654fd57652371b6cebc0bc594f3e8abe89317fd50bef60:117,0,elliptical,edge,test_id,self_only,43,0.6172510223730382,-0.5993696979594135,4.200282623784328
118,0,47d3e5fd43f9c0f6c6654fd57652371b6cebc0bc594f3e8abe89317fd50bef60:118,1,circular,inside,test_id,self_only,43,-0.9471337957040492,-0.6754410795283222,3.4185664595195204
118,1,47d3e5fd43f9c0f6c6654fd57652371b6cebc0bc594f3e8abe89317fd50bef60:118,1,circular,inside,test_id,self_only,43,-0.7823814315454188,0.016981459467420537,2.7679389466500863
119,0,47d3e5fd43f9c0f6c6654fd57652371b6cebc0bc594f3e8abe89317fd50bef60:119,2,elliptical,outside,test_ood,self_only,43,-0.7263206405297938,3.759486324398527,0.8099555990186711
119,1,47d3e5fd43f9c0f6c6654fd57652371b6cebc0bc594f3e8abe89317fd50bef60:119,2,elliptical,outside,test_ood,self_only,43,-0.0024006677524271575,2.480450279324064,1.2017387647793585
120,0,47d3e5fd43f9c0f6c6654fd57652371b6cebc0bc594f3e8abe89317fd50bef60:120,0,circular,inside,test_id,self_only,43,-0.06999398895661264,0.9908071824002361,4.573264632733581
120,1,47d3e5fd43f9c0f6c6654fd57652371b6cebc0bc594f3e8abe89317fd50bef60:120,0,circular,inside,test_id,self_only,43,-0.16142548748413948,-0.20323682645081526,3.5988450580847378
121,0,47d3e5fd43f9c0f6c6654fd57652371b6cebc0bc594f3e8abe89317fd50bef60:121,0,circular,outside,test_id,self_only,43,-0.399421201433343,-0.8893010548663044,4.14712579655295
121,1,47d3e5fd43f9c0f6c6654fd57652371b6cebc0bc594f3e8abe89317fd50bef60:121,0,circular,outside,test_id,self_only,43,-0.3888392610208216,0.32637298783541674,4.755079646260289
122,0,47d3e5fd43f9c0f6c6654fd57652371b6cebc0bc594f3e8abe89317fd50bef60:122,0,circular,edge,test_id,self_only,43,-0.980834023441476,0.4915019937443828,3.8745515501882117
122,1,47d3e5fd43f9c0f6c6654fd57652371b6cebc0bc594f3e8abe89317fd50bef60:122,0,circular,edge,test_id,self_only,43,0.6796113686903295,-0.9991028241228962,3.893648891020263
123,0,47d3e5fd43f9c0f6c6654fd57652371b6cebc0bc594f3e8abe89317fd50bef60:123,0,circular,edge,test_id,self_only,43,-0.5389558834687892,-1.7128034762453939,3.469417723963836
123,1,47d3e5fd43f9c0f6c6654fd57652371b6cebc0bc594f3e8abe89317fd50bef60:123,0,circular,edge,test_id,self_only,43,0.1202548953040418,0.7044960328030682,4.504458435106144
124,0,47d3e5fd43f9c0f6c6654fd57652371b6cebc0bc594f3e8abe89317fd50bef60:124,0,circular,outside,test_id,self_only,43,1.3237674074514685,-0.069954053254118,5.467804527312523
124,1,47d3e5fd43f9c0f6c6654fd57652371b6cebc0bc594f3e8abe89317fd50bef60:124,0,circular,outside,test_id,self_only,43,0.2522313433035192,-0.3414242497992421,4.487098939593751
125,0,47d3e5fd43f9c0f6c6654fd57652371b6cebc0bc594f3e8abe89317fd50bef60:125,2,circular,inside,test_id,self_only,43,1.5990506248815832,-0.6207849911761188,1.2932046917799127
125,1,47d3e5fd43f9c0f6c6654fd57652371b6cebc0bc594f3e8abe89317fd50bef60:125,2,circular,inside,test_id,self_only,43,0.4503015714033422,-0.0099499716770554,2.361207244958698
126,0,47d3e5fd43f9c0f6c6654fd57652371b6cebc0bc594f3e8abe89317fd50bef60:126,2,circular,edge,test_id,self_only,43,-3.1641545457498257,-1.1703259877276326,1.0022888456352868
126,1,47d3e5fd43f9c0f6c6654fd57652371b6cebc0bc594f3e8abe89317fd50bef60:126,2,circular,edge,test_id,self_only,43,-2.386379258121652,-0.27942059257744795,1.977284291531703
127,0,47d3e5fd43f9c0f6c6654fd57652371b6cebc0bc594f3e8abe89317fd50bef60:127,0,elliptical,outside,test_id,self_only,43,0.9855533676489171,-1.4271372489046956,5.200251406861646
127,1,47d3e5fd43f9c0f6c6654fd57652371b6cebc0bc594f3e8abe89317fd50bef60:127,0,elliptical,outside,test_id,self_only,43,1.1999490099294958,-0.00032906302927974973,3.9965411850421804
128,0,47d3e5fd43f9c0f6c6654fd57652371b6cebc0bc594f3e8abe89317fd50bef60:128,0,elliptical,inside,test_id,self_only,43,-0.574408070530099,1.3173215456891154,4.705745268664187
128,1,47d3e5fd43f9c0f6c6654fd57652371b6cebc0bc594f3e8abe89317fd50bef60:128,0,elliptical,inside,test_id,self_only,43,-0.13581700750748543,-0.0607180136603022,3.38535920562999
129,0,47d3e5fd43f9c0f6c6654fd57652371b6cebc0bc594f3e8abe89317fd50bef60:129,0,circular,inside,test_id,self_only,43,-1.1595997972146692,-0.11708875069140438,2.614512385768706
129,1,47d3e5fd43f9c0f6c6654fd57652371b6cebc0bc594f3e8abe89317fd50bef60:129,0,circular,inside,test_id,self_only,43,-0.8390627069131557,0.2202135988164043,3.0717667986194224
130,0,47d3e5fd43f9c0f6c6654fd57652371b6cebc0bc594f3e8abe89317fd50bef60:130,1,circular,edge,test_id,self_only,43,0.6699400978430089,-0.6399789384913349,3.7175195662624434
130,1,47d3e5fd43f9c0f6c6654fd57652371b6cebc0bc594f3e8abe89317fd50bef60:130,1,circular,edge,test_id,self_only,43,-1.6089928311959925,-0.3703030876231099,1.6367288394220432
131,0,47d3e5fd43f9c0f6c6654fd57652371b6cebc0bc594f3e8abe89317fd50bef60:131,2,circular,edge,test_id,self_only,43,2.8371841745718296,-4.1636608771395585,1.428567645231687
131,1,47d3e5fd43f9c0f6c6654fd57652371b6cebc0bc594f3e8abe89317fd50bef60:131,2,circular,edge,test_id,self_only,43,1.6528678970678625,-4.432609432132234,1.4760934767180152
132,0,47d3e5fd43f9c0f6c6654fd57652371b6cebc0bc594f3e8abe89317fd50bef60:132,2,circular,outside,test_id,self_only,43,0.04150718322833151,1.4846606322217082,3.651846112050659
132,1,47d3e5fd43f9c0f6c6654fd57652371b6cebc0bc594f3e8abe89317fd50bef60:132,2,circular,outside,test_id,self_only,43,0.8356021480902013,0.513253039925108,3.5166188432727865
133,0,47d3e5fd43f9c0f6c6654fd57652371b6cebc0bc594f3e8abe89317fd50bef60:133,2,elliptical,inside,test_ood,self_only,43,1.6306692200048742,-2.290712469012728,0.811389809279308
133,1,47d3e5fd43f9c0f6c6654fd57652371b6cebc0bc594f3e8abe89317fd50bef60:133,2,elliptical,inside,test_ood,self_only,43,1.7346138792379675,-3.384392612369051,0.528847561035183
134,0,47d3e5fd43f9c0f6c6654fd57652371b6cebc0bc594f3e8abe89317fd50bef60:134,1,elliptical,edge,test_id,self_only,43,-0.7584276361123744,0.5976733036923504,2.466794266663055
134,1,47d3e5fd43f9c0f6c6654fd57652371b6cebc0bc594f3e8abe89317fd50bef60:134,1,elliptical,edge,test_id,self_only,43,-0.8463118238107387,0.4016248055386638,2.478105120247945
135,0,47d3e5fd43f9c0f6c6654fd57652371b6cebc0bc594f3e8abe89317fd50bef60:135,1,circular,inside,test_id,self_only,43,-0.5907226962701503,-0.9166687063288593,0.3476835203156318
135,1,47d3e5fd43f9c0f6c6654fd57652371b6cebc0bc594f3e8abe89317fd50bef60:135,1,circular,inside,test_id,self_only,43,0.19767379633029075,-0.034940537751903575,1.161016285721891
136,0,47d3e5fd43f9c0f6c6654fd57652371b6cebc0bc594f3e8abe89317fd50bef60:136,2,elliptical,inside,test_ood,self_only,43,-2.655594365085763,2.025367147533903,2.0593776060059894
136,1,47d3e5fd43f9c0f6c6654fd57652371b6cebc0bc594f3e8abe89317fd50bef60:136,2,elliptical,inside,test_ood,self_only,43,-2.0111510915414517,2.0690952607083415,1.7460555871801113
137,0,47d3e5fd43f9c0f6c6654fd57652371b6cebc0bc594f3e8abe89317fd50bef60:137,0,elliptical,inside,test_id,self_only,43,-0.07903365918557077,-0.20449728587388044,3.1981515290079243
137,1,47d3e5fd43f9c0f6c6654fd57652371b6cebc0bc594f3e8abe89317fd50bef60:137,0,elliptical,inside,test_id,self_only,43,-0.14878763386170296,1.2952631779599284,3.1275955073292385
138,0,47d3e5fd43f9c0f6c6654fd57652371b6cebc0bc594f3e8abe89317fd50bef60:138,1,elliptical,inside,test_id,self_only,43,1.2466471033438025,-0.21786727824925428,1.4000384939753752
138,1,47d3e5fd43f9c0f6c6654fd57652371b6cebc0bc594f3e8abe89317fd50bef60:138,1,elliptical,inside,test_id,self_only,43,-0.798496262516183,-1.2139018706393148,3.1200762529932797
139,0,47d3e5fd43f9c0f6c6654fd57652371b6cebc0bc594f3e8abe89317fd50bef60:139,1,circular,outside,test_id,self_only,43,-0.4664207858697596,0.5359805890011883,3.873461860424193
139,1,47d3e5fd43f9c0f6c6654fd57652371b6cebc0bc594f3e8abe89317fd50bef60:139,1,circular,outside,test_id,self_only,43,0.6603944735868749,1.66979039391757,4.6091013928531295
140,0,47d3e5fd43f9c0f6c6654fd57652371b6cebc0bc594f3e8abe89317fd50bef60:140,2,elliptical,edge,test_ood,self_only,43,0.7007890777929601,1.3222380944180583,3.1351204972064686
140,1,47d3e5fd43f9c0f6c6654fd57652371b6cebc0bc594f3e8abe89317fd50bef60:140,2,elliptical,edge,test_ood,self_only,43,0.4496823089464483,0.9077172943043804,3.074343517691722
141,0,47d3e5fd43f9c0f6c6654fd57652371b6cebc0bc594f3e8abe89317fd50bef60:141,2,elliptical,outside,test_ood,self_only,43,-2.567670361484689,-0.9217793873858356,2.710460734114674
141,1,47d3e5fd43f9c0f6c6654fd57652371b6cebc0bc594f3e8abe89317fd50bef60:141,2,elliptical,outside,test_ood,self_only,43,-2.650529877628488,-1.9059761694979573,1.9822291652294264
142,0,47d3e5fd43f9c0f6c6654fd57652371b6cebc0bc594f3e8abe89317fd50bef60:142,1,circular,edge,test_id,self_only,43,0.4978505807264623,0.4823660918164348,2.7657478927743804
142,1,47d3e5fd43f9c0f6c6654fd57652371b6cebc0bc594f3e8abe89317fd50bef60:142,1,circular,edge,test_id,self_only,43,0.8154965477331456,-1.5021992854189778,4.733808991375959
143,0,47d3e5fd43f9c0f6c6654fd57652371b6cebc0bc594f3e8abe89317fd50bef60:143,0,elliptical,edge,test_id,self_only,43,0.5838511424406346,1.0644148655819987,4.707541928725412
143,1,47d3e5fd43f9c0f6c6654fd57652371b6cebc0bc594f3e8abe89317fd50bef60:143,0,elliptical,edge,test_id,self_only,43,-0.6551749272004787,-0.7556475333285236,4.254363376202849
144,0,47d3e5fd43f9c0f6c6654fd57652371b6cebc0bc594f3e8abe89317fd50bef60:144,2,circular,outside,test_id,self_only,43,-0.8777412337915126,0.8940276571202374,2.877657720758675
144,1,47d3e5fd43f9c0f6c6654fd57652371b6cebc0bc594f3e8abe89317fd50bef60:144,2,circular,outside,test_id,self_only,43,-1.441380040134591,-0.22143203833817487,2.9775693976194018
145,0,47d3e5fd43f9c0f6c6654fd57652371b6cebc0bc594f3e8abe89317fd50bef60:145,0,circular,inside,test_id,self_only,43,0.32664011291106315,-0.6381153396677876,1.8465468518647787
145,1,47d3e5fd43f9c0f6c6654fd57652371b6cebc0bc594f3e8abe89317fd50bef60:145,0,circular,inside,test_id,self_only,43,0.7085680799825963,-0.2546515695166493,1.3073201243268389
146,0,47d3e5fd43f9c0f6c6654fd57652371b6cebc0bc594f3e8abe89317fd50bef60:146,1,circular,edge,test_id,self_only,43,1.0787567930563269,-0.8805481127810383,1.971470063677077
146,1,47d3e5fd43f9c0f6c6654fd57652371b6cebc0bc594f3e8abe89317fd50bef60:146,1,circular,edge,test_id,self_only,43,0.4825833576067266,-0.5964219502520466,2.522373087783516
147,0,47d3e5fd43f9c0f6c6654fd57652371b6cebc0bc594f3e8abe89317fd50bef60:147,0,elliptical,inside,test_id,self_only,43,1.6583216028555212,-0.6542380384516621,2.4126915891609135
147,1,47d3e5fd43f9c0f6c6654fd57652371b6cebc0bc594f3e8abe89317fd50bef60:147,0,elliptical,inside,test_id,self_only,43,-1.4415307206765833,0.6998001404690838,3.6205582649540933
148,0,47d3e5fd43f9c0f6c6654fd57652371b6cebc0bc594f3e8abe89317fd50bef60:148,0,elliptical,edge,test_id,self_only,43,0.7083879547460851,-0.377748542220583,3.4141161545670506
148,1,47d3e5fd43f9c0f6c6654fd57652371b6cebc0bc594f3e8abe89317fd50bef60:148,0,elliptical,edge,test_id,self_only,43,-0.5129225415841762,0.20733284136534685,3.3493616470460923
149,0,47d3e5fd43f9c0f6c6654fd57652371b6cebc0bc594f3e8abe89317fd50bef60:149,0,elliptical,inside,test_id,self_only,43,-1.4910371465341272,1.224421627132902,4.204635754447552
149,1,47d3e5fd43f9c0f6c6654fd57652371b6cebc0bc594f3e8abe89317fd50bef60:149,0,elliptical,inside,test_id,self_only,43,0.30756659678061576,0.5382820435452557,2.6552410305439906
150,0,47d3e5fd43f9c0f6c6654fd57652371b6cebc0bc594f3e8abe89317fd50bef60:150,2,circular,outside,test_id,self_only,43,-1.3712299031869593,-0.5710242322993183,3.1599777052390325
150,1,47d3e5fd43f9c0f6c6654fd57652371b6cebc0bc594f3e8abe89317fd50bef60:150,2,circular,outside,test_id,self_only,43,-0.829291955913705,-1.5378664664339925,2.713076641511523
151,0,47d3e5fd43f9c0f6c6654fd57652371b6cebc0bc594f3e8abe89317fd50bef60:151,1,elliptical,outside,test_id,self_only,43,0.3169834153993902,-1.001523070724001,2.7243176148867163
151,1,47d3e5fd43f9c0f6c6654fd57652371b6cebc0bc594f3e8abe89317fd50bef60:151,1,elliptical,outside,test_id,self_only,43,-0.16187386342446236,0.8168160983014202,4.59431145503232
152,0,47d3e5fd43f9c0f6c6654fd57652371b6cebc0bc594f3e8abe89317fd50bef60:152,1,elliptical,outside,test_id,self_only,43,-1.5262450141565027,-0.47695969858883863,4.436505753086913
152,1,47d3e5fd43f9c0f6c6654fd57652371b6cebc0bc594f3e8abe89317fd50bef60:152,1,elliptical,outside,test_id,self_only,43,-0.11038287111679941,0.06309352001429554,3.644912707273813
153,0,47d3e5fd43f9c0f6c6654fd57652371b6cebc0bc594f3e8abe89317fd50bef60:153,0,circular,edge,test_id,self_only,43,1.2027920322759924,-0.7944036058497334,3.8688630917584463
153,1,47d3e5fd43f9c0f6c6654fd57652371b6cebc0bc594f3e8abe89317fd50bef60:153,0,circular,edge,test_id,self_only,43,-0.31485803553025155,0.8312941857266521,2.298768490909106
154,0,47d3e5fd43f9c0f6c6654fd57652371b6cebc0bc594f3e8abe89317fd50bef60:154,0,elliptical,outside,test_id,self_only,43,-0.8713379068032924,0.8898128338742352,3.0226476006851977
154,1,47d3e5fd43f9c0f6c6654fd57652371b6cebc0bc594f3e8abe89317fd50bef60:154,0,elliptical,outside,test_id,self_only,43,0.24509625009139152,0.9224374361920452,4.086105292968498
155,0,47d3e5fd43f9c0f6c6654fd57652371b6cebc0bc594f3e8abe89317fd50bef60:155,1,circular,inside,test_id,self_only,43,0.1977080540998754,-0.000474241317501109,3.0157700813627257
155,1,47d3e5fd43f9c0f6c6654fd57652371b6cebc0bc594f3e8abe89317fd50bef60:155,1,circular,inside,test_id,self_only,43,0.009124650274115506,1.2094246216702556,4.076864547911049
156,0,47d3e5fd43f9c0f6c6654fd57652371b6cebc0bc594f3e8abe89317fd50bef60:156,1,elliptical,edge,test_id,self_only,43,1.2093949156149206,-0.5176727704119587,4.268378389709083
156,1,47d3e5fd43f9c0f6c6654fd57652371b6cebc0bc594f3e8abe89317fd50bef60:156,1,elliptical,edge,test_id,self_only,43,-0.5760032696382228,0.9817398854184246,3.277901704604929
157,0,47d3e5fd43f9c0f6c6654fd57652371b6cebc0bc594f3e8abe89317fd50bef60:157,1,circular,outside,test_id,self_only,43,0.43081937602599235,1.409757024853239,4.822274948794116
157,1,47d3e5fd43f9c0f6c6654fd57652371b6cebc0bc594f3e8abe89317fd50bef60:157,1,circular,outside,test_id,self_only,43,-0.9166109127656642,0.6093422242093182,3.2851612310134803
158,0,47d3e5fd43f9c0f6c6654fd57652371b6cebc0bc594f3e8abe89317fd50bef60:158,1,elliptical,inside,test_id,self_only,43,-0.8279766006128016,-0.37164615908383375,2.248225384224643
158,1,47d3e5fd43f9c0f6c6654fd57652371b6cebc0bc594f3e8abe89317fd50bef60:158,1,elliptical,inside,test_id,self_only,43,-0.25186519452492623,0.4907826252865886,1.5706712552965072
159,0,47d3e5fd43f9c0f6c6654fd57652371b6cebc0bc594f3e8abe89317fd50bef60:159,0,circular,inside,test_id,self_only,43,0.5136372583254155,0.5818383761334515,1.4775733716598431
159,1,47d3e5fd43f9c0f6c6654fd57652371b6cebc0bc594f3e8abe89317fd50bef60:159,0,circular,inside,test_id,self_only,43,-0.10254393645684153,-0.12015228787182812,2.382359563355703
160,0,47d3e5fd43f9c0f6c6654fd57652371b6cebc0bc594f3e8abe89317fd50bef60:160,1,elliptical,inside,test_id,self_only,43,-1.381039397205514,-0.09367993542670254,0.5605463905151425
160,1,47d3e5fd43f9c0f6c6654fd57652371b6cebc0bc594f3e8abe89317fd50bef60:160,1,elliptical,inside,test_id,self_only,43,0.03118724993308157,-0.8451734713625813,2.0817465687893506
161,0,47d3e5fd43f9c0f6c6654fd57652371b6cebc0bc594f3e8abe89317fd50bef60:161,2,elliptical,inside,test_ood,self_only,43,2.0111287670477207,0.24453709205866808,0.9825820435738271
161,1,47d3e5fd43f9c0f6c6654fd57652371b6cebc0bc594f3e8abe89317fd50bef60:161,2,elliptical,inside,test_ood,self_only,43,0.8368629055364903,-0.6421166590762043,2.453953645883164
162,0,47d3e5fd43f9c0f6c6654fd57652371b6cebc0bc594f3e8abe89317fd50bef60:162,2,elliptical,edge,test_ood,self_only,43,-2.3963971299783413,-2.7515851191592122,0.3963560395600426
162,1,47d3e5fd43f9c0f6c6654fd57652371b6cebc0bc594f3e8abe89317fd50bef60:162,2,elliptical,edge,test_ood,self_only,43,-1.734562413181466,-3.0689071349215413,0.9731271719277513
163,0,47d3e5fd43f9c0f6c6654fd57652371b6cebc0bc594f3e8abe89317fd50bef60:163,0,circular,edge,test_id,self_only,43,-1.3617470426217737,-0.48544719138859754,3.5112841630195666
163,1,47d3e5fd43f9c0f6c6654fd57652371b6cebc0bc594f3e8abe89317fd50bef60:163,0,circular,edge,test_id,self_only,43,-0.7506367129937831,0.41458279570818896,2.7853672632544635
164,0,47d3e5fd43f9c0f6c6654fd57652371b6cebc0bc594f3e8abe89317fd50bef60:164,2,elliptical,outside,test_ood,self_only,43,-0.7397478384629909,-0.2736221186232472,2.9499497503859065
164,1,47d3e5fd43f9c0f6c6654fd57652371b6cebc0bc594f3e8abe89317fd50bef60:164,2,elliptical,outside,test_ood,self_only,43,-2.0504686994210903,0.6516047783780193,1.3826898936784326
165,0,47d3e5fd43f9c0f6c6654fd57652371b6cebc0bc594f3e8abe89317fd50bef60:165,0,elliptical,edge,test_id,self_only,43,-0.20578433700959115,-0.3532916239809895,4.522184154667577
165,1,47d3e5fd43f9c0f6c6654fd57652371b6cebc0bc594f3e8abe89317fd50bef60:165,0,elliptical,edge,test_id,self_only,43,0.1699002372368154,-1.4589921168398763,5.191303046152105
166,0,47d3e5fd43f9c0f6c6654fd57652371b6cebc0bc594f3e8abe89317fd50bef60:166,2,circular,inside,test_id,self_only,43,1.4749560194357214,0.2681142755436992,2.165317304161633
166,1,47d3e5fd43f9c0f6c6654fd57652371b6cebc0bc594f3e8abe89317fd50bef60:166,2,circular,inside,test_id,self_only,43,1.3072643118246374,1.4690755673337077,1.3383610741892784
167,0,47d3e5fd43f9c0f6c6654fd57652371b6cebc0bc594f3e8abe89317fd50bef60:167,2,circular,edge,test_id,self_only,43,-3.66750504204194,-1.1537619761538411,0.8322996407579609
167,1,47d3e5fd43f9c0f6c6654fd57652371b6cebc0bc594f3e8abe89317fd50bef60:167,2,circular,edge,test_id,self_only,43,-3.905854718174142,-0.17427831211804395,1.0262636078942715
168,0,47d3e5fd43f9c0f6c6654fd57652371b6cebc0bc594f3e8abe89317fd50bef60:168,1,circular,outside,test_id,self_only,43,0.4071397619589147,-0.20091385462998396,3.1105415691837406
168,1,47d3e5fd43f9c0f6c6654fd57652371b6cebc0bc594f3e8abe89317fd50bef60:168,1,circular,outside,test_id,self_only,43,0.07231852284510702,1.802720434277067,3.6071368209717445
169,0,47d3e5fd43f9c0f6c6654fd57652371b6cebc0bc594f3e8abe89317fd50bef60:169,0,circular,outside,test_id,self_only,43,0.7507524328573522,0.44325382193804735,4.385798553568921
169,1,47d3e5fd43f9c0f6c6654fd57652371b6cebc0bc594f3e8abe89317fd50bef60:169,0,circular,outside,test_id,self_only,43,-0.5180889529840175,-0.647144966514101,2.9968480166912843
170,0,47d3e5fd43f9c0f6c6654fd57652371b6cebc0bc594f3e8abe89317fd50bef60:170,1,circular,inside,test_id,self_only,43,0.6794493036611852,-0.509471022279253,3.0523355993341177
170,1,47d3e5fd43f9c0f6c6654fd57652371b6cebc0bc594f3e8abe89317fd50bef60:170,1,circular,inside,test_id,self_only,43,-1.62212933727662,-1.5793818167757894,2.2393384133867382
171,0,47d3e5fd43f9c0f6c6654fd57652371b6cebc0bc594f3e8abe89317fd50bef60:171,2,circular,edge,test_id,self_only,43,-1.7047381562844934,-0.8382115892481709,2.3819779808092796
171,1,47d3e5fd43f9c0f6c6654fd57652371b6cebc0bc594f3e8abe89317fd50bef60:171,2,circular,edge,test_id,self_only,43,-1.8023195428506555,0.5095510550427532,3.554637952066132
172,0,47d3e5fd43f9c0f6c6654fd57652371b6cebc0bc594f3e8abe89317fd50bef60:172,0,elliptical,outside,test_id,self_only,43,-0.40296198555390267,0.8890521593976116,3.9696305230449482
172,1,47d3e5fd43f9c0f6c6654fd57652371b6cebc0bc594f3e8abe89317fd50bef60:172,0,elliptical,outside,test_id,self_only,43,-0.18728323408524422,-0.8944756917071247,5.34380191218041
173,0,47d3e5fd43f9c0f6c6654fd57652371b6cebc0bc594f3e8abe89317fd50bef60:173,2,elliptical,inside,test_ood,self_only,43,0.3081773953779516,1.3784962960171794,1.3147552054610157
173,1,47d3e5fd43f9c0f6c6654fd57652371b6cebc0bc594f3e8abe89317fd50bef60:173,2,elliptical,inside,test_ood,self_only,43,-1.0826112193719568,1.2489682503628825,0.8862337970780046
174,0,47d3e5fd43f9c0f6c6654fd57652371b6cebc0bc594f3e8abe89317fd50bef60:174,2,elliptical,outside,test_ood,self_only,43,-1.2862157983438196,-1.7304602793764974,2.8950024498988802
174,1,47d3e5fd43f9c0f6c6654fd57652371b6cebc0bc594f3e8abe89317fd50bef60:174,2,elliptical,outside,test_ood,self_only,43,-0.6268254084245387,-1.8917726210665609,3.4765327787329983
175,0,47d3e5fd43f9c0f6c6654fd57652371b6cebc0bc594f3e8abe89317fd50bef60:175,2,elliptical,edge,test_ood,self_only,43,-0.8490559024469081,1.6705970831799601,3.858923889812763
175,1,47d3e5fd43f9c0f6c6654fd57652371b6cebc0bc594f3e8abe89317fd50bef60:175,2,elliptical,edge,test_ood,self_only,43,1.1226178245886145,1.1855410405087565,2.025698988096238
176,0,47d3e5fd43f9c0f6c6654fd57652371b6cebc0bc594f3e8abe89317fd50bef60:176,2,circular,inside,test_id,self_only,43,-1.409089819873971,2.177048570721159,1.2773754224419729
176,1,47d3e5fd43f9c0f6c6654fd57652371b6cebc0bc594f3e8abe89317fd50bef60:176,2,circular,inside,test_id,self_only,43,-0.8406672043458644,2.055152065365324,1.8429030280879035
177,0,47d3e5fd43f9c0f6c6654fd57652371b6cebc0bc594f3e8abe89317fd50bef60:177,1,circular,edge,test_id,self_only,43,-0.31781678029457955,0.4505122371602153,4.354294637662406
177,1,47d3e5fd43f9c0f6c6654fd57652371b6cebc0bc594f3e8abe89317fd50bef60:177,1,circular,edge,test_id,self_only,43,-0.3129204971448603,-0.09890635380267147,4.016296656745728
178,0,47d3e5fd43f9c0f6c6654fd57652371b6cebc0bc594f3e8abe89317fd50bef60:178,1,elliptical,edge,test_id,self_only,43,-0.9383241099969569,1.3843153782773112,2.8101253766116314
178,1,47d3e5fd43f9c0f6c6654fd57652371b6cebc0bc594f3e8abe89317fd50bef60:178,1,elliptical,edge,test_id,self_only,43,0.6638917761190709,0.6841062971043682,2.418504663030825
179,0,47d3e5fd43f9c0f6c6654fd57652371b6cebc0bc594f3e8abe89317fd50bef60:179,0,circular,outside,test_id,self_only,43,-0.048327909197014865,-0.9287807873797321,3.0623851962338504
179,1,47d3e5fd43f9c0f6c6654fd57652371b6cebc0bc594f3e8abe89317fd50bef60:179,0,circular,outside,test_id,self_only,43,0.045947066162424985,-0.34075658837079054,3.6276275487276934
180,0,47d3e5fd43f9c0f6c6654fd57652371b6cebc0bc594f3e8abe89317fd50bef60:180,2,elliptical,inside,test_ood,self_only,43,-2.9695549173013394,-2.3712707690310384,2.2657810450475933
180,1,47d3e5fd43f9c0f6c6654fd57652371b6cebc0bc594f3e8abe89317fd50bef60:180,2,elliptical,inside,test_ood,self_only,43,-1.859571473087472,-1.5549741915774251,1.3527717470160858
181,0,47d3e5fd43f9c0f6c6654fd57652371b6cebc0bc594f3e8abe89317fd50bef60:181,0,circular,inside,test_id,self_only,43,0.28927498928149314,1.2586712904858683,3.610104020940822
181,1,47d3e5fd43f9c0f6c6654fd57652371b6cebc0bc594f3e8abe89317fd50bef60:181,0,circular,inside,test_id,self_only,43,-0.9027013344422999,-0.10139450499533657,3.2550506147733893
182,0,47d3e5fd43f9c0f6c6654fd57652371b6cebc0bc594f3e8abe89317fd50bef60:182,2,elliptical,edge,test_ood,self_only,43,0.4657020705087957,-5.526316039950838,2.5404021926650295
182,1,47d3e5fd43f9c0f6c6654fd57652371b6cebc0bc594f3e8abe89317fd50bef60:182,2,elliptical,edge,test_ood,self_only,43,0.6772029238088902,-4.911644332797517,1.9706580835321534
183,0,47d3e5fd43f9c0f6c6654fd57652371b6cebc0bc594f3e8abe89317fd50bef60:183,2,elliptical,outside,test_ood,self_only,43,-0.6725184483186427,-0.9083611897539997,3.5666833155286746
183,1,47d3e5fd43f9c0f6c6654fd57652371b6cebc0bc594f3e8abe89317fd50bef60:183,2,elliptical,outside,test_ood,self_only,43,0.69496951869567,-1.1295573643755819,4.266447719757856
184,0,47d3e5fd43f9c0f6c6654fd57652371b6cebc0bc594f3e8abe89317fd50bef60:184,0,elliptical,outside,test_id,self_only,43,-1.184933440174264,0.4705114432263469,3.3107467949566614
184,1,47d3e5fd43f9c0f6c6654fd57652371b6cebc0bc594f3e8abe89317fd50bef60:184,0,elliptical,outside,test_id,self_only,43,-1.0293098849908533,-0.5022514096808338,4.2325396763584555
185,0,47d3e5fd43f9c0f6c6654fd57652371b6cebc0bc594f3e8abe89317fd50bef60:185,2,circular,edge,test_id,self_only,43,1.855402572666007,-1.1630703143191243,1.6596929153899842
185,1,47d3e5fd43f9c0f6c6654fd57652371b6cebc0bc594f3e8abe89317fd50bef60:185,2,circular,edge,test_id,self_only,43,0.6831720309599217,0.270110047667036,2.328346849917499
186,0,47d3e5fd43f9c0f6c6654fd57652371b6cebc0bc594f3e8abe89317fd50bef60:186,2,circular,edge,test_id,self_only,43,-3.7651181382791226,-2.3894177607607747,1.2339141932134012
186,1,47d3e5fd43f9c0f6c6654fd57652371b6cebc0bc594f3e8abe89317fd50bef60:186,2,circular,edge,test_id,self_only,43,-2.544810549701852,-1.2133231095385457,1.7928004618475941
187,0,47d3e5fd43f9c0f6c6654fd57652371b6cebc0bc594f3e8abe89317fd50bef60:187,2,circular,outside,test_id,self_only,43,1.429481490169364,2.457397825329313,0.9819497674995908
187,1,47d3e5fd43f9c0f6c6654fd57652371b6cebc0bc594f3e8abe89317fd50bef60:187,2,circular,outside,test_id,self_only,43,1.057295187030631,2.7115138836789225,0.5963681248916811
188,0,47d3e5fd43f9c0f6c6654fd57652371b6cebc0bc594f3e8abe89317fd50bef60:188,0,circular,inside,test_id,self_only,43,0.8331027465208348,1.1904496022152995,3.717196781608219
188,1,47d3e5fd43f9c0f6c6654fd57652371b6cebc0bc594f3e8abe89317fd50bef60:188,0,circular,inside,test_id,self_only,43,-0.06053473183075815,0.2822819419789409,2.5682172634442066
189,0,47d3e5fd43f9c0f6c6654fd57652371b6cebc0bc594f3e8abe89317fd50bef60:189,0,elliptical,edge,test_id,self_only,43,-0.12658886739174752,-0.041088155226101916,3.749915523609164
189,1,47d3e5fd43f9c0f6c6654fd57652371b6cebc0bc594f3e8abe89317fd50bef60:189,0,elliptical,edge,test_id,self_only,43,0.4724498825414953,1.4817974635052775,3.583835544691766
190,0,47d3e5fd43f9c0f6c6654fd57652371b6cebc0bc594f3e8abe89317fd50bef60:190,1,circular,outside,test_id,self_only,43,1.096823676143485,0.26502338728190417,3.7633311656106083
190,1,47d3e5fd43f9c0f6c6654fd57652371b6cebc0bc594f3e8abe89317fd50bef60:190,1,circular,outside,test_id,self_only,43,1.856608136211234,0.3402724333691692,3.5979655997641427
191,0,47d3e5fd43f9c0f6c6654fd57652371b6cebc0bc594f3e8abe89317fd50bef60:191,2,circular,outside,test_id,self_only,43,-1.1113102597848596,-0.7603595189165974,2.877548765591402
191,1,47d3e5fd43f9c0f6c6654fd57652371b6cebc0bc594f3e8abe89317fd50bef60:191,2,circular,outside,test_id,self_only,43,-0.9977681798593226,0.18403730472804064,3.7798288646077247
192,0,47d3e5fd43f9c0f6c6654fd57652371b6cebc0bc594f3e8abe89317fd50bef60:192,2,circular,inside,test_id,self_only,43,-1.940513388599557,0.3755427070546245,1.2324900646291879
192,1,47d3e5fd43f9c0f6c6654fd57652371b6cebc0bc594f3e8abe89317fd50bef60:192,2,circular,inside,test_id,self_only,43,-1.7522466344491663,2.3512560196805095,1.357850757141353
193,0,47d3e5fd43f9c0f6c6654fd57652371b6cebc0bc594f3e8abe89317fd50bef60:193,0,elliptical,inside,test_id,self_only,43,0.3342846768244085,-0.009685762913217585,3.4997020507209458
193,1,47d3e5fd43f9c0f6c6654fd57652371b6cebc0bc594f3e8abe89317fd50bef60:193,0,elliptical,inside,test_id,self_only,43,-1.5591855210916223,-0.7292813591074848,3.374011494227752
194,0,47d3e5fd43f9c0f6c6654fd57652371b6cebc0bc594f3e8abe89317fd50bef60:194,1,elliptical,outside,test_id,self_only,43,-0.9004271192208949,-1.7333443097185994,2.4000644614513553
194,1,47d3e5fd43f9c0f6c6654fd57652371b6cebc0bc594f3e8abe89317fd50bef60:194,1,elliptical,outside,test_id,self_only,43,1.7872145014150915,-0.3372727862906361,5.2914235665789215
195,0,47d3e5fd43f9c0f6c6654fd57652371b6cebc0bc594f3e8abe89317fd50bef60:195,1,circular,inside,test_id,self_only,43,0.36428306869109245,1.3445930548596476,1.6343082055084526
195,1,47d3e5fd43f9c0f6c6654fd57652371b6cebc0bc594f3e8abe89317fd50bef60:195,1,circular,inside,test_id,self_only,43,0.6687089043005284,0.771621472446928,1.4656963084479415
196,0,47d3e5fd43f9c0f6c6654fd57652371b6cebc0bc594f3e8abe89317fd50bef60:196,0,circular,outside,test_id,self_only,43,0.19946195057471366,0.5104705758977032,3.8100011116475065
196,1,47d3e5fd43f9c0f6c6654fd57652371b6cebc0bc594f3e8abe89317fd50bef60:196,0,circular,outside,test_id,self_only,43,-1.1558849973336878,0.7754550643849468,2.922377857070359
197,0,47d3e5fd43f9c0f6c6654fd57652371b6cebc0bc594f3e8abe89317fd50bef60:197,2,circular,inside,test_id,self_only,43,0.06065444520552725,-0.9050332836222553,3.2984448034866487
197,1,47d3e5fd43f9c0f6c6654fd57652371b6cebc0bc594f3e8abe89317fd50bef60:197,2,circular,inside,test_id,self_only,43,-1.639542118992013,-1.7468175820422078,1.4046552711531795
198,0,47d3e5fd43f9c0f6c6654fd57652371b6cebc0bc594f3e8abe89317fd50bef60:198,0,elliptical,outside,test_id,self_only,43,-0.06317044922272592,0.3672092028546428,3.184589693645132
198,1,47d3e5fd43f9c0f6c6654fd57652371b6cebc0bc594f3e8abe89317fd50bef60:198,0,elliptical,outside,test_id,self_only,43,-0.8525767488137904,-0.4548377327036763,3.8792708732728483
199,0,47d3e5fd43f9c0f6c6654fd57652371b6cebc0bc594f3e8abe89317fd50bef60:199,1,circular,edge,test_id,self_only,43,1.334913595233756,0.5977753468442059,2.8088642587770045
199,1,47d3e5fd43f9c0f6c6654fd57652371b6cebc0bc594f3e8abe89317fd50bef60:199,1,circular,edge,test_id,self_only,43,1.1751139002188025,-0.5537717274737263,3.9037292943070216
200,0,47d3e5fd43f9c0f6c6654fd57652371b6cebc0bc594f3e8abe89317fd50bef60:200,0,circular,edge,test_id,self_only,43,-0.3488898439065638,1.0956914492535685,4.27283095204452
200,1,47d3e5fd43f9c0f6c6654fd57652371b6cebc0bc594f3e8abe89317fd50bef60:200,0,circular,edge,test_id,self_only,43,0.36086456349928947,-0.28796505251645094,2.7591622877985933
201,0,47d3e5fd43f9c0f6c6654fd57652371b6cebc0bc594f3e8abe89317fd50bef60:201,1,circular,inside,test_id,self_only,43,-1.0413961572305384,0.02465240588665958,3.9479697026053193
201,1,47d3e5fd43f9c0f6c6654fd57652371b6cebc0bc594f3e8abe89317fd50bef60:201,1,circular,inside,test_id,self_only,43,-1.2221141023294153,0.8414088555264568,4.69355205933385
202,0,47d3e5fd43f9c0f6c6654fd57652371b6cebc0bc594f3e8abe89317fd50bef60:202,1,elliptical,edge,test_id,self_only,43,1.6161134081228552,-0.2118966958832646,3.4015712263058795
202,1,47d3e5fd43f9c0f6c6654fd57652371b6cebc0bc594f3e8abe89317fd50bef60:202,1,elliptical,edge,test_id,self_only,43,-0.07776077219406992,-0.378511094243517,4.396844465368891
203,0,47d3e5fd43f9c0f6c6654fd57652371b6cebc0bc594f3e8abe89317fd50bef60:203,2,elliptical,outside,test_ood,self_only,43,-0.16377134748856453,-0.9121874503207111,3.4544515978969574
203,1,47d3e5fd43f9c0f6c6654fd57652371b6cebc0bc594f3e8abe89317fd50bef60:203,2,elliptical,outside,test_ood,self_only,43,-1.3833898467675867,-0.3174337975096608,2.1729716448025926
204,0,47d3e5fd43f9c0f6c6654fd57652371b6cebc0bc594f3e8abe89317fd50bef60:204,2,elliptical,edge,test_ood,self_only,43,-0.47179730364243416,0.5473628111767864,3.003033655811864
204,1,47d3e5fd43f9c0f6c6654fd57652371b6cebc0bc594f3e8abe89317fd50bef60:204,2,elliptical,edge,test_ood,self_only,43,-0.40314777323166756,1.2592967816281413,2.5050871434853805
205,0,47d3e5fd43f9c0f6c6654fd57652371b6cebc0bc594f3e8abe89317fd50bef60:205,1,elliptical,inside,test_id,self_only,43,-0.536430136646432,1.6075588532376384,3.2098880756818056
205,1,47d3e5fd43f9c0f6c6654fd57652371b6cebc0bc594f3e8abe89317fd50bef60:205,1,elliptical,inside,test_id,self_only,43,-1.3812229795114221,-0.20167075911282545,2.366102063883086
206,0,47d3e5fd43f9c0f6c6654fd57652371b6cebc0bc594f3e8abe89317fd50bef60:206,1,circular,outside,test_id,self_only,43,0.648258252654868,1.461343652813444,4.678479678695829
206,1,47d3e5fd43f9c0f6c6654fd57652371b6cebc0bc594f3e8abe89317fd50bef60:206,1,circular,outside,test_id,self_only,43,-0.6493550700799647,-0.25111579218625074,4.7225826049624615
207,0,47d3e5fd43f9c0f6c6654fd57652371b6cebc0bc594f3e8abe89317fd50bef60:207,0,elliptical,edge,test_id,self_only,43,-0.9579175872461024,-0.2717552862477208,3.61225420950667
207,1,47d3e5fd43f9c0f6c6654fd57652371b6cebc0bc594f3e8abe89317fd50bef60:207,0,elliptical,edge,test_id,self_only,43,0.3875303106649694,2.078108913509855,0.9403814229610937
208,0,47d3e5fd43f9c0f6c6654fd57652371b6cebc0bc594f3e8abe89317fd50bef60:208,0,circular,outside,test_id,self_only,43,0.5195083456381139,0.0650414072561359,3.7201905062346303
208,1,47d3e5fd43f9c0f6c6654fd57652371b6cebc0bc594f3e8abe89317fd50bef60:208,0,circular,outside,test_id,self_only,43,0.01500441006262869,-0.25049086728810316,4.239080484220377
209,0,47d3e5fd43f9c0f6c6654fd57652371b6cebc0bc594f3e8abe89317fd50bef60:209,0,circular,edge,test_id,self_only,43,0.866025074039298,-0.0966332040142918,3.163313556087846
209,1,47d3e5fd43f9c0f6c6654fd57652371b6cebc0bc594f3e8abe89317fd50bef60:209,0,circular,edge,test_id,self_only,43,-1.0100429219857874,-0.9798324040484333,4.1655664540563935
210,0,47d3e5fd43f9c0f6c6654fd57652371b6cebc0bc594f3e8abe89317fd50bef60:210,0,elliptical,inside,test_id,self_only,43,-0.5625863237039271,0.175323910324583,2.536226911998015
210,1,47d3e5fd43f9c0f6c6654fd57652371b6cebc0bc594f3e8abe89317fd50bef60:210,0,elliptical,inside,test_id,self_only,43,0.33421964815695854,-0.30661710420369154,2.4278257606996183
211,0,47d3e5fd43f9c0f6c6654fd57652371b6cebc0bc594f3e8abe89317fd50bef60:211,1,elliptical,edge,test_id,self_only,43,0.1761663245304403,-0.9793546132159138,3.3865783864704535
211,1,47d3e5fd43f9c0f6c6654fd57652371b6cebc0bc594f3e8abe89317fd50bef60:211,1,elliptical,edge,test_id,self_only,43,-0.6848015947000209,-0.5959634713244343,2.4468266133105434
212,0,47d3e5fd43f9c0f6c6654fd57652371b6cebc0bc594f3e8abe89317fd50bef60:212,1,circular,edge,test_id,self_only,43,0.8463811116560277,-0.41592108526944166,2.5845373402054213
212,1,47d3e5fd43f9c0f6c6654fd57652371b6cebc0bc594f3e8abe89317fd50bef60:212,1,circular,edge,test_id,self_only,43,-1.3404330176965418,-0.5798313550066853,3.2293726559263485
213,0,47d3e5fd43f9c0f6c6654fd57652371b6cebc0bc594f3e8abe89317fd50bef60:213,1,elliptical,outside,test_id,self_only,43,-1.11863435932557,0.47419357976199145,3.28083881920267
213,1,47d3e5fd43f9c0f6c6654fd57652371b6cebc0bc594f3e8abe89317fd50bef60:213,1,elliptical,outside,test_id,self_only,43,0.8253551559789952,0.06980572572232242,4.669616406570753
214,0,47d3e5fd43f9c0f6c6654fd57652371b6cebc0bc594f3e8abe89317fd50bef60:214,1,elliptical,inside,test_id,self_only,43,0.23467178515036674,-0.10877877542494778,0.012276615578217336
214,1,47d3e5fd43f9c0f6c6654fd57652371b6cebc0bc594f3e8abe89317fd50bef60:214,1,elliptical,inside,test_id,self_only,43,0.07766733935912222,0.07842129400254245,0.2527312670264196
215,0,47d3e5fd43f9c0f6c6654fd57652371b6cebc0bc594f3e8abe89317fd50bef60:215,2,elliptical,inside,test_ood,self_only,43,0.9142916040762242,3.094097740261564,0.21494587231715817
215,1,47d3e5fd43f9c0f6c6654fd57652371b6cebc0bc594f3e8abe89317fd50bef60:215,2,elliptical,inside,test_ood,self_only,43,1.1211008863790808,2.9506045647549723,0.16341765766996683
216,0,47d3e5fd43f9c0f6c6654fd57652371b6cebc0bc594f3e8abe89317fd50bef60:216,1,circular,outside,test_id,self_only,43,0.003720982585745755,-0.7923192910265827,2.8594361547193143
216,1,47d3e5fd43f9c0f6c6654fd57652371b6cebc0bc594f3e8abe89317fd50bef60:216,1,circular,outside,test_id,self_only,43,-1.7669050855294886,-0.271264486701479,3.6986313763147107
217,0,47d3e5fd43f9c0f6c6654fd57652371b6cebc0bc594f3e8abe89317fd50bef60:217,1,circular,edge,test_id,self_only,43,-0.42989690729538826,-0.3121554485869313,3.9482423081917952
217,1,47d3e5fd43f9c0f6c6654fd57652371b6cebc0bc594f3e8abe89317fd50bef60:217,1,circular,edge,test_id,self_only,43,-0.8679123682634059,-0.015397946105589908,3.9730750133674286
218,0,47d3e5fd43f9c0f6c6654fd57652371b6cebc0bc594f3e8abe89317fd50bef60:218,1,elliptical,inside,test_id,self_only,43,-1.2620017690316858,-0.2740253291439915,3.5829468577493997
218,1,47d3e5fd43f9c0f6c6654fd57652371b6cebc0bc594f3e8abe89317fd50bef60:218,1,elliptical,inside,test_id,self_only,43,1.0750214891775427,0.2879141934800243,1.3922267586896437
219,0,47d3e5fd43f9c0f6c6654fd57652371b6cebc0bc594f3e8abe89317fd50bef60:219,2,circular,inside,test_id,self_only,43,0.2083325373276052,5.262498027889738,2.8333862876662526
219,1,47d3e5fd43f9c0f6c6654fd57652371b6cebc0bc594f3e8abe89317fd50bef60:219,2,circular,inside,test_id,self_only,43,0.13717701903422447,4.584895736782561,2.155354152389124
220,0,47d3e5fd43f9c0f6c6654fd57652371b6cebc0bc594f3e8abe89317fd50bef60:220,1,elliptical,outside,test_id,self_only,43,0.21291023365099998,0.8053999610829449,3.914334372893722
220,1,47d3e5fd43f9c0f6c6654fd57652371b6cebc0bc594f3e8abe89317fd50bef60:220,1,elliptical,outside,test_id,self_only,43,0.21822990349372,0.40162763675929064,4.245345601387257
221,0,47d3e5fd43f9c0f6c6654fd57652371b6cebc0bc594f3e8abe89317fd50bef60:221,1,circular,inside,test_id,self_only,43,-0.6122243566171351,0.8136021562504864,2.119826719490233
221,1,47d3e5fd43f9c0f6c6654fd57652371b6cebc0bc594f3e8abe89317fd50bef60:221,1,circular,inside,test_id,self_only,43,1.0360299187048254,0.6177401014256573,2.6034147159527223
222,0,47d3e5fd43f9c0f6c6654fd57652371b6cebc0bc594f3e8abe89317fd50bef60:222,0,circular,edge,test_id,self_only,43,-0.5759421152726832,-0.43227785149334913,3.5651812412161985
222,1,47d3e5fd43f9c0f6c6654fd57652371b6cebc0bc594f3e8abe89317fd50bef60:222,0,circular,edge,test_id,self_only,43,0.2718708949430761,-0.7127119235110188,3.7145406880308953
223,0,47d3e5fd43f9c0f6c6654fd57652371b6cebc0bc594f3e8abe89317fd50bef60:223,1,circular,inside,test_id,self_only,43,-1.2710268659249964,-1.5433416298937703,1.6341123133912345
223,1,47d3e5fd43f9c0f6c6654fd57652371b6cebc0bc594f3e8abe89317fd50bef60:223,1,circular,inside,test_id,self_only,43,-0.9362054032937709,0.8041321702885723,2.9655441135992
224,0,47d3e5fd43f9c0f6c6654fd57652371b6cebc0bc594f3e8abe89317fd50bef60:224,1,elliptical,outside,test_id,self_only,43,-0.5669880075113002,-0.6579611233782673,4.948516320483689
224,1,47d3e5fd43f9c0f6c6654fd57652371b6cebc0bc594f3e8abe89317fd50bef60:224,1,elliptical,outside,test_id,self_only,43,-1.116064564670724,-0.36939489165066725,4.932522119414345
225,0,47d3e5fd43f9c0f6c6654fd57652371b6cebc0bc594f3e8abe89317fd50bef60:225,2,elliptical,edge,test_ood,self_only,43,-0.8581916851655665,-1.8834117583346273,1.1858220960333197
225,1,47d3e5fd43f9c0f6c6654fd57652371b6cebc0bc594f3e8abe89317fd50bef60:225,2,elliptical,edge,test_ood,self_only,43,-0.45512361952225594,-0.12502469936131483,2.9848292508471133
226,0,47d3e5fd43f9c0f6c6654fd57652371b6cebc0bc594f3e8abe89317fd50bef60:226,1,circular,edge,test_id,self_only,43,-1.1555650396005335,-0.9589113525462055,2.2171639615520053
226,1,47d3e5fd43f9c0f6c6654fd57652371b6cebc0bc594f3e8abe89317fd50bef60:226,1,circular,edge,test_id,self_only,43,-0.11598202713887125,0.3999475308346843,3.89749759460831
227,0,47d3e5fd43f9c0f6c6654fd57652371b6cebc0bc594f3e8abe89317fd50bef60:227,0,elliptical,inside,test_id,self_only,43,0.07882431021769613,0.15072301706553454,2.6843825929147984
227,1,47d3e5fd43f9c0f6c6654fd57652371b6cebc0bc594f3e8abe89317fd50bef60:227,0,elliptical,inside,test_id,self_only,43,-0.19010965653817086,0.6785900064396954,2.5248185241922796
228,0,47d3e5fd43f9c0f6c6654fd57652371b6cebc0bc594f3e8abe89317fd50bef60:228,2,elliptical,edge,test_ood,self_only,43,-0.7708578867570582,-3.0115550688815023,1.1610912075361561
228,1,47d3e5fd43f9c0f6c6654fd57652371b6cebc0bc594f3e8abe89317fd50bef60:228,2,elliptical,edge,test_ood,self_only,43,-1.5723221463815393,-3.448376529605379,2.0130672586248846
229,0,47d3e5fd43f9c0f6c6654fd57652371b6cebc0bc594f3e8abe89317fd50bef60:229,2,elliptical,inside,test_ood,self_only,43,-1.370367543186349,-1.6937483481478597,1.3246748810119398
229,1,47d3e5fd43f9c0f6c6654fd57652371b6cebc0bc594f3e8abe89317fd50bef60:229,2,elliptical,inside,test_ood,self_only,43,-2.501940028156442,-0.9933077029299641,1.6571821414941803
230,0,47d3e5fd43f9c0f6c6654fd57652371b6cebc0bc594f3e8abe89317fd50bef60:230,1,elliptical,edge,test_id,self_only,43,0.6189300256117162,-0.4259183339190388,2.570419941943694
230,1,47d3e5fd43f9c0f6c6654fd57652371b6cebc0bc594f3e8abe89317fd50bef60:230,1,elliptical,edge,test_id,self_only,43,-0.7121066016809169,0.36415643176318163,4.10749848581275
231,0,47d3e5fd43f9c0f6c6654fd57652371b6cebc0bc594f3e8abe89317fd50bef60:231,0,elliptical,edge,test_id,self_only,43,-1.0113684100763025,0.1212925680565929,4.644945486018518
231,1,47d3e5fd43f9c0f6c6654fd57652371b6cebc0bc594f3e8abe89317fd50bef60:231,0,elliptical,edge,test_id,self_only,43,-0.6937258405343715,0.29212308606387133,4.537256029689829
232,0,47d3e5fd43f9c0f6c6654fd57652371b6cebc0bc594f3e8abe89317fd50bef60:232,0,elliptical,outside,test_id,self_only,43,0.31112269929488273,0.17754060706377978,3.6786292464923616
232,1,47d3e5fd43f9c0f6c6654fd57652371b6cebc0bc594f3e8abe89317fd50bef60:232,0,elliptical,outside,test_id,self_only,43,-0.5770727557794276,1.8474766083645915,1.8055103752137762
233,0,47d3e5fd43f9c0f6c6654fd57652371b6cebc0bc594f3e8abe89317fd50bef60:233,2,elliptical,outside,test_ood,self_only,43,1.28528033069213,-1.2979398898196126,3.0568161402594507
233,1,47d3e5fd43f9c0f6c6654fd57652371b6cebc0bc594f3e8abe89317fd50bef60:233,2,elliptical,outside,test_ood,self_only,43,2.3461179571493442,-1.7162290743899251,1.9342629599381986
234,0,47d3e5fd43f9c0f6c6654fd57652371b6cebc0bc594f3e8abe89317fd50bef60:234,0,circular,outside,test_id,self_only,43,0.019010021005469266,0.022116306482562978,3.6954991423941337
234,1,47d3e5fd43f9c0f6c6654fd57652371b6cebc0bc594f3e8abe89317fd50bef60:234,0,circular,outside,test_id,self_only,43,0.5771470504148778,0.7552688189435101,3.4765637490598063
235,0,47d3e5fd43f9c0f6c6654fd57652371b6cebc0bc594f3e8abe89317fd50bef60:235,0,elliptical,edge,test_id,self_only,43,-0.6114998025552455,0.5721286602902508,4.1012480984308795
235,1,47d3e5fd43f9c0f6c6654fd57652371b6cebc0bc594f3e8abe89317fd50bef60:235,0,elliptical,edge,test_id,self_only,43,-0.9798532886163417,0.49202120980502123,3.829955915601549
236,0,47d3e5fd43f9c0f6c6654fd57652371b6cebc0bc594f3e8abe89317fd50bef60:236,1,elliptical,inside,test_id,self_only,43,0.5660844581468877,0.474771148769865,1.5152039268975765
236,1,47d3e5fd43f9c0f6c6654fd57652371b6cebc0bc594f3e8abe89317fd50bef60:236,1,elliptical,inside,test_id,self_only,43,-0.17269085475365548,-0.3258275024008656,2.5503242754585567
237,0,47d3e5fd43f9c0f6c6654fd57652371b6cebc0bc594f3e8abe89317fd50bef60:237,1,circular,outside,test_id,self_only,43,0.5672783689840611,-0.5759055546831989,3.406859132341028
237,1,47d3e5fd43f9c0f6c6654fd57652371b6cebc0bc594f3e8abe89317fd50bef60:237,1,circular,outside,test_id,self_only,43,0.15776337555487724,0.8686260052609539,3.1646612521414617
238,0,47d3e5fd43f9c0f6c6654fd57652371b6cebc0bc594f3e8abe89317fd50bef60:238,0,circular,edge,test_id,self_only,43,0.6820521788938817,-0.22196831622838026,3.715231897519475
238,1,47d3e5fd43f9c0f6c6654fd57652371b6cebc0bc594f3e8abe89317fd50bef60:238,0,circular,edge,test_id,self_only,43,1.734879119907218,0.5098341175007916,4.89133440672406
239,0,47d3e5fd43f9c0f6c6654fd57652371b6cebc0bc594f3e8abe89317fd50bef60:239,0,circular,inside,test_id,self_only,43,-0.15807840355793862,-0.7121759585451984,3.5359879621578028
239,1,47d3e5fd43f9c0f6c6654fd57652371b6cebc0bc594f3e8abe89317fd50bef60:239,0,circular,inside,test_id,self_only,43,-0.03874580689827829,-0.7067834071230793,3.5836933076865085
240,0,47d3e5fd43f9c0f6c6654fd57652371b6cebc0bc594f3e8abe89317fd50bef60:240,2,circular,edge,test_id,self_only,43,1.3948685961111364,1.8641043969082927,1.9610898942705794
240,1,47d3e5fd43f9c0f6c6654fd57652371b6cebc0bc594f3e8abe89317fd50bef60:240,2,circular,edge,test_id,self_only,43,1.5207607584341345,1.7518094845700358,1.9295668894607716
241,0,47d3e5fd43f9c0f6c6654fd57652371b6cebc0bc594f3e8abe89317fd50bef60:241,2,circular,outside,test_id,self_only,43,1.5669705705984411,-2.7546168498110677,1.2478131304578315
241,1,47d3e5fd43f9c0f6c6654fd57652371b6cebc0bc594f3e8abe89317fd50bef60:241,2,circular,outside,test_id,self_only,43,1.2334205942495642,-2.3850110701632405,1.714718697343683
242,0,47d3e5fd43f9c0f6c6654fd57652371b6cebc0bc594f3e8abe89317fd50bef60:242,0,elliptical,outside,test_id,self_only,43,-0.6906911296502772,0.023090212850580175,4.989488110199686
242,1,47d3e5fd43f9c0f6c6654fd57652371b6cebc0bc594f3e8abe89317fd50bef60:242,0,elliptical,outside,test_id,self_only,43,-0.2859047515050593,0.759237713425169,4.245621430719818
243,0,47d3e5fd43f9c0f6c6654fd57652371b6cebc0bc594f3e8abe89317fd50bef60:243,2,elliptical,outside,test_ood,self_only,43,1.697283847843009,-0.43995951929806715,2.539922086688025
243,1,47d3e5fd43f9c0f6c6654fd57652371b6cebc0bc594f3e8abe89317fd50bef60:243,2,elliptical,outside,test_ood,self_only,43,0.7730425434454259,-1.744748704822054,2.9106539331072785
244,0,47d3e5fd43f9c0f6c6654fd57652371b6cebc0bc594f3e8abe89317fd50bef60:244,2,elliptical,inside,test_ood,self_only,43,0.4777434008463201,1.3998420306134318,1.4329126376599481
244,1,47d3e5fd43f9c0f6c6654fd57652371b6cebc0bc594f3e8abe89317fd50bef60:244,2,elliptical,inside,test_ood,self_only,43,-0.7367795271531764,0.86158544501544,2.6527278337900313
245,0,47d3e5fd43f9c0f6c6654fd57652371b6cebc0bc594f3e8abe89317fd50bef60:245,0,circular,outside,test_id,self_only,43,1.4348180132253943,0.49712563237429613,2.606696888191542
245,1,47d3e5fd43f9c0f6c6654fd57652371b6cebc0bc594f3e8abe89317fd50bef60:245,0,circular,outside,test_id,self_only,43,0.4318075018270788,0.4374025531697368,3.59591196863036
246,0,47d3e5fd43f9c0f6c6654fd57652371b6cebc0bc594f3e8abe89317fd50bef60:246,1,elliptical,edge,test_id,self_only,43,1.0824117498739538,0.47329962929965014,4.371601874399352
246,1,47d3e5fd43f9c0f6c6654fd57652371b6cebc0bc594f3e8abe89317fd50bef60:246,1,elliptical,edge,test_id,self_only,43,-0.03859739133278757,-0.5844238928866291,3.00429816384166
247,0,47d3e5fd43f9c0f6c6654fd57652371b6cebc0bc594f3e8abe89317fd50bef60:247,2,circular,edge,test_id,self_only,43,0.5081074076040563,1.6802095242428874,2.7210894813652704
247,1,47d3e5fd43f9c0f6c6654fd57652371b6cebc0bc594f3e8abe89317fd50bef60:247,2,circular,edge,test_id,self_only,43,-0.6699894828454677,1.5556190081524943,3.8667191353519246
248,0,47d3e5fd43f9c0f6c6654fd57652371b6cebc0bc594f3e8abe89317fd50bef60:248,2,circular,outside,test_id,self_only,43,0.08878759912093252,1.6317945786404704,2.3725798989642275
248,1,47d3e5fd43f9c0f6c6654fd57652371b6cebc0bc594f3e8abe89317fd50bef60:248,2,circular,outside,test_id,self_only,43,0.47987566760619255,2.3793748684811686,1.608193879886117
249,0,47d3e5fd43f9c0f6c6654fd57652371b6cebc0bc594f3e8abe89317fd50bef60:249,0,circular,inside,test_id,self_only,43,-0.4101360005990687,-1.1378835372042562,4.179737241716338
249,1,47d3e5fd43f9c0f6c6654fd57652371b6cebc0bc594f3e8abe89317fd50bef60:249,0,circular,inside,test_id,self_only,43,-1.084957854236764,0.18453308126212115,4.2130082724330515
250,0,47d3e5fd43f9c0f6c6654fd57652371b6cebc0bc594f3e8abe89317fd50bef60:250,2,circular,inside,test_id,self_only,43,-0.7354693574563685,2.5607386895108317,0.47055234414969743
250,1,47d3e5fd43f9c0f6c6654fd57652371b6cebc0bc594f3e8abe89317fd50bef60:250,2,circular,inside,test_id,self_only,43,-1.444926754917306,2.523714906780729,0.9027998324044689
251,0,47d3e5fd43f9c0f6c6654fd57652371b6cebc0bc594f3e8abe89317fd50bef60:251,0,elliptical,inside,test_id,self_only,43,-0.7597446603433314,1.2321760722088908,1.7369154247865972
251,1,47d3e5fd43f9c0f6c6654fd57652371b6cebc0bc594f3e8abe89317fd50bef60:251,0,elliptical,inside,test_id,self_only,43,-0.14785520860115914,1.7902890511441325,1.0996026591764159
252,0,47d3e5fd43f9c0f6c6654fd57652371b6cebc0bc594f3e8abe89317fd50bef60:252,2,circular,inside,test_id,self_only,43,-0.38891543575684456,-0.5247519544672871,1.8226651062484291
252,1,47d3e5fd43f9c0f6c6654fd57652371b6cebc0bc594f3e8abe89317fd50bef60:252,2,circular,inside,test_id,self_only,43,-0.6544913215295497,-1.6770650080752278,1.907621507628259
253,0,47d3e5fd43f9c0f6c6654fd57652371b6cebc0bc594f3e8abe89317fd50bef60:253,2,circular,edge,test_id,self_only,43,-0.21890439220826058,0.9916025467801189,2.0084506356469682
253,1,47d3e5fd43f9c0f6c6654fd57652371b6cebc0bc594f3e8abe89317fd50bef60:253,2,circular,edge,test_id,self_only,43,-1.5838273925439539,1.0734514065671061,2.3695394433207655
254,0,47d3e5fd43f9c0f6c6654fd57652371b6cebc0bc594f3e8abe89317fd50bef60:254,1,circular,inside,test_id,self_only,43,-0.44793142506043343,-0.02937823416410927,2.1164508360340037
254,1,47d3e5fd43f9c0f6c6654fd57652371b6cebc0bc594f3e8abe89317fd50bef60:254,1,circular,inside,test_id,self_only,43,-0.8137236995355311,-0.19775407829998976,2.194629911723283
255,0,47d3e5fd43f9c0f6c6654fd57652371b6cebc0bc594f3e8abe89317fd50bef60:255,0,circular,outside,test_id,self_only,43,-1.041240469898385,0.7250026532101727,2.6481505300377632
255,1,47d3e5fd43f9c0f6c6654fd57652371b6cebc0bc594f3e8abe89317fd50bef60:255,0,circular,outside,test_id,self_only,43,-0.33080734440247445,-0.8428850702357197,4.156166469355029
256,0,47d3e5fd43f9c0f6c6654fd57652371b6cebc0bc594f3e8abe89317fd50bef60:256,0,circular,outside,test_id,self_only,43,-1.1167144937173548,-0.6706653765749836,3.2706391607679457
256,1,47d3e5fd43f9c0f6c6654fd57652371b6cebc0bc594f3e8abe89317fd50bef60:256,0,circular,outside,test_id,self_only,43,0.5134892301901158,1.7838429280209636,6.153189664957129
257,0,47d3e5fd43f9c0f6c6654fd57652371b6cebc0bc594f3e8abe89317fd50bef60:257,2,circular,edge,test_id,self_only,43,4.022318108592826,-4.705358379275789,2.308882809719352
257,1,47d3e5fd43f9c0f6c6654fd57652371b6cebc0bc594f3e8abe89317fd50bef60:257,2,circular,edge,test_id,self_only,43,3.840809805904227,-4.363386505038728,1.936343270976491
258,0,47d3e5fd43f9c0f6c6654fd57652371b6cebc0bc594f3e8abe89317fd50bef60:258,1,circular,outside,test_id,self_only,43,-1.2882085008279505,0.5851740904736614,3.1254272851865847
258,1,47d3e5fd43f9c0f6c6654fd57652371b6cebc0bc594f3e8abe89317fd50bef60:258,1,circular,outside,test_id,self_only,43,-1.6496658486978235,0.16213921388865465,2.6024109778364752
259,0,47d3e5fd43f9c0f6c6654fd57652371b6cebc0bc594f3e8abe89317fd50bef60:259,2,circular,outside,test_id,self_only,43,0.16067169478972526,0.7452969618725872,4.236982151455246
259,1,47d3e5fd43f9c0f6c6654fd57652371b6cebc0bc594f3e8abe89317fd50bef60:259,2,circular,outside,test_id,self_only,43,0.39057056478102775,-0.18324642697094923,4.356078494476795
260,0,47d3e5fd43f9c0f6c6654fd57652371b6cebc0bc594f3e8abe89317fd50bef60:260,2,elliptical,inside,test_ood,self_only,43,-2.231814639057321,2.1716243096280192,0.6340743095817376
260,1,47d3e5fd43f9c0f6c6654fd57652371b6cebc0bc594f3e8abe89317fd50bef60:260,2,elliptical,inside,test_ood,self_only,43,-2.3486635846749966,2.158701068966398,0.5198327782348188
261,0,47d3e5fd43f9c0f6c6654fd57652371b6cebc0bc594f3e8abe89317fd50bef60:261,1,elliptical,edge,test_id,self_only,43,1.0741832094534216,-1.1028591326784993,4.116974245052891
261,1,47d3e5fd43f9c0f6c6654fd57652371b6cebc0bc594f3e8abe89317fd50bef60:261,1,elliptical,edge,test_id,self_only,43,-1.0829260511056604,-1.5970379046511556,1.9195699539356919
262,0,47d3e5fd43f9c0f6c6654fd57652371b6cebc0bc594f3e8abe89317fd50bef60:262,1,elliptical,outside,test_id,self_only,43,-0.6189499063150111,-0.3154801062655354,3.7653163523268454
262,1,47d3e5fd43f9c0f6c6654fd57652371b6cebc0bc594f3e8abe89317fd50bef60:262,1,elliptical,outside,test_id,self_only,43,-0.4957810802118006,-0.17299992659806257,3.8080217832623213
263,0,47d3e5fd43f9c0f6c6654fd57652371b6cebc0bc594f3e8abe89317fd50bef60:263,0,circular,inside,test_id,self_only,43,-0.4873147172586146,0.028624913899908025,2.5367957386380473
263,1,47d3e5fd43f9c0f6c6654fd57652371b6cebc0bc594f3e8abe89317fd50bef60:263,0,circular,inside,test_id,self_only,43,-0.7297043962136928,0.6285057731556988,3.1400329117104127
264,0,47d3e5fd43f9c0f6c6654fd57652371b6cebc0bc594f3e8abe89317fd50bef60:264,0,circular,edge,test_id,self_only,43,1.5903377371176062,0.2746598192143535,3.2758885990821387
264,1,47d3e5fd43f9c0f6c6654fd57652371b6cebc0bc594f3e8abe89317fd50bef60:264,0,circular,edge,test_id,self_only,43,-1.35651756950776,0.20821425995112414,4.417398728923598
265,0,47d3e5fd43f9c0f6c6654fd57652371b6cebc0bc594f3e8abe89317fd50bef60:265,0,elliptical,outside,test_id,self_only,43,-0.29557331034104256,0.010821401386270482,4.169273702618523
265,1,47d3e5fd43f9c0f6c6654fd57652371b6cebc0bc594f3e8abe89317fd50bef60:265,0,elliptical,outside,test_id,self_only,43,0.06074680260260672,-0.3981638185095692,4.6989139064129395
266,0,47d3e5fd43f9c0f6c6654fd57652371b6cebc0bc594f3e8abe89317fd50bef60:266,1,circular,outside,test_id,self_only,43,-0.32342936226288704,-1.0379604033541585,4.594362738105904
266,1,47d3e5fd43f9c0f6c6654fd57652371b6cebc0bc594f3e8abe89317fd50bef60:266,1,circular,outside,test_id,self_only,43,-0.683065788234872,0.5284832187581158,3.0015216473300184
267,0,47d3e5fd43f9c0f6c6654fd57652371b6cebc0bc594f3e8abe89317fd50bef60:267,1,elliptical,inside,test_id,self_only,43,0.8994039135320958,0.11383614620448108,0.9026311787022585
267,1,47d3e5fd43f9c0f6c6654fd57652371b6cebc0bc594f3e8abe89317fd50bef60:267,1,elliptical,inside,test_id,self_only,43,-0.23953636118332772,-0.1895624033522511,1.832325949644904
268,0,47d3e5fd43f9c0f6c6654fd57652371b6cebc0bc594f3e8abe89317fd50bef60:268,2,circular,inside,test_id,self_only,43,-0.2781275970594111,-1.7614366940569783,1.5222195448565496
268,1,47d3e5fd43f9c0f6c6654fd57652371b6cebc0bc594f3e8abe89317fd50bef60:268,2,circular,inside,test_id,self_only,43,-1.392965094532174,0.35831756076098437,1.0628466998089423
269,0,47d3e5fd43f9c0f6c6654fd57652371b6cebc0bc594f3e8abe89317fd50bef60:269,0,elliptical,inside,test_id,self_only,43,0.8140126901014623,-0.31392388859509474,1.39536600093581
269,1,47d3e5fd43f9c0f6c6654fd57652371b6cebc0bc594f3e8abe89317fd50bef60:269,0,elliptical,inside,test_id,self_only,43,0.33640865853865715,1.013800985424528,2.739617128725026
270,0,47d3e5fd43f9c0f6c6654fd57652371b6cebc0bc594f3e8abe89317fd50bef60:270,1,elliptical,edge,test_id,self_only,43,0.12381188443739981,-0.12544334748505598,3.153571139280069
270,1,47d3e5fd43f9c0f6c6654fd57652371b6cebc0bc594f3e8abe89317fd50bef60:270,1,elliptical,edge,test_id,self_only,43,0.09421487024863333,1.3412064381527995,1.7187098362332143
271,0,47d3e5fd43f9c0f6c6654fd57652371b6cebc0bc594f3e8abe89317fd50bef60:271,2,elliptical,outside,test_ood,self_only,43,-1.5100479287759485,1.3691296645093058,2.2855925989644787
271,1,47d3e5fd43f9c0f6c6654fd57652371b6cebc0bc594f3e8abe89317fd50bef60:271,2,elliptical,outside,test_ood,self_only,43,-0.5472428364412013,1.8441721268582438,3.2457950686106027
272,0,47d3e5fd43f9c0f6c6654fd57652371b6cebc0bc594f3e8abe89317fd50bef60:272,1,elliptical,inside,test_id,self_only,43,-1.300236241306466,-0.6807897023272419,3.5773791199368667
272,1,47d3e5fd43f9c0f6c6654fd57652371b6cebc0bc594f3e8abe89317fd50bef60:272,1,elliptical,inside,test_id,self_only,43,0.5312636630876836,-0.08565785059451107,1.8121231479037674
273,0,47d3e5fd43f9c0f6c6654fd57652371b6cebc0bc594f3e8abe89317fd50bef60:273,0,elliptical,edge,test_id,self_only,43,0.05966207257350058,1.2913273640561198,4.387227375406238
273,1,47d3e5fd43f9c0f6c6654fd57652371b6cebc0bc594f3e8abe89317fd50bef60:273,0,elliptical,edge,test_id,self_only,43,0.0483363556011495,-0.06002781981348042,3.0816396402664106
274,0,47d3e5fd43f9c0f6c6654fd57652371b6cebc0bc594f3e8abe89317fd50bef60:274,0,elliptical,edge,test_id,self_only,43,0.22897319367964836,-0.13484548100947386,2.98995198317772
274,1,47d3e5fd43f9c0f6c6654fd57652371b6cebc0bc594f3e8abe89317fd50bef60:274,0,elliptical,edge,test_id,self_only,43,-1.210322992290658,-0.2466707161974812,3.5838180103691477
275,0,47d3e5fd43f9c0f6c6654fd57652371b6cebc0bc594f3e8abe89317fd50bef60:275,1,circular,edge,test_id,self_only,43,0.9077690081938085,-0.19458704510449415,2.1067637700903146
275,1,47d3e5fd43f9c0f6c6654fd57652371b6cebc0bc594f3e8abe89317fd50bef60:275,1,circular,edge,test_id,self_only,43,0.5305310623987493,0.4508028992104625,2.5013933529574452
276,0,47d3e5fd43f9c0f6c6654fd57652371b6cebc0bc594f3e8abe89317fd50bef60:276,2,elliptical,edge,test_ood,self_only,43,3.1820137338980015,2.772364265530119,0.18509117222207827
276,1,47d3e5fd43f9c0f6c6654fd57652371b6cebc0bc594f3e8abe89317fd50bef60:276,2,elliptical,edge,test_ood,self_only,43,3.8384723501547153,2.0228282280850505,1.1025350865560906
277,0,47d3e5fd43f9c0f6c6654fd57652371b6cebc0bc594f3e8abe89317fd50bef60:277,1,elliptical,outside,test_id,self_only,43,0.1929127114160833,1.0681277581143473,3.5439011373121434
277,1,47d3e5fd43f9c0f6c6654fd57652371b6cebc0bc594f3e8abe89317fd50bef60:277,1,elliptical,outside,test_id,self_only,43,1.2418415384634314,-0.5173312357973957,2.1445832964301497
278,0,47d3e5fd43f9c0f6c6654fd57652371b6cebc0bc594f3e8abe89317fd50bef60:278,2,circular,outside,test_id,self_only,43,0.5963302092893895,2.5241102047848796,1.8080162655475154
278,1,47d3e5fd43f9c0f6c6654fd57652371b6cebc0bc594f3e8abe89317fd50bef60:278,2,circular,outside,test_id,self_only,43,-0.06230092176358133,3.218512661068449,1.8743753821165394
279,0,47d3e5fd43f9c0f6c6654fd57652371b6cebc0bc594f3e8abe89317fd50bef60:279,0,elliptical,outside,test_id,self_only,43,1.3302610950811682,1.50562442025424,5.176533565870228
279,1,47d3e5fd43f9c0f6c6654fd57652371b6cebc0bc594f3e8abe89317fd50bef60:279,0,elliptical,outside,test_id,self_only,43,0.7810184197767552,0.8740167685437298,4.8136809103324865
280,0,47d3e5fd43f9c0f6c6654fd57652371b6cebc0bc594f3e8abe89317fd50bef60:280,0,elliptical,inside,test_id,self_only,43,0.9369398193701085,0.9767437048840618,3.0990560785964525
280,1,47d3e5fd43f9c0f6c6654fd57652371b6cebc0bc594f3e8abe89317fd50bef60:280,0,elliptical,inside,test_id,self_only,43,-0.8014123601571742,-0.5283733538699055,3.0093931820461344
281,0,47d3e5fd43f9c0f6c6654fd57652371b6cebc0bc594f3e8abe89317fd50bef60:281,1,circular,inside,test_id,self_only,43,1.7713292675360022,0.5488928028035259,2.1724560205625494
281,1,47d3e5fd43f9c0f6c6654fd57652371b6cebc0bc594f3e8abe89317fd50bef60:281,1,circular,inside,test_id,self_only,43,0.4170596437795934,1.3337365456509684,1.8524013681605789
282,0,47d3e5fd43f9c0f6c6654fd57652371b6cebc0bc594f3e8abe89317fd50bef60:282,2,elliptical,edge,test_ood,self_only,43,-0.775791720832986,5.950101978390227,2.9912352220594998
282,1,47d3e5fd43f9c0f6c6654fd57652371b6cebc0bc594f3e8abe89317fd50bef60:282,2,elliptical,edge,test_ood,self_only,43,-0.7332797808305446,6.496679432003508,3.525752237440278
283,0,47d3e5fd43f9c0f6c6654fd57652371b6cebc0bc594f3e8abe89317fd50bef60:283,0,circular,edge,test_id,self_only,43,0.9449654655798253,-1.5568929843020345,4.786983387356583
283,1,47d3e5fd43f9c0f6c6654fd57652371b6cebc0bc594f3e8abe89317fd50bef60:283,0,circular,edge,test_id,self_only,43,-0.17320217319886116,2.283719665615568,3.209723381263044
284,0,47d3e5fd43f9c0f6c6654fd57652371b6cebc0bc594f3e8abe89317fd50bef60:284,1,circular,edge,test_id,self_only,43,-0.6453248424188319,-0.8426535061907673,3.3086404452170957
284,1,47d3e5fd43f9c0f6c6654fd57652371b6cebc0bc594f3e8abe89317fd50bef60:284,1,circular,edge,test_id,self_only,43,-1.9466681642190637,-0.9422351650309467,4.330114047340207
285,0,47d3e5fd43f9c0f6c6654fd57652371b6cebc0bc594f3e8abe89317fd50bef60:285,2,elliptical,outside,test_ood,self_only,43,-3.3471162480966274,-2.0648537806582357,0.2803352118120613
285,1,47d3e5fd43f9c0f6c6654fd57652371b6cebc0bc594f3e8abe89317fd50bef60:285,2,elliptical,outside,test_ood,self_only,43,-2.676535860981149,-1.2522500685763265,1.2616590069394802
286,0,47d3e5fd43f9c0f6c6654fd57652371b6cebc0bc594f3e8abe89317fd50bef60:286,0,circular,inside,test_id,self_only,43,0.03332394233782858,0.8466999002385235,3.810367373739845
286,1,47d3e5fd43f9c0f6c6654fd57652371b6cebc0bc594f3e8abe89317fd50bef60:286,0,circular,inside,test_id,self_only,43,0.7064845400198277,0.32948256215334887,3.876734420161113
287,0,47d3e5fd43f9c0f6c6654fd57652371b6cebc0bc594f3e8abe89317fd50bef60:287,2,elliptical,inside,test_ood,self_only,43,1.1174878912313757,1.7357690401959514,0.8464613097630382
287,1,47d3e5fd43f9c0f6c6654fd57652371b6cebc0bc594f3e8abe89317fd50bef60:287,2,elliptical,inside,test_ood,self_only,43,0.8706731634481725,1.715918666927824,1.0687987777701042
288,0,47d3e5fd43f9c0f6c6654fd57652371b6cebc0bc594f3e8abe89317fd50bef60:288,0,circular,outside,test_id,self_only,43,-0.9205959005014125,0.5467993684697247,4.305118792626748
288,1,47d3e5fd43f9c0f6c6654fd57652371b6cebc0bc594f3e8abe89317fd50bef60:288,0,circular,outside,test_id,self_only,43,0.25871430209715934,-0.03508513675748352,3.252617013821837
289,0,47d3e5fd43f9c0f6c6654fd57652371b6cebc0bc594f3e8abe89317fd50bef60:289,2,circular,outside,test_id,self_only,43,-5.386540667499704,0.5537784167218304,1.4226928630477906
289,1,47d3e5fd43f9c0f6c6654fd57652371b6cebc0bc594f3e8abe89317fd50bef60:289,2,circular,outside,test_id,self_only,43,-4.717114226307077,1.187212473957548,0.9306351224401614
290,0,47d3e5fd43f9c0f6c6654fd57652371b6cebc0bc594f3e8abe89317fd50bef60:290,1,circular,inside,test_id,self_only,43,0.17950089148123832,1.4133318730282878,2.395564282295723
290,1,47d3e5fd43f9c0f6c6654fd57652371b6cebc0bc594f3e8abe89317fd50bef60:290,1,circular,inside,test_id,self_only,43,0.700746102844077,-0.8391337327074909,4.014466246558614
291,0,47d3e5fd43f9c0f6c6654fd57652371b6cebc0bc594f3e8abe89317fd50bef60:291,2,elliptical,inside,test_ood,self_only,43,-2.38775707909028,-0.04716497914611344,1.8942186434845147
291,1,47d3e5fd43f9c0f6c6654fd57652371b6cebc0bc594f3e8abe89317fd50bef60:291,2,elliptical,inside,test_ood,self_only,43,-2.978040711368722,1.4335886307644938,0.5905239462200013
292,0,47d3e5fd43f9c0f6c6654fd57652371b6cebc0bc594f3e8abe89317fd50bef60:292,0,circular,inside,test_id,self_only,43,-1.0860340757028284,-0.4803811244082356,0.7475307331190081
292,1,47d3e5fd43f9c0f6c6654fd57652371b6cebc0bc594f3e8abe89317fd50bef60:292,0,circular,inside,test_id,self_only,43,-1.879492537464303,0.8738349743771648,1.4683336677816936
293,0,47d3e5fd43f9c0f6c6654fd57652371b6cebc0bc594f3e8abe89317fd50bef60:293,0,circular,outside,test_id,self_only,43,2.101819737468558,0.6535129018712139,4.0794125328101325
293,1,47d3e5fd43f9c0f6c6654fd57652371b6cebc0bc594f3e8abe89317fd50bef60:293,0,circular,outside,test_id,self_only,43,-0.5612043304101649,0.08519165894270893,4.6955225196643555
294,0,47d3e5fd43f9c0f6c6654fd57652371b6cebc0bc594f3e8abe89317fd50bef60:294,0,elliptical,edge,test_id,self_only,43,0.5329702632768926,-0.14968071201561933,4.072429940379687
294,1,47d3e5fd43f9c0f6c6654fd57652371b6cebc0bc594f3e8abe89317fd50bef60:294,0,elliptical,edge,test_id,self_only,43,-0.12795621284405617,0.43129680237055773,3.878474174434707
295,0,47d3e5fd43f9c0f6c6654fd57652371b6cebc0bc594f3e8abe89317fd50bef60:295,2,circular,edge,test_id,self_only,43,-1.105452911342782,0.12585795602084154,3.2240091223467973
295,1,47d3e5fd43f9c0f6c6654fd57652371b6cebc0bc594f3e8abe89317fd50bef60:295,2,circular,edge,test_id,self_only,43,0.5749400692327794,-0.8439974717211628,2.332832771431631
296,0,47d3e5fd43f9c0f6c6654fd57652371b6cebc0bc594f3e8abe89317fd50bef60:296,0,elliptical,inside,test_id,self_only,43,-0.44605095812241463,0.2874943979668712,3.2217528151049644
296,1,47d3e5fd43f9c0f6c6654fd57652371b6cebc0bc594f3e8abe89317fd50bef60:296,0,elliptical,inside,test_id,self_only,43,0.2827307718141851,-0.16976105490445142,2.865011712809141
297,0,47d3e5fd43f9c0f6c6654fd57652371b6cebc0bc594f3e8abe89317fd50bef60:297,0,circular,inside,test_id,self_only,43,-0.2667718393460932,0.717415101139555,2.586678630439719
297,1,47d3e5fd43f9c0f6c6654fd57652371b6cebc0bc594f3e8abe89317fd50bef60:297,0,circular,inside,test_id,self_only,43,-0.08064124115864664,0.41316736420870775,2.646208538002373
298,0,47d3e5fd43f9c0f6c6654fd57652371b6cebc0bc594f3e8abe89317fd50bef60:298,2,circular,inside,test_id,self_only,43,-1.309855954136056,1.9887188740658854,0.7297987370583392
298,1,47d3e5fd43f9c0f6c6654fd57652371b6cebc0bc594f3e8abe89317fd50bef60:298,2,circular,inside,test_id,self_only,43,-2.1416156453744595,0.6059641309666729,1.638572767454348
299,0,47d3e5fd43f9c0f6c6654fd57652371b6cebc0bc594f3e8abe89317fd50bef60:299,1,circular,outside,test_id,self_only,43,0.05838080367882818,0.749935156910429,3.783166339852741
299,1,47d3e5fd43f9c0f6c6654fd57652371b6cebc0bc594f3e8abe89317fd50bef60:299,1,circular,outside,test_id,self_only,43,1.9002861814840613,1.2521766491818522,1.874935152951666
300,0,47d3e5fd43f9c0f6c6654fd57652371b6cebc0bc594f3e8abe89317fd50bef60:300,0,elliptical,outside,test_id,self_only,43,-1.064069764103097,-0.4748233191084767,5.504661707556426
300,1,47d3e5fd43f9c0f6c6654fd57652371b6cebc0bc594f3e8abe89317fd50bef60:300,0,elliptical,outside,test_id,self_only,43,-1.4196503324166956,0.278923399059782,5.512639044499125
301,0,47d3e5fd43f9c0f6c6654fd57652371b6cebc0bc594f3e8abe89317fd50bef60:301,1,elliptical,inside,test_id,self_only,43,-1.5648609561578455,0.46474719723940844,1.2390605840333553
301,1,47d3e5fd43f9c0f6c6654fd57652371b6cebc0bc594f3e8abe89317fd50bef60:301,1,elliptical,inside,test_id,self_only,43,0.18972983083565803,-1.6152605942797567,1.5671556412917698
302,0,47d3e5fd43f9c0f6c6654fd57652371b6cebc0bc594f3e8abe89317fd50bef60:302,0,circular,edge,test_id,self_only,43,0.30064621440013023,-1.1937382153582479,2.7098562799680868
302,1,47d3e5fd43f9c0f6c6654fd57652371b6cebc0bc594f3e8abe89317fd50bef60:302,0,circular,edge,test_id,self_only,43,-1.0687971276895227,0.039099223225126226,4.188569865619055
303,0,47d3e5fd43f9c0f6c6654fd57652371b6cebc0bc594f3e8abe89317fd50bef60:303,0,elliptical,inside,test_id,self_only,43,-0.9825118941919032,-0.9569399289202595,2.025305802689047
303,1,47d3e5fd43f9c0f6c6654fd57652371b6cebc0bc594f3e8abe89317fd50bef60:303,0,elliptical,inside,test_id,self_only,43,-0.5776707095758143,-0.6244835785937214,1.5249468986378523
304,0,47d3e5fd43f9c0f6c6654fd57652371b6cebc0bc594f3e8abe89317fd50bef60:304,2,elliptical,edge,test_ood,self_only,43,0.9795415239675817,-2.49441015043973,0.8976961377236511
304,1,47d3e5fd43f9c0f6c6654fd57652371b6cebc0bc594f3e8abe89317fd50bef60:304,2,elliptical,edge,test_ood,self_only,43,1.8581015901907263,-0.11581468650816922,2.887426841670546
305,0,47d3e5fd43f9c0f6c6654fd57652371b6cebc0bc594f3e8abe89317fd50bef60:305,0,elliptical,edge,test_id,self_only,43,0.35945133737166496,0.20282671531916613,3.8102341881424056
305,1,47d3e5fd43f9c0f6c6654fd57652371b6cebc0bc594f3e8abe89317fd50bef60:305,0,elliptical,edge,test_id,self_only,43,-1.3060934705392542,-0.43434279480694776,4.526758275759814
306,0,47d3e5fd43f9c0f6c6654fd57652371b6cebc0bc594f3e8abe89317fd50bef60:306,2,elliptical,edge,test_ood,self_only,43,0.19462904206355186,1.0562943287777995,2.0375971136140953
306,1,47d3e5fd43f9c0f6c6654fd57652371b6cebc0bc594f3e8abe89317fd50bef60:306,2,elliptical,edge,test_ood,self_only,43,1.0370799141271887,2.221301204769621,1.649258890472419
307,0,47d3e5fd43f9c0f6c6654fd57652371b6cebc0bc594f3e8abe89317fd50bef60:307,1,elliptical,edge,test_id,self_only,43,0.4444415407522497,1.1308366127896403,1.9740161971509542
307,1,47d3e5fd43f9c0f6c6654fd57652371b6cebc0bc594f3e8abe89317fd50bef60:307,1,elliptical,edge,test_id,self_only,43,-0.7692351503030482,0.014883204607973058,3.511093850520183
308,0,47d3e5fd43f9c0f6c6654fd57652371b6cebc0bc594f3e8abe89317fd50bef60:308,1,circular,outside,test_id,self_only,43,-0.7151830954209987,-0.595412366778841,4.160327211501889
308,1,47d3e5fd43f9c0f6c6654fd57652371b6cebc0bc594f3e8abe89317fd50bef60:308,1,circular,outside,test_id,self_only,43,-0.0015618515865030852,0.2538323768067455,4.297270650286134
309,0,47d3e5fd43f9c0f6c6654fd57652371b6cebc0bc594f3e8abe89317fd50bef60:309,2,circular,inside,test_id,self_only,43,-1.1961038274423303,1.0004562207150554,1.9503852124184828
309,1,47d3e5fd43f9c0f6c6654fd57652371b6cebc0bc594f3e8abe89317fd50bef60:309,2,circular,inside,test_id,self_only,43,-0.514008478607339,1.912870056240568,1.2617280178825658
310,0,47d3e5fd43f9c0f6c6654fd57652371b6cebc0bc594f3e8abe89317fd50bef60:310,1,elliptical,edge,test_id,self_only,43,0.31604374817450614,1.620748884289274,2.7840370868484063
310,1,47d3e5fd43f9c0f6c6654fd57652371b6cebc0bc594f3e8abe89317fd50bef60:310,1,elliptical,edge,test_id,self_only,43,1.0294669704778967,1.2006379433560466,2.286546632720196
311,0,47d3e5fd43f9c0f6c6654fd57652371b6cebc0bc594f3e8abe89317fd50bef60:311,1,elliptical,outside,test_id,self_only,43,-1.1800122422830286,1.3408032723355388,4.678038206239981
311,1,47d3e5fd43f9c0f6c6654fd57652371b6cebc0bc594f3e8abe89317fd50bef60:311,1,elliptical,outside,test_id,self_only,43,1.5719301538809118,-0.19779288092373853,2.1214399333938845
312,0,47d3e5fd43f9c0f6c6654fd57652371b6cebc0bc594f3e8abe89317fd50bef60:312,2,circular,outside,test_id,self_only,43,1.1712827520712195,0.47275055131197924,2.355009014065961
312,1,47d3e5fd43f9c0f6c6654fd57652371b6cebc0bc594f3e8abe89317fd50bef60:312,2,circular,outside,test_id,self_only,43,-0.5494076175347987,1.3346551724362468,3.9018531324639616
313,0,47d3e5fd43f9c0f6c6654fd57652371b6cebc0bc594f3e8abe89317fd50bef60:313,1,circular,inside,test_id,self_only,43,-0.18505190440575509,-0.46038185873745924,1.0756710999978782
313,1,47d3e5fd43f9c0f6c6654fd57652371b6cebc0bc594f3e8abe89317fd50bef60:313,1,circular,inside,test_id,self_only,43,-0.5587839049951259,-0.21967413345097547,1.513824132537512
314,0,47d3e5fd43f9c0f6c6654fd57652371b6cebc0bc594f3e8abe89317fd50bef60:314,1,elliptical,outside,test_id,self_only,43,-1.5027566117898645,-0.7677408389162922,2.641383815563854
314,1,47d3e5fd43f9c0f6c6654fd57652371b6cebc0bc594f3e8abe89317fd50bef60:314,1,elliptical,outside,test_id,self_only,43,-0.65622277685563,-0.20512216606854444,3.6568119519699764
315,0,47d3e5fd43f9c0f6c6654fd57652371b6cebc0bc594f3e8abe89317fd50bef60:315,2,circular,edge,test_id,self_only,43,-1.2563228768960657,1.4506353207516764,2.1501566765598445
315,1,47d3e5fd43f9c0f6c6654fd57652371b6cebc0bc594f3e8abe89317fd50bef60:315,2,circular,edge,test_id,self_only,43,-1.041714684452218,0.04867618462325092,1.9635637881504948
316,0,47d3e5fd43f9c0f6c6654fd57652371b6cebc0bc594f3e8abe89317fd50bef60:316,1,circular,edge,test_id,self_only,43,-1.234682099308175,-0.2543033144783879,2.4413321508685115
316,1,47d3e5fd43f9c0f6c6654fd57652371b6cebc0bc594f3e8abe89317fd50bef60:316,1,circular,edge,test_id,self_only,43,0.11406397691805929,-0.03288698823868279,3.651977973104987
317,0,47d3e5fd43f9c0f6c6654fd57652371b6cebc0bc594f3e8abe89317fd50bef60:317,0,elliptical,outside,test_id,self_only,43,0.2794123726232824,-0.4920829466891194,4.889275903886694
317,1,47d3e5fd43f9c0f6c6654fd57652371b6cebc0bc594f3e8abe89317fd50bef60:317,0,elliptical,outside,test_id,self_only,43,0.2242605524404821,0.06930234214545246,4.408444846879622
318,0,47d3e5fd43f9c0f6c6654fd57652371b6cebc0bc594f3e8abe89317fd50bef60:318,2,elliptical,outside,test_ood,self_only,43,-4.695891158069772,-0.009775901899924319,1.3139560716781618
318,1,47d3e5fd43f9c0f6c6654fd57652371b6cebc0bc594f3e8abe89317fd50bef60:318,2,elliptical,outside,test_ood,self_only,43,-3.523450390781564,0.9986325570035076,1.7822161425228202
319,0,47d3e5fd43f9c0f6c6654fd57652371b6cebc0bc594f3e8abe89317fd50bef60:319,0,circular,edge,test_id,self_only,43,-0.4981997174874964,0.4554570682931041,3.8133781372532956
319,1,47d3e5fd43f9c0f6c6654fd57652371b6cebc0bc594f3e8abe89317fd50bef60:319,0,circular,edge,test_id,self_only,43,-0.3694472474710169,0.459358698933134,3.87308101911238
320,0,47d3e5fd43f9c0f6c6654fd57652371b6cebc0bc594f3e8abe89317fd50bef60:320,2,elliptical,outside,test_ood,self_only,43,-0.18632234760682015,3.3956919976163005,1.2795815977852025
320,1,47d3e5fd43f9c0f6c6654fd57652371b6cebc0bc594f3e8abe89317fd50bef60:320,2,elliptical,outside,test_ood,self_only,43,0.9891522364958104,3.1689258881497477,0.5088272729498923
321,0,47d3e5fd43f9c0f6c6654fd57652371b6cebc0bc594f3e8abe89317fd50bef60:321,1,elliptical,inside,test_id,self_only,43,-0.34071077534119515,0.5900682278561687,1.6408233508390702
321,1,47d3e5fd43f9c0f6c6654fd57652371b6cebc0bc594f3e8abe89317fd50bef60:321,1,elliptical,inside,test_id,self_only,43,-0.024573774422806796,-0.7790248922419453,2.467582481221805
322,0,47d3e5fd43f9c0f6c6654fd57652371b6cebc0bc594f3e8abe89317fd50bef60:322,1,circular,edge,test_id,self_only,43,-1.4209714097634973,-0.39695780792950636,2.9432279806327477
322,1,47d3e5fd43f9c0f6c6654fd57652371b6cebc0bc594f3e8abe89317fd50bef60:322,1,circular,edge,test_id,self_only,43,-0.35623718925873665,0.49178326806307787,3.0876678874903436
323,0,47d3e5fd43f9c0f6c6654fd57652371b6cebc0bc594f3e8abe89317fd50bef60:323,2,elliptical,inside,test_ood,self_only,43,1.1979291277273474,0.011434546916494329,3.0214125655580952
323,1,47d3e5fd43f9c0f6c6654fd57652371b6cebc0bc594f3e8abe89317fd50bef60:323,2,elliptical,inside,test_ood,self_only,43,1.163877709422904,-0.28540229120968824,2.758909275359645
324,0,47d3e5fd43f9c0f6c6654fd57652371b6cebc0bc594f3e8abe89317fd50bef60:324,1,circular,inside,test_id,self_only,43,-0.7227897805825892,0.791521854012022,0.3530437771518642
324,1,47d3e5fd43f9c0f6c6654fd57652371b6cebc0bc594f3e8abe89317fd50bef60:324,1,circular,inside,test_id,self_only,43,-0.7095561785356227,1.1873965331006144,0.490660231165265
325,0,47d3e5fd43f9c0f6c6654fd57652371b6cebc0bc594f3e8abe89317fd50bef60:325,0,circular,outside,test_id,self_only,43,0.697743697677451,0.3913590677666759,4.35196756463585
325,1,47d3e5fd43f9c0f6c6654fd57652371b6cebc0bc594f3e8abe89317fd50bef60:325,0,circular,outside,test_id,self_only,43,-0.9744724197045985,0.03549525818110462,2.6993580116034286
326,0,47d3e5fd43f9c0f6c6654fd57652371b6cebc0bc594f3e8abe89317fd50bef60:326,0,elliptical,outside,test_id,self_only,43,-0.5330260557786647,0.5666619010853863,3.469150615292563
326,1,47d3e5fd43f9c0f6c6654fd57652371b6cebc0bc594f3e8abe89317fd50bef60:326,0,elliptical,outside,test_id,self_only,43,-0.7907502812997523,-0.20754676380871778,3.7325624125347416
327,0,47d3e5fd43f9c0f6c6654fd57652371b6cebc0bc594f3e8abe89317fd50bef60:327,0,elliptical,edge,test_id,self_only,43,-0.1836780769483271,-0.4223397902560139,3.19196813041665
327,1,47d3e5fd43f9c0f6c6654fd57652371b6cebc0bc594f3e8abe89317fd50bef60:327,0,elliptical,edge,test_id,self_only,43,-0.4236097199575129,1.2407068081784343,3.912077957444726
328,0,47d3e5fd43f9c0f6c6654fd57652371b6cebc0bc594f3e8abe89317fd50bef60:328,0,elliptical,inside,test_id,self_only,43,-0.7294094724313441,-0.41411548176526075,3.1206933732965676
328,1,47d3e5fd43f9c0f6c6654fd57652371b6cebc0bc594f3e8abe89317fd50bef60:328,0,elliptical,inside,test_id,self_only,43,0.07468928268988699,0.5414338179516888,2.045925603402744
329,0,47d3e5fd43f9c0f6c6654fd57652371b6cebc0bc594f3e8abe89317fd50bef60:329,1,elliptical,outside,test_id,self_only,43,-0.035733909691971835,-0.2956247560095692,3.7914254058658874
329,1,47d3e5fd43f9c0f6c6654fd57652371b6cebc0bc594f3e8abe89317fd50bef60:329,1,elliptical,outside,test_id,self_only,43,0.5223925547941503,-0.2988199822020436,3.2422674372571603
330,0,47d3e5fd43f9c0f6c6654fd57652371b6cebc0bc594f3e8abe89317fd50bef60:330,1,circular,outside,test_id,self_only,43,-1.5638783139840784,0.38811752876521105,2.8467234691829586
330,1,47d3e5fd43f9c0f6c6654fd57652371b6cebc0bc594f3e8abe89317fd50bef60:330,1,circular,outside,test_id,self_only,43,-0.5872819585458461,0.1358198740172481,3.3914777122453086
331,0,47d3e5fd43f9c0f6c6654fd57652371b6cebc0bc594f3e8abe89317fd50bef60:331,1,elliptical,inside,test_id,self_only,43,-0.4145232004777613,1.0816639729428386,1.844733796732726
331,1,47d3e5fd43f9c0f6c6654fd57652371b6cebc0bc594f3e8abe89317fd50bef60:331,1,elliptical,inside,test_id,self_only,43,-0.6544916791574183,-1.3232732943606282,4.238042171019035
332,0,47d3e5fd43f9c0f6c6654fd57652371b6cebc0bc594f3e8abe89317fd50bef60:332,0,circular,inside,test_id,self_only,43,0.18356857321103187,-0.5681467584681416,3.0679181501109296
332,1,47d3e5fd43f9c0f6c6654fd57652371b6cebc0bc594f3e8abe89317fd50bef60:332,0,circular,inside,test_id,self_only,43,0.09806866816123098,0.576738602726469,1.9555562690623827
333,0,47d3e5fd43f9c0f6c6654fd57652371b6cebc0bc594f3e8abe89317fd50bef60:333,0,elliptical,inside,test_id,self_only,43,-0.41533233353058724,0.007688007562169988,1.9893337540375373
333,1,47d3e5fd43f9c0f6c6654fd57652371b6cebc0bc594f3e8abe89317fd50bef60:333,0,elliptical,inside,test_id,self_only,43,-0.41799245902459053,0.8265697427678204,2.2068537853461105
334,0,47d3e5fd43f9c0f6c6654fd57652371b6cebc0bc594f3e8abe89317fd50bef60:334,1,circular,inside,test_id,self_only,43,-0.2834270162240687,0.3322154947209453,3.4877219849757797
334,1,47d3e5fd43f9c0f6c6654fd57652371b6cebc0bc594f3e8abe89317fd50bef60:334,1,circular,inside,test_id,self_only,43,0.5125650899751958,-0.5504916838717365,3.701014532611051
335,0,47d3e5fd43f9c0f6c6654fd57652371b6cebc0bc594f3e8abe89317fd50bef60:335,0,circular,inside,test_id,self_only,43,-0.13687759765545754,0.6043438979077435,2.746820796783756
335,1,47d3e5fd43f9c0f6c6654fd57652371b6cebc0bc594f3e8abe89317fd50bef60:335,0,circular,inside,test_id,self_only,43,0.15013825765688987,1.2452200718808268,3.4468982032184567
336,0,47d3e5fd43f9c0f6c6654fd57652371b6cebc0bc594f3e8abe89317fd50bef60:336,0,elliptical,outside,test_id,self_only,43,-1.200330988849801,0.503279096691618,4.372725390869907
336,1,47d3e5fd43f9c0f6c6654fd57652371b6cebc0bc594f3e8abe89317fd50bef60:336,0,elliptical,outside,test_id,self_only,43,0.07103817037184805,-0.9355117611002827,2.718655518622558
337,0,47d3e5fd43f9c0f6c6654fd57652371b6cebc0bc594f3e8abe89317fd50bef60:337,1,circular,edge,test_id,self_only,43,-1.1370461148873987,-0.248200499207964,2.8132325534652582
337,1,47d3e5fd43f9c0f6c6654fd57652371b6cebc0bc594f3e8abe89317fd50bef60:337,1,circular,edge,test_id,self_only,43,-0.7344610256807033,-0.22670190850018507,2.779271311433251
338,0,47d3e5fd43f9c0f6c6654fd57652371b6cebc0bc594f3e8abe89317fd50bef60:338,0,circular,edge,test_id,self_only,43,-1.138735906566781,0.6967297264027691,2.306291321092038
338,1,47d3e5fd43f9c0f6c6654fd57652371b6cebc0bc594f3e8abe89317fd50bef60:338,0,circular,edge,test_id,self_only,43,-0.5546607536927882,-0.038059309811582606,3.073601094135455
339,0,47d3e5fd43f9c0f6c6654fd57652371b6cebc0bc594f3e8abe89317fd50bef60:339,0,circular,edge,test_id,self_only,43,-0.2018048329011622,-0.1130252710890675,3.453018300610364
339,1,47d3e5fd43f9c0f6c6654fd57652371b6cebc0bc594f3e8abe89317fd50bef60:339,0,circular,edge,test_id,self_only,43,-0.4911148709909144,-0.5730190209460163,3.589113925950706
340,0,47d3e5fd43f9c0f6c6654fd57652371b6cebc0bc594f3e8abe89317fd50bef60:340,2,circular,outside,test_id,self_only,43,-0.06939031311432749,-0.06290514277040009,3.921421636046323
340,1,47d3e5fd43f9c0f6c6654fd57652371b6cebc0bc594f3e8abe89317fd50bef60:340,2,circular,outside,test_id,self_only,43,-0.16087795921723275,-1.3750218085360433,2.7560426673020952
341,0,47d3e5fd43f9c0f6c6654fd57652371b6cebc0bc594f3e8abe89317fd50bef60:341,2,elliptical,outside,test_ood,self_only,43,-5.620851294483346,-1.9761170081210042,3.0510014793023243
341,1,47d3e5fd43f9c0f6c6654fd57652371b6cebc0bc594f3e8abe89317fd50bef60:341,2,elliptical,outside,test_ood,self_only,43,-5.437132136310739,-0.9991534880709553,3.457801795695955
342,0,47d3e5fd43f9c0f6c6654fd57652371b6cebc0bc594f3e8abe89317fd50bef60:342,2,elliptical,inside,test_ood,self_only,43,0.5279568570001897,-1.2277707985949422,1.5645482618936368
342,1,47d3e5fd43f9c0f6c6654fd57652371b6cebc0bc594f3e8abe89317fd50bef60:342,2,elliptical,inside,test_ood,self_only,43,-0.7359327239648524,-0.40818332949399,0.3148554297729193
343,0,47d3e5fd43f9c0f6c6654fd57652371b6cebc0bc594f3e8abe89317fd50bef60:343,2,circular,inside,test_id,self_only,43,2.309451325450736,-1.6238602332186605,0.2637658568054489
343,1,47d3e5fd43f9c0f6c6654fd57652371b6cebc0bc594f3e8abe89317fd50bef60:343,2,circular,inside,test_id,self_only,43,1.0375664668424902,-1.3515155247759725,1.4297253682733255
344,0,47d3e5fd43f9c0f6c6654fd57652371b6cebc0bc594f3e8abe89317fd50bef60:344,2,circular,inside,test_id,self_only,43,-1.663670079197091,-1.4585095576357747,0.8444506221149138
344,1,47d3e5fd43f9c0f6c6654fd57652371b6cebc0bc594f3e8abe89317fd50bef60:344,2,circular,inside,test_id,self_only,43,-1.1772009296075525,-2.5688251189303304,1.2810689547728749
345,0,47d3e5fd43f9c0f6c6654fd57652371b6cebc0bc594f3e8abe89317fd50bef60:345,2,elliptical,edge,test_ood,self_only,43,0.7585560517652806,-1.7879725627016927,1.3842642985227525
345,1,47d3e5fd43f9c0f6c6654fd57652371b6cebc0bc594f3e8abe89317fd50bef60:345,2,elliptical,edge,test_ood,self_only,43,-0.08125551172654062,-1.061441295535555,1.9460946927003233
346,0,47d3e5fd43f9c0f6c6654fd57652371b6cebc0bc594f3e8abe89317fd50bef60:346,1,elliptical,edge,test_id,self_only,43,-1.3602084083215418,0.17311022361994738,4.367912448302948
346,1,47d3e5fd43f9c0f6c6654fd57652371b6cebc0bc594f3e8abe89317fd50bef60:346,1,elliptical,edge,test_id,self_only,43,0.05054971448023886,0.10506174644709583,2.9556451144180182
347,0,47d3e5fd43f9c0f6c6654fd57652371b6cebc0bc594f3e8abe89317fd50bef60:347,0,circular,outside,test_id,self_only,43,-0.7495496434823695,0.35264719208956713,4.884370418969507
347,1,47d3e5fd43f9c0f6c6654fd57652371b6cebc0bc594f3e8abe89317fd50bef60:347,0,circular,outside,test_id,self_only,43,0.4817833440645513,0.5725318857121563,3.637994271219197
348,0,47d3e5fd43f9c0f6c6654fd57652371b6cebc0bc594f3e8abe89317fd50bef60:348,2,circular,outside,test_id,self_only,43,2.7215459184988315,0.14141777834177965,0.591109524648273
348,1,47d3e5fd43f9c0f6c6654fd57652371b6cebc0bc594f3e8abe89317fd50bef60:348,2,circular,outside,test_id,self_only,43,0.8194739060743627,-0.9134595326495075,2.6318614438239547
349,0,47d3e5fd43f9c0f6c6654fd57652371b6cebc0bc594f3e8abe89317fd50bef60:349,1,elliptical,edge,test_id,self_only,43,-0.050656960691613254,-0.29700886526822096,3.376260575211405
349,1,47d3e5fd43f9c0f6c6654fd57652371b6cebc0bc594f3e8abe89317fd50bef60:349,1,elliptical,edge,test_id,self_only,43,1.309069498096305,-1.3245606354784871,5.069679772412374
350,0,47d3e5fd43f9c0f6c6654fd57652371b6cebc0bc594f3e8abe89317fd50bef60:350,0,elliptical,edge,test_id,self_only,43,-0.5302263660089198,-0.9998949698519611,4.084381688478526
350,1,47d3e5fd43f9c0f6c6654fd57652371b6cebc0bc594f3e8abe89317fd50bef60:350,0,elliptical,edge,test_id,self_only,43,0.04218833020766348,-0.044723453686823886,3.3506945365487217
351,0,47d3e5fd43f9c0f6c6654fd57652371b6cebc0bc594f3e8abe89317fd50bef60:351,1,elliptical,inside,test_id,self_only,43,-0.15381892153183846,-0.6820748976778889,3.1330606238805077
351,1,47d3e5fd43f9c0f6c6654fd57652371b6cebc0bc594f3e8abe89317fd50bef60:351,1,elliptical,inside,test_id,self_only,43,0.6071078615530309,-0.33230923929928785,2.6984001654201553
352,0,47d3e5fd43f9c0f6c6654fd57652371b6cebc0bc594f3e8abe89317fd50bef60:352,2,circular,edge,test_id,self_only,43,-2.0420367879525845,-0.09970001945017819,0.9768378407172885
352,1,47d3e5fd43f9c0f6c6654fd57652371b6cebc0bc594f3e8abe89317fd50bef60:352,2,circular,edge,test_id,self_only,43,-1.9038708371774378,0.5029780336308575,1.353358939435303
353,0,47d3e5fd43f9c0f6c6654fd57652371b6cebc0bc594f3e8abe89317fd50bef60:353,1,circular,outside,test_id,self_only,43,-0.7859256429330531,-0.7016206912112141,3.976821385633292
353,1,47d3e5fd43f9c0f6c6654fd57652371b6cebc0bc594f3e8abe89317fd50bef60:353,1,circular,outside,test_id,self_only,43,-0.8673467797891322,0.5947780080723858,3.227861244639453
354,0,47d3e5fd43f9c0f6c6654fd57652371b6cebc0bc594f3e8abe89317fd50bef60:354,2,elliptical,edge,test_ood,self_only,43,1.6704540090902624,3.8458961316037272,1.1035659283319967
354,1,47d3e5fd43f9c0f6c6654fd57652371b6cebc0bc594f3e8abe89317fd50bef60:354,2,elliptical,edge,test_ood,self_only,43,0.9262817936285314,4.2862244912076095,1.2867123332226313
355,0,47d3e5fd43f9c0f6c6654fd57652371b6cebc0bc594f3e8abe89317fd50bef60:355,2,circular,edge,test_id,self_only,43,-0.4027552766458216,1.8865748711514567,1.1215568069515671
355,1,47d3e5fd43f9c0f6c6654fd57652371b6cebc0bc594f3e8abe89317fd50bef60:355,2,circular,edge,test_id,self_only,43,-0.6650082630769435,2.1511503525662516,0.8583630024613982
356,0,47d3e5fd43f9c0f6c6654fd57652371b6cebc0bc594f3e8abe89317fd50bef60:356,2,elliptical,outside,test_ood,self_only,43,-1.1394174260751428,0.7820437022137737,3.5374129299389074
356,1,47d3e5fd43f9c0f6c6654fd57652371b6cebc0bc594f3e8abe89317fd50bef60:356,2,elliptical,outside,test_ood,self_only,43,-1.082026020969552,-0.4626310400080586,4.687806800436722
357,0,47d3e5fd43f9c0f6c6654fd57652371b6cebc0bc594f3e8abe89317fd50bef60:357,1,elliptical,outside,test_id,self_only,43,-0.9513989848748866,-0.6802093915057087,5.426001021034016
357,1,47d3e5fd43f9c0f6c6654fd57652371b6cebc0bc594f3e8abe89317fd50bef60:357,1,elliptical,outside,test_id,self_only,43,1.7198051052435217,-0.14858858355998045,3.729776695848805
358,0,47d3e5fd43f9c0f6c6654fd57652371b6cebc0bc594f3e8abe89317fd50bef60:358,2,elliptical,inside,test_ood,self_only,43,-1.7401182813302698,2.593639499752531,1.3637155671611454
358,1,47d3e5fd43f9c0f6c6654fd57652371b6cebc0bc594f3e8abe89317fd50bef60:358,2,elliptical,inside,test_ood,self_only,43,-1.7103727025644007,1.7504071064877604,1.0988921180499707
359,0,47d3e5fd43f9c0f6c6654fd57652371b6cebc0bc594f3e8abe89317fd50bef60:359,1,circular,edge,test_id,self_only,43,0.5185113685472783,-0.4051187566828633,3.197152304956574
359,1,47d3e5fd43f9c0f6c6654fd57652371b6cebc0bc594f3e8abe89317fd50bef60:359,1,circular,edge,test_id,self_only,43,-0.1794051391736689,0.7526170082974529,4.492305427918844
0,0,47d3e5fd43f9c0f6c6654fd57652371b6cebc0bc594f3e8abe89317fd50bef60:0,2,circular,outside,test_id,gnn,41,-0.3405321402208033,-2.338188999087801,2.835791579515728
0,1,47d3e5fd43f9c0f6c6654fd57652371b6cebc0bc594f3e8abe89317fd50bef60:0,2,circular,outside,test_id,gnn,41,-2.2704816026345913,-1.3737660578799153,2.4580677419424575
1,0,47d3e5fd43f9c0f6c6654fd57652371b6cebc0bc594f3e8abe89317fd50bef60:1,1,elliptical,outside,test_id,gnn,41,0.6318480806692418,-0.3670632771563435,4.220129464783755
1,1,47d3e5fd43f9c0f6c6654fd57652371b6cebc0bc594f3e8abe89317fd50bef60:1,1,elliptical,outside,test_id,gnn,41,0.5272356109960851,-0.2832014344048405,4.220374463486099
2,0,47d3e5fd43f9c0f6c6654fd57652371b6cebc0bc594f3e8abe89317fd50bef60:2,1,elliptical,inside,test_id,gnn,41,0.2563938932760534,-0.735186331660738,1.29835407183372
2,1,47d3e5fd43f9c0f6c6654fd57652371b6cebc0bc594f3e8abe89317fd50bef60:2,1,elliptical,inside,test_id,gnn,41,0.35087008646567436,-0.3397142223429585,1.6862829063476932
3,0,47d3e5fd43f9c0f6c6654fd57652371b6cebc0bc594f3e8abe89317fd50bef60:3,0,circular,outside,test_id,gnn,41,1.2292935686453161,-0.6889430216860676,4.728273353341657
3,1,47d3e5fd43f9c0f6c6654fd57652371b6cebc0bc594f3e8abe89317fd50bef60:3,0,circular,outside,test_id,gnn,41,-0.6050601763383571,-0.36222111502408033,5.000227691068797
4,0,47d3e5fd43f9c0f6c6654fd57652371b6cebc0bc594f3e8abe89317fd50bef60:4,2,elliptical,inside,test_ood,gnn,41,0.15964630863507362,-0.14133115181445127,2.9061620723601855
4,1,47d3e5fd43f9c0f6c6654fd57652371b6cebc0bc594f3e8abe89317fd50bef60:4,2,elliptical,inside,test_ood,gnn,41,-0.0287803498760882,0.9810284443783855,1.8141564771384815
5,0,47d3e5fd43f9c0f6c6654fd57652371b6cebc0bc594f3e8abe89317fd50bef60:5,0,elliptical,outside,test_id,gnn,41,0.5313576894148168,0.11388734659434314,3.9898686216380055
5,1,47d3e5fd43f9c0f6c6654fd57652371b6cebc0bc594f3e8abe89317fd50bef60:5,0,elliptical,outside,test_id,gnn,41,0.1344451668008146,0.25404534420252795,4.262321798814918
6,0,47d3e5fd43f9c0f6c6654fd57652371b6cebc0bc594f3e8abe89317fd50bef60:6,1,circular,outside,test_id,gnn,41,-0.35929866262833504,0.10961892387152668,3.107028915088273
6,1,47d3e5fd43f9c0f6c6654fd57652371b6cebc0bc594f3e8abe89317fd50bef60:6,1,circular,outside,test_id,gnn,41,-1.2854263944284143,-0.0751795850109959,2.16991981881525
7,0,47d3e5fd43f9c0f6c6654fd57652371b6cebc0bc594f3e8abe89317fd50bef60:7,1,elliptical,edge,test_id,gnn,41,-0.4350177211419764,-0.6546736888003254,3.6523046911682187
7,1,47d3e5fd43f9c0f6c6654fd57652371b6cebc0bc594f3e8abe89317fd50bef60:7,1,elliptical,edge,test_id,gnn,41,0.795729561363059,-0.1709435812544728,2.7988150438977955
8,0,47d3e5fd43f9c0f6c6654fd57652371b6cebc0bc594f3e8abe89317fd50bef60:8,2,elliptical,outside,test_ood,gnn,41,-0.8026942176477138,1.403450734226713,2.3547930995817796
8,1,47d3e5fd43f9c0f6c6654fd57652371b6cebc0bc594f3e8abe89317fd50bef60:8,2,elliptical,outside,test_ood,gnn,41,-0.45052220055024056,1.2682769366192912,2.4460927718507905
9,0,47d3e5fd43f9c0f6c6654fd57652371b6cebc0bc594f3e8abe89317fd50bef60:9,1,circular,edge,test_id,gnn,41,-0.35528223344246773,-0.06659219110130314,3.1496095712973986
9,1,47d3e5fd43f9c0f6c6654fd57652371b6cebc0bc594f3e8abe89317fd50bef60:9,1,circular,edge,test_id,gnn,41,0.4812880592687902,-0.5002629093241596,2.5189145250906293
10,0,47d3e5fd43f9c0f6c6654fd57652371b6cebc0bc594f3e8abe89317fd50bef60:10,0,circular,inside,test_id,gnn,41,0.4995102720602331,0.41701240023852343,2.550694789229869
10,1,47d3e5fd43f9c0f6c6654fd57652371b6cebc0bc594f3e8abe89317fd50bef60:10,0,circular,inside,test_id,gnn,41,-0.3384530706063929,0.7369467683720684,1.773851151043368
11,0,47d3e5fd43f9c0f6c6654fd57652371b6cebc0bc594f3e8abe89317fd50bef60:11,2,elliptical,inside,test_ood,gnn,41,-4.558913962330026,0.7127363749432659,3.2186455579735624
11,1,47d3e5fd43f9c0f6c6654fd57652371b6cebc0bc594f3e8abe89317fd50bef60:11,2,elliptical,inside,test_ood,gnn,41,-4.166286723102731,-0.4327255121779347,2.863696844394546
12,0,47d3e5fd43f9c0f6c6654fd57652371b6cebc0bc594f3e8abe89317fd50bef60:12,0,circular,edge,test_id,gnn,41,0.2562812255962667,-0.16826448658226972,3.2922944893755623
12,1,47d3e5fd43f9c0f6c6654fd57652371b6cebc0bc594f3e8abe89317fd50bef60:12,0,circular,edge,test_id,gnn,41,-0.5014636678353969,-0.2512153766465092,2.530777254571757
13,0,47d3e5fd43f9c0f6c6654fd57652371b6cebc0bc594f3e8abe89317fd50bef60:13,0,elliptical,inside,test_id,gnn,41,-0.514174060310525,0.779658205120573,2.96199136636639
13,1,47d3e5fd43f9c0f6c6654fd57652371b6cebc0bc594f3e8abe89317fd50bef60:13,0,elliptical,inside,test_id,gnn,41,0.38853146008093925,0.10078962823630329,1.8436906122393433
14,0,47d3e5fd43f9c0f6c6654fd57652371b6cebc0bc594f3e8abe89317fd50bef60:14,1,circular,inside,test_id,gnn,41,0.1200548472150144,-0.27488193729638105,2.58176720436352
14,1,47d3e5fd43f9c0f6c6654fd57652371b6cebc0bc594f3e8abe89317fd50bef60:14,1,circular,inside,test_id,gnn,41,-1.171390788044137,-0.5426267317843342,3.4701784176561916
15,0,47d3e5fd43f9c0f6c6654fd57652371b6cebc0bc594f3e8abe89317fd50bef60:15,2,circular,outside,test_id,gnn,41,2.2453350859030063,-2.0625337294649984,1.1451459191212936
15,1,47d3e5fd43f9c0f6c6654fd57652371b6cebc0bc594f3e8abe89317fd50bef60:15,2,circular,outside,test_id,gnn,41,2.8378383951528843,-2.0256224803042318,0.6135224355584322
16,0,47d3e5fd43f9c0f6c6654fd57652371b6cebc0bc594f3e8abe89317fd50bef60:16,0,circular,edge,test_id,gnn,41,-0.01164148130576044,-0.5845919779848957,2.688315230516654
16,1,47d3e5fd43f9c0f6c6654fd57652371b6cebc0bc594f3e8abe89317fd50bef60:16,0,circular,edge,test_id,gnn,41,0.6207029657705602,-0.27021882751702314,3.2767327960389556
17,0,47d3e5fd43f9c0f6c6654fd57652371b6cebc0bc594f3e8abe89317fd50bef60:17,1,elliptical,outside,test_id,gnn,41,-0.14436043926636605,-1.2820405892443563,3.9512148451068807
17,1,47d3e5fd43f9c0f6c6654fd57652371b6cebc0bc594f3e8abe89317fd50bef60:17,1,elliptical,outside,test_id,gnn,41,1.0155598359449682,0.23393130978823656,2.318107576190062
18,0,47d3e5fd43f9c0f6c6654fd57652371b6cebc0bc594f3e8abe89317fd50bef60:18,1,elliptical,inside,test_id,gnn,41,0.6124573784216222,-0.29020660439251905,1.309013299766252
18,1,47d3e5fd43f9c0f6c6654fd57652371b6cebc0bc594f3e8abe89317fd50bef60:18,1,elliptical,inside,test_id,gnn,41,0.6693256931646642,0.40803725203753466,0.6392498476212372
19,0,47d3e5fd43f9c0f6c6654fd57652371b6cebc0bc594f3e8abe89317fd50bef60:19,2,circular,inside,test_id,gnn,41,-1.1646576089517298,-0.6148286394190693,1.8111997870258065
19,1,47d3e5fd43f9c0f6c6654fd57652371b6cebc0bc594f3e8abe89317fd50bef60:19,2,circular,inside,test_id,gnn,41,-0.7503780288354579,-0.6777139238428974,2.1538514288080397
20,0,47d3e5fd43f9c0f6c6654fd57652371b6cebc0bc594f3e8abe89317fd50bef60:20,1,elliptical,edge,test_id,gnn,41,0.9160226421697911,-0.7929273776125813,2.6501600585061977
20,1,47d3e5fd43f9c0f6c6654fd57652371b6cebc0bc594f3e8abe89317fd50bef60:20,1,elliptical,edge,test_id,gnn,41,0.48112110665877433,0.35747114500285143,3.8587508768606815
21,0,47d3e5fd43f9c0f6c6654fd57652371b6cebc0bc594f3e8abe89317fd50bef60:21,2,elliptical,edge,test_ood,gnn,41,4.448967679057914,-2.306842439563265,1.865135629523184
21,1,47d3e5fd43f9c0f6c6654fd57652371b6cebc0bc594f3e8abe89317fd50bef60:21,2,elliptical,edge,test_ood,gnn,41,4.181064827953177,-2.7127836875033284,1.491561124933121
22,0,47d3e5fd43f9c0f6c6654fd57652371b6cebc0bc594f3e8abe89317fd50bef60:22,0,elliptical,edge,test_id,gnn,41,-0.4352545900003138,0.2713331647801494,2.6302728063879655
22,1,47d3e5fd43f9c0f6c6654fd57652371b6cebc0bc594f3e8abe89317fd50bef60:22,0,elliptical,edge,test_id,gnn,41,-0.004650303508442935,0.5918760963368511,3.1287899102007484
23,0,47d3e5fd43f9c0f6c6654fd57652371b6cebc0bc594f3e8abe89317fd50bef60:23,1,circular,outside,test_id,gnn,41,1.3291507797582922,-0.12964171984910017,3.2418682224317132
23,1,47d3e5fd43f9c0f6c6654fd57652371b6cebc0bc594f3e8abe89317fd50bef60:23,1,circular,outside,test_id,gnn,41,0.18641815206845375,-0.8183557323527241,2.902715807162245
24,0,47d3e5fd43f9c0f6c6654fd57652371b6cebc0bc594f3e8abe89317fd50bef60:24,0,elliptical,edge,test_id,gnn,41,-0.09885709115425974,-0.41979198971508985,3.129945078536909
24,1,47d3e5fd43f9c0f6c6654fd57652371b6cebc0bc594f3e8abe89317fd50bef60:24,0,elliptical,edge,test_id,gnn,41,0.577705605541068,-0.5973874262881184,2.436470950940326
25,0,47d3e5fd43f9c0f6c6654fd57652371b6cebc0bc594f3e8abe89317fd50bef60:25,0,elliptical,inside,test_id,gnn,41,0.27261914185126396,0.09299202939749714,1.943684704751245
25,1,47d3e5fd43f9c0f6c6654fd57652371b6cebc0bc594f3e8abe89317fd50bef60:25,0,elliptical,inside,test_id,gnn,41,-1.1741427344934168,-0.8300851515841389,3.3234118740136656
26,0,47d3e5fd43f9c0f6c6654fd57652371b6cebc0bc594f3e8abe89317fd50bef60:26,2,elliptical,outside,test_ood,gnn,41,-0.092970447029275,1.1576248475003337,2.576978887496477
26,1,47d3e5fd43f9c0f6c6654fd57652371b6cebc0bc594f3e8abe89317fd50bef60:26,2,elliptical,outside,test_ood,gnn,41,0.24910081795294853,1.4024846621441935,2.327054352975127
27,0,47d3e5fd43f9c0f6c6654fd57652371b6cebc0bc594f3e8abe89317fd50bef60:27,1,circular,edge,test_id,gnn,41,-0.04354152956168085,-0.20851516047238355,3.268712453124622
27,1,47d3e5fd43f9c0f6c6654fd57652371b6cebc0bc594f3e8abe89317fd50bef60:27,1,circular,edge,test_id,gnn,41,-0.24160666891495614,0.5888713665890789,2.4485357709907314
28,0,47d3e5fd43f9c0f6c6654fd57652371b6cebc0bc594f3e8abe89317fd50bef60:28,2,circular,inside,test_id,gnn,41,-0.01712802925269037,-3.2803190878939534,1.5152100952125898
28,1,47d3e5fd43f9c0f6c6654fd57652371b6cebc0bc594f3e8abe89317fd50bef60:28,2,circular,inside,test_id,gnn,41,-0.1994256240979853,-4.083743446261873,2.320991977147591
29,0,47d3e5fd43f9c0f6c6654fd57652371b6cebc0bc594f3e8abe89317fd50bef60:29,0,circular,inside,test_id,gnn,41,-0.37855397292534737,-0.6046514443468952,1.5495782589624514
29,1,47d3e5fd43f9c0f6c6654fd57652371b6cebc0bc594f3e8abe89317fd50bef60:29,0,circular,inside,test_id,gnn,41,-0.2442341608659449,0.3315452702927684,2.487595857059721
30,0,47d3e5fd43f9c0f6c6654fd57652371b6cebc0bc594f3e8abe89317fd50bef60:30,2,elliptical,edge,test_ood,gnn,41,3.5494706468923862,-1.3837819031786824,1.391156892567037
30,1,47d3e5fd43f9c0f6c6654fd57652371b6cebc0bc594f3e8abe89317fd50bef60:30,2,elliptical,edge,test_ood,gnn,41,3.444813950572806,-0.9930008582186604,0.9925205861225406
31,0,47d3e5fd43f9c0f6c6654fd57652371b6cebc0bc594f3e8abe89317fd50bef60:31,0,circular,outside,test_id,gnn,41,-0.3655763728276911,-0.25742688098668104,4.495555490446504
31,1,47d3e5fd43f9c0f6c6654fd57652371b6cebc0bc594f3e8abe89317fd50bef60:31,0,circular,outside,test_id,gnn,41,-0.6174123448983851,-0.02285083824514393,4.831505698460356
32,0,47d3e5fd43f9c0f6c6654fd57652371b6cebc0bc594f3e8abe89317fd50bef60:32,2,circular,edge,test_id,gnn,41,-1.2988259954110803,-1.5443866185259725,1.7103974257383747
32,1,47d3e5fd43f9c0f6c6654fd57652371b6cebc0bc594f3e8abe89317fd50bef60:32,2,circular,edge,test_id,gnn,41,-0.8013924522058192,-1.329738014132967,2.198923266460549
33,0,47d3e5fd43f9c0f6c6654fd57652371b6cebc0bc594f3e8abe89317fd50bef60:33,2,circular,edge,test_id,gnn,41,-0.8616256875650111,-0.2629676095557118,3.0022768291803006
33,1,47d3e5fd43f9c0f6c6654fd57652371b6cebc0bc594f3e8abe89317fd50bef60:33,2,circular,edge,test_id,gnn,41,0.193068428550559,-0.5495604805064106,3.67572124866233
34,0,47d3e5fd43f9c0f6c6654fd57652371b6cebc0bc594f3e8abe89317fd50bef60:34,0,elliptical,outside,test_id,gnn,41,0.08976754418452353,0.2099753983903026,3.681400723757916
34,1,47d3e5fd43f9c0f6c6654fd57652371b6cebc0bc594f3e8abe89317fd50bef60:34,0,elliptical,outside,test_id,gnn,41,-0.22463838883797554,-0.533038430602541,3.530419492354218
35,0,47d3e5fd43f9c0f6c6654fd57652371b6cebc0bc594f3e8abe89317fd50bef60:35,1,circular,inside,test_id,gnn,41,-0.0334291992441836,0.3516035445618724,2.263921916580143
35,1,47d3e5fd43f9c0f6c6654fd57652371b6cebc0bc594f3e8abe89317fd50bef60:35,1,circular,inside,test_id,gnn,41,-0.34313084312836556,0.3718275495457744,2.249266856930278
36,0,47d3e5fd43f9c0f6c6654fd57652371b6cebc0bc594f3e8abe89317fd50bef60:36,1,circular,edge,test_id,gnn,41,-0.02881052472750574,-1.3992543152880574,1.68014139001418
36,1,47d3e5fd43f9c0f6c6654fd57652371b6cebc0bc594f3e8abe89317fd50bef60:36,1,circular,edge,test_id,gnn,41,0.07160811743577093,0.3954455324101543,3.4499458056012275
37,0,47d3e5fd43f9c0f6c6654fd57652371b6cebc0bc594f3e8abe89317fd50bef60:37,1,elliptical,inside,test_id,gnn,41,1.1997411089285193,-0.9518549970698261,2.152205888464627
37,1,47d3e5fd43f9c0f6c6654fd57652371b6cebc0bc594f3e8abe89317fd50bef60:37,1,elliptical,inside,test_id,gnn,41,0.21766285470564933,-0.395814024598589,3.2415204176784718
38,0,47d3e5fd43f9c0f6c6654fd57652371b6cebc0bc594f3e8abe89317fd50bef60:38,2,elliptical,outside,test_ood,gnn,41,2.6444303827627476,-1.2607477835726644,2.430343524387131
38,1,47d3e5fd43f9c0f6c6654fd57652371b6cebc0bc594f3e8abe89317fd50bef60:38,2,elliptical,outside,test_ood,gnn,41,2.850033028636771,-1.5372530154299642,2.136408743908408
39,0,47d3e5fd43f9c0f6c6654fd57652371b6cebc0bc594f3e8abe89317fd50bef60:39,0,elliptical,outside,test_id,gnn,41,-0.008515456105870303,0.6100474663663006,3.8273414417131977
39,1,47d3e5fd43f9c0f6c6654fd57652371b6cebc0bc594f3e8abe89317fd50bef60:39,0,elliptical,outside,test_id,gnn,41,0.7915800052030858,-0.12148902633904461,4.870555115167711
40,0,47d3e5fd43f9c0f6c6654fd57652371b6cebc0bc594f3e8abe89317fd50bef60:40,2,circular,edge,test_id,gnn,41,-1.4473972482339563,0.4204907484936809,2.9104831239287225
40,1,47d3e5fd43f9c0f6c6654fd57652371b6cebc0bc594f3e8abe89317fd50bef60:40,2,circular,edge,test_id,gnn,41,-0.5907682938234035,0.5111303993153667,3.380337379143651
41,0,47d3e5fd43f9c0f6c6654fd57652371b6cebc0bc594f3e8abe89317fd50bef60:41,2,circular,edge,test_id,gnn,41,-4.1359393758432095,-1.2301562956881429,2.0513615862062418
41,1,47d3e5fd43f9c0f6c6654fd57652371b6cebc0bc594f3e8abe89317fd50bef60:41,2,circular,edge,test_id,gnn,41,-3.960112349476022,-0.3166214160036946,1.2462766545959019
42,0,47d3e5fd43f9c0f6c6654fd57652371b6cebc0bc594f3e8abe89317fd50bef60:42,2,elliptical,edge,test_ood,gnn,41,0.4832031267031011,1.381706602184782,2.967190274195832
42,1,47d3e5fd43f9c0f6c6654fd57652371b6cebc0bc594f3e8abe89317fd50bef60:42,2,elliptical,edge,test_ood,gnn,41,0.9823961096151647,1.1744787760663127,2.6988969656813118
43,0,47d3e5fd43f9c0f6c6654fd57652371b6cebc0bc594f3e8abe89317fd50bef60:43,1,elliptical,outside,test_id,gnn,41,1.781778796230155,-0.7193903855395222,2.6181186954339726
43,1,47d3e5fd43f9c0f6c6654fd57652371b6cebc0bc594f3e8abe89317fd50bef60:43,1,elliptical,outside,test_id,gnn,41,1.680873377834159,-1.4151762656283284,2.2774018371932656
44,0,47d3e5fd43f9c0f6c6654fd57652371b6cebc0bc594f3e8abe89317fd50bef60:44,2,elliptical,outside,test_ood,gnn,41,2.540183289562064,-0.9915580681872272,2.693837514319278
44,1,47d3e5fd43f9c0f6c6654fd57652371b6cebc0bc594f3e8abe89317fd50bef60:44,2,elliptical,outside,test_ood,gnn,41,2.1335234480245884,-0.7830528549265766,2.9464948112270752
45,0,47d3e5fd43f9c0f6c6654fd57652371b6cebc0bc594f3e8abe89317fd50bef60:45,0,circular,inside,test_id,gnn,41,0.18564744165976615,-0.11036425152539257,1.1458734491610316
45,1,47d3e5fd43f9c0f6c6654fd57652371b6cebc0bc594f3e8abe89317fd50bef60:45,0,circular,inside,test_id,gnn,41,-0.7442647380487147,0.1908799030470943,1.615201237157692
46,0,47d3e5fd43f9c0f6c6654fd57652371b6cebc0bc594f3e8abe89317fd50bef60:46,0,elliptical,inside,test_id,gnn,41,-0.6042919320718471,0.19016268035651201,2.913696495083789
46,1,47d3e5fd43f9c0f6c6654fd57652371b6cebc0bc594f3e8abe89317fd50bef60:46,0,elliptical,inside,test_id,gnn,41,0.4193550484522161,-0.50029598990201,3.2700771638615995
47,0,47d3e5fd43f9c0f6c6654fd57652371b6cebc0bc594f3e8abe89317fd50bef60:47,2,elliptical,inside,test_ood,gnn,41,1.1581103639944372,0.3406216867852306,1.1187540059190109
47,1,47d3e5fd43f9c0f6c6654fd57652371b6cebc0bc594f3e8abe89317fd50bef60:47,2,elliptical,inside,test_ood,gnn,41,0.20211480430205436,1.7302315302777385,0.8762050885396301
48,0,47d3e5fd43f9c0f6c6654fd57652371b6cebc0bc594f3e8abe89317fd50bef60:48,0,circular,edge,test_id,gnn,41,-0.09728185960213571,-0.10481842675923352,2.9662171545441938
48,1,47d3e5fd43f9c0f6c6654fd57652371b6cebc0bc594f3e8abe89317fd50bef60:48,0,circular,edge,test_id,gnn,41,0.09026735148270697,0.03907539626837726,3.1810084235123908
49,0,47d3e5fd43f9c0f6c6654fd57652371b6cebc0bc594f3e8abe89317fd50bef60:49,0,circular,inside,test_id,gnn,41,0.06555303058465094,0.9394349523472881,1.6329670908194653
49,1,47d3e5fd43f9c0f6c6654fd57652371b6cebc0bc594f3e8abe89317fd50bef60:49,0,circular,inside,test_id,gnn,41,0.18502215168316932,-0.5938890508723164,2.7501832442993455
50,0,47d3e5fd43f9c0f6c6654fd57652371b6cebc0bc594f3e8abe89317fd50bef60:50,1,elliptical,edge,test_id,gnn,41,-1.1408274335519495,0.7103735872197247,2.305513659023663
50,1,47d3e5fd43f9c0f6c6654fd57652371b6cebc0bc594f3e8abe89317fd50bef60:50,1,elliptical,edge,test_id,gnn,41,0.33196185401518913,-0.8385696343493366,4.215756541717923
51,0,47d3e5fd43f9c0f6c6654fd57652371b6cebc0bc594f3e8abe89317fd50bef60:51,0,elliptical,edge,test_id,gnn,41,-1.4063958091394129,0.023225914000282247,4.436245554057124
51,1,47d3e5fd43f9c0f6c6654fd57652371b6cebc0bc594f3e8abe89317fd50bef60:51,0,elliptical,edge,test_id,gnn,41,0.4276373820646581,0.5012117095875835,2.75692066934313
52,0,47d3e5fd43f9c0f6c6654fd57652371b6cebc0bc594f3e8abe89317fd50bef60:52,0,elliptical,edge,test_id,gnn,41,0.014213851307230893,-0.24545908787964826,4.140502393137726
52,1,47d3e5fd43f9c0f6c6654fd57652371b6cebc0bc594f3e8abe89317fd50bef60:52,0,elliptical,edge,test_id,gnn,41,0.9875169830663976,-0.45971118727444654,4.953046638154279
53,0,47d3e5fd43f9c0f6c6654fd57652371b6cebc0bc594f3e8abe89317fd50bef60:53,0,circular,outside,test_id,gnn,41,-0.11296080180565744,-0.4347791902136708,3.284321151202219
53,1,47d3e5fd43f9c0f6c6654fd57652371b6cebc0bc594f3e8abe89317fd50bef60:53,0,circular,outside,test_id,gnn,41,-0.18600098916451363,-0.49273525992154127,3.1999782533065297
54,0,47d3e5fd43f9c0f6c6654fd57652371b6cebc0bc594f3e8abe89317fd50bef60:54,1,circular,inside,test_id,gnn,41,-0.1271786553518,-0.07134451785801892,3.3919281401814168
54,1,47d3e5fd43f9c0f6c6654fd57652371b6cebc0bc594f3e8abe89317fd50bef60:54,1,circular,inside,test_id,gnn,41,-0.4947115940705958,-0.6953263215136433,3.277380158513991
55,0,47d3e5fd43f9c0f6c6654fd57652371b6cebc0bc594f3e8abe89317fd50bef60:55,2,circular,inside,test_id,gnn,41,0.7628625469549474,2.1831466027188395,2.0017467677439265
55,1,47d3e5fd43f9c0f6c6654fd57652371b6cebc0bc594f3e8abe89317fd50bef60:55,2,circular,inside,test_id,gnn,41,0.705015643153983,2.0131098099637126,2.053395972981659
56,0,47d3e5fd43f9c0f6c6654fd57652371b6cebc0bc594f3e8abe89317fd50bef60:56,2,circular,outside,test_id,gnn,41,3.5557510691030796,-1.5034230879855062,1.470115640573318
56,1,47d3e5fd43f9c0f6c6654fd57652371b6cebc0bc594f3e8abe89317fd50bef60:56,2,circular,outside,test_id,gnn,41,3.963703616176444,-0.854614608676424,1.0462918846882592
57,0,47d3e5fd43f9c0f6c6654fd57652371b6cebc0bc594f3e8abe89317fd50bef60:57,1,elliptical,inside,test_id,gnn,41,0.9436603622778234,0.5616210170674419,1.7033251444256188
57,1,47d3e5fd43f9c0f6c6654fd57652371b6cebc0bc594f3e8abe89317fd50bef60:57,1,elliptical,inside,test_id,gnn,41,-1.0146231813089075,-0.2859524420809651,3.6181186885938432
58,0,47d3e5fd43f9c0f6c6654fd57652371b6cebc0bc594f3e8abe89317fd50bef60:58,0,circular,edge,test_id,gnn,41,-0.7574136418954555,-0.15459431776522642,3.757468545444748
58,1,47d3e5fd43f9c0f6c6654fd57652371b6cebc0bc594f3e8abe89317fd50bef60:58,0,circular,edge,test_id,gnn,41,-0.5279212159768764,0.2686132856297588,3.5556909457897743
59,0,47d3e5fd43f9c0f6c6654fd57652371b6cebc0bc594f3e8abe89317fd50bef60:59,1,elliptical,outside,test_id,gnn,41,0.10590214899619192,-0.09080607885240559,3.9837412770727254
59,1,47d3e5fd43f9c0f6c6654fd57652371b6cebc0bc594f3e8abe89317fd50bef60:59,1,elliptical,outside,test_id,gnn,41,0.4413492517813024,0.43224645337344164,3.410208750705872
60,0,47d3e5fd43f9c0f6c6654fd57652371b6cebc0bc594f3e8abe89317fd50bef60:60,2,circular,inside,test_id,gnn,41,-0.3202020687715235,0.7655262418675518,2.0401292529591784
60,1,47d3e5fd43f9c0f6c6654fd57652371b6cebc0bc594f3e8abe89317fd50bef60:60,2,circular,inside,test_id,gnn,41,-0.9032542867318812,1.434334284870634,1.1532609578888415
61,0,47d3e5fd43f9c0f6c6654fd57652371b6cebc0bc594f3e8abe89317fd50bef60:61,0,elliptical,outside,test_id,gnn,41,-0.4863741559640589,-0.08863148906945233,5.001654795676273
61,1,47d3e5fd43f9c0f6c6654fd57652371b6cebc0bc594f3e8abe89317fd50bef60:61,0,elliptical,outside,test_id,gnn,41,1.174523337398368,-0.5205380252909565,4.505746085583995
62,0,47d3e5fd43f9c0f6c6654fd57652371b6cebc0bc594f3e8abe89317fd50bef60:62,1,circular,outside,test_id,gnn,41,0.6661763029440221,0.18937853655100817,3.1066469621681025
62,1,47d3e5fd43f9c0f6c6654fd57652371b6cebc0bc594f3e8abe89317fd50bef60:62,1,circular,outside,test_id,gnn,41,0.5555442707880315,-0.1865835718226338,3.09104750703041
63,0,47d3e5fd43f9c0f6c6654fd57652371b6cebc0bc594f3e8abe89317fd50bef60:63,2,circular,outside,test_id,gnn,41,-0.8390869063989345,0.3460016616273021,3.022670080103383
63,1,47d3e5fd43f9c0f6c6654fd57652371b6cebc0bc594f3e8abe89317fd50bef60:63,2,circular,outside,test_id,gnn,41,-1.596256749118966,-0.6642947725367451,2.6302810736514215
64,0,47d3e5fd43f9c0f6c6654fd57652371b6cebc0bc594f3e8abe89317fd50bef60:64,1,circular,inside,test_id,gnn,41,-0.15605469175736336,-0.5300422839236164,2.40067002196435
64,1,47d3e5fd43f9c0f6c6654fd57652371b6cebc0bc594f3e8abe89317fd50bef60:64,1,circular,inside,test_id,gnn,41,0.6978935437544164,-1.123827212245455,2.6053716646831635
65,0,47d3e5fd43f9c0f6c6654fd57652371b6cebc0bc594f3e8abe89317fd50bef60:65,2,elliptical,inside,test_ood,gnn,41,-2.6417286557809536,2.612246162502775,2.9767766733188687
65,1,47d3e5fd43f9c0f6c6654fd57652371b6cebc0bc594f3e8abe89317fd50bef60:65,2,elliptical,inside,test_ood,gnn,41,-1.892781512226266,2.3510614701199626,2.2676463754196123
66,0,47d3e5fd43f9c0f6c6654fd57652371b6cebc0bc594f3e8abe89317fd50bef60:66,2,elliptical,edge,test_ood,gnn,41,3.951173050914603,-3.839104049594393,2.923342706416743
66,1,47d3e5fd43f9c0f6c6654fd57652371b6cebc0bc594f3e8abe89317fd50bef60:66,2,elliptical,edge,test_ood,gnn,41,3.7756912546499546,-4.28069149771451,2.9206143817707164
67,0,47d3e5fd43f9c0f6c6654fd57652371b6cebc0bc594f3e8abe89317fd50bef60:67,1,circular,outside,test_id,gnn,41,0.2767115669592199,0.022181640623817403,3.828922806726694
67,1,47d3e5fd43f9c0f6c6654fd57652371b6cebc0bc594f3e8abe89317fd50bef60:67,1,circular,outside,test_id,gnn,41,0.5086101727827367,0.727842278091917,3.1225195531836363
68,0,47d3e5fd43f9c0f6c6654fd57652371b6cebc0bc594f3e8abe89317fd50bef60:68,0,circular,outside,test_id,gnn,41,-0.24908532329956917,-0.41205840626477247,3.353935808217448
68,1,47d3e5fd43f9c0f6c6654fd57652371b6cebc0bc594f3e8abe89317fd50bef60:68,0,circular,outside,test_id,gnn,41,0.025117656801539365,-0.4973123601984883,3.2153406421138917
69,0,47d3e5fd43f9c0f6c6654fd57652371b6cebc0bc594f3e8abe89317fd50bef60:69,1,elliptical,edge,test_id,gnn,41,0.7030410008772191,-0.9016219309878254,2.41613153751824
69,1,47d3e5fd43f9c0f6c6654fd57652371b6cebc0bc594f3e8abe89317fd50bef60:69,1,elliptical,edge,test_id,gnn,41,-0.2960798604146662,-0.4258037737917805,3.5164495458573906
70,0,47d3e5fd43f9c0f6c6654fd57652371b6cebc0bc594f3e8abe89317fd50bef60:70,1,circular,edge,test_id,gnn,41,-0.18060125538269906,-0.6274289421152973,4.40754597894958
70,1,47d3e5fd43f9c0f6c6654fd57652371b6cebc0bc594f3e8abe89317fd50bef60:70,1,circular,edge,test_id,gnn,41,-0.12288068362633615,-0.4027606777262593,4.275916732441779
71,0,47d3e5fd43f9c0f6c6654fd57652371b6cebc0bc594f3e8abe89317fd50bef60:71,0,elliptical,inside,test_id,gnn,41,-0.2553634507314387,0.5152586170125103,3.2936728472348755
71,1,47d3e5fd43f9c0f6c6654fd57652371b6cebc0bc594f3e8abe89317fd50bef60:71,0,elliptical,inside,test_id,gnn,41,0.38714681438048454,-0.8557044200014973,1.8447696666021254
72,0,47d3e5fd43f9c0f6c6654fd57652371b6cebc0bc594f3e8abe89317fd50bef60:72,2,circular,inside,test_id,gnn,41,-0.6659970445291225,-0.04320276969789509,1.4055667840825734
72,1,47d3e5fd43f9c0f6c6654fd57652371b6cebc0bc594f3e8abe89317fd50bef60:72,2,circular,inside,test_id,gnn,41,0.32139210275252433,1.1745079823422526,0.9751765849994185
73,0,47d3e5fd43f9c0f6c6654fd57652371b6cebc0bc594f3e8abe89317fd50bef60:73,2,elliptical,edge,test_ood,gnn,41,-0.29723777004639534,0.6117460199284649,3.841382548281987
73,1,47d3e5fd43f9c0f6c6654fd57652371b6cebc0bc594f3e8abe89317fd50bef60:73,2,elliptical,edge,test_ood,gnn,41,0.5285166936262425,0.945670134632597,2.997608742592439
74,0,47d3e5fd43f9c0f6c6654fd57652371b6cebc0bc594f3e8abe89317fd50bef60:74,1,elliptical,outside,test_id,gnn,41,0.5842905478819188,0.5002739497113323,3.7509387947428268
74,1,47d3e5fd43f9c0f6c6654fd57652371b6cebc0bc594f3e8abe89317fd50bef60:74,1,elliptical,outside,test_id,gnn,41,0.6532971697195348,0.48566526850939745,3.718375670198235
75,0,47d3e5fd43f9c0f6c6654fd57652371b6cebc0bc594f3e8abe89317fd50bef60:75,0,circular,inside,test_id,gnn,41,0.48153738549788566,0.41955471715212816,3.760186248610544
75,1,47d3e5fd43f9c0f6c6654fd57652371b6cebc0bc594f3e8abe89317fd50bef60:75,0,circular,inside,test_id,gnn,41,-0.8108439607278529,-0.8411556414675617,3.7967457098509456
76,0,47d3e5fd43f9c0f6c6654fd57652371b6cebc0bc594f3e8abe89317fd50bef60:76,1,elliptical,outside,test_id,gnn,41,-0.8865876359597865,-0.05494116687892918,3.1297281805241224
76,1,47d3e5fd43f9c0f6c6654fd57652371b6cebc0bc594f3e8abe89317fd50bef60:76,1,elliptical,outside,test_id,gnn,41,-1.0091611308709802,-0.12686435201882368,2.987745810435722
77,0,47d3e5fd43f9c0f6c6654fd57652371b6cebc0bc594f3e8abe89317fd50bef60:77,2,circular,outside,test_id,gnn,41,-0.36753063031594185,-2.0339246920657064,2.1038442970124303
77,1,47d3e5fd43f9c0f6c6654fd57652371b6cebc0bc594f3e8abe89317fd50bef60:77,2,circular,outside,test_id,gnn,41,0.061905673359232846,-1.8570982150149251,2.5336344711057452
78,0,47d3e5fd43f9c0f6c6654fd57652371b6cebc0bc594f3e8abe89317fd50bef60:78,2,elliptical,outside,test_ood,gnn,41,-0.9830454749719325,-0.3911746672701741,3.5427191370539854
78,1,47d3e5fd43f9c0f6c6654fd57652371b6cebc0bc594f3e8abe89317fd50bef60:78,2,elliptical,outside,test_ood,gnn,41,-0.42883806058327584,-0.04910463535903935,4.1823782678845065
79,0,47d3e5fd43f9c0f6c6654fd57652371b6cebc0bc594f3e8abe89317fd50bef60:79,0,elliptical,outside,test_id,gnn,41,-0.8173952264444057,0.12083899161101337,3.450376228986536
79,1,47d3e5fd43f9c0f6c6654fd57652371b6cebc0bc594f3e8abe89317fd50bef60:79,0,elliptical,outside,test_id,gnn,41,0.3678881364210424,-0.1569774083208943,4.621404685928995
80,0,47d3e5fd43f9c0f6c6654fd57652371b6cebc0bc594f3e8abe89317fd50bef60:80,0,elliptical,inside,test_id,gnn,41,0.1417853446944532,0.11711011013270374,2.2417151999400917
80,1,47d3e5fd43f9c0f6c6654fd57652371b6cebc0bc594f3e8abe89317fd50bef60:80,0,elliptical,inside,test_id,gnn,41,0.08853506914218039,-0.6433417729449177,1.4853446078449961
81,0,47d3e5fd43f9c0f6c6654fd57652371b6cebc0bc594f3e8abe89317fd50bef60:81,2,circular,edge,test_id,gnn,41,2.8977334337576206,-1.9438966445040609,0.19631233748180663
81,1,47d3e5fd43f9c0f6c6654fd57652371b6cebc0bc594f3e8abe89317fd50bef60:81,2,circular,edge,test_id,gnn,41,2.8488585787161167,-2.477409713656893,0.3959257920187358
82,0,47d3e5fd43f9c0f6c6654fd57652371b6cebc0bc594f3e8abe89317fd50bef60:82,1,circular,edge,test_id,gnn,41,-0.3406959337846461,-0.521564745099535,3.6268056283396355
82,1,47d3e5fd43f9c0f6c6654fd57652371b6cebc0bc594f3e8abe89317fd50bef60:82,1,circular,edge,test_id,gnn,41,0.029881975267725888,0.5152540274548626,3.3500939011934228
83,0,47d3e5fd43f9c0f6c6654fd57652371b6cebc0bc594f3e8abe89317fd50bef60:83,0,elliptical,outside,test_id,gnn,41,0.14592665306170555,-0.24973962524651533,3.835040028829512
83,1,47d3e5fd43f9c0f6c6654fd57652371b6cebc0bc594f3e8abe89317fd50bef60:83,0,elliptical,outside,test_id,gnn,41,-0.3898168367997828,-1.0126792124819661,3.3363714135273623
84,0,47d3e5fd43f9c0f6c6654fd57652371b6cebc0bc594f3e8abe89317fd50bef60:84,1,elliptical,inside,test_id,gnn,41,-1.7765071553842249,0.2545059390950298,2.7921849791871356
84,1,47d3e5fd43f9c0f6c6654fd57652371b6cebc0bc594f3e8abe89317fd50bef60:84,1,elliptical,inside,test_id,gnn,41,-0.06978328653733164,-0.6889531544756794,2.0198571372660625
85,0,47d3e5fd43f9c0f6c6654fd57652371b6cebc0bc594f3e8abe89317fd50bef60:85,2,elliptical,edge,test_ood,gnn,41,0.9694455104215917,-0.3440334729266072,2.6578386128111697
85,1,47d3e5fd43f9c0f6c6654fd57652371b6cebc0bc594f3e8abe89317fd50bef60:85,2,elliptical,edge,test_ood,gnn,41,-0.6192386908189479,0.34587616404772753,3.662218543344601
86,0,47d3e5fd43f9c0f6c6654fd57652371b6cebc0bc594f3e8abe89317fd50bef60:86,2,elliptical,outside,test_ood,gnn,41,0.8842561083181676,0.9241728850293255,2.681888786851291
86,1,47d3e5fd43f9c0f6c6654fd57652371b6cebc0bc594f3e8abe89317fd50bef60:86,2,elliptical,outside,test_ood,gnn,41,-0.08512543269555002,2.653256542294035,2.3624074880152555
87,0,47d3e5fd43f9c0f6c6654fd57652371b6cebc0bc594f3e8abe89317fd50bef60:87,1,circular,inside,test_id,gnn,41,-0.25716091820160775,0.1696902730155086,0.7230759379173679
87,1,47d3e5fd43f9c0f6c6654fd57652371b6cebc0bc594f3e8abe89317fd50bef60:87,1,circular,inside,test_id,gnn,41,-0.2529936594621363,0.35451302608729357,0.8234531361873171
88,0,47d3e5fd43f9c0f6c6654fd57652371b6cebc0bc594f3e8abe89317fd50bef60:88,0,elliptical,edge,test_id,gnn,41,-0.5415991110459987,0.030736408441076238,3.789521821783148
88,1,47d3e5fd43f9c0f6c6654fd57652371b6cebc0bc594f3e8abe89317fd50bef60:88,0,elliptical,edge,test_id,gnn,41,-0.5525576038018886,0.10742963036776539,3.844670698961848
89,0,47d3e5fd43f9c0f6c6654fd57652371b6cebc0bc594f3e8abe89317fd50bef60:89,2,elliptical,inside,test_ood,gnn,41,-5.348068968738717,3.703465110867033,4.626710035422971
89,1,47d3e5fd43f9c0f6c6654fd57652371b6cebc0bc594f3e8abe89317fd50bef60:89,2,elliptical,inside,test_ood,gnn,41,-4.310230509723825,4.012011177151213,4.179666499480009
90,0,47d3e5fd43f9c0f6c6654fd57652371b6cebc0bc594f3e8abe89317fd50bef60:90,1,elliptical,inside,test_id,gnn,41,0.946906729255515,-0.5023818544459248,3.7401687369892227
90,1,47d3e5fd43f9c0f6c6654fd57652371b6cebc0bc594f3e8abe89317fd50bef60:90,1,elliptical,inside,test_id,gnn,41,-0.1610764128820124,0.03998375615359302,2.51081830490396
91,0,47d3e5fd43f9c0f6c6654fd57652371b6cebc0bc594f3e8abe89317fd50bef60:91,0,circular,edge,test_id,gnn,41,-1.1268381042138758,0.8935279913830853,2.154771236665196
91,1,47d3e5fd43f9c0f6c6654fd57652371b6cebc0bc594f3e8abe89317fd50bef60:91,0,circular,edge,test_id,gnn,41,-0.057903961624306735,-0.23874775388955122,3.5787993308523203
92,0,47d3e5fd43f9c0f6c6654fd57652371b6cebc0bc594f3e8abe89317fd50bef60:92,2,circular,inside,test_id,gnn,41,1.4693288641317663,1.1302505799222087,0.5451890681423538
92,1,47d3e5fd43f9c0f6c6654fd57652371b6cebc0bc594f3e8abe89317fd50bef60:92,2,circular,inside,test_id,gnn,41,0.6906380491598424,0.9931266375470257,1.2601097674187114
93,0,47d3e5fd43f9c0f6c6654fd57652371b6cebc0bc594f3e8abe89317fd50bef60:93,0,elliptical,edge,test_id,gnn,41,0.4146933989866552,-0.5007757476878071,3.534437900248966
93,1,47d3e5fd43f9c0f6c6654fd57652371b6cebc0bc594f3e8abe89317fd50bef60:93,0,elliptical,edge,test_id,gnn,41,0.45853592327674003,0.21925405344248766,3.8243516173818195
94,0,47d3e5fd43f9c0f6c6654fd57652371b6cebc0bc594f3e8abe89317fd50bef60:94,1,circular,edge,test_id,gnn,41,0.08849208674271673,0.24265045603991503,3.6000138857047475
94,1,47d3e5fd43f9c0f6c6654fd57652371b6cebc0bc594f3e8abe89317fd50bef60:94,1,circular,edge,test_id,gnn,41,-0.5448603195802394,-0.6015398434710407,2.65305873713291
95,0,47d3e5fd43f9c0f6c6654fd57652371b6cebc0bc594f3e8abe89317fd50bef60:95,0,circular,inside,test_id,gnn,41,0.33226846030791374,0.43026596984148974,2.25427266090435
95,1,47d3e5fd43f9c0f6c6654fd57652371b6cebc0bc594f3e8abe89317fd50bef60:95,0,circular,inside,test_id,gnn,41,-0.12432171532074839,-0.21879626134156233,2.9921956778000234
96,0,47d3e5fd43f9c0f6c6654fd57652371b6cebc0bc594f3e8abe89317fd50bef60:96,0,circular,outside,test_id,gnn,41,0.06986872724135489,-0.2396264902663136,4.281540113778753
96,1,47d3e5fd43f9c0f6c6654fd57652371b6cebc0bc594f3e8abe89317fd50bef60:96,0,circular,outside,test_id,gnn,41,-0.1823498768464747,0.15320197424174303,4.498371973193372
97,0,47d3e5fd43f9c0f6c6654fd57652371b6cebc0bc594f3e8abe89317fd50bef60:97,1,circular,outside,test_id,gnn,41,0.04117076716263861,-0.48509740153073316,4.556479961318954
97,1,47d3e5fd43f9c0f6c6654fd57652371b6cebc0bc594f3e8abe89317fd50bef60:97,1,circular,outside,test_id,gnn,41,-0.2799504561082545,-0.11418599704026226,4.107919873829972
98,0,47d3e5fd43f9c0f6c6654fd57652371b6cebc0bc594f3e8abe89317fd50bef60:98,1,elliptical,edge,test_id,gnn,41,-0.7496161622659389,-0.4963428310465718,2.5856143036517896
98,1,47d3e5fd43f9c0f6c6654fd57652371b6cebc0bc594f3e8abe89317fd50bef60:98,1,elliptical,edge,test_id,gnn,41,0.6821079688413915,-0.35672941127537733,3.3620126366783567
99,0,47d3e5fd43f9c0f6c6654fd57652371b6cebc0bc594f3e8abe89317fd50bef60:99,2,circular,edge,test_id,gnn,41,-1.238403694118661,-0.8287993601870441,2.767948833206807
99,1,47d3e5fd43f9c0f6c6654fd57652371b6cebc0bc594f3e8abe89317fd50bef60:99,2,circular,edge,test_id,gnn,41,-1.7182176274911585,-0.705762617976656,2.6064686134490147
100,0,47d3e5fd43f9c0f6c6654fd57652371b6cebc0bc594f3e8abe89317fd50bef60:100,0,circular,outside,test_id,gnn,41,1.0059759455068884,-0.14970222929238325,3.709809677168045
100,1,47d3e5fd43f9c0f6c6654fd57652371b6cebc0bc594f3e8abe89317fd50bef60:100,0,circular,outside,test_id,gnn,41,-0.8927817506448451,0.2621284790921306,4.252626707753822
101,0,47d3e5fd43f9c0f6c6654fd57652371b6cebc0bc594f3e8abe89317fd50bef60:101,1,elliptical,edge,test_id,gnn,41,1.2191228704794226,-0.0017838298690224103,1.7925894216724023
101,1,47d3e5fd43f9c0f6c6654fd57652371b6cebc0bc594f3e8abe89317fd50bef60:101,1,elliptical,edge,test_id,gnn,41,-0.01947643735567957,0.4692655869412517,3.03121151429101
102,0,47d3e5fd43f9c0f6c6654fd57652371b6cebc0bc594f3e8abe89317fd50bef60:102,0,circular,edge,test_id,gnn,41,-0.6534055633203212,-0.34030073204754835,4.907439629030817
102,1,47d3e5fd43f9c0f6c6654fd57652371b6cebc0bc594f3e8abe89317fd50bef60:102,0,circular,edge,test_id,gnn,41,0.29142576328356834,0.07997267624617573,3.943467234835701
103,0,47d3e5fd43f9c0f6c6654fd57652371b6cebc0bc594f3e8abe89317fd50bef60:103,2,circular,outside,test_id,gnn,41,2.4124882059439,1.4096685715603923,1.3210989997989928
103,1,47d3e5fd43f9c0f6c6654fd57652371b6cebc0bc594f3e8abe89317fd50bef60:103,2,circular,outside,test_id,gnn,41,2.133649094615775,0.8711313076901531,1.8297177814325025
104,0,47d3e5fd43f9c0f6c6654fd57652371b6cebc0bc594f3e8abe89317fd50bef60:104,2,elliptical,inside,test_ood,gnn,41,0.6906668978079137,-0.9829299382281208,1.3503583695095331
104,1,47d3e5fd43f9c0f6c6654fd57652371b6cebc0bc594f3e8abe89317fd50bef60:104,2,elliptical,inside,test_ood,gnn,41,0.5555414991720494,-1.4574917487215902,0.8608295341992904
105,0,47d3e5fd43f9c0f6c6654fd57652371b6cebc0bc594f3e8abe89317fd50bef60:105,0,elliptical,inside,test_id,gnn,41,0.215161694799262,0.6934408017087078,2.457456416877101
105,1,47d3e5fd43f9c0f6c6654fd57652371b6cebc0bc594f3e8abe89317fd50bef60:105,0,elliptical,inside,test_id,gnn,41,0.12816258392174812,-0.3948503068995381,3.1583153804289124
106,0,47d3e5fd43f9c0f6c6654fd57652371b6cebc0bc594f3e8abe89317fd50bef60:106,1,circular,outside,test_id,gnn,41,0.674883111034232,0.358701653091917,4.4273494474904
106,1,47d3e5fd43f9c0f6c6654fd57652371b6cebc0bc594f3e8abe89317fd50bef60:106,1,circular,outside,test_id,gnn,41,-0.24939124413887886,-0.4298745326113606,4.108287550753349
107,0,47d3e5fd43f9c0f6c6654fd57652371b6cebc0bc594f3e8abe89317fd50bef60:107,1,circular,inside,test_id,gnn,41,-0.7021626395837489,-0.21378509023903852,3.7166798439394406
107,1,47d3e5fd43f9c0f6c6654fd57652371b6cebc0bc594f3e8abe89317fd50bef60:107,1,circular,inside,test_id,gnn,41,1.103602035556632,0.07648395678282734,2.7048430559692545
108,0,47d3e5fd43f9c0f6c6654fd57652371b6cebc0bc594f3e8abe89317fd50bef60:108,1,circular,outside,test_id,gnn,41,0.9747468071325597,-0.34396746078251844,3.97421696735671
108,1,47d3e5fd43f9c0f6c6654fd57652371b6cebc0bc594f3e8abe89317fd50bef60:108,1,circular,outside,test_id,gnn,41,0.9019832449301061,-0.20989180424927717,3.8383855086844108
109,0,47d3e5fd43f9c0f6c6654fd57652371b6cebc0bc594f3e8abe89317fd50bef60:109,2,circular,inside,test_id,gnn,41,-3.0785238904611294,-0.0499321191918755,1.410698769332289
109,1,47d3e5fd43f9c0f6c6654fd57652371b6cebc0bc594f3e8abe89317fd50bef60:109,2,circular,inside,test_id,gnn,41,-2.282570616687936,0.6153270669865704,0.6729274093559451
110,0,47d3e5fd43f9c0f6c6654fd57652371b6cebc0bc594f3e8abe89317fd50bef60:110,2,elliptical,edge,test_ood,gnn,41,-0.14867438503662972,0.6262066431927776,3.4262206356660845
110,1,47d3e5fd43f9c0f6c6654fd57652371b6cebc0bc594f3e8abe89317fd50bef60:110,2,elliptical,edge,test_ood,gnn,41,-1.855397955860299,0.7087171145367718,2.415275374917918
111,0,47d3e5fd43f9c0f6c6654fd57652371b6cebc0bc594f3e8abe89317fd50bef60:111,1,elliptical,outside,test_id,gnn,41,0.8533022241934117,-0.7148060731005573,6.0257569712819725
111,1,47d3e5fd43f9c0f6c6654fd57652371b6cebc0bc594f3e8abe89317fd50bef60:111,1,elliptical,outside,test_id,gnn,41,0.40946923068602653,-0.09372691506265644,5.264341449835821
112,0,47d3e5fd43f9c0f6c6654fd57652371b6cebc0bc594f3e8abe89317fd50bef60:112,1,elliptical,edge,test_id,gnn,41,0.0838617222650823,0.47312617978335375,3.811116018359211
112,1,47d3e5fd43f9c0f6c6654fd57652371b6cebc0bc594f3e8abe89317fd50bef60:112,1,elliptical,edge,test_id,gnn,41,-0.44593759008805184,-0.3098455599856282,4.727648530523215
113,0,47d3e5fd43f9c0f6c6654fd57652371b6cebc0bc594f3e8abe89317fd50bef60:113,0,elliptical,outside,test_id,gnn,41,-0.06394286581437021,-0.40017261424778944,4.129317223021849
113,1,47d3e5fd43f9c0f6c6654fd57652371b6cebc0bc594f3e8abe89317fd50bef60:113,0,elliptical,outside,test_id,gnn,41,-0.8866094512597743,-0.3137108615946675,4.906856571161124
114,0,47d3e5fd43f9c0f6c6654fd57652371b6cebc0bc594f3e8abe89317fd50bef60:114,1,elliptical,inside,test_id,gnn,41,-0.5153624577180568,0.996586448757658,0.8070232090401102
114,1,47d3e5fd43f9c0f6c6654fd57652371b6cebc0bc594f3e8abe89317fd50bef60:114,1,elliptical,inside,test_id,gnn,41,0.3567435877664861,-0.260854609997263,0.7834071165695478
115,0,47d3e5fd43f9c0f6c6654fd57652371b6cebc0bc594f3e8abe89317fd50bef60:115,2,circular,outside,test_id,gnn,41,-2.2332623166696255,-0.6612443856310749,2.480269093478176
115,1,47d3e5fd43f9c0f6c6654fd57652371b6cebc0bc594f3e8abe89317fd50bef60:115,2,circular,outside,test_id,gnn,41,-1.8123850984231653,-1.3845938376498128,2.3056879321932002
116,0,47d3e5fd43f9c0f6c6654fd57652371b6cebc0bc594f3e8abe89317fd50bef60:116,1,elliptical,outside,test_id,gnn,41,0.24860949686606498,-0.2195454470229054,4.166478786984723
116,1,47d3e5fd43f9c0f6c6654fd57652371b6cebc0bc594f3e8abe89317fd50bef60:116,1,elliptical,outside,test_id,gnn,41,0.06842842570384115,0.41190142115832323,3.989916003405875
117,0,47d3e5fd43f9c0f6c6654fd57652371b6cebc0bc594f3e8abe89317fd50bef60:117,0,elliptical,edge,test_id,gnn,41,0.1246036501868543,-0.6322085193705463,4.500627059883705
117,1,47d3e5fd43f9c0f6c6654fd57652371b6cebc0bc594f3e8abe89317fd50bef60:117,0,elliptical,edge,test_id,gnn,41,0.8099036054952916,-0.09136636996387486,3.6669353860166995
118,0,47d3e5fd43f9c0f6c6654fd57652371b6cebc0bc594f3e8abe89317fd50bef60:118,1,circular,inside,test_id,gnn,41,-0.08733807631890207,-0.5306538871836567,3.5047736101159632
118,1,47d3e5fd43f9c0f6c6654fd57652371b6cebc0bc594f3e8abe89317fd50bef60:118,1,circular,inside,test_id,gnn,41,0.2674112307174978,-0.06780250439166073,3.2512727341892185
119,0,47d3e5fd43f9c0f6c6654fd57652371b6cebc0bc594f3e8abe89317fd50bef60:119,2,elliptical,outside,test_ood,gnn,41,-1.0047859115258875,3.1960748501706218,1.1872740309604115
119,1,47d3e5fd43f9c0f6c6654fd57652371b6cebc0bc594f3e8abe89317fd50bef60:119,2,elliptical,outside,test_ood,gnn,41,-0.4130024773732844,2.443563110439787,1.330403359014828
120,0,47d3e5fd43f9c0f6c6654fd57652371b6cebc0bc594f3e8abe89317fd50bef60:120,0,circular,inside,test_id,gnn,41,0.681571527038413,0.036082855670461614,4.385825292221989
120,1,47d3e5fd43f9c0f6c6654fd57652371b6cebc0bc594f3e8abe89317fd50bef60:120,0,circular,inside,test_id,gnn,41,0.2600677894695577,-0.7663770250391865,3.5689777470805666
121,0,47d3e5fd43f9c0f6c6654fd57652371b6cebc0bc594f3e8abe89317fd50bef60:121,0,circular,outside,test_id,gnn,41,0.010763547037440244,-0.029235859156837504,4.222089499482806
121,1,47d3e5fd43f9c0f6c6654fd57652371b6cebc0bc594f3e8abe89317fd50bef60:121,0,circular,outside,test_id,gnn,41,-1.0592289132730188,-0.05011883446692471,5.111719578328318
122,0,47d3e5fd43f9c0f6c6654fd57652371b6cebc0bc594f3e8abe89317fd50bef60:122,0,circular,edge,test_id,gnn,41,-0.9055208129541102,-0.4195322326731587,3.120747411647401
122,1,47d3e5fd43f9c0f6c6654fd57652371b6cebc0bc594f3e8abe89317fd50bef60:122,0,circular,edge,test_id,gnn,41,1.297320468936759,-0.8403689793658161,4.508771708169027
123,0,47d3e5fd43f9c0f6c6654fd57652371b6cebc0bc594f3e8abe89317fd50bef60:123,0,circular,edge,test_id,gnn,41,0.07319017371972174,-0.9561421803545856,3.3147608888678577
123,1,47d3e5fd43f9c0f6c6654fd57652371b6cebc0bc594f3e8abe89317fd50bef60:123,0,circular,edge,test_id,gnn,41,-0.3864005071775141,-0.6075446538042927,3.8915414512874458
124,0,47d3e5fd43f9c0f6c6654fd57652371b6cebc0bc594f3e8abe89317fd50bef60:124,0,circular,outside,test_id,gnn,41,0.9026354389532384,0.0406542264509296,5.221218559390055
124,1,47d3e5fd43f9c0f6c6654fd57652371b6cebc0bc594f3e8abe89317fd50bef60:124,0,circular,outside,test_id,gnn,41,0.5793161826475438,-0.36358102479695326,4.710058779612948
125,0,47d3e5fd43f9c0f6c6654fd57652371b6cebc0bc594f3e8abe89317fd50bef60:125,2,circular,inside,test_id,gnn,41,0.9240861969335851,-0.5531294278216267,1.642356353099258
125,1,47d3e5fd43f9c0f6c6654fd57652371b6cebc0bc594f3e8abe89317fd50bef60:125,2,circular,inside,test_id,gnn,41,0.6690856652601537,-0.6405205658984089,1.7410336478448645
126,0,47d3e5fd43f9c0f6c6654fd57652371b6cebc0bc594f3e8abe89317fd50bef60:126,2,circular,edge,test_id,gnn,41,-2.391616837467355,-3.72321759978055,1.6782889456532295
126,1,47d3e5fd43f9c0f6c6654fd57652371b6cebc0bc594f3e8abe89317fd50bef60:126,2,circular,edge,test_id,gnn,41,-1.0478865070001306,-2.8512555293154622,2.0711959950634133
127,0,47d3e5fd43f9c0f6c6654fd57652371b6cebc0bc594f3e8abe89317fd50bef60:127,0,elliptical,outside,test_id,gnn,41,0.41406671575148674,-0.34204074064015394,3.9877002247671727
127,1,47d3e5fd43f9c0f6c6654fd57652371b6cebc0bc594f3e8abe89317fd50bef60:127,0,elliptical,outside,test_id,gnn,41,0.046246333633261624,-0.18782570281743055,3.7400110406070644
128,0,47d3e5fd43f9c0f6c6654fd57652371b6cebc0bc594f3e8abe89317fd50bef60:128,0,elliptical,inside,test_id,gnn,41,-0.3749742073671046,0.4374691315579509,3.9072796677946293
128,1,47d3e5fd43f9c0f6c6654fd57652371b6cebc0bc594f3e8abe89317fd50bef60:128,0,elliptical,inside,test_id,gnn,41,0.0894818218692121,-0.19953764298676496,3.1270432443596046
129,0,47d3e5fd43f9c0f6c6654fd57652371b6cebc0bc594f3e8abe89317fd50bef60:129,0,circular,inside,test_id,gnn,41,0.1929294156177816,-0.4331091574740315,3.3325339296472474
129,1,47d3e5fd43f9c0f6c6654fd57652371b6cebc0bc594f3e8abe89317fd50bef60:129,0,circular,inside,test_id,gnn,41,-0.45168747135559945,0.3129181929516887,3.3747004699967693
130,0,47d3e5fd43f9c0f6c6654fd57652371b6cebc0bc594f3e8abe89317fd50bef60:130,1,circular,edge,test_id,gnn,41,0.23579726985533805,-0.6581457785677814,3.286436423501279
130,1,47d3e5fd43f9c0f6c6654fd57652371b6cebc0bc594f3e8abe89317fd50bef60:130,1,circular,edge,test_id,gnn,41,-0.5086709422723475,-0.07797407800077442,2.745987933289092
131,0,47d3e5fd43f9c0f6c6654fd57652371b6cebc0bc594f3e8abe89317fd50bef60:131,2,circular,edge,test_id,gnn,41,3.846094353710013,-5.005815380008211,2.7202954148139846
131,1,47d3e5fd43f9c0f6c6654fd57652371b6cebc0bc594f3e8abe89317fd50bef60:131,2,circular,edge,test_id,gnn,41,3.753529770885306,-4.781518810183992,2.4937720513816197
132,0,47d3e5fd43f9c0f6c6654fd57652371b6cebc0bc594f3e8abe89317fd50bef60:132,2,circular,outside,test_id,gnn,41,-0.06987415381829172,-0.010518667043437999,4.541486660111719
132,1,47d3e5fd43f9c0f6c6654fd57652371b6cebc0bc594f3e8abe89317fd50bef60:132,2,circular,outside,test_id,gnn,41,0.6000137763365087,0.10181867262602802,3.972411682447367
133,0,47d3e5fd43f9c0f6c6654fd57652371b6cebc0bc594f3e8abe89317fd50bef60:133,2,elliptical,inside,test_ood,gnn,41,1.9576597051962195,-2.3678883246493245,0.6161364349492103
133,1,47d3e5fd43f9c0f6c6654fd57652371b6cebc0bc594f3e8abe89317fd50bef60:133,2,elliptical,inside,test_ood,gnn,41,1.8331370191915808,-2.9339729479861165,0.23845203171492646
134,0,47d3e5fd43f9c0f6c6654fd57652371b6cebc0bc594f3e8abe89317fd50bef60:134,1,elliptical,edge,test_id,gnn,41,-0.6993918580667201,0.5329737730908489,2.547677860326112
134,1,47d3e5fd43f9c0f6c6654fd57652371b6cebc0bc594f3e8abe89317fd50bef60:134,1,elliptical,edge,test_id,gnn,41,-0.34151660033623604,-0.26509451189755445,3.2633166071476474
135,0,47d3e5fd43f9c0f6c6654fd57652371b6cebc0bc594f3e8abe89317fd50bef60:135,1,circular,inside,test_id,gnn,41,1.0513212519033728,-0.6203939847063923,1.4197444490807174
135,1,47d3e5fd43f9c0f6c6654fd57652371b6cebc0bc594f3e8abe89317fd50bef60:135,1,circular,inside,test_id,gnn,41,0.3052680181606588,0.16574079474688524,1.3883811345086345
136,0,47d3e5fd43f9c0f6c6654fd57652371b6cebc0bc594f3e8abe89317fd50bef60:136,2,elliptical,inside,test_ood,gnn,41,-3.010185019458932,1.5565878220486735,2.022886843443895
136,1,47d3e5fd43f9c0f6c6654fd57652371b6cebc0bc594f3e8abe89317fd50bef60:136,2,elliptical,inside,test_ood,gnn,41,-2.443027512516183,2.0892559357571696,1.9781060635295218
137,0,47d3e5fd43f9c0f6c6654fd57652371b6cebc0bc594f3e8abe89317fd50bef60:137,0,elliptical,inside,test_id,gnn,41,-0.32794426509301094,-0.15582577207802778,3.4200268236269173
137,1,47d3e5fd43f9c0f6c6654fd57652371b6cebc0bc594f3e8abe89317fd50bef60:137,0,elliptical,inside,test_id,gnn,41,-0.16611357160965828,0.7174921103406048,3.113358050072637
138,0,47d3e5fd43f9c0f6c6654fd57652371b6cebc0bc594f3e8abe89317fd50bef60:138,1,elliptical,inside,test_id,gnn,41,0.9929923849447545,-0.5807434252810383,1.4312094328501113
138,1,47d3e5fd43f9c0f6c6654fd57652371b6cebc0bc594f3e8abe89317fd50bef60:138,1,elliptical,inside,test_id,gnn,41,0.23985145858367057,-0.34071414986371046,2.2202312801891995
139,0,47d3e5fd43f9c0f6c6654fd57652371b6cebc0bc594f3e8abe89317fd50bef60:139,1,circular,outside,test_id,gnn,41,0.5000888543470677,-0.26983759620903974,5.109950864598266
139,1,47d3e5fd43f9c0f6c6654fd57652371b6cebc0bc594f3e8abe89317fd50bef60:139,1,circular,outside,test_id,gnn,41,-0.3665879232541743,0.2151764698910808,4.1171020980142
140,0,47d3e5fd43f9c0f6c6654fd57652371b6cebc0bc594f3e8abe89317fd50bef60:140,2,elliptical,edge,test_ood,gnn,41,2.43933032325347,-0.6176303557467365,0.5924624826523797
140,1,47d3e5fd43f9c0f6c6654fd57652371b6cebc0bc594f3e8abe89317fd50bef60:140,2,elliptical,edge,test_ood,gnn,41,2.021011574779349,-0.8767498663973713,0.9813228826892213
141,0,47d3e5fd43f9c0f6c6654fd57652371b6cebc0bc594f3e8abe89317fd50bef60:141,2,elliptical,outside,test_ood,gnn,41,-1.4079210919992151,-1.401767247111788,1.876460810420825
141,1,47d3e5fd43f9c0f6c6654fd57652371b6cebc0bc594f3e8abe89317fd50bef60:141,2,elliptical,outside,test_ood,gnn,41,-1.3572262687341394,-1.1924903325152303,2.0804911409122737
142,0,47d3e5fd43f9c0f6c6654fd57652371b6cebc0bc594f3e8abe89317fd50bef60:142,1,circular,edge,test_id,gnn,41,0.760528965507346,0.10375309666872974,3.220190586575166
142,1,47d3e5fd43f9c0f6c6654fd57652371b6cebc0bc594f3e8abe89317fd50bef60:142,1,circular,edge,test_id,gnn,41,0.8394842582090672,-0.37342923203228956,3.686450514005506
143,0,47d3e5fd43f9c0f6c6654fd57652371b6cebc0bc594f3e8abe89317fd50bef60:143,0,elliptical,edge,test_id,gnn,41,0.14419457188685508,-0.18619910696267133,3.9800482004225124
143,1,47d3e5fd43f9c0f6c6654fd57652371b6cebc0bc594f3e8abe89317fd50bef60:143,0,elliptical,edge,test_id,gnn,41,-1.488452212299508,-0.3164009980273152,5.194402467775171
144,0,47d3e5fd43f9c0f6c6654fd57652371b6cebc0bc594f3e8abe89317fd50bef60:144,2,circular,outside,test_id,gnn,41,-0.547573821033639,0.048460758535871465,3.533563154732163
144,1,47d3e5fd43f9c0f6c6654fd57652371b6cebc0bc594f3e8abe89317fd50bef60:144,2,circular,outside,test_id,gnn,41,-0.1798171562806788,-0.5842828682970905,4.18586692560075
145,0,47d3e5fd43f9c0f6c6654fd57652371b6cebc0bc594f3e8abe89317fd50bef60:145,0,circular,inside,test_id,gnn,41,0.60376177600463,-0.8541836074900532,1.8121705112273694
145,1,47d3e5fd43f9c0f6c6654fd57652371b6cebc0bc594f3e8abe89317fd50bef60:145,0,circular,inside,test_id,gnn,41,0.4173515873297033,-1.027499370963564,2.0639304683912134
146,0,47d3e5fd43f9c0f6c6654fd57652371b6cebc0bc594f3e8abe89317fd50bef60:146,1,circular,edge,test_id,gnn,41,1.2694822388037024,-0.4063443473887349,1.730814132741696
146,1,47d3e5fd43f9c0f6c6654fd57652371b6cebc0bc594f3e8abe89317fd50bef60:146,1,circular,edge,test_id,gnn,41,0.9070654945715245,-0.3392012647700215,2.0952827720175677
147,0,47d3e5fd43f9c0f6c6654fd57652371b6cebc0bc594f3e8abe89317fd50bef60:147,0,elliptical,inside,test_id,gnn,41,1.7416218357427893,-0.25599426844834333,2.006484527658683
147,1,47d3e5fd43f9c0f6c6654fd57652371b6cebc0bc594f3e8abe89317fd50bef60:147,0,elliptical,inside,test_id,gnn,41,-0.8899134559289638,0.35437936267138476,3.2271139932292723
148,0,47d3e5fd43f9c0f6c6654fd57652371b6cebc0bc594f3e8abe89317fd50bef60:148,0,elliptical,edge,test_id,gnn,41,-0.0401074526564303,-0.7400411299776936,2.678571990785194
148,1,47d3e5fd43f9c0f6c6654fd57652371b6cebc0bc594f3e8abe89317fd50bef60:148,0,elliptical,edge,test_id,gnn,41,-0.7659487290040675,-0.8342651061129475,2.2797642485951
149,0,47d3e5fd43f9c0f6c6654fd57652371b6cebc0bc594f3e8abe89317fd50bef60:149,0,elliptical,inside,test_id,gnn,41,-0.9721698922769252,0.5215081044125652,3.8484230664595263
149,1,47d3e5fd43f9c0f6c6654fd57652371b6cebc0bc594f3e8abe89317fd50bef60:149,0,elliptical,inside,test_id,gnn,41,0.14276224992116066,-0.17542337694882398,3.1718929000673364
150,0,47d3e5fd43f9c0f6c6654fd57652371b6cebc0bc594f3e8abe89317fd50bef60:150,2,circular,outside,test_id,gnn,41,-0.5649039907113734,-0.8757488659930134,3.3704192002227544
150,1,47d3e5fd43f9c0f6c6654fd57652371b6cebc0bc594f3e8abe89317fd50bef60:150,2,circular,outside,test_id,gnn,41,0.28229443601210685,-1.877237193973055,3.449049823737716
151,0,47d3e5fd43f9c0f6c6654fd57652371b6cebc0bc594f3e8abe89317fd50bef60:151,1,elliptical,outside,test_id,gnn,41,0.82648967078765,-0.5093544653963947,3.0552618657867563
151,1,47d3e5fd43f9c0f6c6654fd57652371b6cebc0bc594f3e8abe89317fd50bef60:151,1,elliptical,outside,test_id,gnn,41,0.019821545694666806,0.18834195217371935,3.941328805013582
152,0,47d3e5fd43f9c0f6c6654fd57652371b6cebc0bc594f3e8abe89317fd50bef60:152,1,elliptical,outside,test_id,gnn,41,-1.1782565278665247,0.2793648608613109,3.6083498512767114
152,1,47d3e5fd43f9c0f6c6654fd57652371b6cebc0bc594f3e8abe89317fd50bef60:152,1,elliptical,outside,test_id,gnn,41,0.8182731705053624,-0.04749557817100529,3.8546353163497824
153,0,47d3e5fd43f9c0f6c6654fd57652371b6cebc0bc594f3e8abe89317fd50bef60:153,0,circular,edge,test_id,gnn,41,-0.2034011942998591,0.055959991424093206,3.015116253330604
153,1,47d3e5fd43f9c0f6c6654fd57652371b6cebc0bc594f3e8abe89317fd50bef60:153,0,circular,edge,test_id,gnn,41,0.30112892261584373,-0.08495432579635624,3.0884204983555237
154,0,47d3e5fd43f9c0f6c6654fd57652371b6cebc0bc594f3e8abe89317fd50bef60:154,0,elliptical,outside,test_id,gnn,41,0.084881654594737,-0.2804438106131459,4.381668004217503
154,1,47d3e5fd43f9c0f6c6654fd57652371b6cebc0bc594f3e8abe89317fd50bef60:154,0,elliptical,outside,test_id,gnn,41,0.6106962995870885,0.041477582662115056,4.711401234051164
155,0,47d3e5fd43f9c0f6c6654fd57652371b6cebc0bc594f3e8abe89317fd50bef60:155,1,circular,inside,test_id,gnn,41,-0.30690048762719063,-0.5369968346667194,3.0720243958177686
155,1,47d3e5fd43f9c0f6c6654fd57652371b6cebc0bc594f3e8abe89317fd50bef60:155,1,circular,inside,test_id,gnn,41,-0.23109500237862496,0.35322404584170336,3.56878272437792
156,0,47d3e5fd43f9c0f6c6654fd57652371b6cebc0bc594f3e8abe89317fd50bef60:156,1,elliptical,edge,test_id,gnn,41,1.0890283422811804,-0.5494705370974445,4.144422925962706
156,1,47d3e5fd43f9c0f6c6654fd57652371b6cebc0bc594f3e8abe89317fd50bef60:156,1,elliptical,edge,test_id,gnn,41,0.1592462124570188,-0.5294433764529133,3.2348688909805565
157,0,47d3e5fd43f9c0f6c6654fd57652371b6cebc0bc594f3e8abe89317fd50bef60:157,1,circular,outside,test_id,gnn,41,-0.5886607927934352,0.8911467858243084,3.7167578341930447
157,1,47d3e5fd43f9c0f6c6654fd57652371b6cebc0bc594f3e8abe89317fd50bef60:157,1,circular,outside,test_id,gnn,41,-0.09477202721993357,0.07115501841784473,3.6254590985367723
158,0,47d3e5fd43f9c0f6c6654fd57652371b6cebc0bc594f3e8abe89317fd50bef60:158,1,elliptical,inside,test_id,gnn,41,-0.5429766339914027,0.11212190171957966,1.8170085255762434
158,1,47d3e5fd43f9c0f6c6654fd57652371b6cebc0bc594f3e8abe89317fd50bef60:158,1,elliptical,inside,test_id,gnn,41,0.829837306056815,-0.6979520253252888,3.1552423363353572
159,0,47d3e5fd43f9c0f6c6654fd57652371b6cebc0bc594f3e8abe89317fd50bef60:159,0,circular,inside,test_id,gnn,41,0.8161783652647313,-0.5398116044115925,2.4974749000321377
159,1,47d3e5fd43f9c0f6c6654fd57652371b6cebc0bc594f3e8abe89317fd50bef60:159,0,circular,inside,test_id,gnn,41,0.3175844686373052,-0.04943182015537266,2.1363486696976954
160,0,47d3e5fd43f9c0f6c6654fd57652371b6cebc0bc594f3e8abe89317fd50bef60:160,1,elliptical,inside,test_id,gnn,41,-1.1456101102487268,0.02435742622495647,0.8139216502154836
160,1,47d3e5fd43f9c0f6c6654fd57652371b6cebc0bc594f3e8abe89317fd50bef60:160,1,elliptical,inside,test_id,gnn,41,0.5687560277326879,-0.342853420169344,2.5117856283812263
161,0,47d3e5fd43f9c0f6c6654fd57652371b6cebc0bc594f3e8abe89317fd50bef60:161,2,elliptical,inside,test_ood,gnn,41,1.928626997981864,0.19727849146605486,1.0770903479070333
161,1,47d3e5fd43f9c0f6c6654fd57652371b6cebc0bc594f3e8abe89317fd50bef60:161,2,elliptical,inside,test_ood,gnn,41,1.5232924061163244,-0.82957666435956,2.093080816782699
162,0,47d3e5fd43f9c0f6c6654fd57652371b6cebc0bc594f3e8abe89317fd50bef60:162,2,elliptical,edge,test_ood,gnn,41,-1.2300734681741419,-2.2877398661684896,1.6381242445516915
162,1,47d3e5fd43f9c0f6c6654fd57652371b6cebc0bc594f3e8abe89317fd50bef60:162,2,elliptical,edge,test_ood,gnn,41,-0.3986090285436335,-3.401894920260897,2.3413879692248827
163,0,47d3e5fd43f9c0f6c6654fd57652371b6cebc0bc594f3e8abe89317fd50bef60:163,0,circular,edge,test_id,gnn,41,0.6105298834188756,-0.960286372096529,4.6294326968325
163,1,47d3e5fd43f9c0f6c6654fd57652371b6cebc0bc594f3e8abe89317fd50bef60:163,0,circular,edge,test_id,gnn,41,-0.44079245754639534,0.1896608837533092,3.11609894086423
164,0,47d3e5fd43f9c0f6c6654fd57652371b6cebc0bc594f3e8abe89317fd50bef60:164,2,elliptical,outside,test_ood,gnn,41,-0.6482902331010524,-1.2920116118502523,3.5973572123673465
164,1,47d3e5fd43f9c0f6c6654fd57652371b6cebc0bc594f3e8abe89317fd50bef60:164,2,elliptical,outside,test_ood,gnn,41,-1.0721161527291956,-1.1610929898333455,3.1958716475610456
165,0,47d3e5fd43f9c0f6c6654fd57652371b6cebc0bc594f3e8abe89317fd50bef60:165,0,elliptical,edge,test_id,gnn,41,0.07692463568289847,-0.6731956533503437,4.589374410693123
165,1,47d3e5fd43f9c0f6c6654fd57652371b6cebc0bc594f3e8abe89317fd50bef60:165,0,elliptical,edge,test_id,gnn,41,0.9769921737058934,-0.8949496678423786,4.312530923793745
166,0,47d3e5fd43f9c0f6c6654fd57652371b6cebc0bc594f3e8abe89317fd50bef60:166,2,circular,inside,test_id,gnn,41,2.0251955824240024,0.19987321576357836,2.0557410175258903
166,1,47d3e5fd43f9c0f6c6654fd57652371b6cebc0bc594f3e8abe89317fd50bef60:166,2,circular,inside,test_id,gnn,41,1.766540988002616,1.0727387734341716,1.3168450016148006
167,0,47d3e5fd43f9c0f6c6654fd57652371b6cebc0bc594f3e8abe89317fd50bef60:167,2,circular,edge,test_id,gnn,41,-3.606319682087106,-1.1908576420855428,0.8081111899515595
167,1,47d3e5fd43f9c0f6c6654fd57652371b6cebc0bc594f3e8abe89317fd50bef60:167,2,circular,edge,test_id,gnn,41,-3.8685987157479946,-1.2075747183871175,1.0286036324113481
168,0,47d3e5fd43f9c0f6c6654fd57652371b6cebc0bc594f3e8abe89317fd50bef60:168,1,circular,outside,test_id,gnn,41,1.1052211361273108,-0.4453694454741383,2.5172024477579966
168,1,47d3e5fd43f9c0f6c6654fd57652371b6cebc0bc594f3e8abe89317fd50bef60:168,1,circular,outside,test_id,gnn,41,0.5383357541902837,0.2340157695698833,2.9111438622257415
169,0,47d3e5fd43f9c0f6c6654fd57652371b6cebc0bc594f3e8abe89317fd50bef60:169,0,circular,outside,test_id,gnn,41,1.161330445323783,-0.2913164428782368,4.684362213821987
169,1,47d3e5fd43f9c0f6c6654fd57652371b6cebc0bc594f3e8abe89317fd50bef60:169,0,circular,outside,test_id,gnn,41,0.11104088148911566,-0.5779900483202839,3.625210628180379
170,0,47d3e5fd43f9c0f6c6654fd57652371b6cebc0bc594f3e8abe89317fd50bef60:170,1,circular,inside,test_id,gnn,41,-0.2819182438508692,-0.1809932819914723,2.0376289274369634
170,1,47d3e5fd43f9c0f6c6654fd57652371b6cebc0bc594f3e8abe89317fd50bef60:170,1,circular,inside,test_id,gnn,41,-1.2396879357949915,-1.0098929337572957,1.851494401616825
171,0,47d3e5fd43f9c0f6c6654fd57652371b6cebc0bc594f3e8abe89317fd50bef60:171,2,circular,edge,test_id,gnn,41,-1.135421173061532,-0.38388859549283033,3.0814913394078998
171,1,47d3e5fd43f9c0f6c6654fd57652371b6cebc0bc594f3e8abe89317fd50bef60:171,2,circular,edge,test_id,gnn,41,-1.8031571073190393,-0.10978601196526531,2.9784962480700314
172,0,47d3e5fd43f9c0f6c6654fd57652371b6cebc0bc594f3e8abe89317fd50bef60:172,0,elliptical,outside,test_id,gnn,41,-0.1418140096322718,0.1117517121720409,4.442026514613903
172,1,47d3e5fd43f9c0f6c6654fd57652371b6cebc0bc594f3e8abe89317fd50bef60:172,0,elliptical,outside,test_id,gnn,41,0.3127171384437856,-0.49361937561749464,4.769400043145498
173,0,47d3e5fd43f9c0f6c6654fd57652371b6cebc0bc594f3e8abe89317fd50bef60:173,2,elliptical,inside,test_ood,gnn,41,0.9828350978239354,0.7810982533383465,2.2095264094924167
173,1,47d3e5fd43f9c0f6c6654fd57652371b6cebc0bc594f3e8abe89317fd50bef60:173,2,elliptical,inside,test_ood,gnn,41,-0.17598600813309578,0.4698306985783672,1.7341404189562102
174,0,47d3e5fd43f9c0f6c6654fd57652371b6cebc0bc594f3e8abe89317fd50bef60:174,2,elliptical,outside,test_ood,gnn,41,-0.7731521291391078,-0.873578780086031,3.729072642268305
174,1,47d3e5fd43f9c0f6c6654fd57652371b6cebc0bc594f3e8abe89317fd50bef60:174,2,elliptical,outside,test_ood,gnn,41,0.43203376105864616,-1.248420112521639,4.675472510679752
175,0,47d3e5fd43f9c0f6c6654fd57652371b6cebc0bc594f3e8abe89317fd50bef60:175,2,elliptical,edge,test_ood,gnn,41,0.45567937067587944,0.5282699533391094,2.912839606937117
175,1,47d3e5fd43f9c0f6c6654fd57652371b6cebc0bc594f3e8abe89317fd50bef60:175,2,elliptical,edge,test_ood,gnn,41,0.9664085941656407,0.44037551364184374,2.530528886830932
176,0,47d3e5fd43f9c0f6c6654fd57652371b6cebc0bc594f3e8abe89317fd50bef60:176,2,circular,inside,test_id,gnn,41,-1.3985372943536463,0.9319521256375408,2.1705272611210815
176,1,47d3e5fd43f9c0f6c6654fd57652371b6cebc0bc594f3e8abe89317fd50bef60:176,2,circular,inside,test_id,gnn,41,-0.8650944394723598,1.0608725615429972,2.397344448821005
177,0,47d3e5fd43f9c0f6c6654fd57652371b6cebc0bc594f3e8abe89317fd50bef60:177,1,circular,edge,test_id,gnn,41,0.5331029432161626,-0.6251912645411396,3.0212394178308957
177,1,47d3e5fd43f9c0f6c6654fd57652371b6cebc0bc594f3e8abe89317fd50bef60:177,1,circular,edge,test_id,gnn,41,0.6320295172079381,-0.09306007319807057,3.2846709164034937
178,0,47d3e5fd43f9c0f6c6654fd57652371b6cebc0bc594f3e8abe89317fd50bef60:178,1,elliptical,edge,test_id,gnn,41,-0.21894495316903023,1.2676407166409587,2.3445543312086086
178,1,47d3e5fd43f9c0f6c6654fd57652371b6cebc0bc594f3e8abe89317fd50bef60:178,1,elliptical,edge,test_id,gnn,41,0.5082906322820958,-0.5080448023390675,3.6101658490828226
179,0,47d3e5fd43f9c0f6c6654fd57652371b6cebc0bc594f3e8abe89317fd50bef60:179,0,circular,outside,test_id,gnn,41,0.06738497934182257,-0.5628760389399433,3.4046492711586196
179,1,47d3e5fd43f9c0f6c6654fd57652371b6cebc0bc594f3e8abe89317fd50bef60:179,0,circular,outside,test_id,gnn,41,0.33197878173430534,-1.292027585895052,2.651200666874703
180,0,47d3e5fd43f9c0f6c6654fd57652371b6cebc0bc594f3e8abe89317fd50bef60:180,2,elliptical,inside,test_ood,gnn,41,-0.534673647369546,-2.9685920409274007,0.7269532787417909
180,1,47d3e5fd43f9c0f6c6654fd57652371b6cebc0bc594f3e8abe89317fd50bef60:180,2,elliptical,inside,test_ood,gnn,41,-0.39637456962029366,-2.174623840243807,0.3221609155186183
181,0,47d3e5fd43f9c0f6c6654fd57652371b6cebc0bc594f3e8abe89317fd50bef60:181,0,circular,inside,test_id,gnn,41,0.7875870304449376,0.10429505190134998,2.352839909164289
181,1,47d3e5fd43f9c0f6c6654fd57652371b6cebc0bc594f3e8abe89317fd50bef60:181,0,circular,inside,test_id,gnn,41,-1.1126195354119959,0.09355444392443653,3.5402244871905504
182,0,47d3e5fd43f9c0f6c6654fd57652371b6cebc0bc594f3e8abe89317fd50bef60:182,2,elliptical,edge,test_ood,gnn,41,1.4270295935018835,-5.452273242862215,2.742773728109778
182,1,47d3e5fd43f9c0f6c6654fd57652371b6cebc0bc594f3e8abe89317fd50bef60:182,2,elliptical,edge,test_ood,gnn,41,1.6552555399282751,-5.924679630191316,3.2673756766510778
183,0,47d3e5fd43f9c0f6c6654fd57652371b6cebc0bc594f3e8abe89317fd50bef60:183,2,elliptical,outside,test_ood,gnn,41,0.20110674074729057,-0.020468209625473063,4.783949512426187
183,1,47d3e5fd43f9c0f6c6654fd57652371b6cebc0bc594f3e8abe89317fd50bef60:183,2,elliptical,outside,test_ood,gnn,41,0.8604196148260411,-1.1422947577547933,4.382421407259539
184,0,47d3e5fd43f9c0f6c6654fd57652371b6cebc0bc594f3e8abe89317fd50bef60:184,0,elliptical,outside,test_id,gnn,41,-0.675845043148202,0.8404957123684978,3.3327560292260388
184,1,47d3e5fd43f9c0f6c6654fd57652371b6cebc0bc594f3e8abe89317fd50bef60:184,0,elliptical,outside,test_id,gnn,41,-0.6917469663278285,-0.5153043798518085,4.408525264057185
185,0,47d3e5fd43f9c0f6c6654fd57652371b6cebc0bc594f3e8abe89317fd50bef60:185,2,circular,edge,test_id,gnn,41,1.3011075096472082,-0.8913508586001301,1.9368543423995594
185,1,47d3e5fd43f9c0f6c6654fd57652371b6cebc0bc594f3e8abe89317fd50bef60:185,2,circular,edge,test_id,gnn,41,1.155927999530631,0.04446112295866962,1.8440807091025413
186,0,47d3e5fd43f9c0f6c6654fd57652371b6cebc0bc594f3e8abe89317fd50bef60:186,2,circular,edge,test_id,gnn,41,-2.4598105115548794,-1.8252903155398275,1.197604177219479
186,1,47d3e5fd43f9c0f6c6654fd57652371b6cebc0bc594f3e8abe89317fd50bef60:186,2,circular,edge,test_id,gnn,41,-2.18878246971528,-1.5354428223681356,1.5488782198463353
187,0,47d3e5fd43f9c0f6c6654fd57652371b6cebc0bc594f3e8abe89317fd50bef60:187,2,circular,outside,test_id,gnn,41,2.323621733699637,1.564667708485136,2.23154198793583
187,1,47d3e5fd43f9c0f6c6654fd57652371b6cebc0bc594f3e8abe89317fd50bef60:187,2,circular,outside,test_id,gnn,41,1.9910945730551062,1.9517955847668742,1.7213612487449073
188,0,47d3e5fd43f9c0f6c6654fd57652371b6cebc0bc594f3e8abe89317fd50bef60:188,0,circular,inside,test_id,gnn,41,0.3689955311163244,0.788310892193327,3.132929594701315
188,1,47d3e5fd43f9c0f6c6654fd57652371b6cebc0bc594f3e8abe89317fd50bef60:188,0,circular,inside,test_id,gnn,41,-0.2911495728151026,0.7788622446942425,2.5251466039488033
189,0,47d3e5fd43f9c0f6c6654fd57652371b6cebc0bc594f3e8abe89317fd50bef60:189,0,elliptical,edge,test_id,gnn,41,0.5248901980264958,-0.26931317964314466,4.402510532586324
189,1,47d3e5fd43f9c0f6c6654fd57652371b6cebc0bc594f3e8abe89317fd50bef60:189,0,elliptical,edge,test_id,gnn,41,0.7318924503668126,0.5364041396069622,4.1572868222803985
190,0,47d3e5fd43f9c0f6c6654fd57652371b6cebc0bc594f3e8abe89317fd50bef60:190,1,circular,outside,test_id,gnn,41,0.7937166529043492,0.14077841421843523,3.959833039511651
190,1,47d3e5fd43f9c0f6c6654fd57652371b6cebc0bc594f3e8abe89317fd50bef60:190,1,circular,outside,test_id,gnn,41,0.9553807812078771,0.46573532304049486,3.6028993454092575
191,0,47d3e5fd43f9c0f6c6654fd57652371b6cebc0bc594f3e8abe89317fd50bef60:191,2,circular,outside,test_id,gnn,41,0.39021240047057243,-0.7336478761744404,3.8395416067562773
191,1,47d3e5fd43f9c0f6c6654fd57652371b6cebc0bc594f3e8abe89317fd50bef60:191,2,circular,outside,test_id,gnn,41,-0.2035389704362574,-0.2843807123017216,3.7693930580861306
192,0,47d3e5fd43f9c0f6c6654fd57652371b6cebc0bc594f3e8abe89317fd50bef60:192,2,circular,inside,test_id,gnn,41,-1.9796164197580042,0.788524753658781,0.9052350922767735
192,1,47d3e5fd43f9c0f6c6654fd57652371b6cebc0bc594f3e8abe89317fd50bef60:192,2,circular,inside,test_id,gnn,41,-1.927517907108468,1.4805128642010783,0.7629846518999264
193,0,47d3e5fd43f9c0f6c6654fd57652371b6cebc0bc594f3e8abe89317fd50bef60:193,0,elliptical,inside,test_id,gnn,41,-0.48019327351014046,0.2648247548031902,2.7892138513051186
193,1,47d3e5fd43f9c0f6c6654fd57652371b6cebc0bc594f3e8abe89317fd50bef60:193,0,elliptical,inside,test_id,gnn,41,-0.7501515311853114,-0.5609860948634052,3.408042263939671
194,0,47d3e5fd43f9c0f6c6654fd57652371b6cebc0bc594f3e8abe89317fd50bef60:194,1,elliptical,outside,test_id,gnn,41,0.4918290214880285,-0.970690482051363,3.898867779491742
194,1,47d3e5fd43f9c0f6c6654fd57652371b6cebc0bc594f3e8abe89317fd50bef60:194,1,elliptical,outside,test_id,gnn,41,1.4176840620382605,-0.7289651564669514,4.7584020572697705
195,0,47d3e5fd43f9c0f6c6654fd57652371b6cebc0bc594f3e8abe89317fd50bef60:195,1,circular,inside,test_id,gnn,41,-0.22309862204949288,0.5033261843609905,2.391197067070933
195,1,47d3e5fd43f9c0f6c6654fd57652371b6cebc0bc594f3e8abe89317fd50bef60:195,1,circular,inside,test_id,gnn,41,0.3009447293623266,-0.48588966646908766,2.528945602147821
196,0,47d3e5fd43f9c0f6c6654fd57652371b6cebc0bc594f3e8abe89317fd50bef60:196,0,circular,outside,test_id,gnn,41,-1.0332386655465784,0.36362234434367174,3.35169256279339
196,1,47d3e5fd43f9c0f6c6654fd57652371b6cebc0bc594f3e8abe89317fd50bef60:196,0,circular,outside,test_id,gnn,41,-0.7109667224542323,0.1910407014775371,3.62779614520171
197,0,47d3e5fd43f9c0f6c6654fd57652371b6cebc0bc594f3e8abe89317fd50bef60:197,2,circular,inside,test_id,gnn,41,0.5314177708967504,-0.5430624417376423,3.878457167382609
197,1,47d3e5fd43f9c0f6c6654fd57652371b6cebc0bc594f3e8abe89317fd50bef60:197,2,circular,inside,test_id,gnn,41,-0.7558503312722865,-1.1470410756182576,2.4568907273063805
198,0,47d3e5fd43f9c0f6c6654fd57652371b6cebc0bc594f3e8abe89317fd50bef60:198,0,elliptical,outside,test_id,gnn,41,0.10558339080651373,-0.23422765055417066,3.8092160493532177
198,1,47d3e5fd43f9c0f6c6654fd57652371b6cebc0bc594f3e8abe89317fd50bef60:198,0,elliptical,outside,test_id,gnn,41,-0.29119314381043343,0.49174023350955004,3.0065113689780043
199,0,47d3e5fd43f9c0f6c6654fd57652371b6cebc0bc594f3e8abe89317fd50bef60:199,1,circular,edge,test_id,gnn,41,0.7249733047827062,0.30301005324603075,3.3971437668591515
199,1,47d3e5fd43f9c0f6c6654fd57652371b6cebc0bc594f3e8abe89317fd50bef60:199,1,circular,edge,test_id,gnn,41,0.9720340209348973,-0.6366700462412739,4.0660258884335665
200,0,47d3e5fd43f9c0f6c6654fd57652371b6cebc0bc594f3e8abe89317fd50bef60:200,0,circular,edge,test_id,gnn,41,-0.6276589793817225,0.8981199332165813,4.175436565541912
200,1,47d3e5fd43f9c0f6c6654fd57652371b6cebc0bc594f3e8abe89317fd50bef60:200,0,circular,edge,test_id,gnn,41,0.4366673069341955,0.030799336044797856,3.0614295755588645
201,0,47d3e5fd43f9c0f6c6654fd57652371b6cebc0bc594f3e8abe89317fd50bef60:201,1,circular,inside,test_id,gnn,41,0.6425977783544835,0.070273719041357,3.1275985999516407
201,1,47d3e5fd43f9c0f6c6654fd57652371b6cebc0bc594f3e8abe89317fd50bef60:201,1,circular,inside,test_id,gnn,41,-0.33464960881630806,0.5148484774518108,3.931915945279045
202,0,47d3e5fd43f9c0f6c6654fd57652371b6cebc0bc594f3e8abe89317fd50bef60:202,1,elliptical,edge,test_id,gnn,41,0.763418598686057,0.1533951230931377,3.4633358844850015
202,1,47d3e5fd43f9c0f6c6654fd57652371b6cebc0bc594f3e8abe89317fd50bef60:202,1,elliptical,edge,test_id,gnn,41,0.36617947987158866,0.20417163452387804,3.6651407426977336
203,0,47d3e5fd43f9c0f6c6654fd57652371b6cebc0bc594f3e8abe89317fd50bef60:203,2,elliptical,outside,test_ood,gnn,41,0.28251698485453697,-0.6553560427737141,3.858655550854491
203,1,47d3e5fd43f9c0f6c6654fd57652371b6cebc0bc594f3e8abe89317fd50bef60:203,2,elliptical,outside,test_ood,gnn,41,-1.2608846587793054,-1.079371803195467,2.43755019135829
204,0,47d3e5fd43f9c0f6c6654fd57652371b6cebc0bc594f3e8abe89317fd50bef60:204,2,elliptical,edge,test_ood,gnn,41,0.4628092186792669,0.37785539707423205,3.7404526965744824
204,1,47d3e5fd43f9c0f6c6654fd57652371b6cebc0bc594f3e8abe89317fd50bef60:204,2,elliptical,edge,test_ood,gnn,41,-0.14162297674576668,0.003316301165828664,3.638158578911399
205,0,47d3e5fd43f9c0f6c6654fd57652371b6cebc0bc594f3e8abe89317fd50bef60:205,1,elliptical,inside,test_id,gnn,41,-0.3106922967092219,0.15550018033267016,1.8131039248365755
205,1,47d3e5fd43f9c0f6c6654fd57652371b6cebc0bc594f3e8abe89317fd50bef60:205,1,elliptical,inside,test_id,gnn,41,-0.4452662629739466,-0.060694974602451365,1.721185661503242
206,0,47d3e5fd43f9c0f6c6654fd57652371b6cebc0bc594f3e8abe89317fd50bef60:206,1,circular,outside,test_id,gnn,41,-0.015402474786442813,0.8094621964383221,4.710764218270802
206,1,47d3e5fd43f9c0f6c6654fd57652371b6cebc0bc594f3e8abe89317fd50bef60:206,1,circular,outside,test_id,gnn,41,-0.001693615104359683,0.13278015634299273,4.316871442998247
207,0,47d3e5fd43f9c0f6c6654fd57652371b6cebc0bc594f3e8abe89317fd50bef60:207,0,elliptical,edge,test_id,gnn,41,-0.2719767851487818,-0.28151392260312086,3.3885806757682118
207,1,47d3e5fd43f9c0f6c6654fd57652371b6cebc0bc594f3e8abe89317fd50bef60:207,0,elliptical,edge,test_id,gnn,41,0.059993437145548764,0.3398340114045238,2.7091983544603595
208,0,47d3e5fd43f9c0f6c6654fd57652371b6cebc0bc594f3e8abe89317fd50bef60:208,0,circular,outside,test_id,gnn,41,0.08823539933999151,0.05318225106478687,3.9416596442624803
208,1,47d3e5fd43f9c0f6c6654fd57652371b6cebc0bc594f3e8abe89317fd50bef60:208,0,circular,outside,test_id,gnn,41,0.7044771747930821,-0.4799238077711964,4.145563085702378
209,0,47d3e5fd43f9c0f6c6654fd57652371b6cebc0bc594f3e8abe89317fd50bef60:209,0,circular,edge,test_id,gnn,41,0.5437933342798528,-0.8871966532778645,3.9006632199906854
209,1,47d3e5fd43f9c0f6c6654fd57652371b6cebc0bc594f3e8abe89317fd50bef60:209,0,circular,edge,test_id,gnn,41,-0.03145916142622858,-0.08579915458082203,3.0960235842877895
210,0,47d3e5fd43f9c0f6c6654fd57652371b6cebc0bc594f3e8abe89317fd50bef60:210,0,elliptical,inside,test_id,gnn,41,-1.166524188007516,0.144444964139471,3.018414335014553
210,1,47d3e5fd43f9c0f6c6654fd57652371b6cebc0bc594f3e8abe89317fd50bef60:210,0,elliptical,inside,test_id,gnn,41,0.5086127953871068,-0.09442536229013447,2.166574936693559
211,0,47d3e5fd43f9c0f6c6654fd57652371b6cebc0bc594f3e8abe89317fd50bef60:211,1,elliptical,edge,test_id,gnn,41,0.3252413111074743,-0.44185065546750074,3.385818909426186
211,1,47d3e5fd43f9c0f6c6654fd57652371b6cebc0bc594f3e8abe89317fd50bef60:211,1,elliptical,edge,test_id,gnn,41,-1.0635388059274378,-0.7460608414721394,2.153345645121532
212,0,47d3e5fd43f9c0f6c6654fd57652371b6cebc0bc594f3e8abe89317fd50bef60:212,1,circular,edge,test_id,gnn,41,0.4710557299001989,-1.2231947115969564,1.8065814030232195
212,1,47d3e5fd43f9c0f6c6654fd57652371b6cebc0bc594f3e8abe89317fd50bef60:212,1,circular,edge,test_id,gnn,41,-0.03755694010416895,-1.2196081809115316,1.966584979729393
213,0,47d3e5fd43f9c0f6c6654fd57652371b6cebc0bc594f3e8abe89317fd50bef60:213,1,elliptical,outside,test_id,gnn,41,-0.08092807361046701,-0.11637634852646832,4.274363818511376
213,1,47d3e5fd43f9c0f6c6654fd57652371b6cebc0bc594f3e8abe89317fd50bef60:213,1,elliptical,outside,test_id,gnn,41,1.209770067249137,-0.322461836726656,5.218456832394976
214,0,47d3e5fd43f9c0f6c6654fd57652371b6cebc0bc594f3e8abe89317fd50bef60:214,1,elliptical,inside,test_id,gnn,41,0.5652537780149754,-0.09770806202410702,0.31852351860377703
214,1,47d3e5fd43f9c0f6c6654fd57652371b6cebc0bc594f3e8abe89317fd50bef60:214,1,elliptical,inside,test_id,gnn,41,-0.17837540933052926,-0.5628821782183552,0.6218327201935842
215,0,47d3e5fd43f9c0f6c6654fd57652371b6cebc0bc594f3e8abe89317fd50bef60:215,2,elliptical,inside,test_ood,gnn,41,1.2043938474996863,2.360079176037321,0.5761307829243303
215,1,47d3e5fd43f9c0f6c6654fd57652371b6cebc0bc594f3e8abe89317fd50bef60:215,2,elliptical,inside,test_ood,gnn,41,1.4658938484533606,2.032905466167936,0.986993518546407
216,0,47d3e5fd43f9c0f6c6654fd57652371b6cebc0bc594f3e8abe89317fd50bef60:216,1,circular,outside,test_id,gnn,41,-0.02798972406546503,-0.7917957834315205,2.8574024352299046
216,1,47d3e5fd43f9c0f6c6654fd57652371b6cebc0bc594f3e8abe89317fd50bef60:216,1,circular,outside,test_id,gnn,41,-0.24325828381935982,-1.2337491444659139,2.4073867456021554
217,0,47d3e5fd43f9c0f6c6654fd57652371b6cebc0bc594f3e8abe89317fd50bef60:217,1,circular,edge,test_id,gnn,41,0.4056231813772497,-0.2283614359211827,3.4853368676547327
217,1,47d3e5fd43f9c0f6c6654fd57652371b6cebc0bc594f3e8abe89317fd50bef60:217,1,circular,edge,test_id,gnn,41,0.015833234999972287,-0.15009030023335462,3.581093531148472
218,0,47d3e5fd43f9c0f6c6654fd57652371b6cebc0bc594f3e8abe89317fd50bef60:218,1,elliptical,inside,test_id,gnn,41,-0.4138175112859431,-0.3767981461596394,2.9235262643574624
218,1,47d3e5fd43f9c0f6c6654fd57652371b6cebc0bc594f3e8abe89317fd50bef60:218,1,elliptical,inside,test_id,gnn,41,1.0622477369650183,0.12699464639903063,1.53168826619344
219,0,47d3e5fd43f9c0f6c6654fd57652371b6cebc0bc594f3e8abe89317fd50bef60:219,2,circular,inside,test_id,gnn,41,-0.723496512855691,5.834629661648283,3.516501310311436
219,1,47d3e5fd43f9c0f6c6654fd57652371b6cebc0bc594f3e8abe89317fd50bef60:219,2,circular,inside,test_id,gnn,41,-0.48537041374604134,5.1297966309476,2.7750644428355655
220,0,47d3e5fd43f9c0f6c6654fd57652371b6cebc0bc594f3e8abe89317fd50bef60:220,1,elliptical,outside,test_id,gnn,41,0.36937127879698844,0.3201338716435527,4.398287583494553
220,1,47d3e5fd43f9c0f6c6654fd57652371b6cebc0bc594f3e8abe89317fd50bef60:220,1,elliptical,outside,test_id,gnn,41,0.6945500212057408,0.057170278637418706,4.801857388157844
221,0,47d3e5fd43f9c0f6c6654fd57652371b6cebc0bc594f3e8abe89317fd50bef60:221,1,circular,inside,test_id,gnn,41,0.7210047083242711,-0.8951293162417316,1.4986133475972985
221,1,47d3e5fd43f9c0f6c6654fd57652371b6cebc0bc594f3e8abe89317fd50bef60:221,1,circular,inside,test_id,gnn,41,0.6855702238424596,-0.04683783346532826,1.8860635021824044
222,0,47d3e5fd43f9c0f6c6654fd57652371b6cebc0bc594f3e8abe89317fd50bef60:222,0,circular,edge,test_id,gnn,41,0.1366707073791799,0.19529338857413286,2.815982018256152
222,1,47d3e5fd43f9c0f6c6654fd57652371b6cebc0bc594f3e8abe89317fd50bef60:222,0,circular,edge,test_id,gnn,41,1.3879301386221228,-0.6137747696947956,3.7494529148607367
223,0,47d3e5fd43f9c0f6c6654fd57652371b6cebc0bc594f3e8abe89317fd50bef60:223,1,circular,inside,test_id,gnn,41,-0.5670142335550014,-1.110320918948641,2.3534575308723755
223,1,47d3e5fd43f9c0f6c6654fd57652371b6cebc0bc594f3e8abe89317fd50bef60:223,1,circular,inside,test_id,gnn,41,-1.4482864303247156,0.2209518023419475,2.189453057209819
224,0,47d3e5fd43f9c0f6c6654fd57652371b6cebc0bc594f3e8abe89317fd50bef60:224,1,elliptical,outside,test_id,gnn,41,0.05939362815459341,-0.5674367479395771,4.655537839520753
224,1,47d3e5fd43f9c0f6c6654fd57652371b6cebc0bc594f3e8abe89317fd50bef60:224,1,elliptical,outside,test_id,gnn,41,-0.2821685535566035,-0.40893720904110914,4.612032343298207
225,0,47d3e5fd43f9c0f6c6654fd57652371b6cebc0bc594f3e8abe89317fd50bef60:225,2,elliptical,edge,test_ood,gnn,41,0.31377161911566825,-1.824380987079134,1.9623475123247236
225,1,47d3e5fd43f9c0f6c6654fd57652371b6cebc0bc594f3e8abe89317fd50bef60:225,2,elliptical,edge,test_ood,gnn,41,0.1713975580676374,-1.3679084710192586,2.1691747969189348
226,0,47d3e5fd43f9c0f6c6654fd57652371b6cebc0bc594f3e8abe89317fd50bef60:226,1,circular,edge,test_id,gnn,41,0.2808231251581487,-1.1610323123049642,2.9465755220473864
226,1,47d3e5fd43f9c0f6c6654fd57652371b6cebc0bc594f3e8abe89317fd50bef60:226,1,circular,edge,test_id,gnn,41,0.514591945920783,-0.14031123438595777,3.82222142522237
227,0,47d3e5fd43f9c0f6c6654fd57652371b6cebc0bc594f3e8abe89317fd50bef60:227,0,elliptical,inside,test_id,gnn,41,-0.2882986528531733,0.39565152606249804,2.7764832706824523
227,1,47d3e5fd43f9c0f6c6654fd57652371b6cebc0bc594f3e8abe89317fd50bef60:227,0,elliptical,inside,test_id,gnn,41,-0.013954841877621707,0.021766524075279195,2.8425685477777733
228,0,47d3e5fd43f9c0f6c6654fd57652371b6cebc0bc594f3e8abe89317fd50bef60:228,2,elliptical,edge,test_ood,gnn,41,-0.07788221665779978,-3.1754378012728597,0.4998567290325238
228,1,47d3e5fd43f9c0f6c6654fd57652371b6cebc0bc594f3e8abe89317fd50bef60:228,2,elliptical,edge,test_ood,gnn,41,-0.6936574144021693,-2.645103805453768,1.1404585888939784
229,0,47d3e5fd43f9c0f6c6654fd57652371b6cebc0bc594f3e8abe89317fd50bef60:229,2,elliptical,inside,test_ood,gnn,41,-0.7212452454225246,-1.431249611766329,1.013893308434145
229,1,47d3e5fd43f9c0f6c6654fd57652371b6cebc0bc594f3e8abe89317fd50bef60:229,2,elliptical,inside,test_ood,gnn,41,-0.9270018500940028,-1.263818734080782,0.8227954090691614
230,0,47d3e5fd43f9c0f6c6654fd57652371b6cebc0bc594f3e8abe89317fd50bef60:230,1,elliptical,edge,test_id,gnn,41,0.755075080905753,-0.33578359404324537,2.481920182439508
230,1,47d3e5fd43f9c0f6c6654fd57652371b6cebc0bc594f3e8abe89317fd50bef60:230,1,elliptical,edge,test_id,gnn,41,0.6073078947408971,-0.6426595381808186,2.5079443275254576
231,0,47d3e5fd43f9c0f6c6654fd57652371b6cebc0bc594f3e8abe89317fd50bef60:231,0,elliptical,edge,test_id,gnn,41,-1.1865530175821009,-0.18931859055279737,4.579182575499552
231,1,47d3e5fd43f9c0f6c6654fd57652371b6cebc0bc594f3e8abe89317fd50bef60:231,0,elliptical,edge,test_id,gnn,41,-0.6039440793649379,0.0002002671945190021,4.265821503116692
232,0,47d3e5fd43f9c0f6c6654fd57652371b6cebc0bc594f3e8abe89317fd50bef60:232,0,elliptical,outside,test_id,gnn,41,-0.31329725810448555,-0.04617961937307362,3.706851053652849
232,1,47d3e5fd43f9c0f6c6654fd57652371b6cebc0bc594f3e8abe89317fd50bef60:232,0,elliptical,outside,test_id,gnn,41,0.029321035955744687,0.17917814037085528,3.579033702446953
233,0,47d3e5fd43f9c0f6c6654fd57652371b6cebc0bc594f3e8abe89317fd50bef60:233,2,elliptical,outside,test_ood,gnn,41,0.9527437525137242,-1.0309015444826986,3.4784719787689995
233,1,47d3e5fd43f9c0f6c6654fd57652371b6cebc0bc594f3e8abe89317fd50bef60:233,2,elliptical,outside,test_ood,gnn,41,1.542985899959403,-1.2407669953417684,2.8663017463861618
234,0,47d3e5fd43f9c0f6c6654fd57652371b6cebc0bc594f3e8abe89317fd50bef60:234,0,circular,outside,test_id,gnn,41,-0.06316922732750803,0.013957339583644826,3.772119759206953
234,1,47d3e5fd43f9c0f6c6654fd57652371b6cebc0bc594f3e8abe89317fd50bef60:234,0,circular,outside,test_id,gnn,41,0.529016538177329,0.6956132718014812,3.488161315561231
235,0,47d3e5fd43f9c0f6c6654fd57652371b6cebc0bc594f3e8abe89317fd50bef60:235,0,elliptical,edge,test_id,gnn,41,-0.43963660427491097,0.32302255114794726,4.008964545646265
235,1,47d3e5fd43f9c0f6c6654fd57652371b6cebc0bc594f3e8abe89317fd50bef60:235,0,elliptical,edge,test_id,gnn,41,-0.43351031967560677,0.20799646457911486,3.9251443900897187
236,0,47d3e5fd43f9c0f6c6654fd57652371b6cebc0bc594f3e8abe89317fd50bef60:236,1,elliptical,inside,test_id,gnn,41,0.47140513232787223,-0.3959409526896382,2.0928466680600053
236,1,47d3e5fd43f9c0f6c6654fd57652371b6cebc0bc594f3e8abe89317fd50bef60:236,1,elliptical,inside,test_id,gnn,41,0.9028766589506444,-0.3826001814913655,1.8018288720057978
237,0,47d3e5fd43f9c0f6c6654fd57652371b6cebc0bc594f3e8abe89317fd50bef60:237,1,circular,outside,test_id,gnn,41,0.3357617991312322,0.14853242716074938,3.224417520076837
237,1,47d3e5fd43f9c0f6c6654fd57652371b6cebc0bc594f3e8abe89317fd50bef60:237,1,circular,outside,test_id,gnn,41,0.26911496988375755,0.525940901844511,3.146379076217167
238,0,47d3e5fd43f9c0f6c6654fd57652371b6cebc0bc594f3e8abe89317fd50bef60:238,0,circular,edge,test_id,gnn,41,0.4571224885328588,0.059929169027814824,3.543432874274691
238,1,47d3e5fd43f9c0f6c6654fd57652371b6cebc0bc594f3e8abe89317fd50bef60:238,0,circular,edge,test_id,gnn,41,1.6985981302603064,-0.4930461577486897,4.703950814259216
239,0,47d3e5fd43f9c0f6c6654fd57652371b6cebc0bc594f3e8abe89317fd50bef60:239,0,circular,inside,test_id,gnn,41,0.6224808531149205,-0.8797699145388508,4.070204673007
239,1,47d3e5fd43f9c0f6c6654fd57652371b6cebc0bc594f3e8abe89317fd50bef60:239,0,circular,inside,test_id,gnn,41,0.504692419086295,-0.41064637223004347,3.6198496637002977
240,0,47d3e5fd43f9c0f6c6654fd57652371b6cebc0bc594f3e8abe89317fd50bef60:240,2,circular,edge,test_id,gnn,41,1.5311140852316198,1.4855818816113566,2.1031608898873606
240,1,47d3e5fd43f9c0f6c6654fd57652371b6cebc0bc594f3e8abe89317fd50bef60:240,2,circular,edge,test_id,gnn,41,1.724165304218131,1.560428387730131,1.9166889452101896
241,0,47d3e5fd43f9c0f6c6654fd57652371b6cebc0bc594f3e8abe89317fd50bef60:241,2,circular,outside,test_id,gnn,41,2.0146707134588535,-1.8184915713381673,2.1230462494252924
241,1,47d3e5fd43f9c0f6c6654fd57652371b6cebc0bc594f3e8abe89317fd50bef60:241,2,circular,outside,test_id,gnn,41,1.5815772848470984,-1.7293871573519612,2.2425462783801917
242,0,47d3e5fd43f9c0f6c6654fd57652371b6cebc0bc594f3e8abe89317fd50bef60:242,0,elliptical,outside,test_id,gnn,41,0.2628144162042913,-0.17820423165081983,4.393949268773222
242,1,47d3e5fd43f9c0f6c6654fd57652371b6cebc0bc594f3e8abe89317fd50bef60:242,0,elliptical,outside,test_id,gnn,41,-0.016406917359036502,0.20233736118556017,4.3450660290696685
243,0,47d3e5fd43f9c0f6c6654fd57652371b6cebc0bc594f3e8abe89317fd50bef60:243,2,elliptical,outside,test_ood,gnn,41,2.055131300006705,-1.071269028575411,1.8827289094928263
243,1,47d3e5fd43f9c0f6c6654fd57652371b6cebc0bc594f3e8abe89317fd50bef60:243,2,elliptical,outside,test_ood,gnn,41,1.7850994901998816,-1.0234278372836019,2.1410400456437038
244,0,47d3e5fd43f9c0f6c6654fd57652371b6cebc0bc594f3e8abe89317fd50bef60:244,2,elliptical,inside,test_ood,gnn,41,0.5923328833921727,-0.007932369352569621,1.7708532581413792
244,1,47d3e5fd43f9c0f6c6654fd57652371b6cebc0bc594f3e8abe89317fd50bef60:244,2,elliptical,inside,test_ood,gnn,41,0.19935925177176567,1.341812140553007,1.7027010411411883
245,0,47d3e5fd43f9c0f6c6654fd57652371b6cebc0bc594f3e8abe89317fd50bef60:245,0,circular,outside,test_id,gnn,41,0.8771167235716161,0.3198357292103862,3.19149925901901
245,1,47d3e5fd43f9c0f6c6654fd57652371b6cebc0bc594f3e8abe89317fd50bef60:245,0,circular,outside,test_id,gnn,41,0.05212088546593756,-0.2608914456677342,4.156536166302419
246,0,47d3e5fd43f9c0f6c6654fd57652371b6cebc0bc594f3e8abe89317fd50bef60:246,1,elliptical,edge,test_id,gnn,41,-0.23056750127236275,0.023385505436668355,2.9849678157454234
246,1,47d3e5fd43f9c0f6c6654fd57652371b6cebc0bc594f3e8abe89317fd50bef60:246,1,elliptical,edge,test_id,gnn,41,-0.21818660327355294,-1.1339881352496053,2.7821565680625038
247,0,47d3e5fd43f9c0f6c6654fd57652371b6cebc0bc594f3e8abe89317fd50bef60:247,2,circular,edge,test_id,gnn,41,0.42072121671279045,1.0911542244839763,3.0793214077074276
247,1,47d3e5fd43f9c0f6c6654fd57652371b6cebc0bc594f3e8abe89317fd50bef60:247,2,circular,edge,test_id,gnn,41,0.33978204301436515,0.324083573429594,3.615980395319222
248,0,47d3e5fd43f9c0f6c6654fd57652371b6cebc0bc594f3e8abe89317fd50bef60:248,2,circular,outside,test_id,gnn,41,0.8181309538229283,0.8651018210339642,3.1491383016693337
248,1,47d3e5fd43f9c0f6c6654fd57652371b6cebc0bc594f3e8abe89317fd50bef60:248,2,circular,outside,test_id,gnn,41,0.13380407414277168,1.978128320782194,2.023333364204459
249,0,47d3e5fd43f9c0f6c6654fd57652371b6cebc0bc594f3e8abe89317fd50bef60:249,0,circular,inside,test_id,gnn,41,-0.16771538683335213,-0.7072089842867756,3.736320896602941
249,1,47d3e5fd43f9c0f6c6654fd57652371b6cebc0bc594f3e8abe89317fd50bef60:249,0,circular,inside,test_id,gnn,41,-0.23263694473664193,0.005001376627693135,3.463653986541337
250,0,47d3e5fd43f9c0f6c6654fd57652371b6cebc0bc594f3e8abe89317fd50bef60:250,2,circular,inside,test_id,gnn,41,-1.2470811767236414,1.2719847031521891,1.020216346435568
250,1,47d3e5fd43f9c0f6c6654fd57652371b6cebc0bc594f3e8abe89317fd50bef60:250,2,circular,inside,test_id,gnn,41,-0.37968944140831856,2.3498212166714763,0.3682766652365026
251,0,47d3e5fd43f9c0f6c6654fd57652371b6cebc0bc594f3e8abe89317fd50bef60:251,0,elliptical,inside,test_id,gnn,41,-0.16023104020516304,1.1269494362759684,1.7612088275717124
251,1,47d3e5fd43f9c0f6c6654fd57652371b6cebc0bc594f3e8abe89317fd50bef60:251,0,elliptical,inside,test_id,gnn,41,0.5647888021810826,0.43518436631442065,2.5775363409455565
252,0,47d3e5fd43f9c0f6c6654fd57652371b6cebc0bc594f3e8abe89317fd50bef60:252,2,circular,inside,test_id,gnn,41,1.4628403025015173,-2.018871181399813,0.6933770559027278
252,1,47d3e5fd43f9c0f6c6654fd57652371b6cebc0bc594f3e8abe89317fd50bef60:252,2,circular,inside,test_id,gnn,41,1.1875674562795935,-1.9277586869311238,0.5626070145397075
253,0,47d3e5fd43f9c0f6c6654fd57652371b6cebc0bc594f3e8abe89317fd50bef60:253,2,circular,edge,test_id,gnn,41,0.7702866630895909,-0.06782015109180455,3.2188999880240043
253,1,47d3e5fd43f9c0f6c6654fd57652371b6cebc0bc594f3e8abe89317fd50bef60:253,2,circular,edge,test_id,gnn,41,-0.9069023294107142,0.5700938173222637,2.5294486194473422
254,0,47d3e5fd43f9c0f6c6654fd57652371b6cebc0bc594f3e8abe89317fd50bef60:254,1,circular,inside,test_id,gnn,41,-0.0403758076683703,-0.3596836260867024,1.634892969752959
254,1,47d3e5fd43f9c0f6c6654fd57652371b6cebc0bc594f3e8abe89317fd50bef60:254,1,circular,inside,test_id,gnn,41,-0.4179305894033137,-0.35685991564511305,1.8247644598382309
255,0,47d3e5fd43f9c0f6c6654fd57652371b6cebc0bc594f3e8abe89317fd50bef60:255,0,circular,outside,test_id,gnn,41,-0.8097516460076991,0.5169057913708782,2.952110576658006
255,1,47d3e5fd43f9c0f6c6654fd57652371b6cebc0bc594f3e8abe89317fd50bef60:255,0,circular,outside,test_id,gnn,41,-0.18980784841935067,-0.7245478562426472,4.1820190523935805
256,0,47d3e5fd43f9c0f6c6654fd57652371b6cebc0bc594f3e8abe89317fd50bef60:256,0,circular,outside,test_id,gnn,41,0.046302011822062436,-0.6768410138201618,3.774854870154877
256,1,47d3e5fd43f9c0f6c6654fd57652371b6cebc0bc594f3e8abe89317fd50bef60:256,0,circular,outside,test_id,gnn,41,0.8963757591589269,0.3290281363415813,5.086582234208329
257,0,47d3e5fd43f9c0f6c6654fd57652371b6cebc0bc594f3e8abe89317fd50bef60:257,2,circular,edge,test_id,gnn,41,4.430384381328421,-5.03229414740323,2.826612923216532
257,1,47d3e5fd43f9c0f6c6654fd57652371b6cebc0bc594f3e8abe89317fd50bef60:257,2,circular,edge,test_id,gnn,41,4.6103584604605015,-4.627045505435457,2.691900985794632
258,0,47d3e5fd43f9c0f6c6654fd57652371b6cebc0bc594f3e8abe89317fd50bef60:258,1,circular,outside,test_id,gnn,41,-0.9178719086305324,0.7660106488156414,3.5359844419879725
258,1,47d3e5fd43f9c0f6c6654fd57652371b6cebc0bc594f3e8abe89317fd50bef60:258,1,circular,outside,test_id,gnn,41,-1.768163101162118,-0.09581351721405033,2.3844336033386333
259,0,47d3e5fd43f9c0f6c6654fd57652371b6cebc0bc594f3e8abe89317fd50bef60:259,2,circular,outside,test_id,gnn,41,-0.30747009941498665,-0.1390558264565373,3.65874996885849
259,1,47d3e5fd43f9c0f6c6654fd57652371b6cebc0bc594f3e8abe89317fd50bef60:259,2,circular,outside,test_id,gnn,41,0.3144455688341436,-0.5524710945200825,4.29287090912068
260,0,47d3e5fd43f9c0f6c6654fd57652371b6cebc0bc594f3e8abe89317fd50bef60:260,2,elliptical,inside,test_ood,gnn,41,-3.05723311134736,1.2018013068127726,0.7993242521451215
260,1,47d3e5fd43f9c0f6c6654fd57652371b6cebc0bc594f3e8abe89317fd50bef60:260,2,elliptical,inside,test_ood,gnn,41,-3.406923071827096,1.7518093653607463,0.6139759796117112
261,0,47d3e5fd43f9c0f6c6654fd57652371b6cebc0bc594f3e8abe89317fd50bef60:261,1,elliptical,edge,test_id,gnn,41,0.8702173071249303,-1.0882413319659139,3.9174752532585626
261,1,47d3e5fd43f9c0f6c6654fd57652371b6cebc0bc594f3e8abe89317fd50bef60:261,1,elliptical,edge,test_id,gnn,41,0.6010972099645909,-1.1635956696581746,3.6400798847858105
262,0,47d3e5fd43f9c0f6c6654fd57652371b6cebc0bc594f3e8abe89317fd50bef60:262,1,elliptical,outside,test_id,gnn,41,0.4505637126310644,-0.27148044923066145,3.269510863109362
262,1,47d3e5fd43f9c0f6c6654fd57652371b6cebc0bc594f3e8abe89317fd50bef60:262,1,elliptical,outside,test_id,gnn,41,0.3036340611322698,-0.29770474949597364,3.303226843001839
263,0,47d3e5fd43f9c0f6c6654fd57652371b6cebc0bc594f3e8abe89317fd50bef60:263,0,circular,inside,test_id,gnn,41,-0.21750112005631356,-0.7057409218859577,1.8340257918034875
263,1,47d3e5fd43f9c0f6c6654fd57652371b6cebc0bc594f3e8abe89317fd50bef60:263,0,circular,inside,test_id,gnn,41,0.05153737089474768,0.018443725316534,2.5990358513925185
264,0,47d3e5fd43f9c0f6c6654fd57652371b6cebc0bc594f3e8abe89317fd50bef60:264,0,circular,edge,test_id,gnn,41,1.1899353103979406,0.12344656070948597,3.1616666015124184
264,1,47d3e5fd43f9c0f6c6654fd57652371b6cebc0bc594f3e8abe89317fd50bef60:264,0,circular,edge,test_id,gnn,41,-0.03926510491530329,-0.19564128735779768,3.2894512174411075
265,0,47d3e5fd43f9c0f6c6654fd57652371b6cebc0bc594f3e8abe89317fd50bef60:265,0,elliptical,outside,test_id,gnn,41,0.3889062540872869,-0.8529436520647907,5.237835680024818
265,1,47d3e5fd43f9c0f6c6654fd57652371b6cebc0bc594f3e8abe89317fd50bef60:265,0,elliptical,outside,test_id,gnn,41,0.9706988172872838,-0.4750284484934712,5.491967870345597
266,0,47d3e5fd43f9c0f6c6654fd57652371b6cebc0bc594f3e8abe89317fd50bef60:266,1,circular,outside,test_id,gnn,41,-0.167811618532342,-0.6067399910998249,4.189431447262774
266,1,47d3e5fd43f9c0f6c6654fd57652371b6cebc0bc594f3e8abe89317fd50bef60:266,1,circular,outside,test_id,gnn,41,-0.33288784452835946,-0.11510794678448681,3.678118807455639
267,0,47d3e5fd43f9c0f6c6654fd57652371b6cebc0bc594f3e8abe89317fd50bef60:267,1,elliptical,inside,test_id,gnn,41,0.618459029708701,-0.528022789151659,0.9496450583387341
267,1,47d3e5fd43f9c0f6c6654fd57652371b6cebc0bc594f3e8abe89317fd50bef60:267,1,elliptical,inside,test_id,gnn,41,0.22480608395178886,-0.5470814637255573,1.3437401857410762
268,0,47d3e5fd43f9c0f6c6654fd57652371b6cebc0bc594f3e8abe89317fd50bef60:268,2,circular,inside,test_id,gnn,41,0.08667868993123144,-0.7202029160571003,1.4602095534640147
268,1,47d3e5fd43f9c0f6c6654fd57652371b6cebc0bc594f3e8abe89317fd50bef60:268,2,circular,inside,test_id,gnn,41,-0.9045509261743251,-0.4575436345648671,0.5298818613131471
269,0,47d3e5fd43f9c0f6c6654fd57652371b6cebc0bc594f3e8abe89317fd50bef60:269,0,elliptical,inside,test_id,gnn,41,-0.14562998839775948,-0.04526880824684147,2.3151539055643595
269,1,47d3e5fd43f9c0f6c6654fd57652371b6cebc0bc594f3e8abe89317fd50bef60:269,0,elliptical,inside,test_id,gnn,41,0.494005187068778,0.6008481450963116,2.307894137552972
270,0,47d3e5fd43f9c0f6c6654fd57652371b6cebc0bc594f3e8abe89317fd50bef60:270,1,elliptical,edge,test_id,gnn,41,0.6882476644857701,-0.5842479399752522,3.58714666620164
270,1,47d3e5fd43f9c0f6c6654fd57652371b6cebc0bc594f3e8abe89317fd50bef60:270,1,elliptical,edge,test_id,gnn,41,0.13450540474494072,0.07563394984484668,2.9529066924240057
271,0,47d3e5fd43f9c0f6c6654fd57652371b6cebc0bc594f3e8abe89317fd50bef60:271,2,elliptical,outside,test_ood,gnn,41,-1.38406302162568,0.3495506711888408,2.7063501100215377
271,1,47d3e5fd43f9c0f6c6654fd57652371b6cebc0bc594f3e8abe89317fd50bef60:271,2,elliptical,outside,test_ood,gnn,41,-1.0302815599099817,1.7347911663937663,2.7568726775248704
272,0,47d3e5fd43f9c0f6c6654fd57652371b6cebc0bc594f3e8abe89317fd50bef60:272,1,elliptical,inside,test_id,gnn,41,0.05749849102337927,0.03517934611321445,2.300939219633939
272,1,47d3e5fd43f9c0f6c6654fd57652371b6cebc0bc594f3e8abe89317fd50bef60:272,1,elliptical,inside,test_id,gnn,41,0.8440916376455602,-0.11791896143673901,1.5032125278336985
273,0,47d3e5fd43f9c0f6c6654fd57652371b6cebc0bc594f3e8abe89317fd50bef60:273,0,elliptical,edge,test_id,gnn,41,-0.04756529011885553,0.36032766780138964,3.5115834313157905
273,1,47d3e5fd43f9c0f6c6654fd57652371b6cebc0bc594f3e8abe89317fd50bef60:273,0,elliptical,edge,test_id,gnn,41,0.3289263682707128,-0.382983498961916,2.6948576480107866
274,0,47d3e5fd43f9c0f6c6654fd57652371b6cebc0bc594f3e8abe89317fd50bef60:274,0,elliptical,edge,test_id,gnn,41,0.8287171559675511,-0.27261296728371626,2.7392881189246308
274,1,47d3e5fd43f9c0f6c6654fd57652371b6cebc0bc594f3e8abe89317fd50bef60:274,0,elliptical,edge,test_id,gnn,41,-0.9236747784272853,-0.17748089948414808,3.4635974076848357
275,0,47d3e5fd43f9c0f6c6654fd57652371b6cebc0bc594f3e8abe89317fd50bef60:275,1,circular,edge,test_id,gnn,41,1.4840682583196936,-0.7900827459406757,1.7343286904401498
275,1,47d3e5fd43f9c0f6c6654fd57652371b6cebc0bc594f3e8abe89317fd50bef60:275,1,circular,edge,test_id,gnn,41,0.18133813760121437,0.2281292744565105,2.824131887616387
276,0,47d3e5fd43f9c0f6c6654fd57652371b6cebc0bc594f3e8abe89317fd50bef60:276,2,elliptical,edge,test_ood,gnn,41,4.098304493938285,1.3123854466366862,1.8002211183632733
276,1,47d3e5fd43f9c0f6c6654fd57652371b6cebc0bc594f3e8abe89317fd50bef60:276,2,elliptical,edge,test_ood,gnn,41,3.9307410555227573,1.3575090237546061,1.6655668059075746
277,0,47d3e5fd43f9c0f6c6654fd57652371b6cebc0bc594f3e8abe89317fd50bef60:277,1,elliptical,outside,test_id,gnn,41,0.10512542596896261,0.6675580807614422,3.4722029666552343
277,1,47d3e5fd43f9c0f6c6654fd57652371b6cebc0bc594f3e8abe89317fd50bef60:277,1,elliptical,outside,test_id,gnn,41,1.1796073751791296,-1.2109508446764852,2.327555456522027
278,0,47d3e5fd43f9c0f6c6654fd57652371b6cebc0bc594f3e8abe89317fd50bef60:278,2,circular,outside,test_id,gnn,41,0.6099032001837071,2.5439771481442546,1.7839590700148518
278,1,47d3e5fd43f9c0f6c6654fd57652371b6cebc0bc594f3e8abe89317fd50bef60:278,2,circular,outside,test_id,gnn,41,0.2570769029005346,2.4909368821072673,2.047510024637238
279,0,47d3e5fd43f9c0f6c6654fd57652371b6cebc0bc594f3e8abe89317fd50bef60:279,0,elliptical,outside,test_id,gnn,41,0.9495517449720677,0.3929011889386272,5.149993583548831
279,1,47d3e5fd43f9c0f6c6654fd57652371b6cebc0bc594f3e8abe89317fd50bef60:279,0,elliptical,outside,test_id,gnn,41,1.2785351114614782,0.054624459950933416,5.5912668451076515
280,0,47d3e5fd43f9c0f6c6654fd57652371b6cebc0bc594f3e8abe89317fd50bef60:280,0,elliptical,inside,test_id,gnn,41,0.44435779622634025,-0.08321584084748272,3.312523167917231
280,1,47d3e5fd43f9c0f6c6654fd57652371b6cebc0bc594f3e8abe89317fd50bef60:280,0,elliptical,inside,test_id,gnn,41,-1.0059721631662073,-0.024385240615596812,2.4656267054450236
281,0,47d3e5fd43f9c0f6c6654fd57652371b6cebc0bc594f3e8abe89317fd50bef60:281,1,circular,inside,test_id,gnn,41,0.8788034754141149,0.18225074490786547,1.2122770810565875
281,1,47d3e5fd43f9c0f6c6654fd57652371b6cebc0bc594f3e8abe89317fd50bef60:281,1,circular,inside,test_id,gnn,41,0.17528980097611518,0.1994673975396251,0.7123307311861771
282,0,47d3e5fd43f9c0f6c6654fd57652371b6cebc0bc594f3e8abe89317fd50bef60:282,2,elliptical,edge,test_ood,gnn,41,-1.576396481479806,5.17499983987094,2.531312712765948
282,1,47d3e5fd43f9c0f6c6654fd57652371b6cebc0bc594f3e8abe89317fd50bef60:282,2,elliptical,edge,test_ood,gnn,41,-1.445985571827096,5.5123902626919845,2.76916556517706
283,0,47d3e5fd43f9c0f6c6654fd57652371b6cebc0bc594f3e8abe89317fd50bef60:283,0,circular,edge,test_id,gnn,41,0.743390305553275,-1.4196069172930623,4.7556371302423885
283,1,47d3e5fd43f9c0f6c6654fd57652371b6cebc0bc594f3e8abe89317fd50bef60:283,0,circular,edge,test_id,gnn,41,-0.35522841044823555,0.8911327191281414,3.8437868369228743
284,0,47d3e5fd43f9c0f6c6654fd57652371b6cebc0bc594f3e8abe89317fd50bef60:284,1,circular,edge,test_id,gnn,41,-0.8573903007165614,-0.4234249524187947,3.7470833224196243
284,1,47d3e5fd43f9c0f6c6654fd57652371b6cebc0bc594f3e8abe89317fd50bef60:284,1,circular,edge,test_id,gnn,41,-1.367327944721383,-0.7231362990450764,3.952310083738755
285,0,47d3e5fd43f9c0f6c6654fd57652371b6cebc0bc594f3e8abe89317fd50bef60:285,2,elliptical,outside,test_ood,gnn,41,-2.508030192341012,-1.6077111891817952,1.08857266499884
285,1,47d3e5fd43f9c0f6c6654fd57652371b6cebc0bc594f3e8abe89317fd50bef60:285,2,elliptical,outside,test_ood,gnn,41,-1.4760470552102747,-1.9970555237841512,1.8671376148166772
286,0,47d3e5fd43f9c0f6c6654fd57652371b6cebc0bc594f3e8abe89317fd50bef60:286,0,circular,inside,test_id,gnn,41,-0.17522199579636483,0.06876329263926502,3.069970256203803
286,1,47d3e5fd43f9c0f6c6654fd57652371b6cebc0bc594f3e8abe89317fd50bef60:286,0,circular,inside,test_id,gnn,41,0.11808080843527884,0.19959833404303545,3.3638340695488296
287,0,47d3e5fd43f9c0f6c6654fd57652371b6cebc0bc594f3e8abe89317fd50bef60:287,2,elliptical,inside,test_ood,gnn,41,1.6345624761923132,1.0814548798489665,0.38808271437766495
287,1,47d3e5fd43f9c0f6c6654fd57652371b6cebc0bc594f3e8abe89317fd50bef60:287,2,elliptical,inside,test_ood,gnn,41,0.9759573774679479,0.7536179490971661,1.1026691056096978
288,0,47d3e5fd43f9c0f6c6654fd57652371b6cebc0bc594f3e8abe89317fd50bef60:288,0,circular,outside,test_id,gnn,41,-0.5411037368432704,-0.15145234087227827,4.05328547835409
288,1,47d3e5fd43f9c0f6c6654fd57652371b6cebc0bc594f3e8abe89317fd50bef60:288,0,circular,outside,test_id,gnn,41,0.6965248422964391,0.25213146886111254,2.753735488942252
289,0,47d3e5fd43f9c0f6c6654fd57652371b6cebc0bc594f3e8abe89317fd50bef60:289,2,circular,outside,test_id,gnn,41,-6.086911456073922,-0.2527356974196339,2.2998268527410537
289,1,47d3e5fd43f9c0f6c6654fd57652371b6cebc0bc594f3e8abe89317fd50bef60:289,2,circular,outside,test_id,gnn,41,-5.6128070516244595,0.1379498310971355,1.7205694288145044
290,0,47d3e5fd43f9c0f6c6654fd57652371b6cebc0bc594f3e8abe89317fd50bef60:290,1,circular,inside,test_id,gnn,41,0.4989720123155889,-0.26175574281929975,3.555106450129637
290,1,47d3e5fd43f9c0f6c6654fd57652371b6cebc0bc594f3e8abe89317fd50bef60:290,1,circular,inside,test_id,gnn,41,0.9106088714941319,-0.6321426562380695,3.752509231948173
291,0,47d3e5fd43f9c0f6c6654fd57652371b6cebc0bc594f3e8abe89317fd50bef60:291,2,elliptical,inside,test_ood,gnn,41,-2.4054124517099087,-0.021825832070102733,1.867526339980047
291,1,47d3e5fd43f9c0f6c6654fd57652371b6cebc0bc594f3e8abe89317fd50bef60:291,2,elliptical,inside,test_ood,gnn,41,-3.1225402516977017,0.8703631230282879,1.126293809911824
292,0,47d3e5fd43f9c0f6c6654fd57652371b6cebc0bc594f3e8abe89317fd50bef60:292,0,circular,inside,test_id,gnn,41,-0.47029055782715706,-0.5294164649557972,0.6570933103573837
292,1,47d3e5fd43f9c0f6c6654fd57652371b6cebc0bc594f3e8abe89317fd50bef60:292,0,circular,inside,test_id,gnn,41,-0.4259444934980097,-0.05839907074092869,0.26090657721684407
293,0,47d3e5fd43f9c0f6c6654fd57652371b6cebc0bc594f3e8abe89317fd50bef60:293,0,circular,outside,test_id,gnn,41,1.6744700508459387,-0.3552001647066975,3.1760389512018756
293,1,47d3e5fd43f9c0f6c6654fd57652371b6cebc0bc594f3e8abe89317fd50bef60:293,0,circular,outside,test_id,gnn,41,-0.23454781004349617,-0.1181396178316975,4.326880328566385
294,0,47d3e5fd43f9c0f6c6654fd57652371b6cebc0bc594f3e8abe89317fd50bef60:294,0,elliptical,edge,test_id,gnn,41,0.48458842805464836,-0.685298316867342,3.7897521253403803
294,1,47d3e5fd43f9c0f6c6654fd57652371b6cebc0bc594f3e8abe89317fd50bef60:294,0,elliptical,edge,test_id,gnn,41,-0.1351120633737269,0.39093149384737963,3.846129612658342
295,0,47d3e5fd43f9c0f6c6654fd57652371b6cebc0bc594f3e8abe89317fd50bef60:295,2,circular,edge,test_id,gnn,41,-0.9895522756234828,-0.2414510182452107,2.839590552200109
295,1,47d3e5fd43f9c0f6c6654fd57652371b6cebc0bc594f3e8abe89317fd50bef60:295,2,circular,edge,test_id,gnn,41,1.130435212169486,-1.0209480456423665,2.4512856584477385
296,0,47d3e5fd43f9c0f6c6654fd57652371b6cebc0bc594f3e8abe89317fd50bef60:296,0,elliptical,inside,test_id,gnn,41,-0.1695460242883387,0.34437275609255785,3.2922653824219594
296,1,47d3e5fd43f9c0f6c6654fd57652371b6cebc0bc594f3e8abe89317fd50bef60:296,0,elliptical,inside,test_id,gnn,41,-0.28114484378258614,0.079385868518362,3.0194571360182674
297,0,47d3e5fd43f9c0f6c6654fd57652371b6cebc0bc594f3e8abe89317fd50bef60:297,0,circular,inside,test_id,gnn,41,-0.2950752539292994,0.5346016951489544,2.4865060191432176
297,1,47d3e5fd43f9c0f6c6654fd57652371b6cebc0bc594f3e8abe89317fd50bef60:297,0,circular,inside,test_id,gnn,41,0.34194885066588493,-0.19502330640076643,2.946548091102158
298,0,47d3e5fd43f9c0f6c6654fd57652371b6cebc0bc594f3e8abe89317fd50bef60:298,2,circular,inside,test_id,gnn,41,-0.6722877187387172,1.67048299988986,0.1959322359011512
298,1,47d3e5fd43f9c0f6c6654fd57652371b6cebc0bc594f3e8abe89317fd50bef60:298,2,circular,inside,test_id,gnn,41,-1.087220923389596,0.3085733719754314,1.2330409214070648
299,0,47d3e5fd43f9c0f6c6654fd57652371b6cebc0bc594f3e8abe89317fd50bef60:299,1,circular,outside,test_id,gnn,41,0.10280658922036261,0.5103212662625408,3.8163489859301567
299,1,47d3e5fd43f9c0f6c6654fd57652371b6cebc0bc594f3e8abe89317fd50bef60:299,1,circular,outside,test_id,gnn,41,1.4524377422674475,0.3162504502225017,2.6949588464414913
300,0,47d3e5fd43f9c0f6c6654fd57652371b6cebc0bc594f3e8abe89317fd50bef60:300,0,elliptical,outside,test_id,gnn,41,-0.36180518695275216,-0.44834702530621534,4.8882140763826
300,1,47d3e5fd43f9c0f6c6654fd57652371b6cebc0bc594f3e8abe89317fd50bef60:300,0,elliptical,outside,test_id,gnn,41,-0.9806301755563441,0.4318602748799419,5.047847777513148
301,0,47d3e5fd43f9c0f6c6654fd57652371b6cebc0bc594f3e8abe89317fd50bef60:301,1,elliptical,inside,test_id,gnn,41,-0.7318528456346217,0.08283438464880939,0.365874536226405
301,1,47d3e5fd43f9c0f6c6654fd57652371b6cebc0bc594f3e8abe89317fd50bef60:301,1,elliptical,inside,test_id,gnn,41,0.9951151447637853,-1.2878959111285115,1.863469095006971
302,0,47d3e5fd43f9c0f6c6654fd57652371b6cebc0bc594f3e8abe89317fd50bef60:302,0,circular,edge,test_id,gnn,41,0.4179713266237554,-0.5215424827647114,2.618223661964744
302,1,47d3e5fd43f9c0f6c6654fd57652371b6cebc0bc594f3e8abe89317fd50bef60:302,0,circular,edge,test_id,gnn,41,-0.8862078351632777,0.6122458048749065,4.190476250677329
303,0,47d3e5fd43f9c0f6c6654fd57652371b6cebc0bc594f3e8abe89317fd50bef60:303,0,elliptical,inside,test_id,gnn,41,-0.17521582671563057,-0.4629906944346333,1.209842078324831
303,1,47d3e5fd43f9c0f6c6654fd57652371b6cebc0bc594f3e8abe89317fd50bef60:303,0,elliptical,inside,test_id,gnn,41,-0.2360176903859797,-0.606649749667635,1.365341480095563
304,0,47d3e5fd43f9c0f6c6654fd57652371b6cebc0bc594f3e8abe89317fd50bef60:304,2,elliptical,edge,test_ood,gnn,41,1.694951518092948,-1.3308343819689656,1.6693739025912746
304,1,47d3e5fd43f9c0f6c6654fd57652371b6cebc0bc594f3e8abe89317fd50bef60:304,2,elliptical,edge,test_ood,gnn,41,1.6907863455160437,-0.919667475612154,2.0805566073629653
305,0,47d3e5fd43f9c0f6c6654fd57652371b6cebc0bc594f3e8abe89317fd50bef60:305,0,elliptical,edge,test_id,gnn,41,0.32230929902632804,0.5212522812771893,4.100451134695731
305,1,47d3e5fd43f9c0f6c6654fd57652371b6cebc0bc594f3e8abe89317fd50bef60:305,0,elliptical,edge,test_id,gnn,41,-0.36552541085640816,-0.4522737793040181,3.777417208682847
306,0,47d3e5fd43f9c0f6c6654fd57652371b6cebc0bc594f3e8abe89317fd50bef60:306,2,elliptical,edge,test_ood,gnn,41,0.49394379428465934,-0.09320642122744564,3.2244887614461164
306,1,47d3e5fd43f9c0f6c6654fd57652371b6cebc0bc594f3e8abe89317fd50bef60:306,2,elliptical,edge,test_ood,gnn,41,-0.15576739736954598,1.402370698063383,1.6188089367059835
307,0,47d3e5fd43f9c0f6c6654fd57652371b6cebc0bc594f3e8abe89317fd50bef60:307,1,elliptical,edge,test_id,gnn,41,0.503067834888297,0.24777734956027025,2.811886032490999
307,1,47d3e5fd43f9c0f6c6654fd57652371b6cebc0bc594f3e8abe89317fd50bef60:307,1,elliptical,edge,test_id,gnn,41,-0.3941929502145472,-0.013399605394592326,3.354337451597457
308,0,47d3e5fd43f9c0f6c6654fd57652371b6cebc0bc594f3e8abe89317fd50bef60:308,1,circular,outside,test_id,gnn,41,-0.4648784560815516,-0.6013542346072102,4.357415429627027
308,1,47d3e5fd43f9c0f6c6654fd57652371b6cebc0bc594f3e8abe89317fd50bef60:308,1,circular,outside,test_id,gnn,41,-0.8565172118798915,-0.4527619413447285,3.960250393322573
309,0,47d3e5fd43f9c0f6c6654fd57652371b6cebc0bc594f3e8abe89317fd50bef60:309,2,circular,inside,test_id,gnn,41,0.954156919036704,0.22064239463091845,1.3251536776051782
309,1,47d3e5fd43f9c0f6c6654fd57652371b6cebc0bc594f3e8abe89317fd50bef60:309,2,circular,inside,test_id,gnn,41,0.43860496452887626,0.893939382641325,0.6707392262433522
310,0,47d3e5fd43f9c0f6c6654fd57652371b6cebc0bc594f3e8abe89317fd50bef60:310,1,elliptical,edge,test_id,gnn,41,0.08853343746502966,1.2548714943814372,3.1143324042572433
310,1,47d3e5fd43f9c0f6c6654fd57652371b6cebc0bc594f3e8abe89317fd50bef60:310,1,elliptical,edge,test_id,gnn,41,0.4284832315786657,0.051203898398885686,3.4562374086358587
311,0,47d3e5fd43f9c0f6c6654fd57652371b6cebc0bc594f3e8abe89317fd50bef60:311,1,elliptical,outside,test_id,gnn,41,-0.5442180795327846,0.563861794083128,4.011678022051407
311,1,47d3e5fd43f9c0f6c6654fd57652371b6cebc0bc594f3e8abe89317fd50bef60:311,1,elliptical,outside,test_id,gnn,41,1.2670787411077795,0.0884261049914455,2.2971709102414106
312,0,47d3e5fd43f9c0f6c6654fd57652371b6cebc0bc594f3e8abe89317fd50bef60:312,2,circular,outside,test_id,gnn,41,1.2657977180822668,-0.07178146088241581,2.531123520587715
312,1,47d3e5fd43f9c0f6c6654fd57652371b6cebc0bc594f3e8abe89317fd50bef60:312,2,circular,outside,test_id,gnn,41,0.03905553243001074,0.2754862376141643,3.4865886916821385
313,0,47d3e5fd43f9c0f6c6654fd57652371b6cebc0bc594f3e8abe89317fd50bef60:313,1,circular,inside,test_id,gnn,41,-0.294936166490716,-0.547889881522646,1.152815027081601
313,1,47d3e5fd43f9c0f6c6654fd57652371b6cebc0bc594f3e8abe89317fd50bef60:313,1,circular,inside,test_id,gnn,41,0.5691801147802648,-0.21670436182736402,0.6801924319120617
314,0,47d3e5fd43f9c0f6c6654fd57652371b6cebc0bc594f3e8abe89317fd50bef60:314,1,elliptical,outside,test_id,gnn,41,-0.03797152021090418,-0.9314510754656696,3.920476135108622
314,1,47d3e5fd43f9c0f6c6654fd57652371b6cebc0bc594f3e8abe89317fd50bef60:314,1,elliptical,outside,test_id,gnn,41,-0.16228275128762154,-0.3481986455035115,4.021625460394866
315,0,47d3e5fd43f9c0f6c6654fd57652371b6cebc0bc594f3e8abe89317fd50bef60:315,2,circular,edge,test_id,gnn,41,-1.4437890214578333,1.3769847222256755,1.9556748809899511
315,1,47d3e5fd43f9c0f6c6654fd57652371b6cebc0bc594f3e8abe89317fd50bef60:315,2,circular,edge,test_id,gnn,41,-0.7433443231240932,0.5829690762448406,2.2901784407928303
316,0,47d3e5fd43f9c0f6c6654fd57652371b6cebc0bc594f3e8abe89317fd50bef60:316,1,circular,edge,test_id,gnn,41,-0.5302906198159877,-0.23218564012764936,3.0030492836548848
316,1,47d3e5fd43f9c0f6c6654fd57652371b6cebc0bc594f3e8abe89317fd50bef60:316,1,circular,edge,test_id,gnn,41,0.5232702331884679,-0.08724741333841328,3.9810204161378295
317,0,47d3e5fd43f9c0f6c6654fd57652371b6cebc0bc594f3e8abe89317fd50bef60:317,0,elliptical,outside,test_id,gnn,41,0.9061217742307958,-0.5784318975520039,4.750716382981651
317,1,47d3e5fd43f9c0f6c6654fd57652371b6cebc0bc594f3e8abe89317fd50bef60:317,0,elliptical,outside,test_id,gnn,41,0.0734162392361936,0.17236939749003405,4.391322043729814
318,0,47d3e5fd43f9c0f6c6654fd57652371b6cebc0bc594f3e8abe89317fd50bef60:318,2,elliptical,outside,test_ood,gnn,41,-4.432091013874215,-0.5686404041361713,0.8280267722819892
318,1,47d3e5fd43f9c0f6c6654fd57652371b6cebc0bc594f3e8abe89317fd50bef60:318,2,elliptical,outside,test_ood,gnn,41,-4.061998145069284,0.4961327382016277,1.3470515316747613
319,0,47d3e5fd43f9c0f6c6654fd57652371b6cebc0bc594f3e8abe89317fd50bef60:319,0,circular,edge,test_id,gnn,41,-0.4051748973981562,0.05922311475754734,3.50275052888941
319,1,47d3e5fd43f9c0f6c6654fd57652371b6cebc0bc594f3e8abe89317fd50bef60:319,0,circular,edge,test_id,gnn,41,-0.12177558370987802,0.4610415764737224,3.992053878664462
320,0,47d3e5fd43f9c0f6c6654fd57652371b6cebc0bc594f3e8abe89317fd50bef60:320,2,elliptical,outside,test_ood,gnn,41,1.7253211574896155,1.9081360169339274,1.884461573949773
320,1,47d3e5fd43f9c0f6c6654fd57652371b6cebc0bc594f3e8abe89317fd50bef60:320,2,elliptical,outside,test_ood,gnn,41,1.5114488439901648,2.2387281723904704,1.5021441536864073
321,0,47d3e5fd43f9c0f6c6654fd57652371b6cebc0bc594f3e8abe89317fd50bef60:321,1,elliptical,inside,test_id,gnn,41,0.5376109319074925,-0.7406089238238239,2.2382980649130024
321,1,47d3e5fd43f9c0f6c6654fd57652371b6cebc0bc594f3e8abe89317fd50bef60:321,1,elliptical,inside,test_id,gnn,41,0.28500924876769157,-0.35811933198689466,1.9553314470077867
322,0,47d3e5fd43f9c0f6c6654fd57652371b6cebc0bc594f3e8abe89317fd50bef60:322,1,circular,edge,test_id,gnn,41,-1.3412710590020838,-0.14733975449322706,2.782615346561247
322,1,47d3e5fd43f9c0f6c6654fd57652371b6cebc0bc594f3e8abe89317fd50bef60:322,1,circular,edge,test_id,gnn,41,0.4909044342382726,0.07900144836188312,4.0271374413511465
323,0,47d3e5fd43f9c0f6c6654fd57652371b6cebc0bc594f3e8abe89317fd50bef60:323,2,elliptical,inside,test_ood,gnn,41,1.6034380035742102,-0.9406822852206135,2.6022876074355903
323,1,47d3e5fd43f9c0f6c6654fd57652371b6cebc0bc594f3e8abe89317fd50bef60:323,2,elliptical,inside,test_ood,gnn,41,0.8798768954618749,-0.42629706183194166,2.4808705497312555
324,0,47d3e5fd43f9c0f6c6654fd57652371b6cebc0bc594f3e8abe89317fd50bef60:324,1,circular,inside,test_id,gnn,41,-0.5196408195153895,-0.06885528260587696,0.9121903623692286
324,1,47d3e5fd43f9c0f6c6654fd57652371b6cebc0bc594f3e8abe89317fd50bef60:324,1,circular,inside,test_id,gnn,41,-0.34891538449685006,0.6478635140347576,0.18488952118331473
325,0,47d3e5fd43f9c0f6c6654fd57652371b6cebc0bc594f3e8abe89317fd50bef60:325,0,circular,outside,test_id,gnn,41,0.3619270162924108,0.10143638333559986,3.9302838654162464
325,1,47d3e5fd43f9c0f6c6654fd57652371b6cebc0bc594f3e8abe89317fd50bef60:325,0,circular,outside,test_id,gnn,41,0.07907614729245276,-0.09264731475829129,3.596485903272314
326,0,47d3e5fd43f9c0f6c6654fd57652371b6cebc0bc594f3e8abe89317fd50bef60:326,0,elliptical,outside,test_id,gnn,41,-0.45409371086518197,0.22952885112048144,3.7186336549399
326,1,47d3e5fd43f9c0f6c6654fd57652371b6cebc0bc594f3e8abe89317fd50bef60:326,0,elliptical,outside,test_id,gnn,41,-0.6116694373742763,-0.5447599820208454,4.09598057194552
327,0,47d3e5fd43f9c0f6c6654fd57652371b6cebc0bc594f3e8abe89317fd50bef60:327,0,elliptical,edge,test_id,gnn,41,0.7149342136724767,-0.13285679438828474,2.3433491702374565
327,1,47d3e5fd43f9c0f6c6654fd57652371b6cebc0bc594f3e8abe89317fd50bef60:327,0,elliptical,edge,test_id,gnn,41,-0.30664371081749825,0.795459694473753,3.6096716175027437
328,0,47d3e5fd43f9c0f6c6654fd57652371b6cebc0bc594f3e8abe89317fd50bef60:328,0,elliptical,inside,test_id,gnn,41,0.27197317651351066,-0.5611089996409321,2.352374269180866
328,1,47d3e5fd43f9c0f6c6654fd57652371b6cebc0bc594f3e8abe89317fd50bef60:328,0,elliptical,inside,test_id,gnn,41,0.06179270765622229,-0.26682216742753034,2.3536592295395873
329,0,47d3e5fd43f9c0f6c6654fd57652371b6cebc0bc594f3e8abe89317fd50bef60:329,1,elliptical,outside,test_id,gnn,41,0.5474245088442143,-0.5775450400423908,3.173684858695921
329,1,47d3e5fd43f9c0f6c6654fd57652371b6cebc0bc594f3e8abe89317fd50bef60:329,1,elliptical,outside,test_id,gnn,41,0.9993289547308263,-0.18623098054646497,2.8047390650646444
330,0,47d3e5fd43f9c0f6c6654fd57652371b6cebc0bc594f3e8abe89317fd50bef60:330,1,circular,outside,test_id,gnn,41,-0.7425406140939418,0.07907713135958667,3.232282228737113
330,1,47d3e5fd43f9c0f6c6654fd57652371b6cebc0bc594f3e8abe89317fd50bef60:330,1,circular,outside,test_id,gnn,41,-0.47593684622208504,-0.2590850673031712,3.2769113805702323
331,0,47d3e5fd43f9c0f6c6654fd57652371b6cebc0bc594f3e8abe89317fd50bef60:331,1,elliptical,inside,test_id,gnn,41,-0.24085308739106087,0.11662454089404102,2.8239180613886776
331,1,47d3e5fd43f9c0f6c6654fd57652371b6cebc0bc594f3e8abe89317fd50bef60:331,1,elliptical,inside,test_id,gnn,41,-0.34592829772393136,-0.4135748080325032,3.339685918207038
332,0,47d3e5fd43f9c0f6c6654fd57652371b6cebc0bc594f3e8abe89317fd50bef60:332,0,circular,inside,test_id,gnn,41,0.0006514849408444795,0.20669317921877856,2.2726952910182163
332,1,47d3e5fd43f9c0f6c6654fd57652371b6cebc0bc594f3e8abe89317fd50bef60:332,0,circular,inside,test_id,gnn,41,0.5158323781832036,0.35901630601168627,2.335361820172747
333,0,47d3e5fd43f9c0f6c6654fd57652371b6cebc0bc594f3e8abe89317fd50bef60:333,0,elliptical,inside,test_id,gnn,41,-0.04022439696947962,-0.8073236278605366,1.7444816948975945
333,1,47d3e5fd43f9c0f6c6654fd57652371b6cebc0bc594f3e8abe89317fd50bef60:333,0,elliptical,inside,test_id,gnn,41,0.017001292322474423,0.04505474051714893,1.5622315232135922
334,0,47d3e5fd43f9c0f6c6654fd57652371b6cebc0bc594f3e8abe89317fd50bef60:334,1,circular,inside,test_id,gnn,41,0.22581224015791984,-0.39588414946316725,3.7156718454378477
334,1,47d3e5fd43f9c0f6c6654fd57652371b6cebc0bc594f3e8abe89317fd50bef60:334,1,circular,inside,test_id,gnn,41,0.03570630273659796,-0.34114336291073805,3.779417583811123
335,0,47d3e5fd43f9c0f6c6654fd57652371b6cebc0bc594f3e8abe89317fd50bef60:335,0,circular,inside,test_id,gnn,41,0.049464336250620786,0.22611809453249926,2.468781638006982
335,1,47d3e5fd43f9c0f6c6654fd57652371b6cebc0bc594f3e8abe89317fd50bef60:335,0,circular,inside,test_id,gnn,41,0.31116209796507927,1.0017799206662272,3.2822010549996006
336,0,47d3e5fd43f9c0f6c6654fd57652371b6cebc0bc594f3e8abe89317fd50bef60:336,0,elliptical,outside,test_id,gnn,41,-0.8632908029214564,-0.29755114832638746,3.5075218894557705
336,1,47d3e5fd43f9c0f6c6654fd57652371b6cebc0bc594f3e8abe89317fd50bef60:336,0,elliptical,outside,test_id,gnn,41,-0.13131977745453743,-0.0592109083545113,3.6052495848171775
337,0,47d3e5fd43f9c0f6c6654fd57652371b6cebc0bc594f3e8abe89317fd50bef60:337,1,circular,edge,test_id,gnn,41,0.5087154047830876,-0.17292516747235304,3.019635498638239
337,1,47d3e5fd43f9c0f6c6654fd57652371b6cebc0bc594f3e8abe89317fd50bef60:337,1,circular,edge,test_id,gnn,41,-0.6763385696069423,0.3061524697232341,3.308476821640738
338,0,47d3e5fd43f9c0f6c6654fd57652371b6cebc0bc594f3e8abe89317fd50bef60:338,0,circular,edge,test_id,gnn,41,-0.5865172309533778,0.13604310831309313,2.896685806858563
338,1,47d3e5fd43f9c0f6c6654fd57652371b6cebc0bc594f3e8abe89317fd50bef60:338,0,circular,edge,test_id,gnn,41,0.48279343417723747,-0.6393068961214924,3.9376558311893093
339,0,47d3e5fd43f9c0f6c6654fd57652371b6cebc0bc594f3e8abe89317fd50bef60:339,0,circular,edge,test_id,gnn,41,0.11080980918248266,-0.5304721824240589,3.0189347884431528
339,1,47d3e5fd43f9c0f6c6654fd57652371b6cebc0bc594f3e8abe89317fd50bef60:339,0,circular,edge,test_id,gnn,41,0.512207432304221,-0.3658253482890034,2.696492757705182
340,0,47d3e5fd43f9c0f6c6654fd57652371b6cebc0bc594f3e8abe89317fd50bef60:340,2,circular,outside,test_id,gnn,41,0.2607960986240682,-0.7446155480456257,3.171071796734076
340,1,47d3e5fd43f9c0f6c6654fd57652371b6cebc0bc594f3e8abe89317fd50bef60:340,2,circular,outside,test_id,gnn,41,-0.42006446548859505,-0.8148720792841816,3.3716294966597427
341,0,47d3e5fd43f9c0f6c6654fd57652371b6cebc0bc594f3e8abe89317fd50bef60:341,2,elliptical,outside,test_ood,gnn,41,-4.793313281025094,-3.1607016257357503,1.9105592195769818
341,1,47d3e5fd43f9c0f6c6654fd57652371b6cebc0bc594f3e8abe89317fd50bef60:341,2,elliptical,outside,test_ood,gnn,41,-5.257051245655221,-2.0711790255618,2.684162952551305
342,0,47d3e5fd43f9c0f6c6654fd57652371b6cebc0bc594f3e8abe89317fd50bef60:342,2,elliptical,inside,test_ood,gnn,41,0.30699062219698997,-1.025357835681429,1.2651214041542649
342,1,47d3e5fd43f9c0f6c6654fd57652371b6cebc0bc594f3e8abe89317fd50bef60:342,2,elliptical,inside,test_ood,gnn,41,-0.5296467704431239,-0.3555899194788838,0.23230220801873772
343,0,47d3e5fd43f9c0f6c6654fd57652371b6cebc0bc594f3e8abe89317fd50bef60:343,2,circular,inside,test_id,gnn,41,2.732671483074027,-2.1441217593264486,0.45144680964820855
343,1,47d3e5fd43f9c0f6c6654fd57652371b6cebc0bc594f3e8abe89317fd50bef60:343,2,circular,inside,test_id,gnn,41,2.1065933542593296,-1.651486986072054,0.3463187188090273
344,0,47d3e5fd43f9c0f6c6654fd57652371b6cebc0bc594f3e8abe89317fd50bef60:344,2,circular,inside,test_id,gnn,41,-0.4478982848779383,-3.2637170485567952,1.9646262828262826
344,1,47d3e5fd43f9c0f6c6654fd57652371b6cebc0bc594f3e8abe89317fd50bef60:344,2,circular,inside,test_id,gnn,41,-0.33839289971749215,-3.6509483985018636,2.3659525943355897
345,0,47d3e5fd43f9c0f6c6654fd57652371b6cebc0bc594f3e8abe89317fd50bef60:345,2,elliptical,edge,test_ood,gnn,41,1.040711982761222,-1.6747049025607015,1.631121978534206
345,1,47d3e5fd43f9c0f6c6654fd57652371b6cebc0bc594f3e8abe89317fd50bef60:345,2,elliptical,edge,test_ood,gnn,41,0.44404177239974113,-1.1090495518755819,1.9238374059018646
346,0,47d3e5fd43f9c0f6c6654fd57652371b6cebc0bc594f3e8abe89317fd50bef60:346,1,elliptical,edge,test_id,gnn,41,0.2725754516466436,0.1297069110560512,2.7359569552856193
346,1,47d3e5fd43f9c0f6c6654fd57652371b6cebc0bc594f3e8abe89317fd50bef60:346,1,elliptical,edge,test_id,gnn,41,0.334069325242835,-0.371670239360323,2.6811713149679
347,0,47d3e5fd43f9c0f6c6654fd57652371b6cebc0bc594f3e8abe89317fd50bef60:347,0,circular,outside,test_id,gnn,41,0.16153471789200874,0.20797344228507036,4.053650412256884
347,1,47d3e5fd43f9c0f6c6654fd57652371b6cebc0bc594f3e8abe89317fd50bef60:347,0,circular,outside,test_id,gnn,41,0.5399754481657323,-0.42109742084263807,3.972004169565038
348,0,47d3e5fd43f9c0f6c6654fd57652371b6cebc0bc594f3e8abe89317fd50bef60:348,2,circular,outside,test_id,gnn,41,2.12845705321868,-0.20251780071972852,1.1792550262554484
348,1,47d3e5fd43f9c0f6c6654fd57652371b6cebc0bc594f3e8abe89317fd50bef60:348,2,circular,outside,test_id,gnn,41,1.7930494385107336,-0.6707601479601765,1.6374179055725597
349,0,47d3e5fd43f9c0f6c6654fd57652371b6cebc0bc594f3e8abe89317fd50bef60:349,1,elliptical,edge,test_id,gnn,41,-0.20156677194992928,-0.5614265135836506,3.3868427243788037
349,1,47d3e5fd43f9c0f6c6654fd57652371b6cebc0bc594f3e8abe89317fd50bef60:349,1,elliptical,edge,test_id,gnn,41,1.15155230334838,-0.8358440927576923,4.690117470633402
350,0,47d3e5fd43f9c0f6c6654fd57652371b6cebc0bc594f3e8abe89317fd50bef60:350,0,elliptical,edge,test_id,gnn,41,-0.4154921037809077,-0.6185595325541401,3.738956342907619
350,1,47d3e5fd43f9c0f6c6654fd57652371b6cebc0bc594f3e8abe89317fd50bef60:350,0,elliptical,edge,test_id,gnn,41,0.027801430438357297,0.06949660113335605,3.2410830854101014
351,0,47d3e5fd43f9c0f6c6654fd57652371b6cebc0bc594f3e8abe89317fd50bef60:351,1,elliptical,inside,test_id,gnn,41,0.4922654168947515,-0.622168057353487,2.60949587808686
351,1,47d3e5fd43f9c0f6c6654fd57652371b6cebc0bc594f3e8abe89317fd50bef60:351,1,elliptical,inside,test_id,gnn,41,0.5270475881441411,-0.5875312618327045,2.601257458485597
352,0,47d3e5fd43f9c0f6c6654fd57652371b6cebc0bc594f3e8abe89317fd50bef60:352,2,circular,edge,test_id,gnn,41,-1.5802824659005823,-0.4226776889872456,1.4258295767129887
352,1,47d3e5fd43f9c0f6c6654fd57652371b6cebc0bc594f3e8abe89317fd50bef60:352,2,circular,edge,test_id,gnn,41,-0.3914032740251246,-0.3157683543276692,2.6087162301594677
353,0,47d3e5fd43f9c0f6c6654fd57652371b6cebc0bc594f3e8abe89317fd50bef60:353,1,circular,outside,test_id,gnn,41,0.18693836650689216,-0.5686695508074665,4.6966256135048905
353,1,47d3e5fd43f9c0f6c6654fd57652371b6cebc0bc594f3e8abe89317fd50bef60:353,1,circular,outside,test_id,gnn,41,-0.6369853181497279,0.6944447823453045,3.4068541588988497
354,0,47d3e5fd43f9c0f6c6654fd57652371b6cebc0bc594f3e8abe89317fd50bef60:354,2,elliptical,edge,test_ood,gnn,41,1.4615171985967932,3.295584327785978,0.5806693751191963
354,1,47d3e5fd43f9c0f6c6654fd57652371b6cebc0bc594f3e8abe89317fd50bef60:354,2,elliptical,edge,test_ood,gnn,41,0.6535059051855382,3.8739305802273845,0.9266847761451288
355,0,47d3e5fd43f9c0f6c6654fd57652371b6cebc0bc594f3e8abe89317fd50bef60:355,2,circular,edge,test_id,gnn,41,-0.11590646335045725,1.0502239533352946,1.9948493910672764
355,1,47d3e5fd43f9c0f6c6654fd57652371b6cebc0bc594f3e8abe89317fd50bef60:355,2,circular,edge,test_id,gnn,41,-0.6903840465203944,1.1738110848355388,1.83257170581434
356,0,47d3e5fd43f9c0f6c6654fd57652371b6cebc0bc594f3e8abe89317fd50bef60:356,2,elliptical,outside,test_ood,gnn,41,-1.3573374910012903,0.4592270322728252,3.7312249826239836
356,1,47d3e5fd43f9c0f6c6654fd57652371b6cebc0bc594f3e8abe89317fd50bef60:356,2,elliptical,outside,test_ood,gnn,41,-0.8166128558770839,-0.4742591611456776,4.804504449452151
357,0,47d3e5fd43f9c0f6c6654fd57652371b6cebc0bc594f3e8abe89317fd50bef60:357,1,elliptical,outside,test_id,gnn,41,-0.41664500662247567,-0.233453743846407,4.742414923200407
357,1,47d3e5fd43f9c0f6c6654fd57652371b6cebc0bc594f3e8abe89317fd50bef60:357,1,elliptical,outside,test_id,gnn,41,1.4170342522009192,0.03793706676245685,3.6274523742720004
358,0,47d3e5fd43f9c0f6c6654fd57652371b6cebc0bc594f3e8abe89317fd50bef60:358,2,elliptical,inside,test_ood,gnn,41,-2.9735839528695767,2.133870727627287,0.4202458381879116
358,1,47d3e5fd43f9c0f6c6654fd57652371b6cebc0bc594f3e8abe89317fd50bef60:358,2,elliptical,inside,test_ood,gnn,41,-1.953450934375924,1.310574895946989,0.9607022537523185
359,0,47d3e5fd43f9c0f6c6654fd57652371b6cebc0bc594f3e8abe89317fd50bef60:359,1,circular,edge,test_id,gnn,41,1.1484900551183996,-0.7163981727671528,2.516732477752074
359,1,47d3e5fd43f9c0f6c6654fd57652371b6cebc0bc594f3e8abe89317fd50bef60:359,1,circular,edge,test_id,gnn,41,0.9755140381201085,0.005222636519679982,3.159962703529208
0,0,47d3e5fd43f9c0f6c6654fd57652371b6cebc0bc594f3e8abe89317fd50bef60:0,2,circular,outside,test_id,gnn,42,-1.5293477935449304,-2.324972503573885,1.9193620688039508
0,1,47d3e5fd43f9c0f6c6654fd57652371b6cebc0bc594f3e8abe89317fd50bef60:0,2,circular,outside,test_id,gnn,42,-2.1961758298532192,-1.2798294953417684,2.565999623644906
1,0,47d3e5fd43f9c0f6c6654fd57652371b6cebc0bc594f3e8abe89317fd50bef60:1,1,elliptical,outside,test_id,gnn,42,-0.44559438654343514,-0.8252189091753864,3.2264868863596385
1,1,47d3e5fd43f9c0f6c6654fd57652371b6cebc0bc594f3e8abe89317fd50bef60:1,1,elliptical,outside,test_id,gnn,42,-0.1436593843356791,-0.40403618732213026,3.7424751204651243
2,0,47d3e5fd43f9c0f6c6654fd57652371b6cebc0bc594f3e8abe89317fd50bef60:2,1,elliptical,inside,test_id,gnn,42,0.3101193743093786,0.33555412968874926,2.3625763220373086
2,1,47d3e5fd43f9c0f6c6654fd57652371b6cebc0bc594f3e8abe89317fd50bef60:2,1,elliptical,inside,test_id,gnn,42,0.3759803610189733,0.03766311636448856,2.0630213989010477
3,0,47d3e5fd43f9c0f6c6654fd57652371b6cebc0bc594f3e8abe89317fd50bef60:3,0,circular,outside,test_id,gnn,42,1.4191918211324988,-0.015646447182884257,4.037378947964835
3,1,47d3e5fd43f9c0f6c6654fd57652371b6cebc0bc594f3e8abe89317fd50bef60:3,0,circular,outside,test_id,gnn,42,-0.2899223429814997,0.6089882918286419,4.003912035157211
4,0,47d3e5fd43f9c0f6c6654fd57652371b6cebc0bc594f3e8abe89317fd50bef60:4,2,elliptical,inside,test_ood,gnn,42,-0.1592325580970469,0.2727234729218578,2.405872137904864
4,1,47d3e5fd43f9c0f6c6654fd57652371b6cebc0bc594f3e8abe89317fd50bef60:4,2,elliptical,inside,test_ood,gnn,42,0.4424251454218206,0.5164376564908123,2.45920102092436
5,0,47d3e5fd43f9c0f6c6654fd57652371b6cebc0bc594f3e8abe89317fd50bef60:5,0,elliptical,outside,test_id,gnn,42,0.5207932131632146,-0.0275600708436871,4.076326569115621
5,1,47d3e5fd43f9c0f6c6654fd57652371b6cebc0bc594f3e8abe89317fd50bef60:5,0,elliptical,outside,test_id,gnn,42,0.30334576836665245,0.4051675268101787,4.042583862421287
6,0,47d3e5fd43f9c0f6c6654fd57652371b6cebc0bc594f3e8abe89317fd50bef60:6,1,circular,outside,test_id,gnn,42,0.08169695607264608,-0.12104640969752316,3.4776841292271787
6,1,47d3e5fd43f9c0f6c6654fd57652371b6cebc0bc594f3e8abe89317fd50bef60:6,1,circular,outside,test_id,gnn,42,-0.37641804047982125,0.5119715996670818,3.233360752151266
7,0,47d3e5fd43f9c0f6c6654fd57652371b6cebc0bc594f3e8abe89317fd50bef60:7,1,elliptical,edge,test_id,gnn,42,-0.4884047670022669,-0.760663204581728,3.6683956733540266
7,1,47d3e5fd43f9c0f6c6654fd57652371b6cebc0bc594f3e8abe89317fd50bef60:7,1,elliptical,edge,test_id,gnn,42,0.8992267089231786,-0.33642476120709425,2.6161770336010313
8,0,47d3e5fd43f9c0f6c6654fd57652371b6cebc0bc594f3e8abe89317fd50bef60:8,2,elliptical,outside,test_ood,gnn,42,-0.9104019565240565,1.0399515696454142,2.7326216213922017
8,1,47d3e5fd43f9c0f6c6654fd57652371b6cebc0bc594f3e8abe89317fd50bef60:8,2,elliptical,outside,test_ood,gnn,42,0.2236225741251287,2.1941605873990153,1.6178112716025332
9,0,47d3e5fd43f9c0f6c6654fd57652371b6cebc0bc594f3e8abe89317fd50bef60:9,1,circular,edge,test_id,gnn,42,0.6034356789930638,-0.2641979686331654,2.7422598483805753
9,1,47d3e5fd43f9c0f6c6654fd57652371b6cebc0bc594f3e8abe89317fd50bef60:9,1,circular,edge,test_id,gnn,42,-0.4642051620141688,0.13841608843089098,3.380311419857967
10,0,47d3e5fd43f9c0f6c6654fd57652371b6cebc0bc594f3e8abe89317fd50bef60:10,0,circular,inside,test_id,gnn,42,0.860313220535117,0.14931983432055468,2.908476595662798
10,1,47d3e5fd43f9c0f6c6654fd57652371b6cebc0bc594f3e8abe89317fd50bef60:10,0,circular,inside,test_id,gnn,42,0.29097331932623954,0.3751791783261394,2.3401209631777227
11,0,47d3e5fd43f9c0f6c6654fd57652371b6cebc0bc594f3e8abe89317fd50bef60:11,2,elliptical,inside,test_ood,gnn,42,-2.6631491346017544,1.806826002209196,2.041419509241546
11,1,47d3e5fd43f9c0f6c6654fd57652371b6cebc0bc594f3e8abe89317fd50bef60:11,2,elliptical,inside,test_ood,gnn,42,-3.2509792012826626,0.2607823081898784,1.8732965656211367
12,0,47d3e5fd43f9c0f6c6654fd57652371b6cebc0bc594f3e8abe89317fd50bef60:12,0,circular,edge,test_id,gnn,42,0.14166462293704124,-0.4802646271300221,3.146458899291294
12,1,47d3e5fd43f9c0f6c6654fd57652371b6cebc0bc594f3e8abe89317fd50bef60:12,0,circular,edge,test_id,gnn,42,-0.5947310490266505,0.45067781886340136,2.646770981675238
13,0,47d3e5fd43f9c0f6c6654fd57652371b6cebc0bc594f3e8abe89317fd50bef60:13,0,elliptical,inside,test_id,gnn,42,0.08852808422287077,0.6699070998120403,2.396726525313654
13,1,47d3e5fd43f9c0f6c6654fd57652371b6cebc0bc594f3e8abe89317fd50bef60:13,0,elliptical,inside,test_id,gnn,42,-0.3220087451593104,-0.915693037898531,2.3651200784738338
14,0,47d3e5fd43f9c0f6c6654fd57652371b6cebc0bc594f3e8abe89317fd50bef60:14,1,circular,inside,test_id,gnn,42,-0.8756997151033107,0.027426510362634618,3.527416597223403
14,1,47d3e5fd43f9c0f6c6654fd57652371b6cebc0bc594f3e8abe89317fd50bef60:14,1,circular,inside,test_id,gnn,42,-1.3728792829171839,-0.7265033654284382,3.574213731915043
15,0,47d3e5fd43f9c0f6c6654fd57652371b6cebc0bc594f3e8abe89317fd50bef60:15,2,circular,outside,test_id,gnn,42,1.758942111049491,-2.129333131701937,1.6085092943438128
15,1,47d3e5fd43f9c0f6c6654fd57652371b6cebc0bc594f3e8abe89317fd50bef60:15,2,circular,outside,test_id,gnn,42,1.7675189810140906,-0.8715063861918354,2.174728835266508
16,0,47d3e5fd43f9c0f6c6654fd57652371b6cebc0bc594f3e8abe89317fd50bef60:16,0,circular,edge,test_id,gnn,42,0.9900924401624974,-0.7106525234293842,3.162577045584456
16,1,47d3e5fd43f9c0f6c6654fd57652371b6cebc0bc594f3e8abe89317fd50bef60:16,0,circular,edge,test_id,gnn,42,0.47797460726340385,-0.026411280722608607,3.410348129391785
17,0,47d3e5fd43f9c0f6c6654fd57652371b6cebc0bc594f3e8abe89317fd50bef60:17,1,elliptical,outside,test_id,gnn,42,-0.6641720099107448,-1.1469829014849569,4.352894120500534
17,1,47d3e5fd43f9c0f6c6654fd57652371b6cebc0bc594f3e8abe89317fd50bef60:17,1,elliptical,outside,test_id,gnn,42,1.0694384413107214,0.20593575319529528,2.2707112480852465
18,0,47d3e5fd43f9c0f6c6654fd57652371b6cebc0bc594f3e8abe89317fd50bef60:18,1,elliptical,inside,test_id,gnn,42,-0.15717981883446602,-0.25000643053769117,1.3979505510207357
18,1,47d3e5fd43f9c0f6c6654fd57652371b6cebc0bc594f3e8abe89317fd50bef60:18,1,elliptical,inside,test_id,gnn,42,0.8733931022032079,0.3418440290379619,0.7895360918717933
19,0,47d3e5fd43f9c0f6c6654fd57652371b6cebc0bc594f3e8abe89317fd50bef60:19,2,circular,inside,test_id,gnn,42,-1.5158693952218714,-0.933511846454134,1.351054966064895
19,1,47d3e5fd43f9c0f6c6654fd57652371b6cebc0bc594f3e8abe89317fd50bef60:19,2,circular,inside,test_id,gnn,42,-0.7877863807336513,-0.6820161274981403,2.117793284028566
20,0,47d3e5fd43f9c0f6c6654fd57652371b6cebc0bc594f3e8abe89317fd50bef60:20,1,elliptical,edge,test_id,gnn,42,0.7066370087011632,-1.3628956011843587,2.3431777980890245
20,1,47d3e5fd43f9c0f6c6654fd57652371b6cebc0bc594f3e8abe89317fd50bef60:20,1,elliptical,edge,test_id,gnn,42,0.19648410252173515,0.28446964105845446,3.9457350920156777
21,0,47d3e5fd43f9c0f6c6654fd57652371b6cebc0bc594f3e8abe89317fd50bef60:21,2,elliptical,edge,test_ood,gnn,42,4.57800219825347,-1.5125461749148275,2.382077161732275
21,1,47d3e5fd43f9c0f6c6654fd57652371b6cebc0bc594f3e8abe89317fd50bef60:21,2,elliptical,edge,test_ood,gnn,42,4.534696801219779,-2.8683713606905843,1.8220393857996553
22,0,47d3e5fd43f9c0f6c6654fd57652371b6cebc0bc594f3e8abe89317fd50bef60:22,0,elliptical,edge,test_id,gnn,42,-0.21208907791535286,-0.10579054126261715,2.795535475921305
22,1,47d3e5fd43f9c0f6c6654fd57652371b6cebc0bc594f3e8abe89317fd50bef60:22,0,elliptical,edge,test_id,gnn,42,0.6109642820699986,0.455131358711729,3.691576305493441
23,0,47d3e5fd43f9c0f6c6654fd57652371b6cebc0bc594f3e8abe89317fd50bef60:23,1,circular,outside,test_id,gnn,42,1.4414737062795935,0.022912307887086827,3.387311854422184
23,1,47d3e5fd43f9c0f6c6654fd57652371b6cebc0bc594f3e8abe89317fd50bef60:23,1,circular,outside,test_id,gnn,42,0.17025659105618568,-0.8355665139269733,2.895518341253848
24,0,47d3e5fd43f9c0f6c6654fd57652371b6cebc0bc594f3e8abe89317fd50bef60:24,0,elliptical,edge,test_id,gnn,42,0.45201243332465263,0.30304617366076464,2.8008108438716266
24,1,47d3e5fd43f9c0f6c6654fd57652371b6cebc0bc594f3e8abe89317fd50bef60:24,0,elliptical,edge,test_id,gnn,42,0.16783115885098548,-0.6494755677294636,2.8399705815811966
25,0,47d3e5fd43f9c0f6c6654fd57652371b6cebc0bc594f3e8abe89317fd50bef60:25,0,elliptical,inside,test_id,gnn,42,0.25982354453642936,0.6323884793210125,1.4137091089257048
25,1,47d3e5fd43f9c0f6c6654fd57652371b6cebc0bc594f3e8abe89317fd50bef60:25,0,elliptical,inside,test_id,gnn,42,-0.3938611907617274,0.2782526083874797,1.973928148081771
26,0,47d3e5fd43f9c0f6c6654fd57652371b6cebc0bc594f3e8abe89317fd50bef60:26,2,elliptical,outside,test_ood,gnn,42,0.15618495515425773,2.148252374737272,1.5780785143303908
26,1,47d3e5fd43f9c0f6c6654fd57652371b6cebc0bc594f3e8abe89317fd50bef60:26,2,elliptical,outside,test_ood,gnn,42,0.3875746267183599,1.669074184505949,2.0743009912638883
27,0,47d3e5fd43f9c0f6c6654fd57652371b6cebc0bc594f3e8abe89317fd50bef60:27,1,circular,edge,test_id,gnn,42,1.0406899886472998,0.7373833723950481,2.835305052927559
27,1,47d3e5fd43f9c0f6c6654fd57652371b6cebc0bc594f3e8abe89317fd50bef60:27,1,circular,edge,test_id,gnn,42,-0.5014925164834682,0.21867281874896044,2.786305047080965
28,0,47d3e5fd43f9c0f6c6654fd57652371b6cebc0bc594f3e8abe89317fd50bef60:28,2,circular,inside,test_id,gnn,42,-0.5181951088563624,-2.4645489386629964,0.8278766777539001
28,1,47d3e5fd43f9c0f6c6654fd57652371b6cebc0bc594f3e8abe89317fd50bef60:28,2,circular,inside,test_id,gnn,42,-0.26764704414765267,-2.7359629801821614,0.9890167874314586
29,0,47d3e5fd43f9c0f6c6654fd57652371b6cebc0bc594f3e8abe89317fd50bef60:29,0,circular,inside,test_id,gnn,42,-0.03523188957135111,0.3841961391854381,2.596067485423685
29,1,47d3e5fd43f9c0f6c6654fd57652371b6cebc0bc594f3e8abe89317fd50bef60:29,0,circular,inside,test_id,gnn,42,-0.06085802742401987,-0.4886419705462361,1.7760430277955488
30,0,47d3e5fd43f9c0f6c6654fd57652371b6cebc0bc594f3e8abe89317fd50bef60:30,2,elliptical,edge,test_ood,gnn,42,3.3344662027700718,-0.7586396864962482,0.7335870319834619
30,1,47d3e5fd43f9c0f6c6654fd57652371b6cebc0bc594f3e8abe89317fd50bef60:30,2,elliptical,edge,test_ood,gnn,42,3.207478030238944,-0.5316239229750538,0.4737373202377506
31,0,47d3e5fd43f9c0f6c6654fd57652371b6cebc0bc594f3e8abe89317fd50bef60:31,0,circular,outside,test_id,gnn,42,0.2910553353174505,-0.5348123542380238,3.91761126992035
31,1,47d3e5fd43f9c0f6c6654fd57652371b6cebc0bc594f3e8abe89317fd50bef60:31,0,circular,outside,test_id,gnn,42,-0.10782095917622476,-0.24172090807675367,4.370013825071239
32,0,47d3e5fd43f9c0f6c6654fd57652371b6cebc0bc594f3e8abe89317fd50bef60:32,2,circular,edge,test_id,gnn,42,-1.6436352891580286,-1.182183974177828,1.3688980349201616
32,1,47d3e5fd43f9c0f6c6654fd57652371b6cebc0bc594f3e8abe89317fd50bef60:32,2,circular,edge,test_id,gnn,42,-0.6791123313562099,-0.2693312994551564,2.567371027989294
33,0,47d3e5fd43f9c0f6c6654fd57652371b6cebc0bc594f3e8abe89317fd50bef60:33,2,circular,edge,test_id,gnn,42,-1.0709819955484094,-0.11404606768607144,2.96849727205042
33,1,47d3e5fd43f9c0f6c6654fd57652371b6cebc0bc594f3e8abe89317fd50bef60:33,2,circular,edge,test_id,gnn,42,0.07686334720690817,-0.6015799573969746,3.549028419137051
34,0,47d3e5fd43f9c0f6c6654fd57652371b6cebc0bc594f3e8abe89317fd50bef60:34,0,elliptical,outside,test_id,gnn,42,-0.7185816330568019,0.524977869598875,2.8542272806557
34,1,47d3e5fd43f9c0f6c6654fd57652371b6cebc0bc594f3e8abe89317fd50bef60:34,0,elliptical,outside,test_id,gnn,42,-0.37962506839196114,0.10245961627245899,3.229294434755475
35,0,47d3e5fd43f9c0f6c6654fd57652371b6cebc0bc594f3e8abe89317fd50bef60:35,1,circular,inside,test_id,gnn,42,0.06627206376631826,0.7287879057812786,1.8959880419044595
35,1,47d3e5fd43f9c0f6c6654fd57652371b6cebc0bc594f3e8abe89317fd50bef60:35,1,circular,inside,test_id,gnn,42,-0.10654036828438669,0.3673793145108318,2.245625596420362
36,0,47d3e5fd43f9c0f6c6654fd57652371b6cebc0bc594f3e8abe89317fd50bef60:36,1,circular,edge,test_id,gnn,42,-0.20380719133774666,-0.9348125390124226,2.092243203573106
36,1,47d3e5fd43f9c0f6c6654fd57652371b6cebc0bc594f3e8abe89317fd50bef60:36,1,circular,edge,test_id,gnn,42,-0.5895229143754664,0.42384902319193835,3.424218950942969
37,0,47d3e5fd43f9c0f6c6654fd57652371b6cebc0bc594f3e8abe89317fd50bef60:37,1,elliptical,inside,test_id,gnn,42,-0.01975871750275522,-0.7817189029765034,3.192604641799121
37,1,47d3e5fd43f9c0f6c6654fd57652371b6cebc0bc594f3e8abe89317fd50bef60:37,1,elliptical,inside,test_id,gnn,42,0.31793342403014274,0.04642667552710529,3.4841637651080064
38,0,47d3e5fd43f9c0f6c6654fd57652371b6cebc0bc594f3e8abe89317fd50bef60:38,2,elliptical,outside,test_ood,gnn,42,2.6550710039480503,-1.6206327609133626,2.0723706479695134
38,1,47d3e5fd43f9c0f6c6654fd57652371b6cebc0bc594f3e8abe89317fd50bef60:38,2,elliptical,outside,test_ood,gnn,42,2.789678795848685,-1.1391422680926229,2.5373478228279613
39,0,47d3e5fd43f9c0f6c6654fd57652371b6cebc0bc594f3e8abe89317fd50bef60:39,0,elliptical,outside,test_id,gnn,42,0.26946960261900993,0.31521172007800097,4.205526807055641
39,1,47d3e5fd43f9c0f6c6654fd57652371b6cebc0bc594f3e8abe89317fd50bef60:39,0,elliptical,outside,test_id,gnn,42,0.5273222165449437,0.2110457189965343,4.482764463829971
40,0,47d3e5fd43f9c0f6c6654fd57652371b6cebc0bc594f3e8abe89317fd50bef60:40,2,circular,edge,test_id,gnn,42,-1.6124619407312097,0.6641688414502239,2.6163364192807133
40,1,47d3e5fd43f9c0f6c6654fd57652371b6cebc0bc594f3e8abe89317fd50bef60:40,2,circular,edge,test_id,gnn,42,0.07841498277028174,0.5247582264828777,3.8774322763979203
41,0,47d3e5fd43f9c0f6c6654fd57652371b6cebc0bc594f3e8abe89317fd50bef60:41,2,circular,edge,test_id,gnn,42,-2.7923495931283657,-0.5391451052737141,1.038104079309516
41,1,47d3e5fd43f9c0f6c6654fd57652371b6cebc0bc594f3e8abe89317fd50bef60:41,2,circular,edge,test_id,gnn,42,-2.907664076770944,-0.21617382088421827,0.7002671077539373
42,0,47d3e5fd43f9c0f6c6654fd57652371b6cebc0bc594f3e8abe89317fd50bef60:42,2,elliptical,edge,test_ood,gnn,42,-0.08961348363320261,1.9973293610501384,3.2199444321398145
42,1,47d3e5fd43f9c0f6c6654fd57652371b6cebc0bc594f3e8abe89317fd50bef60:42,2,elliptical,edge,test_ood,gnn,42,0.5560444133623418,1.7080158062863444,2.738166523194052
43,0,47d3e5fd43f9c0f6c6654fd57652371b6cebc0bc594f3e8abe89317fd50bef60:43,1,elliptical,outside,test_id,gnn,42,1.850841386829215,-0.5808646611285114,2.669311591868891
43,1,47d3e5fd43f9c0f6c6654fd57652371b6cebc0bc594f3e8abe89317fd50bef60:43,1,elliptical,outside,test_id,gnn,42,1.7973291712148962,-1.3421872786593343,2.2158331975908343
44,0,47d3e5fd43f9c0f6c6654fd57652371b6cebc0bc594f3e8abe89317fd50bef60:44,2,elliptical,outside,test_ood,gnn,42,1.9199189977987585,-1.2230614356112386,2.56752469134954
44,1,47d3e5fd43f9c0f6c6654fd57652371b6cebc0bc594f3e8abe89317fd50bef60:44,2,elliptical,outside,test_ood,gnn,42,2.3351821737631138,-0.5908497504305744,3.1086316612838996
45,0,47d3e5fd43f9c0f6c6654fd57652371b6cebc0bc594f3e8abe89317fd50bef60:45,0,circular,inside,test_id,gnn,42,-0.4897197050706568,-0.057247408421030085,1.5357025779060487
45,1,47d3e5fd43f9c0f6c6654fd57652371b6cebc0bc594f3e8abe89317fd50bef60:45,0,circular,inside,test_id,gnn,42,0.28355942538817497,0.43776262482882494,0.632406789776685
46,0,47d3e5fd43f9c0f6c6654fd57652371b6cebc0bc594f3e8abe89317fd50bef60:46,0,elliptical,inside,test_id,gnn,42,-0.9871138496057216,0.623701459972868,3.0593179841981013
46,1,47d3e5fd43f9c0f6c6654fd57652371b6cebc0bc594f3e8abe89317fd50bef60:46,0,elliptical,inside,test_id,gnn,42,0.6162223654135045,0.09971827944994922,3.7545075530192964
47,0,47d3e5fd43f9c0f6c6654fd57652371b6cebc0bc594f3e8abe89317fd50bef60:47,2,elliptical,inside,test_ood,gnn,42,0.5445021825178441,2.0493766137051677,1.2535198541920078
47,1,47d3e5fd43f9c0f6c6654fd57652371b6cebc0bc594f3e8abe89317fd50bef60:47,2,elliptical,inside,test_ood,gnn,42,0.2683146434171972,1.9710446663785075,1.1210261720138055
48,0,47d3e5fd43f9c0f6c6654fd57652371b6cebc0bc594f3e8abe89317fd50bef60:48,0,circular,edge,test_id,gnn,42,-0.3623593015329066,-0.7107961110186481,2.6376445212122808
48,1,47d3e5fd43f9c0f6c6654fd57652371b6cebc0bc594f3e8abe89317fd50bef60:48,0,circular,edge,test_id,gnn,42,0.52707441023429,0.6305184431958294,3.7751086849397715
49,0,47d3e5fd43f9c0f6c6654fd57652371b6cebc0bc594f3e8abe89317fd50bef60:49,0,circular,inside,test_id,gnn,42,-0.25265734025399117,0.5791891880917645,1.5729872578897632
49,1,47d3e5fd43f9c0f6c6654fd57652371b6cebc0bc594f3e8abe89317fd50bef60:49,0,circular,inside,test_id,gnn,42,0.359510763202506,0.06132111629725452,2.3742342693994622
50,0,47d3e5fd43f9c0f6c6654fd57652371b6cebc0bc594f3e8abe89317fd50bef60:50,1,elliptical,edge,test_id,gnn,42,-0.7903890175477687,0.8528946705746746,2.2350043264281783
50,1,47d3e5fd43f9c0f6c6654fd57652371b6cebc0bc594f3e8abe89317fd50bef60:50,1,elliptical,edge,test_id,gnn,42,-0.16162079700390725,-0.016556632460346263,3.265059378099958
51,0,47d3e5fd43f9c0f6c6654fd57652371b6cebc0bc594f3e8abe89317fd50bef60:51,0,elliptical,edge,test_id,gnn,42,-1.16022850700776,0.15908894619227404,4.210642812792222
51,1,47d3e5fd43f9c0f6c6654fd57652371b6cebc0bc594f3e8abe89317fd50bef60:51,0,elliptical,edge,test_id,gnn,42,0.9031343298300084,0.6671236821103191,2.39520770848579
52,0,47d3e5fd43f9c0f6c6654fd57652371b6cebc0bc594f3e8abe89317fd50bef60:52,0,elliptical,edge,test_id,gnn,42,0.2018458681448278,0.021261609404096563,4.060012255439411
52,1,47d3e5fd43f9c0f6c6654fd57652371b6cebc0bc594f3e8abe89317fd50bef60:52,0,elliptical,edge,test_id,gnn,42,0.4493780570371923,0.39142844757319445,3.980264320822533
53,0,47d3e5fd43f9c0f6c6654fd57652371b6cebc0bc594f3e8abe89317fd50bef60:53,0,circular,outside,test_id,gnn,42,-0.14904973038594155,0.22390127858401293,3.4648095781819337
53,1,47d3e5fd43f9c0f6c6654fd57652371b6cebc0bc594f3e8abe89317fd50bef60:53,0,circular,outside,test_id,gnn,42,-0.775407449688119,-0.49577396431683546,2.627765753450226
54,0,47d3e5fd43f9c0f6c6654fd57652371b6cebc0bc594f3e8abe89317fd50bef60:54,1,circular,inside,test_id,gnn,42,0.6837427454336461,0.10376948794604297,3.033438694130126
54,1,47d3e5fd43f9c0f6c6654fd57652371b6cebc0bc594f3e8abe89317fd50bef60:54,1,circular,inside,test_id,gnn,42,-0.9946620626107875,0.017532735376367528,4.099638803893652
55,0,47d3e5fd43f9c0f6c6654fd57652371b6cebc0bc594f3e8abe89317fd50bef60:55,2,circular,inside,test_id,gnn,42,1.1940095262869177,2.4900318451809977,1.6319388690030725
55,1,47d3e5fd43f9c0f6c6654fd57652371b6cebc0bc594f3e8abe89317fd50bef60:55,2,circular,inside,test_id,gnn,42,0.6136438088758763,2.3903538056302165,2.1755791111918903
56,0,47d3e5fd43f9c0f6c6654fd57652371b6cebc0bc594f3e8abe89317fd50bef60:56,2,circular,outside,test_id,gnn,42,3.575886948619681,-1.6612693003725911,1.6289954622707539
56,1,47d3e5fd43f9c0f6c6654fd57652371b6cebc0bc594f3e8abe89317fd50bef60:56,2,circular,outside,test_id,gnn,42,3.552825196300345,-0.3985117308211232,0.43295841662466794
57,0,47d3e5fd43f9c0f6c6654fd57652371b6cebc0bc594f3e8abe89317fd50bef60:57,1,elliptical,inside,test_id,gnn,42,0.6318352060659703,0.9597079821515179,2.132533740752442
57,1,47d3e5fd43f9c0f6c6654fd57652371b6cebc0bc594f3e8abe89317fd50bef60:57,1,elliptical,inside,test_id,gnn,42,-0.7286388439790431,-1.0998669795107747,3.521925586040025
58,0,47d3e5fd43f9c0f6c6654fd57652371b6cebc0bc594f3e8abe89317fd50bef60:58,0,circular,edge,test_id,gnn,42,-1.1384077233926477,-0.3546261421751881,4.142308240047511
58,1,47d3e5fd43f9c0f6c6654fd57652371b6cebc0bc594f3e8abe89317fd50bef60:58,0,circular,edge,test_id,gnn,42,-0.6994201106683436,0.10308841547251697,3.7098504620588377
59,0,47d3e5fd43f9c0f6c6654fd57652371b6cebc0bc594f3e8abe89317fd50bef60:59,1,elliptical,outside,test_id,gnn,42,-0.09977334865490824,-0.17806052485226637,4.115393364681947
59,1,47d3e5fd43f9c0f6c6654fd57652371b6cebc0bc594f3e8abe89317fd50bef60:59,1,elliptical,outside,test_id,gnn,42,0.3395031230791387,0.2778418429780101,3.578311947652042
60,0,47d3e5fd43f9c0f6c6654fd57652371b6cebc0bc594f3e8abe89317fd50bef60:60,2,circular,inside,test_id,gnn,42,-0.12982455023686318,0.687036580650816,2.224336117276929
60,1,47d3e5fd43f9c0f6c6654fd57652371b6cebc0bc594f3e8abe89317fd50bef60:60,2,circular,inside,test_id,gnn,42,-0.8160182399408046,0.8869942494320965,1.657528535336512
61,0,47d3e5fd43f9c0f6c6654fd57652371b6cebc0bc594f3e8abe89317fd50bef60:61,0,elliptical,outside,test_id,gnn,42,-0.7390325827256862,0.017873644142160375,5.094044061115205
61,1,47d3e5fd43f9c0f6c6654fd57652371b6cebc0bc594f3e8abe89317fd50bef60:61,0,elliptical,outside,test_id,gnn,42,0.5236685412271794,-0.44172441282986646,4.710110952786639
62,0,47d3e5fd43f9c0f6c6654fd57652371b6cebc0bc594f3e8abe89317fd50bef60:62,1,circular,outside,test_id,gnn,42,-0.14208729692856698,0.8297394581723309,4.107388951621772
62,1,47d3e5fd43f9c0f6c6654fd57652371b6cebc0bc594f3e8abe89317fd50bef60:62,1,circular,outside,test_id,gnn,42,-0.4750277561799708,-0.5892422131609821,4.035453499715347
63,0,47d3e5fd43f9c0f6c6654fd57652371b6cebc0bc594f3e8abe89317fd50bef60:63,2,circular,outside,test_id,gnn,42,-1.1921353501931848,0.537895030586729,2.653304783845354
63,1,47d3e5fd43f9c0f6c6654fd57652371b6cebc0bc594f3e8abe89317fd50bef60:63,2,circular,outside,test_id,gnn,42,-1.546720640148324,-0.46634530344723707,2.5766009382798987
64,0,47d3e5fd43f9c0f6c6654fd57652371b6cebc0bc594f3e8abe89317fd50bef60:64,1,circular,inside,test_id,gnn,42,0.4365543263300237,-0.7184638313364887,2.6455358164886733
64,1,47d3e5fd43f9c0f6c6654fd57652371b6cebc0bc594f3e8abe89317fd50bef60:64,1,circular,inside,test_id,gnn,42,0.3644449847086248,-1.315122239978304,2.2213675695574016
65,0,47d3e5fd43f9c0f6c6654fd57652371b6cebc0bc594f3e8abe89317fd50bef60:65,2,elliptical,inside,test_ood,gnn,42,-1.3002656860009851,2.3390487500119304,1.6946443665730018
65,1,47d3e5fd43f9c0f6c6654fd57652371b6cebc0bc594f3e8abe89317fd50bef60:65,2,elliptical,inside,test_ood,gnn,42,-1.1008253259317102,2.5612610646176432,1.4503781555538848
66,0,47d3e5fd43f9c0f6c6654fd57652371b6cebc0bc594f3e8abe89317fd50bef60:66,2,elliptical,edge,test_ood,gnn,42,3.2458371954305942,-3.5081375769686605,2.1557355894766044
66,1,47d3e5fd43f9c0f6c6654fd57652371b6cebc0bc594f3e8abe89317fd50bef60:66,2,elliptical,edge,test_ood,gnn,42,3.606669409786063,-3.616060846240511,2.53191712055619
67,0,47d3e5fd43f9c0f6c6654fd57652371b6cebc0bc594f3e8abe89317fd50bef60:67,1,circular,outside,test_id,gnn,42,0.7601070242269811,1.1073733635830973,2.7637261312668375
67,1,47d3e5fd43f9c0f6c6654fd57652371b6cebc0bc594f3e8abe89317fd50bef60:67,1,circular,outside,test_id,gnn,42,0.43288679293234916,0.8738969632077312,2.974988042998481
68,0,47d3e5fd43f9c0f6c6654fd57652371b6cebc0bc594f3e8abe89317fd50bef60:68,0,circular,outside,test_id,gnn,42,0.2659824030741033,-0.08273539015769009,3.598133078447867
68,1,47d3e5fd43f9c0f6c6654fd57652371b6cebc0bc594f3e8abe89317fd50bef60:68,0,circular,outside,test_id,gnn,42,-0.029308119203251895,-0.38680809059857374,3.3334229005436034
69,0,47d3e5fd43f9c0f6c6654fd57652371b6cebc0bc594f3e8abe89317fd50bef60:69,1,elliptical,edge,test_id,gnn,42,-0.11288617679039865,-0.9205096892428303,3.1974641997248168
69,1,47d3e5fd43f9c0f6c6654fd57652371b6cebc0bc594f3e8abe89317fd50bef60:69,1,elliptical,edge,test_id,gnn,42,0.3850266473635015,-0.435714029462328,2.8836042423456894
70,0,47d3e5fd43f9c0f6c6654fd57652371b6cebc0bc594f3e8abe89317fd50bef60:70,1,circular,edge,test_id,gnn,42,0.2779277103288946,0.2157330580639934,4.149721737147985
70,1,47d3e5fd43f9c0f6c6654fd57652371b6cebc0bc594f3e8abe89317fd50bef60:70,1,circular,edge,test_id,gnn,42,-0.0323848141090098,-0.13621930846690183,4.146950793188128
71,0,47d3e5fd43f9c0f6c6654fd57652371b6cebc0bc594f3e8abe89317fd50bef60:71,0,elliptical,inside,test_id,gnn,42,0.35759945086081596,0.2713372476983165,2.9721141511170353
71,1,47d3e5fd43f9c0f6c6654fd57652371b6cebc0bc594f3e8abe89317fd50bef60:71,0,elliptical,inside,test_id,gnn,42,-0.5907977385179225,-0.43039422550915724,2.5017696290055698
72,0,47d3e5fd43f9c0f6c6654fd57652371b6cebc0bc594f3e8abe89317fd50bef60:72,2,circular,inside,test_id,gnn,42,-0.10901704558293253,0.7737042971539593,0.7895603628481472
72,1,47d3e5fd43f9c0f6c6654fd57652371b6cebc0bc594f3e8abe89317fd50bef60:72,2,circular,inside,test_id,gnn,42,0.5530521409853276,1.5059658356595134,1.1973185324824926
73,0,47d3e5fd43f9c0f6c6654fd57652371b6cebc0bc594f3e8abe89317fd50bef60:73,2,elliptical,edge,test_ood,gnn,42,0.34469856194098564,1.2733432122159098,2.9296861808820207
73,1,47d3e5fd43f9c0f6c6654fd57652371b6cebc0bc594f3e8abe89317fd50bef60:73,2,elliptical,edge,test_ood,gnn,42,0.9808091359480199,0.9671504565167522,2.6697837051869637
74,0,47d3e5fd43f9c0f6c6654fd57652371b6cebc0bc594f3e8abe89317fd50bef60:74,1,elliptical,outside,test_id,gnn,42,0.12684877089102836,0.14897520026446337,4.315745654892479
74,1,47d3e5fd43f9c0f6c6654fd57652371b6cebc0bc594f3e8abe89317fd50bef60:74,1,elliptical,outside,test_id,gnn,42,0.021732731376486722,0.6434578963208294,4.0362483392278685
75,0,47d3e5fd43f9c0f6c6654fd57652371b6cebc0bc594f3e8abe89317fd50bef60:75,0,circular,inside,test_id,gnn,42,0.770870192561942,-0.008148499519815486,4.240612315377165
75,1,47d3e5fd43f9c0f6c6654fd57652371b6cebc0bc594f3e8abe89317fd50bef60:75,0,circular,inside,test_id,gnn,42,-0.6508745712892238,0.2209794290948009,3.022202135500328
76,0,47d3e5fd43f9c0f6c6654fd57652371b6cebc0bc594f3e8abe89317fd50bef60:76,1,elliptical,outside,test_id,gnn,42,-0.2230869693414393,0.5433578558850384,4.014189724545663
76,1,47d3e5fd43f9c0f6c6654fd57652371b6cebc0bc594f3e8abe89317fd50bef60:76,1,elliptical,outside,test_id,gnn,42,-1.1169488591806116,0.36781579932452196,3.201637252229715
77,0,47d3e5fd43f9c0f6c6654fd57652371b6cebc0bc594f3e8abe89317fd50bef60:77,2,circular,outside,test_id,gnn,42,-1.1477873487130823,-1.3056982688021566,2.3583394078179074
77,1,47d3e5fd43f9c0f6c6654fd57652371b6cebc0bc594f3e8abe89317fd50bef60:77,2,circular,outside,test_id,gnn,42,-1.156013624157113,-1.1872931651186849,2.470113647856188
78,0,47d3e5fd43f9c0f6c6654fd57652371b6cebc0bc594f3e8abe89317fd50bef60:78,2,elliptical,outside,test_ood,gnn,42,-0.48762549587647347,-0.2926925055098439,3.9791433126222895
78,1,47d3e5fd43f9c0f6c6654fd57652371b6cebc0bc594f3e8abe89317fd50bef60:78,2,elliptical,outside,test_ood,gnn,42,-0.22718991466919808,-0.5857610634875202,4.012259583276161
79,0,47d3e5fd43f9c0f6c6654fd57652371b6cebc0bc594f3e8abe89317fd50bef60:79,0,elliptical,outside,test_id,gnn,42,-0.31653167435089974,-0.6553200415682697,4.302290154749234
79,1,47d3e5fd43f9c0f6c6654fd57652371b6cebc0bc594f3e8abe89317fd50bef60:79,0,elliptical,outside,test_id,gnn,42,1.2059700327261267,0.41241998156786913,5.188363155415175
80,0,47d3e5fd43f9c0f6c6654fd57652371b6cebc0bc594f3e8abe89317fd50bef60:80,0,elliptical,inside,test_id,gnn,42,0.4625131922109899,-0.22928627649067884,1.9907996622780695
80,1,47d3e5fd43f9c0f6c6654fd57652371b6cebc0bc594f3e8abe89317fd50bef60:80,0,elliptical,inside,test_id,gnn,42,-0.31385846563736824,-0.5798934630465412,1.5135911372414081
81,0,47d3e5fd43f9c0f6c6654fd57652371b6cebc0bc594f3e8abe89317fd50bef60:81,2,circular,edge,test_id,gnn,42,2.4255530672415073,-1.8490806750368978,0.631534850979063
81,1,47d3e5fd43f9c0f6c6654fd57652371b6cebc0bc594f3e8abe89317fd50bef60:81,2,circular,edge,test_id,gnn,42,2.956969006572562,-1.8666649989199544,0.24855595917757745
82,0,47d3e5fd43f9c0f6c6654fd57652371b6cebc0bc594f3e8abe89317fd50bef60:82,1,circular,edge,test_id,gnn,42,-0.5081470770494166,-0.36226301708935743,3.395704625368281
82,1,47d3e5fd43f9c0f6c6654fd57652371b6cebc0bc594f3e8abe89317fd50bef60:82,1,circular,edge,test_id,gnn,42,-0.17532786854664711,-0.1774650893521214,3.5329599328973766
83,0,47d3e5fd43f9c0f6c6654fd57652371b6cebc0bc594f3e8abe89317fd50bef60:83,0,elliptical,outside,test_id,gnn,42,0.39814130834181877,-0.1368694312286282,4.094609279211234
83,1,47d3e5fd43f9c0f6c6654fd57652371b6cebc0bc594f3e8abe89317fd50bef60:83,0,elliptical,outside,test_id,gnn,42,-0.7614796323434535,-0.3365665606570149,2.924295342252356
84,0,47d3e5fd43f9c0f6c6654fd57652371b6cebc0bc594f3e8abe89317fd50bef60:84,1,elliptical,inside,test_id,gnn,42,-1.2901197833673181,0.5722754069256878,3.0264161888219006
84,1,47d3e5fd43f9c0f6c6654fd57652371b6cebc0bc594f3e8abe89317fd50bef60:84,1,elliptical,inside,test_id,gnn,42,-0.5200567407266322,-1.1489285162997152,1.4072812835027437
85,0,47d3e5fd43f9c0f6c6654fd57652371b6cebc0bc594f3e8abe89317fd50bef60:85,2,elliptical,edge,test_ood,gnn,42,0.7127537565573033,-0.18183090606450086,2.8225362992628855
85,1,47d3e5fd43f9c0f6c6654fd57652371b6cebc0bc594f3e8abe89317fd50bef60:85,2,elliptical,edge,test_ood,gnn,42,0.6286569075926122,0.25181028923274035,3.2607322787988786
86,0,47d3e5fd43f9c0f6c6654fd57652371b6cebc0bc594f3e8abe89317fd50bef60:86,2,elliptical,outside,test_ood,gnn,42,0.7374028997762975,2.4761155911374186,1.6583137593844874
86,1,47d3e5fd43f9c0f6c6654fd57652371b6cebc0bc594f3e8abe89317fd50bef60:86,2,elliptical,outside,test_ood,gnn,42,0.7673088150366124,2.1447831459927653,1.815089069026552
87,0,47d3e5fd43f9c0f6c6654fd57652371b6cebc0bc594f3e8abe89317fd50bef60:87,1,circular,inside,test_id,gnn,42,0.032560406838255826,0.3362014957356548,0.6157585136564394
87,1,47d3e5fd43f9c0f6c6654fd57652371b6cebc0bc594f3e8abe89317fd50bef60:87,1,circular,inside,test_id,gnn,42,-0.6648951930658046,0.5336993404316998,1.260973271695826
88,0,47d3e5fd43f9c0f6c6654fd57652371b6cebc0bc594f3e8abe89317fd50bef60:88,0,elliptical,edge,test_id,gnn,42,-1.0741973085061731,-0.0832350186419392,3.3975122444906427
88,1,47d3e5fd43f9c0f6c6654fd57652371b6cebc0bc594f3e8abe89317fd50bef60:88,0,elliptical,edge,test_id,gnn,42,-0.6539945168153468,0.0023743875908946582,3.7000842391763356
89,0,47d3e5fd43f9c0f6c6654fd57652371b6cebc0bc594f3e8abe89317fd50bef60:89,2,elliptical,inside,test_ood,gnn,42,-3.234695689167184,3.331108219234953,3.052598059928182
89,1,47d3e5fd43f9c0f6c6654fd57652371b6cebc0bc594f3e8abe89317fd50bef60:89,2,elliptical,inside,test_ood,gnn,42,-2.8232796353952114,4.442762500851164,3.9783473181784847
90,0,47d3e5fd43f9c0f6c6654fd57652371b6cebc0bc594f3e8abe89317fd50bef60:90,1,elliptical,inside,test_id,gnn,42,-0.11473837622563272,-0.18738626757382398,2.6756108402947167
90,1,47d3e5fd43f9c0f6c6654fd57652371b6cebc0bc594f3e8abe89317fd50bef60:90,1,elliptical,inside,test_id,gnn,42,-1.0154007835046472,0.2313827641892528,1.7089535959672597
91,0,47d3e5fd43f9c0f6c6654fd57652371b6cebc0bc594f3e8abe89317fd50bef60:91,0,circular,edge,test_id,gnn,42,-0.7431862516061488,0.42141849478960985,2.7111228870100423
91,1,47d3e5fd43f9c0f6c6654fd57652371b6cebc0bc594f3e8abe89317fd50bef60:91,0,circular,edge,test_id,gnn,42,0.11420909560163588,-0.19264873185872083,3.614563033887293
92,0,47d3e5fd43f9c0f6c6654fd57652371b6cebc0bc594f3e8abe89317fd50bef60:92,2,circular,inside,test_id,gnn,42,0.5350858407362279,1.7838093110013102,1.310608950134458
92,1,47d3e5fd43f9c0f6c6654fd57652371b6cebc0bc594f3e8abe89317fd50bef60:92,2,circular,inside,test_id,gnn,42,1.1377436952932654,1.452750451176176,0.6920521538807556
93,0,47d3e5fd43f9c0f6c6654fd57652371b6cebc0bc594f3e8abe89317fd50bef60:93,0,elliptical,edge,test_id,gnn,42,0.25326016417582603,-0.821497195155611,3.3065928052635667
93,1,47d3e5fd43f9c0f6c6654fd57652371b6cebc0bc594f3e8abe89317fd50bef60:93,0,elliptical,edge,test_id,gnn,42,0.2564113574369726,-0.07671814480542187,3.519917050348651
94,0,47d3e5fd43f9c0f6c6654fd57652371b6cebc0bc594f3e8abe89317fd50bef60:94,1,circular,edge,test_id,gnn,42,0.4860396521433172,-0.2155304483485127,3.7534973783535053
94,1,47d3e5fd43f9c0f6c6654fd57652371b6cebc0bc594f3e8abe89317fd50bef60:94,1,circular,edge,test_id,gnn,42,-0.5754731459275905,-0.6369940570902729,2.611378865033083
95,0,47d3e5fd43f9c0f6c6654fd57652371b6cebc0bc594f3e8abe89317fd50bef60:95,0,circular,inside,test_id,gnn,42,-0.1823304904357615,0.1899825402188396,2.62247203340223
95,1,47d3e5fd43f9c0f6c6654fd57652371b6cebc0bc594f3e8abe89317fd50bef60:95,0,circular,inside,test_id,gnn,42,0.16578930488665672,-0.4266151718211079,3.127097871512738
96,0,47d3e5fd43f9c0f6c6654fd57652371b6cebc0bc594f3e8abe89317fd50bef60:96,0,circular,outside,test_id,gnn,42,-0.37156792112748055,0.25351131638766283,4.507105220223488
96,1,47d3e5fd43f9c0f6c6654fd57652371b6cebc0bc594f3e8abe89317fd50bef60:96,0,circular,outside,test_id,gnn,42,0.3071206050260839,-0.07882253894328121,4.54578388851596
97,0,47d3e5fd43f9c0f6c6654fd57652371b6cebc0bc594f3e8abe89317fd50bef60:97,1,circular,outside,test_id,gnn,42,0.6118092971189794,-0.5299798182558918,4.807081271101223
97,1,47d3e5fd43f9c0f6c6654fd57652371b6cebc0bc594f3e8abe89317fd50bef60:97,1,circular,outside,test_id,gnn,42,-0.5326379699365321,0.038403763680467565,3.898100874879
98,0,47d3e5fd43f9c0f6c6654fd57652371b6cebc0bc594f3e8abe89317fd50bef60:98,1,elliptical,edge,test_id,gnn,42,-0.37529973813454537,-0.5505103401255512,2.6534331259112673
98,1,47d3e5fd43f9c0f6c6654fd57652371b6cebc0bc594f3e8abe89317fd50bef60:98,1,elliptical,edge,test_id,gnn,42,1.5396861868246374,-0.09905962714671139,4.126800569869438
99,0,47d3e5fd43f9c0f6c6654fd57652371b6cebc0bc594f3e8abe89317fd50bef60:99,2,circular,edge,test_id,gnn,42,-1.251479522670907,-1.068213813693514,2.575752318587847
99,1,47d3e5fd43f9c0f6c6654fd57652371b6cebc0bc594f3e8abe89317fd50bef60:99,2,circular,edge,test_id,gnn,42,-1.696281210865182,0.03675910016776081,3.2873714310887823
100,0,47d3e5fd43f9c0f6c6654fd57652371b6cebc0bc594f3e8abe89317fd50bef60:100,0,circular,outside,test_id,gnn,42,0.9578547911985692,0.6674767800259686,2.940975067661492
100,1,47d3e5fd43f9c0f6c6654fd57652371b6cebc0bc594f3e8abe89317fd50bef60:100,0,circular,outside,test_id,gnn,42,-0.2144763631478968,0.3544696637082195,3.759965911534423
101,0,47d3e5fd43f9c0f6c6654fd57652371b6cebc0bc594f3e8abe89317fd50bef60:101,1,elliptical,edge,test_id,gnn,42,0.901614411388236,-0.4527813724589253,2.198409793514729
101,1,47d3e5fd43f9c0f6c6654fd57652371b6cebc0bc594f3e8abe89317fd50bef60:101,1,elliptical,edge,test_id,gnn,42,-0.4705972833291712,0.25095895609141344,3.470931436581189
102,0,47d3e5fd43f9c0f6c6654fd57652371b6cebc0bc594f3e8abe89317fd50bef60:102,0,circular,edge,test_id,gnn,42,-0.29669208952347664,0.10463590106249805,4.344056938409964
102,1,47d3e5fd43f9c0f6c6654fd57652371b6cebc0bc594f3e8abe89317fd50bef60:102,0,circular,edge,test_id,gnn,42,-0.28226770588318734,-0.14096283981322294,4.501125096358958
103,0,47d3e5fd43f9c0f6c6654fd57652371b6cebc0bc594f3e8abe89317fd50bef60:103,2,circular,outside,test_id,gnn,42,2.3910238581045444,1.860141284077177,1.2390078353824996
103,1,47d3e5fd43f9c0f6c6654fd57652371b6cebc0bc594f3e8abe89317fd50bef60:103,2,circular,outside,test_id,gnn,42,1.7819063501699743,1.1823011704373454,1.9907225383361429
104,0,47d3e5fd43f9c0f6c6654fd57652371b6cebc0bc594f3e8abe89317fd50bef60:104,2,elliptical,inside,test_ood,gnn,42,0.7710828619345006,-0.9095991782259846,1.438237959439113
104,1,47d3e5fd43f9c0f6c6654fd57652371b6cebc0bc594f3e8abe89317fd50bef60:104,2,elliptical,inside,test_ood,gnn,42,0.49474571517546745,-1.3632737330508138,0.9498147127847475
105,0,47d3e5fd43f9c0f6c6654fd57652371b6cebc0bc594f3e8abe89317fd50bef60:105,0,elliptical,inside,test_id,gnn,42,0.8012234406812963,0.5251743861126995,3.0396011992986858
105,1,47d3e5fd43f9c0f6c6654fd57652371b6cebc0bc594f3e8abe89317fd50bef60:105,0,elliptical,inside,test_id,gnn,42,0.5911965208395299,-0.32313656130551344,3.4074635564934788
106,0,47d3e5fd43f9c0f6c6654fd57652371b6cebc0bc594f3e8abe89317fd50bef60:106,1,circular,outside,test_id,gnn,42,0.32820884755690666,0.26540172776461596,4.457030111116325
106,1,47d3e5fd43f9c0f6c6654fd57652371b6cebc0bc594f3e8abe89317fd50bef60:106,1,circular,outside,test_id,gnn,42,-0.2247734231607142,-0.2099435857844258,4.280941697722481
107,0,47d3e5fd43f9c0f6c6654fd57652371b6cebc0bc594f3e8abe89317fd50bef60:107,1,circular,inside,test_id,gnn,42,0.3546178477152166,0.738332635967741,3.6563756027045327
107,1,47d3e5fd43f9c0f6c6654fd57652371b6cebc0bc594f3e8abe89317fd50bef60:107,1,circular,inside,test_id,gnn,42,1.2981936769827185,0.7854014702725506,3.280582482375744
108,0,47d3e5fd43f9c0f6c6654fd57652371b6cebc0bc594f3e8abe89317fd50bef60:108,1,circular,outside,test_id,gnn,42,1.155090792690116,0.6304993697095013,3.0138666255016577
108,1,47d3e5fd43f9c0f6c6654fd57652371b6cebc0bc594f3e8abe89317fd50bef60:108,1,circular,outside,test_id,gnn,42,-0.010028669025105533,-0.2539942494940663,3.9743325196939194
109,0,47d3e5fd43f9c0f6c6654fd57652371b6cebc0bc594f3e8abe89317fd50bef60:109,2,circular,inside,test_id,gnn,42,-1.8169570130960169,0.2804632552552318,0.11269581024756471
109,1,47d3e5fd43f9c0f6c6654fd57652371b6cebc0bc594f3e8abe89317fd50bef60:109,2,circular,inside,test_id,gnn,42,-1.2617960137979212,1.2484836646008586,1.0735909120843872
110,0,47d3e5fd43f9c0f6c6654fd57652371b6cebc0bc594f3e8abe89317fd50bef60:110,2,elliptical,edge,test_ood,gnn,42,0.7516534762724217,0.7420607872891521,4.057308962444094
110,1,47d3e5fd43f9c0f6c6654fd57652371b6cebc0bc594f3e8abe89317fd50bef60:110,2,elliptical,edge,test_ood,gnn,42,-0.9464951915399257,0.36052555522204394,3.124927254104247
111,0,47d3e5fd43f9c0f6c6654fd57652371b6cebc0bc594f3e8abe89317fd50bef60:111,1,elliptical,outside,test_id,gnn,42,0.1546131434186277,-0.20785345950840955,5.195214498684523
111,1,47d3e5fd43f9c0f6c6654fd57652371b6cebc0bc594f3e8abe89317fd50bef60:111,1,elliptical,outside,test_id,gnn,42,0.9670197801931676,-0.4994148842406178,5.935661741978907
112,0,47d3e5fd43f9c0f6c6654fd57652371b6cebc0bc594f3e8abe89317fd50bef60:112,1,elliptical,edge,test_id,gnn,42,-0.05205273755947977,0.43597171386958117,3.939477445707057
112,1,47d3e5fd43f9c0f6c6654fd57652371b6cebc0bc594f3e8abe89317fd50bef60:112,1,elliptical,edge,test_id,gnn,42,0.1446794482215223,-0.4306892685007954,4.407482402100676
113,0,47d3e5fd43f9c0f6c6654fd57652371b6cebc0bc594f3e8abe89317fd50bef60:113,0,elliptical,outside,test_id,gnn,42,-1.126359836544198,-0.2226597003054524,5.162875491696988
113,1,47d3e5fd43f9c0f6c6654fd57652371b6cebc0bc594f3e8abe89317fd50bef60:113,0,elliptical,outside,test_id,gnn,42,-1.005682723011178,0.3230294056820964,5.303521978095237
114,0,47d3e5fd43f9c0f6c6654fd57652371b6cebc0bc594f3e8abe89317fd50bef60:114,1,elliptical,inside,test_id,gnn,42,-0.28040658065239815,0.5455348559308147,0.31265714123803556
114,1,47d3e5fd43f9c0f6c6654fd57652371b6cebc0bc594f3e8abe89317fd50bef60:114,1,elliptical,inside,test_id,gnn,42,0.4358715551241216,-0.5689932636332417,1.0564934862152253
115,0,47d3e5fd43f9c0f6c6654fd57652371b6cebc0bc594f3e8abe89317fd50bef60:115,2,circular,outside,test_id,gnn,42,-2.445635573352975,-0.5237023762774372,2.470380126825019
115,1,47d3e5fd43f9c0f6c6654fd57652371b6cebc0bc594f3e8abe89317fd50bef60:115,2,circular,outside,test_id,gnn,42,-2.2898109120980923,-1.2081181935381795,2.0361620355760284
116,0,47d3e5fd43f9c0f6c6654fd57652371b6cebc0bc594f3e8abe89317fd50bef60:116,1,elliptical,outside,test_id,gnn,42,0.22198150924285026,0.05002117088318821,4.129415979074219
116,1,47d3e5fd43f9c0f6c6654fd57652371b6cebc0bc594f3e8abe89317fd50bef60:116,1,elliptical,outside,test_id,gnn,42,-0.4466102285043421,0.9468750425267315,3.5685541083691716
117,0,47d3e5fd43f9c0f6c6654fd57652371b6cebc0bc594f3e8abe89317fd50bef60:117,0,elliptical,edge,test_id,gnn,42,0.40857742599089714,-0.31333141842602735,4.0758003077465945
117,1,47d3e5fd43f9c0f6c6654fd57652371b6cebc0bc594f3e8abe89317fd50bef60:117,0,elliptical,edge,test_id,gnn,42,0.10707177094061941,-0.1060224629354382,4.099216105687477
118,0,47d3e5fd43f9c0f6c6654fd57652371b6cebc0bc594f3e8abe89317fd50bef60:118,1,circular,inside,test_id,gnn,42,-0.3399135334150019,-0.40566473522900587,3.2982505958223913
118,1,47d3e5fd43f9c0f6c6654fd57652371b6cebc0bc594f3e8abe89317fd50bef60:118,1,circular,inside,test_id,gnn,42,0.5275889473303136,0.19762606105090136,3.1801786726206913
119,0,47d3e5fd43f9c0f6c6654fd57652371b6cebc0bc594f3e8abe89317fd50bef60:119,2,elliptical,outside,test_ood,gnn,42,0.21549312642653556,3.0214239426541423,0.6718337285681302
119,1,47d3e5fd43f9c0f6c6654fd57652371b6cebc0bc594f3e8abe89317fd50bef60:119,2,elliptical,outside,test_ood,gnn,42,0.17929229012568565,2.110776550381193,1.571767863023133
120,0,47d3e5fd43f9c0f6c6654fd57652371b6cebc0bc594f3e8abe89317fd50bef60:120,0,circular,inside,test_id,gnn,42,0.32979629806120964,0.7305238314557171,4.6164874582127675
120,1,47d3e5fd43f9c0f6c6654fd57652371b6cebc0bc594f3e8abe89317fd50bef60:120,0,circular,inside,test_id,gnn,42,0.578265531574088,-0.27685978332280164,4.111467837839571
121,0,47d3e5fd43f9c0f6c6654fd57652371b6cebc0bc594f3e8abe89317fd50bef60:121,0,circular,outside,test_id,gnn,42,0.3611299829824743,-0.4358543089938069,3.7004803479257466
121,1,47d3e5fd43f9c0f6c6654fd57652371b6cebc0bc594f3e8abe89317fd50bef60:121,0,circular,outside,test_id,gnn,42,0.29394753149588676,0.2488753863263225,4.1782925730651685
122,0,47d3e5fd43f9c0f6c6654fd57652371b6cebc0bc594f3e8abe89317fd50bef60:122,0,circular,edge,test_id,gnn,42,-1.3618221444741907,-0.4741742245268727,2.840172698479003
122,1,47d3e5fd43f9c0f6c6654fd57652371b6cebc0bc594f3e8abe89317fd50bef60:122,0,circular,edge,test_id,gnn,42,0.8314254718168553,-0.6367860964846516,4.216505366269005
123,0,47d3e5fd43f9c0f6c6654fd57652371b6cebc0bc594f3e8abe89317fd50bef60:123,0,circular,edge,test_id,gnn,42,0.5664670305593785,0.01264657756567951,3.6817230049493506
123,1,47d3e5fd43f9c0f6c6654fd57652371b6cebc0bc594f3e8abe89317fd50bef60:123,0,circular,edge,test_id,gnn,42,-0.3166700763360682,0.4053268500256633,4.537987032327926
124,0,47d3e5fd43f9c0f6c6654fd57652371b6cebc0bc594f3e8abe89317fd50bef60:124,0,circular,outside,test_id,gnn,42,0.9172726111753758,-0.10000839153050427,5.137760408311167
124,1,47d3e5fd43f9c0f6c6654fd57652371b6cebc0bc594f3e8abe89317fd50bef60:124,0,circular,outside,test_id,gnn,42,0.43543629220564933,-0.29709752717732435,4.649372793551053
125,0,47d3e5fd43f9c0f6c6654fd57652371b6cebc0bc594f3e8abe89317fd50bef60:125,2,circular,inside,test_id,gnn,42,0.483473701988059,-0.6511195830416584,1.8689950565806666
125,1,47d3e5fd43f9c0f6c6654fd57652371b6cebc0bc594f3e8abe89317fd50bef60:125,2,circular,inside,test_id,gnn,42,0.5770103769644078,-0.4883483580660725,1.9144921891944435
126,0,47d3e5fd43f9c0f6c6654fd57652371b6cebc0bc594f3e8abe89317fd50bef60:126,2,circular,edge,test_id,gnn,42,-2.8951132459298794,-2.3090645007204915,0.18302000155806192
126,1,47d3e5fd43f9c0f6c6654fd57652371b6cebc0bc594f3e8abe89317fd50bef60:126,2,circular,edge,test_id,gnn,42,-2.0852315587655728,-1.651614897639742,1.0460989499773905
127,0,47d3e5fd43f9c0f6c6654fd57652371b6cebc0bc594f3e8abe89317fd50bef60:127,0,elliptical,outside,test_id,gnn,42,0.7193510966642674,-0.4741853109908009,4.21480357756382
127,1,47d3e5fd43f9c0f6c6654fd57652371b6cebc0bc594f3e8abe89317fd50bef60:127,0,elliptical,outside,test_id,gnn,42,0.2254541503532705,-0.13414233991621977,3.7336262722298006
128,0,47d3e5fd43f9c0f6c6654fd57652371b6cebc0bc594f3e8abe89317fd50bef60:128,0,elliptical,inside,test_id,gnn,42,0.7753230767591771,0.1394226171660518,2.9674756577382984
128,1,47d3e5fd43f9c0f6c6654fd57652371b6cebc0bc594f3e8abe89317fd50bef60:128,0,elliptical,inside,test_id,gnn,42,0.18883757165511222,0.021720624773511846,3.2200735425470635
129,0,47d3e5fd43f9c0f6c6654fd57652371b6cebc0bc594f3e8abe89317fd50bef60:129,0,circular,inside,test_id,gnn,42,-0.26388545462052254,-0.43082364717244154,2.970397834551686
129,1,47d3e5fd43f9c0f6c6654fd57652371b6cebc0bc594f3e8abe89317fd50bef60:129,0,circular,inside,test_id,gnn,42,-0.42198391386429696,0.3246013887810802,3.4023170167649286
130,0,47d3e5fd43f9c0f6c6654fd57652371b6cebc0bc594f3e8abe89317fd50bef60:130,1,circular,edge,test_id,gnn,42,-0.019656793560189303,-0.7011808089327717,3.027393854365304
130,1,47d3e5fd43f9c0f6c6654fd57652371b6cebc0bc594f3e8abe89317fd50bef60:130,1,circular,edge,test_id,gnn,42,-0.7300015849725429,0.1182819970536327,2.6416736712273505
131,0,47d3e5fd43f9c0f6c6654fd57652371b6cebc0bc594f3e8abe89317fd50bef60:131,2,circular,edge,test_id,gnn,42,3.7264873819692905,-4.417031639010896,2.226975704596317
131,1,47d3e5fd43f9c0f6c6654fd57652371b6cebc0bc594f3e8abe89317fd50bef60:131,2,circular,edge,test_id,gnn,42,2.4183113413198765,-4.325299613864412,1.3872113080038058
132,0,47d3e5fd43f9c0f6c6654fd57652371b6cebc0bc594f3e8abe89317fd50bef60:132,2,circular,outside,test_id,gnn,42,0.37489102653105827,-0.04883828082798962,4.2382849033335175
132,1,47d3e5fd43f9c0f6c6654fd57652371b6cebc0bc594f3e8abe89317fd50bef60:132,2,circular,outside,test_id,gnn,42,1.0028883653028784,0.17763201078654284,3.642144759765713
133,0,47d3e5fd43f9c0f6c6654fd57652371b6cebc0bc594f3e8abe89317fd50bef60:133,2,elliptical,inside,test_ood,gnn,42,2.657239420924979,-2.2991625002932454,0.895773011633837
133,1,47d3e5fd43f9c0f6c6654fd57652371b6cebc0bc594f3e8abe89317fd50bef60:133,2,elliptical,inside,test_ood,gnn,42,1.7330859737737951,-3.2257355383944417,0.4191167902660452
134,0,47d3e5fd43f9c0f6c6654fd57652371b6cebc0bc594f3e8abe89317fd50bef60:134,1,elliptical,edge,test_id,gnn,42,-0.663333372558755,0.4994204111981487,2.594696073046063
134,1,47d3e5fd43f9c0f6c6654fd57652371b6cebc0bc594f3e8abe89317fd50bef60:134,1,elliptical,edge,test_id,gnn,42,-0.2729829115525904,-0.254391723067751,3.3132955145279253
135,0,47d3e5fd43f9c0f6c6654fd57652371b6cebc0bc594f3e8abe89317fd50bef60:135,1,circular,inside,test_id,gnn,42,0.11970037094195456,-0.5644020370554829,0.6649898708341027
135,1,47d3e5fd43f9c0f6c6654fd57652371b6cebc0bc594f3e8abe89317fd50bef60:135,1,circular,inside,test_id,gnn,42,-0.21456082292954354,0.2424298592496013,1.3336139375016125
136,0,47d3e5fd43f9c0f6c6654fd57652371b6cebc0bc594f3e8abe89317fd50bef60:136,2,elliptical,inside,test_ood,gnn,42,-2.216337696994943,1.4111096926617717,1.3097846376582263
136,1,47d3e5fd43f9c0f6c6654fd57652371b6cebc0bc594f3e8abe89317fd50bef60:136,2,elliptical,inside,test_ood,gnn,42,-2.5940087003366177,1.368378645985136,1.571905199922691
137,0,47d3e5fd43f9c0f6c6654fd57652371b6cebc0bc594f3e8abe89317fd50bef60:137,0,elliptical,inside,test_id,gnn,42,-0.8112934393541041,0.32874173602343554,3.790420751344216
137,1,47d3e5fd43f9c0f6c6654fd57652371b6cebc0bc594f3e8abe89317fd50bef60:137,0,elliptical,inside,test_id,gnn,42,0.32480810454924675,0.6810702153134441,2.624765983128717
138,0,47d3e5fd43f9c0f6c6654fd57652371b6cebc0bc594f3e8abe89317fd50bef60:138,1,elliptical,inside,test_id,gnn,42,0.7464207845075902,-0.29300161519764906,1.7761808646347066
138,1,47d3e5fd43f9c0f6c6654fd57652371b6cebc0bc594f3e8abe89317fd50bef60:138,1,elliptical,inside,test_id,gnn,42,-0.38969265052239327,-0.3833914033484364,2.8072252648269487
139,0,47d3e5fd43f9c0f6c6654fd57652371b6cebc0bc594f3e8abe89317fd50bef60:139,1,circular,outside,test_id,gnn,42,0.604573531661826,0.27161357483149523,4.952307236288427
139,1,47d3e5fd43f9c0f6c6654fd57652371b6cebc0bc594f3e8abe89317fd50bef60:139,1,circular,outside,test_id,gnn,42,-0.2901823086396876,1.244205243198881,3.769996673926402
140,0,47d3e5fd43f9c0f6c6654fd57652371b6cebc0bc594f3e8abe89317fd50bef60:140,2,elliptical,edge,test_ood,gnn,42,1.598962052379447,0.33137107571841234,1.806539694833224
140,1,47d3e5fd43f9c0f6c6654fd57652371b6cebc0bc594f3e8abe89317fd50bef60:140,2,elliptical,edge,test_ood,gnn,42,1.4137453871115027,-0.4587758413863087,1.6244789814933356
141,0,47d3e5fd43f9c0f6c6654fd57652371b6cebc0bc594f3e8abe89317fd50bef60:141,2,elliptical,outside,test_ood,gnn,42,-1.352707402195138,-0.5509653023791218,2.7205483491661386
141,1,47d3e5fd43f9c0f6c6654fd57652371b6cebc0bc594f3e8abe89317fd50bef60:141,2,elliptical,outside,test_ood,gnn,42,-1.963998095478219,-1.4535260132861043,1.9646396902766297
142,0,47d3e5fd43f9c0f6c6654fd57652371b6cebc0bc594f3e8abe89317fd50bef60:142,1,circular,edge,test_id,gnn,42,-0.40843434759537606,0.508779413311491,2.5026255931931622
142,1,47d3e5fd43f9c0f6c6654fd57652371b6cebc0bc594f3e8abe89317fd50bef60:142,1,circular,edge,test_id,gnn,42,0.4854338007314977,-0.7638370923113728,3.930530737832141
143,0,47d3e5fd43f9c0f6c6654fd57652371b6cebc0bc594f3e8abe89317fd50bef60:143,0,elliptical,edge,test_id,gnn,42,-0.029450611557168063,0.08070025524378772,4.292055539352649
143,1,47d3e5fd43f9c0f6c6654fd57652371b6cebc0bc594f3e8abe89317fd50bef60:143,0,elliptical,edge,test_id,gnn,42,-1.4168065948144617,-0.6313295892786884,4.975797477464592
144,0,47d3e5fd43f9c0f6c6654fd57652371b6cebc0bc594f3e8abe89317fd50bef60:144,2,circular,outside,test_id,gnn,42,-1.0199306172982874,-0.1319885931324864,3.2407884419670094
144,1,47d3e5fd43f9c0f6c6654fd57652371b6cebc0bc594f3e8abe89317fd50bef60:144,2,circular,outside,test_id,gnn,42,0.15429568162997337,0.17083487591029162,4.103686515513933
145,0,47d3e5fd43f9c0f6c6654fd57652371b6cebc0bc594f3e8abe89317fd50bef60:145,0,circular,inside,test_id,gnn,42,0.34135787061293693,-0.4256507388663197,1.7027783792482765
145,1,47d3e5fd43f9c0f6c6654fd57652371b6cebc0bc594f3e8abe89317fd50bef60:145,0,circular,inside,test_id,gnn,42,-0.10583219059864908,-0.5273918441843891,2.1322617588791637
146,0,47d3e5fd43f9c0f6c6654fd57652371b6cebc0bc594f3e8abe89317fd50bef60:146,1,circular,edge,test_id,gnn,42,1.5101656751974402,-0.17451223054646497,1.5130197843811826
146,1,47d3e5fd43f9c0f6c6654fd57652371b6cebc0bc594f3e8abe89317fd50bef60:146,1,circular,edge,test_id,gnn,42,0.23840342334349723,-0.15956069597720152,2.7756354232222304
147,0,47d3e5fd43f9c0f6c6654fd57652371b6cebc0bc594f3e8abe89317fd50bef60:147,0,elliptical,inside,test_id,gnn,42,1.5293729143484411,-0.39883511582135206,2.186527163379082
147,1,47d3e5fd43f9c0f6c6654fd57652371b6cebc0bc594f3e8abe89317fd50bef60:147,0,elliptical,inside,test_id,gnn,42,-0.807585195984048,0.6333948441434002,3.0414975770491277
148,0,47d3e5fd43f9c0f6c6654fd57652371b6cebc0bc594f3e8abe89317fd50bef60:148,0,elliptical,edge,test_id,gnn,42,0.08941492310603232,-0.0013073242616558484,3.383596905944801
148,1,47d3e5fd43f9c0f6c6654fd57652371b6cebc0bc594f3e8abe89317fd50bef60:148,0,elliptical,edge,test_id,gnn,42,-0.30826793738762764,-0.09440286526202206,3.1321883982857353
149,0,47d3e5fd43f9c0f6c6654fd57652371b6cebc0bc594f3e8abe89317fd50bef60:149,0,elliptical,inside,test_id,gnn,42,-1.0540783567086878,0.7369989224362469,3.865838742629319
149,1,47d3e5fd43f9c0f6c6654fd57652371b6cebc0bc594f3e8abe89317fd50bef60:149,0,elliptical,inside,test_id,gnn,42,0.39688943198760124,0.21171329101801867,2.7411762705370823
150,0,47d3e5fd43f9c0f6c6654fd57652371b6cebc0bc594f3e8abe89317fd50bef60:150,2,circular,outside,test_id,gnn,42,-0.556228355850381,-0.5984929136347675,3.5865257317369332
150,1,47d3e5fd43f9c0f6c6654fd57652371b6cebc0bc594f3e8abe89317fd50bef60:150,2,circular,outside,test_id,gnn,42,0.3072613911970434,-0.9057234458041096,3.9888265652388966
151,0,47d3e5fd43f9c0f6c6654fd57652371b6cebc0bc594f3e8abe89317fd50bef60:151,1,elliptical,outside,test_id,gnn,42,0.45053399971564384,-0.7272775701594257,2.935222567928681
151,1,47d3e5fd43f9c0f6c6654fd57652371b6cebc0bc594f3e8abe89317fd50bef60:151,1,elliptical,outside,test_id,gnn,42,1.3335604505880652,0.04225031962872501,3.559595875580669
152,0,47d3e5fd43f9c0f6c6654fd57652371b6cebc0bc594f3e8abe89317fd50bef60:152,1,elliptical,outside,test_id,gnn,42,-0.6484147472039882,-0.40555139699696546,4.156068199399344
152,1,47d3e5fd43f9c0f6c6654fd57652371b6cebc0bc594f3e8abe89317fd50bef60:152,1,elliptical,outside,test_id,gnn,42,0.6994783716543492,-0.20497300544499403,3.9840875558330247
153,0,47d3e5fd43f9c0f6c6654fd57652371b6cebc0bc594f3e8abe89317fd50bef60:153,0,circular,edge,test_id,gnn,42,0.6861425476415929,-0.23177828708409315,3.240583960577642
153,1,47d3e5fd43f9c0f6c6654fd57652371b6cebc0bc594f3e8abe89317fd50bef60:153,0,circular,edge,test_id,gnn,42,0.41322506836493583,0.31342578610659594,2.6867916882971525
154,0,47d3e5fd43f9c0f6c6654fd57652371b6cebc0bc594f3e8abe89317fd50bef60:154,0,elliptical,outside,test_id,gnn,42,-0.4846482438699427,0.4495895572590923,3.5440134484982737
154,1,47d3e5fd43f9c0f6c6654fd57652371b6cebc0bc594f3e8abe89317fd50bef60:154,0,elliptical,outside,test_id,gnn,42,0.24779279402335258,0.9281629391598797,4.087390108453155
155,0,47d3e5fd43f9c0f6c6654fd57652371b6cebc0bc594f3e8abe89317fd50bef60:155,1,circular,inside,test_id,gnn,42,0.06980283430655569,-0.4848558537077809,2.790710833400792
155,1,47d3e5fd43f9c0f6c6654fd57652371b6cebc0bc594f3e8abe89317fd50bef60:155,1,circular,inside,test_id,gnn,42,-0.7182688874856654,0.5979096361088848,4.090286005287984
156,0,47d3e5fd43f9c0f6c6654fd57652371b6cebc0bc594f3e8abe89317fd50bef60:156,1,elliptical,edge,test_id,gnn,42,0.5753797130926427,0.4180886217045879,3.9347768247741404
156,1,47d3e5fd43f9c0f6c6654fd57652371b6cebc0bc594f3e8abe89317fd50bef60:156,1,elliptical,edge,test_id,gnn,42,-0.0700870914117518,0.18673855742693896,3.2522099996992675
157,0,47d3e5fd43f9c0f6c6654fd57652371b6cebc0bc594f3e8abe89317fd50bef60:157,1,circular,outside,test_id,gnn,42,0.2918984579189596,0.7024159499096966,4.28539488702655
157,1,47d3e5fd43f9c0f6c6654fd57652371b6cebc0bc594f3e8abe89317fd50bef60:157,1,circular,outside,test_id,gnn,42,-0.02023820706765085,-0.1985392204832936,3.570130041824982
158,0,47d3e5fd43f9c0f6c6654fd57652371b6cebc0bc594f3e8abe89317fd50bef60:158,1,elliptical,inside,test_id,gnn,42,-0.15320429333607583,0.5366010733533001,1.5814197400573213
158,1,47d3e5fd43f9c0f6c6654fd57652371b6cebc0bc594f3e8abe89317fd50bef60:158,1,elliptical,inside,test_id,gnn,42,-0.1762802315608683,-0.3347960344862843,2.3547342952103425
159,0,47d3e5fd43f9c0f6c6654fd57652371b6cebc0bc594f3e8abe89317fd50bef60:159,0,circular,inside,test_id,gnn,42,0.5840392546995458,-0.1412361569118405,2.1442877142849013
159,1,47d3e5fd43f9c0f6c6654fd57652371b6cebc0bc594f3e8abe89317fd50bef60:159,0,circular,inside,test_id,gnn,42,0.5518709855421361,-0.17196262696503645,2.181860220492906
160,0,47d3e5fd43f9c0f6c6654fd57652371b6cebc0bc594f3e8abe89317fd50bef60:160,1,elliptical,inside,test_id,gnn,42,-1.1319375199929895,0.3955206044602489,0.9817072895103488
160,1,47d3e5fd43f9c0f6c6654fd57652371b6cebc0bc594f3e8abe89317fd50bef60:160,1,elliptical,inside,test_id,gnn,42,-0.14282003172795205,-0.900830977351656,1.9384760678931412
161,0,47d3e5fd43f9c0f6c6654fd57652371b6cebc0bc594f3e8abe89317fd50bef60:161,2,elliptical,inside,test_ood,gnn,42,2.2135386305197056,-0.07377614149569516,1.0763523528169965
161,1,47d3e5fd43f9c0f6c6654fd57652371b6cebc0bc594f3e8abe89317fd50bef60:161,2,elliptical,inside,test_ood,gnn,42,0.6196236448629674,-1.285241001040926,3.037543169991314
162,0,47d3e5fd43f9c0f6c6654fd57652371b6cebc0bc594f3e8abe89317fd50bef60:162,2,elliptical,edge,test_ood,gnn,42,-1.531091944660348,-1.6931505135607625,1.7568424375879383
162,1,47d3e5fd43f9c0f6c6654fd57652371b6cebc0bc594f3e8abe89317fd50bef60:162,2,elliptical,edge,test_ood,gnn,42,-1.0293066663400354,-2.947061651141634,1.6767760759165362
163,0,47d3e5fd43f9c0f6c6654fd57652371b6cebc0bc594f3e8abe89317fd50bef60:163,0,circular,edge,test_id,gnn,42,0.09128387517173857,-0.8984948329043293,4.327345831439047
163,1,47d3e5fd43f9c0f6c6654fd57652371b6cebc0bc594f3e8abe89317fd50bef60:163,0,circular,edge,test_id,gnn,42,-0.21427811809937386,-0.3470762602400685,3.6981252695672415
164,0,47d3e5fd43f9c0f6c6654fd57652371b6cebc0bc594f3e8abe89317fd50bef60:164,2,elliptical,outside,test_ood,gnn,42,-0.4845305843011561,0.4198041625905132,2.95725897463625
164,1,47d3e5fd43f9c0f6c6654fd57652371b6cebc0bc594f3e8abe89317fd50bef60:164,2,elliptical,outside,test_ood,gnn,42,-1.2556140584603968,0.2433137067246532,2.2678405356889204
165,0,47d3e5fd43f9c0f6c6654fd57652371b6cebc0bc594f3e8abe89317fd50bef60:165,0,elliptical,edge,test_id,gnn,42,-0.600919084037942,-0.4097133807253743,4.8358654976471245
165,1,47d3e5fd43f9c0f6c6654fd57652371b6cebc0bc594f3e8abe89317fd50bef60:165,0,elliptical,edge,test_id,gnn,42,0.13599418721039863,-0.2957524589610005,4.255634060117827
166,0,47d3e5fd43f9c0f6c6654fd57652371b6cebc0bc594f3e8abe89317fd50bef60:166,2,circular,inside,test_id,gnn,42,1.8260609941824255,0.7234985299992657,1.606922576142553
166,1,47d3e5fd43f9c0f6c6654fd57652371b6cebc0bc594f3e8abe89317fd50bef60:166,2,circular,inside,test_id,gnn,42,1.736943944011527,0.9206766553807354,1.4645353539971344
167,0,47d3e5fd43f9c0f6c6654fd57652371b6cebc0bc594f3e8abe89317fd50bef60:167,2,circular,edge,test_id,gnn,42,-3.263236062015695,-1.5314217738222982,0.9135579901612888
167,1,47d3e5fd43f9c0f6c6654fd57652371b6cebc0bc594f3e8abe89317fd50bef60:167,2,circular,edge,test_id,gnn,42,-3.3065073651925747,-0.6384460858416462,0.3070451211991652
168,0,47d3e5fd43f9c0f6c6654fd57652371b6cebc0bc594f3e8abe89317fd50bef60:168,1,circular,outside,test_id,gnn,42,0.08832894137938589,-0.4492211870264912,3.4813988493766908
168,1,47d3e5fd43f9c0f6c6654fd57652371b6cebc0bc594f3e8abe89317fd50bef60:168,1,circular,outside,test_id,gnn,42,0.6011820273741063,0.8883662291455364,2.861971929397932
169,0,47d3e5fd43f9c0f6c6654fd57652371b6cebc0bc594f3e8abe89317fd50bef60:169,0,circular,outside,test_id,gnn,42,0.8054773049696263,-0.3860523335051442,4.3239684668668215
169,1,47d3e5fd43f9c0f6c6654fd57652371b6cebc0bc594f3e8abe89317fd50bef60:169,0,circular,outside,test_id,gnn,42,0.4872191982610998,-0.07204128870486264,4.033416600928551
170,0,47d3e5fd43f9c0f6c6654fd57652371b6cebc0bc594f3e8abe89317fd50bef60:170,1,circular,inside,test_id,gnn,42,-0.051720367159051,-0.08081112870692257,2.2198671878913894
170,1,47d3e5fd43f9c0f6c6654fd57652371b6cebc0bc594f3e8abe89317fd50bef60:170,1,circular,inside,test_id,gnn,42,-1.6994912786142053,-0.6014761857104206,1.282382494274498
171,0,47d3e5fd43f9c0f6c6654fd57652371b6cebc0bc594f3e8abe89317fd50bef60:171,2,circular,edge,test_id,gnn,42,-0.883173779930276,-0.15439898589371687,3.4173953323775628
171,1,47d3e5fd43f9c0f6c6654fd57652371b6cebc0bc594f3e8abe89317fd50bef60:171,2,circular,edge,test_id,gnn,42,-2.0566177529946987,-0.6182798079562092,2.41117311860375
172,0,47d3e5fd43f9c0f6c6654fd57652371b6cebc0bc594f3e8abe89317fd50bef60:172,0,elliptical,outside,test_id,gnn,42,0.06367644539912314,-0.1564557037663365,4.572597787232363
172,1,47d3e5fd43f9c0f6c6654fd57652371b6cebc0bc594f3e8abe89317fd50bef60:172,0,elliptical,outside,test_id,gnn,42,0.3926023083074865,0.045653260557661016,4.24481535365473
173,0,47d3e5fd43f9c0f6c6654fd57652371b6cebc0bc594f3e8abe89317fd50bef60:173,2,elliptical,inside,test_ood,gnn,42,0.8079483347280797,1.110638863651762,1.8805644456455402
173,1,47d3e5fd43f9c0f6c6654fd57652371b6cebc0bc594f3e8abe89317fd50bef60:173,2,elliptical,inside,test_ood,gnn,42,-0.43084128328720955,1.2177188464093303,0.9451081419084709
174,0,47d3e5fd43f9c0f6c6654fd57652371b6cebc0bc594f3e8abe89317fd50bef60:174,2,elliptical,outside,test_ood,gnn,42,0.014968244944411221,-0.5928971103739643,4.553992342509443
174,1,47d3e5fd43f9c0f6c6654fd57652371b6cebc0bc594f3e8abe89317fd50bef60:174,2,elliptical,outside,test_ood,gnn,42,-0.14296880492131142,-1.7956699065279866,3.969226250185154
175,0,47d3e5fd43f9c0f6c6654fd57652371b6cebc0bc594f3e8abe89317fd50bef60:175,2,elliptical,edge,test_ood,gnn,42,0.45575348905165763,0.6141742535519695,2.871931682261516
175,1,47d3e5fd43f9c0f6c6654fd57652371b6cebc0bc594f3e8abe89317fd50bef60:175,2,elliptical,edge,test_ood,gnn,42,0.9967663126333531,0.6346138783383465,2.394515451082235
176,0,47d3e5fd43f9c0f6c6654fd57652371b6cebc0bc594f3e8abe89317fd50bef60:176,2,circular,inside,test_id,gnn,42,-0.8922773761407558,1.5184282132077311,2.0717083436237784
176,1,47d3e5fd43f9c0f6c6654fd57652371b6cebc0bc594f3e8abe89317fd50bef60:176,2,circular,inside,test_id,gnn,42,-0.09321624168316751,1.5956755944180583,2.713954224853762
177,0,47d3e5fd43f9c0f6c6654fd57652371b6cebc0bc594f3e8abe89317fd50bef60:177,1,circular,edge,test_id,gnn,42,0.013643837188082639,-0.8355851105761433,3.3572233389765787
177,1,47d3e5fd43f9c0f6c6654fd57652371b6cebc0bc594f3e8abe89317fd50bef60:177,1,circular,edge,test_id,gnn,42,0.26328535250266166,0.2202736504960155,3.7677685249128383
178,0,47d3e5fd43f9c0f6c6654fd57652371b6cebc0bc594f3e8abe89317fd50bef60:178,1,elliptical,edge,test_id,gnn,42,-0.19062467047135262,0.9833091565060711,2.544450391516154
178,1,47d3e5fd43f9c0f6c6654fd57652371b6cebc0bc594f3e8abe89317fd50bef60:178,1,elliptical,edge,test_id,gnn,42,1.1406189041479406,-0.2596467069697285,3.2670803962193555
179,0,47d3e5fd43f9c0f6c6654fd57652371b6cebc0bc594f3e8abe89317fd50bef60:179,0,circular,outside,test_id,gnn,42,0.16626389942010017,0.025576747267255742,3.978097616017083
179,1,47d3e5fd43f9c0f6c6654fd57652371b6cebc0bc594f3e8abe89317fd50bef60:179,0,circular,outside,test_id,gnn,42,0.7816619711263951,-0.363935225398531,3.580446309671478
180,0,47d3e5fd43f9c0f6c6654fd57652371b6cebc0bc594f3e8abe89317fd50bef60:180,2,elliptical,inside,test_ood,gnn,42,-1.4475929898873987,-2.4067484072756673,0.7551539496272397
180,1,47d3e5fd43f9c0f6c6654fd57652371b6cebc0bc594f3e8abe89317fd50bef60:180,2,elliptical,inside,test_ood,gnn,42,-0.06050904222885996,-1.8901363543581868,0.7453967232875414
181,0,47d3e5fd43f9c0f6c6654fd57652371b6cebc0bc594f3e8abe89317fd50bef60:181,0,circular,inside,test_id,gnn,42,1.4492853718145666,0.7154541083264446,2.794141824983604
181,1,47d3e5fd43f9c0f6c6654fd57652371b6cebc0bc594f3e8abe89317fd50bef60:181,0,circular,inside,test_id,gnn,42,-0.9942907256738368,0.02125984361649509,3.402405867445387
182,0,47d3e5fd43f9c0f6c6654fd57652371b6cebc0bc594f3e8abe89317fd50bef60:182,2,elliptical,edge,test_ood,gnn,42,-0.14064270385662941,-5.364312045962801,2.3885189368896493
182,1,47d3e5fd43f9c0f6c6654fd57652371b6cebc0bc594f3e8abe89317fd50bef60:182,2,elliptical,edge,test_ood,gnn,42,1.7399575548513708,-4.918889396579256,2.4613158506541666
183,0,47d3e5fd43f9c0f6c6654fd57652371b6cebc0bc594f3e8abe89317fd50bef60:183,2,elliptical,outside,test_ood,gnn,42,-0.5788306159631434,0.24934545835734362,4.640739189491255
183,1,47d3e5fd43f9c0f6c6654fd57652371b6cebc0bc594f3e8abe89317fd50bef60:183,2,elliptical,outside,test_ood,gnn,42,0.31263519695838066,-0.976439469249239,4.101806604847077
184,0,47d3e5fd43f9c0f6c6654fd57652371b6cebc0bc594f3e8abe89317fd50bef60:184,0,elliptical,outside,test_id,gnn,42,-1.147380368198556,0.2606513269829845,3.5087605525089614
184,1,47d3e5fd43f9c0f6c6654fd57652371b6cebc0bc594f3e8abe89317fd50bef60:184,0,elliptical,outside,test_id,gnn,42,-0.5118230743066493,-0.7272046736788654,4.683099295567574
185,0,47d3e5fd43f9c0f6c6654fd57652371b6cebc0bc594f3e8abe89317fd50bef60:185,2,circular,edge,test_id,gnn,42,1.3684668379171667,-0.6607512764048481,1.7751799192765474
185,1,47d3e5fd43f9c0f6c6654fd57652371b6cebc0bc594f3e8abe89317fd50bef60:185,2,circular,edge,test_id,gnn,42,0.3320062594755468,-0.47718294778584486,2.717429407316392
186,0,47d3e5fd43f9c0f6c6654fd57652371b6cebc0bc594f3e8abe89317fd50bef60:186,2,circular,edge,test_id,gnn,42,-3.5892121953622524,-2.546567314059725,1.0045123976388548
186,1,47d3e5fd43f9c0f6c6654fd57652371b6cebc0bc594f3e8abe89317fd50bef60:186,2,circular,edge,test_id,gnn,42,-2.215851799930734,-1.5890091589999105,1.4894407451893725
187,0,47d3e5fd43f9c0f6c6654fd57652371b6cebc0bc594f3e8abe89317fd50bef60:187,2,circular,outside,test_id,gnn,42,2.18187878898223,1.7267769642758464,2.0163142599317703
187,1,47d3e5fd43f9c0f6c6654fd57652371b6cebc0bc594f3e8abe89317fd50bef60:187,2,circular,outside,test_id,gnn,42,1.6005270319326697,2.50549972733737,1.046296383415657
188,0,47d3e5fd43f9c0f6c6654fd57652371b6cebc0bc594f3e8abe89317fd50bef60:188,0,circular,inside,test_id,gnn,42,0.4318343835218725,0.23702228745699877,3.0387272338108993
188,1,47d3e5fd43f9c0f6c6654fd57652371b6cebc0bc594f3e8abe89317fd50bef60:188,0,circular,inside,test_id,gnn,42,-0.0230803427950564,-0.5196002058100605,2.5320284086847984
189,0,47d3e5fd43f9c0f6c6654fd57652371b6cebc0bc594f3e8abe89317fd50bef60:189,0,elliptical,edge,test_id,gnn,42,-0.17395064362446694,-0.1274758658718968,3.770369182128745
189,1,47d3e5fd43f9c0f6c6654fd57652371b6cebc0bc594f3e8abe89317fd50bef60:189,0,elliptical,edge,test_id,gnn,42,0.6422859268530187,0.4046765931534862,4.137903563475548
190,0,47d3e5fd43f9c0f6c6654fd57652371b6cebc0bc594f3e8abe89317fd50bef60:190,1,circular,outside,test_id,gnn,42,0.7853343325002965,0.3081839450287914,3.8020993970451524
190,1,47d3e5fd43f9c0f6c6654fd57652371b6cebc0bc594f3e8abe89317fd50bef60:190,1,circular,outside,test_id,gnn,42,1.0030589537962256,0.38492137870074267,3.6686626612360147
191,0,47d3e5fd43f9c0f6c6654fd57652371b6cebc0bc594f3e8abe89317fd50bef60:191,2,circular,outside,test_id,gnn,42,-0.6359274549142543,0.3361566134381389,4.069878786787815
191,1,47d3e5fd43f9c0f6c6654fd57652371b6cebc0bc594f3e8abe89317fd50bef60:191,2,circular,outside,test_id,gnn,42,-0.08595934637944132,0.01731576701880451,4.082178126967686
192,0,47d3e5fd43f9c0f6c6654fd57652371b6cebc0bc594f3e8abe89317fd50bef60:192,2,circular,inside,test_id,gnn,42,-1.2036647958413782,0.7305150099682903,1.6061931678255943
192,1,47d3e5fd43f9c0f6c6654fd57652371b6cebc0bc594f3e8abe89317fd50bef60:192,2,circular,inside,test_id,gnn,42,-1.5228543443338098,1.0716077156949138,1.1937390742759406
193,0,47d3e5fd43f9c0f6c6654fd57652371b6cebc0bc594f3e8abe89317fd50bef60:193,0,elliptical,inside,test_id,gnn,42,-1.2200350923196497,0.7243890829968548,2.039826127846521
193,1,47d3e5fd43f9c0f6c6654fd57652371b6cebc0bc594f3e8abe89317fd50bef60:193,0,elliptical,inside,test_id,gnn,42,-0.5240775508538905,0.5354547568249798,2.539573007568369
194,0,47d3e5fd43f9c0f6c6654fd57652371b6cebc0bc594f3e8abe89317fd50bef60:194,1,elliptical,outside,test_id,gnn,42,0.42340408137877555,-0.832866185100069,3.9472012140298434
194,1,47d3e5fd43f9c0f6c6654fd57652371b6cebc0bc594f3e8abe89317fd50bef60:194,1,elliptical,outside,test_id,gnn,42,1.807586296115714,-0.47016611018895155,5.225081491820867
195,0,47d3e5fd43f9c0f6c6654fd57652371b6cebc0bc594f3e8abe89317fd50bef60:195,1,circular,inside,test_id,gnn,42,0.005223824296790067,1.0350716181683635,2.0239662110732413
195,1,47d3e5fd43f9c0f6c6654fd57652371b6cebc0bc594f3e8abe89317fd50bef60:195,1,circular,inside,test_id,gnn,42,0.6932536201818761,-0.47094815293072706,2.2720336374722545
196,0,47d3e5fd43f9c0f6c6654fd57652371b6cebc0bc594f3e8abe89317fd50bef60:196,0,circular,outside,test_id,gnn,42,-0.40644665190140633,1.0464698143887614,3.020030238164465
196,1,47d3e5fd43f9c0f6c6654fd57652371b6cebc0bc594f3e8abe89317fd50bef60:196,0,circular,outside,test_id,gnn,42,-0.7287252111093226,-0.5546219877314472,4.319080996869062
197,0,47d3e5fd43f9c0f6c6654fd57652371b6cebc0bc594f3e8abe89317fd50bef60:197,2,circular,inside,test_id,gnn,42,-0.23457862564484505,-0.24023526230572706,3.3797149369497888
197,1,47d3e5fd43f9c0f6c6654fd57652371b6cebc0bc594f3e8abe89317fd50bef60:197,2,circular,inside,test_id,gnn,42,-0.669179753746194,-0.6465895108294392,2.7894281265843275
198,0,47d3e5fd43f9c0f6c6654fd57652371b6cebc0bc594f3e8abe89317fd50bef60:198,0,elliptical,outside,test_id,gnn,42,0.44902141264517875,-0.011581302375783961,3.712272378623269
198,1,47d3e5fd43f9c0f6c6654fd57652371b6cebc0bc594f3e8abe89317fd50bef60:198,0,elliptical,outside,test_id,gnn,42,0.043872690413790646,0.5378803082394695,3.054687507901833
199,0,47d3e5fd43f9c0f6c6654fd57652371b6cebc0bc594f3e8abe89317fd50bef60:199,1,circular,edge,test_id,gnn,42,1.0143233375891028,-0.40791504898785597,3.8430533026736304
199,1,47d3e5fd43f9c0f6c6654fd57652371b6cebc0bc594f3e8abe89317fd50bef60:199,1,circular,edge,test_id,gnn,42,-0.15611457952420144,0.2892709442067241,4.003898548415233
200,0,47d3e5fd43f9c0f6c6654fd57652371b6cebc0bc594f3e8abe89317fd50bef60:200,0,circular,edge,test_id,gnn,42,-0.38634522386948494,0.17454130133868212,3.413607752033902
200,1,47d3e5fd43f9c0f6c6654fd57652371b6cebc0bc594f3e8abe89317fd50bef60:200,0,circular,edge,test_id,gnn,42,-0.17210139461914925,0.11789558014155384,3.28700928057402
201,0,47d3e5fd43f9c0f6c6654fd57652371b6cebc0bc594f3e8abe89317fd50bef60:201,1,circular,inside,test_id,gnn,42,-0.20442630478302865,0.39228586038828844,3.761449832797488
201,1,47d3e5fd43f9c0f6c6654fd57652371b6cebc0bc594f3e8abe89317fd50bef60:201,1,circular,inside,test_id,gnn,42,-0.08681157359043985,1.392831689922819,4.619300273070004
202,0,47d3e5fd43f9c0f6c6654fd57652371b6cebc0bc594f3e8abe89317fd50bef60:202,1,elliptical,edge,test_id,gnn,42,0.6308206158026036,-0.2898111871790791,3.9057812869405626
202,1,47d3e5fd43f9c0f6c6654fd57652371b6cebc0bc594f3e8abe89317fd50bef60:202,1,elliptical,edge,test_id,gnn,42,0.4183571772917089,0.3868470259595012,3.492932249899472
203,0,47d3e5fd43f9c0f6c6654fd57652371b6cebc0bc594f3e8abe89317fd50bef60:203,2,elliptical,outside,test_ood,gnn,42,-0.28967590757767586,-0.7647340230059528,3.305077546636998
203,1,47d3e5fd43f9c0f6c6654fd57652371b6cebc0bc594f3e8abe89317fd50bef60:203,2,elliptical,outside,test_ood,gnn,42,-0.7140792770044032,-1.0153496197771932,2.940898635672323
204,0,47d3e5fd43f9c0f6c6654fd57652371b6cebc0bc594f3e8abe89317fd50bef60:204,2,elliptical,edge,test_ood,gnn,42,1.351303918872672,0.9999401637005901,4.079835141896399
204,1,47d3e5fd43f9c0f6c6654fd57652371b6cebc0bc594f3e8abe89317fd50bef60:204,2,elliptical,edge,test_ood,gnn,42,0.40399320295889946,0.7563970752644634,3.440752635556337
205,0,47d3e5fd43f9c0f6c6654fd57652371b6cebc0bc594f3e8abe89317fd50bef60:205,1,elliptical,inside,test_id,gnn,42,0.4133122997625646,0.8027810522008038,2.181929813732311
205,1,47d3e5fd43f9c0f6c6654fd57652371b6cebc0bc594f3e8abe89317fd50bef60:205,1,elliptical,inside,test_id,gnn,42,-0.8330989045755092,-0.04615946927784924,2.006018728957897
206,0,47d3e5fd43f9c0f6c6654fd57652371b6cebc0bc594f3e8abe89317fd50bef60:206,1,circular,outside,test_id,gnn,42,0.8066630201681432,0.49287105283022875,3.87575302094814
206,1,47d3e5fd43f9c0f6c6654fd57652371b6cebc0bc594f3e8abe89317fd50bef60:206,1,circular,outside,test_id,gnn,42,-0.009379373277825412,-0.568439596087923,4.009892650578243
207,0,47d3e5fd43f9c0f6c6654fd57652371b6cebc0bc594f3e8abe89317fd50bef60:207,0,elliptical,edge,test_id,gnn,42,0.30019424727995964,-0.39499118247746473,3.40594181440559
207,1,47d3e5fd43f9c0f6c6654fd57652371b6cebc0bc594f3e8abe89317fd50bef60:207,0,elliptical,edge,test_id,gnn,42,0.38541741541464897,1.0691918202328776,1.9399079596228952
208,0,47d3e5fd43f9c0f6c6654fd57652371b6cebc0bc594f3e8abe89317fd50bef60:208,0,circular,outside,test_id,gnn,42,0.9511245923384007,0.565315491764555,3.0842056112702148
208,1,47d3e5fd43f9c0f6c6654fd57652371b6cebc0bc594f3e8abe89317fd50bef60:208,0,circular,outside,test_id,gnn,42,0.7891284065588292,-0.4949997893881703,4.1303983732778855
209,0,47d3e5fd43f9c0f6c6654fd57652371b6cebc0bc594f3e8abe89317fd50bef60:209,0,circular,edge,test_id,gnn,42,0.6774542169912633,-0.44784557142972,3.4780671255412896
209,1,47d3e5fd43f9c0f6c6654fd57652371b6cebc0bc594f3e8abe89317fd50bef60:209,0,circular,edge,test_id,gnn,42,-0.026398794140023288,0.5131657787251568,2.4990060498713276
210,0,47d3e5fd43f9c0f6c6654fd57652371b6cebc0bc594f3e8abe89317fd50bef60:210,0,elliptical,inside,test_id,gnn,42,-0.7885127229348842,-0.5939787558627033,3.257329360731285
210,1,47d3e5fd43f9c0f6c6654fd57652371b6cebc0bc594f3e8abe89317fd50bef60:210,0,elliptical,inside,test_id,gnn,42,0.28443677595694633,-0.7326066426348591,2.842907173425183
211,0,47d3e5fd43f9c0f6c6654fd57652371b6cebc0bc594f3e8abe89317fd50bef60:211,1,elliptical,edge,test_id,gnn,42,0.011755897317725125,-0.19832732597111707,3.0374288153900943
211,1,47d3e5fd43f9c0f6c6654fd57652371b6cebc0bc594f3e8abe89317fd50bef60:211,1,elliptical,edge,test_id,gnn,42,-0.8637139958993617,-0.31786810675381666,2.197163110006828
212,0,47d3e5fd43f9c0f6c6654fd57652371b6cebc0bc594f3e8abe89317fd50bef60:212,1,circular,edge,test_id,gnn,42,0.064599572335082,-1.0491021803927327,2.084093314646572
212,1,47d3e5fd43f9c0f6c6654fd57652371b6cebc0bc594f3e8abe89317fd50bef60:212,1,circular,edge,test_id,gnn,42,-0.6955788297311488,0.20951218089343066,3.539895923370429
213,0,47d3e5fd43f9c0f6c6654fd57652371b6cebc0bc594f3e8abe89317fd50bef60:213,1,elliptical,outside,test_id,gnn,42,-0.29773981996933846,0.028439670114526708,4.039265458085651
213,1,47d3e5fd43f9c0f6c6654fd57652371b6cebc0bc594f3e8abe89317fd50bef60:213,1,elliptical,outside,test_id,gnn,42,1.3965117769583044,0.22153586825610155,4.968279362268983
214,0,47d3e5fd43f9c0f6c6654fd57652371b6cebc0bc594f3e8abe89317fd50bef60:214,1,elliptical,inside,test_id,gnn,42,-0.15916322299401192,0.06596994331360813,0.4422905685854465
214,1,47d3e5fd43f9c0f6c6654fd57652371b6cebc0bc594f3e8abe89317fd50bef60:214,1,elliptical,inside,test_id,gnn,42,0.10424163809855551,0.18791865488768572,0.32965306820372203
215,0,47d3e5fd43f9c0f6c6654fd57652371b6cebc0bc594f3e8abe89317fd50bef60:215,2,elliptical,inside,test_ood,gnn,42,1.3154216842993078,2.2081333466458415,0.7610948787003535
215,1,47d3e5fd43f9c0f6c6654fd57652371b6cebc0bc594f3e8abe89317fd50bef60:215,2,elliptical,inside,test_ood,gnn,42,1.229467971835929,2.115621215908537,0.813327018598056
216,0,47d3e5fd43f9c0f6c6654fd57652371b6cebc0bc594f3e8abe89317fd50bef60:216,1,circular,outside,test_id,gnn,42,0.697378023181754,-0.5904601744723225,3.1921737604172544
216,1,47d3e5fd43f9c0f6c6654fd57652371b6cebc0bc594f3e8abe89317fd50bef60:216,1,circular,outside,test_id,gnn,42,-0.7668301028863612,-0.22128192404030805,3.459816894265093
217,0,47d3e5fd43f9c0f6c6654fd57652371b6cebc0bc594f3e8abe89317fd50bef60:217,1,circular,edge,test_id,gnn,42,0.20764376095374198,-0.09177468040703778,3.44145462761539
217,1,47d3e5fd43f9c0f6c6654fd57652371b6cebc0bc594f3e8abe89317fd50bef60:217,1,circular,edge,test_id,gnn,42,-0.5667545957223598,-0.26001408019780164,3.981567844067811
218,0,47d3e5fd43f9c0f6c6654fd57652371b6cebc0bc594f3e8abe89317fd50bef60:218,1,elliptical,inside,test_id,gnn,42,-0.5024648470536891,-0.3404333523821736,2.972680221815483
218,1,47d3e5fd43f9c0f6c6654fd57652371b6cebc0bc594f3e8abe89317fd50bef60:218,1,elliptical,inside,test_id,gnn,42,0.2881730931146917,0.3357519277024364,1.9372603763382523
219,0,47d3e5fd43f9c0f6c6654fd57652371b6cebc0bc594f3e8abe89317fd50bef60:219,2,circular,inside,test_id,gnn,42,0.03636342159350485,5.020125515072356,2.593223240317398
219,1,47d3e5fd43f9c0f6c6654fd57652371b6cebc0bc594f3e8abe89317fd50bef60:219,2,circular,inside,test_id,gnn,42,0.4224138992174444,4.67211259087802,2.258392620436313
220,0,47d3e5fd43f9c0f6c6654fd57652371b6cebc0bc594f3e8abe89317fd50bef60:220,1,elliptical,outside,test_id,gnn,42,0.4659207599504766,0.641432947723875,4.199416594185115
220,1,47d3e5fd43f9c0f6c6654fd57652371b6cebc0bc594f3e8abe89317fd50bef60:220,1,elliptical,outside,test_id,gnn,42,0.41921152046759697,0.09396902403117176,4.6127871304864385
221,0,47d3e5fd43f9c0f6c6654fd57652371b6cebc0bc594f3e8abe89317fd50bef60:221,1,circular,inside,test_id,gnn,42,0.4101939635618505,-0.45378344574688917,1.4146778916983347
221,1,47d3e5fd43f9c0f6c6654fd57652371b6cebc0bc594f3e8abe89317fd50bef60:221,1,circular,inside,test_id,gnn,42,0.6853095727308568,0.6761571236538982,2.4282201080228174
222,0,47d3e5fd43f9c0f6c6654fd57652371b6cebc0bc594f3e8abe89317fd50bef60:222,0,circular,edge,test_id,gnn,42,-0.6670916838304225,0.30232218584300036,2.896819198155503
222,1,47d3e5fd43f9c0f6c6654fd57652371b6cebc0bc594f3e8abe89317fd50bef60:222,0,circular,edge,test_id,gnn,42,1.1674182253225622,-0.3301889232706929,3.4200881815024866
223,0,47d3e5fd43f9c0f6c6654fd57652371b6cebc0bc594f3e8abe89317fd50bef60:223,1,circular,inside,test_id,gnn,42,-0.41970263549248604,-1.235100620181551,2.4873184294410295
223,1,47d3e5fd43f9c0f6c6654fd57652371b6cebc0bc594f3e8abe89317fd50bef60:223,1,circular,inside,test_id,gnn,42,-1.0703888101236048,0.6195793815541363,2.738486488341431
224,0,47d3e5fd43f9c0f6c6654fd57652371b6cebc0bc594f3e8abe89317fd50bef60:224,1,elliptical,outside,test_id,gnn,42,0.30779304972727867,-0.828641765506258,4.848381787949295
224,1,47d3e5fd43f9c0f6c6654fd57652371b6cebc0bc594f3e8abe89317fd50bef60:224,1,elliptical,outside,test_id,gnn,42,-0.620981351818246,-0.31076069989918714,4.652513517997529
225,0,47d3e5fd43f9c0f6c6654fd57652371b6cebc0bc594f3e8abe89317fd50bef60:225,2,elliptical,edge,test_ood,gnn,42,0.6181948023184117,-1.4330764941286946,2.444029693206864
225,1,47d3e5fd43f9c0f6c6654fd57652371b6cebc0bc594f3e8abe89317fd50bef60:225,2,elliptical,edge,test_ood,gnn,42,0.5525133746012029,-0.1049652255487347,3.414261649452914
226,0,47d3e5fd43f9c0f6c6654fd57652371b6cebc0bc594f3e8abe89317fd50bef60:226,1,circular,edge,test_id,gnn,42,-0.28527529665390877,-0.8169245652270222,2.7892927131763683
226,1,47d3e5fd43f9c0f6c6654fd57652371b6cebc0bc594f3e8abe89317fd50bef60:226,1,circular,edge,test_id,gnn,42,1.0632520156248388,-0.002521806151857417,4.301199887921744
227,0,47d3e5fd43f9c0f6c6654fd57652371b6cebc0bc594f3e8abe89317fd50bef60:227,0,elliptical,inside,test_id,gnn,42,-0.03774149843613535,-0.22220327773808485,3.0458973232793527
227,1,47d3e5fd43f9c0f6c6654fd57652371b6cebc0bc594f3e8abe89317fd50bef60:227,0,elliptical,inside,test_id,gnn,42,0.27038965991576286,0.14969358524561877,2.5631143689957767
228,0,47d3e5fd43f9c0f6c6654fd57652371b6cebc0bc594f3e8abe89317fd50bef60:228,2,elliptical,edge,test_ood,gnn,42,-0.43684913345734505,-2.762249105365267,0.8605206358112764
228,1,47d3e5fd43f9c0f6c6654fd57652371b6cebc0bc594f3e8abe89317fd50bef60:228,2,elliptical,edge,test_ood,gnn,42,-1.1499834222451868,-2.670722597033968,1.574964794965519
229,0,47d3e5fd43f9c0f6c6654fd57652371b6cebc0bc594f3e8abe89317fd50bef60:229,2,elliptical,inside,test_ood,gnn,42,-1.0776846570626917,-1.5553864173006917,1.1228091785077052
229,1,47d3e5fd43f9c0f6c6654fd57652371b6cebc0bc594f3e8abe89317fd50bef60:229,2,elliptical,inside,test_ood,gnn,42,-0.8227470082894984,-0.7268494299960041,0.30865018333884514
230,0,47d3e5fd43f9c0f6c6654fd57652371b6cebc0bc594f3e8abe89317fd50bef60:230,1,elliptical,edge,test_id,gnn,42,1.0129877763136206,-0.26134937325238233,2.287260884084342
230,1,47d3e5fd43f9c0f6c6654fd57652371b6cebc0bc594f3e8abe89317fd50bef60:230,1,elliptical,edge,test_id,gnn,42,0.567903621707755,-0.5250386528086567,2.582736884692366
231,0,47d3e5fd43f9c0f6c6654fd57652371b6cebc0bc594f3e8abe89317fd50bef60:231,0,elliptical,edge,test_id,gnn,42,-0.38807840773026375,0.2688168652939891,4.314924055748234
231,1,47d3e5fd43f9c0f6c6654fd57652371b6cebc0bc594f3e8abe89317fd50bef60:231,0,elliptical,edge,test_id,gnn,42,-0.5784935516969386,0.3447674580502605,4.497754027153168
232,0,47d3e5fd43f9c0f6c6654fd57652371b6cebc0bc594f3e8abe89317fd50bef60:232,0,elliptical,outside,test_id,gnn,42,-0.052542553629082736,0.12355858763934131,3.6074453992496602
232,1,47d3e5fd43f9c0f6c6654fd57652371b6cebc0bc594f3e8abe89317fd50bef60:232,0,elliptical,outside,test_id,gnn,42,-0.17417273053090004,0.6093351312565899,3.107318157314165
233,0,47d3e5fd43f9c0f6c6654fd57652371b6cebc0bc594f3e8abe89317fd50bef60:233,2,elliptical,outside,test_ood,gnn,42,0.7385020094259557,-1.317718379886141,3.534361245086582
233,1,47d3e5fd43f9c0f6c6654fd57652371b6cebc0bc594f3e8abe89317fd50bef60:233,2,elliptical,outside,test_ood,gnn,42,1.7951388197286902,-1.3620966605257894,2.589055357505905
234,0,47d3e5fd43f9c0f6c6654fd57652371b6cebc0bc594f3e8abe89317fd50bef60:234,0,circular,outside,test_id,gnn,42,-0.2835444373742762,0.33651695331812853,4.080494471006856
234,1,47d3e5fd43f9c0f6c6654fd57652371b6cebc0bc594f3e8abe89317fd50bef60:234,0,circular,outside,test_id,gnn,42,0.9681720571859654,0.7433633871960735,3.140412328869817
235,0,47d3e5fd43f9c0f6c6654fd57652371b6cebc0bc594f3e8abe89317fd50bef60:235,0,elliptical,edge,test_id,gnn,42,-1.1492428941384973,-0.31524720111607557,3.0677492908721384
235,1,47d3e5fd43f9c0f6c6654fd57652371b6cebc0bc594f3e8abe89317fd50bef60:235,0,elliptical,edge,test_id,gnn,42,-0.9175520105020228,-0.020889953465452235,3.44228999393861
236,0,47d3e5fd43f9c0f6c6654fd57652371b6cebc0bc594f3e8abe89317fd50bef60:236,1,elliptical,inside,test_id,gnn,42,0.26322117320139976,0.5012425251889324,1.7881881590785893
236,1,47d3e5fd43f9c0f6c6654fd57652371b6cebc0bc594f3e8abe89317fd50bef60:236,1,elliptical,inside,test_id,gnn,42,0.43581358960707756,-0.5155490867209339,2.203242142642575
237,0,47d3e5fd43f9c0f6c6654fd57652371b6cebc0bc594f3e8abe89317fd50bef60:237,1,circular,outside,test_id,gnn,42,0.6237140732153234,-0.3233773342680836,3.2113938027286046
237,1,47d3e5fd43f9c0f6c6654fd57652371b6cebc0bc594f3e8abe89317fd50bef60:237,1,circular,outside,test_id,gnn,42,0.1488153027637777,0.9132791825223064,3.1645938142730445
238,0,47d3e5fd43f9c0f6c6654fd57652371b6cebc0bc594f3e8abe89317fd50bef60:238,0,circular,edge,test_id,gnn,42,0.7623185949667272,0.7580431767392254,4.041278981911192
238,1,47d3e5fd43f9c0f6c6654fd57652371b6cebc0bc594f3e8abe89317fd50bef60:238,0,circular,edge,test_id,gnn,42,1.6896484928472815,-0.2196173600268269,4.715991702027184
239,0,47d3e5fd43f9c0f6c6654fd57652371b6cebc0bc594f3e8abe89317fd50bef60:239,0,circular,inside,test_id,gnn,42,0.14849446586211296,-0.23764207282780653,3.272833969669846
239,1,47d3e5fd43f9c0f6c6654fd57652371b6cebc0bc594f3e8abe89317fd50bef60:239,0,circular,inside,test_id,gnn,42,0.17693884543021293,0.1289555796074962,2.992116289905769
240,0,47d3e5fd43f9c0f6c6654fd57652371b6cebc0bc594f3e8abe89317fd50bef60:240,2,circular,edge,test_id,gnn,42,1.971640332256156,1.3378866978573893,1.9466951936561858
240,1,47d3e5fd43f9c0f6c6654fd57652371b6cebc0bc594f3e8abe89317fd50bef60:240,2,circular,edge,test_id,gnn,42,1.8379471140249548,1.9126783677029704,1.5851490880272594
241,0,47d3e5fd43f9c0f6c6654fd57652371b6cebc0bc594f3e8abe89317fd50bef60:241,2,circular,outside,test_id,gnn,42,1.6189368801458655,-2.0260473422121907,1.9438449842877321
241,1,47d3e5fd43f9c0f6c6654fd57652371b6cebc0bc594f3e8abe89317fd50bef60:241,2,circular,outside,test_id,gnn,42,1.3809254007681189,-2.0302437476229573,1.9947240330806015
242,0,47d3e5fd43f9c0f6c6654fd57652371b6cebc0bc594f3e8abe89317fd50bef60:242,0,elliptical,outside,test_id,gnn,42,-0.038536974574727115,-0.3496957055640126,4.728763390683213
242,1,47d3e5fd43f9c0f6c6654fd57652371b6cebc0bc594f3e8abe89317fd50bef60:242,0,elliptical,outside,test_id,gnn,42,0.2613497512682256,0.0020628266620730945,4.268795551804272
243,0,47d3e5fd43f9c0f6c6654fd57652371b6cebc0bc594f3e8abe89317fd50bef60:243,2,elliptical,outside,test_ood,gnn,42,2.2632253008230503,0.09781105002642627,2.559724877854808
243,1,47d3e5fd43f9c0f6c6654fd57652371b6cebc0bc594f3e8abe89317fd50bef60:243,2,elliptical,outside,test_ood,gnn,42,1.4098410444601355,-0.49142914334057813,2.739494358974233
244,0,47d3e5fd43f9c0f6c6654fd57652371b6cebc0bc594f3e8abe89317fd50bef60:244,2,elliptical,inside,test_ood,gnn,42,0.5940059857710179,0.5916754671025372,1.432846735136823
244,1,47d3e5fd43f9c0f6c6654fd57652371b6cebc0bc594f3e8abe89317fd50bef60:244,2,elliptical,inside,test_ood,gnn,42,0.12675051263411613,0.44938642462969774,1.9179146970266834
245,0,47d3e5fd43f9c0f6c6654fd57652371b6cebc0bc594f3e8abe89317fd50bef60:245,0,circular,outside,test_id,gnn,42,1.399792655025321,0.33855549177409167,2.68614408197634
245,1,47d3e5fd43f9c0f6c6654fd57652371b6cebc0bc594f3e8abe89317fd50bef60:245,0,circular,outside,test_id,gnn,42,0.5641301112516698,-0.3885202638220692,3.7327528053143686
246,0,47d3e5fd43f9c0f6c6654fd57652371b6cebc0bc594f3e8abe89317fd50bef60:246,1,elliptical,edge,test_id,gnn,42,-0.26575549074570565,-0.17636608401059156,2.8829416785180624
246,1,47d3e5fd43f9c0f6c6654fd57652371b6cebc0bc594f3e8abe89317fd50bef60:246,1,elliptical,edge,test_id,gnn,42,-0.0492079866782847,-1.2456186942171956,2.9548773307629235
247,0,47d3e5fd43f9c0f6c6654fd57652371b6cebc0bc594f3e8abe89317fd50bef60:247,2,circular,edge,test_id,gnn,42,0.972673638377982,0.8506406613278484,2.794027117672279
247,1,47d3e5fd43f9c0f6c6654fd57652371b6cebc0bc594f3e8abe89317fd50bef60:247,2,circular,edge,test_id,gnn,42,-0.03325579443137079,0.15520829638720507,4.006860501525961
248,0,47d3e5fd43f9c0f6c6654fd57652371b6cebc0bc594f3e8abe89317fd50bef60:248,2,circular,outside,test_id,gnn,42,1.1795625524862585,0.7092286415982342,3.3695179100332977
248,1,47d3e5fd43f9c0f6c6654fd57652371b6cebc0bc594f3e8abe89317fd50bef60:248,2,circular,outside,test_id,gnn,42,1.0289531784399328,1.6490814753460978,2.4216452427505915
249,0,47d3e5fd43f9c0f6c6654fd57652371b6cebc0bc594f3e8abe89317fd50bef60:249,0,circular,inside,test_id,gnn,42,-0.5409275455133143,-0.6568491987299824,4.030201583102241
249,1,47d3e5fd43f9c0f6c6654fd57652371b6cebc0bc594f3e8abe89317fd50bef60:249,0,circular,inside,test_id,gnn,42,-0.8814171118394557,-0.0999182246041203,4.106545927004167
250,0,47d3e5fd43f9c0f6c6654fd57652371b6cebc0bc594f3e8abe89317fd50bef60:250,2,circular,inside,test_id,gnn,42,-0.4166797561303797,2.271648771374235,0.289617522101933
250,1,47d3e5fd43f9c0f6c6654fd57652371b6cebc0bc594f3e8abe89317fd50bef60:250,2,circular,inside,test_id,gnn,42,0.1491349922760305,2.753476268856535,1.0323682590336196
251,0,47d3e5fd43f9c0f6c6654fd57652371b6cebc0bc594f3e8abe89317fd50bef60:251,0,elliptical,inside,test_id,gnn,42,-0.33195324369828133,0.9492011137890911,1.9401425718814973
251,1,47d3e5fd43f9c0f6c6654fd57652371b6cebc0bc594f3e8abe89317fd50bef60:251,0,elliptical,inside,test_id,gnn,42,-0.19391830393235115,1.2093375988888835,1.677804085169174
252,0,47d3e5fd43f9c0f6c6654fd57652371b6cebc0bc594f3e8abe89317fd50bef60:252,2,circular,inside,test_id,gnn,42,1.259080632243949,-1.6567298106264974,0.29183804350445003
252,1,47d3e5fd43f9c0f6c6654fd57652371b6cebc0bc594f3e8abe89317fd50bef60:252,2,circular,inside,test_id,gnn,42,1.1246728735311804,-1.648007982165804,0.29968742750382343
253,0,47d3e5fd43f9c0f6c6654fd57652371b6cebc0bc594f3e8abe89317fd50bef60:253,2,circular,edge,test_id,gnn,42,0.632239444766837,0.5001956888127422,2.636057760181962
253,1,47d3e5fd43f9c0f6c6654fd57652371b6cebc0bc594f3e8abe89317fd50bef60:253,2,circular,edge,test_id,gnn,42,-0.2525923413888636,1.3147994347500895,1.6858927044515175
254,0,47d3e5fd43f9c0f6c6654fd57652371b6cebc0bc594f3e8abe89317fd50bef60:254,1,circular,inside,test_id,gnn,42,-0.3557561201707545,-0.2338269285273457,1.893716471466317
254,1,47d3e5fd43f9c0f6c6654fd57652371b6cebc0bc594f3e8abe89317fd50bef60:254,1,circular,inside,test_id,gnn,42,-0.2780260605470362,-0.0939551598739529,1.977618231468598
255,0,47d3e5fd43f9c0f6c6654fd57652371b6cebc0bc594f3e8abe89317fd50bef60:255,0,circular,outside,test_id,gnn,42,-0.7240665716783229,0.3320415981698131,3.1212947965504143
255,1,47d3e5fd43f9c0f6c6654fd57652371b6cebc0bc594f3e8abe89317fd50bef60:255,0,circular,outside,test_id,gnn,42,-0.35719733067910103,-0.46171294966458326,3.884817024660367
256,0,47d3e5fd43f9c0f6c6654fd57652371b6cebc0bc594f3e8abe89317fd50bef60:256,0,circular,outside,test_id,gnn,42,-1.1789581937448206,-0.6645166806292438,3.258778077454646
256,1,47d3e5fd43f9c0f6c6654fd57652371b6cebc0bc594f3e8abe89317fd50bef60:256,0,circular,outside,test_id,gnn,42,0.589628680263358,0.7352451153683758,5.259159786767187
257,0,47d3e5fd43f9c0f6c6654fd57652371b6cebc0bc594f3e8abe89317fd50bef60:257,2,circular,edge,test_id,gnn,42,4.063872559581595,-4.121825569064607,1.9525037831090495
257,1,47d3e5fd43f9c0f6c6654fd57652371b6cebc0bc594f3e8abe89317fd50bef60:257,2,circular,edge,test_id,gnn,42,3.8452217417105015,-4.5290573767733475,2.059313278462384
258,0,47d3e5fd43f9c0f6c6654fd57652371b6cebc0bc594f3e8abe89317fd50bef60:258,1,circular,outside,test_id,gnn,42,-0.41856642195145516,0.28383166274310107,3.7785613023148175
258,1,47d3e5fd43f9c0f6c6654fd57652371b6cebc0bc594f3e8abe89317fd50bef60:258,1,circular,outside,test_id,gnn,42,-1.6670159263269129,-0.14863418111323362,2.457952853540621
259,0,47d3e5fd43f9c0f6c6654fd57652371b6cebc0bc594f3e8abe89317fd50bef60:259,2,circular,outside,test_id,gnn,42,-0.7528577608720485,0.24847812136889452,3.24619269613385
259,1,47d3e5fd43f9c0f6c6654fd57652371b6cebc0bc594f3e8abe89317fd50bef60:259,2,circular,outside,test_id,gnn,42,0.15656762442429634,0.41485048016787524,4.1702248140690745
260,0,47d3e5fd43f9c0f6c6654fd57652371b6cebc0bc594f3e8abe89317fd50bef60:260,2,elliptical,inside,test_ood,gnn,42,-1.9085663718835535,1.3108271428036784,1.1344360411608352
260,1,47d3e5fd43f9c0f6c6654fd57652371b6cebc0bc594f3e8abe89317fd50bef60:260,2,elliptical,inside,test_ood,gnn,42,-2.1091189546243374,1.864663965313444,0.7309674629297176
261,0,47d3e5fd43f9c0f6c6654fd57652371b6cebc0bc594f3e8abe89317fd50bef60:261,1,elliptical,edge,test_id,gnn,42,1.207233889613944,-1.3346151045870687,4.222631833846061
261,1,47d3e5fd43f9c0f6c6654fd57652371b6cebc0bc594f3e8abe89317fd50bef60:261,1,elliptical,edge,test_id,gnn,42,0.24612428120215507,-0.25061436811207777,3.552924626056628
262,0,47d3e5fd43f9c0f6c6654fd57652371b6cebc0bc594f3e8abe89317fd50bef60:262,1,elliptical,outside,test_id,gnn,42,-0.5905060333863917,0.06204021653414722,4.0555984746842695
262,1,47d3e5fd43f9c0f6c6654fd57652371b6cebc0bc594f3e8abe89317fd50bef60:262,1,elliptical,outside,test_id,gnn,42,-0.7106106443063441,-0.44143983045338636,3.724035200200462
263,0,47d3e5fd43f9c0f6c6654fd57652371b6cebc0bc594f3e8abe89317fd50bef60:263,0,circular,inside,test_id,gnn,42,-0.01981604972044855,0.0252351008939838,2.589754422318803
263,1,47d3e5fd43f9c0f6c6654fd57652371b6cebc0bc594f3e8abe89317fd50bef60:263,0,circular,inside,test_id,gnn,42,0.30230820051272483,-0.7105286053728962,1.9937643038326207
264,0,47d3e5fd43f9c0f6c6654fd57652371b6cebc0bc594f3e8abe89317fd50bef60:264,0,circular,edge,test_id,gnn,42,0.6673184471472081,-0.4669568471026326,2.7279924634752133
264,1,47d3e5fd43f9c0f6c6654fd57652371b6cebc0bc594f3e8abe89317fd50bef60:264,0,circular,edge,test_id,gnn,42,-0.6947961611406032,0.17680179259062762,3.9663569592611703
265,0,47d3e5fd43f9c0f6c6654fd57652371b6cebc0bc594f3e8abe89317fd50bef60:265,0,elliptical,outside,test_id,gnn,42,0.06395479163964361,-0.30967151442288404,4.648525896468379
265,1,47d3e5fd43f9c0f6c6654fd57652371b6cebc0bc594f3e8abe89317fd50bef60:265,0,elliptical,outside,test_id,gnn,42,1.3434010582311926,-0.912246935756197,6.042475784147798
266,0,47d3e5fd43f9c0f6c6654fd57652371b6cebc0bc594f3e8abe89317fd50bef60:266,1,circular,outside,test_id,gnn,42,-0.6736869377748195,-0.28773560443638807,3.817039579193222
266,1,47d3e5fd43f9c0f6c6654fd57652371b6cebc0bc594f3e8abe89317fd50bef60:266,1,circular,outside,test_id,gnn,42,-0.6013136071817103,-0.28957130828618055,3.823144689686201
267,0,47d3e5fd43f9c0f6c6654fd57652371b6cebc0bc594f3e8abe89317fd50bef60:267,1,elliptical,inside,test_id,gnn,42,0.12480340770323843,-0.9292207888674641,1.5071236678505275
267,1,47d3e5fd43f9c0f6c6654fd57652371b6cebc0bc594f3e8abe89317fd50bef60:267,1,elliptical,inside,test_id,gnn,42,0.08386523148854345,-0.8006267479967976,1.5151247895366426
268,0,47d3e5fd43f9c0f6c6654fd57652371b6cebc0bc594f3e8abe89317fd50bef60:268,2,circular,inside,test_id,gnn,42,0.2247575210674581,-1.1354577473711873,1.6553261547581088
268,1,47d3e5fd43f9c0f6c6654fd57652371b6cebc0bc594f3e8abe89317fd50bef60:268,2,circular,inside,test_id,gnn,42,-1.0883761806146326,-0.13457924941300398,0.6371049201516444
269,0,47d3e5fd43f9c0f6c6654fd57652371b6cebc0bc594f3e8abe89317fd50bef60:269,0,elliptical,inside,test_id,gnn,42,0.36791001132567497,0.42798659881831164,2.245565899696819
269,1,47d3e5fd43f9c0f6c6654fd57652371b6cebc0bc594f3e8abe89317fd50bef60:269,0,elliptical,inside,test_id,gnn,42,0.6028559642179784,0.1438246735024547,1.8768552534280563
270,0,47d3e5fd43f9c0f6c6654fd57652371b6cebc0bc594f3e8abe89317fd50bef60:270,1,elliptical,edge,test_id,gnn,42,1.185150607143241,0.18723306736231798,2.884899534164483
270,1,47d3e5fd43f9c0f6c6654fd57652371b6cebc0bc594f3e8abe89317fd50bef60:270,1,elliptical,edge,test_id,gnn,42,-0.08161805697838694,0.6637952395367718,2.4185398783800105
271,0,47d3e5fd43f9c0f6c6654fd57652371b6cebc0bc594f3e8abe89317fd50bef60:271,2,elliptical,outside,test_ood,gnn,42,-1.287918583835763,0.24826560100794787,2.8387888461921156
271,1,47d3e5fd43f9c0f6c6654fd57652371b6cebc0bc594f3e8abe89317fd50bef60:271,2,elliptical,outside,test_ood,gnn,42,0.12767831108410926,1.5071418353009318,3.912682491097415
272,0,47d3e5fd43f9c0f6c6654fd57652371b6cebc0bc594f3e8abe89317fd50bef60:272,1,elliptical,inside,test_id,gnn,42,-0.2695044738904658,-0.14571144500493055,2.5813409807745598
272,1,47d3e5fd43f9c0f6c6654fd57652371b6cebc0bc594f3e8abe89317fd50bef60:272,1,elliptical,inside,test_id,gnn,42,0.4504360394819555,-0.0970253504228497,1.8871345463256375
273,0,47d3e5fd43f9c0f6c6654fd57652371b6cebc0bc594f3e8abe89317fd50bef60:273,0,elliptical,edge,test_id,gnn,42,0.0018458055599507722,0.7885025807309246,3.910736306143364
273,1,47d3e5fd43f9c0f6c6654fd57652371b6cebc0bc594f3e8abe89317fd50bef60:273,0,elliptical,edge,test_id,gnn,42,0.25909767917235466,0.137683130114088,3.217641553355529
274,0,47d3e5fd43f9c0f6c6654fd57652371b6cebc0bc594f3e8abe89317fd50bef60:274,0,elliptical,edge,test_id,gnn,42,0.5559915738447484,0.3310808309006786,3.3726347150197684
274,1,47d3e5fd43f9c0f6c6654fd57652371b6cebc0bc594f3e8abe89317fd50bef60:274,0,elliptical,edge,test_id,gnn,42,-0.7293921870843593,-0.037157640547742884,3.4736212666028186
275,0,47d3e5fd43f9c0f6c6654fd57652371b6cebc0bc594f3e8abe89317fd50bef60:275,1,circular,edge,test_id,gnn,42,0.8547249274595555,-0.5815216235232258,2.2369877671851763
275,1,47d3e5fd43f9c0f6c6654fd57652371b6cebc0bc594f3e8abe89317fd50bef60:275,1,circular,edge,test_id,gnn,42,-0.21589551993767647,-0.6589155725550556,3.2936321528506642
276,0,47d3e5fd43f9c0f6c6654fd57652371b6cebc0bc594f3e8abe89317fd50bef60:276,2,elliptical,edge,test_ood,gnn,42,3.5224702196462925,1.556125409214506,1.2928968444527007
276,1,47d3e5fd43f9c0f6c6654fd57652371b6cebc0bc594f3e8abe89317fd50bef60:276,2,elliptical,edge,test_ood,gnn,42,3.4954411821707065,1.3537231751370524,1.4709753663694134
277,0,47d3e5fd43f9c0f6c6654fd57652371b6cebc0bc594f3e8abe89317fd50bef60:277,1,elliptical,outside,test_id,gnn,42,-0.27605442830483345,0.2500742741513347,3.7319627860315205
277,1,47d3e5fd43f9c0f6c6654fd57652371b6cebc0bc594f3e8abe89317fd50bef60:277,1,elliptical,outside,test_id,gnn,42,1.3826492863043127,-1.1490584544253255,2.1153837063277576
278,0,47d3e5fd43f9c0f6c6654fd57652371b6cebc0bc594f3e8abe89317fd50bef60:278,2,circular,outside,test_id,gnn,42,1.1269035177572546,2.5762502022671794,1.5132744184195916
278,1,47d3e5fd43f9c0f6c6654fd57652371b6cebc0bc594f3e8abe89317fd50bef60:278,2,circular,outside,test_id,gnn,42,0.742954834018546,2.603020317165861,1.6605052409487628
279,0,47d3e5fd43f9c0f6c6654fd57652371b6cebc0bc594f3e8abe89317fd50bef60:279,0,elliptical,outside,test_id,gnn,42,1.6737923460348425,0.4009846218514537,5.815516360899698
279,1,47d3e5fd43f9c0f6c6654fd57652371b6cebc0bc594f3e8abe89317fd50bef60:279,0,elliptical,outside,test_id,gnn,42,0.9553608732565221,0.05460546842099186,5.302508157801858
280,0,47d3e5fd43f9c0f6c6654fd57652371b6cebc0bc594f3e8abe89317fd50bef60:280,0,elliptical,inside,test_id,gnn,42,0.8376968341215428,0.3014440902161693,3.3582064871740465
280,1,47d3e5fd43f9c0f6c6654fd57652371b6cebc0bc594f3e8abe89317fd50bef60:280,0,elliptical,inside,test_id,gnn,42,-1.3214909000055017,-0.49123191157101637,2.8292719085038875
281,0,47d3e5fd43f9c0f6c6654fd57652371b6cebc0bc594f3e8abe89317fd50bef60:281,1,circular,inside,test_id,gnn,42,1.6410827474935827,0.018203287630090673,1.8657153595732505
281,1,47d3e5fd43f9c0f6c6654fd57652371b6cebc0bc594f3e8abe89317fd50bef60:281,1,circular,inside,test_id,gnn,42,0.7020654516561803,0.9771647520947552,1.6501307428599676
282,0,47d3e5fd43f9c0f6c6654fd57652371b6cebc0bc594f3e8abe89317fd50bef60:282,2,elliptical,edge,test_ood,gnn,42,0.24715085199912162,4.945586807339201,2.016113406942128
282,1,47d3e5fd43f9c0f6c6654fd57652371b6cebc0bc594f3e8abe89317fd50bef60:282,2,elliptical,edge,test_ood,gnn,42,-0.2136473221437159,5.885872013180266,2.886668102368141
283,0,47d3e5fd43f9c0f6c6654fd57652371b6cebc0bc594f3e8abe89317fd50bef60:283,0,circular,edge,test_id,gnn,42,0.19660352042754264,-0.9544777802538776,4.658860325472735
283,1,47d3e5fd43f9c0f6c6654fd57652371b6cebc0bc594f3e8abe89317fd50bef60:283,0,circular,edge,test_id,gnn,42,-0.6504153175012294,0.8833199807095623,4.1075584803879615
284,0,47d3e5fd43f9c0f6c6654fd57652371b6cebc0bc594f3e8abe89317fd50bef60:284,1,circular,edge,test_id,gnn,42,0.2107838975532827,-0.6736481122088337,2.8535178091931974
284,1,47d3e5fd43f9c0f6c6654fd57652371b6cebc0bc594f3e8abe89317fd50bef60:284,1,circular,edge,test_id,gnn,42,-1.003133551563424,-0.2232106856417561,3.9908301070324503
285,0,47d3e5fd43f9c0f6c6654fd57652371b6cebc0bc594f3e8abe89317fd50bef60:285,2,elliptical,outside,test_ood,gnn,42,-2.7518565816537564,-2.0304831198763753,0.6403753016411969
285,1,47d3e5fd43f9c0f6c6654fd57652371b6cebc0bc594f3e8abe89317fd50bef60:285,2,elliptical,outside,test_ood,gnn,42,-1.4033000630990686,-1.4903749159884359,2.089397286413319
286,0,47d3e5fd43f9c0f6c6654fd57652371b6cebc0bc594f3e8abe89317fd50bef60:286,0,circular,inside,test_id,gnn,42,-0.08009015151421457,0.29398221453906054,3.3032499347572952
286,1,47d3e5fd43f9c0f6c6654fd57652371b6cebc0bc594f3e8abe89317fd50bef60:286,0,circular,inside,test_id,gnn,42,1.0863910751684485,-0.05949203738688473,3.9393866797127255
287,0,47d3e5fd43f9c0f6c6654fd57652371b6cebc0bc594f3e8abe89317fd50bef60:287,2,elliptical,inside,test_ood,gnn,42,1.9517915087087927,0.6783132620740032,0.7030624186816316
287,1,47d3e5fd43f9c0f6c6654fd57652371b6cebc0bc594f3e8abe89317fd50bef60:287,2,elliptical,inside,test_ood,gnn,42,0.654501898799735,1.1423837014126872,1.2525920077214097
288,0,47d3e5fd43f9c0f6c6654fd57652371b6cebc0bc594f3e8abe89317fd50bef60:288,0,circular,outside,test_id,gnn,42,-0.17735499271313576,0.3749207027840709,3.587213997572853
288,1,47d3e5fd43f9c0f6c6654fd57652371b6cebc0bc594f3e8abe89317fd50bef60:288,0,circular,outside,test_id,gnn,42,0.17281848064501854,-0.09294459292410855,3.351835202798939
289,0,47d3e5fd43f9c0f6c6654fd57652371b6cebc0bc594f3e8abe89317fd50bef60:289,2,circular,outside,test_id,gnn,42,-4.3634808225290005,0.10306695780039783,0.6657267753196279
289,1,47d3e5fd43f9c0f6c6654fd57652371b6cebc0bc594f3e8abe89317fd50bef60:289,2,circular,outside,test_id,gnn,42,-4.122679964985055,0.8149315186429119,0.2366306439014704
290,0,47d3e5fd43f9c0f6c6654fd57652371b6cebc0bc594f3e8abe89317fd50bef60:290,1,circular,inside,test_id,gnn,42,0.673515661273795,-0.7592515877795124,3.9482186851183263
290,1,47d3e5fd43f9c0f6c6654fd57652371b6cebc0bc594f3e8abe89317fd50bef60:290,1,circular,inside,test_id,gnn,42,0.6135886149748143,-0.40487276831387525,3.639493304131418
291,0,47d3e5fd43f9c0f6c6654fd57652371b6cebc0bc594f3e8abe89317fd50bef60:291,2,elliptical,inside,test_ood,gnn,42,-1.3689372701303186,0.587231881229887,1.7216214381475603
291,1,47d3e5fd43f9c0f6c6654fd57652371b6cebc0bc594f3e8abe89317fd50bef60:291,2,elliptical,inside,test_ood,gnn,42,-1.3637070817605677,1.188760406582365,1.3531091632197327
292,0,47d3e5fd43f9c0f6c6654fd57652371b6cebc0bc594f3e8abe89317fd50bef60:292,0,circular,inside,test_id,gnn,42,-0.4806502623216334,-0.08905693212269787,0.24568777596607377
292,1,47d3e5fd43f9c0f6c6654fd57652371b6cebc0bc594f3e8abe89317fd50bef60:292,0,circular,inside,test_id,gnn,42,-1.072094814266366,0.023657783179292638,0.4540467627933669
293,0,47d3e5fd43f9c0f6c6654fd57652371b6cebc0bc594f3e8abe89317fd50bef60:293,0,circular,outside,test_id,gnn,42,1.6084604101522741,0.49361050805331225,4.011995956713786
293,1,47d3e5fd43f9c0f6c6654fd57652371b6cebc0bc594f3e8abe89317fd50bef60:293,0,circular,outside,test_id,gnn,42,-0.07938355335156351,0.6021099158215618,4.80741334920241
294,0,47d3e5fd43f9c0f6c6654fd57652371b6cebc0bc594f3e8abe89317fd50bef60:294,0,elliptical,edge,test_id,gnn,42,0.5836339431150731,-0.47807621279477125,3.9651894073749565
294,1,47d3e5fd43f9c0f6c6654fd57652371b6cebc0bc594f3e8abe89317fd50bef60:294,0,elliptical,edge,test_id,gnn,42,0.0415885882719335,0.4546442099499797,4.0208759540295125
295,0,47d3e5fd43f9c0f6c6654fd57652371b6cebc0bc594f3e8abe89317fd50bef60:295,2,circular,edge,test_id,gnn,42,-0.5622330469743434,-0.7826373509478474,2.2309933324627527
295,1,47d3e5fd43f9c0f6c6654fd57652371b6cebc0bc594f3e8abe89317fd50bef60:295,2,circular,edge,test_id,gnn,42,1.6405038671835241,-0.6490315131258869,3.058583503066439
296,0,47d3e5fd43f9c0f6c6654fd57652371b6cebc0bc594f3e8abe89317fd50bef60:296,0,elliptical,inside,test_id,gnn,42,-0.012780794288319644,-0.6281778148722553,2.350848214039168
296,1,47d3e5fd43f9c0f6c6654fd57652371b6cebc0bc594f3e8abe89317fd50bef60:296,0,elliptical,inside,test_id,gnn,42,-0.05467680969397455,0.6501615711140728,3.608293390778064
297,0,47d3e5fd43f9c0f6c6654fd57652371b6cebc0bc594f3e8abe89317fd50bef60:297,0,circular,inside,test_id,gnn,42,0.3999296861036596,0.027529484837064702,3.028111532086144
297,1,47d3e5fd43f9c0f6c6654fd57652371b6cebc0bc594f3e8abe89317fd50bef60:297,0,circular,inside,test_id,gnn,42,-0.6369839472428981,0.7026423879551983,2.251574919346993
298,0,47d3e5fd43f9c0f6c6654fd57652371b6cebc0bc594f3e8abe89317fd50bef60:298,2,circular,inside,test_id,gnn,42,0.151316537175971,1.5562995739865397,0.9212560757696492
298,1,47d3e5fd43f9c0f6c6654fd57652371b6cebc0bc594f3e8abe89317fd50bef60:298,2,circular,inside,test_id,gnn,42,-0.18893255421082406,1.1166825362134074,0.6944007277425928
299,0,47d3e5fd43f9c0f6c6654fd57652371b6cebc0bc594f3e8abe89317fd50bef60:299,1,circular,outside,test_id,gnn,42,0.31221882871230217,0.6058247157025433,3.586899132394339
299,1,47d3e5fd43f9c0f6c6654fd57652371b6cebc0bc594f3e8abe89317fd50bef60:299,1,circular,outside,test_id,gnn,42,2.1275756197317417,0.5429552861142254,2.01756844929994
300,0,47d3e5fd43f9c0f6c6654fd57652371b6cebc0bc594f3e8abe89317fd50bef60:300,0,elliptical,outside,test_id,gnn,42,-0.4539708060876551,-0.3159381679606343,4.89668433786747
300,1,47d3e5fd43f9c0f6c6654fd57652371b6cebc0bc594f3e8abe89317fd50bef60:300,0,elliptical,outside,test_id,gnn,42,-1.0737450284616175,0.3364314802575206,5.168776151682599
301,0,47d3e5fd43f9c0f6c6654fd57652371b6cebc0bc594f3e8abe89317fd50bef60:301,1,elliptical,inside,test_id,gnn,42,-1.0412039918557825,0.1765259571957683,0.6458545125259652
301,1,47d3e5fd43f9c0f6c6654fd57652371b6cebc0bc594f3e8abe89317fd50bef60:301,1,elliptical,inside,test_id,gnn,42,0.6316504316671666,-0.912106030375948,1.3545240492841102
302,0,47d3e5fd43f9c0f6c6654fd57652371b6cebc0bc594f3e8abe89317fd50bef60:302,0,circular,edge,test_id,gnn,42,-0.2861657900468531,-0.19797029414891248,3.372324001780681
302,1,47d3e5fd43f9c0f6c6654fd57652371b6cebc0bc594f3e8abe89317fd50bef60:302,0,circular,edge,test_id,gnn,42,-0.8690519494668666,0.49359882554293627,4.131480318169588
303,0,47d3e5fd43f9c0f6c6654fd57652371b6cebc0bc594f3e8abe89317fd50bef60:303,0,elliptical,inside,test_id,gnn,42,-0.26505164929787545,-0.8508970073771381,1.6068558033283336
303,1,47d3e5fd43f9c0f6c6654fd57652371b6cebc0bc594f3e8abe89317fd50bef60:303,0,elliptical,inside,test_id,gnn,42,0.4625568228109655,0.11288089236498829,0.6312963627870228
304,0,47d3e5fd43f9c0f6c6654fd57652371b6cebc0bc594f3e8abe89317fd50bef60:304,2,elliptical,edge,test_ood,gnn,42,1.2585481243475256,-1.833918683917513,1.2545535710075395
304,1,47d3e5fd43f9c0f6c6654fd57652371b6cebc0bc594f3e8abe89317fd50bef60:304,2,elliptical,edge,test_ood,gnn,42,1.661583884273368,-0.6482292346072102,2.3525293396028943
305,0,47d3e5fd43f9c0f6c6654fd57652371b6cebc0bc594f3e8abe89317fd50bef60:305,0,elliptical,edge,test_id,gnn,42,0.7020281391485509,0.8853929110455608,4.2496255153754685
305,1,47d3e5fd43f9c0f6c6654fd57652371b6cebc0bc594f3e8abe89317fd50bef60:305,0,elliptical,edge,test_id,gnn,42,-1.593800799335641,-0.2924621037554646,4.844426905164439
306,0,47d3e5fd43f9c0f6c6654fd57652371b6cebc0bc594f3e8abe89317fd50bef60:306,2,elliptical,edge,test_ood,gnn,42,0.7197555737837132,0.8770566054272747,2.4080244545093534
306,1,47d3e5fd43f9c0f6c6654fd57652371b6cebc0bc594f3e8abe89317fd50bef60:306,2,elliptical,edge,test_ood,gnn,42,0.13754488400061698,1.3605676957059,1.7306081607178114
307,0,47d3e5fd43f9c0f6c6654fd57652371b6cebc0bc594f3e8abe89317fd50bef60:307,1,elliptical,edge,test_id,gnn,42,0.35178057721694084,0.35964927753687853,2.7387311134756214
307,1,47d3e5fd43f9c0f6c6654fd57652371b6cebc0bc594f3e8abe89317fd50bef60:307,1,elliptical,edge,test_id,gnn,42,-0.14807778724591164,0.19833020052195544,3.0587024807622756
308,0,47d3e5fd43f9c0f6c6654fd57652371b6cebc0bc594f3e8abe89317fd50bef60:308,1,circular,outside,test_id,gnn,42,-0.060312525715035495,-0.478964202792635,4.611476175093722
308,1,47d3e5fd43f9c0f6c6654fd57652371b6cebc0bc594f3e8abe89317fd50bef60:308,1,circular,outside,test_id,gnn,42,0.1257379340275106,0.4754160710263347,4.324155689897894
309,0,47d3e5fd43f9c0f6c6654fd57652371b6cebc0bc594f3e8abe89317fd50bef60:309,2,circular,inside,test_id,gnn,42,0.632976635013419,1.173875219433317,0.34797675817696166
309,1,47d3e5fd43f9c0f6c6654fd57652371b6cebc0bc594f3e8abe89317fd50bef60:309,2,circular,inside,test_id,gnn,42,0.04123055807192892,0.9601222940373516,0.8513957774998133
310,0,47d3e5fd43f9c0f6c6654fd57652371b6cebc0bc594f3e8abe89317fd50bef60:310,1,elliptical,edge,test_id,gnn,42,0.2895188020809469,1.2981777258801555,2.911228393969384
310,1,47d3e5fd43f9c0f6c6654fd57652371b6cebc0bc594f3e8abe89317fd50bef60:310,1,elliptical,edge,test_id,gnn,42,0.954570873294669,0.32154238900424,2.888105777797893
311,0,47d3e5fd43f9c0f6c6654fd57652371b6cebc0bc594f3e8abe89317fd50bef60:311,1,elliptical,outside,test_id,gnn,42,-0.6469407839433375,0.49763954362154955,4.118040080423495
311,1,47d3e5fd43f9c0f6c6654fd57652371b6cebc0bc594f3e8abe89317fd50bef60:311,1,elliptical,outside,test_id,gnn,42,1.064622624431449,-1.06755410948514,3.0177613765225275
312,0,47d3e5fd43f9c0f6c6654fd57652371b6cebc0bc594f3e8abe89317fd50bef60:312,2,circular,outside,test_id,gnn,42,0.8424743848188695,-0.35498406806706434,3.0404119422998113
312,1,47d3e5fd43f9c0f6c6654fd57652371b6cebc0bc594f3e8abe89317fd50bef60:312,2,circular,outside,test_id,gnn,42,-0.17786049970547585,0.5782750912594891,3.6159491946528663
313,0,47d3e5fd43f9c0f6c6654fd57652371b6cebc0bc594f3e8abe89317fd50bef60:313,1,circular,inside,test_id,gnn,42,0.4711171822889623,0.28470436414957995,1.1863376505313907
313,1,47d3e5fd43f9c0f6c6654fd57652371b6cebc0bc594f3e8abe89317fd50bef60:313,1,circular,inside,test_id,gnn,42,0.11529721191962332,-0.13164093414067274,1.004565634525713
314,0,47d3e5fd43f9c0f6c6654fd57652371b6cebc0bc594f3e8abe89317fd50bef60:314,1,elliptical,outside,test_id,gnn,42,-0.6860421461717311,-0.4717521897864247,3.4987538832194947
314,1,47d3e5fd43f9c0f6c6654fd57652371b6cebc0bc594f3e8abe89317fd50bef60:314,1,elliptical,outside,test_id,gnn,42,-0.2925310892717066,-0.6361436180186176,3.783659868279077
315,0,47d3e5fd43f9c0f6c6654fd57652371b6cebc0bc594f3e8abe89317fd50bef60:315,2,circular,edge,test_id,gnn,42,-1.9380452794686975,0.7937818833279705,1.2203362279279901
315,1,47d3e5fd43f9c0f6c6654fd57652371b6cebc0bc594f3e8abe89317fd50bef60:315,2,circular,edge,test_id,gnn,42,-0.9371409577981654,0.44651386818171496,2.078432600934636
316,0,47d3e5fd43f9c0f6c6654fd57652371b6cebc0bc594f3e8abe89317fd50bef60:316,1,circular,edge,test_id,gnn,42,-0.4304669065133753,0.11193806609393116,3.2887088961723774
316,1,47d3e5fd43f9c0f6c6654fd57652371b6cebc0bc594f3e8abe89317fd50bef60:316,1,circular,edge,test_id,gnn,42,0.45560817292769523,0.11751932582140918,4.022098569455039
317,0,47d3e5fd43f9c0f6c6654fd57652371b6cebc0bc594f3e8abe89317fd50bef60:317,0,elliptical,outside,test_id,gnn,42,0.6750169830663976,-0.3347331217837239,4.593476868031464
317,1,47d3e5fd43f9c0f6c6654fd57652371b6cebc0bc594f3e8abe89317fd50bef60:317,0,elliptical,outside,test_id,gnn,42,0.40352041891654106,0.5820666619229412,3.8720692140429716
318,0,47d3e5fd43f9c0f6c6654fd57652371b6cebc0bc594f3e8abe89317fd50bef60:318,2,elliptical,outside,test_ood,gnn,42,-4.20278336235444,-0.2824761501860524,0.7577004744933876
318,1,47d3e5fd43f9c0f6c6654fd57652371b6cebc0bc594f3e8abe89317fd50bef60:318,2,elliptical,outside,test_ood,gnn,42,-3.762447373356027,-0.13227623769759184,0.6611079701662858
319,0,47d3e5fd43f9c0f6c6654fd57652371b6cebc0bc594f3e8abe89317fd50bef60:319,0,circular,edge,test_id,gnn,42,-0.21806301304261116,0.2680159278798198,3.776741668714607
319,1,47d3e5fd43f9c0f6c6654fd57652371b6cebc0bc594f3e8abe89317fd50bef60:319,0,circular,edge,test_id,gnn,42,0.051980315361815396,0.28107789835215563,3.929972808814491
320,0,47d3e5fd43f9c0f6c6654fd57652371b6cebc0bc594f3e8abe89317fd50bef60:320,2,elliptical,outside,test_ood,gnn,42,1.1976435022695837,3.052544242947111,0.6342809827856711
320,1,47d3e5fd43f9c0f6c6654fd57652371b6cebc0bc594f3e8abe89317fd50bef60:320,2,elliptical,outside,test_ood,gnn,42,1.006143494163352,2.589195854275236,1.084662096618252
321,0,47d3e5fd43f9c0f6c6654fd57652371b6cebc0bc594f3e8abe89317fd50bef60:321,1,elliptical,inside,test_id,gnn,42,0.305714650665122,-0.30971919813870435,1.9026896735962882
321,1,47d3e5fd43f9c0f6c6654fd57652371b6cebc0bc594f3e8abe89317fd50bef60:321,1,elliptical,inside,test_id,gnn,42,0.5099930303438481,-0.5881127647471333,2.097579758178379
322,0,47d3e5fd43f9c0f6c6654fd57652371b6cebc0bc594f3e8abe89317fd50bef60:322,1,circular,edge,test_id,gnn,42,-1.5262148542062464,0.139708436338911,2.4420012975299983
322,1,47d3e5fd43f9c0f6c6654fd57652371b6cebc0bc594f3e8abe89317fd50bef60:322,1,circular,edge,test_id,gnn,42,0.3609105186804113,0.10601857980967518,3.901202311876124
323,0,47d3e5fd43f9c0f6c6654fd57652371b6cebc0bc594f3e8abe89317fd50bef60:323,2,elliptical,inside,test_ood,gnn,42,0.8839577870710668,-1.1689014367175008,1.906201898683585
323,1,47d3e5fd43f9c0f6c6654fd57652371b6cebc0bc594f3e8abe89317fd50bef60:323,2,elliptical,inside,test_ood,gnn,42,1.5422725515707312,0.2662291892457103,3.4274962746181807
324,0,47d3e5fd43f9c0f6c6654fd57652371b6cebc0bc594f3e8abe89317fd50bef60:324,1,circular,inside,test_id,gnn,42,-0.956445948566598,0.1074182160782909,0.9303751166096922
324,1,47d3e5fd43f9c0f6c6654fd57652371b6cebc0bc594f3e8abe89317fd50bef60:324,1,circular,inside,test_id,gnn,42,-0.14949707814614205,0.7257297702717876,0.24627586461944315
325,0,47d3e5fd43f9c0f6c6654fd57652371b6cebc0bc594f3e8abe89317fd50bef60:325,0,circular,outside,test_id,gnn,42,-0.18336160608689217,-0.7226179770541096,3.169301472950597
325,1,47d3e5fd43f9c0f6c6654fd57652371b6cebc0bc594f3e8abe89317fd50bef60:325,0,circular,outside,test_id,gnn,42,-0.27419646212021737,-0.4468071989130879,3.1483755210319884
326,0,47d3e5fd43f9c0f6c6654fd57652371b6cebc0bc594f3e8abe89317fd50bef60:326,0,elliptical,outside,test_id,gnn,42,-0.11962455638806253,0.2597519524979686,3.9818698835488666
326,1,47d3e5fd43f9c0f6c6654fd57652371b6cebc0bc594f3e8abe89317fd50bef60:326,0,elliptical,outside,test_id,gnn,42,-0.34493498631874947,-0.41333993592976576,4.201065529454066
327,0,47d3e5fd43f9c0f6c6654fd57652371b6cebc0bc594f3e8abe89317fd50bef60:327,0,elliptical,edge,test_id,gnn,42,0.11958990863402456,-0.5595486692500019,2.8819011285835736
327,1,47d3e5fd43f9c0f6c6654fd57652371b6cebc0bc594f3e8abe89317fd50bef60:327,0,elliptical,edge,test_id,gnn,42,0.10896681866486639,0.46793747624636645,3.100463206986608
328,0,47d3e5fd43f9c0f6c6654fd57652371b6cebc0bc594f3e8abe89317fd50bef60:328,0,elliptical,inside,test_id,gnn,42,-0.05050268896977335,-0.782984548003664,2.7424203544517374
328,1,47d3e5fd43f9c0f6c6654fd57652371b6cebc0bc594f3e8abe89317fd50bef60:328,0,elliptical,inside,test_id,gnn,42,-0.3575866384164515,0.18498907169581408,2.5534799718044914
329,0,47d3e5fd43f9c0f6c6654fd57652371b6cebc0bc594f3e8abe89317fd50bef60:329,1,elliptical,outside,test_id,gnn,42,-0.5770545763627711,-0.1496015644979382,4.350037406862692
329,1,47d3e5fd43f9c0f6c6654fd57652371b6cebc0bc594f3e8abe89317fd50bef60:329,1,elliptical,outside,test_id,gnn,42,0.5192816095693883,-0.12278743156908993,3.28480717300135
330,0,47d3e5fd43f9c0f6c6654fd57652371b6cebc0bc594f3e8abe89317fd50bef60:330,1,circular,outside,test_id,gnn,42,-0.6271749300615016,0.5191757150578594,3.5962706743857096
330,1,47d3e5fd43f9c0f6c6654fd57652371b6cebc0bc594f3e8abe89317fd50bef60:330,1,circular,outside,test_id,gnn,42,-0.23931540676514534,0.02834677627564426,3.6247969838241674
331,0,47d3e5fd43f9c0f6c6654fd57652371b6cebc0bc594f3e8abe89317fd50bef60:331,1,elliptical,inside,test_id,gnn,42,-0.0122281921760264,0.7400225468564129,2.25860755128303
331,1,47d3e5fd43f9c0f6c6654fd57652371b6cebc0bc594f3e8abe89317fd50bef60:331,1,elliptical,inside,test_id,gnn,42,-0.5971245331422511,-0.5996862582278156,3.514424582724969
332,0,47d3e5fd43f9c0f6c6654fd57652371b6cebc0bc594f3e8abe89317fd50bef60:332,0,circular,inside,test_id,gnn,42,-0.2670506102697077,-0.3944468430590535,2.8059448056515275
332,1,47d3e5fd43f9c0f6c6654fd57652371b6cebc0bc594f3e8abe89317fd50bef60:332,0,circular,inside,test_id,gnn,42,0.3032262461527166,0.48126102170229906,2.1272849155922877
333,0,47d3e5fd43f9c0f6c6654fd57652371b6cebc0bc594f3e8abe89317fd50bef60:333,0,elliptical,inside,test_id,gnn,42,0.5179844932897862,0.059672652988443334,1.0686318336504725
333,1,47d3e5fd43f9c0f6c6654fd57652371b6cebc0bc594f3e8abe89317fd50bef60:333,0,elliptical,inside,test_id,gnn,42,-0.6976891917840663,1.14932501992465,2.6046087455994176
334,0,47d3e5fd43f9c0f6c6654fd57652371b6cebc0bc594f3e8abe89317fd50bef60:334,1,circular,inside,test_id,gnn,42,0.3835426705225286,0.4861168929028606,2.9142535284233486
334,1,47d3e5fd43f9c0f6c6654fd57652371b6cebc0bc594f3e8abe89317fd50bef60:334,1,circular,inside,test_id,gnn,42,0.1258072020753202,-0.8495182923388386,4.152706007293177
335,0,47d3e5fd43f9c0f6c6654fd57652371b6cebc0bc594f3e8abe89317fd50bef60:335,0,circular,inside,test_id,gnn,42,0.015827758823233548,0.24296016177416796,2.4693961585433812
335,1,47d3e5fd43f9c0f6c6654fd57652371b6cebc0bc594f3e8abe89317fd50bef60:335,0,circular,inside,test_id,gnn,42,0.43518845609267326,0.7791736193585491,3.136826984290566
336,0,47d3e5fd43f9c0f6c6654fd57652371b6cebc0bc594f3e8abe89317fd50bef60:336,0,elliptical,outside,test_id,gnn,42,-1.010414020504159,-0.2335566810679341,3.613686895328885
336,1,47d3e5fd43f9c0f6c6654fd57652371b6cebc0bc594f3e8abe89317fd50bef60:336,0,elliptical,outside,test_id,gnn,42,0.30206693581183525,-0.4254208735537434,3.230479430901207
337,0,47d3e5fd43f9c0f6c6654fd57652371b6cebc0bc594f3e8abe89317fd50bef60:337,1,circular,edge,test_id,gnn,42,-0.297232286419076,-0.3015544346880818,2.7104778739542734
337,1,47d3e5fd43f9c0f6c6654fd57652371b6cebc0bc594f3e8abe89317fd50bef60:337,1,circular,edge,test_id,gnn,42,-0.8619271082536403,0.23384577712298388,3.248630541221482
338,0,47d3e5fd43f9c0f6c6654fd57652371b6cebc0bc594f3e8abe89317fd50bef60:338,0,circular,edge,test_id,gnn,42,-0.4628359241143885,0.1773780204939937,2.8772276884276553
338,1,47d3e5fd43f9c0f6c6654fd57652371b6cebc0bc594f3e8abe89317fd50bef60:338,0,circular,edge,test_id,gnn,42,0.1917275848134336,-0.4570204249930287,3.663473819112748
339,0,47d3e5fd43f9c0f6c6654fd57652371b6cebc0bc594f3e8abe89317fd50bef60:339,0,circular,edge,test_id,gnn,42,-0.09919202455441385,-0.8143062523913288,3.1551690245316464
339,1,47d3e5fd43f9c0f6c6654fd57652371b6cebc0bc594f3e8abe89317fd50bef60:339,0,circular,edge,test_id,gnn,42,0.14907547703822227,-0.47868122974156385,2.9979474608203316
340,0,47d3e5fd43f9c0f6c6654fd57652371b6cebc0bc594f3e8abe89317fd50bef60:340,2,circular,outside,test_id,gnn,42,0.41626320651610466,-0.2588811449122334,3.6014379977780995
340,1,47d3e5fd43f9c0f6c6654fd57652371b6cebc0bc594f3e8abe89317fd50bef60:340,2,circular,outside,test_id,gnn,42,-0.07395757862488657,-0.14786335894583708,3.8425879520034902
341,0,47d3e5fd43f9c0f6c6654fd57652371b6cebc0bc594f3e8abe89317fd50bef60:341,2,elliptical,outside,test_ood,gnn,42,-4.160044924701852,-2.4173906973910237,1.568214380393179
341,1,47d3e5fd43f9c0f6c6654fd57652371b6cebc0bc594f3e8abe89317fd50bef60:341,2,elliptical,outside,test_ood,gnn,42,-4.891023413623971,-1.8737624816012288,2.479143983934119
342,0,47d3e5fd43f9c0f6c6654fd57652371b6cebc0bc594f3e8abe89317fd50bef60:342,2,elliptical,inside,test_ood,gnn,42,1.3512520628317175,-0.9122291139674091,2.090280675518983
342,1,47d3e5fd43f9c0f6c6654fd57652371b6cebc0bc594f3e8abe89317fd50bef60:342,2,elliptical,inside,test_ood,gnn,42,-0.0021891755716028777,-0.0546654916715527,0.5900931526513934
343,0,47d3e5fd43f9c0f6c6654fd57652371b6cebc0bc594f3e8abe89317fd50bef60:343,2,circular,inside,test_id,gnn,42,2.877919419322806,-1.7260724238467122,0.5356225385310982
343,1,47d3e5fd43f9c0f6c6654fd57652371b6cebc0bc594f3e8abe89317fd50bef60:343,2,circular,inside,test_id,gnn,42,2.1268334226949985,-0.7529766491961384,1.153585339775627
344,0,47d3e5fd43f9c0f6c6654fd57652371b6cebc0bc594f3e8abe89317fd50bef60:344,2,circular,inside,test_id,gnn,42,-1.6731314820901575,-2.7620092562746907,1.657371293719413
344,1,47d3e5fd43f9c0f6c6654fd57652371b6cebc0bc594f3e8abe89317fd50bef60:344,2,circular,inside,test_id,gnn,42,-0.8282804054872218,-3.3879636458468343,2.0517290740772207
345,0,47d3e5fd43f9c0f6c6654fd57652371b6cebc0bc594f3e8abe89317fd50bef60:345,2,elliptical,edge,test_ood,gnn,42,0.6455761032446202,-1.5106514624667073,1.589653529276609
345,1,47d3e5fd43f9c0f6c6654fd57652371b6cebc0bc594f3e8abe89317fd50bef60:345,2,elliptical,edge,test_ood,gnn,42,0.5471968787058171,-0.9628900221896076,2.087819347506204
346,0,47d3e5fd43f9c0f6c6654fd57652371b6cebc0bc594f3e8abe89317fd50bef60:346,1,elliptical,edge,test_id,gnn,42,-0.47988768049637703,0.3909438618111705,3.5124470862457025
346,1,47d3e5fd43f9c0f6c6654fd57652371b6cebc0bc594f3e8abe89317fd50bef60:346,1,elliptical,edge,test_id,gnn,42,0.724353178058463,-0.159946084709158,2.276841440072542
347,0,47d3e5fd43f9c0f6c6654fd57652371b6cebc0bc594f3e8abe89317fd50bef60:347,0,circular,outside,test_id,gnn,42,-0.07910764345089823,0.6445267864155865,4.164285019203059
347,1,47d3e5fd43f9c0f6c6654fd57652371b6cebc0bc594f3e8abe89317fd50bef60:347,0,circular,outside,test_id,gnn,42,0.20324040821631523,0.9072151847767925,3.8361089902402523
348,0,47d3e5fd43f9c0f6c6654fd57652371b6cebc0bc594f3e8abe89317fd50bef60:348,2,circular,outside,test_id,gnn,42,1.6853682833059607,-0.2151729396891499,1.6196612966462243
348,1,47d3e5fd43f9c0f6c6654fd57652371b6cebc0bc594f3e8abe89317fd50bef60:348,2,circular,outside,test_id,gnn,42,1.6901377277715979,-0.8483653596949482,1.8071253492981707
349,0,47d3e5fd43f9c0f6c6654fd57652371b6cebc0bc594f3e8abe89317fd50bef60:349,1,elliptical,edge,test_id,gnn,42,-0.19173704215447335,0.4359785982060527,2.9521266870143084
349,1,47d3e5fd43f9c0f6c6654fd57652371b6cebc0bc594f3e8abe89317fd50bef60:349,1,elliptical,edge,test_id,gnn,42,0.628955765281516,-0.871538870723238,4.253021601740821
350,0,47d3e5fd43f9c0f6c6654fd57652371b6cebc0bc594f3e8abe89317fd50bef60:350,0,elliptical,edge,test_id,gnn,42,-0.3411822480813685,-0.5912411145281696,3.7320549528644498
350,1,47d3e5fd43f9c0f6c6654fd57652371b6cebc0bc594f3e8abe89317fd50bef60:350,0,elliptical,edge,test_id,gnn,42,0.5700447397573766,0.3554055162358379,3.272020959408207
351,0,47d3e5fd43f9c0f6c6654fd57652371b6cebc0bc594f3e8abe89317fd50bef60:351,1,elliptical,inside,test_id,gnn,42,0.28917932382662864,-0.33492910185574537,2.942871267819409
351,1,47d3e5fd43f9c0f6c6654fd57652371b6cebc0bc594f3e8abe89317fd50bef60:351,1,elliptical,inside,test_id,gnn,42,0.48983676603873344,-0.1818051568579579,2.8861028107635667
352,0,47d3e5fd43f9c0f6c6654fd57652371b6cebc0bc594f3e8abe89317fd50bef60:352,2,circular,edge,test_id,gnn,42,-0.7923759979860011,0.9184153743672466,2.517101918557392
352,1,47d3e5fd43f9c0f6c6654fd57652371b6cebc0bc594f3e8abe89317fd50bef60:352,2,circular,edge,test_id,gnn,42,-2.2029984159127896,-0.08762657711028103,0.8224903518220572
353,0,47d3e5fd43f9c0f6c6654fd57652371b6cebc0bc594f3e8abe89317fd50bef60:353,1,circular,outside,test_id,gnn,42,-0.5292116565362636,-0.32118295946835523,3.957845395574705
353,1,47d3e5fd43f9c0f6c6654fd57652371b6cebc0bc594f3e8abe89317fd50bef60:353,1,circular,outside,test_id,gnn,42,-0.5295123023645106,0.46255982598544115,3.590565847723676
354,0,47d3e5fd43f9c0f6c6654fd57652371b6cebc0bc594f3e8abe89317fd50bef60:354,2,elliptical,edge,test_ood,gnn,42,1.6071909504278479,3.3561691113400554,0.7372255876571909
354,1,47d3e5fd43f9c0f6c6654fd57652371b6cebc0bc594f3e8abe89317fd50bef60:354,2,elliptical,edge,test_ood,gnn,42,1.3377609091146765,4.19050801476718,1.2484884112181498
355,0,47d3e5fd43f9c0f6c6654fd57652371b6cebc0bc594f3e8abe89317fd50bef60:355,2,circular,edge,test_id,gnn,42,-0.04911545046727091,0.9917265244412518,2.0668205288007147
355,1,47d3e5fd43f9c0f6c6654fd57652371b6cebc0bc594f3e8abe89317fd50bef60:355,2,circular,edge,test_id,gnn,42,-0.6842146677629176,1.6801099844861125,1.328011763025194
356,0,47d3e5fd43f9c0f6c6654fd57652371b6cebc0bc594f3e8abe89317fd50bef60:356,2,elliptical,outside,test_ood,gnn,42,-0.704655782665414,0.8742758699345684,3.690900865676262
356,1,47d3e5fd43f9c0f6c6654fd57652371b6cebc0bc594f3e8abe89317fd50bef60:356,2,elliptical,outside,test_ood,gnn,42,-0.9290130896226588,-0.33159860292195326,4.627909416484923
357,0,47d3e5fd43f9c0f6c6654fd57652371b6cebc0bc594f3e8abe89317fd50bef60:357,1,elliptical,outside,test_id,gnn,42,-0.09724286326329142,-0.42879956284283643,4.713411970949646
357,1,47d3e5fd43f9c0f6c6654fd57652371b6cebc0bc594f3e8abe89317fd50bef60:357,1,elliptical,outside,test_id,gnn,42,1.7279100256307898,-0.24151393094777113,3.8189533740736765
358,0,47d3e5fd43f9c0f6c6654fd57652371b6cebc0bc594f3e8abe89317fd50bef60:358,2,elliptical,inside,test_ood,gnn,42,-1.9240709705011072,1.8383632965970134,0.8898826912024124
358,1,47d3e5fd43f9c0f6c6654fd57652371b6cebc0bc594f3e8abe89317fd50bef60:358,2,elliptical,inside,test_ood,gnn,42,-1.302815930332345,1.618390566914091,1.5119309057887893
359,0,47d3e5fd43f9c0f6c6654fd57652371b6cebc0bc594f3e8abe89317fd50bef60:359,1,circular,edge,test_id,gnn,42,0.9754190283163365,0.3235594101834392,3.410547431013261
359,1,47d3e5fd43f9c0f6c6654fd57652371b6cebc0bc594f3e8abe89317fd50bef60:359,1,circular,edge,test_id,gnn,42,0.7682072954519567,0.12551564654589648,3.386136194643856
0,0,47d3e5fd43f9c0f6c6654fd57652371b6cebc0bc594f3e8abe89317fd50bef60:0,2,circular,outside,test_id,gnn,43,-1.2280247373239221,-2.3892687491488362,2.085207458010638
0,1,47d3e5fd43f9c0f6c6654fd57652371b6cebc0bc594f3e8abe89317fd50bef60:0,2,circular,outside,test_id,gnn,43,-2.4180040521279995,-1.5684817961764241,2.2392346056621215
1,0,47d3e5fd43f9c0f6c6654fd57652371b6cebc0bc594f3e8abe89317fd50bef60:1,1,elliptical,outside,test_id,gnn,43,-0.3548156184808436,0.42325515231371874,4.387873330385648
1,1,47d3e5fd43f9c0f6c6654fd57652371b6cebc0bc594f3e8abe89317fd50bef60:1,1,elliptical,outside,test_id,gnn,43,0.6566735344274816,-0.11611736634491925,4.431730115639986
2,0,47d3e5fd43f9c0f6c6654fd57652371b6cebc0bc594f3e8abe89317fd50bef60:2,1,elliptical,inside,test_id,gnn,43,-0.8203743857995692,-0.5058798722338581,1.9509603064161478
2,1,47d3e5fd43f9c0f6c6654fd57652371b6cebc0bc594f3e8abe89317fd50bef60:2,1,elliptical,inside,test_id,gnn,43,-0.3824843926088038,-0.3784294060778523,1.824724160996725
3,0,47d3e5fd43f9c0f6c6654fd57652371b6cebc0bc594f3e8abe89317fd50bef60:3,0,circular,outside,test_id,gnn,43,1.2812473612173376,-0.89104967633008,4.922599839111655
3,1,47d3e5fd43f9c0f6c6654fd57652371b6cebc0bc594f3e8abe89317fd50bef60:3,0,circular,outside,test_id,gnn,43,-0.2837798459188166,0.1938698955464458,4.358062025948671
4,0,47d3e5fd43f9c0f6c6654fd57652371b6cebc0bc594f3e8abe89317fd50bef60:4,2,elliptical,inside,test_ood,gnn,43,-0.30309032031456856,0.8064940043377972,1.8547997967711525
4,1,47d3e5fd43f9c0f6c6654fd57652371b6cebc0bc594f3e8abe89317fd50bef60:4,2,elliptical,inside,test_ood,gnn,43,0.04758703580935568,1.416573292820463,1.504370471934832
5,0,47d3e5fd43f9c0f6c6654fd57652371b6cebc0bc594f3e8abe89317fd50bef60:5,0,elliptical,outside,test_id,gnn,43,1.1082446413381872,0.005070007650861699,3.584236639413151
5,1,47d3e5fd43f9c0f6c6654fd57652371b6cebc0bc594f3e8abe89317fd50bef60:5,0,elliptical,outside,test_id,gnn,43,-0.5568683309213344,0.4030288525509929,4.824220773829555
6,0,47d3e5fd43f9c0f6c6654fd57652371b6cebc0bc594f3e8abe89317fd50bef60:6,1,circular,outside,test_id,gnn,43,-0.2799506349221888,0.46789485892535204,3.304323337791621
6,1,47d3e5fd43f9c0f6c6654fd57652371b6cebc0bc594f3e8abe89317fd50bef60:6,1,circular,outside,test_id,gnn,43,-1.131699101413888,0.9642843075680828,2.822944914644229
7,0,47d3e5fd43f9c0f6c6654fd57652371b6cebc0bc594f3e8abe89317fd50bef60:7,1,elliptical,edge,test_id,gnn,43,-0.09864600130478769,-0.4001637033533955,3.440645118795755
7,1,47d3e5fd43f9c0f6c6654fd57652371b6cebc0bc594f3e8abe89317fd50bef60:7,1,elliptical,edge,test_id,gnn,43,0.7967952924116429,-0.18859910288571363,2.7871274749749078
8,0,47d3e5fd43f9c0f6c6654fd57652371b6cebc0bc594f3e8abe89317fd50bef60:8,2,elliptical,outside,test_ood,gnn,43,-1.2490071220056238,1.2383354969906901,2.6361855673556236
8,1,47d3e5fd43f9c0f6c6654fd57652371b6cebc0bc594f3e8abe89317fd50bef60:8,2,elliptical,outside,test_ood,gnn,43,-1.2643718881265344,1.7010598250317668,2.2142373901484755
9,0,47d3e5fd43f9c0f6c6654fd57652371b6cebc0bc594f3e8abe89317fd50bef60:9,1,circular,edge,test_id,gnn,43,0.6065269546850499,-0.23728870669125562,2.76889810509081
9,1,47d3e5fd43f9c0f6c6654fd57652371b6cebc0bc594f3e8abe89317fd50bef60:9,1,circular,edge,test_id,gnn,43,0.2601550059660253,0.14249706944705004,3.1871050045467677
10,0,47d3e5fd43f9c0f6c6654fd57652371b6cebc0bc594f3e8abe89317fd50bef60:10,0,circular,inside,test_id,gnn,43,1.0269141035421667,0.3699235983777141,3.075151012163204
10,1,47d3e5fd43f9c0f6c6654fd57652371b6cebc0bc594f3e8abe89317fd50bef60:10,0,circular,inside,test_id,gnn,43,0.3509785371168432,0.5347616144108868,2.413173194809044
11,0,47d3e5fd43f9c0f6c6654fd57652371b6cebc0bc594f3e8abe89317fd50bef60:11,2,elliptical,inside,test_ood,gnn,43,-3.788422600711984,1.0569650002408122,2.551289439275131
11,1,47d3e5fd43f9c0f6c6654fd57652371b6cebc0bc594f3e8abe89317fd50bef60:11,2,elliptical,inside,test_ood,gnn,43,-3.9898426694528286,0.4293241270470714,2.620055494686649
12,0,47d3e5fd43f9c0f6c6654fd57652371b6cebc0bc594f3e8abe89317fd50bef60:12,0,circular,edge,test_id,gnn,43,-0.045678087855977115,-0.2648555717778111,2.979826925672599
12,1,47d3e5fd43f9c0f6c6654fd57652371b6cebc0bc594f3e8abe89317fd50bef60:12,0,circular,edge,test_id,gnn,43,-0.6086346072808925,0.48975611409426684,2.650766490937005
13,0,47d3e5fd43f9c0f6c6654fd57652371b6cebc0bc594f3e8abe89317fd50bef60:13,0,elliptical,inside,test_id,gnn,43,-0.8367995185510341,0.9429025121617413,3.322875433521803
13,1,47d3e5fd43f9c0f6c6654fd57652371b6cebc0bc594f3e8abe89317fd50bef60:13,0,elliptical,inside,test_id,gnn,43,-0.24010284372727303,-0.524864488036623,2.2847412690606936
14,0,47d3e5fd43f9c0f6c6654fd57652371b6cebc0bc594f3e8abe89317fd50bef60:14,1,circular,inside,test_id,gnn,43,-1.1519172353402796,0.8253369995045757,4.259440515292719
14,1,47d3e5fd43f9c0f6c6654fd57652371b6cebc0bc594f3e8abe89317fd50bef60:14,1,circular,inside,test_id,gnn,43,-1.4860526485101404,0.42767242273570055,4.255435731989732
15,0,47d3e5fd43f9c0f6c6654fd57652371b6cebc0bc594f3e8abe89317fd50bef60:15,2,circular,outside,test_id,gnn,43,1.040791018520194,-1.4236429862093831,2.493261760187453
15,1,47d3e5fd43f9c0f6c6654fd57652371b6cebc0bc594f3e8abe89317fd50bef60:15,2,circular,outside,test_id,gnn,43,1.6971812086447058,-0.14698446610688215,2.7645803242615266
16,0,47d3e5fd43f9c0f6c6654fd57652371b6cebc0bc594f3e8abe89317fd50bef60:16,0,circular,edge,test_id,gnn,43,0.6362885074957189,0.41496039113284106,3.8734956483849436
16,1,47d3e5fd43f9c0f6c6654fd57652371b6cebc0bc594f3e8abe89317fd50bef60:16,0,circular,edge,test_id,gnn,43,0.10183878115256399,-0.35794156113385206,2.941776578270093
17,0,47d3e5fd43f9c0f6c6654fd57652371b6cebc0bc594f3e8abe89317fd50bef60:17,1,elliptical,outside,test_id,gnn,43,-0.6892278356210414,-1.3060870102953817,4.443986284940013
17,1,47d3e5fd43f9c0f6c6654fd57652371b6cebc0bc594f3e8abe89317fd50bef60:17,1,elliptical,outside,test_id,gnn,43,1.1353827553137121,1.2140349217343425,2.2259281857579847
18,0,47d3e5fd43f9c0f6c6654fd57652371b6cebc0bc594f3e8abe89317fd50bef60:18,1,elliptical,inside,test_id,gnn,43,-0.0306671051041308,0.09317000886679645,1.0345124668354346
18,1,47d3e5fd43f9c0f6c6654fd57652371b6cebc0bc594f3e8abe89317fd50bef60:18,1,elliptical,inside,test_id,gnn,43,1.0682620840414343,0.9576827355313396,0.6195300293085656
19,0,47d3e5fd43f9c0f6c6654fd57652371b6cebc0bc594f3e8abe89317fd50bef60:19,2,circular,inside,test_id,gnn,43,-1.0716873569146814,-0.2716109088969136,2.0791210307124244
19,1,47d3e5fd43f9c0f6c6654fd57652371b6cebc0bc594f3e8abe89317fd50bef60:19,2,circular,inside,test_id,gnn,43,-0.4790434999124232,-0.8643277219843769,2.34647992813468
20,0,47d3e5fd43f9c0f6c6654fd57652371b6cebc0bc594f3e8abe89317fd50bef60:20,1,elliptical,edge,test_id,gnn,43,1.2496688204153357,-0.6351823739123249,2.6223887292690216
20,1,47d3e5fd43f9c0f6c6654fd57652371b6cebc0bc594f3e8abe89317fd50bef60:20,1,elliptical,edge,test_id,gnn,43,-0.0020532546297731963,0.19791544160128588,3.9894105031628855
21,0,47d3e5fd43f9c0f6c6654fd57652371b6cebc0bc594f3e8abe89317fd50bef60:21,2,elliptical,edge,test_ood,gnn,43,3.7392628031118686,-0.5655567578387165,2.6402045833149965
21,1,47d3e5fd43f9c0f6c6654fd57652371b6cebc0bc594f3e8abe89317fd50bef60:21,2,elliptical,edge,test_ood,gnn,43,4.217838032756644,-2.0561367205691243,1.7726075399536643
22,0,47d3e5fd43f9c0f6c6654fd57652371b6cebc0bc594f3e8abe89317fd50bef60:22,0,elliptical,edge,test_id,gnn,43,-0.4523850841180506,0.2699824341225719,2.613270638396531
22,1,47d3e5fd43f9c0f6c6654fd57652371b6cebc0bc594f3e8abe89317fd50bef60:22,0,elliptical,edge,test_id,gnn,43,0.454321189437705,1.4138141938138102,3.86149958623151
23,0,47d3e5fd43f9c0f6c6654fd57652371b6cebc0bc594f3e8abe89317fd50bef60:23,1,circular,outside,test_id,gnn,43,1.750636561427909,0.02605590155602451,3.391359167250661
23,1,47d3e5fd43f9c0f6c6654fd57652371b6cebc0bc594f3e8abe89317fd50bef60:23,1,circular,outside,test_id,gnn,43,-0.08635907002846628,-1.0810532502245809,2.8278489847544064
24,0,47d3e5fd43f9c0f6c6654fd57652371b6cebc0bc594f3e8abe89317fd50bef60:24,0,elliptical,edge,test_id,gnn,43,0.004681101654368344,0.5545437999653912,3.312463217558477
24,1,47d3e5fd43f9c0f6c6654fd57652371b6cebc0bc594f3e8abe89317fd50bef60:24,0,elliptical,edge,test_id,gnn,43,0.034456326280432645,-0.7706760100436115,2.9668837572007805
25,0,47d3e5fd43f9c0f6c6654fd57652371b6cebc0bc594f3e8abe89317fd50bef60:25,0,elliptical,inside,test_id,gnn,43,-1.0680204791680994,0.675696498959074,2.093237972743701
25,1,47d3e5fd43f9c0f6c6654fd57652371b6cebc0bc594f3e8abe89317fd50bef60:25,0,elliptical,inside,test_id,gnn,43,-1.484039918865365,-0.4149783186030293,3.1637787950037577
26,0,47d3e5fd43f9c0f6c6654fd57652371b6cebc0bc594f3e8abe89317fd50bef60:26,2,elliptical,outside,test_ood,gnn,43,-0.13140095898072152,1.9796413250851725,1.7640792685721935
26,1,47d3e5fd43f9c0f6c6654fd57652371b6cebc0bc594f3e8abe89317fd50bef60:26,2,elliptical,outside,test_ood,gnn,43,-0.4368810219422999,1.8316236802029704,1.974085603590587
27,0,47d3e5fd43f9c0f6c6654fd57652371b6cebc0bc594f3e8abe89317fd50bef60:27,1,circular,edge,test_id,gnn,43,0.21592886618216606,0.9620391794133282,2.2213875020257206
27,1,47d3e5fd43f9c0f6c6654fd57652371b6cebc0bc594f3e8abe89317fd50bef60:27,1,circular,edge,test_id,gnn,43,-0.6229458613053981,1.0481134720730876,1.9524057564827046
28,0,47d3e5fd43f9c0f6c6654fd57652371b6cebc0bc594f3e8abe89317fd50bef60:28,2,circular,inside,test_id,gnn,43,-0.7577994031564418,-2.129925363452425,0.7748604623914032
28,1,47d3e5fd43f9c0f6c6654fd57652371b6cebc0bc594f3e8abe89317fd50bef60:28,2,circular,inside,test_id,gnn,43,-0.9590898913995448,-2.351497047336092,1.0614388732768947
29,0,47d3e5fd43f9c0f6c6654fd57652371b6cebc0bc594f3e8abe89317fd50bef60:29,0,circular,inside,test_id,gnn,43,-0.3604194683686915,0.21749640187502856,2.350440646791129
29,1,47d3e5fd43f9c0f6c6654fd57652371b6cebc0bc594f3e8abe89317fd50bef60:29,0,circular,inside,test_id,gnn,43,-0.6679188174859706,0.5050842233586407,2.593708862503109
30,0,47d3e5fd43f9c0f6c6654fd57652371b6cebc0bc594f3e8abe89317fd50bef60:30,2,elliptical,edge,test_ood,gnn,43,3.1034939127310093,-0.6998960904192829,0.6031055924590614
30,1,47d3e5fd43f9c0f6c6654fd57652371b6cebc0bc594f3e8abe89317fd50bef60:30,2,elliptical,edge,test_ood,gnn,43,2.912746890102225,-0.3871633044791127,0.2946422093568583
31,0,47d3e5fd43f9c0f6c6654fd57652371b6cebc0bc594f3e8abe89317fd50bef60:31,0,circular,outside,test_id,gnn,43,-0.13511555024544625,0.20822904190302843,4.773948290517696
31,1,47d3e5fd43f9c0f6c6654fd57652371b6cebc0bc594f3e8abe89317fd50bef60:31,0,circular,outside,test_id,gnn,43,-1.1192271871225061,-0.38750153103589063,4.859743750911332
32,0,47d3e5fd43f9c0f6c6654fd57652371b6cebc0bc594f3e8abe89317fd50bef60:32,2,circular,edge,test_id,gnn,43,-1.4139353198663416,-1.1378636292529012,1.6025305603625077
32,1,47d3e5fd43f9c0f6c6654fd57652371b6cebc0bc594f3e8abe89317fd50bef60:32,2,circular,edge,test_id,gnn,43,-1.581586853946847,-0.8886694840502644,1.4968951192158801
33,0,47d3e5fd43f9c0f6c6654fd57652371b6cebc0bc594f3e8abe89317fd50bef60:33,2,circular,edge,test_id,gnn,43,-0.5586436552659694,0.3916836150574779,3.686325985556995
33,1,47d3e5fd43f9c0f6c6654fd57652371b6cebc0bc594f3e8abe89317fd50bef60:33,2,circular,edge,test_id,gnn,43,-0.2983612281934443,-0.11809323796748165,3.517310166618822
34,0,47d3e5fd43f9c0f6c6654fd57652371b6cebc0bc594f3e8abe89317fd50bef60:34,0,elliptical,outside,test_id,gnn,43,-0.4030226928846064,1.153985745518217,3.219088890139641
34,1,47d3e5fd43f9c0f6c6654fd57652371b6cebc0bc594f3e8abe89317fd50bef60:34,0,elliptical,outside,test_id,gnn,43,-0.4991628093377772,0.043973266391763646,3.1208479986500817
35,0,47d3e5fd43f9c0f6c6654fd57652371b6cebc0bc594f3e8abe89317fd50bef60:35,1,circular,inside,test_id,gnn,43,-0.019798838879269656,0.7284952469754314,1.8884871246855335
35,1,47d3e5fd43f9c0f6c6654fd57652371b6cebc0bc594f3e8abe89317fd50bef60:35,1,circular,inside,test_id,gnn,43,-0.04249104240099817,0.7123820253300762,1.9031697647361616
36,0,47d3e5fd43f9c0f6c6654fd57652371b6cebc0bc594f3e8abe89317fd50bef60:36,1,circular,edge,test_id,gnn,43,0.2399795042618093,-1.104543798358431,2.0493562552050415
36,1,47d3e5fd43f9c0f6c6654fd57652371b6cebc0bc594f3e8abe89317fd50bef60:36,1,circular,edge,test_id,gnn,43,-0.41737456747452645,0.39030266484499926,3.3924904465074057
37,0,47d3e5fd43f9c0f6c6654fd57652371b6cebc0bc594f3e8abe89317fd50bef60:37,1,elliptical,inside,test_id,gnn,43,0.9346979694708165,-1.0852852992129232,2.2477237471311784
37,1,47d3e5fd43f9c0f6c6654fd57652371b6cebc0bc594f3e8abe89317fd50bef60:37,1,elliptical,inside,test_id,gnn,43,-0.9372567100183192,-0.053488493652334254,4.361134419845115
38,0,47d3e5fd43f9c0f6c6654fd57652371b6cebc0bc594f3e8abe89317fd50bef60:38,2,elliptical,outside,test_ood,gnn,43,2.585398896251517,-1.6878565482211019,2.017514245356584
38,1,47d3e5fd43f9c0f6c6654fd57652371b6cebc0bc594f3e8abe89317fd50bef60:38,2,elliptical,outside,test_ood,gnn,43,2.593532784496146,-1.2350819043230916,2.462775958061939
39,0,47d3e5fd43f9c0f6c6654fd57652371b6cebc0bc594f3e8abe89317fd50bef60:39,0,elliptical,outside,test_id,gnn,43,0.28305548301776023,0.5754970379757977,4.107854613262189
39,1,47d3e5fd43f9c0f6c6654fd57652371b6cebc0bc594f3e8abe89317fd50bef60:39,0,elliptical,outside,test_id,gnn,43,0.27501891425688835,0.8784899779248333,3.9900190950322334
40,0,47d3e5fd43f9c0f6c6654fd57652371b6cebc0bc594f3e8abe89317fd50bef60:40,2,circular,edge,test_id,gnn,43,-1.9868519467965784,0.6391334601330853,2.4613232112793817
40,1,47d3e5fd43f9c0f6c6654fd57652371b6cebc0bc594f3e8abe89317fd50bef60:40,2,circular,edge,test_id,gnn,43,-0.021824309016865787,0.4563936658787822,3.841143886744458
41,0,47d3e5fd43f9c0f6c6654fd57652371b6cebc0bc594f3e8abe89317fd50bef60:41,2,circular,edge,test_id,gnn,43,-3.0015683335916226,0.7218605347561932,0.24388660573734533
41,1,47d3e5fd43f9c0f6c6654fd57652371b6cebc0bc594f3e8abe89317fd50bef60:41,2,circular,edge,test_id,gnn,43,-3.4118020696298306,0.4173023768353557,0.41624823569415004
42,0,47d3e5fd43f9c0f6c6654fd57652371b6cebc0bc594f3e8abe89317fd50bef60:42,2,elliptical,edge,test_ood,gnn,43,-0.13679890462319283,1.5591286488461589,3.4248782827785287
42,1,47d3e5fd43f9c0f6c6654fd57652371b6cebc0bc594f3e8abe89317fd50bef60:42,2,elliptical,edge,test_ood,gnn,43,0.3481839137419042,2.0037249394345378,2.804948107304133
43,0,47d3e5fd43f9c0f6c6654fd57652371b6cebc0bc594f3e8abe89317fd50bef60:43,1,elliptical,outside,test_id,gnn,43,1.679580195461112,-0.4805940321993733,2.8596471933968024
43,1,47d3e5fd43f9c0f6c6654fd57652371b6cebc0bc594f3e8abe89317fd50bef60:43,1,elliptical,outside,test_id,gnn,43,1.2589403229101477,-1.5551255873751546,2.5954433077892296
44,0,47d3e5fd43f9c0f6c6654fd57652371b6cebc0bc594f3e8abe89317fd50bef60:44,2,elliptical,outside,test_ood,gnn,43,1.9361517267568884,-1.3403595618319417,2.4505604163209944
44,1,47d3e5fd43f9c0f6c6654fd57652371b6cebc0bc594f3e8abe89317fd50bef60:44,2,elliptical,outside,test_ood,gnn,43,1.824331982646781,-0.3137568167757893,3.470205584973401
45,0,47d3e5fd43f9c0f6c6654fd57652371b6cebc0bc594f3e8abe89317fd50bef60:45,0,circular,inside,test_id,gnn,43,-0.41170768567482857,-0.11072614857672695,1.5117789028135704
45,1,47d3e5fd43f9c0f6c6654fd57652371b6cebc0bc594f3e8abe89317fd50bef60:45,0,circular,inside,test_id,gnn,43,-0.7675298614160243,0.458735353558073,1.5366533813421752
46,0,47d3e5fd43f9c0f6c6654fd57652371b6cebc0bc594f3e8abe89317fd50bef60:46,0,elliptical,inside,test_id,gnn,43,-1.1264684362069788,0.20815757593394274,2.6289768529859447
46,1,47d3e5fd43f9c0f6c6654fd57652371b6cebc0bc594f3e8abe89317fd50bef60:46,0,elliptical,inside,test_id,gnn,43,-0.42435000964562325,-0.23806198755024915,2.7282479434502434
47,0,47d3e5fd43f9c0f6c6654fd57652371b6cebc0bc594f3e8abe89317fd50bef60:47,2,elliptical,inside,test_ood,gnn,43,0.015938019965487424,2.4279402562069987,1.5801098915495324
47,1,47d3e5fd43f9c0f6c6654fd57652371b6cebc0bc594f3e8abe89317fd50bef60:47,2,elliptical,inside,test_ood,gnn,43,-0.23162914940277962,2.031953937618742,1.2419975851776848
48,0,47d3e5fd43f9c0f6c6654fd57652371b6cebc0bc594f3e8abe89317fd50bef60:48,0,circular,edge,test_id,gnn,43,0.07959922275384039,-0.5534650019717121,3.0838478657850925
48,1,47d3e5fd43f9c0f6c6654fd57652371b6cebc0bc594f3e8abe89317fd50bef60:48,0,circular,edge,test_id,gnn,43,0.9074718194349584,0.5876678296017742,4.118983700345043
49,0,47d3e5fd43f9c0f6c6654fd57652371b6cebc0bc594f3e8abe89317fd50bef60:49,0,circular,inside,test_id,gnn,43,-0.5815686149255458,0.6980424590993023,1.2586677696498405
49,1,47d3e5fd43f9c0f6c6654fd57652371b6cebc0bc594f3e8abe89317fd50bef60:49,0,circular,inside,test_id,gnn,43,0.7010436492307958,0.42920679530383105,2.4340726198195797
50,0,47d3e5fd43f9c0f6c6654fd57652371b6cebc0bc594f3e8abe89317fd50bef60:50,1,elliptical,edge,test_id,gnn,43,-0.8184588713304225,0.8880842991757488,2.1934714120435017
50,1,47d3e5fd43f9c0f6c6654fd57652371b6cebc0bc594f3e8abe89317fd50bef60:50,1,elliptical,edge,test_id,gnn,43,-0.06941090651909738,0.4403889246869182,2.8899003975140594
51,0,47d3e5fd43f9c0f6c6654fd57652371b6cebc0bc594f3e8abe89317fd50bef60:51,0,elliptical,edge,test_id,gnn,43,-1.388679639782113,0.030829659907827336,4.419539614733337
51,1,47d3e5fd43f9c0f6c6654fd57652371b6cebc0bc594f3e8abe89317fd50bef60:51,0,elliptical,edge,test_id,gnn,43,0.3472546475275335,1.2269189425397014,3.1601751524113597
52,0,47d3e5fd43f9c0f6c6654fd57652371b6cebc0bc594f3e8abe89317fd50bef60:52,0,elliptical,edge,test_id,gnn,43,-0.015604445125264224,0.03197010537863727,3.9073663761312836
52,1,47d3e5fd43f9c0f6c6654fd57652371b6cebc0bc594f3e8abe89317fd50bef60:52,0,elliptical,edge,test_id,gnn,43,0.6712871628149327,-0.11960537800311093,4.48924180285117
53,0,47d3e5fd43f9c0f6c6654fd57652371b6cebc0bc594f3e8abe89317fd50bef60:53,0,circular,outside,test_id,gnn,43,-0.28501813241402535,-0.23917516389607435,3.1712524464477805
53,1,47d3e5fd43f9c0f6c6654fd57652371b6cebc0bc594f3e8abe89317fd50bef60:53,0,circular,outside,test_id,gnn,43,0.21958221367438407,-0.1716103635144139,3.673568479652624
54,0,47d3e5fd43f9c0f6c6654fd57652371b6cebc0bc594f3e8abe89317fd50bef60:54,1,circular,inside,test_id,gnn,43,0.24630106857855888,-0.18553342738865858,3.0551312308636676
54,1,47d3e5fd43f9c0f6c6654fd57652371b6cebc0bc594f3e8abe89317fd50bef60:54,1,circular,inside,test_id,gnn,43,-1.012630359615487,-0.04130766888826136,4.078109331384989
55,0,47d3e5fd43f9c0f6c6654fd57652371b6cebc0bc594f3e8abe89317fd50bef60:55,2,circular,inside,test_id,gnn,43,1.0413330631597815,2.40331090173007,1.7581619292078332
55,1,47d3e5fd43f9c0f6c6654fd57652371b6cebc0bc594f3e8abe89317fd50bef60:55,2,circular,inside,test_id,gnn,43,0.8450364308698949,2.621111995785246,2.003963183148261
56,0,47d3e5fd43f9c0f6c6654fd57652371b6cebc0bc594f3e8abe89317fd50bef60:56,2,circular,outside,test_id,gnn,43,2.6361272173269565,-0.1299228302550221,0.6525885154577441
56,1,47d3e5fd43f9c0f6c6654fd57652371b6cebc0bc594f3e8abe89317fd50bef60:56,2,circular,outside,test_id,gnn,43,3.0078575449331577,0.2456107207226848,0.41130687831931334
57,0,47d3e5fd43f9c0f6c6654fd57652371b6cebc0bc594f3e8abe89317fd50bef60:57,1,elliptical,inside,test_id,gnn,43,0.3376708464964208,1.6895488568234538,2.7515744301324734
57,1,47d3e5fd43f9c0f6c6654fd57652371b6cebc0bc594f3e8abe89317fd50bef60:57,1,elliptical,inside,test_id,gnn,43,-0.5201657576219264,0.0341299988913631,3.103802280937999
58,0,47d3e5fd43f9c0f6c6654fd57652371b6cebc0bc594f3e8abe89317fd50bef60:58,0,circular,edge,test_id,gnn,43,-1.3881153030053797,0.4378694959569072,4.430694144704341
58,1,47d3e5fd43f9c0f6c6654fd57652371b6cebc0bc594f3e8abe89317fd50bef60:58,0,circular,edge,test_id,gnn,43,-0.8925920886651698,0.3255219527173137,3.924627628923571
59,0,47d3e5fd43f9c0f6c6654fd57652371b6cebc0bc594f3e8abe89317fd50bef60:59,1,elliptical,outside,test_id,gnn,43,0.1265529232366857,0.14815611323595995,3.7457309092228703
59,1,47d3e5fd43f9c0f6c6654fd57652371b6cebc0bc594f3e8abe89317fd50bef60:59,1,elliptical,outside,test_id,gnn,43,-0.02444147446314722,0.49964017352343554,3.441543572378527
60,0,47d3e5fd43f9c0f6c6654fd57652371b6cebc0bc594f3e8abe89317fd50bef60:60,2,circular,inside,test_id,gnn,43,-1.0370063943521204,1.5821107693600749,0.9543599376010317
60,1,47d3e5fd43f9c0f6c6654fd57652371b6cebc0bc594f3e8abe89317fd50bef60:60,2,circular,inside,test_id,gnn,43,-0.670215503658456,1.4443667002606486,1.3049997858431803
61,0,47d3e5fd43f9c0f6c6654fd57652371b6cebc0bc594f3e8abe89317fd50bef60:61,0,elliptical,outside,test_id,gnn,43,-0.5912406606332484,0.2770181365895366,4.805541461192632
61,1,47d3e5fd43f9c0f6c6654fd57652371b6cebc0bc594f3e8abe89317fd50bef60:61,0,elliptical,outside,test_id,gnn,43,0.8726752834661778,-0.11732053825377468,4.260033384253506
62,0,47d3e5fd43f9c0f6c6654fd57652371b6cebc0bc594f3e8abe89317fd50bef60:62,1,circular,outside,test_id,gnn,43,-0.23603619762818245,1.27888143738986,4.405355299770533
62,1,47d3e5fd43f9c0f6c6654fd57652371b6cebc0bc594f3e8abe89317fd50bef60:62,1,circular,outside,test_id,gnn,43,-0.3944882614270869,-0.18448934772728925,4.01649168168715
63,0,47d3e5fd43f9c0f6c6654fd57652371b6cebc0bc594f3e8abe89317fd50bef60:63,2,circular,outside,test_id,gnn,43,-1.7466854018823328,0.4342160888600444,2.111148385148452
63,1,47d3e5fd43f9c0f6c6654fd57652371b6cebc0bc594f3e8abe89317fd50bef60:63,2,circular,outside,test_id,gnn,43,-1.8651263875619593,-0.45256810703991895,2.2907893481172104
64,0,47d3e5fd43f9c0f6c6654fd57652371b6cebc0bc594f3e8abe89317fd50bef60:64,1,circular,inside,test_id,gnn,43,0.32557462028105827,-0.38283255019902235,2.8107149776213465
64,1,47d3e5fd43f9c0f6c6654fd57652371b6cebc0bc594f3e8abe89317fd50bef60:64,1,circular,inside,test_id,gnn,43,0.7178896503790196,-1.232814186007967,2.56606936905905
65,0,47d3e5fd43f9c0f6c6654fd57652371b6cebc0bc594f3e8abe89317fd50bef60:65,2,elliptical,inside,test_ood,gnn,43,-1.8059604329721155,2.6239639588284587,2.1424472942993598
65,1,47d3e5fd43f9c0f6c6654fd57652371b6cebc0bc594f3e8abe89317fd50bef60:65,2,elliptical,inside,test_ood,gnn,43,-1.9134323758737268,3.1305457421231364,2.265497237443754
66,0,47d3e5fd43f9c0f6c6654fd57652371b6cebc0bc594f3e8abe89317fd50bef60:66,2,elliptical,edge,test_ood,gnn,43,3.2114047842367466,-3.63955961981534,2.1575316846122945
66,1,47d3e5fd43f9c0f6c6654fd57652371b6cebc0bc594f3e8abe89317fd50bef60:66,2,elliptical,edge,test_ood,gnn,43,3.3219046430929478,-3.555863731296053,2.2410899784178167
67,0,47d3e5fd43f9c0f6c6654fd57652371b6cebc0bc594f3e8abe89317fd50bef60:67,1,circular,outside,test_id,gnn,43,-0.516235725368661,0.8279008336949444,3.1596104111118977
67,1,47d3e5fd43f9c0f6c6654fd57652371b6cebc0bc594f3e8abe89317fd50bef60:67,1,circular,outside,test_id,gnn,43,0.8962734775884923,1.8019720383572673,2.1038644643145026
68,0,47d3e5fd43f9c0f6c6654fd57652371b6cebc0bc594f3e8abe89317fd50bef60:68,0,circular,outside,test_id,gnn,43,-0.06575678416649729,0.031345120875844915,3.751741472179837
68,1,47d3e5fd43f9c0f6c6654fd57652371b6cebc0bc594f3e8abe89317fd50bef60:68,0,circular,outside,test_id,gnn,43,-0.09814603754441172,-0.4071457616400624,3.3260925444667815
69,0,47d3e5fd43f9c0f6c6654fd57652371b6cebc0bc594f3e8abe89317fd50bef60:69,1,elliptical,edge,test_id,gnn,43,-0.5100972814218226,-0.15788983622311598,3.8144943370189024
69,1,47d3e5fd43f9c0f6c6654fd57652371b6cebc0bc594f3e8abe89317fd50bef60:69,1,elliptical,edge,test_id,gnn,43,0.08029087505181402,-0.4625067941260243,3.1523612700137686
70,0,47d3e5fd43f9c0f6c6654fd57652371b6cebc0bc594f3e8abe89317fd50bef60:70,1,circular,edge,test_id,gnn,43,-0.876981095756692,-0.7183586291384602,4.07541899799391
70,1,47d3e5fd43f9c0f6c6654fd57652371b6cebc0bc594f3e8abe89317fd50bef60:70,1,circular,edge,test_id,gnn,43,-0.13702671357552437,-1.2595620087695028,4.935259921115059
71,0,47d3e5fd43f9c0f6c6654fd57652371b6cebc0bc594f3e8abe89317fd50bef60:71,0,elliptical,inside,test_id,gnn,43,-0.2376760108129206,0.4387274452138042,3.215126270584927
71,1,47d3e5fd43f9c0f6c6654fd57652371b6cebc0bc594f3e8abe89317fd50bef60:71,0,elliptical,inside,test_id,gnn,43,-0.8327449721948329,-0.5384377769541645,2.519791965753569
72,0,47d3e5fd43f9c0f6c6654fd57652371b6cebc0bc594f3e8abe89317fd50bef60:72,2,circular,inside,test_id,gnn,43,-0.7605155868188563,0.575209028332243,0.7966824653885554
72,1,47d3e5fd43f9c0f6c6654fd57652371b6cebc0bc594f3e8abe89317fd50bef60:72,2,circular,inside,test_id,gnn,43,-0.45912982651154427,1.8840984173703288,0.5510774018167298
73,0,47d3e5fd43f9c0f6c6654fd57652371b6cebc0bc594f3e8abe89317fd50bef60:73,2,elliptical,edge,test_ood,gnn,43,-1.253534571613473,1.4094373055386638,4.272158226781599
73,1,47d3e5fd43f9c0f6c6654fd57652371b6cebc0bc594f3e8abe89317fd50bef60:73,2,elliptical,edge,test_ood,gnn,43,1.1479272680624304,1.5484435625958537,2.1334842180846687
74,0,47d3e5fd43f9c0f6c6654fd57652371b6cebc0bc594f3e8abe89317fd50bef60:74,1,elliptical,outside,test_id,gnn,43,0.9781404571874913,0.8557943173337078,3.2263734567592293
74,1,47d3e5fd43f9c0f6c6654fd57652371b6cebc0bc594f3e8abe89317fd50bef60:74,1,elliptical,outside,test_id,gnn,43,-0.10538633295456797,0.948085255234251,3.93573701799411
75,0,47d3e5fd43f9c0f6c6654fd57652371b6cebc0bc594f3e8abe89317fd50bef60:75,0,circular,inside,test_id,gnn,43,0.6741105156286534,-0.17109157958745008,4.261415311803449
75,1,47d3e5fd43f9c0f6c6654fd57652371b6cebc0bc594f3e8abe89317fd50bef60:75,0,circular,inside,test_id,gnn,43,-0.766810254539651,-0.7433233193468952,3.7340411322287737
76,0,47d3e5fd43f9c0f6c6654fd57652371b6cebc0bc594f3e8abe89317fd50bef60:76,1,elliptical,outside,test_id,gnn,43,-1.6183599395410242,0.955602414219389,3.306591937824865
76,1,47d3e5fd43f9c0f6c6654fd57652371b6cebc0bc594f3e8abe89317fd50bef60:76,1,elliptical,outside,test_id,gnn,43,-1.8754578990594568,0.11060299655676838,2.4822871144917094
77,0,47d3e5fd43f9c0f6c6654fd57652371b6cebc0bc594f3e8abe89317fd50bef60:77,2,circular,outside,test_id,gnn,43,-1.5242144031182947,-1.3588765791964437,2.2296158011622573
77,1,47d3e5fd43f9c0f6c6654fd57652371b6cebc0bc594f3e8abe89317fd50bef60:77,2,circular,outside,test_id,gnn,43,-0.7460097236291591,-0.9244707159113789,2.850099355337322
78,0,47d3e5fd43f9c0f6c6654fd57652371b6cebc0bc594f3e8abe89317fd50bef60:78,2,elliptical,outside,test_ood,gnn,43,-1.2965049905435266,0.08095765790225025,3.6826117917284042
78,1,47d3e5fd43f9c0f6c6654fd57652371b6cebc0bc594f3e8abe89317fd50bef60:78,2,elliptical,outside,test_ood,gnn,43,-0.8756153745309535,-0.3453498415064717,3.652437420701911
79,0,47d3e5fd43f9c0f6c6654fd57652371b6cebc0bc594f3e8abe89317fd50bef60:79,0,elliptical,outside,test_id,gnn,43,-0.7166206998483363,0.3927303620267009,3.4055357588889117
79,1,47d3e5fd43f9c0f6c6654fd57652371b6cebc0bc594f3e8abe89317fd50bef60:79,0,elliptical,outside,test_id,gnn,43,-0.5756845636026088,0.2424032457757091,3.5998405816463364
80,0,47d3e5fd43f9c0f6c6654fd57652371b6cebc0bc594f3e8abe89317fd50bef60:80,0,elliptical,inside,test_id,gnn,43,0.7206424312933263,-0.278796487243166,2.0520791844312223
80,1,47d3e5fd43f9c0f6c6654fd57652371b6cebc0bc594f3e8abe89317fd50bef60:80,0,elliptical,inside,test_id,gnn,43,-0.01945739367167383,-0.11782712558030133,1.9862619022002808
81,0,47d3e5fd43f9c0f6c6654fd57652371b6cebc0bc594f3e8abe89317fd50bef60:81,2,circular,edge,test_id,gnn,43,2.367756350551444,-1.095246785075655,1.1968446555856582
81,1,47d3e5fd43f9c0f6c6654fd57652371b6cebc0bc594f3e8abe89317fd50bef60:81,2,circular,edge,test_id,gnn,43,2.709464533840018,-1.493333213717928,0.6830089246173998
82,0,47d3e5fd43f9c0f6c6654fd57652371b6cebc0bc594f3e8abe89317fd50bef60:82,1,circular,edge,test_id,gnn,43,-1.0469495219842615,0.04352106085301395,2.7255079384446486
82,1,47d3e5fd43f9c0f6c6654fd57652371b6cebc0bc594f3e8abe89317fd50bef60:82,1,circular,edge,test_id,gnn,43,0.2057054030044851,0.028330154030332524,3.7347720899965675
83,0,47d3e5fd43f9c0f6c6654fd57652371b6cebc0bc594f3e8abe89317fd50bef60:83,0,elliptical,outside,test_id,gnn,43,-0.4869121474878016,0.22313723644495959,3.2708916804833366
83,1,47d3e5fd43f9c0f6c6654fd57652371b6cebc0bc594f3e8abe89317fd50bef60:83,0,elliptical,outside,test_id,gnn,43,-0.6797750157968226,-1.1024702719759847,3.0676782675064422
84,0,47d3e5fd43f9c0f6c6654fd57652371b6cebc0bc594f3e8abe89317fd50bef60:84,1,elliptical,inside,test_id,gnn,43,-1.9643883866922083,0.30519837817431444,2.8939242811277355
84,1,47d3e5fd43f9c0f6c6654fd57652371b6cebc0bc594f3e8abe89317fd50bef60:84,1,elliptical,inside,test_id,gnn,43,-0.7338277263299647,-0.8413233093333149,1.6386230975057463
85,0,47d3e5fd43f9c0f6c6654fd57652371b6cebc0bc594f3e8abe89317fd50bef60:85,2,elliptical,edge,test_ood,gnn,43,1.1388300495489416,0.7996684380459881,3.809187288808214
85,1,47d3e5fd43f9c0f6c6654fd57652371b6cebc0bc594f3e8abe89317fd50bef60:85,2,elliptical,edge,test_ood,gnn,43,-0.03804917016188532,1.5733498402524089,4.6625689118346
86,0,47d3e5fd43f9c0f6c6654fd57652371b6cebc0bc594f3e8abe89317fd50bef60:86,2,elliptical,outside,test_ood,gnn,43,-0.19514115282456307,2.382934696285734,2.549080152897493
86,1,47d3e5fd43f9c0f6c6654fd57652371b6cebc0bc594f3e8abe89317fd50bef60:86,2,elliptical,outside,test_ood,gnn,43,-0.41665618249337105,2.075570947735319,2.8708986653837028
87,0,47d3e5fd43f9c0f6c6654fd57652371b6cebc0bc594f3e8abe89317fd50bef60:87,1,circular,inside,test_id,gnn,43,-0.5100355906144801,0.5635305710721111,1.1547369071899787
87,1,47d3e5fd43f9c0f6c6654fd57652371b6cebc0bc594f3e8abe89317fd50bef60:87,1,circular,inside,test_id,gnn,43,0.6823239164694127,0.4527383514332866,0.694207050856997
88,0,47d3e5fd43f9c0f6c6654fd57652371b6cebc0bc594f3e8abe89317fd50bef60:88,0,elliptical,edge,test_id,gnn,43,0.1628121646388349,0.6142910190510845,4.683942770585459
88,1,47d3e5fd43f9c0f6c6654fd57652371b6cebc0bc594f3e8abe89317fd50bef60:88,0,elliptical,edge,test_id,gnn,43,-1.0295384091989221,0.34880921921015734,3.7957484809582596
89,0,47d3e5fd43f9c0f6c6654fd57652371b6cebc0bc594f3e8abe89317fd50bef60:89,2,elliptical,inside,test_ood,gnn,43,-4.34600092598359,3.6567140885281657,3.9132443473292056
89,1,47d3e5fd43f9c0f6c6654fd57652371b6cebc0bc594f3e8abe89317fd50bef60:89,2,elliptical,inside,test_ood,gnn,43,-3.4045312566415493,3.764847881405363,3.517667844190377
90,0,47d3e5fd43f9c0f6c6654fd57652371b6cebc0bc594f3e8abe89317fd50bef60:90,1,elliptical,inside,test_id,gnn,43,-0.09185464807907968,-0.9664415053439045,3.2073922896649334
90,1,47d3e5fd43f9c0f6c6654fd57652371b6cebc0bc594f3e8abe89317fd50bef60:90,1,elliptical,inside,test_id,gnn,43,0.008976480577784482,0.2073351659464931,2.5772286010191534
91,0,47d3e5fd43f9c0f6c6654fd57652371b6cebc0bc594f3e8abe89317fd50bef60:91,0,circular,edge,test_id,gnn,43,-0.8771693868295375,1.2677608796048259,1.8695815229910477
91,1,47d3e5fd43f9c0f6c6654fd57652371b6cebc0bc594f3e8abe89317fd50bef60:91,0,circular,edge,test_id,gnn,43,0.1986628162010488,-0.4706966213297749,3.9001509581881164
92,0,47d3e5fd43f9c0f6c6654fd57652371b6cebc0bc594f3e8abe89317fd50bef60:92,2,circular,inside,test_id,gnn,43,0.948220832858878,2.152897722332487,1.0660545903417693
92,1,47d3e5fd43f9c0f6c6654fd57652371b6cebc0bc594f3e8abe89317fd50bef60:92,2,circular,inside,test_id,gnn,43,0.7662478523596105,2.3621913262295817,1.3366535678953169
93,0,47d3e5fd43f9c0f6c6654fd57652371b6cebc0bc594f3e8abe89317fd50bef60:93,0,elliptical,edge,test_id,gnn,43,0.17285328230698677,-0.6892149976801777,3.2543565625936095
93,1,47d3e5fd43f9c0f6c6654fd57652371b6cebc0bc594f3e8abe89317fd50bef60:93,0,elliptical,edge,test_id,gnn,43,0.980256064449149,0.5673690505910015,4.445697769130932
94,0,47d3e5fd43f9c0f6c6654fd57652371b6cebc0bc594f3e8abe89317fd50bef60:94,1,circular,edge,test_id,gnn,43,0.17234270146926017,0.6426992484021282,3.8890922422801535
94,1,47d3e5fd43f9c0f6c6654fd57652371b6cebc0bc594f3e8abe89317fd50bef60:94,1,circular,edge,test_id,gnn,43,-1.421404854740304,-0.13950521567582136,2.155363237926075
95,0,47d3e5fd43f9c0f6c6654fd57652371b6cebc0bc594f3e8abe89317fd50bef60:95,0,circular,inside,test_id,gnn,43,0.4018798308714208,0.7670813866543865,1.910494573593682
95,1,47d3e5fd43f9c0f6c6654fd57652371b6cebc0bc594f3e8abe89317fd50bef60:95,0,circular,inside,test_id,gnn,43,-0.28671331831375985,0.1296911605286693,2.7163157707900023
96,0,47d3e5fd43f9c0f6c6654fd57652371b6cebc0bc594f3e8abe89317fd50bef60:96,0,circular,outside,test_id,gnn,43,-0.5711381001130763,0.4425478645253276,4.604901119153861
96,1,47d3e5fd43f9c0f6c6654fd57652371b6cebc0bc594f3e8abe89317fd50bef60:96,0,circular,outside,test_id,gnn,43,0.08686298004229635,0.9679757424283123,5.348228651989101
97,0,47d3e5fd43f9c0f6c6654fd57652371b6cebc0bc594f3e8abe89317fd50bef60:97,1,circular,outside,test_id,gnn,43,0.22330015770037742,-0.4435965351176167,4.577955705316509
97,1,47d3e5fd43f9c0f6c6654fd57652371b6cebc0bc594f3e8abe89317fd50bef60:97,1,circular,outside,test_id,gnn,43,-1.0090201062814417,0.5654472776341534,3.2979570773831672
98,0,47d3e5fd43f9c0f6c6654fd57652371b6cebc0bc594f3e8abe89317fd50bef60:98,1,elliptical,edge,test_id,gnn,43,-0.8114375037805263,0.03626651993275638,3.0919226485365816
98,1,47d3e5fd43f9c0f6c6654fd57652371b6cebc0bc594f3e8abe89317fd50bef60:98,1,elliptical,edge,test_id,gnn,43,0.6826534109457311,-0.134023093373766,3.5401044993918434
99,0,47d3e5fd43f9c0f6c6654fd57652371b6cebc0bc594f3e8abe89317fd50bef60:99,2,circular,edge,test_id,gnn,43,-1.9446447057382288,-0.5057825974535847,2.6911643190758823
99,1,47d3e5fd43f9c0f6c6654fd57652371b6cebc0bc594f3e8abe89317fd50bef60:99,2,circular,edge,test_id,gnn,43,-2.0423355264321987,0.08495178004981037,3.217183512519762
100,0,47d3e5fd43f9c0f6c6654fd57652371b6cebc0bc594f3e8abe89317fd50bef60:100,0,circular,outside,test_id,gnn,43,0.5232884722097692,1.0433411665845012,2.7815747928000842
100,1,47d3e5fd43f9c0f6c6654fd57652371b6cebc0bc594f3e8abe89317fd50bef60:100,0,circular,outside,test_id,gnn,43,-1.2260567111627283,0.23219040712595934,4.5020446190719365
101,0,47d3e5fd43f9c0f6c6654fd57652371b6cebc0bc594f3e8abe89317fd50bef60:101,1,elliptical,edge,test_id,gnn,43,0.7333726721151647,0.09226459941149708,2.269320811613144
101,1,47d3e5fd43f9c0f6c6654fd57652371b6cebc0bc594f3e8abe89317fd50bef60:101,1,elliptical,edge,test_id,gnn,43,-0.3031120462075892,1.0556092329907512,3.411427442142093
102,0,47d3e5fd43f9c0f6c6654fd57652371b6cebc0bc594f3e8abe89317fd50bef60:102,0,circular,edge,test_id,gnn,43,-0.6536159677163783,-0.0868784717631245,4.738743120406529
102,1,47d3e5fd43f9c0f6c6654fd57652371b6cebc0bc594f3e8abe89317fd50bef60:102,0,circular,edge,test_id,gnn,43,0.4652797119959173,0.5779121585774517,3.4640381185057065
103,0,47d3e5fd43f9c0f6c6654fd57652371b6cebc0bc594f3e8abe89317fd50bef60:103,2,circular,outside,test_id,gnn,43,2.2252337770803745,2.4730817147183513,1.5056805884867863
103,1,47d3e5fd43f9c0f6c6654fd57652371b6cebc0bc594f3e8abe89317fd50bef60:103,2,circular,outside,test_id,gnn,43,1.531748517070609,1.3108325072217082,2.1850614999718045
104,0,47d3e5fd43f9c0f6c6654fd57652371b6cebc0bc594f3e8abe89317fd50bef60:104,2,elliptical,inside,test_ood,gnn,43,1.5338240700109778,-1.0494512251925374,1.6622939874789442
104,1,47d3e5fd43f9c0f6c6654fd57652371b6cebc0bc594f3e8abe89317fd50bef60:104,2,elliptical,inside,test_ood,gnn,43,1.1338684397085486,-0.6719421676707172,1.7760280714801238
105,0,47d3e5fd43f9c0f6c6654fd57652371b6cebc0bc594f3e8abe89317fd50bef60:105,0,elliptical,inside,test_id,gnn,43,-0.3648101551191035,0.7069014974522686,2.0029222951231236
105,1,47d3e5fd43f9c0f6c6654fd57652371b6cebc0bc594f3e8abe89317fd50bef60:105,0,elliptical,inside,test_id,gnn,43,0.2039302723749456,-0.4327170185160542,3.2346264565424105
106,0,47d3e5fd43f9c0f6c6654fd57652371b6cebc0bc594f3e8abe89317fd50bef60:106,1,circular,outside,test_id,gnn,43,0.7952799635275182,1.0267885991025065,5.038245118299055
106,1,47d3e5fd43f9c0f6c6654fd57652371b6cebc0bc594f3e8abe89317fd50bef60:106,1,circular,outside,test_id,gnn,43,-0.5912405414239589,0.12615873595953936,4.760749544122593
107,0,47d3e5fd43f9c0f6c6654fd57652371b6cebc0bc594f3e8abe89317fd50bef60:107,1,circular,inside,test_id,gnn,43,-0.7218855781213466,0.9593684144902325,4.499846809649418
107,1,47d3e5fd43f9c0f6c6654fd57652371b6cebc0bc594f3e8abe89317fd50bef60:107,1,circular,inside,test_id,gnn,43,1.0778868036611853,0.6168727942395306,3.203368438986403
108,0,47d3e5fd43f9c0f6c6654fd57652371b6cebc0bc594f3e8abe89317fd50bef60:108,1,circular,outside,test_id,gnn,43,0.840518219981986,-0.054638904274692576,3.6826579823153915
108,1,47d3e5fd43f9c0f6c6654fd57652371b6cebc0bc594f3e8abe89317fd50bef60:108,1,circular,outside,test_id,gnn,43,0.5918822722776708,0.22014082154513354,3.4170159955772252
109,0,47d3e5fd43f9c0f6c6654fd57652371b6cebc0bc594f3e8abe89317fd50bef60:109,2,circular,inside,test_id,gnn,43,-2.6394984883920376,0.8687269755292034,1.1098236686839835
109,1,47d3e5fd43f9c0f6c6654fd57652371b6cebc0bc594f3e8abe89317fd50bef60:109,2,circular,inside,test_id,gnn,43,-2.599265591587228,1.0334876843381022,1.1757463242412014
110,0,47d3e5fd43f9c0f6c6654fd57652371b6cebc0bc594f3e8abe89317fd50bef60:110,2,elliptical,edge,test_ood,gnn,43,-0.013584115888279971,0.9065782495427227,3.342495697243562
110,1,47d3e5fd43f9c0f6c6654fd57652371b6cebc0bc594f3e8abe89317fd50bef60:110,2,elliptical,edge,test_ood,gnn,43,-1.2447813911096277,1.4745734997677897,2.053359240116114
111,0,47d3e5fd43f9c0f6c6654fd57652371b6cebc0bc594f3e8abe89317fd50bef60:111,1,elliptical,outside,test_id,gnn,43,-0.36165847011963753,-0.1771196953368092,4.876128284732641
111,1,47d3e5fd43f9c0f6c6654fd57652371b6cebc0bc594f3e8abe89317fd50bef60:111,1,elliptical,outside,test_id,gnn,43,0.6218869524343785,-0.3703337840151692,5.612810599670689
112,0,47d3e5fd43f9c0f6c6654fd57652371b6cebc0bc594f3e8abe89317fd50bef60:112,1,elliptical,edge,test_id,gnn,43,-0.42290483542839913,0.3663889535355663,4.274601709632671
112,1,47d3e5fd43f9c0f6c6654fd57652371b6cebc0bc594f3e8abe89317fd50bef60:112,1,elliptical,edge,test_id,gnn,43,-0.5360846681253139,-0.14585431733845716,4.684590098675365
113,0,47d3e5fd43f9c0f6c6654fd57652371b6cebc0bc594f3e8abe89317fd50bef60:113,0,elliptical,outside,test_id,gnn,43,-0.7987331313745204,-0.9310387305331135,4.603579583689502
113,1,47d3e5fd43f9c0f6c6654fd57652371b6cebc0bc594f3e8abe89317fd50bef60:113,0,elliptical,outside,test_id,gnn,43,-1.8957307500497522,0.14956498822451586,6.017214593461114
114,0,47d3e5fd43f9c0f6c6654fd57652371b6cebc0bc594f3e8abe89317fd50bef60:114,1,elliptical,inside,test_id,gnn,43,-0.6508898300782863,0.7937831946301556,0.6880764851416986
114,1,47d3e5fd43f9c0f6c6654fd57652371b6cebc0bc594f3e8abe89317fd50bef60:114,1,elliptical,inside,test_id,gnn,43,0.5399992900236424,0.6045362420964336,0.8727252664309173
115,0,47d3e5fd43f9c0f6c6654fd57652371b6cebc0bc594f3e8abe89317fd50bef60:115,2,circular,outside,test_id,gnn,43,-2.443404929126901,-0.08264735409735684,2.854188502136283
115,1,47d3e5fd43f9c0f6c6654fd57652371b6cebc0bc594f3e8abe89317fd50bef60:115,2,circular,outside,test_id,gnn,43,-1.87122441955964,-1.0894182852816487,2.42951045169693
116,0,47d3e5fd43f9c0f6c6654fd57652371b6cebc0bc594f3e8abe89317fd50bef60:116,1,elliptical,outside,test_id,gnn,43,-0.47842301556031136,-0.3893783918929005,3.460408417302719
116,1,47d3e5fd43f9c0f6c6654fd57652371b6cebc0bc594f3e8abe89317fd50bef60:116,1,elliptical,outside,test_id,gnn,43,-0.9793545169488612,0.30048579653979296,2.9365641000512137
117,0,47d3e5fd43f9c0f6c6654fd57652371b6cebc0bc594f3e8abe89317fd50bef60:117,0,elliptical,edge,test_id,gnn,43,-0.08656577893654734,-0.6003225378107929,4.603478828552612
117,1,47d3e5fd43f9c0f6c6654fd57652371b6cebc0bc594f3e8abe89317fd50bef60:117,0,elliptical,edge,test_id,gnn,43,0.2884891765459356,-0.41306041994809156,4.22699289383936
118,0,47d3e5fd43f9c0f6c6654fd57652371b6cebc0bc594f3e8abe89317fd50bef60:118,1,circular,inside,test_id,gnn,43,-0.9154536289827052,-0.08401622319339756,2.8395551105898016
118,1,47d3e5fd43f9c0f6c6654fd57652371b6cebc0bc594f3e8abe89317fd50bef60:118,1,circular,inside,test_id,gnn,43,-0.6327749652520839,-0.16329667785882002,2.9797287940244854
119,0,47d3e5fd43f9c0f6c6654fd57652371b6cebc0bc594f3e8abe89317fd50bef60:119,2,elliptical,outside,test_ood,gnn,43,-0.7860671443597499,3.304002410976896,0.943611138500928
119,1,47d3e5fd43f9c0f6c6654fd57652371b6cebc0bc594f3e8abe89317fd50bef60:119,2,elliptical,outside,test_ood,gnn,43,-0.11187271901528269,2.4628969498562907,1.231473298857674
120,0,47d3e5fd43f9c0f6c6654fd57652371b6cebc0bc594f3e8abe89317fd50bef60:120,0,circular,inside,test_id,gnn,43,0.3608308868749914,1.2578231163907145,5.043984151488847
120,1,47d3e5fd43f9c0f6c6654fd57652371b6cebc0bc594f3e8abe89317fd50bef60:120,0,circular,inside,test_id,gnn,43,0.2198948102339086,-0.3401031724524403,3.7902925050609833
121,0,47d3e5fd43f9c0f6c6654fd57652371b6cebc0bc594f3e8abe89317fd50bef60:121,0,circular,outside,test_id,gnn,43,-0.22270228096405892,-0.6730491451334858,4.079980780407552
121,1,47d3e5fd43f9c0f6c6654fd57652371b6cebc0bc594f3e8abe89317fd50bef60:121,0,circular,outside,test_id,gnn,43,-0.5718810720102016,0.0032106854605769702,4.720654057965495
122,0,47d3e5fd43f9c0f6c6654fd57652371b6cebc0bc594f3e8abe89317fd50bef60:122,0,circular,edge,test_id,gnn,43,-1.0183847112313928,0.38403881272555346,3.7614545949008242
122,1,47d3e5fd43f9c0f6c6654fd57652371b6cebc0bc594f3e8abe89317fd50bef60:122,0,circular,edge,test_id,gnn,43,1.4399441318853674,-0.5024838677954578,4.80124218083838
123,0,47d3e5fd43f9c0f6c6654fd57652371b6cebc0bc594f3e8abe89317fd50bef60:123,0,circular,edge,test_id,gnn,43,-0.7714532775537196,-1.1515550545763875,3.917768195946703
123,1,47d3e5fd43f9c0f6c6654fd57652371b6cebc0bc594f3e8abe89317fd50bef60:123,0,circular,edge,test_id,gnn,43,0.053023538206416074,0.22101253947497362,4.158229100028432
124,0,47d3e5fd43f9c0f6c6654fd57652371b6cebc0bc594f3e8abe89317fd50bef60:124,0,circular,outside,test_id,gnn,43,1.2645356493337927,-0.14459097454070097,5.374883866390104
124,1,47d3e5fd43f9c0f6c6654fd57652371b6cebc0bc594f3e8abe89317fd50bef60:124,0,circular,outside,test_id,gnn,43,0.3593119221075353,0.01120280405760761,4.814695735888501
125,0,47d3e5fd43f9c0f6c6654fd57652371b6cebc0bc594f3e8abe89317fd50bef60:125,2,circular,inside,test_id,gnn,43,1.213697774921256,-0.38826104322194105,1.6388831849119367
125,1,47d3e5fd43f9c0f6c6654fd57652371b6cebc0bc594f3e8abe89317fd50bef60:125,2,circular,inside,test_id,gnn,43,0.5483131246908483,-0.15668355742215162,2.1851840321922777
126,0,47d3e5fd43f9c0f6c6654fd57652371b6cebc0bc594f3e8abe89317fd50bef60:126,2,circular,edge,test_id,gnn,43,-2.981784121479196,-1.4493509463381673,0.7099636478857942
126,1,47d3e5fd43f9c0f6c6654fd57652371b6cebc0bc594f3e8abe89317fd50bef60:126,2,circular,edge,test_id,gnn,43,-2.509971157993478,-0.47817572274922376,1.750877030694475
127,0,47d3e5fd43f9c0f6c6654fd57652371b6cebc0bc594f3e8abe89317fd50bef60:127,0,elliptical,outside,test_id,gnn,43,0.7487335639341649,-1.033860319049349,4.750114146417624
127,1,47d3e5fd43f9c0f6c6654fd57652371b6cebc0bc594f3e8abe89317fd50bef60:127,0,elliptical,outside,test_id,gnn,43,0.6733307676657018,0.2584104605603313,3.5227271301815155
128,0,47d3e5fd43f9c0f6c6654fd57652371b6cebc0bc594f3e8abe89317fd50bef60:128,0,elliptical,inside,test_id,gnn,43,-0.5992000860826198,1.1031605072903727,4.5543207466849545
128,1,47d3e5fd43f9c0f6c6654fd57652371b6cebc0bc594f3e8abe89317fd50bef60:128,0,elliptical,inside,test_id,gnn,43,0.17465362570126625,0.12075266918421741,3.3043287013141334
129,0,47d3e5fd43f9c0f6c6654fd57652371b6cebc0bc594f3e8abe89317fd50bef60:129,0,circular,inside,test_id,gnn,43,-0.4755981130258265,-0.13356237927197462,3.020533328022146
129,1,47d3e5fd43f9c0f6c6654fd57652371b6cebc0bc594f3e8abe89317fd50bef60:129,0,circular,inside,test_id,gnn,43,-0.6914811296121303,0.2582338221955394,3.1869009104814947
130,0,47d3e5fd43f9c0f6c6654fd57652371b6cebc0bc594f3e8abe89317fd50bef60:130,1,circular,edge,test_id,gnn,43,0.19751708081801506,-0.7976608804774189,3.2269957557974327
130,1,47d3e5fd43f9c0f6c6654fd57652371b6cebc0bc594f3e8abe89317fd50bef60:130,1,circular,edge,test_id,gnn,43,-1.488353268589181,-0.2634769312453175,1.7957595372718576
131,0,47d3e5fd43f9c0f6c6654fd57652371b6cebc0bc594f3e8abe89317fd50bef60:131,2,circular,edge,test_id,gnn,43,3.0151765184744175,-3.8796490363192464,1.3368460897639685
131,1,47d3e5fd43f9c0f6c6654fd57652371b6cebc0bc594f3e8abe89317fd50bef60:131,2,circular,edge,test_id,gnn,43,2.225528224025565,-4.343570583255281,1.3609843114418179
132,0,47d3e5fd43f9c0f6c6654fd57652371b6cebc0bc594f3e8abe89317fd50bef60:132,2,circular,outside,test_id,gnn,43,-0.7083487672464076,0.7118331857609844,4.66372270696335
132,1,47d3e5fd43f9c0f6c6654fd57652371b6cebc0bc594f3e8abe89317fd50bef60:132,2,circular,outside,test_id,gnn,43,1.1857929067953406,0.015312738029966314,3.6522283960233155
133,0,47d3e5fd43f9c0f6c6654fd57652371b6cebc0bc594f3e8abe89317fd50bef60:133,2,elliptical,inside,test_ood,gnn,43,2.0440461473806675,-2.3355861834597493,0.6388981384131538
133,1,47d3e5fd43f9c0f6c6654fd57652371b6cebc0bc594f3e8abe89317fd50bef60:133,2,elliptical,inside,test_ood,gnn,43,1.7123985128744421,-3.1030336550784017,0.3784677935225694
134,0,47d3e5fd43f9c0f6c6654fd57652371b6cebc0bc594f3e8abe89317fd50bef60:134,1,elliptical,edge,test_id,gnn,43,-0.5276581210748378,0.41242498835803026,2.7547677031499753
134,1,47d3e5fd43f9c0f6c6654fd57652371b6cebc0bc594f3e8abe89317fd50bef60:134,1,elliptical,edge,test_id,gnn,43,-0.6792332691804591,0.0875985093999004,2.7851538130653135
135,0,47d3e5fd43f9c0f6c6654fd57652371b6cebc0bc594f3e8abe89317fd50bef60:135,1,circular,inside,test_id,gnn,43,-0.27050237485329537,-0.2822100899529362,0.8071128431985554
135,1,47d3e5fd43f9c0f6c6654fd57652371b6cebc0bc594f3e8abe89317fd50bef60:135,1,circular,inside,test_id,gnn,43,0.08648168167908758,0.4227234192776775,1.557724604445368
136,0,47d3e5fd43f9c0f6c6654fd57652371b6cebc0bc594f3e8abe89317fd50bef60:136,2,elliptical,inside,test_ood,gnn,43,-2.5011828107492153,2.574742443172941,2.4193734918677965
136,1,47d3e5fd43f9c0f6c6654fd57652371b6cebc0bc594f3e8abe89317fd50bef60:136,2,elliptical,inside,test_ood,gnn,43,-2.122085825885934,2.315598375408659,2.0163685583677564
137,0,47d3e5fd43f9c0f6c6654fd57652371b6cebc0bc594f3e8abe89317fd50bef60:137,0,elliptical,inside,test_id,gnn,43,-0.4234770400182429,0.14095065674067492,3.4394999994923827
137,1,47d3e5fd43f9c0f6c6654fd57652371b6cebc0bc594f3e8abe89317fd50bef60:137,0,elliptical,inside,test_id,gnn,43,-0.2813100976602259,1.033742792217741,3.2323080228337466
138,0,47d3e5fd43f9c0f6c6654fd57652371b6cebc0bc594f3e8abe89317fd50bef60:138,1,elliptical,inside,test_id,gnn,43,1.3906478720053015,0.07778052171946521,1.5134646309603574
138,1,47d3e5fd43f9c0f6c6654fd57652371b6cebc0bc594f3e8abe89317fd50bef60:138,1,elliptical,inside,test_id,gnn,43,-0.5111270112649623,-0.6718721322131062,2.865922505862979
139,0,47d3e5fd43f9c0f6c6654fd57652371b6cebc0bc594f3e8abe89317fd50bef60:139,1,circular,outside,test_id,gnn,43,-0.7005181474343959,0.5514531203198528,3.6599074455641865
139,1,47d3e5fd43f9c0f6c6654fd57652371b6cebc0bc594f3e8abe89317fd50bef60:139,1,circular,outside,test_id,gnn,43,0.09206624201377005,1.3285580941128825,4.116412143128643
140,0,47d3e5fd43f9c0f6c6654fd57652371b6cebc0bc594f3e8abe89317fd50bef60:140,2,elliptical,edge,test_ood,gnn,43,0.9643553333624181,0.6333270140576458,2.494884774778651
140,1,47d3e5fd43f9c0f6c6654fd57652371b6cebc0bc594f3e8abe89317fd50bef60:140,2,elliptical,edge,test_ood,gnn,43,0.6112333374365148,0.7208291359829998,2.8367049160646256
141,0,47d3e5fd43f9c0f6c6654fd57652371b6cebc0bc594f3e8abe89317fd50bef60:141,2,elliptical,outside,test_ood,gnn,43,-1.7960803670541468,-0.8265690139841938,2.5105416548934545
141,1,47d3e5fd43f9c0f6c6654fd57652371b6cebc0bc594f3e8abe89317fd50bef60:141,2,elliptical,outside,test_ood,gnn,43,-2.1836526555673306,-1.8064981631350423,1.755866248204702
142,0,47d3e5fd43f9c0f6c6654fd57652371b6cebc0bc594f3e8abe89317fd50bef60:142,1,circular,edge,test_id,gnn,43,0.24482588342269035,0.48702789029360766,2.666558928202541
142,1,47d3e5fd43f9c0f6c6654fd57652371b6cebc0bc594f3e8abe89317fd50bef60:142,1,circular,edge,test_id,gnn,43,0.4443245368345556,-0.9046394757342243,4.0543048083600635
143,0,47d3e5fd43f9c0f6c6654fd57652371b6cebc0bc594f3e8abe89317fd50bef60:143,0,elliptical,edge,test_id,gnn,43,0.23066790274222465,0.8810615607190228,4.744112983241897
143,1,47d3e5fd43f9c0f6c6654fd57652371b6cebc0bc594f3e8abe89317fd50bef60:143,0,elliptical,edge,test_id,gnn,43,-0.8196036381379787,-0.8821732930254841,4.3316596341853275
144,0,47d3e5fd43f9c0f6c6654fd57652371b6cebc0bc594f3e8abe89317fd50bef60:144,2,circular,outside,test_id,gnn,43,-0.8168674869195643,0.4526873298573589,3.104460263302649
144,1,47d3e5fd43f9c0f6c6654fd57652371b6cebc0bc594f3e8abe89317fd50bef60:144,2,circular,outside,test_id,gnn,43,-0.9010708493844691,0.18304554304362292,3.161058343958816
145,0,47d3e5fd43f9c0f6c6654fd57652371b6cebc0bc594f3e8abe89317fd50bef60:145,0,circular,inside,test_id,gnn,43,0.0796926753862676,-0.20588659563778883,1.816346155087685
145,1,47d3e5fd43f9c0f6c6654fd57652371b6cebc0bc594f3e8abe89317fd50bef60:145,0,circular,inside,test_id,gnn,43,0.6748622494085607,-0.06984688410281185,1.227483847724224
146,0,47d3e5fd43f9c0f6c6654fd57652371b6cebc0bc594f3e8abe89317fd50bef60:146,1,circular,edge,test_id,gnn,43,0.9345853762968358,-0.5440680316996479,2.068117257009655
146,1,47d3e5fd43f9c0f6c6654fd57652371b6cebc0bc594f3e8abe89317fd50bef60:146,1,circular,edge,test_id,gnn,43,0.1339333789690313,-0.3356572918009663,2.867906625251379
147,0,47d3e5fd43f9c0f6c6654fd57652371b6cebc0bc594f3e8abe89317fd50bef60:147,0,elliptical,inside,test_id,gnn,43,1.762794478450614,-0.743663840682497,2.487735107003437
147,1,47d3e5fd43f9c0f6c6654fd57652371b6cebc0bc594f3e8abe89317fd50bef60:147,0,elliptical,inside,test_id,gnn,43,-1.750919596637887,0.10152018746615406,4.116096293901833
148,0,47d3e5fd43f9c0f6c6654fd57652371b6cebc0bc594f3e8abe89317fd50bef60:148,0,elliptical,edge,test_id,gnn,43,0.5016985373838719,-0.4938536814761067,3.193696714756331
148,1,47d3e5fd43f9c0f6c6654fd57652371b6cebc0bc594f3e8abe89317fd50bef60:148,0,elliptical,edge,test_id,gnn,43,-0.6683019561425868,-0.09390688756226544,3.016765623188562
149,0,47d3e5fd43f9c0f6c6654fd57652371b6cebc0bc594f3e8abe89317fd50bef60:149,0,elliptical,inside,test_id,gnn,43,-1.7914133233682337,0.9463475414204693,4.542226303939818
149,1,47d3e5fd43f9c0f6c6654fd57652371b6cebc0bc594f3e8abe89317fd50bef60:149,0,elliptical,inside,test_id,gnn,43,0.15807053319056602,0.05104636332274433,3.0290010620593426
150,0,47d3e5fd43f9c0f6c6654fd57652371b6cebc0bc594f3e8abe89317fd50bef60:150,2,circular,outside,test_id,gnn,43,-1.0326912564889612,-0.4746045998644734,3.4108298909777153
150,1,47d3e5fd43f9c0f6c6654fd57652371b6cebc0bc594f3e8abe89317fd50bef60:150,2,circular,outside,test_id,gnn,43,-0.17038847633759407,-1.261301987559786,3.3936386558773375
151,0,47d3e5fd43f9c0f6c6654fd57652371b6cebc0bc594f3e8abe89317fd50bef60:151,1,elliptical,outside,test_id,gnn,43,0.3582227366312322,-0.63930886307477,3.048117491691166
151,1,47d3e5fd43f9c0f6c6654fd57652371b6cebc0bc594f3e8abe89317fd50bef60:151,1,elliptical,outside,test_id,gnn,43,-0.20522634812752633,0.36432785472155566,4.186201985698211
152,0,47d3e5fd43f9c0f6c6654fd57652371b6cebc0bc594f3e8abe89317fd50bef60:152,1,elliptical,outside,test_id,gnn,43,-1.493643657650155,-0.5332656137061024,4.479055231651406
152,1,47d3e5fd43f9c0f6c6654fd57652371b6cebc0bc594f3e8abe89317fd50bef60:152,1,elliptical,outside,test_id,gnn,43,0.16380283853848548,-0.15573640236376768,3.8693191595222234
153,0,47d3e5fd43f9c0f6c6654fd57652371b6cebc0bc594f3e8abe89317fd50bef60:153,0,circular,edge,test_id,gnn,43,0.5930143432958898,-0.2525093487810994,3.2557668619069675
153,1,47d3e5fd43f9c0f6c6654fd57652371b6cebc0bc594f3e8abe89317fd50bef60:153,0,circular,edge,test_id,gnn,43,-0.05951257177750498,0.6444559164929485,2.4094725210899606
154,0,47d3e5fd43f9c0f6c6654fd57652371b6cebc0bc594f3e8abe89317fd50bef60:154,0,elliptical,outside,test_id,gnn,43,-0.9100024861947719,0.41198954662562365,3.1766928370070016
154,1,47d3e5fd43f9c0f6c6654fd57652371b6cebc0bc594f3e8abe89317fd50bef60:154,0,elliptical,outside,test_id,gnn,43,0.3127510981901464,0.849565751163969,4.169312410872485
155,0,47d3e5fd43f9c0f6c6654fd57652371b6cebc0bc594f3e8abe89317fd50bef60:155,1,circular,inside,test_id,gnn,43,0.14727332315285774,-0.26485353031872755,2.8697758303198406
155,1,47d3e5fd43f9c0f6c6654fd57652371b6cebc0bc594f3e8abe89317fd50bef60:155,1,circular,inside,test_id,gnn,43,-0.47216357418457894,1.160242921917448,4.327533531265034
156,0,47d3e5fd43f9c0f6c6654fd57652371b6cebc0bc594f3e8abe89317fd50bef60:156,1,elliptical,edge,test_id,gnn,43,1.3109526472433386,-0.005331431270828288,4.480117199741697
156,1,47d3e5fd43f9c0f6c6654fd57652371b6cebc0bc594f3e8abe89317fd50bef60:156,1,elliptical,edge,test_id,gnn,43,-0.17214204498688607,0.814759261219511,3.486637224460552
157,0,47d3e5fd43f9c0f6c6654fd57652371b6cebc0bc594f3e8abe89317fd50bef60:157,1,circular,outside,test_id,gnn,43,-0.016349652196568545,1.5243543454098796,4.568628707346194
157,1,47d3e5fd43f9c0f6c6654fd57652371b6cebc0bc594f3e8abe89317fd50bef60:157,1,circular,outside,test_id,gnn,43,-0.7448144120828334,0.20192659577609057,3.150001538715222
158,0,47d3e5fd43f9c0f6c6654fd57652371b6cebc0bc594f3e8abe89317fd50bef60:158,1,elliptical,inside,test_id,gnn,43,-0.6683408183709804,0.10443404993296619,1.7968687119477706
158,1,47d3e5fd43f9c0f6c6654fd57652371b6cebc0bc594f3e8abe89317fd50bef60:158,1,elliptical,inside,test_id,gnn,43,-0.06466679402748972,0.09945089301348682,2.0039928722663305
159,0,47d3e5fd43f9c0f6c6654fd57652371b6cebc0bc594f3e8abe89317fd50bef60:159,0,circular,inside,test_id,gnn,43,0.2069066899164495,0.15862212261439318,1.9903239239893475
159,1,47d3e5fd43f9c0f6c6654fd57652371b6cebc0bc594f3e8abe89317fd50bef60:159,0,circular,inside,test_id,gnn,43,-0.022255742336911258,-0.29449945011853224,2.498081861781037
160,0,47d3e5fd43f9c0f6c6654fd57652371b6cebc0bc594f3e8abe89317fd50bef60:160,1,elliptical,inside,test_id,gnn,43,-1.753180520023507,-0.06237647378562931,0.2111269934087445
160,1,47d3e5fd43f9c0f6c6654fd57652371b6cebc0bc594f3e8abe89317fd50bef60:160,1,elliptical,inside,test_id,gnn,43,0.47658924630721183,-0.2880498699259663,2.4164796781245226
161,0,47d3e5fd43f9c0f6c6654fd57652371b6cebc0bc594f3e8abe89317fd50bef60:161,2,elliptical,inside,test_ood,gnn,43,1.7911969261511145,0.5780350633549786,1.0413012254441323
161,1,47d3e5fd43f9c0f6c6654fd57652371b6cebc0bc594f3e8abe89317fd50bef60:161,2,elliptical,inside,test_ood,gnn,43,1.1231353121145544,-0.33849724450825697,2.0441298748825885
162,0,47d3e5fd43f9c0f6c6654fd57652371b6cebc0bc594f3e8abe89317fd50bef60:162,2,elliptical,edge,test_ood,gnn,43,-1.7173311872140589,-2.391942136676302,1.1600481653647579
162,1,47d3e5fd43f9c0f6c6654fd57652371b6cebc0bc594f3e8abe89317fd50bef60:162,2,elliptical,edge,test_ood,gnn,43,-1.2054923934594812,-3.1748393706393148,1.5099113457192281
163,0,47d3e5fd43f9c0f6c6654fd57652371b6cebc0bc594f3e8abe89317fd50bef60:163,0,circular,edge,test_id,gnn,43,-0.7508919400827113,-0.9466259411883259,4.0803450931564145
163,1,47d3e5fd43f9c0f6c6654fd57652371b6cebc0bc594f3e8abe89317fd50bef60:163,0,circular,edge,test_id,gnn,43,-0.6430939001695338,0.3319553204465007,2.9028962713145803
164,0,47d3e5fd43f9c0f6c6654fd57652371b6cebc0bc594f3e8abe89317fd50bef60:164,2,elliptical,outside,test_ood,gnn,43,-0.9236411018029872,-0.2180665365767384,2.7609797902111484
164,1,47d3e5fd43f9c0f6c6654fd57652371b6cebc0bc594f3e8abe89317fd50bef60:164,2,elliptical,outside,test_ood,gnn,43,-1.7467732591287317,0.10595687410117145,1.8835704780598699
165,0,47d3e5fd43f9c0f6c6654fd57652371b6cebc0bc594f3e8abe89317fd50bef60:165,0,elliptical,edge,test_id,gnn,43,-0.23935248085419564,-0.6573766402315998,4.773553368638255
165,1,47d3e5fd43f9c0f6c6654fd57652371b6cebc0bc594f3e8abe89317fd50bef60:165,0,elliptical,edge,test_id,gnn,43,0.12639612576802345,-1.0709968737673665,4.886023559369309
166,0,47d3e5fd43f9c0f6c6654fd57652371b6cebc0bc594f3e8abe89317fd50bef60:166,2,circular,inside,test_id,gnn,43,1.3166527586324988,-0.03551489369689469,2.5075959827658405
166,1,47d3e5fd43f9c0f6c6654fd57652371b6cebc0bc594f3e8abe89317fd50bef60:166,2,circular,inside,test_id,gnn,43,1.4174111919744787,1.2807282277035807,1.3698924576902896
167,0,47d3e5fd43f9c0f6c6654fd57652371b6cebc0bc594f3e8abe89317fd50bef60:167,2,circular,edge,test_id,gnn,43,-3.2725143594400112,-0.6729325584483051,0.2730027282882919
167,1,47d3e5fd43f9c0f6c6654fd57652371b6cebc0bc594f3e8abe89317fd50bef60:167,2,circular,edge,test_id,gnn,43,-3.917768017734689,-0.11437983134507183,1.0659794092090402
168,0,47d3e5fd43f9c0f6c6654fd57652371b6cebc0bc594f3e8abe89317fd50bef60:168,1,circular,outside,test_id,gnn,43,0.32964877656539054,-0.1284049458217526,3.1708474773299176
168,1,47d3e5fd43f9c0f6c6654fd57652371b6cebc0bc594f3e8abe89317fd50bef60:168,1,circular,outside,test_id,gnn,43,-0.00799528637091547,1.4731589623379802,3.5791207880113802
169,0,47d3e5fd43f9c0f6c6654fd57652371b6cebc0bc594f3e8abe89317fd50bef60:169,0,circular,outside,test_id,gnn,43,0.6008678512914952,-0.1120097271513844,4.141487301812571
169,1,47d3e5fd43f9c0f6c6654fd57652371b6cebc0bc594f3e8abe89317fd50bef60:169,0,circular,outside,test_id,gnn,43,-0.46604205795685677,-0.6499599150729084,3.048945724453663
170,0,47d3e5fd43f9c0f6c6654fd57652371b6cebc0bc594f3e8abe89317fd50bef60:170,1,circular,inside,test_id,gnn,43,0.2311129557236013,-0.5641313723635578,2.6625054215234623
170,1,47d3e5fd43f9c0f6c6654fd57652371b6cebc0bc594f3e8abe89317fd50bef60:170,1,circular,inside,test_id,gnn,43,-1.314214126552743,-1.3333525590014363,2.1063538779096134
171,0,47d3e5fd43f9c0f6c6654fd57652371b6cebc0bc594f3e8abe89317fd50bef60:171,2,circular,edge,test_id,gnn,43,-1.3335682315484705,-0.8331087760043049,2.606441650109116
171,1,47d3e5fd43f9c0f6c6654fd57652371b6cebc0bc594f3e8abe89317fd50bef60:171,2,circular,edge,test_id,gnn,43,-1.906658784832162,0.3111986287522411,3.3328760571731824
172,0,47d3e5fd43f9c0f6c6654fd57652371b6cebc0bc594f3e8abe89317fd50bef60:172,0,elliptical,outside,test_id,gnn,43,-0.49922193714539437,0.2427691884923076,4.534391525516352
172,1,47d3e5fd43f9c0f6c6654fd57652371b6cebc0bc594f3e8abe89317fd50bef60:172,0,elliptical,outside,test_id,gnn,43,0.04383303842385382,-0.7961450747561359,5.155180859149615
173,0,47d3e5fd43f9c0f6c6654fd57652371b6cebc0bc594f3e8abe89317fd50bef60:173,2,elliptical,inside,test_ood,gnn,43,0.4138597088201818,1.291270501225004,1.4508975699393547
173,1,47d3e5fd43f9c0f6c6654fd57652371b6cebc0bc594f3e8abe89317fd50bef60:173,2,elliptical,inside,test_ood,gnn,43,-0.6008557243005458,1.5358893938946818,0.5867851500485385
174,0,47d3e5fd43f9c0f6c6654fd57652371b6cebc0bc594f3e8abe89317fd50bef60:174,2,elliptical,outside,test_ood,gnn,43,-1.1923771066323938,-1.2289688519549276,3.1894134177281193
174,1,47d3e5fd43f9c0f6c6654fd57652371b6cebc0bc594f3e8abe89317fd50bef60:174,2,elliptical,outside,test_ood,gnn,43,-0.2975771588937464,-1.6375437907290364,3.8618767682142154
175,0,47d3e5fd43f9c0f6c6654fd57652371b6cebc0bc594f3e8abe89317fd50bef60:175,2,elliptical,edge,test_ood,gnn,43,-0.39296145864884285,1.2589501210141276,3.461901548120988
175,1,47d3e5fd43f9c0f6c6654fd57652371b6cebc0bc594f3e8abe89317fd50bef60:175,2,elliptical,edge,test_ood,gnn,43,0.8670189218862828,0.8843658038067913,2.382751697747465
176,0,47d3e5fd43f9c0f6c6654fd57652371b6cebc0bc594f3e8abe89317fd50bef60:176,2,circular,inside,test_id,gnn,43,-1.5023534459726038,1.6966606446194743,1.4973556735403541
176,1,47d3e5fd43f9c0f6c6654fd57652371b6cebc0bc594f3e8abe89317fd50bef60:176,2,circular,inside,test_id,gnn,43,-1.092352883304757,1.9052556820798014,1.6874011503531146
177,0,47d3e5fd43f9c0f6c6654fd57652371b6cebc0bc594f3e8abe89317fd50bef60:177,1,circular,edge,test_id,gnn,43,0.07591158768971533,0.21061355551959032,3.8995930216073265
177,1,47d3e5fd43f9c0f6c6654fd57652371b6cebc0bc594f3e8abe89317fd50bef60:177,1,circular,edge,test_id,gnn,43,-0.12951116391579537,-0.0017002380800152234,3.9242706161559036
178,0,47d3e5fd43f9c0f6c6654fd57652371b6cebc0bc594f3e8abe89317fd50bef60:178,1,elliptical,edge,test_id,gnn,43,-0.7221786541597072,1.1577597924161052,2.780828648985604
178,1,47d3e5fd43f9c0f6c6654fd57652371b6cebc0bc594f3e8abe89317fd50bef60:178,1,elliptical,edge,test_id,gnn,43,0.34289727977355094,0.5370000072407818,2.6650835467582383
179,0,47d3e5fd43f9c0f6c6654fd57652371b6cebc0bc594f3e8abe89317fd50bef60:179,0,circular,outside,test_id,gnn,43,0.0964792805059728,-0.3165858022284413,3.645199110808364
179,1,47d3e5fd43f9c0f6c6654fd57652371b6cebc0bc594f3e8abe89317fd50bef60:179,0,circular,outside,test_id,gnn,43,0.29942402115901084,-0.4234069518160725,3.5199567812267984
180,0,47d3e5fd43f9c0f6c6654fd57652371b6cebc0bc594f3e8abe89317fd50bef60:180,2,elliptical,inside,test_ood,gnn,43,-2.079140440906686,-2.273838870913973,1.3727896693199995
180,1,47d3e5fd43f9c0f6c6654fd57652371b6cebc0bc594f3e8abe89317fd50bef60:180,2,elliptical,inside,test_ood,gnn,43,-0.7954138679162684,-1.615915410907259,0.6523988379477755
181,0,47d3e5fd43f9c0f6c6654fd57652371b6cebc0bc594f3e8abe89317fd50bef60:181,0,circular,inside,test_id,gnn,43,0.04050946853001684,1.0709897347378825,3.546623487395531
181,1,47d3e5fd43f9c0f6c6654fd57652371b6cebc0bc594f3e8abe89317fd50bef60:181,0,circular,inside,test_id,gnn,43,-1.2427256269113245,-0.056545261980285685,3.5571341607770868
182,0,47d3e5fd43f9c0f6c6654fd57652371b6cebc0bc594f3e8abe89317fd50bef60:182,2,elliptical,edge,test_ood,gnn,43,0.7875423269613561,-5.237209670932283,2.3134432818072637
182,1,47d3e5fd43f9c0f6c6654fd57652371b6cebc0bc594f3e8abe89317fd50bef60:182,2,elliptical,edge,test_ood,gnn,43,1.2261327343328772,-5.348503463656892,2.5634734433632964
183,0,47d3e5fd43f9c0f6c6654fd57652371b6cebc0bc594f3e8abe89317fd50bef60:183,2,elliptical,outside,test_ood,gnn,43,-0.5211016101495448,-0.06986854294060711,4.376718430348444
183,1,47d3e5fd43f9c0f6c6654fd57652371b6cebc0bc594f3e8abe89317fd50bef60:183,2,elliptical,outside,test_ood,gnn,43,0.6597089605673131,-0.7213591269564533,4.525483753644378
184,0,47d3e5fd43f9c0f6c6654fd57652371b6cebc0bc594f3e8abe89317fd50bef60:184,0,elliptical,outside,test_id,gnn,43,-0.9717190427438441,0.5070483752179241,3.4005866845040362
184,1,47d3e5fd43f9c0f6c6654fd57652371b6cebc0bc594f3e8abe89317fd50bef60:184,0,elliptical,outside,test_id,gnn,43,-1.0921815795556726,-0.7461210421633625,4.423732349502842
185,0,47d3e5fd43f9c0f6c6654fd57652371b6cebc0bc594f3e8abe89317fd50bef60:185,2,circular,edge,test_id,gnn,43,1.6830196218832312,-0.8052728108477497,1.5642524499578816
185,1,47d3e5fd43f9c0f6c6654fd57652371b6cebc0bc594f3e8abe89317fd50bef60:185,2,circular,edge,test_id,gnn,43,0.7876304226263341,0.5701690383839703,2.2752887314444274
186,0,47d3e5fd43f9c0f6c6654fd57652371b6cebc0bc594f3e8abe89317fd50bef60:186,2,circular,edge,test_id,gnn,43,-2.9356854123727505,-2.1709750823092366,0.8638550807733143
186,1,47d3e5fd43f9c0f6c6654fd57652371b6cebc0bc594f3e8abe89317fd50bef60:186,2,circular,edge,test_id,gnn,43,-2.525856272663278,-0.8129866651606464,2.193380538549532
187,0,47d3e5fd43f9c0f6c6654fd57652371b6cebc0bc594f3e8abe89317fd50bef60:187,2,circular,outside,test_id,gnn,43,1.3417686062200842,2.223402626125822,1.1506026624611678
187,1,47d3e5fd43f9c0f6c6654fd57652371b6cebc0bc594f3e8abe89317fd50bef60:187,2,circular,outside,test_id,gnn,43,1.3913943605764685,2.5826217003750895,0.856371023685393
188,0,47d3e5fd43f9c0f6c6654fd57652371b6cebc0bc594f3e8abe89317fd50bef60:188,0,circular,inside,test_id,gnn,43,0.5519586043699559,1.2747479744839763,3.5016532188880345
188,1,47d3e5fd43f9c0f6c6654fd57652371b6cebc0bc594f3e8abe89317fd50bef60:188,0,circular,inside,test_id,gnn,43,0.16587198397954078,0.3974075981068706,2.8165701082696266
189,0,47d3e5fd43f9c0f6c6654fd57652371b6cebc0bc594f3e8abe89317fd50bef60:189,0,elliptical,edge,test_id,gnn,43,-0.3097748024121943,-0.008191219286313098,3.5896020239880446
189,1,47d3e5fd43f9c0f6c6654fd57652371b6cebc0bc594f3e8abe89317fd50bef60:189,0,elliptical,edge,test_id,gnn,43,0.35086141398985954,0.9544943042683697,3.6369286461056647
190,0,47d3e5fd43f9c0f6c6654fd57652371b6cebc0bc594f3e8abe89317fd50bef60:190,1,circular,outside,test_id,gnn,43,1.1947765188558874,0.24849832734347338,3.7593990781462163
190,1,47d3e5fd43f9c0f6c6654fd57652371b6cebc0bc594f3e8abe89317fd50bef60:190,1,circular,outside,test_id,gnn,43,1.0589023666723547,0.6004361577916241,3.4460307216961006
191,0,47d3e5fd43f9c0f6c6654fd57652371b6cebc0bc594f3e8abe89317fd50bef60:191,2,circular,outside,test_id,gnn,43,-0.8424875898019496,-0.36498051205395704,3.3533323402124613
191,1,47d3e5fd43f9c0f6c6654fd57652371b6cebc0bc594f3e8abe89317fd50bef60:191,2,circular,outside,test_id,gnn,43,-0.3442993921891871,0.49193174323321337,4.34437139990205
192,0,47d3e5fd43f9c0f6c6654fd57652371b6cebc0bc594f3e8abe89317fd50bef60:192,2,circular,inside,test_id,gnn,43,-1.8548491162912073,0.6416769095349407,1.0952964111308539
192,1,47d3e5fd43f9c0f6c6654fd57652371b6cebc0bc594f3e8abe89317fd50bef60:192,2,circular,inside,test_id,gnn,43,-1.812863366092843,2.218466407864103,1.2204131545895525
193,0,47d3e5fd43f9c0f6c6654fd57652371b6cebc0bc594f3e8abe89317fd50bef60:193,0,elliptical,inside,test_id,gnn,43,-0.33689515420357613,0.07501030644656177,3.026335563804799
193,1,47d3e5fd43f9c0f6c6654fd57652371b6cebc0bc594f3e8abe89317fd50bef60:193,0,elliptical,inside,test_id,gnn,43,-1.3345734042779627,-0.1634105674338246,2.855304452513124
194,0,47d3e5fd43f9c0f6c6654fd57652371b6cebc0bc594f3e8abe89317fd50bef60:194,1,elliptical,outside,test_id,gnn,43,-0.1483922464505854,-1.046456926257601,3.405316744890183
194,1,47d3e5fd43f9c0f6c6654fd57652371b6cebc0bc594f3e8abe89317fd50bef60:194,1,elliptical,outside,test_id,gnn,43,1.519733651195365,0.001497625617990453,5.313686804419284
195,0,47d3e5fd43f9c0f6c6654fd57652371b6cebc0bc594f3e8abe89317fd50bef60:195,1,circular,inside,test_id,gnn,43,0.5960701542242345,1.1617827483105754,1.4202261117300876
195,1,47d3e5fd43f9c0f6c6654fd57652371b6cebc0bc594f3e8abe89317fd50bef60:195,1,circular,inside,test_id,gnn,43,0.42865429690917106,0.48617387494326586,1.8105498088965568
196,0,47d3e5fd43f9c0f6c6654fd57652371b6cebc0bc594f3e8abe89317fd50bef60:196,0,circular,outside,test_id,gnn,43,-0.19249276944558052,0.8845464058804607,3.275762019483122
196,1,47d3e5fd43f9c0f6c6654fd57652371b6cebc0bc594f3e8abe89317fd50bef60:196,0,circular,outside,test_id,gnn,43,-1.1616393489495935,0.8459476300168133,2.8539713047267026
197,0,47d3e5fd43f9c0f6c6654fd57652371b6cebc0bc594f3e8abe89317fd50bef60:197,2,circular,inside,test_id,gnn,43,-0.039162197496098575,-1.032482259662142,3.1561811105367132
197,1,47d3e5fd43f9c0f6c6654fd57652371b6cebc0bc594f3e8abe89317fd50bef60:197,2,circular,inside,test_id,gnn,43,-1.2291060847894373,-1.255927436740389,1.9886105124510056
198,0,47d3e5fd43f9c0f6c6654fd57652371b6cebc0bc594f3e8abe89317fd50bef60:198,0,elliptical,outside,test_id,gnn,43,0.14530838153203102,0.20432958683253283,3.403075773492192
198,1,47d3e5fd43f9c0f6c6654fd57652371b6cebc0bc594f3e8abe89317fd50bef60:198,0,elliptical,outside,test_id,gnn,43,-0.8293010158197108,-0.1288002214741612,3.5541484578798532
199,0,47d3e5fd43f9c0f6c6654fd57652371b6cebc0bc594f3e8abe89317fd50bef60:199,1,circular,edge,test_id,gnn,43,1.4658100443228064,0.4161638089108562,2.9036682007783523
199,1,47d3e5fd43f9c0f6c6654fd57652371b6cebc0bc594f3e8abe89317fd50bef60:199,1,circular,edge,test_id,gnn,43,0.9066533880575475,-0.30313059011219984,3.8026230895654036
200,0,47d3e5fd43f9c0f6c6654fd57652371b6cebc0bc594f3e8abe89317fd50bef60:200,0,circular,edge,test_id,gnn,43,-0.7299046678201381,0.847330815403471,4.166211918186469
200,1,47d3e5fd43f9c0f6c6654fd57652371b6cebc0bc594f3e8abe89317fd50bef60:200,0,circular,edge,test_id,gnn,43,0.6207349734648046,-0.17678999224423414,2.834073941650364
201,0,47d3e5fd43f9c0f6c6654fd57652371b6cebc0bc594f3e8abe89317fd50bef60:201,1,circular,inside,test_id,gnn,43,-0.7641512317315761,0.3189607330250835,4.001002180164702
201,1,47d3e5fd43f9c0f6c6654fd57652371b6cebc0bc594f3e8abe89317fd50bef60:201,1,circular,inside,test_id,gnn,43,-1.1363239450113,0.6987611123013592,4.528039240549276
202,0,47d3e5fd43f9c0f6c6654fd57652371b6cebc0bc594f3e8abe89317fd50bef60:202,1,elliptical,edge,test_id,gnn,43,1.1459176378591833,-0.46556591311215406,3.812988172656143
202,1,47d3e5fd43f9c0f6c6654fd57652371b6cebc0bc594f3e8abe89317fd50bef60:202,1,elliptical,edge,test_id,gnn,43,0.30519987515051933,-0.31750100174664503,4.112805300688184
203,0,47d3e5fd43f9c0f6c6654fd57652371b6cebc0bc594f3e8abe89317fd50bef60:203,2,elliptical,outside,test_ood,gnn,43,0.06628929695923895,-0.5853775672030354,3.6366662259257874
203,1,47d3e5fd43f9c0f6c6654fd57652371b6cebc0bc594f3e8abe89317fd50bef60:203,2,elliptical,outside,test_ood,gnn,43,-1.322526828731698,-0.24663668194531446,2.2330181714338866
204,0,47d3e5fd43f9c0f6c6654fd57652371b6cebc0bc594f3e8abe89317fd50bef60:204,2,elliptical,edge,test_ood,gnn,43,-0.0460862306610766,0.6807450123715496,3.1683348295536327
204,1,47d3e5fd43f9c0f6c6654fd57652371b6cebc0bc594f3e8abe89317fd50bef60:204,2,elliptical,edge,test_ood,gnn,43,-0.137748883451623,1.1502289839673137,2.773758677484119
205,0,47d3e5fd43f9c0f6c6654fd57652371b6cebc0bc594f3e8abe89317fd50bef60:205,1,elliptical,inside,test_id,gnn,43,-0.7770292920724574,1.2516925402569865,2.9932253852372437
205,1,47d3e5fd43f9c0f6c6654fd57652371b6cebc0bc594f3e8abe89317fd50bef60:205,1,elliptical,inside,test_id,gnn,43,-0.9870772523538295,-0.2768520943236256,1.9898962860240412
206,0,47d3e5fd43f9c0f6c6654fd57652371b6cebc0bc594f3e8abe89317fd50bef60:206,1,circular,outside,test_id,gnn,43,0.6778256731375035,1.7578283615994548,4.88843659434084
206,1,47d3e5fd43f9c0f6c6654fd57652371b6cebc0bc594f3e8abe89317fd50bef60:206,1,circular,outside,test_id,gnn,43,-0.45858933159272103,-0.33312236586331373,4.514944209455408
207,0,47d3e5fd43f9c0f6c6654fd57652371b6cebc0bc594f3e8abe89317fd50bef60:207,0,elliptical,edge,test_id,gnn,43,-0.44941200443665413,0.03460567375899311,3.1367312499851407
207,1,47d3e5fd43f9c0f6c6654fd57652371b6cebc0bc594f3e8abe89317fd50bef60:207,0,elliptical,edge,test_id,gnn,43,0.059094450090723935,1.5096753903317546,1.5764718296265299
208,0,47d3e5fd43f9c0f6c6654fd57652371b6cebc0bc594f3e8abe89317fd50bef60:208,0,circular,outside,test_id,gnn,43,0.3383633332594213,0.5356562801289654,3.400266731069937
208,1,47d3e5fd43f9c0f6c6654fd57652371b6cebc0bc594f3e8abe89317fd50bef60:208,0,circular,outside,test_id,gnn,43,0.16219134501059623,0.11680970272303577,3.848597476082723
209,0,47d3e5fd43f9c0f6c6654fd57652371b6cebc0bc594f3e8abe89317fd50bef60:209,0,circular,edge,test_id,gnn,43,0.7569995956762609,-0.09944770553826336,3.1456319534126873
209,1,47d3e5fd43f9c0f6c6654fd57652371b6cebc0bc594f3e8abe89317fd50bef60:209,0,circular,edge,test_id,gnn,43,-0.6936103267327968,-0.3321192494940663,3.4550843253645325
210,0,47d3e5fd43f9c0f6c6654fd57652371b6cebc0bc594f3e8abe89317fd50bef60:210,0,elliptical,inside,test_id,gnn,43,-0.5448424381868068,0.12092860719443317,2.561760455759106
210,1,47d3e5fd43f9c0f6c6654fd57652371b6cebc0bc594f3e8abe89317fd50bef60:210,0,elliptical,inside,test_id,gnn,43,0.1854070710285482,-0.2955274514269734,2.478503677701775
211,0,47d3e5fd43f9c0f6c6654fd57652371b6cebc0bc594f3e8abe89317fd50bef60:211,1,elliptical,edge,test_id,gnn,43,0.16732849052985282,-0.7132145098757648,3.2951773584223014
211,1,47d3e5fd43f9c0f6c6654fd57652371b6cebc0bc594f3e8abe89317fd50bef60:211,1,elliptical,edge,test_id,gnn,43,-0.6684109134332362,-0.8181559971880817,2.5425029971962
212,0,47d3e5fd43f9c0f6c6654fd57652371b6cebc0bc594f3e8abe89317fd50bef60:212,1,circular,edge,test_id,gnn,43,1.0128779845579443,-0.09093178877352719,2.917015176988012
212,1,47d3e5fd43f9c0f6c6654fd57652371b6cebc0bc594f3e8abe89317fd50bef60:212,1,circular,edge,test_id,gnn,43,-0.41909609862725167,-0.16442012110470777,3.0856306690006905
213,0,47d3e5fd43f9c0f6c6654fd57652371b6cebc0bc594f3e8abe89317fd50bef60:213,1,elliptical,outside,test_id,gnn,43,-0.6874092979089442,0.8743692108082867,3.112729667130302
213,1,47d3e5fd43f9c0f6c6654fd57652371b6cebc0bc594f3e8abe89317fd50bef60:213,1,elliptical,outside,test_id,gnn,43,0.8936837749822911,0.13200593671084399,4.670273286304684
214,0,47d3e5fd43f9c0f6c6654fd57652371b6cebc0bc594f3e8abe89317fd50bef60:214,1,elliptical,inside,test_id,gnn,43,0.2578226762159643,0.1733933158803081,0.28285156778829645
214,1,47d3e5fd43f9c0f6c6654fd57652371b6cebc0bc594f3e8abe89317fd50bef60:214,1,elliptical,inside,test_id,gnn,43,0.07606232783635229,-0.02741574005900864,0.18946140204617437
215,0,47d3e5fd43f9c0f6c6654fd57652371b6cebc0bc594f3e8abe89317fd50bef60:215,2,elliptical,inside,test_ood,gnn,43,0.9580312805517491,3.2592436142850016,0.37277288743462944
215,1,47d3e5fd43f9c0f6c6654fd57652371b6cebc0bc594f3e8abe89317fd50bef60:215,2,elliptical,inside,test_ood,gnn,43,1.1308309870107947,2.730133182613859,0.2239420836150457
216,0,47d3e5fd43f9c0f6c6654fd57652371b6cebc0bc594f3e8abe89317fd50bef60:216,1,circular,outside,test_id,gnn,43,0.583961709056693,-0.6411447457384968,3.1117468436412716
216,1,47d3e5fd43f9c0f6c6654fd57652371b6cebc0bc594f3e8abe89317fd50bef60:216,1,circular,outside,test_id,gnn,43,-1.2444147033349695,-0.23064818301915174,3.5546137403377296
217,0,47d3e5fd43f9c0f6c6654fd57652371b6cebc0bc594f3e8abe89317fd50bef60:217,1,circular,edge,test_id,gnn,43,-0.07660631963173777,-0.49167954245327955,3.9263766916324725
217,1,47d3e5fd43f9c0f6c6654fd57652371b6cebc0bc594f3e8abe89317fd50bef60:217,1,circular,edge,test_id,gnn,43,-0.7133044762269679,0.2210990854191875,3.6930942449662463
218,0,47d3e5fd43f9c0f6c6654fd57652371b6cebc0bc594f3e8abe89317fd50bef60:218,1,elliptical,inside,test_id,gnn,43,-0.8289637727395717,-0.3265579871249104,3.2349354537942396
218,1,47d3e5fd43f9c0f6c6654fd57652371b6cebc0bc594f3e8abe89317fd50bef60:218,1,elliptical,inside,test_id,gnn,43,1.0048059063299475,0.45801750501872057,1.3065320821236752
219,0,47d3e5fd43f9c0f6c6654fd57652371b6cebc0bc594f3e8abe89317fd50bef60:219,2,circular,inside,test_id,gnn,43,0.39013822249014946,5.3820849724698165,2.9618232706942376
219,1,47d3e5fd43f9c0f6c6654fd57652371b6cebc0bc594f3e8abe89317fd50bef60:219,2,circular,inside,test_id,gnn,43,0.12386514863808722,5.0050894089627365,2.5756621007619542
220,0,47d3e5fd43f9c0f6c6654fd57652371b6cebc0bc594f3e8abe89317fd50bef60:220,1,elliptical,outside,test_id,gnn,43,0.424170358692008,0.30479893764735216,4.442514474185156
220,1,47d3e5fd43f9c0f6c6654fd57652371b6cebc0bc594f3e8abe89317fd50bef60:220,1,elliptical,outside,test_id,gnn,43,0.3508198099478063,0.42178589782000536,4.30470218279828
221,0,47d3e5fd43f9c0f6c6654fd57652371b6cebc0bc594f3e8abe89317fd50bef60:221,1,circular,inside,test_id,gnn,43,-0.7038802666322413,0.5676631399083233,1.8711770185317431
221,1,47d3e5fd43f9c0f6c6654fd57652371b6cebc0bc594f3e8abe89317fd50bef60:221,1,circular,inside,test_id,gnn,43,0.5971016722067174,0.7339127131390667,2.426510764399119
222,0,47d3e5fd43f9c0f6c6654fd57652371b6cebc0bc594f3e8abe89317fd50bef60:222,0,circular,edge,test_id,gnn,43,-0.3558595342294398,0.4156044789242839,2.689432256479462
222,1,47d3e5fd43f9c0f6c6654fd57652371b6cebc0bc594f3e8abe89317fd50bef60:222,0,circular,edge,test_id,gnn,43,0.8591110544546422,-0.23162549057721143,3.2657246378099276
223,0,47d3e5fd43f9c0f6c6654fd57652371b6cebc0bc594f3e8abe89317fd50bef60:223,1,circular,inside,test_id,gnn,43,-1.0746222896234217,-0.9857375554156208,1.876101081189329
223,1,47d3e5fd43f9c0f6c6654fd57652371b6cebc0bc594f3e8abe89317fd50bef60:223,1,circular,inside,test_id,gnn,43,-1.079454318966073,0.7312684126782513,2.816696887949093
224,0,47d3e5fd43f9c0f6c6654fd57652371b6cebc0bc594f3e8abe89317fd50bef60:224,1,elliptical,outside,test_id,gnn,43,-0.47481997438828377,-0.7831891707491779,5.030354707564673
224,1,47d3e5fd43f9c0f6c6654fd57652371b6cebc0bc594f3e8abe89317fd50bef60:224,1,elliptical,outside,test_id,gnn,43,-1.1838158530847254,-0.43182634630917555,5.020467922578934
225,0,47d3e5fd43f9c0f6c6654fd57652371b6cebc0bc594f3e8abe89317fd50bef60:225,2,elliptical,edge,test_ood,gnn,43,-0.3082079453126612,-1.57975315371274,1.7082610263659708
225,1,47d3e5fd43f9c0f6c6654fd57652371b6cebc0bc594f3e8abe89317fd50bef60:225,2,elliptical,edge,test_ood,gnn,43,-0.17858810850541024,-0.40310495415448194,2.812081117758144
226,0,47d3e5fd43f9c0f6c6654fd57652371b6cebc0bc594f3e8abe89317fd50bef60:226,1,circular,edge,test_id,gnn,43,-0.9189179105416957,-0.6300277642321491,2.6138795477167234
226,1,47d3e5fd43f9c0f6c6654fd57652371b6cebc0bc594f3e8abe89317fd50bef60:226,1,circular,edge,test_id,gnn,43,-0.14930455514351754,0.18855819782496447,3.6975488378646233
227,0,47d3e5fd43f9c0f6c6654fd57652371b6cebc0bc594f3e8abe89317fd50bef60:227,0,elliptical,inside,test_id,gnn,43,0.04468875250657171,0.5619198747563457,2.415648067510623
227,1,47d3e5fd43f9c0f6c6654fd57652371b6cebc0bc594f3e8abe89317fd50bef60:227,0,elliptical,inside,test_id,gnn,43,-0.4122085435048762,0.6354470320630169,2.7311693997388815
228,0,47d3e5fd43f9c0f6c6654fd57652371b6cebc0bc594f3e8abe89317fd50bef60:228,2,elliptical,edge,test_ood,gnn,43,-0.5436387223855678,-3.0039943389010335,0.933823087009911
228,1,47d3e5fd43f9c0f6c6654fd57652371b6cebc0bc594f3e8abe89317fd50bef60:228,2,elliptical,edge,test_ood,gnn,43,-0.9446418447152797,-2.9902192286562825,1.3348535000342705
229,0,47d3e5fd43f9c0f6c6654fd57652371b6cebc0bc594f3e8abe89317fd50bef60:229,2,elliptical,inside,test_ood,gnn,43,-0.7229989928857509,-1.6600879363131429,1.2380406178552792
229,1,47d3e5fd43f9c0f6c6654fd57652371b6cebc0bc594f3e8abe89317fd50bef60:229,2,elliptical,inside,test_ood,gnn,43,-1.235928313221139,-0.958616667182436,0.5964039902506885
230,0,47d3e5fd43f9c0f6c6654fd57652371b6cebc0bc594f3e8abe89317fd50bef60:230,1,elliptical,edge,test_id,gnn,43,0.8736901121481236,0.031921512691984136,2.560275189750858
230,1,47d3e5fd43f9c0f6c6654fd57652371b6cebc0bc594f3e8abe89317fd50bef60:230,1,elliptical,edge,test_id,gnn,43,0.12283477804501623,0.20871869405985827,3.2935421499004254
231,0,47d3e5fd43f9c0f6c6654fd57652371b6cebc0bc594f3e8abe89317fd50bef60:231,0,elliptical,edge,test_id,gnn,43,-0.8829043073312465,0.34234548291445727,4.704998946936588
231,1,47d3e5fd43f9c0f6c6654fd57652371b6cebc0bc594f3e8abe89317fd50bef60:231,0,elliptical,edge,test_id,gnn,43,-0.5926722449914638,0.354406900017271,4.514403678782758
232,0,47d3e5fd43f9c0f6c6654fd57652371b6cebc0bc594f3e8abe89317fd50bef60:232,0,elliptical,outside,test_id,gnn,43,-0.03181285538832575,0.04239329627037998,3.6911425310189134
232,1,47d3e5fd43f9c0f6c6654fd57652371b6cebc0bc594f3e8abe89317fd50bef60:232,0,elliptical,outside,test_id,gnn,43,-0.6867460174218837,1.3611205883908366,2.253556747928904
233,0,47d3e5fd43f9c0f6c6654fd57652371b6cebc0bc594f3e8abe89317fd50bef60:233,2,elliptical,outside,test_ood,gnn,43,1.1587768631323156,-1.2622781924319173,3.184604779689853
233,1,47d3e5fd43f9c0f6c6654fd57652371b6cebc0bc594f3e8abe89317fd50bef60:233,2,elliptical,outside,test_ood,gnn,43,2.1776339845999058,-1.2770956687045003,2.3362378311735545
234,0,47d3e5fd43f9c0f6c6654fd57652371b6cebc0bc594f3e8abe89317fd50bef60:234,0,circular,outside,test_id,gnn,43,-0.17510594555298714,-0.09116345712660794,3.8530017334072872
234,1,47d3e5fd43f9c0f6c6654fd57652371b6cebc0bc594f3e8abe89317fd50bef60:234,0,circular,outside,test_id,gnn,43,0.8283303814276036,0.7176437445569134,3.2430045118482185
235,0,47d3e5fd43f9c0f6c6654fd57652371b6cebc0bc594f3e8abe89317fd50bef60:235,0,elliptical,edge,test_id,gnn,43,-0.39243440457741646,0.2700415321278667,3.9989578283824336
235,1,47d3e5fd43f9c0f6c6654fd57652371b6cebc0bc594f3e8abe89317fd50bef60:235,0,elliptical,edge,test_id,gnn,43,-1.110417978252572,0.3110837407994365,3.6074006906308957
236,0,47d3e5fd43f9c0f6c6654fd57652371b6cebc0bc594f3e8abe89317fd50bef60:236,1,elliptical,inside,test_id,gnn,43,0.4322061078890142,-0.07044231215237622,1.9086529285492184
236,1,47d3e5fd43f9c0f6c6654fd57652371b6cebc0bc594f3e8abe89317fd50bef60:236,1,elliptical,inside,test_id,gnn,43,-0.2997400624410334,-0.5766349963259602,2.798050035741958
237,0,47d3e5fd43f9c0f6c6654fd57652371b6cebc0bc594f3e8abe89317fd50bef60:237,1,circular,outside,test_id,gnn,43,0.43057717255194755,-0.07161326030014996,3.2408906929044283
237,1,47d3e5fd43f9c0f6c6654fd57652371b6cebc0bc594f3e8abe89317fd50bef60:237,1,circular,outside,test_id,gnn,43,0.062441042278605405,0.9880749054837322,3.236352203576327
238,0,47d3e5fd43f9c0f6c6654fd57652371b6cebc0bc594f3e8abe89317fd50bef60:238,0,circular,edge,test_id,gnn,43,0.8883035021169957,0.3337495692658519,4.027876921149616
238,1,47d3e5fd43f9c0f6c6654fd57652371b6cebc0bc594f3e8abe89317fd50bef60:238,0,circular,edge,test_id,gnn,43,1.6416671114309607,0.27855170449496264,4.747311633108603
239,0,47d3e5fd43f9c0f6c6654fd57652371b6cebc0bc594f3e8abe89317fd50bef60:239,0,circular,inside,test_id,gnn,43,-0.0003910449997606841,-0.8033466271471882,3.6871564709746227
239,1,47d3e5fd43f9c0f6c6654fd57652371b6cebc0bc594f3e8abe89317fd50bef60:239,0,circular,inside,test_id,gnn,43,0.39591725042899223,-0.5375052622866535,3.659781030464013
240,0,47d3e5fd43f9c0f6c6654fd57652371b6cebc0bc594f3e8abe89317fd50bef60:240,2,circular,edge,test_id,gnn,43,1.4823124246939001,1.6424979039120768,2.030092286936752
240,1,47d3e5fd43f9c0f6c6654fd57652371b6cebc0bc594f3e8abe89317fd50bef60:240,2,circular,edge,test_id,gnn,43,1.7264771299703894,1.7830220528531169,1.7551554545324448
241,0,47d3e5fd43f9c0f6c6654fd57652371b6cebc0bc594f3e8abe89317fd50bef60:241,2,circular,outside,test_id,gnn,43,1.4476022558553991,-2.3836024931979085,1.6375540480663286
241,1,47d3e5fd43f9c0f6c6654fd57652371b6cebc0bc594f3e8abe89317fd50bef60:241,2,circular,outside,test_id,gnn,43,1.7385997610433874,-2.061889522464266,1.8911768278564198
242,0,47d3e5fd43f9c0f6c6654fd57652371b6cebc0bc594f3e8abe89317fd50bef60:242,0,elliptical,outside,test_id,gnn,43,-0.8213483256951991,-0.0060407917362356595,5.112741160249259
242,1,47d3e5fd43f9c0f6c6654fd57652371b6cebc0bc594f3e8abe89317fd50bef60:242,0,elliptical,outside,test_id,gnn,43,0.08536161354621023,0.36051148852587694,4.166716387455597
243,0,47d3e5fd43f9c0f6c6654fd57652371b6cebc0bc594f3e8abe89317fd50bef60:243,2,elliptical,outside,test_ood,gnn,43,1.6812143164022741,-0.3629802993845845,2.601410733539276
243,1,47d3e5fd43f9c0f6c6654fd57652371b6cebc0bc594f3e8abe89317fd50bef60:243,2,elliptical,outside,test_ood,gnn,43,1.3626130657537756,-1.2006918124270345,2.4544671669827753
244,0,47d3e5fd43f9c0f6c6654fd57652371b6cebc0bc594f3e8abe89317fd50bef60:244,2,elliptical,inside,test_ood,gnn,43,0.6851867275579747,0.9497673579144573,1.2340529748504037
244,1,47d3e5fd43f9c0f6c6654fd57652371b6cebc0bc594f3e8abe89317fd50bef60:244,2,elliptical,inside,test_ood,gnn,43,-0.7163245839730922,0.6736729808735943,2.662498462537703
245,0,47d3e5fd43f9c0f6c6654fd57652371b6cebc0bc594f3e8abe89317fd50bef60:245,0,circular,outside,test_id,gnn,43,1.2308161096914587,0.7099835344243145,2.7595417378372176
245,1,47d3e5fd43f9c0f6c6654fd57652371b6cebc0bc594f3e8abe89317fd50bef60:245,0,circular,outside,test_id,gnn,43,0.2528434532030401,0.031431756227025945,3.8720809272045633
246,0,47d3e5fd43f9c0f6c6654fd57652371b6cebc0bc594f3e8abe89317fd50bef60:246,1,elliptical,edge,test_id,gnn,43,0.13364253810484977,0.7264247008252239,3.6221779842300603
246,1,47d3e5fd43f9c0f6c6654fd57652371b6cebc0bc594f3e8abe89317fd50bef60:246,1,elliptical,edge,test_id,gnn,43,0.18743247411091896,-0.4432383708071614,3.2524457785980605
247,0,47d3e5fd43f9c0f6c6654fd57652371b6cebc0bc594f3e8abe89317fd50bef60:247,2,circular,edge,test_id,gnn,43,0.5125863688333806,1.3325065442013835,2.8745520913691123
247,1,47d3e5fd43f9c0f6c6654fd57652371b6cebc0bc594f3e8abe89317fd50bef60:247,2,circular,edge,test_id,gnn,43,-0.5685042304650966,1.4456205435681437,3.807479148990015
248,0,47d3e5fd43f9c0f6c6654fd57652371b6cebc0bc594f3e8abe89317fd50bef60:248,2,circular,outside,test_id,gnn,43,0.295163257633048,1.047201044170866,2.9394426832056157
248,1,47d3e5fd43f9c0f6c6654fd57652371b6cebc0bc594f3e8abe89317fd50bef60:248,2,circular,outside,test_id,gnn,43,0.07624563447077841,2.4812866516995524,1.5363223520238325
249,0,47d3e5fd43f9c0f6c6654fd57652371b6cebc0bc594f3e8abe89317fd50bef60:249,0,circular,inside,test_id,gnn,43,-0.3059286636964503,-0.7105553678584003,3.8549931931951
249,1,47d3e5fd43f9c0f6c6654fd57652371b6cebc0bc594f3e8abe89317fd50bef60:249,0,circular,inside,test_id,gnn,43,-1.2456178826944055,0.038848839013586,4.407972276330133
250,0,47d3e5fd43f9c0f6c6654fd57652371b6cebc0bc594f3e8abe89317fd50bef60:250,2,circular,inside,test_id,gnn,43,-0.9091908497468654,2.438175565807829,0.4282710859290996
250,1,47d3e5fd43f9c0f6c6654fd57652371b6cebc0bc594f3e8abe89317fd50bef60:250,2,circular,inside,test_id,gnn,43,-1.2360549134866419,2.45856893738986,0.6890945524100327
251,0,47d3e5fd43f9c0f6c6654fd57652371b6cebc0bc594f3e8abe89317fd50bef60:251,0,elliptical,inside,test_id,gnn,43,-0.7673345369950954,1.1367460556912516,1.8302595909898782
251,1,47d3e5fd43f9c0f6c6654fd57652371b6cebc0bc594f3e8abe89317fd50bef60:251,0,elliptical,inside,test_id,gnn,43,-0.15245057770172982,1.1843211718487834,1.7042271812822185
252,0,47d3e5fd43f9c0f6c6654fd57652371b6cebc0bc594f3e8abe89317fd50bef60:252,2,circular,inside,test_id,gnn,43,0.15904580674012275,-0.6765394143175983,1.2720735679255148
252,1,47d3e5fd43f9c0f6c6654fd57652371b6cebc0bc594f3e8abe89317fd50bef60:252,2,circular,inside,test_id,gnn,43,0.13224709651311012,-1.4762989214968587,1.100927434973732
253,0,47d3e5fd43f9c0f6c6654fd57652371b6cebc0bc594f3e8abe89317fd50bef60:253,2,circular,edge,test_id,gnn,43,0.21281289926608177,0.9214986630368328,2.1199389954301626
253,1,47d3e5fd43f9c0f6c6654fd57652371b6cebc0bc594f3e8abe89317fd50bef60:253,2,circular,edge,test_id,gnn,43,-1.4207943839685144,1.0640946694302653,2.2863980697398563
254,0,47d3e5fd43f9c0f6c6654fd57652371b6cebc0bc594f3e8abe89317fd50bef60:254,1,circular,inside,test_id,gnn,43,-0.5144372148172084,-0.1396048820924664,2.0585631624327725
254,1,47d3e5fd43f9c0f6c6654fd57652371b6cebc0bc594f3e8abe89317fd50bef60:254,1,circular,inside,test_id,gnn,43,-0.6118565363542262,-0.21003361860035902,2.0576628198343534
255,0,47d3e5fd43f9c0f6c6654fd57652371b6cebc0bc594f3e8abe89317fd50bef60:255,0,circular,outside,test_id,gnn,43,-1.0127889079705896,0.760652131645689,2.6562864268979443
255,1,47d3e5fd43f9c0f6c6654fd57652371b6cebc0bc594f3e8abe89317fd50bef60:255,0,circular,outside,test_id,gnn,43,0.37936432531912895,-0.7998820475649738,4.673363864038516
256,0,47d3e5fd43f9c0f6c6654fd57652371b6cebc0bc594f3e8abe89317fd50bef60:256,0,circular,outside,test_id,gnn,43,-0.7291295094148341,-0.32103758373974806,3.7284429401982893
256,1,47d3e5fd43f9c0f6c6654fd57652371b6cebc0bc594f3e8abe89317fd50bef60:256,0,circular,outside,test_id,gnn,43,0.5614887314184484,1.4492219754147624,5.87284279324606
257,0,47d3e5fd43f9c0f6c6654fd57652371b6cebc0bc594f3e8abe89317fd50bef60:257,2,circular,edge,test_id,gnn,43,3.880323393855887,-4.412415378482332,1.9989354032200302
257,1,47d3e5fd43f9c0f6c6654fd57652371b6cebc0bc594f3e8abe89317fd50bef60:257,2,circular,edge,test_id,gnn,43,3.822263939891654,-4.053325527102937,1.7173934575567094
258,0,47d3e5fd43f9c0f6c6654fd57652371b6cebc0bc594f3e8abe89317fd50bef60:258,1,circular,outside,test_id,gnn,43,-1.1374304456369104,0.6739019819188213,3.3003554425556723
258,1,47d3e5fd43f9c0f6c6654fd57652371b6cebc0bc594f3e8abe89317fd50bef60:258,1,circular,outside,test_id,gnn,43,-2.125541226352853,-0.12373262712477688,2.0485551637686377
259,0,47d3e5fd43f9c0f6c6654fd57652371b6cebc0bc594f3e8abe89317fd50bef60:259,2,circular,outside,test_id,gnn,43,-0.04469984152476221,0.7627480097699261,4.04145707232906
259,1,47d3e5fd43f9c0f6c6654fd57652371b6cebc0bc594f3e8abe89317fd50bef60:259,2,circular,outside,test_id,gnn,43,0.15413434675772758,-0.17646806755780226,4.11971283633921
260,0,47d3e5fd43f9c0f6c6654fd57652371b6cebc0bc594f3e8abe89317fd50bef60:260,2,elliptical,inside,test_ood,gnn,43,-2.5676388902322476,1.5363940068173503,0.5072349459268617
260,1,47d3e5fd43f9c0f6c6654fd57652371b6cebc0bc594f3e8abe89317fd50bef60:260,2,elliptical,inside,test_ood,gnn,43,-2.689998881305856,1.772757775394926,0.24252259425380698
261,0,47d3e5fd43f9c0f6c6654fd57652371b6cebc0bc594f3e8abe89317fd50bef60:261,1,elliptical,edge,test_id,gnn,43,1.1806876497610388,-1.4922258786272908,4.185597276343822
261,1,47d3e5fd43f9c0f6c6654fd57652371b6cebc0bc594f3e8abe89317fd50bef60:261,1,elliptical,edge,test_id,gnn,43,-0.30906795092980294,-1.334608667285433,2.7149442965790693
262,0,47d3e5fd43f9c0f6c6654fd57652371b6cebc0bc594f3e8abe89317fd50bef60:262,1,elliptical,outside,test_id,gnn,43,-0.5038520259515468,-0.040326910780062716,3.9223350766154894
262,1,47d3e5fd43f9c0f6c6654fd57652371b6cebc0bc594f3e8abe89317fd50bef60:262,1,elliptical,outside,test_id,gnn,43,-0.829600052322549,-0.2680420360875035,3.933487392201466
263,0,47d3e5fd43f9c0f6c6654fd57652371b6cebc0bc594f3e8abe89317fd50bef60:263,0,circular,inside,test_id,gnn,43,-0.770701901401681,-0.0841723687362576,2.4318350804007
263,1,47d3e5fd43f9c0f6c6654fd57652371b6cebc0bc594f3e8abe89317fd50bef60:263,0,circular,inside,test_id,gnn,43,-0.35450153180519967,0.4361215301442241,2.950510760823394
264,0,47d3e5fd43f9c0f6c6654fd57652371b6cebc0bc594f3e8abe89317fd50bef60:264,0,circular,edge,test_id,gnn,43,1.3724212484701452,0.28862149199725146,3.3029789319249123
264,1,47d3e5fd43f9c0f6c6654fd57652371b6cebc0bc594f3e8abe89317fd50bef60:264,0,circular,edge,test_id,gnn,43,-1.208027259792489,0.07283532550812717,4.217029275253626
265,0,47d3e5fd43f9c0f6c6654fd57652371b6cebc0bc594f3e8abe89317fd50bef60:265,0,elliptical,outside,test_id,gnn,43,0.12141365430195898,-0.027064728305926364,4.53503508911527
265,1,47d3e5fd43f9c0f6c6654fd57652371b6cebc0bc594f3e8abe89317fd50bef60:265,0,elliptical,outside,test_id,gnn,43,0.4708140330656347,-0.441226177604189,5.0560811975342554
266,0,47d3e5fd43f9c0f6c6654fd57652371b6cebc0bc594f3e8abe89317fd50bef60:266,1,circular,outside,test_id,gnn,43,-0.40155194827477364,-0.6733182005000019,4.223211898921983
266,1,47d3e5fd43f9c0f6c6654fd57652371b6cebc0bc594f3e8abe89317fd50bef60:266,1,circular,outside,test_id,gnn,43,-0.5227395457879725,0.5824747153210735,2.9617438050263143
267,0,47d3e5fd43f9c0f6c6654fd57652371b6cebc0bc594f3e8abe89317fd50bef60:267,1,elliptical,inside,test_id,gnn,43,0.6954858737333592,-0.2825998298239613,0.8970391473471676
267,1,47d3e5fd43f9c0f6c6654fd57652371b6cebc0bc594f3e8abe89317fd50bef60:267,1,elliptical,inside,test_id,gnn,43,-0.42322598525444893,-0.4842546514582539,1.990709667043603
268,0,47d3e5fd43f9c0f6c6654fd57652371b6cebc0bc594f3e8abe89317fd50bef60:268,2,circular,inside,test_id,gnn,43,-0.25893597432534127,-1.416093223483553,1.3223874383526208
268,1,47d3e5fd43f9c0f6c6654fd57652371b6cebc0bc594f3e8abe89317fd50bef60:268,2,circular,inside,test_id,gnn,43,-1.0515133304254236,0.4571641155171489,1.2053027046817884
269,0,47d3e5fd43f9c0f6c6654fd57652371b6cebc0bc594f3e8abe89317fd50bef60:269,0,elliptical,inside,test_id,gnn,43,0.8567974405630406,0.2606530257153606,1.8253857642133455
269,1,47d3e5fd43f9c0f6c6654fd57652371b6cebc0bc594f3e8abe89317fd50bef60:269,0,elliptical,inside,test_id,gnn,43,0.35985822847922416,1.0359891720700358,2.7460594558449745
270,0,47d3e5fd43f9c0f6c6654fd57652371b6cebc0bc594f3e8abe89317fd50bef60:270,1,elliptical,edge,test_id,gnn,43,0.44683430961211296,-0.26357203045605665,3.2650201681109365
270,1,47d3e5fd43f9c0f6c6654fd57652371b6cebc0bc594f3e8abe89317fd50bef60:270,1,elliptical,edge,test_id,gnn,43,-0.3160488469258967,0.8516703911709881,2.314113285755
271,0,47d3e5fd43f9c0f6c6654fd57652371b6cebc0bc594f3e8abe89317fd50bef60:271,2,elliptical,outside,test_ood,gnn,43,-1.361760751690072,1.2927774258542155,2.441611010514978
271,1,47d3e5fd43f9c0f6c6654fd57652371b6cebc0bc594f3e8abe89317fd50bef60:271,2,elliptical,outside,test_ood,gnn,43,-0.7404505772248927,1.785949833004484,3.049074414414676
272,0,47d3e5fd43f9c0f6c6654fd57652371b6cebc0bc594f3e8abe89317fd50bef60:272,1,elliptical,inside,test_id,gnn,43,-0.8560154599801723,-0.5455810360026264,3.1317932597667615
272,1,47d3e5fd43f9c0f6c6654fd57652371b6cebc0bc594f3e8abe89317fd50bef60:272,1,elliptical,inside,test_id,gnn,43,0.9108892517431554,0.10523725232363697,1.5255702712044656
273,0,47d3e5fd43f9c0f6c6654fd57652371b6cebc0bc594f3e8abe89317fd50bef60:273,0,elliptical,edge,test_id,gnn,43,-0.6850664777414027,0.8348631330418682,4.177545517371889
273,1,47d3e5fd43f9c0f6c6654fd57652371b6cebc0bc594f3e8abe89317fd50bef60:273,0,elliptical,edge,test_id,gnn,43,-0.07458560296456247,-0.2110003165316487,2.9788858422940985
274,0,47d3e5fd43f9c0f6c6654fd57652371b6cebc0bc594f3e8abe89317fd50bef60:274,0,elliptical,edge,test_id,gnn,43,0.6455108361585912,0.4097926386284923,3.437843754610185
274,1,47d3e5fd43f9c0f6c6654fd57652371b6cebc0bc594f3e8abe89317fd50bef60:274,0,elliptical,edge,test_id,gnn,43,-0.8585188550607387,-0.1778085462164784,3.4259753493571705
275,0,47d3e5fd43f9c0f6c6654fd57652371b6cebc0bc594f3e8abe89317fd50bef60:275,1,circular,edge,test_id,gnn,43,1.1611838178976355,0.13059205493212694,1.8404761541921686
275,1,47d3e5fd43f9c0f6c6654fd57652371b6cebc0bc594f3e8abe89317fd50bef60:275,1,circular,edge,test_id,gnn,43,0.3865988688810644,-0.10297485509633068,2.61801827514855
276,0,47d3e5fd43f9c0f6c6654fd57652371b6cebc0bc594f3e8abe89317fd50bef60:276,2,elliptical,edge,test_ood,gnn,43,2.9477026300772007,2.780221826641569,0.06674361385343495
276,1,47d3e5fd43f9c0f6c6654fd57652371b6cebc0bc594f3e8abe89317fd50bef60:276,2,elliptical,edge,test_ood,gnn,43,3.3605158167227085,2.6170333691525554,0.38050917224657016
277,0,47d3e5fd43f9c0f6c6654fd57652371b6cebc0bc594f3e8abe89317fd50bef60:277,1,elliptical,outside,test_id,gnn,43,0.14222270122607322,0.5590984888959026,3.4028341807532545
277,1,47d3e5fd43f9c0f6c6654fd57652371b6cebc0bc594f3e8abe89317fd50bef60:277,1,elliptical,outside,test_id,gnn,43,1.2401039438589392,-0.6372203163218403,2.152335230548006
278,0,47d3e5fd43f9c0f6c6654fd57652371b6cebc0bc594f3e8abe89317fd50bef60:278,2,circular,outside,test_id,gnn,43,0.7417362766607579,2.5768190689969157,1.6832475918539886
278,1,47d3e5fd43f9c0f6c6654fd57652371b6cebc0bc594f3e8abe89317fd50bef60:278,2,circular,outside,test_id,gnn,43,0.1836658479913053,2.9583889313626384,1.7914683627170929
279,0,47d3e5fd43f9c0f6c6654fd57652371b6cebc0bc594f3e8abe89317fd50bef60:279,0,elliptical,outside,test_id,gnn,43,1.4316298799856482,1.0561300583767985,5.378844550748762
279,1,47d3e5fd43f9c0f6c6654fd57652371b6cebc0bc594f3e8abe89317fd50bef60:279,0,elliptical,outside,test_id,gnn,43,1.029647334132987,0.8137831159520245,5.06812054008867
280,0,47d3e5fd43f9c0f6c6654fd57652371b6cebc0bc594f3e8abe89317fd50bef60:280,0,elliptical,inside,test_id,gnn,43,0.5704483228071507,1.1568716832089518,2.6907990806195787
280,1,47d3e5fd43f9c0f6c6654fd57652371b6cebc0bc594f3e8abe89317fd50bef60:280,0,elliptical,inside,test_id,gnn,43,-0.637723819698495,-0.39422770658253675,2.9491664343130957
281,0,47d3e5fd43f9c0f6c6654fd57652371b6cebc0bc594f3e8abe89317fd50bef60:281,1,circular,inside,test_id,gnn,43,1.1476967172964392,0.5062394805836773,1.6136321738203494
281,1,47d3e5fd43f9c0f6c6654fd57652371b6cebc0bc594f3e8abe89317fd50bef60:281,1,circular,inside,test_id,gnn,43,0.284047095690566,1.5420304604458903,2.0167967109378138
282,0,47d3e5fd43f9c0f6c6654fd57652371b6cebc0bc594f3e8abe89317fd50bef60:282,2,elliptical,edge,test_ood,gnn,43,-0.6891684693948451,5.5523001023221115,2.5846625824499103
282,1,47d3e5fd43f9c0f6c6654fd57652371b6cebc0bc594f3e8abe89317fd50bef60:282,2,elliptical,edge,test_ood,gnn,43,-0.6487012071267787,6.023398525326262,3.0456233437851727
283,0,47d3e5fd43f9c0f6c6654fd57652371b6cebc0bc594f3e8abe89317fd50bef60:283,0,circular,edge,test_id,gnn,43,1.405957205806571,-1.0657470158648397,4.15058668449176
283,1,47d3e5fd43f9c0f6c6654fd57652371b6cebc0bc594f3e8abe89317fd50bef60:283,0,circular,edge,test_id,gnn,43,-0.4443042440072718,1.7299212284970378,3.596915771611294
284,0,47d3e5fd43f9c0f6c6654fd57652371b6cebc0bc594f3e8abe89317fd50bef60:284,1,circular,edge,test_id,gnn,43,-0.5805014533654872,-0.6751815013003254,3.3729381734138335
284,1,47d3e5fd43f9c0f6c6654fd57652371b6cebc0bc594f3e8abe89317fd50bef60:284,1,circular,edge,test_id,gnn,43,-1.7869779033319177,-0.44364147701977735,4.4563603017541595
285,0,47d3e5fd43f9c0f6c6654fd57652371b6cebc0bc594f3e8abe89317fd50bef60:285,2,elliptical,outside,test_ood,gnn,43,-2.9023511571542446,-1.8344148329806234,0.6522236222233897
285,1,47d3e5fd43f9c0f6c6654fd57652371b6cebc0bc594f3e8abe89317fd50bef60:285,2,elliptical,outside,test_ood,gnn,43,-2.7552888555185024,-1.1089106730532552,1.353242781913637
286,0,47d3e5fd43f9c0f6c6654fd57652371b6cebc0bc594f3e8abe89317fd50bef60:286,0,circular,inside,test_id,gnn,43,-0.20831518002907662,0.45784533700228686,3.353702011227623
286,1,47d3e5fd43f9c0f6c6654fd57652371b6cebc0bc594f3e8abe89317fd50bef60:286,0,circular,inside,test_id,gnn,43,0.8687882261617955,0.5066681571889019,4.115851972015577
287,0,47d3e5fd43f9c0f6c6654fd57652371b6cebc0bc594f3e8abe89317fd50bef60:287,2,elliptical,inside,test_ood,gnn,43,1.1201968031271277,1.5531796284604167,0.7842817069278298
287,1,47d3e5fd43f9c0f6c6654fd57652371b6cebc0bc594f3e8abe89317fd50bef60:287,2,elliptical,inside,test_ood,gnn,43,0.9553963976248082,1.7667466469693278,1.0072751007068694
288,0,47d3e5fd43f9c0f6c6654fd57652371b6cebc0bc594f3e8abe89317fd50bef60:288,0,circular,outside,test_id,gnn,43,-0.9960885209695521,0.02982739290476795,4.454068428926438
288,1,47d3e5fd43f9c0f6c6654fd57652371b6cebc0bc594f3e8abe89317fd50bef60:288,0,circular,outside,test_id,gnn,43,0.08249880245764822,0.1687357493329143,3.3703760939476113
289,0,47d3e5fd43f9c0f6c6654fd57652371b6cebc0bc594f3e8abe89317fd50bef60:289,2,circular,outside,test_id,gnn,43,-5.5200359983102505,0.5111643739628887,1.5588467995476756
289,1,47d3e5fd43f9c0f6c6654fd57652371b6cebc0bc594f3e8abe89317fd50bef60:289,2,circular,outside,test_id,gnn,43,-4.972011820758981,1.0836212702679728,1.1002819462804811
290,0,47d3e5fd43f9c0f6c6654fd57652371b6cebc0bc594f3e8abe89317fd50bef60:290,1,circular,inside,test_id,gnn,43,0.6830044823034581,0.5911090441632366,2.7122444479729646
290,1,47d3e5fd43f9c0f6c6654fd57652371b6cebc0bc594f3e8abe89317fd50bef60:290,1,circular,inside,test_id,gnn,43,1.0102950172766028,-0.6056616834711933,3.698938318547919
291,0,47d3e5fd43f9c0f6c6654fd57652371b6cebc0bc594f3e8abe89317fd50bef60:291,2,elliptical,inside,test_ood,gnn,43,-1.8255124253884973,0.7384922572064495,1.3183551045553676
291,1,47d3e5fd43f9c0f6c6654fd57652371b6cebc0bc594f3e8abe89317fd50bef60:291,2,elliptical,inside,test_ood,gnn,43,-2.759969250644845,1.1762090989041423,0.6964015361877185
292,0,47d3e5fd43f9c0f6c6654fd57652371b6cebc0bc594f3e8abe89317fd50bef60:292,0,circular,inside,test_id,gnn,43,-0.5742709798471156,0.10111574014903064,0.05244177379058907
292,1,47d3e5fd43f9c0f6c6654fd57652371b6cebc0bc594f3e8abe89317fd50bef60:292,0,circular,inside,test_id,gnn,43,-1.638437883342904,0.49110806664706225,1.0820502253965758
293,0,47d3e5fd43f9c0f6c6654fd57652371b6cebc0bc594f3e8abe89317fd50bef60:293,0,circular,outside,test_id,gnn,43,1.8805938797338781,0.4844091006207561,3.9452415602285154
293,1,47d3e5fd43f9c0f6c6654fd57652371b6cebc0bc594f3e8abe89317fd50bef60:293,0,circular,outside,test_id,gnn,43,-0.45943047233979134,0.24856889924288744,4.751995997702481
294,0,47d3e5fd43f9c0f6c6654fd57652371b6cebc0bc594f3e8abe89317fd50bef60:294,0,elliptical,edge,test_id,gnn,43,0.31840033701499076,-0.0025572969925308636,3.9663889313592597
294,1,47d3e5fd43f9c0f6c6654fd57652371b6cebc0bc594f3e8abe89317fd50bef60:294,0,elliptical,edge,test_id,gnn,43,-0.27140869327942757,0.3720978566098308,3.732832091736396
295,0,47d3e5fd43f9c0f6c6654fd57652371b6cebc0bc594f3e8abe89317fd50bef60:295,2,circular,edge,test_id,gnn,43,-1.0502505464212122,0.023403822689065892,3.1112866685810014
295,1,47d3e5fd43f9c0f6c6654fd57652371b6cebc0bc594f3e8abe89317fd50bef60:295,2,circular,edge,test_id,gnn,43,0.8187954264028844,-0.8320794037890339,2.446962324233154
296,0,47d3e5fd43f9c0f6c6654fd57652371b6cebc0bc594f3e8abe89317fd50bef60:296,0,elliptical,inside,test_id,gnn,43,-0.5563575191156093,0.26691285452128405,3.202253130263255
296,1,47d3e5fd43f9c0f6c6654fd57652371b6cebc0bc594f3e8abe89317fd50bef60:296,0,elliptical,inside,test_id,gnn,43,-0.05543417611281305,-0.1472851417374516,2.8175248276534903
297,0,47d3e5fd43f9c0f6c6654fd57652371b6cebc0bc594f3e8abe89317fd50bef60:297,0,circular,inside,test_id,gnn,43,-0.20222799607674508,0.8705885477948284,2.7135396413451267
297,1,47d3e5fd43f9c0f6c6654fd57652371b6cebc0bc594f3e8abe89317fd50bef60:297,0,circular,inside,test_id,gnn,43,0.3290526109083471,0.171369231550703,2.9824247489439224
298,0,47d3e5fd43f9c0f6c6654fd57652371b6cebc0bc594f3e8abe89317fd50bef60:298,2,circular,inside,test_id,gnn,43,-1.066633240665597,2.1376706429410075,0.7043885962760552
298,1,47d3e5fd43f9c0f6c6654fd57652371b6cebc0bc594f3e8abe89317fd50bef60:298,2,circular,inside,test_id,gnn,43,-1.302692787136239,0.8592478104519939,0.8341315661877314
299,0,47d3e5fd43f9c0f6c6654fd57652371b6cebc0bc594f3e8abe89317fd50bef60:299,1,circular,outside,test_id,gnn,43,-0.34768737980286507,0.5501939125943279,4.229934288693512
299,1,47d3e5fd43f9c0f6c6654fd57652371b6cebc0bc594f3e8abe89317fd50bef60:299,1,circular,outside,test_id,gnn,43,1.4407027798040686,1.1458460160184,2.345361844937346
300,0,47d3e5fd43f9c0f6c6654fd57652371b6cebc0bc594f3e8abe89317fd50bef60:300,0,elliptical,outside,test_id,gnn,43,-0.8303177518502894,-0.22399937430142408,5.179609396460178
300,1,47d3e5fd43f9c0f6c6654fd57652371b6cebc0bc594f3e8abe89317fd50bef60:300,0,elliptical,outside,test_id,gnn,43,-1.2633544368402185,0.24422985991717333,5.378896842812202
301,0,47d3e5fd43f9c0f6c6654fd57652371b6cebc0bc594f3e8abe89317fd50bef60:301,1,elliptical,inside,test_id,gnn,43,-1.3708087367669763,0.5393226214337444,1.1324861998963849
301,1,47d3e5fd43f9c0f6c6654fd57652371b6cebc0bc594f3e8abe89317fd50bef60:301,1,elliptical,inside,test_id,gnn,43,0.5511295335634526,-1.4301050833773519,1.6222237860940891
302,0,47d3e5fd43f9c0f6c6654fd57652371b6cebc0bc594f3e8abe89317fd50bef60:302,0,circular,edge,test_id,gnn,43,0.34327442816336723,-0.9053360156130695,2.6571970376396803
302,1,47d3e5fd43f9c0f6c6654fd57652371b6cebc0bc594f3e8abe89317fd50bef60:302,0,circular,edge,test_id,gnn,43,-1.1738480491296472,0.1409504779267406,4.3154337532879055
303,0,47d3e5fd43f9c0f6c6654fd57652371b6cebc0bc594f3e8abe89317fd50bef60:303,0,elliptical,inside,test_id,gnn,43,-0.3858958048478785,-0.36285179177044874,1.202499582945462
303,1,47d3e5fd43f9c0f6c6654fd57652371b6cebc0bc594f3e8abe89317fd50bef60:303,0,elliptical,inside,test_id,gnn,43,-0.10611175128380686,-0.0171033169490004,0.7679736652786979
304,0,47d3e5fd43f9c0f6c6654fd57652371b6cebc0bc594f3e8abe89317fd50bef60:304,2,elliptical,edge,test_ood,gnn,43,1.551529272113639,-1.9773062399935628,1.0366927533681876
304,1,47d3e5fd43f9c0f6c6654fd57652371b6cebc0bc594f3e8abe89317fd50bef60:304,2,elliptical,edge,test_ood,gnn,43,1.8564727144583044,-0.4585215977740193,2.5450694233195073
305,0,47d3e5fd43f9c0f6c6654fd57652371b6cebc0bc594f3e8abe89317fd50bef60:305,0,elliptical,edge,test_id,gnn,43,-0.193563149656457,0.5303629108357525,4.39452312994779
305,1,47d3e5fd43f9c0f6c6654fd57652371b6cebc0bc594f3e8abe89317fd50bef60:305,0,elliptical,edge,test_id,gnn,43,-0.9344285888330165,-0.19708884576081281,4.373918557830743
306,0,47d3e5fd43f9c0f6c6654fd57652371b6cebc0bc594f3e8abe89317fd50bef60:306,2,elliptical,edge,test_ood,gnn,43,0.1083656462176618,0.9099116989064312,2.1550493771558523
306,1,47d3e5fd43f9c0f6c6654fd57652371b6cebc0bc594f3e8abe89317fd50bef60:306,2,elliptical,edge,test_ood,gnn,43,0.8077920513494786,2.123354084103117,1.5060090400035688
307,0,47d3e5fd43f9c0f6c6654fd57652371b6cebc0bc594f3e8abe89317fd50bef60:307,1,elliptical,edge,test_id,gnn,43,0.25298547617037864,1.0413836308407878,2.1257642017165748
307,1,47d3e5fd43f9c0f6c6654fd57652371b6cebc0bc594f3e8abe89317fd50bef60:307,1,elliptical,edge,test_id,gnn,43,-0.5595171613351527,-0.5798286727976704,3.937092331054543
308,0,47d3e5fd43f9c0f6c6654fd57652371b6cebc0bc594f3e8abe89317fd50bef60:308,1,circular,outside,test_id,gnn,43,-0.8566242618219081,-0.7958311966967487,4.190014841465148
308,1,47d3e5fd43f9c0f6c6654fd57652371b6cebc0bc594f3e8abe89317fd50bef60:308,1,circular,outside,test_id,gnn,43,-0.3802831930772486,0.03270864418030735,4.067039355736917
309,0,47d3e5fd43f9c0f6c6654fd57652371b6cebc0bc594f3e8abe89317fd50bef60:309,2,circular,inside,test_id,gnn,43,-0.44557227322022347,0.8846489258694744,1.2953414575462585
309,1,47d3e5fd43f9c0f6c6654fd57652371b6cebc0bc594f3e8abe89317fd50bef60:309,2,circular,inside,test_id,gnn,43,0.04759970924695105,1.7960292168545817,0.6947885460355364
310,0,47d3e5fd43f9c0f6c6654fd57652371b6cebc0bc594f3e8abe89317fd50bef60:310,1,elliptical,edge,test_id,gnn,43,0.32565139106352897,1.293684846966276,2.879279238770703
310,1,47d3e5fd43f9c0f6c6654fd57652371b6cebc0bc594f3e8abe89317fd50bef60:310,1,elliptical,edge,test_id,gnn,43,1.286602957759696,0.5640764900136089,2.4825169138511436
311,0,47d3e5fd43f9c0f6c6654fd57652371b6cebc0bc594f3e8abe89317fd50bef60:311,1,elliptical,outside,test_id,gnn,43,-1.3926271361962976,1.0210597582745646,4.86181259454967
311,1,47d3e5fd43f9c0f6c6654fd57652371b6cebc0bc594f3e8abe89317fd50bef60:311,1,elliptical,outside,test_id,gnn,43,1.3392215805395422,-0.01625315913676266,2.2622993699653513
312,0,47d3e5fd43f9c0f6c6654fd57652371b6cebc0bc594f3e8abe89317fd50bef60:312,2,circular,outside,test_id,gnn,43,1.1325874166830359,0.42673829874278063,2.4083640206746373
312,1,47d3e5fd43f9c0f6c6654fd57652371b6cebc0bc594f3e8abe89317fd50bef60:312,2,circular,outside,test_id,gnn,43,-0.4312429291860285,1.4118806191372966,3.7839416328005737
313,0,47d3e5fd43f9c0f6c6654fd57652371b6cebc0bc594f3e8abe89317fd50bef60:313,1,circular,inside,test_id,gnn,43,-0.036793091680211124,-0.3929856053900624,0.9689104912057018
313,1,47d3e5fd43f9c0f6c6654fd57652371b6cebc0bc594f3e8abe89317fd50bef60:313,1,circular,inside,test_id,gnn,43,-0.2660060984746638,-0.3799872330737019,1.1811250352533194
314,0,47d3e5fd43f9c0f6c6654fd57652371b6cebc0bc594f3e8abe89317fd50bef60:314,1,elliptical,outside,test_id,gnn,43,-0.6503431958810512,-0.9867237142634296,3.322496793942836
314,1,47d3e5fd43f9c0f6c6654fd57652371b6cebc0bc594f3e8abe89317fd50bef60:314,1,elliptical,outside,test_id,gnn,43,-0.5792380137101832,-0.6707214645457172,3.507089435117132
315,0,47d3e5fd43f9c0f6c6654fd57652371b6cebc0bc594f3e8abe89317fd50bef60:315,2,circular,edge,test_id,gnn,43,-1.0700009030954065,1.1349994011807536,2.147811971140545
315,1,47d3e5fd43f9c0f6c6654fd57652371b6cebc0bc594f3e8abe89317fd50bef60:315,2,circular,edge,test_id,gnn,43,-0.8306194705621425,0.49631101569415087,2.1905430949094598
316,0,47d3e5fd43f9c0f6c6654fd57652371b6cebc0bc594f3e8abe89317fd50bef60:316,1,circular,edge,test_id,gnn,43,-0.681009427990121,-0.11307791689156536,2.9525796197509964
316,1,47d3e5fd43f9c0f6c6654fd57652371b6cebc0bc594f3e8abe89317fd50bef60:316,1,circular,edge,test_id,gnn,43,0.37354080251296135,0.22792253574610705,4.010420406100547
317,0,47d3e5fd43f9c0f6c6654fd57652371b6cebc0bc594f3e8abe89317fd50bef60:317,0,elliptical,outside,test_id,gnn,43,0.7913536863668736,-0.10082233765839581,4.3337522983376635
317,1,47d3e5fd43f9c0f6c6654fd57652371b6cebc0bc594f3e8abe89317fd50bef60:317,0,elliptical,outside,test_id,gnn,43,0.26996411255438896,0.35847455939532274,4.132381385883117
318,0,47d3e5fd43f9c0f6c6654fd57652371b6cebc0bc594f3e8abe89317fd50bef60:318,2,elliptical,outside,test_ood,gnn,43,-4.585041777576608,-0.30622615733860975,1.064823184915094
318,1,47d3e5fd43f9c0f6c6654fd57652371b6cebc0bc594f3e8abe89317fd50bef60:318,2,elliptical,outside,test_ood,gnn,43,-3.2757687730447476,1.1482251950192546,1.961073534908038
319,0,47d3e5fd43f9c0f6c6654fd57652371b6cebc0bc594f3e8abe89317fd50bef60:319,0,circular,edge,test_id,gnn,43,-0.6396578712121669,0.6134785481381512,3.9016114153793042
319,1,47d3e5fd43f9c0f6c6654fd57652371b6cebc0bc594f3e8abe89317fd50bef60:319,0,circular,edge,test_id,gnn,43,-0.15604026743332772,0.8370163508343792,4.306416382836686
320,0,47d3e5fd43f9c0f6c6654fd57652371b6cebc0bc594f3e8abe89317fd50bef60:320,2,elliptical,outside,test_ood,gnn,43,0.18689674756367775,3.49349702080966,0.8941660426762102
320,1,47d3e5fd43f9c0f6c6654fd57652371b6cebc0bc594f3e8abe89317fd50bef60:320,2,elliptical,outside,test_ood,gnn,43,0.8239286976202306,3.463580734341154,0.31739857144744865
321,0,47d3e5fd43f9c0f6c6654fd57652371b6cebc0bc594f3e8abe89317fd50bef60:321,1,elliptical,inside,test_id,gnn,43,0.09197560570080847,0.13361877879382128,1.6251502812387872
321,1,47d3e5fd43f9c0f6c6654fd57652371b6cebc0bc594f3e8abe89317fd50bef60:321,1,elliptical,inside,test_id,gnn,43,0.2752418058260259,0.039301007299432714,1.603706080792335
322,0,47d3e5fd43f9c0f6c6654fd57652371b6cebc0bc594f3e8abe89317fd50bef60:322,1,circular,edge,test_id,gnn,43,-1.594169394458932,-0.19007047334431654,2.6759462674707155
322,1,47d3e5fd43f9c0f6c6654fd57652371b6cebc0bc594f3e8abe89317fd50bef60:322,1,circular,edge,test_id,gnn,43,-0.8377271456376735,0.34371662816287035,2.777392423712231
323,0,47d3e5fd43f9c0f6c6654fd57652371b6cebc0bc594f3e8abe89317fd50bef60:323,2,elliptical,inside,test_ood,gnn,43,1.1628917293890295,-0.4887386194777394,2.59769794750876
323,1,47d3e5fd43f9c0f6c6654fd57652371b6cebc0bc594f3e8abe89317fd50bef60:323,2,elliptical,inside,test_ood,gnn,43,0.8046103554113683,-0.6706080369067097,2.2363271531326077
324,0,47d3e5fd43f9c0f6c6654fd57652371b6cebc0bc594f3e8abe89317fd50bef60:324,1,circular,inside,test_id,gnn,43,-1.0255493087426844,0.3286713727402782,0.8244852020245305
324,1,47d3e5fd43f9c0f6c6654fd57652371b6cebc0bc594f3e8abe89317fd50bef60:324,1,circular,inside,test_id,gnn,43,-0.7145518822328273,1.1705123253750895,0.482084666156669
325,0,47d3e5fd43f9c0f6c6654fd57652371b6cebc0bc594f3e8abe89317fd50bef60:325,0,circular,outside,test_id,gnn,43,0.26047853997786613,0.27600536426783556,3.9057480903262096
325,1,47d3e5fd43f9c0f6c6654fd57652371b6cebc0bc594f3e8abe89317fd50bef60:325,0,circular,outside,test_id,gnn,43,-0.9308383626596156,-0.10592033037661557,2.6679089862884227
326,0,47d3e5fd43f9c0f6c6654fd57652371b6cebc0bc594f3e8abe89317fd50bef60:326,0,elliptical,outside,test_id,gnn,43,-0.750444070781869,0.17303544959307665,3.5141547885944484
326,1,47d3e5fd43f9c0f6c6654fd57652371b6cebc0bc594f3e8abe89317fd50bef60:326,0,elliptical,outside,test_id,gnn,43,-1.0204103154794397,-0.5072466067385578,3.789575993704924
327,0,47d3e5fd43f9c0f6c6654fd57652371b6cebc0bc594f3e8abe89317fd50bef60:327,0,elliptical,edge,test_id,gnn,43,-0.02724778034846216,-0.16964712062596327,3.06547316539098
327,1,47d3e5fd43f9c0f6c6654fd57652371b6cebc0bc594f3e8abe89317fd50bef60:327,0,elliptical,edge,test_id,gnn,43,-0.1889971358434382,1.1476132937359904,3.6618543506050805
328,0,47d3e5fd43f9c0f6c6654fd57652371b6cebc0bc594f3e8abe89317fd50bef60:328,0,elliptical,inside,test_id,gnn,43,-0.5271966619149867,-0.32353597203015333,2.8992181954925993
328,1,47d3e5fd43f9c0f6c6654fd57652371b6cebc0bc594f3e8abe89317fd50bef60:328,0,elliptical,inside,test_id,gnn,43,-0.22974191733757882,0.4048212238240337,2.3724013001175384
329,0,47d3e5fd43f9c0f6c6654fd57652371b6cebc0bc594f3e8abe89317fd50bef60:329,1,elliptical,outside,test_id,gnn,43,0.020189231847124997,-0.2536360553812886,3.7438431493384803
329,1,47d3e5fd43f9c0f6c6654fd57652371b6cebc0bc594f3e8abe89317fd50bef60:329,1,elliptical,outside,test_id,gnn,43,0.7034128742559728,0.00827391749502178,3.144007490232393
330,0,47d3e5fd43f9c0f6c6654fd57652371b6cebc0bc594f3e8abe89317fd50bef60:330,1,circular,outside,test_id,gnn,43,-1.2050820750848474,0.5697470374989605,3.2178293005980088
330,1,47d3e5fd43f9c0f6c6654fd57652371b6cebc0bc594f3e8abe89317fd50bef60:330,1,circular,outside,test_id,gnn,43,-0.10090907045761972,0.13751342078925127,3.799629484059792
331,0,47d3e5fd43f9c0f6c6654fd57652371b6cebc0bc594f3e8abe89317fd50bef60:331,1,elliptical,inside,test_id,gnn,43,-0.6834490461007777,0.8105430074620342,2.104989733287958
331,1,47d3e5fd43f9c0f6c6654fd57652371b6cebc0bc594f3e8abe89317fd50bef60:331,1,elliptical,inside,test_id,gnn,43,-0.6778578323976222,-0.8301331333231831,3.745191099066092
332,0,47d3e5fd43f9c0f6c6654fd57652371b6cebc0bc594f3e8abe89317fd50bef60:332,0,circular,inside,test_id,gnn,43,0.15649862459738823,-0.6415045789790058,3.1315921235621023
332,1,47d3e5fd43f9c0f6c6654fd57652371b6cebc0bc594f3e8abe89317fd50bef60:332,0,circular,inside,test_id,gnn,43,0.046052789901095334,0.11388718268157001,2.374629102439115
333,0,47d3e5fd43f9c0f6c6654fd57652371b6cebc0bc594f3e8abe89317fd50bef60:333,0,elliptical,inside,test_id,gnn,43,-0.32707210012833504,-0.14419483462094312,1.896068794509199
333,1,47d3e5fd43f9c0f6c6654fd57652371b6cebc0bc594f3e8abe89317fd50bef60:333,0,elliptical,inside,test_id,gnn,43,-0.5978827638284389,0.41422939976931566,2.235063909557923
334,0,47d3e5fd43f9c0f6c6654fd57652371b6cebc0bc594f3e8abe89317fd50bef60:334,1,circular,inside,test_id,gnn,43,-0.3249919576303187,0.2642784782338237,3.564472066142989
334,1,47d3e5fd43f9c0f6c6654fd57652371b6cebc0bc594f3e8abe89317fd50bef60:334,1,circular,inside,test_id,gnn,43,0.20885772875388237,-0.2973495952200795,3.6434139809968307
335,0,47d3e5fd43f9c0f6c6654fd57652371b6cebc0bc594f3e8abe89317fd50bef60:335,0,circular,inside,test_id,gnn,43,-0.17170108982483773,0.15625909647227282,2.3148492647160506
335,1,47d3e5fd43f9c0f6c6654fd57652371b6cebc0bc594f3e8abe89317fd50bef60:335,0,circular,inside,test_id,gnn,43,-0.25338541098992257,1.0051710673260783,3.0967972774400594
336,0,47d3e5fd43f9c0f6c6654fd57652371b6cebc0bc594f3e8abe89317fd50bef60:336,0,elliptical,outside,test_id,gnn,43,-1.15685035416047,0.3261587091374492,4.19088709684517
336,1,47d3e5fd43f9c0f6c6654fd57652371b6cebc0bc594f3e8abe89317fd50bef60:336,0,elliptical,outside,test_id,gnn,43,-0.24309323855797677,-0.6539277962756062,3.025670420270027
337,0,47d3e5fd43f9c0f6c6654fd57652371b6cebc0bc594f3e8abe89317fd50bef60:337,1,circular,edge,test_id,gnn,43,-0.8605989379541102,0.046130231826314885,3.0616875538601898
337,1,47d3e5fd43f9c0f6c6654fd57652371b6cebc0bc594f3e8abe89317fd50bef60:337,1,circular,edge,test_id,gnn,43,-0.7235841912881557,-0.0950942567896748,2.9099485701371233
338,0,47d3e5fd43f9c0f6c6654fd57652371b6cebc0bc594f3e8abe89317fd50bef60:338,0,circular,edge,test_id,gnn,43,-0.37282978125969796,0.6136996813702679,2.472691286685319
338,1,47d3e5fd43f9c0f6c6654fd57652371b6cebc0bc594f3e8abe89317fd50bef60:338,0,circular,edge,test_id,gnn,43,-0.15497417875687508,0.2565697201180553,2.8767934518203453
339,0,47d3e5fd43f9c0f6c6654fd57652371b6cebc0bc594f3e8abe89317fd50bef60:339,0,circular,edge,test_id,gnn,43,0.07490347943146795,-0.15196555176495558,3.182575949234314
339,1,47d3e5fd43f9c0f6c6654fd57652371b6cebc0bc594f3e8abe89317fd50bef60:339,0,circular,edge,test_id,gnn,43,-0.3747246725217524,-0.1344338960361386,3.606333950073864
340,0,47d3e5fd43f9c0f6c6654fd57652371b6cebc0bc594f3e8abe89317fd50bef60:340,2,circular,outside,test_id,gnn,43,0.04832319042523474,-0.854364626796236,3.137481823319479
340,1,47d3e5fd43f9c0f6c6654fd57652371b6cebc0bc594f3e8abe89317fd50bef60:340,2,circular,outside,test_id,gnn,43,0.0035815747721967134,-0.998034232051363,3.021507663341988
341,0,47d3e5fd43f9c0f6c6654fd57652371b6cebc0bc594f3e8abe89317fd50bef60:341,2,elliptical,outside,test_ood,gnn,43,-4.873688952411813,-1.8581253222536946,2.474506432163797
341,1,47d3e5fd43f9c0f6c6654fd57652371b6cebc0bc594f3e8abe89317fd50bef60:341,2,elliptical,outside,test_ood,gnn,43,-5.237718359913034,-0.9664590887141132,3.336881328215041
342,0,47d3e5fd43f9c0f6c6654fd57652371b6cebc0bc594f3e8abe89317fd50bef60:342,2,elliptical,inside,test_ood,gnn,43,0.9535397129400548,-0.341588132770052,1.5552998552164097
342,1,47d3e5fd43f9c0f6c6654fd57652371b6cebc0bc594f3e8abe89317fd50bef60:342,2,elliptical,inside,test_ood,gnn,43,-0.2899993521825495,-0.13235315004109388,0.2973852944498612
343,0,47d3e5fd43f9c0f6c6654fd57652371b6cebc0bc594f3e8abe89317fd50bef60:343,2,circular,inside,test_id,gnn,43,2.4459774332388218,-1.3279715708804036,0.5594915222040661
343,1,47d3e5fd43f9c0f6c6654fd57652371b6cebc0bc594f3e8abe89317fd50bef60:343,2,circular,inside,test_id,gnn,43,1.2877583341940222,-0.6814314059328938,1.6129926823711527
344,0,47d3e5fd43f9c0f6c6654fd57652371b6cebc0bc594f3e8abe89317fd50bef60:344,2,circular,inside,test_id,gnn,43,-1.541185275997323,-1.829203598887911,0.8668806346864562
344,1,47d3e5fd43f9c0f6c6654fd57652371b6cebc0bc594f3e8abe89317fd50bef60:344,2,circular,inside,test_id,gnn,43,-0.9836675090448085,-3.0247157744479085,1.6956308865073337
345,0,47d3e5fd43f9c0f6c6654fd57652371b6cebc0bc594f3e8abe89317fd50bef60:345,2,elliptical,edge,test_ood,gnn,43,1.251651866947013,-1.9132262400698568,1.5908730426457243
345,1,47d3e5fd43f9c0f6c6654fd57652371b6cebc0bc594f3e8abe89317fd50bef60:345,2,elliptical,edge,test_ood,gnn,43,0.14814164361794563,-0.5834570459437275,2.4172460735527426
346,0,47d3e5fd43f9c0f6c6654fd57652371b6cebc0bc594f3e8abe89317fd50bef60:346,1,elliptical,edge,test_id,gnn,43,-1.1121997995034876,0.5940917201924419,4.168091171689428
346,1,47d3e5fd43f9c0f6c6654fd57652371b6cebc0bc594f3e8abe89317fd50bef60:346,1,elliptical,edge,test_id,gnn,43,0.0549150767072019,0.09925956210375782,2.950918578097248
347,0,47d3e5fd43f9c0f6c6654fd57652371b6cebc0bc594f3e8abe89317fd50bef60:347,0,circular,outside,test_id,gnn,43,-0.577924506153268,0.23862884124995226,4.748656232920758
347,1,47d3e5fd43f9c0f6c6654fd57652371b6cebc0bc594f3e8abe89317fd50bef60:347,0,circular,outside,test_id,gnn,43,0.3993418054922399,0.1879722245621776,3.8373377076486874
348,0,47d3e5fd43f9c0f6c6654fd57652371b6cebc0bc594f3e8abe89317fd50bef60:348,2,circular,outside,test_id,gnn,43,2.36285327247222,-0.0898178599190617,0.9326524044472565
348,1,47d3e5fd43f9c0f6c6654fd57652371b6cebc0bc594f3e8abe89317fd50bef60:348,2,circular,outside,test_id,gnn,43,1.1544368105276404,-0.873870664031496,2.3048898557588315
349,0,47d3e5fd43f9c0f6c6654fd57652371b6cebc0bc594f3e8abe89317fd50bef60:349,1,elliptical,edge,test_id,gnn,43,-0.22062258550087838,-0.3852034143519307,3.2746133351105344
349,1,47d3e5fd43f9c0f6c6654fd57652371b6cebc0bc594f3e8abe89317fd50bef60:349,1,elliptical,edge,test_id,gnn,43,1.38395295909484,-0.8917642168116474,4.9221986050549695
350,0,47d3e5fd43f9c0f6c6654fd57652371b6cebc0bc594f3e8abe89317fd50bef60:350,0,elliptical,edge,test_id,gnn,43,-0.591183440174264,-0.5421121648859882,3.6238836661316305
350,1,47d3e5fd43f9c0f6c6654fd57652371b6cebc0bc594f3e8abe89317fd50bef60:350,0,elliptical,edge,test_id,gnn,43,0.15313779434998603,-0.2025467089724446,3.5405979721415903
351,0,47d3e5fd43f9c0f6c6654fd57652371b6cebc0bc594f3e8abe89317fd50bef60:351,1,elliptical,inside,test_id,gnn,43,-0.0934182865277949,-0.3821595839571858,3.2300738414384442
351,1,47d3e5fd43f9c0f6c6654fd57652371b6cebc0bc594f3e8abe89317fd50bef60:351,1,elliptical,inside,test_id,gnn,43,0.5808915930136022,-0.25129019537686353,2.771971379129701
352,0,47d3e5fd43f9c0f6c6654fd57652371b6cebc0bc594f3e8abe89317fd50bef60:352,2,circular,edge,test_id,gnn,43,-1.5124005241052332,0.4592716165471172,1.6660004403868518
352,1,47d3e5fd43f9c0f6c6654fd57652371b6cebc0bc594f3e8abe89317fd50bef60:352,2,circular,edge,test_id,gnn,43,-1.8071620626107874,0.5744970508504009,1.4736345664727841
353,0,47d3e5fd43f9c0f6c6654fd57652371b6cebc0bc594f3e8abe89317fd50bef60:353,1,circular,outside,test_id,gnn,43,-0.787080304111642,-0.7069725922655964,3.9793537005421755
353,1,47d3e5fd43f9c0f6c6654fd57652371b6cebc0bc594f3e8abe89317fd50bef60:353,1,circular,outside,test_id,gnn,43,-1.1125424070016565,0.72375345906497,2.9520080433979414
354,0,47d3e5fd43f9c0f6c6654fd57652371b6cebc0bc594f3e8abe89317fd50bef60:354,2,elliptical,edge,test_ood,gnn,43,1.679465277705985,3.4910007782864665,0.8696285516812671
354,1,47d3e5fd43f9c0f6c6654fd57652371b6cebc0bc594f3e8abe89317fd50bef60:354,2,elliptical,edge,test_ood,gnn,43,0.8526319103582677,4.385186798183928,1.389474931193206
355,0,47d3e5fd43f9c0f6c6654fd57652371b6cebc0bc594f3e8abe89317fd50bef60:355,2,circular,edge,test_id,gnn,43,-0.11692981549660593,1.9298957653927897,1.1498080565881892
355,1,47d3e5fd43f9c0f6c6654fd57652371b6cebc0bc594f3e8abe89317fd50bef60:355,2,circular,edge,test_id,gnn,43,-1.0015999240533533,2.1625522442746257,0.9574160330013282
356,0,47d3e5fd43f9c0f6c6654fd57652371b6cebc0bc594f3e8abe89317fd50bef60:356,2,elliptical,outside,test_ood,gnn,43,-1.400123731578988,0.5165519185948467,3.661628247155129
356,1,47d3e5fd43f9c0f6c6654fd57652371b6cebc0bc594f3e8abe89317fd50bef60:356,2,elliptical,outside,test_ood,gnn,43,-1.2749554080621424,-0.6357105306696796,4.781814320993647
357,0,47d3e5fd43f9c0f6c6654fd57652371b6cebc0bc594f3e8abe89317fd50bef60:357,1,elliptical,outside,test_id,gnn,43,-0.5990835590020839,-0.3283289603304768,4.930453557589844
357,1,47d3e5fd43f9c0f6c6654fd57652371b6cebc0bc594f3e8abe89317fd50bef60:357,1,elliptical,outside,test_id,gnn,43,1.4465546446188269,0.25097203931094164,3.4156458921501565
358,0,47d3e5fd43f9c0f6c6654fd57652371b6cebc0bc594f3e8abe89317fd50bef60:358,2,elliptical,inside,test_ood,gnn,43,-2.2828762693063442,2.3712877102780436,0.816523209479549
358,1,47d3e5fd43f9c0f6c6654fd57652371b6cebc0bc594f3e8abe89317fd50bef60:358,2,elliptical,inside,test_ood,gnn,43,-2.2469337148324673,1.7857514687466716,0.5636539809725748
359,0,47d3e5fd43f9c0f6c6654fd57652371b6cebc0bc594f3e8abe89317fd50bef60:359,1,circular,edge,test_id,gnn,43,0.7065712647779759,-0.2935915819716359,3.128244547536779
359,1,47d3e5fd43f9c0f6c6654fd57652371b6cebc0bc594f3e8abe89317fd50bef60:359,1,circular,edge,test_id,gnn,43,0.17071437707980247,0.6106802888798809,4.1468389327796045
