event,event_uid,window_ms,strength_band,geometry,propagation_law,epicenter_region,is_control,full_field_minimum_t1_us,detector_rate,pre_event_rate,post_event_rate,excess_rate,spatial_rate_std
0,5de6c12e02a9e36835018cc3abb08e3288d1688130193055566a10d153a20ef7:0,0.25,2,circular,ballistic,edge,False,15.498254776000977,0.0303714859437751,0.026041666666666668,0.041666666666666664,0.015624999999999997,0.011244867863756083
1,5de6c12e02a9e36835018cc3abb08e3288d1688130193055566a10d153a20ef7:1,0.25,0,circular,ballistic,edge,False,83.03382110595703,0.02786144578313253,0.02786144578313253,,,0.010358288294158307
2,5de6c12e02a9e36835018cc3abb08e3288d1688130193055566a10d153a20ef7:2,0.25,2,circular,diffusive,edge,False,7.8830246925354,0.0338855421686747,0.029356060606060608,0.038995726495726496,0.009639665889665888,0.011018475937574282
3,5de6c12e02a9e36835018cc3abb08e3288d1688130193055566a10d153a20ef7:3,0.25,2,elliptical,ballistic,inside,False,18.010038375854492,0.029116465863453816,0.029116465863453816,,,0.010577965615313996
4,5de6c12e02a9e36835018cc3abb08e3288d1688130193055566a10d153a20ef7:4,0.25,2,circular,ballistic,outside,False,37.30265426635742,0.028363453815261043,0.028363453815261043,,,0.006767805603771468
5,5de6c12e02a9e36835018cc3abb08e3288d1688130193055566a10d153a20ef7:5,0.25,2,circular,diffusive,inside,False,28.95059967041016,0.0338855421686747,0.0338855421686747,,,0.009653054479432436
6,5de6c12e02a9e36835018cc3abb08e3288d1688130193055566a10d153a20ef7:6,0.25,2,elliptical,diffusive,outside,False,82.46122741699219,0.0303714859437751,0.030080213903743314,0.03125,0.0011697860962566857,0.01227355740802977
7,5de6c12e02a9e36835018cc3abb08e3288d1688130193055566a10d153a20ef7:7,0.25,0,circular,diffusive,outside,False,82.17626190185547,0.0286144578313253,0.0286144578313253,,,0.00826409519736663
8,5de6c12e02a9e36835018cc3abb08e3288d1688130193055566a10d153a20ef7:8,0.25,1,circular,diffusive,inside,False,49.141822814941406,0.029367469879518073,0.029605263157894735,0.0,-0.029605263157894735,0.010622542153362865
9,5de6c12e02a9e36835018cc3abb08e3288d1688130193055566a10d153a20ef7:9,0.25,2,elliptical,ballistic,outside,False,23.894779205322266,0.024849397590361446,0.024493243243243243,0.025371287128712873,0.0008780438854696301,0.007305036250429342
10,5de6c12e02a9e36835018cc3abb08e3288d1688130193055566a10d153a20ef7:10,0.25,1,elliptical,ballistic,edge,False,78.973876953125,0.02459839357429719,0.024774774774774775,0.024456521739130436,-0.00031825303564433916,0.00992656623156887
11,5de6c12e02a9e36835018cc3abb08e3288d1688130193055566a10d153a20ef7:11,0.25,1,circular,ballistic,outside,False,76.12477111816406,0.02886546184738956,0.02886546184738956,,,0.00796517653244098
12,5de6c12e02a9e36835018cc3abb08e3288d1688130193055566a10d153a20ef7:12,0.25,2,circular,ballistic,inside,False,6.359433174133301,0.027610441767068273,0.027610441767068273,,,0.007760855840231079
13,5de6c12e02a9e36835018cc3abb08e3288d1688130193055566a10d153a20ef7:13,0.25,2,elliptical,diffusive,inside,False,15.05953598022461,0.0286144578313253,0.03243670886075949,0.026838235294117645,-0.005598473566641848,0.008504555394627217
14,5de6c12e02a9e36835018cc3abb08e3288d1688130193055566a10d153a20ef7:14,0.25,1,circular,diffusive,outside,False,83.83525085449219,0.029367469879518073,0.031818181818181815,0.024553571428571428,-0.007264610389610387,0.008275522852326574
15,5de6c12e02a9e36835018cc3abb08e3288d1688130193055566a10d153a20ef7:15,0.25,1,circular,diffusive,edge,False,62.23296737670898,0.025602409638554216,0.020047169811320754,0.027104591836734693,0.007057422025413939,0.008445082249628876
16,5de6c12e02a9e36835018cc3abb08e3288d1688130193055566a10d153a20ef7:16,0.25,2,elliptical,diffusive,edge,False,22.20631599426269,0.02284136546184739,0.02284136546184739,,,0.00757599812890892
17,5de6c12e02a9e36835018cc3abb08e3288d1688130193055566a10d153a20ef7:17,0.25,2,circular,diffusive,outside,False,23.662996292114254,0.03288152610441767,0.03288152610441767,,,0.01369065275431189
18,5de6c12e02a9e36835018cc3abb08e3288d1688130193055566a10d153a20ef7:18,0.25,1,elliptical,ballistic,outside,False,66.63499450683594,0.030622489959839357,0.030622489959839357,,,0.010894846593479269
19,5de6c12e02a9e36835018cc3abb08e3288d1688130193055566a10d153a20ef7:19,0.25,1,elliptical,diffusive,inside,False,73.6412353515625,0.02033132530120482,0.02033132530120482,,,0.009756923557016472
20,5de6c12e02a9e36835018cc3abb08e3288d1688130193055566a10d153a20ef7:20,0.25,0,circular,diffusive,edge,False,83.83525085449219,0.02886546184738956,0.028079710144927536,0.029166666666666667,0.001086956521739131,0.0075759981289089205
21,5de6c12e02a9e36835018cc3abb08e3288d1688130193055566a10d153a20ef7:21,0.25,1,elliptical,ballistic,inside,False,67.3738784790039,0.030120481927710843,0.029411764705882353,0.03333333333333333,0.00392156862745098,0.012779038214214715
22,5de6c12e02a9e36835018cc3abb08e3288d1688130193055566a10d153a20ef7:22,0.25,1,circular,ballistic,edge,False,63.57048034667969,0.0286144578313253,0.03548728813559322,0.022423664122137404,-0.01306362401345582,0.010324781024700368
23,5de6c12e02a9e36835018cc3abb08e3288d1688130193055566a10d153a20ef7:23,0.25,1,elliptical,diffusive,edge,False,83.83525085449219,0.03463855421686747,0.03463855421686747,,,0.008079054688469419
24,5de6c12e02a9e36835018cc3abb08e3288d1688130193055566a10d153a20ef7:24,0.25,0,circular,diffusive,inside,False,83.83525085449219,0.030622489959839357,0.02693965517241379,0.03174083769633508,0.004801182523921289,0.014984750558834636
25,5de6c12e02a9e36835018cc3abb08e3288d1688130193055566a10d153a20ef7:25,0.25,1,elliptical,diffusive,outside,False,65.65838623046875,0.03112449799196787,0.03125,0.029166666666666667,-0.002083333333333333,0.00963018378175245
26,5de6c12e02a9e36835018cc3abb08e3288d1688130193055566a10d153a20ef7:26,0.25,0,elliptical,diffusive,inside,False,83.1310043334961,0.035140562248995984,0.035140562248995984,,,0.006809568256149868
27,5de6c12e02a9e36835018cc3abb08e3288d1688130193055566a10d153a20ef7:27,0.25,0,elliptical,diffusive,edge,False,82.5007095336914,0.026606425702811246,0.026606425702811246,,,0.009617090391901614
28,5de6c12e02a9e36835018cc3abb08e3288d1688130193055566a10d153a20ef7:28,0.25,0,elliptical,ballistic,edge,False,83.83525085449219,0.027359437751004016,0.027359437751004016,,,0.012170459761446444
29,5de6c12e02a9e36835018cc3abb08e3288d1688130193055566a10d153a20ef7:29,0.25,0,elliptical,ballistic,outside,False,83.67298889160156,0.026606425702811246,0.026606425702811246,,,0.011995786290510563
30,5de6c12e02a9e36835018cc3abb08e3288d1688130193055566a10d153a20ef7:30,0.25,1,circular,ballistic,inside,False,76.26395416259766,0.033383534136546184,0.033383534136546184,,,0.009253166963437129
31,5de6c12e02a9e36835018cc3abb08e3288d1688130193055566a10d153a20ef7:31,0.25,0,circular,ballistic,inside,False,82.55718994140625,0.02208835341365462,0.017775229357798166,0.02544642857142857,0.007671199213630405,0.007240062802136524
32,5de6c12e02a9e36835018cc3abb08e3288d1688130193055566a10d153a20ef7:32,0.25,0,circular,ballistic,outside,False,83.66989135742188,0.0303714859437751,0.031578947368421054,0.029626623376623376,-0.0019523239917976776,0.008777966089380376
33,5de6c12e02a9e36835018cc3abb08e3288d1688130193055566a10d153a20ef7:33,0.25,0,elliptical,ballistic,inside,False,82.2774887084961,0.0286144578313253,0.029622395833333332,0.025219298245614034,-0.0044030975877192985,0.0102266811182045
34,5de6c12e02a9e36835018cc3abb08e3288d1688130193055566a10d153a20ef7:34,0.25,0,elliptical,diffusive,outside,False,83.83525085449219,0.033634538152610444,0.028814935064935064,0.04144736842105263,0.012632433356117564,0.009242948112209824
35,5de6c12e02a9e36835018cc3abb08e3288d1688130193055566a10d153a20ef7:35,0.25,2,elliptical,ballistic,edge,False,33.935890197753906,0.02635542168674699,0.02635542168674699,,,0.009808445623785102
0,5de6c12e02a9e36835018cc3abb08e3288d1688130193055566a10d153a20ef7:0,0.5,2,circular,ballistic,edge,False,15.498254776000977,0.035445891783567135,0.026041666666666668,0.04075235109717868,0.014710684430512013,0.014045379190885398
1,5de6c12e02a9e36835018cc3abb08e3288d1688130193055566a10d153a20ef7:1,0.5,0,circular,ballistic,edge,False,83.03382110595703,0.028306613226452906,0.028306613226452906,,,0.009288825760390359
2,5de6c12e02a9e36835018cc3abb08e3288d1688130193055566a10d153a20ef7:2,0.5,2,circular,diffusive,edge,False,7.8830246925354,0.03406813627254509,0.029356060606060608,0.035762942779291554,0.006406882173230946,0.008792549486364853
3,5de6c12e02a9e36835018cc3abb08e3288d1688130193055566a10d153a20ef7:3,0.5,2,elliptical,ballistic,inside,False,18.010038375854492,0.02692885771543086,0.02788978494623656,0.024114173228346455,-0.003775611717890103,0.006968026576002566
4,5de6c12e02a9e36835018cc3abb08e3288d1688130193055566a10d153a20ef7:4,0.5,2,circular,ballistic,outside,False,37.30265426635742,0.02930861723446894,0.02979115479115479,0.02717391304347826,-0.002617241747676531,0.007626922518856879
5,5de6c12e02a9e36835018cc3abb08e3288d1688130193055566a10d153a20ef7:5,0.5,2,circular,diffusive,inside,False,28.95059967041016,0.030561122244488977,0.03351449275362319,0.026905829596412557,-0.006608663157210634,0.010521042084168337
6,5de6c12e02a9e36835018cc3abb08e3288d1688130193055566a10d153a20ef7:6,0.5,2,elliptical,diffusive,outside,False,82.46122741699219,0.03231462925851703,0.030080213903743314,0.03365384615384615,0.003573632250102838,0.010589409512950025
7,5de6c12e02a9e36835018cc3abb08e3288d1688130193055566a10d153a20ef7:7,0.5,0,circular,diffusive,outside,False,82.17626190185547,0.027429859719438877,0.027429859719438877,,,0.007695519618890598
8,5de6c12e02a9e36835018cc3abb08e3288d1688130193055566a10d153a20ef7:8,0.5,1,circular,diffusive,inside,False,49.141822814941406,0.033316633266533065,0.029605263157894735,0.03695436507936508,0.007349101921470345,0.008228490834497415
9,5de6c12e02a9e36835018cc3abb08e3288d1688130193055566a10d153a20ef7:9,0.5,2,elliptical,ballistic,outside,False,23.894779205322266,0.026678356713426853,0.024493243243243243,0.0275997150997151,0.0031064718564718583,0.008367445939448439
10,5de6c12e02a9e36835018cc3abb08e3288d1688130193055566a10d153a20ef7:10,0.5,1,elliptical,ballistic,edge,False,78.973876953125,0.025676352705410823,0.024774774774774775,0.025934278350515465,0.0011595035757406905,0.005968813906534997
11,5de6c12e02a9e36835018cc3abb08e3288d1688130193055566a10d153a20ef7:11,0.5,1,circular,ballistic,outside,False,76.12477111816406,0.030185370741482965,0.030185370741482965,,,0.00765464007544966
12,5de6c12e02a9e36835018cc3abb08e3288d1688130193055566a10d153a20ef7:12,0.5,2,circular,ballistic,inside,False,6.359433174133301,0.040205410821643285,0.02837837837837838,0.07412790697674419,0.04574952859836581,0.012569435383525349
13,5de6c12e02a9e36835018cc3abb08e3288d1688130193055566a10d153a20ef7:13,0.5,2,elliptical,diffusive,inside,False,15.05953598022461,0.030811623246492986,0.03243670886075949,0.03050595238095238,-0.001930756479807113,0.00905622619364991
14,5de6c12e02a9e36835018cc3abb08e3288d1688130193055566a10d153a20ef7:14,0.5,1,circular,diffusive,outside,False,83.83525085449219,0.028056112224448898,0.031818181818181815,0.02619760479041916,-0.005620577027762655,0.005734230031192183
15,5de6c12e02a9e36835018cc3abb08e3288d1688130193055566a10d153a20ef7:15,0.5,1,circular,diffusive,edge,False,62.23296737670898,0.02692885771543086,0.020047169811320754,0.02774663677130045,0.007699466959979695,0.006062693542224925
16,5de6c12e02a9e36835018cc3abb08e3288d1688130193055566a10d153a20ef7:16,0.5,2,elliptical,diffusive,edge,False,22.20631599426269,0.024549098196392786,0.024549098196392786,,,0.0054191652436833505
17,5de6c12e02a9e36835018cc3abb08e3288d1688130193055566a10d153a20ef7:17,0.5,2,circular,diffusive,outside,False,23.662996292114254,0.028932865731462927,0.028932865731462927,,,0.010382201320365995
18,5de6c12e02a9e36835018cc3abb08e3288d1688130193055566a10d153a20ef7:18,0.5,1,elliptical,ballistic,outside,False,66.63499450683594,0.031187374749498998,0.03,0.032977386934673364,0.002977386934673365,0.00765464007544966
19,5de6c12e02a9e36835018cc3abb08e3288d1688130193055566a10d153a20ef7:19,0.5,1,elliptical,diffusive,inside,False,73.6412353515625,0.02241983967935872,0.02241983967935872,,,0.006776272041444879
20,5de6c12e02a9e36835018cc3abb08e3288d1688130193055566a10d153a20ef7:20,0.5,0,circular,diffusive,edge,False,83.83525085449219,0.030185370741482965,0.028079710144927536,0.030523255813953487,0.002443545669025951,0.006711136435179766
21,5de6c12e02a9e36835018cc3abb08e3288d1688130193055566a10d153a20ef7:21,0.5,1,elliptical,ballistic,inside,False,67.3738784790039,0.029559118236472944,0.029411764705882353,0.029661016949152543,0.0002492522432701906,0.009319175970810759
22,5de6c12e02a9e36835018cc3abb08e3288d1688130193055566a10d153a20ef7:22,0.5,1,circular,ballistic,edge,False,63.57048034667969,0.03231462925851703,0.03548728813559322,0.03133202099737533,-0.004155267138217893,0.007593941077767594
23,5de6c12e02a9e36835018cc3abb08e3288d1688130193055566a10d153a20ef7:23,0.5,1,elliptical,diffusive,edge,False,83.83525085449219,0.03168837675350701,0.033771929824561404,0.02891355140186916,-0.004858378422692246,0.006531066044330507
24,5de6c12e02a9e36835018cc3abb08e3288d1688130193055566a10d153a20ef7:24,0.5,0,circular,diffusive,inside,False,83.83525085449219,0.028056112224448898,0.02693965517241379,0.028202947845804988,0.0012632926733911962,0.008778264262492601
25,5de6c12e02a9e36835018cc3abb08e3288d1688130193055566a10d153a20ef7:25,0.5,1,elliptical,diffusive,outside,False,65.65838623046875,0.029183366733466935,0.03125,0.027358490566037737,-0.0038915094339622633,0.007180907356324731
26,5de6c12e02a9e36835018cc3abb08e3288d1688130193055566a10d153a20ef7:26,0.5,0,elliptical,diffusive,inside,False,83.1310043334961,0.03294088176352705,0.03195137157107232,0.036989795918367346,0.005038424347295026,0.008208448085075624
27,5de6c12e02a9e36835018cc3abb08e3288d1688130193055566a10d153a20ef7:27,0.5,0,elliptical,diffusive,edge,False,82.5007095336914,0.028181362725450902,0.028716216216216218,0.025815217391304348,-0.00290099882491187,0.007319388944732956
28,5de6c12e02a9e36835018cc3abb08e3288d1688130193055566a10d153a20ef7:28,0.5,0,elliptical,ballistic,edge,False,83.83525085449219,0.026052104208416832,0.026052104208416832,,,0.010425176376094596
29,5de6c12e02a9e36835018cc3abb08e3288d1688130193055566a10d153a20ef7:29,0.5,0,elliptical,ballistic,outside,False,83.67298889160156,0.02868236472945892,0.02868236472945892,,,0.010556024245562345
30,5de6c12e02a9e36835018cc3abb08e3288d1688130193055566a10d153a20ef7:30,0.5,1,circular,ballistic,inside,False,76.26395416259766,0.03256513026052104,0.03282374100719424,0.03223981900452489,-0.0005839220026693515,0.009224425170101188
31,5de6c12e02a9e36835018cc3abb08e3288d1688130193055566a10d153a20ef7:31,0.5,0,circular,ballistic,inside,False,82.55718994140625,0.025801603206412827,0.017775229357798166,0.028044871794871796,0.01026964243707363,0.007659761949609547
32,5de6c12e02a9e36835018cc3abb08e3288d1688130193055566a10d153a20ef7:32,0.5,0,circular,ballistic,outside,False,83.66989135742188,0.028056112224448898,0.031578947368421054,0.027227722772277228,-0.004351224596143826,0.009018036072144289
33,5de6c12e02a9e36835018cc3abb08e3288d1688130193055566a10d153a20ef7:33,0.5,0,elliptical,ballistic,inside,False,82.2774887084961,0.029809619238476952,0.029622395833333332,0.02992671009771987,0.00030431426438653694,0.009014556220163618
34,5de6c12e02a9e36835018cc3abb08e3288d1688130193055566a10d153a20ef7:34,0.5,0,elliptical,diffusive,outside,False,83.83525085449219,0.031187374749498998,0.028814935064935064,0.0322463768115942,0.0034314417466591376,0.007336515353510757
35,5de6c12e02a9e36835018cc3abb08e3288d1688130193055566a10d153a20ef7:35,0.5,2,elliptical,ballistic,edge,False,33.935890197753906,0.028306613226452906,0.026804956896551723,0.048214285714285716,0.021409328817733993,0.00796498652083399
0,5de6c12e02a9e36835018cc3abb08e3288d1688130193055566a10d153a20ef7:0,1.0,2,circular,ballistic,edge,False,15.498254776000977,0.047547547547547545,0.026041666666666668,0.052274114774114776,0.026232448107448108,0.01902066533099086
1,5de6c12e02a9e36835018cc3abb08e3288d1688130193055566a10d153a20ef7:1,1.0,0,circular,ballistic,edge,False,83.03382110595703,0.03121871871871872,0.029804270462633453,0.033037757437070936,0.003233486974437483,0.007218049745881912
2,5de6c12e02a9e36835018cc3abb08e3288d1688130193055566a10d153a20ef7:2,1.0,2,circular,diffusive,edge,False,7.8830246925354,0.052552552552552555,0.029356060606060608,0.05608419838523645,0.02672813777917584,0.02238586054584464
3,5de6c12e02a9e36835018cc3abb08e3288d1688130193055566a10d153a20ef7:3,1.0,2,elliptical,ballistic,inside,False,18.010038375854492,0.04354354354354354,0.02788978494623656,0.05283094098883573,0.02494115604259917,0.013919853839012392
4,5de6c12e02a9e36835018cc3abb08e3288d1688130193055566a10d153a20ef7:4,1.0,2,circular,ballistic,outside,False,37.30265426635742,0.0340965965965966,0.02979115479115479,0.037056587837837836,0.0072654330466830445,0.009891811855551512
5,5de6c12e02a9e36835018cc3abb08e3288d1688130193055566a10d153a20ef7:5,1.0,2,circular,diffusive,inside,False,28.95059967041016,0.034597097097097095,0.03351449275362319,0.0350103734439834,0.0014958806903602115,0.012065170320031453
6,5de6c12e02a9e36835018cc3abb08e3288d1688130193055566a10d153a20ef7:6,1.0,2,elliptical,diffusive,outside,False,82.46122741699219,0.029842342342342343,0.030080213903743314,0.02978756157635468,-0.00029265232738863445,0.007548841419618663
7,5de6c12e02a9e36835018cc3abb08e3288d1688130193055566a10d153a20ef7:7,1.0,0,circular,diffusive,outside,False,82.17626190185547,0.028653653653653653,0.02849911971830986,0.028857308584686776,0.000358188866376917,0.005605549745896426
8,5de6c12e02a9e36835018cc3abb08e3288d1688130193055566a10d153a20ef7:8,1.0,1,circular,diffusive,inside,False,49.141822814941406,0.03009259259259259,0.029605263157894735,0.030252659574468085,0.0006473964165733502,0.007735273286781117
9,5de6c12e02a9e36835018cc3abb08e3288d1688130193055566a10d153a20ef7:9,1.0,2,elliptical,ballistic,outside,False,23.894779205322266,0.037412412412412416,0.024493243243243243,0.03965922444183314,0.015165981198589897,0.011790346072476286
10,5de6c12e02a9e36835018cc3abb08e3288d1688130193055566a10d153a20ef7:10,1.0,1,elliptical,ballistic,edge,False,78.973876953125,0.024336836836836837,0.024774774774774775,0.024282094594594593,-0.0004926801801801821,0.0054766368199987
11,5de6c12e02a9e36835018cc3abb08e3288d1688130193055566a10d153a20ef7:11,1.0,1,circular,ballistic,outside,False,76.12477111816406,0.028716216216216218,0.0294811320754717,0.02737603305785124,-0.00210509901762046,0.006889555736076366
12,5de6c12e02a9e36835018cc3abb08e3288d1688130193055566a10d153a20ef7:12,1.0,2,circular,ballistic,inside,False,6.359433174133301,0.10967217217217218,0.02837837837837838,0.15749205087440382,0.12911367249602546,0.03006487540835496
13,5de6c12e02a9e36835018cc3abb08e3288d1688130193055566a10d153a20ef7:13,1.0,2,elliptical,diffusive,inside,False,15.05953598022461,0.03290790790790791,0.03243670886075949,0.03294836956521739,0.0005116607044578989,0.012978678621161867
14,5de6c12e02a9e36835018cc3abb08e3288d1688130193055566a10d153a20ef7:14,1.0,1,circular,diffusive,outside,False,83.83525085449219,0.030905905905905907,0.031818181818181815,0.030725419664268585,-0.00109276215391323,0.007107944162524415
15,5de6c12e02a9e36835018cc3abb08e3288d1688130193055566a10d153a20ef7:15,1.0,1,circular,diffusive,edge,False,62.23296737670898,0.02759009009009009,0.020047169811320754,0.028012684989429177,0.007965515178108423,0.0034077937516006815
16,5de6c12e02a9e36835018cc3abb08e3288d1688130193055566a10d153a20ef7:16,1.0,2,elliptical,diffusive,edge,False,22.20631599426269,0.026839339339339338,0.0245,0.029183366733466935,0.004683366733466934,0.007174537633640428
17,5de6c12e02a9e36835018cc3abb08e3288d1688130193055566a10d153a20ef7:17,1.0,2,circular,diffusive,outside,False,23.662996292114254,0.02996746746746747,0.027585504885993484,0.033766233766233764,0.00618072888024028,0.007272073774440467
18,5de6c12e02a9e36835018cc3abb08e3288d1688130193055566a10d153a20ef7:18,1.0,1,elliptical,ballistic,outside,False,66.63499450683594,0.030655655655655655,0.03,0.030937052932761087,0.0009370529327610878,0.007409901035782247
19,5de6c12e02a9e36835018cc3abb08e3288d1688130193055566a10d153a20ef7:19,1.0,1,elliptical,diffusive,inside,False,73.6412353515625,0.025087587587587588,0.023413009404388715,0.02804709141274238,0.004634082008353666,0.007220218468156007
20,5de6c12e02a9e36835018cc3abb08e3288d1688130193055566a10d153a20ef7:20,1.0,0,circular,diffusive,edge,False,83.83525085449219,0.029466966966966966,0.028079710144927536,0.02956989247311828,0.001490182328190745,0.0061524801438793564
21,5de6c12e02a9e36835018cc3abb08e3288d1688130193055566a10d153a20ef7:21,1.0,1,elliptical,ballistic,inside,False,67.3738784790039,0.026714214214214216,0.029411764705882353,0.026022012578616353,-0.003389752127265999,0.006903177080428526
22,5de6c12e02a9e36835018cc3abb08e3288d1688130193055566a10d153a20ef7:22,1.0,1,circular,ballistic,edge,False,63.57048034667969,0.03440940940940941,0.03548728813559322,0.03426503972758229,-0.0012222484080109328,0.0061336841735616324
23,5de6c12e02a9e36835018cc3abb08e3288d1688130193055566a10d153a20ef7:23,1.0,1,elliptical,diffusive,edge,False,83.83525085449219,0.030593093093093094,0.033771929824561404,0.02932422969187675,-0.004447700132684654,0.00696863824761576
24,5de6c12e02a9e36835018cc3abb08e3288d1688130193055566a10d153a20ef7:24,1.0,0,circular,diffusive,inside,False,83.83525085449219,0.028215715715715715,0.02693965517241379,0.028294367693942613,0.001354712521528821,0.006639594724227215
25,5de6c12e02a9e36835018cc3abb08e3288d1688130193055566a10d153a20ef7:25,1.0,1,elliptical,diffusive,outside,False,65.65838623046875,0.030655655655655655,0.03125,0.030473856209150326,-0.0007761437908496739,0.008403901206309803
26,5de6c12e02a9e36835018cc3abb08e3288d1688130193055566a10d153a20ef7:26,1.0,0,elliptical,diffusive,inside,False,83.1310043334961,0.03178178178178178,0.03195137157107232,0.031668060200668896,-0.0002833113704034246,0.007594590042789549
27,5de6c12e02a9e36835018cc3abb08e3288d1688130193055566a10d153a20ef7:27,1.0,0,elliptical,diffusive,edge,False,82.5007095336914,0.028215715715715715,0.028716216216216218,0.02787162162162162,-0.0008445945945945964,0.006365106629131835
28,5de6c12e02a9e36835018cc3abb08e3288d1688130193055566a10d153a20ef7:28,1.0,0,elliptical,ballistic,edge,False,83.83525085449219,0.031406406406406406,0.026334269662921347,0.037231182795698925,0.010896913132777578,0.009018562113259455
29,5de6c12e02a9e36835018cc3abb08e3288d1688130193055566a10d153a20ef7:29,1.0,0,elliptical,ballistic,outside,False,83.67298889160156,0.02877877877877878,0.028544142614601017,0.029115853658536587,0.0005717110439355695,0.006226153806118483
30,5de6c12e02a9e36835018cc3abb08e3288d1688130193055566a10d153a20ef7:30,1.0,1,circular,ballistic,inside,False,76.26395416259766,0.03184434434434434,0.03282374100719424,0.031466712898751734,-0.0013570281084425082,0.008280740698292526
31,5de6c12e02a9e36835018cc3abb08e3288d1688130193055566a10d153a20ef7:31,1.0,0,circular,ballistic,inside,False,82.55718994140625,0.029842342342342343,0.017775229357798166,0.03132022471910113,0.01354499536130296,0.005470916346501303
32,5de6c12e02a9e36835018cc3abb08e3288d1688130193055566a10d153a20ef7:32,1.0,0,circular,ballistic,outside,False,83.66989135742188,0.02702702702702703,0.031578947368421054,0.02654867256637168,-0.005030274802049373,0.006389962630031883
33,5de6c12e02a9e36835018cc3abb08e3288d1688130193055566a10d153a20ef7:33,1.0,0,elliptical,ballistic,inside,False,82.2774887084961,0.02877877877877878,0.029622395833333332,0.02857806691449814,-0.0010443289188351926,0.004967325635955757
34,5de6c12e02a9e36835018cc3abb08e3288d1688130193055566a10d153a20ef7:34,1.0,0,elliptical,diffusive,outside,False,83.83525085449219,0.029404404404404404,0.028814935064935064,0.029511834319526628,0.0006968992545915639,0.007944213803478465
35,5de6c12e02a9e36835018cc3abb08e3288d1688130193055566a10d153a20ef7:35,1.0,2,elliptical,ballistic,edge,False,33.935890197753906,0.037224724724724725,0.026804956896551723,0.046261682242990654,0.01945672534643893,0.014109626422553158
36,5de6c12e02a9e36835018cc3abb08e3288d1688130193055566a10d153a20ef7:36,0.25,0,circular,diffusive,inside,False,82.07923126220703,0.030873493975903613,0.02850877192982456,0.031575520833333336,0.003066748903508776,0.010333930145702261
37,5de6c12e02a9e36835018cc3abb08e3288d1688130193055566a10d153a20ef7:37,0.25,0,circular,ballistic,inside,False,83.2763671875,0.033383534136546184,0.02389705882352941,0.039965986394557826,0.016068927571028416,0.010717019096490558
38,5de6c12e02a9e36835018cc3abb08e3288d1688130193055566a10d153a20ef7:38,0.25,0,elliptical,ballistic,outside,False,83.67679595947266,0.0303714859437751,0.0303714859437751,,,0.011334158539031762
39,5de6c12e02a9e36835018cc3abb08e3288d1688130193055566a10d153a20ef7:39,0.25,1,elliptical,diffusive,edge,False,64.76795959472656,0.03112449799196787,0.03112449799196787,,,0.011044176706827308
40,5de6c12e02a9e36835018cc3abb08e3288d1688130193055566a10d153a20ef7:40,0.25,0,elliptical,diffusive,edge,False,83.23107147216797,0.024849397590361446,0.018338323353293412,0.038109756097560975,0.019771432744267563,0.009307478020953391
41,5de6c12e02a9e36835018cc3abb08e3288d1688130193055566a10d153a20ef7:41,0.25,0,circular,diffusive,edge,False,83.15219116210938,0.022590361445783132,0.023734177215189875,0.022058823529411766,-0.0016753536857781089,0.009721343740480464
42,5de6c12e02a9e36835018cc3abb08e3288d1688130193055566a10d153a20ef7:42,0.25,1,elliptical,ballistic,edge,False,75.07553100585938,0.025853413654618473,0.025853413654618473,,,0.00368044134001385
43,5de6c12e02a9e36835018cc3abb08e3288d1688130193055566a10d153a20ef7:43,0.25,2,elliptical,diffusive,edge,False,11.54086971282959,0.02786144578313253,0.02786144578313253,,,0.011982648857710854
44,5de6c12e02a9e36835018cc3abb08e3288d1688130193055566a10d153a20ef7:44,0.25,0,circular,diffusive,outside,False,83.83525085449219,0.026606425702811246,0.026606425702811246,,,0.006716409719005848
45,5de6c12e02a9e36835018cc3abb08e3288d1688130193055566a10d153a20ef7:45,0.25,0,elliptical,ballistic,edge,False,82.30653381347656,0.02284136546184739,0.02284136546184739,,,0.00845626532526256
46,5de6c12e02a9e36835018cc3abb08e3288d1688130193055566a10d153a20ef7:46,0.25,2,circular,diffusive,edge,False,8.074596405029297,0.0286144578313253,0.0286144578313253,,,0.009511694438502218
47,5de6c12e02a9e36835018cc3abb08e3288d1688130193055566a10d153a20ef7:47,0.25,2,circular,ballistic,edge,False,18.2376766204834,0.030120481927710843,0.030120481927710843,,,0.008156665064895543
48,5de6c12e02a9e36835018cc3abb08e3288d1688130193055566a10d153a20ef7:48,0.25,2,elliptical,ballistic,inside,False,37.558135986328125,0.025853413654618473,0.025853413654618473,,,0.009060514883423718
49,5de6c12e02a9e36835018cc3abb08e3288d1688130193055566a10d153a20ef7:49,0.25,2,elliptical,ballistic,edge,False,7.405214786529541,0.039909638554216864,0.021716101694915255,0.05629770992366412,0.03458160822874887,0.009441888992873508
50,5de6c12e02a9e36835018cc3abb08e3288d1688130193055566a10d153a20ef7:50,0.25,0,circular,ballistic,edge,False,83.5097427368164,0.02886546184738956,0.02886546184738956,,,0.01043102146344385
51,5de6c12e02a9e36835018cc3abb08e3288d1688130193055566a10d153a20ef7:51,0.25,1,circular,diffusive,outside,False,81.0179672241211,0.022590361445783132,0.020522388059701493,0.023351648351648352,0.002829260291946859,0.01037348309225493
52,5de6c12e02a9e36835018cc3abb08e3288d1688130193055566a10d153a20ef7:52,0.25,1,elliptical,diffusive,inside,False,73.40449523925781,0.0373995983935743,0.0373995983935743,,,0.010186558176557742
53,5de6c12e02a9e36835018cc3abb08e3288d1688130193055566a10d153a20ef7:53,0.25,0,elliptical,diffusive,inside,False,83.2389907836914,0.025853413654618473,0.025853413654618473,,,0.014285194051337546
54,5de6c12e02a9e36835018cc3abb08e3288d1688130193055566a10d153a20ef7:54,0.25,2,elliptical,ballistic,outside,False,25.66639518737793,0.02635542168674699,0.022988505747126436,0.034166666666666665,0.011178160919540228,0.011466790944277529
55,5de6c12e02a9e36835018cc3abb08e3288d1688130193055566a10d153a20ef7:55,0.25,1,circular,ballistic,edge,False,80.29478454589844,0.02635542168674699,0.02635542168674699,,,0.01341169679457083
56,5de6c12e02a9e36835018cc3abb08e3288d1688130193055566a10d153a20ef7:56,0.25,0,elliptical,ballistic,inside,False,83.215576171875,0.0286144578313253,0.0286144578313253,,,0.006330080428171934
57,5de6c12e02a9e36835018cc3abb08e3288d1688130193055566a10d153a20ef7:57,0.25,2,elliptical,diffusive,outside,False,7.21373987197876,0.025853413654618473,0.025853413654618473,,,0.011109586333499363
58,5de6c12e02a9e36835018cc3abb08e3288d1688130193055566a10d153a20ef7:58,0.25,1,circular,ballistic,outside,False,49.369903564453125,0.027359437751004016,0.027359437751004016,,,0.011086878928392458
59,5de6c12e02a9e36835018cc3abb08e3288d1688130193055566a10d153a20ef7:59,0.25,1,elliptical,ballistic,inside,False,60.34263610839844,0.02961847389558233,0.023509174311926607,0.034375,0.010865825688073396,0.015085320483249719
60,5de6c12e02a9e36835018cc3abb08e3288d1688130193055566a10d153a20ef7:60,0.25,0,elliptical,diffusive,outside,False,83.83525085449219,0.03187751004016064,0.036787974683544306,0.023351648351648352,-0.013436326331895954,0.011154862471530608
61,5de6c12e02a9e36835018cc3abb08e3288d1688130193055566a10d153a20ef7:61,0.25,2,circular,diffusive,outside,False,23.15913772583008,0.029869477911646587,0.029869477911646587,,,0.009441888992873508
62,5de6c12e02a9e36835018cc3abb08e3288d1688130193055566a10d153a20ef7:62,0.25,0,circular,ballistic,outside,False,83.20426177978516,0.02635542168674699,0.02635542168674699,,,0.011109586333499363
63,5de6c12e02a9e36835018cc3abb08e3288d1688130193055566a10d153a20ef7:63,0.25,1,elliptical,diffusive,outside,False,71.91423797607422,0.02133534136546185,0.02133534136546185,,,0.009986679851444658
64,5de6c12e02a9e36835018cc3abb08e3288d1688130193055566a10d153a20ef7:64,0.25,1,elliptical,ballistic,outside,False,83.0213623046875,0.03463855421686747,0.03463855421686747,,,0.010275848137780482
65,5de6c12e02a9e36835018cc3abb08e3288d1688130193055566a10d153a20ef7:65,0.25,1,circular,ballistic,inside,False,64.52184295654297,0.030873493975903613,0.030873493975903613,,,0.010479229791741014
66,5de6c12e02a9e36835018cc3abb08e3288d1688130193055566a10d153a20ef7:66,0.25,2,elliptical,diffusive,inside,False,6.166867256164551,0.03187751004016064,0.03187751004016064,,,0.010358288294158307
67,5de6c12e02a9e36835018cc3abb08e3288d1688130193055566a10d153a20ef7:67,0.25,2,circular,ballistic,inside,False,22.39345359802246,0.029116465863453816,0.029116465863453816,,,0.005939839139658249
68,5de6c12e02a9e36835018cc3abb08e3288d1688130193055566a10d153a20ef7:68,0.25,2,circular,diffusive,inside,False,21.916561126708984,0.03112449799196787,0.03112449799196787,,,0.005854369372334639
69,5de6c12e02a9e36835018cc3abb08e3288d1688130193055566a10d153a20ef7:69,0.25,1,circular,diffusive,edge,False,67.9699935913086,0.02961847389558233,0.02961847389558233,,,0.011258866210846288
70,5de6c12e02a9e36835018cc3abb08e3288d1688130193055566a10d153a20ef7:70,0.25,1,circular,diffusive,inside,False,64.33515930175781,0.028112449799196786,0.028112449799196786,,,0.014056224899598393
71,5de6c12e02a9e36835018cc3abb08e3288d1688130193055566a10d153a20ef7:71,0.25,2,circular,ballistic,outside,False,10.783737182617188,0.026857429718875503,0.026857429718875503,,,0.008396450142408498
36,5de6c12e02a9e36835018cc3abb08e3288d1688130193055566a10d153a20ef7:36,0.5,0,circular,diffusive,inside,False,82.07923126220703,0.03193887775551102,0.02850877192982456,0.032381221719457016,0.0038724497896324567,0.005288775633947248
37,5de6c12e02a9e36835018cc3abb08e3288d1688130193055566a10d153a20ef7:37,0.5,0,circular,ballistic,inside,False,83.2763671875,0.032690380761523044,0.02389705882352941,0.03494962216624685,0.011052563342717439,0.008545536123955755
38,5de6c12e02a9e36835018cc3abb08e3288d1688130193055566a10d153a20ef7:38,0.5,0,elliptical,ballistic,outside,False,83.67679595947266,0.029559118236472944,0.030327868852459017,0.028350515463917526,-0.001977353388541492,0.009169842293448461
39,5de6c12e02a9e36835018cc3abb08e3288d1688130193055566a10d153a20ef7:39,0.5,1,elliptical,diffusive,edge,False,64.76795959472656,0.028932865731462927,0.028747433264887063,0.036458333333333336,0.007710900068446273,0.007880834777925538
40,5de6c12e02a9e36835018cc3abb08e3288d1688130193055566a10d153a20ef7:40,0.5,0,elliptical,diffusive,edge,False,83.23107147216797,0.02404809619238477,0.018338323353293412,0.026920180722891568,0.008581857369598156,0.004396274743182426
41,5de6c12e02a9e36835018cc3abb08e3288d1688130193055566a10d153a20ef7:41,0.5,0,circular,diffusive,edge,False,83.15219116210938,0.02630260521042084,0.023734177215189875,0.026785714285714284,0.0030515370705244092,0.007358933277338869
42,5de6c12e02a9e36835018cc3abb08e3288d1688130193055566a10d153a20ef7:42,0.5,1,elliptical,ballistic,edge,False,75.07553100585938,0.02755511022044088,0.02724753694581281,0.02889784946236559,0.0016503125165527807,0.002183817105982302
43,5de6c12e02a9e36835018cc3abb08e3288d1688130193055566a10d153a20ef7:43,0.5,2,elliptical,diffusive,edge,False,11.54086971282959,0.028932865731462927,0.029396728016359917,0.00625,-0.02314672801635992,0.008329864586506917
44,5de6c12e02a9e36835018cc3abb08e3288d1688130193055566a10d153a20ef7:44,0.5,0,circular,diffusive,outside,False,83.83525085449219,0.026427855711422844,0.026427855711422844,,,0.007084131133456549
45,5de6c12e02a9e36835018cc3abb08e3288d1688130193055566a10d153a20ef7:45,0.5,0,elliptical,ballistic,edge,False,82.30653381347656,0.027304609218436873,0.023494525547445255,0.03194444444444444,0.008449918896999187,0.0108122454182902
46,5de6c12e02a9e36835018cc3abb08e3288d1688130193055566a10d153a20ef7:46,0.5,2,circular,diffusive,edge,False,8.074596405029297,0.02630260521042084,0.0286144578313253,0.024,-0.004614457831325299,0.008043383946894953
47,5de6c12e02a9e36835018cc3abb08e3288d1688130193055566a10d153a20ef7:47,0.5,2,circular,ballistic,edge,False,18.2376766204834,0.025050100200400802,0.025050100200400802,,,0.006135996349657259
48,5de6c12e02a9e36835018cc3abb08e3288d1688130193055566a10d153a20ef7:48,0.5,2,elliptical,ballistic,inside,False,37.558135986328125,0.027680360721442886,0.02769151138716356,0.02734375,-0.00034776138716356014,0.0037804078839645716
49,5de6c12e02a9e36835018cc3abb08e3288d1688130193055566a10d153a20ef7:49,0.5,2,elliptical,ballistic,edge,False,7.405214786529541,0.07126753507014028,0.021716101694915255,0.08661417322834646,0.0648980715334312,0.024097298009660338
50,5de6c12e02a9e36835018cc3abb08e3288d1688130193055566a10d153a20ef7:50,0.5,0,circular,ballistic,edge,False,83.5097427368164,0.029934869739478957,0.030493079584775085,0.029166666666666667,-0.0013264129181084182,0.008683934374580638
51,5de6c12e02a9e36835018cc3abb08e3288d1688130193055566a10d153a20ef7:51,0.5,1,circular,diffusive,outside,False,81.0179672241211,0.026177354709418836,0.020522388059701493,0.027054398148148147,0.006532010088446654,0.009498415325474354
52,5de6c12e02a9e36835018cc3abb08e3288d1688130193055566a10d153a20ef7:52,0.5,1,elliptical,diffusive,inside,False,73.40449523925781,0.03231462925851703,0.03334295612009238,0.02556818181818182,-0.007774774301910561,0.00762692251885688
53,5de6c12e02a9e36835018cc3abb08e3288d1688130193055566a10d153a20ef7:53,0.5,0,elliptical,diffusive,inside,False,83.2389907836914,0.030435871743486973,0.029351635514018693,0.03697183098591549,0.007620195471896799,0.01418762576134842
54,5de6c12e02a9e36835018cc3abb08e3288d1688130193055566a10d153a20ef7:54,0.5,2,elliptical,ballistic,outside,False,25.66639518737793,0.027304609218436873,0.022988505747126436,0.029615384615384616,0.00662687886825818,0.0074268372146160284
55,5de6c12e02a9e36835018cc3abb08e3288d1688130193055566a10d153a20ef7:55,0.5,1,circular,ballistic,edge,False,80.29478454589844,0.027930861723446894,0.02736842105263158,0.0390625,0.01169407894736842,0.008022878776919236
56,5de6c12e02a9e36835018cc3abb08e3288d1688130193055566a10d153a20ef7:56,0.5,0,elliptical,ballistic,inside,False,83.215576171875,0.02780561122244489,0.027806122448979592,0.027777777777777776,-2.834467120181594e-05,0.0038726515114579927
57,5de6c12e02a9e36835018cc3abb08e3288d1688130193055566a10d153a20ef7:57,0.5,2,elliptical,diffusive,outside,False,7.21373987197876,0.02555110220440882,0.02681992337164751,0.02415966386554622,-0.002660259506101291,0.009597817665665339
58,5de6c12e02a9e36835018cc3abb08e3288d1688130193055566a10d153a20ef7:58,0.5,1,circular,ballistic,outside,False,49.369903564453125,0.030185370741482965,0.030185370741482965,,,0.008449536560883231
59,5de6c12e02a9e36835018cc3abb08e3288d1688130193055566a10d153a20ef7:59,0.5,1,elliptical,ballistic,inside,False,60.34263610839844,0.03719939879759519,0.023509174311926607,0.041025641025641026,0.01751646671371442,0.012028613653931881
60,5de6c12e02a9e36835018cc3abb08e3288d1688130193055566a10d153a20ef7:60,0.5,0,elliptical,diffusive,outside,False,83.83525085449219,0.033066132264529056,0.036787974683544306,0.031341642228739,-0.005446332454805303,0.010580517075121683
61,5de6c12e02a9e36835018cc3abb08e3288d1688130193055566a10d153a20ef7:61,0.5,2,circular,diffusive,outside,False,23.15913772583008,0.029183366733466935,0.029183366733466935,,,0.006748433764040177
62,5de6c12e02a9e36835018cc3abb08e3288d1688130193055566a10d153a20ef7:62,0.5,0,circular,ballistic,outside,False,83.20426177978516,0.031187374749498998,0.031187374749498998,,,0.008538189863303739
63,5de6c12e02a9e36835018cc3abb08e3288d1688130193055566a10d153a20ef7:63,0.5,1,elliptical,diffusive,outside,False,71.91423797607422,0.02555110220440882,0.025232919254658384,0.03515625,0.009923330745341616,0.008920087081545519
64,5de6c12e02a9e36835018cc3abb08e3288d1688130193055566a10d153a20ef7:64,0.5,1,elliptical,ballistic,outside,False,83.0213623046875,0.030185370741482965,0.035355839416058396,0.02388888888888889,-0.011466950527169506,0.008069671176274856
65,5de6c12e02a9e36835018cc3abb08e3288d1688130193055566a10d153a20ef7:65,0.5,1,circular,ballistic,inside,False,64.52184295654297,0.031187374749498998,0.03146162528216704,0.029017857142857144,-0.002443768139309896,0.008054103915717824
66,5de6c12e02a9e36835018cc3abb08e3288d1688130193055566a10d153a20ef7:66,0.5,2,elliptical,diffusive,inside,False,6.166867256164551,0.04133266533066132,0.0330188679245283,0.05074786324786325,0.017728995323334946,0.015235321843221414
67,5de6c12e02a9e36835018cc3abb08e3288d1688130193055566a10d153a20ef7:67,0.5,2,circular,ballistic,inside,False,22.39345359802246,0.028557114228456915,0.028557114228456915,,,0.0033979609133894134
68,5de6c12e02a9e36835018cc3abb08e3288d1688130193055566a10d153a20ef7:68,0.5,2,circular,diffusive,inside,False,21.916561126708984,0.029433867735470944,0.029490616621983913,0.029265873015873016,-0.00022474360611089705,0.00796794034497441
69,5de6c12e02a9e36835018cc3abb08e3288d1688130193055566a10d153a20ef7:69,0.5,1,circular,diffusive,edge,False,67.9699935913086,0.025175350701402806,0.02626616379310345,0.010714285714285714,-0.015551878078817735,0.009458693602773372
70,5de6c12e02a9e36835018cc3abb08e3288d1688130193055566a10d153a20ef7:70,0.5,1,circular,diffusive,inside,False,64.33515930175781,0.028932865731462927,0.028864503816793893,0.0290084388185654,0.00014393500177150784,0.012469189058652474
71,5de6c12e02a9e36835018cc3abb08e3288d1688130193055566a10d153a20ef7:71,0.5,2,circular,ballistic,outside,False,10.783737182617188,0.028807615230460923,0.028807615230460923,,,0.008944674885449463
36,5de6c12e02a9e36835018cc3abb08e3288d1688130193055566a10d153a20ef7:36,1.0,0,circular,diffusive,inside,False,82.07923126220703,0.03153153153153153,0.02850877192982456,0.03171443736730361,0.0032056654374790494,0.003811698251183137
37,5de6c12e02a9e36835018cc3abb08e3288d1688130193055566a10d153a20ef7:37,1.0,0,circular,ballistic,inside,False,83.2763671875,0.032344844844844844,0.02389705882352941,0.033305462653288744,0.009408403829759333,0.006578000506326507
38,5de6c12e02a9e36835018cc3abb08e3288d1688130193055566a10d153a20ef7:38,1.0,0,elliptical,ballistic,outside,False,83.67679595947266,0.02952952952952953,0.030327868852459017,0.029178674351585013,-0.0011491945008740047,0.007877916035383981
39,5de6c12e02a9e36835018cc3abb08e3288d1688130193055566a10d153a20ef7:39,1.0,1,elliptical,diffusive,edge,False,64.76795959472656,0.02909159159159159,0.028747433264887063,0.0294189453125,0.000671512047612937,0.007323561922583067
40,5de6c12e02a9e36835018cc3abb08e3288d1688130193055566a10d153a20ef7:40,1.0,0,elliptical,diffusive,edge,False,83.23107147216797,0.025650650650650652,0.018338323353293412,0.027118389423076924,0.008780066069783512,0.004934120158441029
41,5de6c12e02a9e36835018cc3abb08e3288d1688130193055566a10d153a20ef7:41,1.0,0,circular,diffusive,edge,False,83.15219116210938,0.028153153153153154,0.023734177215189875,0.028532608695652172,0.004798431480462297,0.007736538191747102
42,5de6c12e02a9e36835018cc3abb08e3288d1688130193055566a10d153a20ef7:42,1.0,1,elliptical,ballistic,edge,False,75.07553100585938,0.028028028028028028,0.02724753694581281,0.028562394603709948,0.0013148576578971387,0.005728490061190989
43,5de6c12e02a9e36835018cc3abb08e3288d1688130193055566a10d153a20ef7:43,1.0,2,elliptical,diffusive,edge,False,11.54086971282959,0.03347097097097097,0.029396728016359917,0.037377450980392156,0.007980722964032239,0.010428073861178003
44,5de6c12e02a9e36835018cc3abb08e3288d1688130193055566a10d153a20ef7:44,1.0,0,circular,diffusive,outside,False,83.83525085449219,0.025588088088088087,0.025,0.02645420792079208,0.001454207920792077,0.005692505650989951
45,5de6c12e02a9e36835018cc3abb08e3288d1688130193055566a10d153a20ef7:45,1.0,0,elliptical,ballistic,edge,False,82.30653381347656,0.028153153153153154,0.023494525547445255,0.029913793103448275,0.006419267556003021,0.009974756490176068
46,5de6c12e02a9e36835018cc3abb08e3288d1688130193055566a10d153a20ef7:46,1.0,2,circular,diffusive,edge,False,8.074596405029297,0.04504504504504504,0.0286144578313253,0.0505,0.021885542168674704,0.018406582130563853
47,5de6c12e02a9e36835018cc3abb08e3288d1688130193055566a10d153a20ef7:47,1.0,2,circular,ballistic,edge,False,18.2376766204834,0.035035035035035036,0.02681484502446982,0.048089378238341966,0.021274533213872147,0.01019904097713455
48,5de6c12e02a9e36835018cc3abb08e3288d1688130193055566a10d153a20ef7:48,1.0,2,elliptical,ballistic,inside,False,37.558135986328125,0.03203203203203203,0.02769151138716356,0.03609496124031008,0.008403449853146519,0.003940944881887793
49,5de6c12e02a9e36835018cc3abb08e3288d1688130193055566a10d153a20ef7:49,1.0,2,elliptical,ballistic,edge,False,7.405214786529541,0.10804554554554555,0.021716101694915255,0.11960839954597048,0.09789229785105523,0.03766032428831404
50,5de6c12e02a9e36835018cc3abb08e3288d1688130193055566a10d153a20ef7:50,1.0,0,circular,ballistic,edge,False,83.5097427368164,0.026901901901901903,0.030493079584775085,0.025440140845070423,-0.005052938739704662,0.0060047024778287425
51,5de6c12e02a9e36835018cc3abb08e3288d1688130193055566a10d153a20ef7:51,1.0,1,circular,diffusive,outside,False,81.0179672241211,0.028028028028028028,0.020522388059701493,0.028567596566523606,0.008045208506822114,0.006876192024041084
52,5de6c12e02a9e36835018cc3abb08e3288d1688130193055566a10d153a20ef7:52,1.0,1,elliptical,diffusive,inside,False,73.40449523925781,0.03071821821821822,0.03334295612009238,0.02871024734982332,-0.00463270877026906,0.008928490910109832
53,5de6c12e02a9e36835018cc3abb08e3288d1688130193055566a10d153a20ef7:53,1.0,0,elliptical,diffusive,inside,False,83.2389907836914,0.03278278278278278,0.029351635514018693,0.035354640980735555,0.006003005466716862,0.009934651271911515
54,5de6c12e02a9e36835018cc3abb08e3288d1688130193055566a10d153a20ef7:54,1.0,2,elliptical,ballistic,outside,False,25.66639518737793,0.03997747747747748,0.022988505747126436,0.043560606060606064,0.020572100313479627,0.011384151789880444
55,5de6c12e02a9e36835018cc3abb08e3288d1688130193055566a10d153a20ef7:55,1.0,1,circular,ballistic,edge,False,80.29478454589844,0.030155155155155156,0.02736842105263158,0.032681297709923667,0.0053128766572920864,0.00864631816884713
56,5de6c12e02a9e36835018cc3abb08e3288d1688130193055566a10d153a20ef7:56,1.0,0,elliptical,ballistic,inside,False,83.215576171875,0.03028028028028028,0.027806122448979592,0.03266208251473477,0.0048559600657551785,0.005273099976402772
57,5de6c12e02a9e36835018cc3abb08e3288d1688130193055566a10d153a20ef7:57,1.0,2,elliptical,diffusive,outside,False,7.21373987197876,0.02884134134134134,0.02681992337164751,0.029556233062330625,0.002736309690683114,0.012164678564588334
58,5de6c12e02a9e36835018cc3abb08e3288d1688130193055566a10d153a20ef7:58,1.0,1,circular,ballistic,outside,False,49.369903564453125,0.030593093093093094,0.030990878938640134,0.029987373737373736,-0.0010035052012663977,0.009690333067411036
59,5de6c12e02a9e36835018cc3abb08e3288d1688130193055566a10d153a20ef7:59,1.0,1,elliptical,ballistic,inside,False,60.34263610839844,0.03678678678678678,0.023509174311926607,0.03841292134831461,0.014903747036388002,0.009184559210962246
60,5de6c12e02a9e36835018cc3abb08e3288d1688130193055566a10d153a20ef7:60,1.0,0,elliptical,diffusive,outside,False,83.83525085449219,0.032532532532532535,0.036787974683544306,0.03173305588585018,-0.0050549187976941246,0.009601264310936376
61,5de6c12e02a9e36835018cc3abb08e3288d1688130193055566a10d153a20ef7:61,1.0,2,circular,diffusive,outside,False,23.15913772583008,0.030467967967967968,0.029987373737373736,0.03117283950617284,0.0011854657687991044,0.0037070628045609484
62,5de6c12e02a9e36835018cc3abb08e3288d1688130193055566a10d153a20ef7:62,1.0,0,circular,ballistic,outside,False,83.20426177978516,0.029842342342342343,0.029957706766917294,0.029710920770877943,-0.00024678599603935106,0.006979862605775919
63,5de6c12e02a9e36835018cc3abb08e3288d1688130193055566a10d153a20ef7:63,1.0,1,elliptical,diffusive,outside,False,71.91423797607422,0.025775775775775774,0.025232919254658384,0.026283914728682172,0.001050995474023788,0.008408557365571293
64,5de6c12e02a9e36835018cc3abb08e3288d1688130193055566a10d153a20ef7:64,1.0,1,elliptical,ballistic,outside,False,83.0213623046875,0.02827827827827828,0.035355839416058396,0.02560344827586207,-0.009752391140196326,0.006145159738642981
65,5de6c12e02a9e36835018cc3abb08e3288d1688130193055566a10d153a20ef7:65,1.0,1,circular,ballistic,inside,False,64.52184295654297,0.0340965965965966,0.03146162528216704,0.03619604316546762,0.004734417883300583,0.009738682291440379
66,5de6c12e02a9e36835018cc3abb08e3288d1688130193055566a10d153a20ef7:66,1.0,2,elliptical,diffusive,inside,False,6.166867256164551,0.0763888888888889,0.0330188679245283,0.09204700272479564,0.05902813480026734,0.040536630191793516
67,5de6c12e02a9e36835018cc3abb08e3288d1688130193055566a10d153a20ef7:67,1.0,2,circular,ballistic,inside,False,22.39345359802246,0.0381006006006006,0.02804878048780488,0.05419921875,0.02615043826219512,0.007588145100232224
68,5de6c12e02a9e36835018cc3abb08e3288d1688130193055566a10d153a20ef7:68,1.0,2,circular,diffusive,inside,False,21.916561126708984,0.03734984984984985,0.029490616621983913,0.04203274760383387,0.012542130981849954,0.013651690176337019
69,5de6c12e02a9e36835018cc3abb08e3288d1688130193055566a10d153a20ef7:69,1.0,1,circular,diffusive,edge,False,67.9699935913086,0.02884134134134134,0.02626616379310345,0.03107476635514019,0.004808602562036739,0.009343211313552839
70,5de6c12e02a9e36835018cc3abb08e3288d1688130193055566a10d153a20ef7:70,1.0,1,circular,diffusive,inside,False,64.33515930175781,0.030655655655655655,0.028864503816793893,0.03129240162822253,0.0024278978114286344,0.013217738744824523
71,5de6c12e02a9e36835018cc3abb08e3288d1688130193055566a10d153a20ef7:71,1.0,2,circular,ballistic,outside,False,10.783737182617188,0.040853353353353355,0.031568877551020405,0.054136253041362534,0.02256737549034213,0.013441344894965618
72,5de6c12e02a9e36835018cc3abb08e3288d1688130193055566a10d153a20ef7:72,0.25,1,circular,ballistic,outside,False,66.61605072021484,0.03614457831325301,0.03614457831325301,,,0.010434041009451068
73,5de6c12e02a9e36835018cc3abb08e3288d1688130193055566a10d153a20ef7:73,0.25,2,elliptical,ballistic,inside,False,5.129261493682861,0.06149598393574297,0.038135593220338986,0.06875,0.03061440677966102,0.026939408720867725
74,5de6c12e02a9e36835018cc3abb08e3288d1688130193055566a10d153a20ef7:74,0.25,2,elliptical,ballistic,outside,False,8.7136869430542,0.029116465863453816,0.029116465863453816,,,0.010090236567390453
75,5de6c12e02a9e36835018cc3abb08e3288d1688130193055566a10d153a20ef7:75,0.25,0,circular,diffusive,outside,False,83.83525085449219,0.029367469879518073,0.029367469879518073,,,0.011791847034685088
76,5de6c12e02a9e36835018cc3abb08e3288d1688130193055566a10d153a20ef7:76,0.25,1,circular,diffusive,inside,False,81.05004119873047,0.023092369477911646,0.023092369477911646,,,0.006428839595816112
77,5de6c12e02a9e36835018cc3abb08e3288d1688130193055566a10d153a20ef7:77,0.25,1,circular,diffusive,outside,False,82.61314392089844,0.028363453815261043,0.033049738219895285,0.01293103448275862,-0.020118703737136666,0.005629433105423144
78,5de6c12e02a9e36835018cc3abb08e3288d1688130193055566a10d153a20ef7:78,0.25,2,elliptical,diffusive,outside,False,10.895483016967772,0.027359437751004016,0.03465909090909091,0.02158273381294964,-0.013076357096141269,0.010087114105125562
79,5de6c12e02a9e36835018cc3abb08e3288d1688130193055566a10d153a20ef7:79,0.25,0,elliptical,diffusive,edge,False,83.83525085449219,0.0373995983935743,0.0373995983935743,,,0.013126814121478796
80,5de6c12e02a9e36835018cc3abb08e3288d1688130193055566a10d153a20ef7:80,0.25,2,elliptical,diffusive,edge,False,5.456723690032959,0.02459839357429719,0.02459839357429719,,,0.010470207637858539
81,5de6c12e02a9e36835018cc3abb08e3288d1688130193055566a10d153a20ef7:81,0.25,0,elliptical,ballistic,inside,False,80.97966766357422,0.024347389558232933,0.02726063829787234,0.02258064516129032,-0.00467999313658202,0.009225891540908186
82,5de6c12e02a9e36835018cc3abb08e3288d1688130193055566a10d153a20ef7:82,0.25,0,circular,ballistic,inside,False,82.28357696533203,0.01857429718875502,0.01857429718875502,,,0.008622271103071118
83,5de6c12e02a9e36835018cc3abb08e3288d1688130193055566a10d153a20ef7:83,0.25,2,elliptical,diffusive,inside,False,4.181491851806641,0.03714859437751004,0.026785714285714284,0.04470486111111111,0.017919146825396828,0.017215289356909885
84,5de6c12e02a9e36835018cc3abb08e3288d1688130193055566a10d153a20ef7:84,0.25,1,elliptical,diffusive,outside,False,83.83525085449219,0.03112449799196787,0.03112449799196787,,,0.011359145079301969
85,5de6c12e02a9e36835018cc3abb08e3288d1688130193055566a10d153a20ef7:85,0.25,1,circular,ballistic,edge,False,75.3165054321289,0.02886546184738956,0.02886546184738956,,,0.015777354548009763
86,5de6c12e02a9e36835018cc3abb08e3288d1688130193055566a10d153a20ef7:86,0.25,1,elliptical,ballistic,inside,False,74.4942398071289,0.029869477911646587,0.029869477911646587,,,0.007407808515749851
87,5de6c12e02a9e36835018cc3abb08e3288d1688130193055566a10d153a20ef7:87,0.25,1,elliptical,ballistic,edge,False,72.28030395507812,0.03890562248995984,0.04641544117647059,0.029867256637168143,-0.016548184539302447,0.014053983613623913
88,5de6c12e02a9e36835018cc3abb08e3288d1688130193055566a10d153a20ef7:88,0.25,1,elliptical,ballistic,outside,False,68.31928253173828,0.028363453815261043,0.028363453815261043,,,0.011378541121127649
89,5de6c12e02a9e36835018cc3abb08e3288d1688130193055566a10d153a20ef7:89,0.25,0,circular,diffusive,edge,False,83.83525085449219,0.029367469879518073,0.029367469879518073,,,0.008336205775811052
90,5de6c12e02a9e36835018cc3abb08e3288d1688130193055566a10d153a20ef7:90,0.25,2,circular,ballistic,inside,False,31.01466941833496,0.030622489959839357,0.030622489959839357,,,0.010275848137780482
91,5de6c12e02a9e36835018cc3abb08e3288d1688130193055566a10d153a20ef7:91,0.25,1,elliptical,diffusive,edge,False,67.03587341308594,0.028363453815261043,0.028363453815261043,,,0.010926605853252468
92,5de6c12e02a9e36835018cc3abb08e3288d1688130193055566a10d153a20ef7:92,0.25,2,elliptical,ballistic,edge,False,17.95914077758789,0.02610441767068273,0.02610441767068273,,,0.011180249724558278
93,5de6c12e02a9e36835018cc3abb08e3288d1688130193055566a10d153a20ef7:93,0.25,1,circular,ballistic,inside,False,66.4293441772461,0.03162650602409638,0.03162650602409638,,,0.008966150150347265
94,5de6c12e02a9e36835018cc3abb08e3288d1688130193055566a10d153a20ef7:94,0.25,2,circular,diffusive,inside,False,14.813495635986328,0.029869477911646587,0.03125,0.029239766081871343,-0.0020102339181286566,0.008777966089380376
95,5de6c12e02a9e36835018cc3abb08e3288d1688130193055566a10d153a20ef7:95,0.25,0,circular,ballistic,outside,False,83.32736206054688,0.03438755020080321,0.03213276836158192,0.03993055555555555,0.007797787193973629,0.00894856599898388
96,5de6c12e02a9e36835018cc3abb08e3288d1688130193055566a10d153a20ef7:96,0.25,2,circular,diffusive,outside,False,38.32158660888672,0.03288152610441767,0.03288152610441767,,,0.014477949941184476
97,5de6c12e02a9e36835018cc3abb08e3288d1688130193055566a10d153a20ef7:97,0.25,0,elliptical,diffusive,inside,False,83.11669921875,0.03237951807228916,0.030157342657342656,0.03537735849056604,0.005220015833223381,0.012191149040743867
98,5de6c12e02a9e36835018cc3abb08e3288d1688130193055566a10d153a20ef7:98,0.25,0,circular,diffusive,inside,False,83.62954711914062,0.0373995983935743,0.0373995983935743,,,0.008806628912072708
99,5de6c12e02a9e36835018cc3abb08e3288d1688130193055566a10d153a20ef7:99,0.25,2,circular,ballistic,edge,False,9.866899490356444,0.04317269076305221,0.03993055555555555,0.047619047619047616,0.007688492063492064,0.014755962305922759
100,5de6c12e02a9e36835018cc3abb08e3288d1688130193055566a10d153a20ef7:100,0.25,2,circular,ballistic,outside,False,42.27734756469727,0.027610441767068273,0.02717391304347826,0.027985074626865673,0.0008111615833874125,0.007629861522876838
101,5de6c12e02a9e36835018cc3abb08e3288d1688130193055566a10d153a20ef7:101,0.25,0,elliptical,ballistic,outside,False,82.94576263427734,0.03288152610441767,0.03288152610441767,,,0.010574987165130972
102,5de6c12e02a9e36835018cc3abb08e3288d1688130193055566a10d153a20ef7:102,0.25,0,elliptical,ballistic,edge,False,82.45361328125,0.03162650602409638,0.03162650602409638,,,0.008324861421574799
103,5de6c12e02a9e36835018cc3abb08e3288d1688130193055566a10d153a20ef7:103,0.25,0,elliptical,diffusive,outside,False,80.53760528564453,0.030622489959839357,0.030622489959839357,,,0.008016425412987607
104,5de6c12e02a9e36835018cc3abb08e3288d1688130193055566a10d153a20ef7:104,0.25,0,circular,ballistic,edge,False,83.81641387939453,0.027359437751004016,0.027359437751004016,,,0.011132247420450143
105,5de6c12e02a9e36835018cc3abb08e3288d1688130193055566a10d153a20ef7:105,0.25,1,circular,diffusive,edge,False,60.19334411621094,0.03237951807228916,0.05803571428571429,0.02493523316062176,-0.03310048112509253,0.010880379920528737
106,5de6c12e02a9e36835018cc3abb08e3288d1688130193055566a10d153a20ef7:106,0.25,1,elliptical,diffusive,inside,False,62.13943862915039,0.027359437751004016,0.027359437751004016,,,0.012855228943074174
107,5de6c12e02a9e36835018cc3abb08e3288d1688130193055566a10d153a20ef7:107,0.25,2,circular,diffusive,edge,False,10.90604305267334,0.02384538152610442,0.02384538152610442,,,0.010211267874903611
72,5de6c12e02a9e36835018cc3abb08e3288d1688130193055566a10d153a20ef7:72,0.5,1,circular,ballistic,outside,False,66.61605072021484,0.036072144288577156,0.036072144288577156,,,0.011010651791500957
73,5de6c12e02a9e36835018cc3abb08e3288d1688130193055566a10d153a20ef7:73,0.5,2,elliptical,ballistic,inside,False,5.129261493682861,0.09619238476953908,0.038135593220338986,0.10397727272727272,0.06584167950693373,0.05119054017813548
74,5de6c12e02a9e36835018cc3abb08e3288d1688130193055566a10d153a20ef7:74,0.5,2,elliptical,ballistic,outside,False,8.7136869430542,0.03206412825651302,0.028652392947103273,0.04534313725490196,0.016690744307798686,0.008031673117175049
75,5de6c12e02a9e36835018cc3abb08e3288d1688130193055566a10d153a20ef7:75,0.5,0,circular,diffusive,outside,False,83.83525085449219,0.030811623246492986,0.02944015444015444,0.03229166666666667,0.0028515122265122296,0.009302326967749068
76,5de6c12e02a9e36835018cc3abb08e3288d1688130193055566a10d153a20ef7:76,0.5,1,circular,diffusive,inside,False,81.05004119873047,0.027304609218436873,0.027304609218436873,,,0.007063062214364572
77,5de6c12e02a9e36835018cc3abb08e3288d1688130193055566a10d153a20ef7:77,0.5,1,circular,diffusive,outside,False,82.61314392089844,0.029433867735470944,0.033049738219895285,0.02719155844155844,-0.0058581797783368444,0.006031562689295845
78,5de6c12e02a9e36835018cc3abb08e3288d1688130193055566a10d153a20ef7:78,0.5,2,elliptical,diffusive,outside,False,10.895483016967772,0.02692885771543086,0.03465909090909091,0.02474293059125964,-0.009916160317831269,0.009707519859548413
79,5de6c12e02a9e36835018cc3abb08e3288d1688130193055566a10d153a20ef7:79,0.5,0,elliptical,diffusive,edge,False,83.83525085449219,0.03231462925851703,0.03229665071770335,0.032407407407407406,0.00011075668970405433,0.01127811040530103
80,5de6c12e02a9e36835018cc3abb08e3288d1688130193055566a10d153a20ef7:80,0.5,2,elliptical,diffusive,edge,False,5.456723690032959,0.02655310621242485,0.02412683823529412,0.02946035242290749,0.00533351418761337,0.009532213221663552
81,5de6c12e02a9e36835018cc3abb08e3288d1688130193055566a10d153a20ef7:81,0.5,0,elliptical,ballistic,inside,False,80.97966766357422,0.026052104208416832,0.02726063829787234,0.025771604938271606,-0.0014890333596007353,0.007242901951303087
82,5de6c12e02a9e36835018cc3abb08e3288d1688130193055566a10d153a20ef7:82,0.5,0,circular,ballistic,inside,False,82.28357696533203,0.02555110220440882,0.02555110220440882,,,0.008735268423929205
83,5de6c12e02a9e36835018cc3abb08e3288d1688130193055566a10d153a20ef7:83,0.5,2,elliptical,diffusive,inside,False,4.181491851806641,0.06312625250501001,0.026785714285714284,0.07281091370558376,0.046025199419869475,0.035486364863656875
84,5de6c12e02a9e36835018cc3abb08e3288d1688130193055566a10d153a20ef7:84,0.5,1,elliptical,diffusive,outside,False,83.83525085449219,0.03006012024048096,0.03006012024048096,,,0.008706486571634652
85,5de6c12e02a9e36835018cc3abb08e3288d1688130193055566a10d153a20ef7:85,0.5,1,circular,ballistic,edge,False,75.3165054321289,0.030811623246492986,0.029358353510895885,0.0377906976744186,0.008432344163522718,0.012135732979748822
86,5de6c12e02a9e36835018cc3abb08e3288d1688130193055566a10d153a20ef7:86,0.5,1,elliptical,ballistic,inside,False,74.4942398071289,0.02868236472945892,0.02966772151898734,0.02698087431693989,-0.002686847202047451,0.008200799867169766
87,5de6c12e02a9e36835018cc3abb08e3288d1688130193055566a10d153a20ef7:87,0.5,1,elliptical,ballistic,edge,False,72.28030395507812,0.03218937875751503,0.04641544117647059,0.026859504132231406,-0.019555937044239184,0.008582173102768487
88,5de6c12e02a9e36835018cc3abb08e3288d1688130193055566a10d153a20ef7:88,0.5,1,elliptical,ballistic,outside,False,68.31928253173828,0.031437875751503,0.031437875751503,,,0.008791657339897499
89,5de6c12e02a9e36835018cc3abb08e3288d1688130193055566a10d153a20ef7:89,0.5,0,circular,diffusive,edge,False,83.83525085449219,0.03068637274549098,0.03068637274549098,,,0.007030782665674443
90,5de6c12e02a9e36835018cc3abb08e3288d1688130193055566a10d153a20ef7:90,0.5,2,circular,ballistic,inside,False,31.01466941833496,0.029433867735470944,0.029433867735470944,,,0.006073035031262854
91,5de6c12e02a9e36835018cc3abb08e3288d1688130193055566a10d153a20ef7:91,0.5,1,elliptical,diffusive,edge,False,67.03587341308594,0.029809619238476952,0.028813073394495414,0.03670634920634921,0.007893275811853794,0.0075773965241754376
92,5de6c12e02a9e36835018cc3abb08e3288d1688130193055566a10d153a20ef7:92,0.5,2,elliptical,ballistic,edge,False,17.95914077758789,0.03006012024048096,0.030208333333333334,0.02631578947368421,-0.0038925438596491245,0.006376714459598125
93,5de6c12e02a9e36835018cc3abb08e3288d1688130193055566a10d153a20ef7:93,0.5,1,circular,ballistic,inside,False,66.4293441772461,0.03093687374749499,0.030293367346938774,0.03329439252336448,0.0030010251764257083,0.007816875639594151
94,5de6c12e02a9e36835018cc3abb08e3288d1688130193055566a10d153a20ef7:94,0.5,2,circular,diffusive,inside,False,14.813495635986328,0.03381763527054108,0.03125,0.034293349168646084,0.003043349168646084,0.014681581424942487
95,5de6c12e02a9e36835018cc3abb08e3288d1688130193055566a10d153a20ef7:95,0.5,0,circular,ballistic,outside,False,83.32736206054688,0.027930861723446894,0.03213276836158192,0.02562111801242236,-0.006511650349159563,0.008193144509732611
96,5de6c12e02a9e36835018cc3abb08e3288d1688130193055566a10d153a20ef7:96,0.5,2,circular,diffusive,outside,False,38.32158660888672,0.029809619238476952,0.030285493827160493,0.02892857142857143,-0.0013569223985890645,0.009928818227758722
97,5de6c12e02a9e36835018cc3abb08e3288d1688130193055566a10d153a20ef7:97,0.5,0,elliptical,diffusive,inside,False,83.11669921875,0.028557114228456915,0.030157342657342656,0.027914325842696628,-0.002243016814646028,0.0056460058464852915
98,5de6c12e02a9e36835018cc3abb08e3288d1688130193055566a10d153a20ef7:98,0.5,0,circular,diffusive,inside,False,83.62954711914062,0.033316633266533065,0.03409090909090909,0.03125,-0.0028409090909090884,0.00926176430227262
99,5de6c12e02a9e36835018cc3abb08e3288d1688130193055566a10d153a20ef7:99,0.5,2,circular,ballistic,edge,False,9.866899490356444,0.0469689378757515,0.03993055555555555,0.049823943661971834,0.009893388106416282,0.012449042925638035
100,5de6c12e02a9e36835018cc3abb08e3288d1688130193055566a10d153a20ef7:100,0.5,2,circular,ballistic,outside,False,42.27734756469727,0.03206412825651302,0.02717391304347826,0.033528645833333336,0.0063547327898550755,0.006257513024447293
101,5de6c12e02a9e36835018cc3abb08e3288d1688130193055566a10d153a20ef7:101,0.5,0,elliptical,ballistic,outside,False,82.94576263427734,0.02968436873747495,0.03308823529411765,0.025605726872246697,-0.00748250842187095,0.00883437874478074
102,5de6c12e02a9e36835018cc3abb08e3288d1688130193055566a10d153a20ef7:102,0.5,0,elliptical,ballistic,edge,False,82.45361328125,0.02780561122244489,0.02680687203791469,0.033279220779220776,0.006472348741306085,0.008688449497006326
103,5de6c12e02a9e36835018cc3abb08e3288d1688130193055566a10d153a20ef7:103,0.5,0,elliptical,diffusive,outside,False,80.53760528564453,0.03156312625250501,0.03156312625250501,,,0.005777836971277953
104,5de6c12e02a9e36835018cc3abb08e3288d1688130193055566a10d153a20ef7:104,0.5,0,circular,ballistic,edge,False,83.81641387939453,0.02968436873747495,0.02968436873747495,,,0.006701779670176226
105,5de6c12e02a9e36835018cc3abb08e3288d1688130193055566a10d153a20ef7:105,0.5,1,circular,diffusive,edge,False,60.19334411621094,0.03356713426853707,0.05803571428571429,0.030474040632054177,-0.02756167365366011,0.007481555372278597
106,5de6c12e02a9e36835018cc3abb08e3288d1688130193055566a10d153a20ef7:106,0.5,1,elliptical,diffusive,inside,False,62.13943862915039,0.030561122244488977,0.029625779625779627,0.05555555555555555,0.025929775929775925,0.009519038076152304
107,5de6c12e02a9e36835018cc3abb08e3288d1688130193055566a10d153a20ef7:107,0.5,2,circular,diffusive,edge,False,10.90604305267334,0.023046092184368736,0.02400568181818182,0.015889830508474576,-0.008115851309707243,0.008368383310866766
72,5de6c12e02a9e36835018cc3abb08e3288d1688130193055566a10d153a20ef7:72,1.0,1,circular,ballistic,outside,False,66.61605072021484,0.03290790790790791,0.035913379073756434,0.02869591346153846,-0.0072174656122179735,0.007506464725711032
73,5de6c12e02a9e36835018cc3abb08e3288d1688130193055566a10d153a20ef7:73,1.0,2,elliptical,ballistic,inside,False,5.129261493682861,0.13231981981981983,0.038135593220338986,0.1382313829787234,0.1000957897583844,0.055160138077915616
74,5de6c12e02a9e36835018cc3abb08e3288d1688130193055566a10d153a20ef7:74,1.0,2,elliptical,ballistic,outside,False,8.7136869430542,0.052615115115115116,0.028652392947103273,0.06841777408637874,0.03976538113927547,0.020967980745098872
75,5de6c12e02a9e36835018cc3abb08e3288d1688130193055566a10d153a20ef7:75,1.0,0,circular,diffusive,outside,False,83.83525085449219,0.028528528528528527,0.02944015444015444,0.02820945945945946,-0.001230694980694981,0.006894383040017973
76,5de6c12e02a9e36835018cc3abb08e3288d1688130193055566a10d153a20ef7:76,1.0,1,circular,diffusive,inside,False,81.05004119873047,0.029466966966966966,0.02673674588665448,0.03277101769911504,0.006034271812460565,0.004590148320451736
77,5de6c12e02a9e36835018cc3abb08e3288d1688130193055566a10d153a20ef7:77,1.0,1,circular,diffusive,outside,False,82.61314392089844,0.026714214214214216,0.033049738219895285,0.025216584158415843,-0.007833154061479441,0.005194953497977672
78,5de6c12e02a9e36835018cc3abb08e3288d1688130193055566a10d153a20ef7:78,1.0,2,elliptical,diffusive,outside,False,10.895483016967772,0.037037037037037035,0.03465909090909091,0.03733127109111361,0.0026721801820226987,0.015775693205680168
79,5de6c12e02a9e36835018cc3abb08e3288d1688130193055566a10d153a20ef7:79,1.0,0,elliptical,diffusive,edge,False,83.83525085449219,0.030655655655655655,0.03229665071770335,0.029475043029259896,-0.0028216076884434553,0.006671645388772913
80,5de6c12e02a9e36835018cc3abb08e3288d1688130193055566a10d153a20ef7:80,1.0,2,elliptical,diffusive,edge,False,5.456723690032959,0.03447197197197197,0.02412683823529412,0.038342503438789546,0.014215665203495428,0.01440936833840845
81,5de6c12e02a9e36835018cc3abb08e3288d1688130193055566a10d153a20ef7:81,1.0,0,elliptical,ballistic,inside,False,80.97966766357422,0.02658908908908909,0.02726063829787234,0.026519337016574586,-0.0007413012812977557,0.005908437026537986
82,5de6c12e02a9e36835018cc3abb08e3288d1688130193055566a10d153a20ef7:82,1.0,0,circular,ballistic,inside,False,82.28357696533203,0.027902902902902902,0.026021400778210118,0.029896907216494847,0.0038755064382847287,0.007264803987484878
83,5de6c12e02a9e36835018cc3abb08e3288d1688130193055566a10d153a20ef7:83,1.0,2,elliptical,diffusive,inside,False,4.181491851806641,0.10760760760760761,0.026785714285714284,0.11710011185682327,0.09031439757110898,0.058670742878232734
84,5de6c12e02a9e36835018cc3abb08e3288d1688130193055566a10d153a20ef7:84,1.0,1,elliptical,diffusive,outside,False,83.83525085449219,0.02733983983983984,0.027915913200723327,0.026625560538116592,-0.001290352662606735,0.0055221872804322725
85,5de6c12e02a9e36835018cc3abb08e3288d1688130193055566a10d153a20ef7:85,1.0,1,circular,ballistic,edge,False,75.3165054321289,0.03053053053053053,0.029358353510895885,0.03135665529010239,0.001998301779206506,0.00882642246674094
86,5de6c12e02a9e36835018cc3abb08e3288d1688130193055566a10d153a20ef7:86,1.0,1,elliptical,ballistic,inside,False,74.4942398071289,0.029717217217217217,0.02966772151898734,0.029740117130307466,7.239561132012587e-05,0.008467698973149307
87,5de6c12e02a9e36835018cc3abb08e3288d1688130193055566a10d153a20ef7:87,1.0,1,elliptical,ballistic,edge,False,72.28030395507812,0.031093593593593594,0.04641544117647059,0.028679026651216685,-0.017736414525253905,0.007400122472865853
88,5de6c12e02a9e36835018cc3abb08e3288d1688130193055566a10d153a20ef7:88,1.0,1,elliptical,ballistic,outside,False,68.31928253173828,0.028903903903903905,0.030357142857142857,0.027294303797468354,-0.0030628390596745027,0.007014822968173063
89,5de6c12e02a9e36835018cc3abb08e3288d1688130193055566a10d153a20ef7:89,1.0,0,circular,diffusive,edge,False,83.83525085449219,0.029717217217217217,0.02900667779632721,0.03078125,0.001774572203672789,0.007170171899527408
90,5de6c12e02a9e36835018cc3abb08e3288d1688130193055566a10d153a20ef7:90,1.0,2,circular,ballistic,inside,False,31.01466941833496,0.0365990990990991,0.02842920353982301,0.04723502304147465,0.018805819501651642,0.010398003297589437
91,5de6c12e02a9e36835018cc3abb08e3288d1688130193055566a10d153a20ef7:91,1.0,1,elliptical,diffusive,edge,False,67.03587341308594,0.03078078078078078,0.028813073394495414,0.03230461811722913,0.003491544722733716,0.007082568417459913
92,5de6c12e02a9e36835018cc3abb08e3288d1688130193055566a10d153a20ef7:92,1.0,2,elliptical,ballistic,edge,False,17.95914077758789,0.03766266266266266,0.030208333333333334,0.044556840077071294,0.01434850674373796,0.01093610773109702
93,5de6c12e02a9e36835018cc3abb08e3288d1688130193055566a10d153a20ef7:93,1.0,1,circular,ballistic,inside,False,66.4293441772461,0.03303303303303303,0.030293367346938774,0.03480230642504119,0.004508939078102413,0.006825916765258186
94,5de6c12e02a9e36835018cc3abb08e3288d1688130193055566a10d153a20ef7:94,1.0,2,circular,diffusive,inside,False,14.813495635986328,0.05042542542542543,0.03125,0.05204940282301846,0.02079940282301846,0.024656635341893263
95,5de6c12e02a9e36835018cc3abb08e3288d1688130193055566a10d153a20ef7:95,1.0,0,circular,ballistic,outside,False,83.32736206054688,0.030342842842842842,0.03213276836158192,0.02995742092457421,-0.0021753474370077124,0.0069122430642487055
96,5de6c12e02a9e36835018cc3abb08e3288d1688130193055566a10d153a20ef7:96,1.0,2,circular,diffusive,outside,False,38.32158660888672,0.031281281281281284,0.030285493827160493,0.03175925925925926,0.001473765432098765,0.00804701461001678
97,5de6c12e02a9e36835018cc3abb08e3288d1688130193055566a10d153a20ef7:97,1.0,0,elliptical,diffusive,inside,False,83.11669921875,0.027965465465465467,0.030157342657342656,0.027599299065420562,-0.002558043591922094,0.006513420808346607
98,5de6c12e02a9e36835018cc3abb08e3288d1688130193055566a10d153a20ef7:98,1.0,0,circular,diffusive,inside,False,83.62954711914062,0.03171921921921922,0.03409090909090909,0.03036556603773585,-0.003725343053173239,0.007300008267206405
99,5de6c12e02a9e36835018cc3abb08e3288d1688130193055566a10d153a20ef7:99,1.0,2,circular,ballistic,edge,False,9.866899490356444,0.06562812812812813,0.03993055555555555,0.06995614035087719,0.030025584795321636,0.023252325569028398
100,5de6c12e02a9e36835018cc3abb08e3288d1688130193055566a10d153a20ef7:100,1.0,2,circular,ballistic,outside,False,42.27734756469727,0.037412412412412416,0.02717391304347826,0.038744343891402716,0.011570430847924456,0.010392920310112654
101,5de6c12e02a9e36835018cc3abb08e3288d1688130193055566a10d153a20ef7:101,1.0,0,elliptical,ballistic,outside,False,82.94576263427734,0.02952952952952953,0.03308823529411765,0.028198074277854195,-0.004890161016263453,0.00639486103062094
102,5de6c12e02a9e36835018cc3abb08e3288d1688130193055566a10d153a20ef7:102,1.0,0,elliptical,ballistic,edge,False,82.45361328125,0.031406406406406406,0.02680687203791469,0.034770363951473135,0.007963491913558444,0.006538910225452413
103,5de6c12e02a9e36835018cc3abb08e3288d1688130193055566a10d153a20ef7:103,1.0,0,elliptical,diffusive,outside,False,80.53760528564453,0.029216716716716717,0.031556974459724954,0.026785714285714284,-0.00477126017401067,0.006220807982525979
104,5de6c12e02a9e36835018cc3abb08e3288d1688130193055566a10d153a20ef7:104,1.0,0,circular,ballistic,edge,False,83.81641387939453,0.027652652652652654,0.02934322033898305,0.02521393643031785,-0.0041292839086652,0.008084864854429481
105,5de6c12e02a9e36835018cc3abb08e3288d1688130193055566a10d153a20ef7:105,1.0,1,circular,diffusive,edge,False,60.19334411621094,0.032532532532532535,0.05803571428571429,0.031018027571580065,-0.027017686714134223,0.0077980162416831245
106,5de6c12e02a9e36835018cc3abb08e3288d1688130193055566a10d153a20ef7:106,1.0,1,elliptical,diffusive,inside,False,62.13943862915039,0.031281281281281284,0.029625779625779627,0.032818532818532815,0.003192753192753188,0.008932216365152524
107,5de6c12e02a9e36835018cc3abb08e3288d1688130193055566a10d153a20ef7:107,1.0,2,circular,diffusive,edge,False,10.90604305267334,0.030843343343343342,0.02400568181818182,0.03622540250447227,0.012219720686290455,0.010669989562123967
108,5de6c12e02a9e36835018cc3abb08e3288d1688130193055566a10d153a20ef7:108,0.25,0,circular,ballistic,edge,False,83.52728271484375,0.02384538152610442,0.02384538152610442,,,0.009280362222558309
109,5de6c12e02a9e36835018cc3abb08e3288d1688130193055566a10d153a20ef7:109,0.25,0,elliptical,ballistic,outside,False,83.78260040283203,0.02710843373493976,0.02710843373493976,,,0.006270078311644978
110,5de6c12e02a9e36835018cc3abb08e3288d1688130193055566a10d153a20ef7:110,0.25,2,elliptical,ballistic,outside,False,11.85558032989502,0.04292168674698795,0.028688524590163935,0.047539893617021274,0.01885136902685734,0.014053983613623911
111,5de6c12e02a9e36835018cc3abb08e3288d1688130193055566a10d153a20ef7:111,0.25,0,elliptical,diffusive,outside,False,83.83525085449219,0.02610441767068273,0.02610441767068273,,,0.011180249724558278
112,5de6c12e02a9e36835018cc3abb08e3288d1688130193055566a10d153a20ef7:112,0.25,1,elliptical,ballistic,edge,False,73.66873931884766,0.02459839357429719,0.025,0.022435897435897436,-0.0025641025641025654,0.0034415936749001225
113,5de6c12e02a9e36835018cc3abb08e3288d1688130193055566a10d153a20ef7:113,0.25,0,circular,ballistic,inside,False,79.1290283203125,0.03237951807228916,0.0325956937799043,0.03125,-0.0013456937799043028,0.01352396967171104
114,5de6c12e02a9e36835018cc3abb08e3288d1688130193055566a10d153a20ef7:114,0.25,1,circular,diffusive,inside,False,69.87350463867188,0.036897590361445784,0.03289473684210526,0.041487068965517244,0.008592332123411983,0.012657672372613421
115,5de6c12e02a9e36835018cc3abb08e3288d1688130193055566a10d153a20ef7:115,0.25,0,circular,diffusive,edge,False,82.1929931640625,0.03187751004016064,0.041087962962962965,0.024822695035460994,-0.01626526792750197,0.013336323121270312
116,5de6c12e02a9e36835018cc3abb08e3288d1688130193055566a10d153a20ef7:116,0.25,0,circular,diffusive,outside,False,83.83525085449219,0.027610441767068273,0.027610441767068273,,,0.009617090391901615
117,5de6c12e02a9e36835018cc3abb08e3288d1688130193055566a10d153a20ef7:117,0.25,0,elliptical,diffusive,edge,False,82.17343139648438,0.02886546184738956,0.03535353535353535,0.024583333333333332,-0.01077020202020202,0.008152802092827167
118,5de6c12e02a9e36835018cc3abb08e3288d1688130193055566a10d153a20ef7:118,0.25,1,circular,ballistic,edge,False,82.32454681396484,0.033383534136546184,0.033383534136546184,,,0.013241502699909617
119,5de6c12e02a9e36835018cc3abb08e3288d1688130193055566a10d153a20ef7:119,0.25,0,elliptical,ballistic,inside,False,83.81685638427734,0.02635542168674699,0.02635542168674699,,,0.009060514883423717
120,5de6c12e02a9e36835018cc3abb08e3288d1688130193055566a10d153a20ef7:120,0.25,2,elliptical,diffusive,outside,False,16.215728759765625,0.029116465863453816,0.029116465863453816,,,0.0037566841232670096
121,5de6c12e02a9e36835018cc3abb08e3288d1688130193055566a10d153a20ef7:121,0.25,1,elliptical,diffusive,inside,False,58.787479400634766,0.030120481927710843,0.029296875,0.030405405405405407,0.001108530405405407,0.008400201069619232
122,5de6c12e02a9e36835018cc3abb08e3288d1688130193055566a10d153a20ef7:122,0.25,1,circular,diffusive,outside,False,77.52972412109375,0.02786144578313253,0.02786144578313253,,,0.010551129295674548
123,5de6c12e02a9e36835018cc3abb08e3288d1688130193055566a10d153a20ef7:123,0.25,2,circular,ballistic,inside,False,27.773048400878903,0.024849397590361446,0.018656716417910446,0.03206521739130435,0.013408500973393904,0.009032657738678002
124,5de6c12e02a9e36835018cc3abb08e3288d1688130193055566a10d153a20ef7:124,0.25,2,circular,diffusive,inside,False,38.28042602539063,0.030873493975903613,0.030873493975903613,,,0.014089801406311433
125,5de6c12e02a9e36835018cc3abb08e3288d1688130193055566a10d153a20ef7:125,0.25,1,elliptical,diffusive,outside,False,73.64995574951172,0.030873493975903613,0.030873493975903613,,,0.0083964501424085
126,5de6c12e02a9e36835018cc3abb08e3288d1688130193055566a10d153a20ef7:126,0.25,2,elliptical,ballistic,inside,False,8.406185150146484,0.02610441767068273,0.02610441767068273,,,0.00709946567456373
127,5de6c12e02a9e36835018cc3abb08e3288d1688130193055566a10d153a20ef7:127,0.25,1,circular,diffusive,edge,False,83.83525085449219,0.02610441767068273,0.02610441767068273,,,0.01162232620762071
128,5de6c12e02a9e36835018cc3abb08e3288d1688130193055566a10d153a20ef7:128,0.25,1,elliptical,ballistic,inside,False,79.74523162841797,0.028112449799196786,0.028112449799196786,,,0.011225240850902558
129,5de6c12e02a9e36835018cc3abb08e3288d1688130193055566a10d153a20ef7:129,0.25,2,elliptical,diffusive,edge,False,16.692333221435547,0.028112449799196786,0.028112449799196786,,,0.0103369780531998
130,5de6c12e02a9e36835018cc3abb08e3288d1688130193055566a10d153a20ef7:130,0.25,2,circular,diffusive,outside,False,34.4041862487793,0.029116465863453816,0.025240384615384616,0.030139593908629442,0.004899209293244826,0.012337555951249506
131,5de6c12e02a9e36835018cc3abb08e3288d1688130193055566a10d153a20ef7:131,0.25,0,circular,ballistic,outside,False,82.45503234863281,0.030120481927710843,0.030120481927710843,,,0.009256570740253904
132,5de6c12e02a9e36835018cc3abb08e3288d1688130193055566a10d153a20ef7:132,0.25,2,circular,ballistic,edge,False,23.202356338500977,0.03137550200803213,0.03137550200803213,,,0.00757599812890892
133,5de6c12e02a9e36835018cc3abb08e3288d1688130193055566a10d153a20ef7:133,0.25,2,elliptical,diffusive,inside,False,13.312968254089355,0.024849397590361446,0.024849397590361446,,,0.006102031014630129
134,5de6c12e02a9e36835018cc3abb08e3288d1688130193055566a10d153a20ef7:134,0.25,1,elliptical,ballistic,outside,False,63.27907943725586,0.030622489959839357,0.030622489959839357,,,0.010801925096059244
135,5de6c12e02a9e36835018cc3abb08e3288d1688130193055566a10d153a20ef7:135,0.25,0,elliptical,ballistic,edge,False,83.83392333984375,0.027359437751004016,0.027359437751004016,,,0.009253166963437129
136,5de6c12e02a9e36835018cc3abb08e3288d1688130193055566a10d153a20ef7:136,0.25,0,circular,diffusive,inside,False,83.83525085449219,0.028363453815261043,0.028363453815261043,,,0.007270456002992088
137,5de6c12e02a9e36835018cc3abb08e3288d1688130193055566a10d153a20ef7:137,0.25,2,circular,diffusive,edge,False,58.513275146484375,0.029869477911646587,0.029869477911646587,,,0.011018475937574282
138,5de6c12e02a9e36835018cc3abb08e3288d1688130193055566a10d153a20ef7:138,0.25,1,circular,ballistic,outside,False,69.5255126953125,0.03112449799196787,0.03112449799196787,,,0.005939839139658249
139,5de6c12e02a9e36835018cc3abb08e3288d1688130193055566a10d153a20ef7:139,0.25,2,elliptical,ballistic,edge,False,38.16757583618164,0.02710843373493976,0.02710843373493976,,,0.005939839139658249
140,5de6c12e02a9e36835018cc3abb08e3288d1688130193055566a10d153a20ef7:140,0.25,0,elliptical,diffusive,inside,False,83.83525085449219,0.03639558232931727,0.03639558232931727,,,0.0069151492539939316
141,5de6c12e02a9e36835018cc3abb08e3288d1688130193055566a10d153a20ef7:141,0.25,1,circular,ballistic,inside,False,79.6969985961914,0.027610441767068273,0.020833333333333332,0.03125,0.010416666666666668,0.010801925096059244
142,5de6c12e02a9e36835018cc3abb08e3288d1688130193055566a10d153a20ef7:142,0.25,2,circular,ballistic,outside,False,53.24987030029297,0.030120481927710843,0.027281746031746032,0.033028455284552845,0.005746709252806813,0.015391274816019975
143,5de6c12e02a9e36835018cc3abb08e3288d1688130193055566a10d153a20ef7:143,0.25,1,elliptical,diffusive,edge,False,64.44432830810547,0.02886546184738956,0.02886546184738956,,,0.006344992299078583
108,5de6c12e02a9e36835018cc3abb08e3288d1688130193055566a10d153a20ef7:108,0.5,0,circular,ballistic,edge,False,83.52728271484375,0.02717935871743487,0.024795081967213115,0.030927835051546393,0.006132753084333278,0.009365354430826714
109,5de6c12e02a9e36835018cc3abb08e3288d1688130193055566a10d153a20ef7:109,0.5,0,elliptical,ballistic,outside,False,83.78260040283203,0.027680360721442886,0.025763358778625955,0.0347877358490566,0.009024377070430648,0.005509598559098889
110,5de6c12e02a9e36835018cc3abb08e3288d1688130193055566a10d153a20ef7:110,0.5,2,elliptical,ballistic,outside,False,11.85558032989502,0.050726452905811625,0.028688524590163935,0.05379566210045662,0.025107137510292688,0.018112019318513372
111,5de6c12e02a9e36835018cc3abb08e3288d1688130193055566a10d153a20ef7:111,0.5,0,elliptical,diffusive,outside,False,83.83525085449219,0.02555110220440882,0.02555110220440882,,,0.007968924709712858
112,5de6c12e02a9e36835018cc3abb08e3288d1688130193055566a10d153a20ef7:112,0.5,1,elliptical,ballistic,edge,False,73.66873931884766,0.027680360721442886,0.025,0.0296280276816609,0.004628027681660898,0.00821608918338839
113,5de6c12e02a9e36835018cc3abb08e3288d1688130193055566a10d153a20ef7:113,0.5,0,circular,ballistic,inside,False,79.1290283203125,0.029433867735470944,0.0325956937799043,0.027155172413793102,-0.005440521366111201,0.010168458664726852
114,5de6c12e02a9e36835018cc3abb08e3288d1688130193055566a10d153a20ef7:114,0.5,1,circular,diffusive,inside,False,69.87350463867188,0.035445891783567135,0.03289473684210526,0.03637295081967213,0.0034782139775668686,0.010567906646111147
115,5de6c12e02a9e36835018cc3abb08e3288d1688130193055566a10d153a20ef7:115,0.5,0,circular,diffusive,edge,False,82.1929931640625,0.02843186372745491,0.041087962962962965,0.024936061381074168,-0.016151901581888797,0.00972689294356409
116,5de6c12e02a9e36835018cc3abb08e3288d1688130193055566a10d153a20ef7:116,0.5,0,circular,diffusive,outside,False,83.83525085449219,0.029183366733466935,0.028601694915254237,0.03197674418604651,0.0033750492707922755,0.008479190651810027
117,5de6c12e02a9e36835018cc3abb08e3288d1688130193055566a10d153a20ef7:117,0.5,0,elliptical,diffusive,edge,False,82.17343139648438,0.031062124248496994,0.03535353535353535,0.03,-0.005353535353535353,0.008502285946130832
118,5de6c12e02a9e36835018cc3abb08e3288d1688130193055566a10d153a20ef7:118,0.5,1,circular,ballistic,edge,False,82.32454681396484,0.03356713426853707,0.03406593406593406,0.028409090909090908,-0.005656843156843155,0.011706734915378679
119,5de6c12e02a9e36835018cc3abb08e3288d1688130193055566a10d153a20ef7:119,0.5,0,elliptical,ballistic,inside,False,83.81685638427734,0.02968436873747495,0.026947463768115944,0.033071748878923765,0.006124285110807821,0.005819769616978428
120,5de6c12e02a9e36835018cc3abb08e3288d1688130193055566a10d153a20ef7:120,0.5,2,elliptical,diffusive,outside,False,16.215728759765625,0.029433867735470944,0.029433867735470944,,,0.004365837940364071
121,5de6c12e02a9e36835018cc3abb08e3288d1688130193055566a10d153a20ef7:121,0.5,1,elliptical,diffusive,inside,False,58.787479400634766,0.02968436873747495,0.029296875,0.029741379310344828,0.00044450431034482804,0.010291140932688613
122,5de6c12e02a9e36835018cc3abb08e3288d1688130193055566a10d153a20ef7:122,0.5,1,circular,diffusive,outside,False,77.52972412109375,0.03068637274549098,0.03068637274549098,,,0.009155289017321891
123,5de6c12e02a9e36835018cc3abb08e3288d1688130193055566a10d153a20ef7:123,0.5,2,circular,ballistic,inside,False,27.773048400878903,0.03594689378757515,0.018656716417910446,0.042294520547945205,0.02363780413003476,0.014227376366715247
124,5de6c12e02a9e36835018cc3abb08e3288d1688130193055566a10d153a20ef7:124,0.5,2,circular,diffusive,inside,False,38.28042602539063,0.02968436873747495,0.02968436873747495,,,0.011456827026122194
125,5de6c12e02a9e36835018cc3abb08e3288d1688130193055566a10d153a20ef7:125,0.5,1,elliptical,diffusive,outside,False,73.64995574951172,0.02930861723446894,0.028395784543325527,0.034722222222222224,0.0063264376788966965,0.007980727616269535
126,5de6c12e02a9e36835018cc3abb08e3288d1688130193055566a10d153a20ef7:126,0.5,2,elliptical,ballistic,inside,False,8.406185150146484,0.023672344689378757,0.02397798742138365,0.017045454545454544,-0.006932532875929105,0.003679466638669434
127,5de6c12e02a9e36835018cc3abb08e3288d1688130193055566a10d153a20ef7:127,0.5,1,circular,diffusive,edge,False,83.83525085449219,0.026678356713426853,0.02771618625277162,0.016927083333333332,-0.010789102919438288,0.008015053484857794
128,5de6c12e02a9e36835018cc3abb08e3288d1688130193055566a10d153a20ef7:128,0.5,1,elliptical,ballistic,inside,False,79.74523162841797,0.029934869739478957,0.029934869739478957,,,0.008654981814306899
129,5de6c12e02a9e36835018cc3abb08e3288d1688130193055566a10d153a20ef7:129,0.5,2,elliptical,diffusive,edge,False,16.692333221435547,0.028807615230460923,0.028807615230460923,,,0.006069159037868596
130,5de6c12e02a9e36835018cc3abb08e3288d1688130193055566a10d153a20ef7:130,0.5,2,circular,diffusive,outside,False,34.4041862487793,0.02780561122244489,0.025240384615384616,0.028104026845637585,0.002863642230252969,0.010835435247435956
131,5de6c12e02a9e36835018cc3abb08e3288d1688130193055566a10d153a20ef7:131,0.5,0,circular,ballistic,outside,False,82.45503234863281,0.026177354709418836,0.026177354709418836,,,0.008869822733644896
132,5de6c12e02a9e36835018cc3abb08e3288d1688130193055566a10d153a20ef7:132,0.5,2,circular,ballistic,edge,False,23.202356338500977,0.03093687374749499,0.03093687374749499,,,0.005721905701653517
133,5de6c12e02a9e36835018cc3abb08e3288d1688130193055566a10d153a20ef7:133,0.5,2,elliptical,diffusive,inside,False,13.312968254089355,0.033066132264529056,0.025928792569659444,0.04616477272727273,0.020235980157613284,0.0090735322025425
134,5de6c12e02a9e36835018cc3abb08e3288d1688130193055566a10d153a20ef7:134,0.5,1,elliptical,ballistic,outside,False,63.27907943725586,0.03006012024048096,0.03218390804597701,0.015625,-0.01655890804597701,0.007515030060120241
135,5de6c12e02a9e36835018cc3abb08e3288d1688130193055566a10d153a20ef7:135,0.5,0,elliptical,ballistic,edge,False,83.83392333984375,0.027930861723446894,0.028258655804480653,0.0078125,-0.020446155804480653,0.010149928428527391
136,5de6c12e02a9e36835018cc3abb08e3288d1688130193055566a10d153a20ef7:136,0.5,0,circular,diffusive,inside,False,83.83525085449219,0.030435871743486973,0.030435871743486973,,,0.006395138983577025
137,5de6c12e02a9e36835018cc3abb08e3288d1688130193055566a10d153a20ef7:137,0.5,2,circular,diffusive,edge,False,58.513275146484375,0.03006012024048096,0.03006012024048096,,,0.009479402769751753
138,5de6c12e02a9e36835018cc3abb08e3288d1688130193055566a10d153a20ef7:138,0.5,1,circular,ballistic,outside,False,69.5255126953125,0.03156312625250501,0.03156312625250501,,,0.0030060120240480966
139,5de6c12e02a9e36835018cc3abb08e3288d1688130193055566a10d153a20ef7:139,0.5,2,elliptical,ballistic,edge,False,38.16757583618164,0.027680360721442886,0.02646857923497268,0.03101503759398496,0.0045464583590122815,0.007379157475779276
140,5de6c12e02a9e36835018cc3abb08e3288d1688130193055566a10d153a20ef7:140,0.5,0,elliptical,diffusive,inside,False,83.83525085449219,0.033942885771543085,0.03436657681940701,0.03271484375,-0.0016517330694070104,0.006482847842989746
141,5de6c12e02a9e36835018cc3abb08e3288d1688130193055566a10d153a20ef7:141,0.5,1,circular,ballistic,inside,False,79.6969985961914,0.02843186372745491,0.020833333333333332,0.030036407766990292,0.00920307443365696,0.007241818900537958
142,5de6c12e02a9e36835018cc3abb08e3288d1688130193055566a10d153a20ef7:142,0.5,2,circular,ballistic,outside,False,53.24987030029297,0.033066132264529056,0.027281746031746032,0.0350201072386059,0.007738361206859869,0.008720889371507619
143,5de6c12e02a9e36835018cc3abb08e3288d1688130193055566a10d153a20ef7:143,0.5,1,elliptical,diffusive,edge,False,64.44432830810547,0.02843186372745491,0.03125,0.020985401459854013,-0.010264598540145987,0.004751271728053773
108,5de6c12e02a9e36835018cc3abb08e3288d1688130193055566a10d153a20ef7:108,1.0,0,circular,ballistic,edge,False,83.52728271484375,0.028591091091091092,0.024795081967213115,0.03025936599423631,0.005464284027023196,0.009338182899690725
109,5de6c12e02a9e36835018cc3abb08e3288d1688130193055566a10d153a20ef7:109,1.0,0,elliptical,ballistic,outside,False,83.78260040283203,0.030155155155155156,0.025763358778625955,0.033003300330033,0.007239941551407045,0.006009914894155569
110,5de6c12e02a9e36835018cc3abb08e3288d1688130193055566a10d153a20ef7:110,1.0,2,elliptical,ballistic,outside,False,11.85558032989502,0.06368868868868868,0.028688524590163935,0.06596481876332623,0.03727629417316229,0.02717923947438105
111,5de6c12e02a9e36835018cc3abb08e3288d1688130193055566a10d153a20ef7:111,1.0,0,elliptical,diffusive,outside,False,83.83525085449219,0.029154154154154153,0.02696526508226691,0.031803097345132744,0.0048378322628658335,0.006214827796890712
112,5de6c12e02a9e36835018cc3abb08e3288d1688130193055566a10d153a20ef7:112,1.0,1,elliptical,ballistic,edge,False,73.66873931884766,0.02834084084084084,0.025,0.02923003802281369,0.004230038022813687,0.007676352493131749
113,5de6c12e02a9e36835018cc3abb08e3288d1688130193055566a10d153a20ef7:113,1.0,0,circular,ballistic,inside,False,79.1290283203125,0.03228228228228228,0.0325956937799043,0.03219936708860759,-0.0003963266912967098,0.006256256256256256
114,5de6c12e02a9e36835018cc3abb08e3288d1688130193055566a10d153a20ef7:114,1.0,1,circular,diffusive,inside,False,69.87350463867188,0.03297047047047047,0.03289473684210526,0.03298210161662818,8.736477452291752e-05,0.008958251170166616
115,5de6c12e02a9e36835018cc3abb08e3288d1688130193055566a10d153a20ef7:115,1.0,0,circular,diffusive,edge,False,82.1929931640625,0.02952952952952953,0.041087962962962965,0.028128507295173962,-0.012959455667789003,0.006677509541604772
116,5de6c12e02a9e36835018cc3abb08e3288d1688130193055566a10d153a20ef7:116,1.0,0,circular,diffusive,outside,False,83.83525085449219,0.02827827827827828,0.028601694915254237,0.02805034129692833,-0.0005513536183259088,0.0069935878941351955
117,5de6c12e02a9e36835018cc3abb08e3288d1688130193055566a10d153a20ef7:117,1.0,0,elliptical,diffusive,edge,False,82.17343139648438,0.03246996996996997,0.03535353535353535,0.03215277777777778,-0.003200757575757572,0.006479681652083718
118,5de6c12e02a9e36835018cc3abb08e3288d1688130193055566a10d153a20ef7:118,1.0,1,circular,ballistic,edge,False,82.32454681396484,0.029779779779779778,0.03406593406593406,0.02619485294117647,-0.007871081124757592,0.00785403144468229
119,5de6c12e02a9e36835018cc3abb08e3288d1688130193055566a10d153a20ef7:119,1.0,0,elliptical,ballistic,inside,False,83.81685638427734,0.02902902902902903,0.026947463768115944,0.02982365145228216,0.0028761876841662155,0.0055957657094589325
120,5de6c12e02a9e36835018cc3abb08e3288d1688130193055566a10d153a20ef7:120,1.0,2,elliptical,diffusive,outside,False,16.215728759765625,0.03078078078078078,0.029605263157894735,0.03276209677419355,0.003156833616298812,0.00664460362730318
121,5de6c12e02a9e36835018cc3abb08e3288d1688130193055566a10d153a20ef7:121,1.0,1,elliptical,diffusive,inside,False,58.787479400634766,0.028215715715715715,0.029296875,0.028141711229946523,-0.0011551637700534766,0.008847461252452971
122,5de6c12e02a9e36835018cc3abb08e3288d1688130193055566a10d153a20ef7:122,1.0,1,circular,diffusive,outside,False,77.52972412109375,0.031156156156156155,0.031754032258064516,0.03017810026385224,-0.0015759319942122742,0.007857020989209009
123,5de6c12e02a9e36835018cc3abb08e3288d1688130193055566a10d153a20ef7:123,1.0,2,circular,ballistic,inside,False,27.773048400878903,0.04598348348348348,0.018656716417910446,0.050216763005780346,0.0315600465878699,0.01671708665591995
124,5de6c12e02a9e36835018cc3abb08e3288d1688130193055566a10d153a20ef7:124,1.0,2,circular,diffusive,inside,False,38.28042602539063,0.029842342342342343,0.028919491525423727,0.03117359413202934,0.002254102606605614,0.0102447987093593
125,5de6c12e02a9e36835018cc3abb08e3288d1688130193055566a10d153a20ef7:125,1.0,1,elliptical,diffusive,outside,False,73.64995574951172,0.02909159159159159,0.028395784543325527,0.029611013986013988,0.0012152294426884605,0.006716958664445245
126,5de6c12e02a9e36835018cc3abb08e3288d1688130193055566a10d153a20ef7:126,1.0,2,elliptical,ballistic,inside,False,8.406185150146484,0.06919419419419419,0.02397798742138365,0.1105124521072797,0.08653446468589604,0.025256375554060594
127,5de6c12e02a9e36835018cc3abb08e3288d1688130193055566a10d153a20ef7:127,1.0,1,circular,diffusive,edge,False,83.83525085449219,0.027902902902902902,0.02771618625277162,0.028056569343065694,0.00034038309029407396,0.007502292149109744
128,5de6c12e02a9e36835018cc3abb08e3288d1688130193055566a10d153a20ef7:128,1.0,1,elliptical,ballistic,inside,False,79.74523162841797,0.027777777777777776,0.029852415026833633,0.025142045454545455,-0.004710369572288178,0.005261210220627787
129,5de6c12e02a9e36835018cc3abb08e3288d1688130193055566a10d153a20ef7:129,1.0,2,elliptical,diffusive,edge,False,16.692333221435547,0.033533533533533534,0.029393039049235993,0.03948170731707317,0.010088668267837178,0.011456980122381978
130,5de6c12e02a9e36835018cc3abb08e3288d1688130193055566a10d153a20ef7:130,1.0,2,circular,diffusive,outside,False,34.4041862487793,0.030405405405405407,0.025240384615384616,0.030689017951425555,0.0054486333360409395,0.009984169599999818
131,5de6c12e02a9e36835018cc3abb08e3288d1688130193055566a10d153a20ef7:131,1.0,0,circular,ballistic,outside,False,82.45503234863281,0.02658908908908909,0.0253099173553719,0.028553299492385786,0.003243382137013886,0.007791739565058238
132,5de6c12e02a9e36835018cc3abb08e3288d1688130193055566a10d153a20ef7:132,1.0,2,circular,ballistic,edge,False,23.202356338500977,0.03935185185185185,0.030199115044247788,0.051267281105990783,0.021068166061742995,0.00995963771039194
133,5de6c12e02a9e36835018cc3abb08e3288d1688130193055566a10d153a20ef7:133,1.0,2,elliptical,diffusive,inside,False,13.312968254089355,0.03616116116116116,0.025928792569659444,0.04105029585798817,0.015121503288328723,0.008850336353986996
134,5de6c12e02a9e36835018cc3abb08e3288d1688130193055566a10d153a20ef7:134,1.0,1,elliptical,ballistic,outside,False,63.27907943725586,0.032532532532532535,0.03218390804597701,0.03280141843971631,0.0006175103937392998,0.007881889763775586
135,5de6c12e02a9e36835018cc3abb08e3288d1688130193055566a10d153a20ef7:135,1.0,0,elliptical,ballistic,edge,False,83.83392333984375,0.03146896896896897,0.028258655804480653,0.03457185039370079,0.006313194589220136,0.010770758851316847
136,5de6c12e02a9e36835018cc3abb08e3288d1688130193055566a10d153a20ef7:136,1.0,0,circular,diffusive,inside,False,83.83525085449219,0.028028028028028028,0.029452875399361023,0.025636729222520107,-0.0038161461768409163,0.007385562844531384
137,5de6c12e02a9e36835018cc3abb08e3288d1688130193055566a10d153a20ef7:137,1.0,2,circular,diffusive,edge,False,58.513275146484375,0.02959209209209209,0.0294921875,0.029770194986072425,0.0002780074860724256,0.00852114963618486
138,5de6c12e02a9e36835018cc3abb08e3288d1688130193055566a10d153a20ef7:138,1.0,1,circular,ballistic,outside,False,69.5255126953125,0.03278278278278278,0.03150741350906096,0.03475765306122449,0.003250239552163532,0.0054195214784053345
139,5de6c12e02a9e36835018cc3abb08e3288d1688130193055566a10d153a20ef7:139,1.0,2,elliptical,ballistic,edge,False,38.16757583618164,0.033658658658658656,0.02646857923497268,0.03781595576619273,0.011347376531220053,0.007294912836410614
140,5de6c12e02a9e36835018cc3abb08e3288d1688130193055566a10d153a20ef7:140,1.0,0,elliptical,diffusive,inside,False,83.83525085449219,0.030217717717717717,0.03436657681940701,0.02776671974522293,-0.00659985707418408,0.006705294231462945
141,5de6c12e02a9e36835018cc3abb08e3288d1688130193055566a10d153a20ef7:141,1.0,1,circular,ballistic,inside,False,79.6969985961914,0.03053053053053053,0.020833333333333332,0.03145559210526316,0.010622258771929825,0.007627502829893979
142,5de6c12e02a9e36835018cc3abb08e3288d1688130193055566a10d153a20ef7:142,1.0,2,circular,ballistic,outside,False,53.24987030029297,0.03228228228228228,0.027281746031746032,0.03300400916380298,0.005722263132056947,0.007713230734445666
143,5de6c12e02a9e36835018cc3abb08e3288d1688130193055566a10d153a20ef7:143,1.0,1,elliptical,diffusive,edge,False,64.44432830810547,0.03009259259259259,0.03125,0.02943485086342229,-0.0018151491365777095,0.005456588925422124
144,5de6c12e02a9e36835018cc3abb08e3288d1688130193055566a10d153a20ef7:144,0.25,0,elliptical,ballistic,outside,False,82.01364135742188,0.02384538152610442,0.025528169014084508,0.013888888888888888,-0.01163928012519562,0.00970512797649659
145,5de6c12e02a9e36835018cc3abb08e3288d1688130193055566a10d153a20ef7:145,0.25,0,circular,diffusive,inside,False,83.83524322509766,0.02635542168674699,0.02635542168674699,,,0.00805953532028229
146,5de6c12e02a9e36835018cc3abb08e3288d1688130193055566a10d153a20ef7:146,0.25,0,circular,ballistic,inside,False,82.76311492919922,0.03112449799196787,0.03112449799196787,,,0.002839786269825492
147,5de6c12e02a9e36835018cc3abb08e3288d1688130193055566a10d153a20ef7:147,0.25,0,circular,diffusive,outside,False,83.8352279663086,0.03413654618473896,0.03413654618473896,,,0.008032128514056226
148,5de6c12e02a9e36835018cc3abb08e3288d1688130193055566a10d153a20ef7:148,0.25,0,elliptical,diffusive,inside,False,83.83525085449219,0.0286144578313253,0.01962809917355372,0.037109375,0.01748127582644628,0.009824490858825766
149,5de6c12e02a9e36835018cc3abb08e3288d1688130193055566a10d153a20ef7:149,0.25,2,elliptical,ballistic,edge,False,8.057294845581055,0.021837349397590362,0.021837349397590362,,,0.008948565998983879
150,5de6c12e02a9e36835018cc3abb08e3288d1688130193055566a10d153a20ef7:150,0.25,2,elliptical,diffusive,edge,False,8.170546531677246,0.0356425702811245,0.0356425702811245,,,0.012769174038129423
151,5de6c12e02a9e36835018cc3abb08e3288d1688130193055566a10d153a20ef7:151,0.25,0,elliptical,diffusive,outside,False,83.4015884399414,0.036897590361445784,0.036897590361445784,,,0.010382589297161866
152,5de6c12e02a9e36835018cc3abb08e3288d1688130193055566a10d153a20ef7:152,0.25,0,elliptical,diffusive,edge,False,83.83414459228516,0.02635542168674699,0.02635542168674699,,,0.009004714414985992
153,5de6c12e02a9e36835018cc3abb08e3288d1688130193055566a10d153a20ef7:153,0.25,2,elliptical,diffusive,inside,False,11.180877685546877,0.02961847389558233,0.02961847389558233,,,0.009824490858825767
154,5de6c12e02a9e36835018cc3abb08e3288d1688130193055566a10d153a20ef7:154,0.25,2,circular,ballistic,outside,False,15.145530700683594,0.03237951807228916,0.030894886363636364,0.03595890410958904,0.005064017745952675,0.010693478114528511
155,5de6c12e02a9e36835018cc3abb08e3288d1688130193055566a10d153a20ef7:155,0.25,1,elliptical,ballistic,inside,False,75.89828491210938,0.029367469879518073,0.027072192513368985,0.036290322580645164,0.00921813006727618,0.013945978296274197
156,5de6c12e02a9e36835018cc3abb08e3288d1688130193055566a10d153a20ef7:156,0.25,1,elliptical,diffusive,edge,False,67.77190399169922,0.0303714859437751,0.0303714859437751,,,0.007609189955433794
157,5de6c12e02a9e36835018cc3abb08e3288d1688130193055566a10d153a20ef7:157,0.25,0,circular,ballistic,outside,False,83.83522033691406,0.02710843373493976,0.02710843373493976,,,0.006583773618777109
158,5de6c12e02a9e36835018cc3abb08e3288d1688130193055566a10d153a20ef7:158,0.25,1,circular,diffusive,inside,False,79.122314453125,0.020080321285140562,0.020080321285140562,,,0.0070281124497991974
159,5de6c12e02a9e36835018cc3abb08e3288d1688130193055566a10d153a20ef7:159,0.25,2,elliptical,diffusive,outside,False,4.38346529006958,0.029869477911646587,0.029869477911646587,,,0.00824501390846227
160,5de6c12e02a9e36835018cc3abb08e3288d1688130193055566a10d153a20ef7:160,0.25,2,elliptical,ballistic,outside,False,2.816139936447144,0.03112449799196787,0.027684563758389263,0.03625,0.008565436241610734,0.013281884091689712
161,5de6c12e02a9e36835018cc3abb08e3288d1688130193055566a10d153a20ef7:161,0.25,1,elliptical,diffusive,outside,False,80.9341049194336,0.02886546184738956,0.024271844660194174,0.03210616438356165,0.007834319723367473,0.011488747481270892
162,5de6c12e02a9e36835018cc3abb08e3288d1688130193055566a10d153a20ef7:162,0.25,1,elliptical,ballistic,outside,False,61.21881103515625,0.022590361445783132,0.022590361445783132,,,0.007825530757088302
163,5de6c12e02a9e36835018cc3abb08e3288d1688130193055566a10d153a20ef7:163,0.25,0,elliptical,ballistic,edge,False,83.51566314697266,0.033634538152610444,0.0330188679245283,0.037162162162162164,0.004143294237633863,0.009133235641897717
164,5de6c12e02a9e36835018cc3abb08e3288d1688130193055566a10d153a20ef7:164,0.25,0,circular,ballistic,edge,False,82.46318817138672,0.02384538152610442,0.024529569892473117,0.021825396825396824,-0.002704173067076293,0.01064623999018499
165,5de6c12e02a9e36835018cc3abb08e3288d1688130193055566a10d153a20ef7:165,0.25,1,circular,diffusive,outside,False,75.97368621826172,0.020080321285140562,0.020080321285140562,,,0.009785938097197754
166,5de6c12e02a9e36835018cc3abb08e3288d1688130193055566a10d153a20ef7:166,0.25,0,circular,diffusive,edge,False,83.83525085449219,0.02610441767068273,0.02610441767068273,,,0.006270078311644978
167,5de6c12e02a9e36835018cc3abb08e3288d1688130193055566a10d153a20ef7:167,0.25,1,elliptical,diffusive,inside,False,70.98634338378906,0.029116465863453816,0.029116465863453816,,,0.00931086194326878
168,5de6c12e02a9e36835018cc3abb08e3288d1688130193055566a10d153a20ef7:168,0.25,1,circular,diffusive,edge,False,79.68587493896484,0.03790160642570281,0.03790160642570281,,,0.011289601477936256
169,5de6c12e02a9e36835018cc3abb08e3288d1688130193055566a10d153a20ef7:169,0.25,2,circular,diffusive,outside,False,25.980430603027344,0.0286144578313253,0.0286144578313253,,,0.014713203704571128
170,5de6c12e02a9e36835018cc3abb08e3288d1688130193055566a10d153a20ef7:170,0.25,2,circular,ballistic,edge,False,5.307648658752441,0.028363453815261043,0.02981651376146789,0.018145161290322582,-0.01167135247114531,0.00911597379384281
171,5de6c12e02a9e36835018cc3abb08e3288d1688130193055566a10d153a20ef7:171,0.25,1,circular,ballistic,outside,False,64.3905258178711,0.027610441767068273,0.027610441767068273,,,0.01323436378159043
172,5de6c12e02a9e36835018cc3abb08e3288d1688130193055566a10d153a20ef7:172,0.25,2,elliptical,ballistic,inside,False,36.46097946166992,0.026606425702811246,0.02634297520661157,0.03571428571428571,0.009371310507674143,0.004461944988612244
173,5de6c12e02a9e36835018cc3abb08e3288d1688130193055566a10d153a20ef7:173,0.25,2,circular,diffusive,edge,False,34.00138473510742,0.035140562248995984,0.0350103734439834,0.0390625,0.004052126556016597,0.004709252770907058
174,5de6c12e02a9e36835018cc3abb08e3288d1688130193055566a10d153a20ef7:174,0.25,0,elliptical,ballistic,inside,False,83.06935119628906,0.02108433734939759,0.02108433734939759,,,0.006735144510541535
175,5de6c12e02a9e36835018cc3abb08e3288d1688130193055566a10d153a20ef7:175,0.25,2,circular,ballistic,inside,False,20.518367767333984,0.04116465863453815,0.026785714285714284,0.0446875,0.017901785714285714,0.011708738744669277
176,5de6c12e02a9e36835018cc3abb08e3288d1688130193055566a10d153a20ef7:176,0.25,1,elliptical,ballistic,edge,False,77.73197174072266,0.02610441767068273,0.02610441767068273,,,0.006659889137259839
177,5de6c12e02a9e36835018cc3abb08e3288d1688130193055566a10d153a20ef7:177,0.25,2,circular,diffusive,inside,False,45.06636047363281,0.03463855421686747,0.03494318181818182,0.032327586206896554,-0.002615595611285264,0.012570265085892486
178,5de6c12e02a9e36835018cc3abb08e3288d1688130193055566a10d153a20ef7:178,0.25,1,circular,ballistic,inside,False,72.12028503417969,0.029869477911646587,0.029869477911646587,,,0.012517527750794863
179,5de6c12e02a9e36835018cc3abb08e3288d1688130193055566a10d153a20ef7:179,0.25,1,circular,ballistic,edge,False,57.13620376586914,0.023343373493975902,0.023343373493975902,,,0.007773023377109449
144,5de6c12e02a9e36835018cc3abb08e3288d1688130193055566a10d153a20ef7:144,0.5,0,elliptical,ballistic,outside,False,82.01364135742188,0.02592685370741483,0.025528169014084508,0.026223776223776224,0.0006956072096917162,0.007912620476997537
145,5de6c12e02a9e36835018cc3abb08e3288d1688130193055566a10d153a20ef7:145,0.5,0,circular,diffusive,inside,False,83.83524322509766,0.027054108216432865,0.026214833759590793,0.03009259259259259,0.003877758833001798,0.00810942587987908
146,5de6c12e02a9e36835018cc3abb08e3288d1688130193055566a10d153a20ef7:146,0.5,0,circular,ballistic,inside,False,82.76311492919922,0.03206412825651302,0.031130268199233715,0.03308823529411765,0.001957967094883932,0.0059067265143044065
147,5de6c12e02a9e36835018cc3abb08e3288d1688130193055566a10d153a20ef7:147,0.5,0,circular,diffusive,outside,False,83.8352279663086,0.033316633266533065,0.03475467289719626,0.02464788732394366,-0.010106785573252602,0.008788980357138694
148,5de6c12e02a9e36835018cc3abb08e3288d1688130193055566a10d153a20ef7:148,0.5,0,elliptical,diffusive,inside,False,83.83525085449219,0.02843186372745491,0.01962809917355372,0.03125,0.01162190082644628,0.011673857360225236
149,5de6c12e02a9e36835018cc3abb08e3288d1688130193055566a10d153a20ef7:149,0.5,2,elliptical,ballistic,edge,False,8.057294845581055,0.027930861723446894,0.027703426124197003,0.03125,0.003546573875802997,0.006205906383686121
150,5de6c12e02a9e36835018cc3abb08e3288d1688130193055566a10d153a20ef7:150,0.5,2,elliptical,diffusive,edge,False,8.170546531677246,0.031813627254509015,0.032066508313539195,0.030448717948717948,-0.001617790364821247,0.008630477543563235
151,5de6c12e02a9e36835018cc3abb08e3288d1688130193055566a10d153a20ef7:151,0.5,0,elliptical,diffusive,outside,False,83.4015884399414,0.03294088176352705,0.03395522388059701,0.03086890243902439,-0.0030863214415726217,0.00869837451654292
152,5de6c12e02a9e36835018cc3abb08e3288d1688130193055566a10d153a20ef7:152,0.5,0,elliptical,diffusive,edge,False,83.83414459228516,0.02755511022044088,0.02755511022044088,,,0.010896073732931635
153,5de6c12e02a9e36835018cc3abb08e3288d1688130193055566a10d153a20ef7:153,0.5,2,elliptical,diffusive,inside,False,11.180877685546877,0.02530060120240481,0.02530060120240481,,,0.007307591255418247
154,5de6c12e02a9e36835018cc3abb08e3288d1688130193055566a10d153a20ef7:154,0.5,2,circular,ballistic,outside,False,15.145530700683594,0.03619739478957916,0.030894886363636364,0.03908668730650155,0.008191800942865184,0.011151515716974647
155,5de6c12e02a9e36835018cc3abb08e3288d1688130193055566a10d153a20ef7:155,0.5,1,elliptical,ballistic,inside,False,75.89828491210938,0.027304609218436873,0.027072192513368985,0.027443910256410256,0.00037171774304127145,0.0069556329543661415
156,5de6c12e02a9e36835018cc3abb08e3288d1688130193055566a10d153a20ef7:156,0.5,1,elliptical,diffusive,edge,False,67.77190399169922,0.025050100200400802,0.025050100200400802,,,0.006197052543513518
157,5de6c12e02a9e36835018cc3abb08e3288d1688130193055566a10d153a20ef7:157,0.5,0,circular,ballistic,outside,False,83.83522033691406,0.025676352705410823,0.02492877492877493,0.027449324324324325,0.0025205493955493957,0.0071370808416374625
158,5de6c12e02a9e36835018cc3abb08e3288d1688130193055566a10d153a20ef7:158,0.5,1,circular,diffusive,inside,False,79.122314453125,0.022795591182364728,0.022795591182364728,,,0.0028671150155960908
159,5de6c12e02a9e36835018cc3abb08e3288d1688130193055566a10d153a20ef7:159,0.5,2,elliptical,diffusive,outside,False,4.38346529006958,0.03356713426853707,0.0328125,0.03919491525423729,0.006382415254237286,0.005278383643713799
160,5de6c12e02a9e36835018cc3abb08e3288d1688130193055566a10d153a20ef7:160,0.5,2,elliptical,ballistic,outside,False,2.816139936447144,0.04934869739478958,0.027684563758389263,0.05857142857142857,0.03088686481303931,0.04118209045737552
161,5de6c12e02a9e36835018cc3abb08e3288d1688130193055566a10d153a20ef7:161,0.5,1,elliptical,diffusive,outside,False,80.9341049194336,0.029934869739478957,0.024271844660194174,0.03140782828282828,0.007135983622634106,0.008116193807275759
162,5de6c12e02a9e36835018cc3abb08e3288d1688130193055566a10d153a20ef7:162,0.5,1,elliptical,ballistic,outside,False,61.21881103515625,0.019288577154308616,0.019288577154308616,,,0.004693134768335469
163,5de6c12e02a9e36835018cc3abb08e3288d1688130193055566a10d153a20ef7:163,0.5,0,elliptical,ballistic,edge,False,83.51566314697266,0.029934869739478957,0.0330188679245283,0.027656794425087106,-0.005362073499441195,0.008582173102768487
164,5de6c12e02a9e36835018cc3abb08e3288d1688130193055566a10d153a20ef7:164,0.5,0,circular,ballistic,edge,False,82.46318817138672,0.024924849699398798,0.024529569892473117,0.025159744408945688,0.0006301745164725703,0.010901111714384524
165,5de6c12e02a9e36835018cc3abb08e3288d1688130193055566a10d153a20ef7:165,0.5,1,circular,diffusive,outside,False,75.97368621826172,0.02379759519038076,0.022930194805194804,0.02519633507853403,0.002266140273339226,0.006846518220799824
166,5de6c12e02a9e36835018cc3abb08e3288d1688130193055566a10d153a20ef7:166,0.5,0,circular,diffusive,edge,False,83.83525085449219,0.025676352705410823,0.025676352705410823,,,0.00601071921377847
167,5de6c12e02a9e36835018cc3abb08e3288d1688130193055566a10d153a20ef7:167,0.5,1,elliptical,diffusive,inside,False,70.98634338378906,0.029559118236472944,0.0292022792022792,0.030405405405405407,0.0012031262031262056,0.006435487263860286
168,5de6c12e02a9e36835018cc3abb08e3288d1688130193055566a10d153a20ef7:168,0.5,1,circular,diffusive,edge,False,79.68587493896484,0.03193887775551102,0.03193887775551102,,,0.006246221262420684
169,5de6c12e02a9e36835018cc3abb08e3288d1688130193055566a10d153a20ef7:169,0.5,2,circular,diffusive,outside,False,25.980430603027344,0.028306613226452906,0.027333759590792837,0.031828703703703706,0.004494944112910869,0.011053312361177459
170,5de6c12e02a9e36835018cc3abb08e3288d1688130193055566a10d153a20ef7:170,0.5,2,circular,ballistic,edge,False,5.307648658752441,0.037575150300601205,0.02981651376146789,0.04359430604982206,0.013777792288354171,0.016272927624160036
171,5de6c12e02a9e36835018cc3abb08e3288d1688130193055566a10d153a20ef7:171,0.5,1,circular,ballistic,outside,False,64.3905258178711,0.028056112224448898,0.02899239543726236,0.02701271186440678,-0.0019796835728555784,0.007857909389457976
172,5de6c12e02a9e36835018cc3abb08e3288d1688130193055566a10d153a20ef7:172,0.5,2,elliptical,ballistic,inside,False,36.46097946166992,0.033066132264529056,0.02634297520661157,0.03939688715953307,0.013053911952921503,0.005556381015235179
173,5de6c12e02a9e36835018cc3abb08e3288d1688130193055566a10d153a20ef7:173,0.5,2,circular,diffusive,edge,False,34.00138473510742,0.028557114228456915,0.0350103734439834,0.02252906976744186,-0.012481303676541544,0.004908797079725808
174,5de6c12e02a9e36835018cc3abb08e3288d1688130193055566a10d153a20ef7:174,0.5,0,elliptical,ballistic,inside,False,83.06935119628906,0.02530060120240481,0.02355072463768116,0.02922077922077922,0.00567005458309806,0.00512762762787042
175,5de6c12e02a9e36835018cc3abb08e3288d1688130193055566a10d153a20ef7:175,0.5,2,circular,ballistic,inside,False,20.518367767333984,0.045090180360721446,0.026785714285714284,0.04708333333333333,0.020297619047619047,0.011413612975846211
176,5de6c12e02a9e36835018cc3abb08e3288d1688130193055566a10d153a20ef7:176,0.5,1,elliptical,ballistic,edge,False,77.73197174072266,0.02780561122244489,0.02780561122244489,,,0.006565802816673926
177,5de6c12e02a9e36835018cc3abb08e3288d1688130193055566a10d153a20ef7:177,0.5,2,circular,diffusive,inside,False,45.06636047363281,0.03256513026052104,0.03494318181818182,0.030689964157706095,-0.004253217660475723,0.011446552764324512
178,5de6c12e02a9e36835018cc3abb08e3288d1688130193055566a10d153a20ef7:178,0.5,1,circular,ballistic,inside,False,72.12028503417969,0.03193887775551102,0.03046028880866426,0.033783783783783786,0.0033234949751195265,0.008208448085075624
179,5de6c12e02a9e36835018cc3abb08e3288d1688130193055566a10d153a20ef7:179,0.5,1,circular,ballistic,edge,False,57.13620376586914,0.023672344689378757,0.023672344689378757,,,0.006453744001998121
144,5de6c12e02a9e36835018cc3abb08e3288d1688130193055566a10d153a20ef7:144,1.0,0,elliptical,ballistic,outside,False,82.01364135742188,0.02759009009009009,0.025528169014084508,0.02814885496183206,0.0026206859477475516,0.006157567466831366
145,5de6c12e02a9e36835018cc3abb08e3288d1688130193055566a10d153a20ef7:145,1.0,0,circular,diffusive,inside,False,83.83524322509766,0.03078078078078078,0.026214833759590793,0.033717105263157895,0.0075022715035671025,0.007300276349256668
146,5de6c12e02a9e36835018cc3abb08e3288d1688130193055566a10d153a20ef7:146,1.0,0,circular,ballistic,inside,False,82.76311492919922,0.02902902902902903,0.031130268199233715,0.028285907859078592,-0.0028443603401551235,0.00779399975094967
147,5de6c12e02a9e36835018cc3abb08e3288d1688130193055566a10d153a20ef7:147,1.0,0,circular,diffusive,outside,False,83.8352279663086,0.029654654654654656,0.03475467289719626,0.02583187390542907,-0.008922798991767192,0.007967828065532017
148,5de6c12e02a9e36835018cc3abb08e3288d1688130193055566a10d153a20ef7:148,1.0,0,elliptical,diffusive,inside,False,83.83525085449219,0.03071821821821822,0.01962809917355372,0.03224658314350797,0.012618483969954252,0.00975314032086542
149,5de6c12e02a9e36835018cc3abb08e3288d1688130193055566a10d153a20ef7:149,1.0,2,elliptical,ballistic,edge,False,8.057294845581055,0.06443943943943944,0.027703426124197003,0.09668703007518797,0.06898360395099097,0.02212522172425077
150,5de6c12e02a9e36835018cc3abb08e3288d1688130193055566a10d153a20ef7:150,1.0,2,elliptical,diffusive,edge,False,8.170546531677246,0.037037037037037035,0.032066508313539195,0.04065743944636678,0.008590931132827585,0.014443147177685762
151,5de6c12e02a9e36835018cc3abb08e3288d1688130193055566a10d153a20ef7:151,1.0,0,elliptical,diffusive,outside,False,83.4015884399414,0.03121871871871872,0.03395522388059701,0.029838102409638554,-0.004117121470958458,0.006770356220982367
152,5de6c12e02a9e36835018cc3abb08e3288d1688130193055566a10d153a20ef7:152,1.0,0,elliptical,diffusive,edge,False,83.83414459228516,0.029404404404404404,0.02657312925170068,0.03345498783454988,0.006881858582849201,0.008295144666650262
153,5de6c12e02a9e36835018cc3abb08e3288d1688130193055566a10d153a20ef7:153,1.0,2,elliptical,diffusive,inside,False,11.180877685546877,0.03203203203203203,0.026630434782608695,0.03935731132075472,0.012726876538146026,0.007532490962608815
154,5de6c12e02a9e36835018cc3abb08e3288d1688130193055566a10d153a20ef7:154,1.0,2,circular,ballistic,outside,False,15.145530700683594,0.044231731731731734,0.030894886363636364,0.04708383961117862,0.016188953247542253,0.01569796801255649
155,5de6c12e02a9e36835018cc3abb08e3288d1688130193055566a10d153a20ef7:155,1.0,1,elliptical,ballistic,inside,False,75.89828491210938,0.027965465465465467,0.027072192513368985,0.028171182266009853,0.001098989752640868,0.006594640158367846
156,5de6c12e02a9e36835018cc3abb08e3288d1688130193055566a10d153a20ef7:156,1.0,1,elliptical,diffusive,edge,False,67.77190399169922,0.02996746746746747,0.026203416149068324,0.036795774647887323,0.010592358498819,0.00577442624013912
157,5de6c12e02a9e36835018cc3abb08e3288d1688130193055566a10d153a20ef7:157,1.0,0,circular,ballistic,outside,False,83.83522033691406,0.026463963963963964,0.02492877492877493,0.027295524691358024,0.0023667497625830952,0.005581408140563298
158,5de6c12e02a9e36835018cc3abb08e3288d1688130193055566a10d153a20ef7:158,1.0,1,circular,diffusive,inside,False,79.122314453125,0.025087587587587588,0.023662988115449916,0.027134146341463414,0.003471158226013498,0.00628839343474056
159,5de6c12e02a9e36835018cc3abb08e3288d1688130193055566a10d153a20ef7:159,1.0,2,elliptical,diffusive,outside,False,4.38346529006958,0.04610860860860861,0.0328125,0.0565742397137746,0.0237617397137746,0.027163898111166356
160,5de6c12e02a9e36835018cc3abb08e3288d1688130193055566a10d153a20ef7:160,1.0,2,elliptical,ballistic,outside,False,2.816139936447144,0.07082082082082082,0.027684563758389263,0.07838235294117647,0.05069778918278721,0.06522752490613726
161,5de6c12e02a9e36835018cc3abb08e3288d1688130193055566a10d153a20ef7:161,1.0,1,elliptical,diffusive,outside,False,80.9341049194336,0.028215715715715715,0.024271844660194174,0.028669084821428572,0.0043972401612343975,0.007414917448666593
162,5de6c12e02a9e36835018cc3abb08e3288d1688130193055566a10d153a20ef7:162,1.0,1,elliptical,ballistic,outside,False,61.21881103515625,0.024461961961961962,0.020229468599033816,0.03141534391534392,0.011185875316310101,0.004227951871589827
163,5de6c12e02a9e36835018cc3abb08e3288d1688130193055566a10d153a20ef7:163,1.0,0,elliptical,ballistic,edge,False,83.51566314697266,0.03184434434434434,0.0330188679245283,0.031527954256670904,-0.0014909136678573978,0.007187618925609073
164,5de6c12e02a9e36835018cc3abb08e3288d1688130193055566a10d153a20ef7:164,1.0,0,circular,ballistic,edge,False,82.46318817138672,0.028465965965965966,0.024529569892473117,0.029366543665436656,0.004836973772963538,0.008176091599855311
165,5de6c12e02a9e36835018cc3abb08e3288d1688130193055566a10d153a20ef7:165,1.0,1,circular,diffusive,outside,False,75.97368621826172,0.02708958958958959,0.022930194805194804,0.02894356005788712,0.006013365252692315,0.006946135118710381
166,5de6c12e02a9e36835018cc3abb08e3288d1688130193055566a10d153a20ef7:166,1.0,0,circular,diffusive,edge,False,83.83525085449219,0.02902902902902903,0.026421901528013582,0.03277439024390244,0.0063524887158888585,0.005974642835992655
167,5de6c12e02a9e36835018cc3abb08e3288d1688130193055566a10d153a20ef7:167,1.0,1,elliptical,diffusive,inside,False,70.98634338378906,0.03190690690690691,0.0292022792022792,0.033371913580246916,0.004169634377967715,0.007077039911100737
168,5de6c12e02a9e36835018cc3abb08e3288d1688130193055566a10d153a20ef7:168,1.0,1,circular,diffusive,edge,False,79.68587493896484,0.028966466466466466,0.031191806331471134,0.026379870129870128,-0.004811936201601006,0.007446521985374626
169,5de6c12e02a9e36835018cc3abb08e3288d1688130193055566a10d153a20ef7:169,1.0,2,circular,diffusive,outside,False,25.980430603027344,0.02784034034034034,0.027333759590792837,0.02816611842105263,0.0008323588302597933,0.007905442637865247
170,5de6c12e02a9e36835018cc3abb08e3288d1688130193055566a10d153a20ef7:170,1.0,2,circular,ballistic,edge,False,5.307648658752441,0.08683683683683684,0.02981651376146789,0.10275288092189501,0.07293636716042712,0.03983147632797994
171,5de6c12e02a9e36835018cc3abb08e3288d1688130193055566a10d153a20ef7:171,1.0,1,circular,ballistic,outside,False,64.3905258178711,0.02733983983983984,0.02899239543726236,0.026749320652173912,-0.002243074785088447,0.005079140013712412
172,5de6c12e02a9e36835018cc3abb08e3288d1688130193055566a10d153a20ef7:172,1.0,2,elliptical,ballistic,inside,False,36.46097946166992,0.038413413413413415,0.02634297520661157,0.04227212681638045,0.01592915160976888,0.00784904634012122
173,5de6c12e02a9e36835018cc3abb08e3288d1688130193055566a10d153a20ef7:173,1.0,2,circular,diffusive,edge,False,34.00138473510742,0.032344844844844844,0.0350103734439834,0.03149736147757256,-0.0035130119664108436,0.005739070890172919
174,5de6c12e02a9e36835018cc3abb08e3288d1688130193055566a10d153a20ef7:174,1.0,0,elliptical,ballistic,inside,False,83.06935119628906,0.028028028028028028,0.02355072463768116,0.030389908256880736,0.006839183619199576,0.005979881454128388
175,5de6c12e02a9e36835018cc3abb08e3288d1688130193055566a10d153a20ef7:175,1.0,2,circular,ballistic,inside,False,20.518367767333984,0.05386636636636637,0.026785714285714284,0.05526315789473684,0.028477443609022556,0.02016640907986093
176,5de6c12e02a9e36835018cc3abb08e3288d1688130193055566a10d153a20ef7:176,1.0,1,elliptical,ballistic,edge,False,77.73197174072266,0.02834084084084084,0.02740695792880259,0.029855643044619424,0.0024486851158168343,0.00679344163865019
177,5de6c12e02a9e36835018cc3abb08e3288d1688130193055566a10d153a20ef7:177,1.0,2,circular,diffusive,inside,False,45.06636047363281,0.03447197197197197,0.03494318181818182,0.034338896020539154,-0.0006042857976426633,0.01315525721047503
178,5de6c12e02a9e36835018cc3abb08e3288d1688130193055566a10d153a20ef7:178,1.0,1,circular,ballistic,inside,False,72.12028503417969,0.03428428428428428,0.03046028880866426,0.035751385041551245,0.005291096232886986,0.007200948233202282
179,5de6c12e02a9e36835018cc3abb08e3288d1688130193055566a10d153a20ef7:179,1.0,1,circular,ballistic,edge,False,57.13620376586914,0.025963463463463465,0.025138376383763837,0.026942013129102844,0.0018036367453390066,0.004809999251507864
180,5de6c12e02a9e36835018cc3abb08e3288d1688130193055566a10d153a20ef7:180,0.25,1,circular,diffusive,inside,False,76.73169708251953,0.027359437751004016,0.027359437751004016,,,0.013355206420103441
181,5de6c12e02a9e36835018cc3abb08e3288d1688130193055566a10d153a20ef7:181,0.25,2,circular,ballistic,outside,False,8.468118667602539,0.024849397590361446,0.024849397590361446,,,0.009198535241871836
182,5de6c12e02a9e36835018cc3abb08e3288d1688130193055566a10d153a20ef7:182,0.25,1,circular,diffusive,edge,False,74.73736572265625,0.030120481927710843,0.030120481927710843,,,0.009939251944389223
183,5de6c12e02a9e36835018cc3abb08e3288d1688130193055566a10d153a20ef7:183,0.25,0,circular,ballistic,inside,False,83.2085952758789,0.03162650602409638,0.03620689655172414,0.025240384615384616,-0.010966511936339525,0.00509482508287762
184,5de6c12e02a9e36835018cc3abb08e3288d1688130193055566a10d153a20ef7:184,0.25,2,circular,ballistic,edge,False,16.86264419555664,0.02610441767068273,0.02610441767068273,,,0.011879678279316498
185,5de6c12e02a9e36835018cc3abb08e3288d1688130193055566a10d153a20ef7:185,0.25,2,elliptical,ballistic,inside,False,21.836116790771484,0.03137550200803213,0.03137550200803213,,,0.015454592649459984
186,5de6c12e02a9e36835018cc3abb08e3288d1688130193055566a10d153a20ef7:186,0.25,2,elliptical,diffusive,edge,False,26.369659423828125,0.03288152610441767,0.03288152610441767,,,0.013873507635979396
187,5de6c12e02a9e36835018cc3abb08e3288d1688130193055566a10d153a20ef7:187,0.25,2,circular,diffusive,inside,False,15.711418151855469,0.027359437751004016,0.027359437751004016,,,0.008749209366432418
188,5de6c12e02a9e36835018cc3abb08e3288d1688130193055566a10d153a20ef7:188,0.25,0,circular,diffusive,outside,False,82.50389862060547,0.03288152610441767,0.03288152610441767,,,0.011400667619654381
189,5de6c12e02a9e36835018cc3abb08e3288d1688130193055566a10d153a20ef7:189,0.25,0,circular,diffusive,edge,False,83.33583068847656,0.02710843373493976,0.02786144578313253,0.025602409638554216,-0.0022590361445783136,0.008636872758074928
190,5de6c12e02a9e36835018cc3abb08e3288d1688130193055566a10d153a20ef7:190,0.25,0,circular,ballistic,outside,False,83.83512115478516,0.02961847389558233,0.03010204081632653,0.0,-0.03010204081632653,0.013535611207542935
191,5de6c12e02a9e36835018cc3abb08e3288d1688130193055566a10d153a20ef7:191,0.25,0,elliptical,diffusive,edge,False,83.431396484375,0.025853413654618473,0.025853413654618473,,,0.011684499811553596
192,5de6c12e02a9e36835018cc3abb08e3288d1688130193055566a10d153a20ef7:192,0.25,0,circular,ballistic,edge,False,82.33419036865234,0.029367469879518073,0.029367469879518073,,,0.009521624868670007
193,5de6c12e02a9e36835018cc3abb08e3288d1688130193055566a10d153a20ef7:193,0.25,1,circular,diffusive,outside,False,54.63125228881836,0.03237951807228916,0.03237951807228916,,,0.005891914956980675
194,5de6c12e02a9e36835018cc3abb08e3288d1688130193055566a10d153a20ef7:194,0.25,1,elliptical,ballistic,outside,False,59.81001663208008,0.03313253012048193,0.030821917808219176,0.03640776699029126,0.0055858491820720835,0.014618694556788188
195,5de6c12e02a9e36835018cc3abb08e3288d1688130193055566a10d153a20ef7:195,0.25,0,circular,diffusive,inside,False,83.83525085449219,0.038654618473895584,0.03935185185185185,0.03782894736842105,-0.0015229044834308009,0.012162692208419396
196,5de6c12e02a9e36835018cc3abb08e3288d1688130193055566a10d153a20ef7:196,0.25,0,elliptical,ballistic,inside,False,81.91881561279297,0.024347389558232933,0.024347389558232933,,,0.0075426602416248595
197,5de6c12e02a9e36835018cc3abb08e3288d1688130193055566a10d153a20ef7:197,0.25,1,elliptical,diffusive,inside,False,69.1282730102539,0.025100401606425703,0.029624277456647398,0.014802631578947368,-0.01482164587770003,0.010189650165755241
198,5de6c12e02a9e36835018cc3abb08e3288d1688130193055566a10d153a20ef7:198,0.25,1,elliptical,ballistic,edge,False,83.81695556640625,0.025100401606425703,0.025100401606425703,,,0.006428839595816112
199,5de6c12e02a9e36835018cc3abb08e3288d1688130193055566a10d153a20ef7:199,0.25,2,circular,diffusive,outside,False,12.321161270141602,0.028112449799196786,0.028112449799196786,,,0.013243881484209758
200,5de6c12e02a9e36835018cc3abb08e3288d1688130193055566a10d153a20ef7:200,0.25,2,circular,ballistic,inside,False,5.692190647125244,0.030622489959839357,0.030622489959839357,,,0.010894846593479269
201,5de6c12e02a9e36835018cc3abb08e3288d1688130193055566a10d153a20ef7:201,0.25,1,circular,ballistic,outside,False,57.35902404785156,0.0321285140562249,0.033261802575107295,0.015625,-0.017636802575107295,0.010189650165755241
202,5de6c12e02a9e36835018cc3abb08e3288d1688130193055566a10d153a20ef7:202,0.25,0,elliptical,ballistic,edge,False,80.52777099609375,0.02384538152610442,0.02384538152610442,,,0.010740508481593709
203,5de6c12e02a9e36835018cc3abb08e3288d1688130193055566a10d153a20ef7:203,0.25,1,elliptical,ballistic,inside,False,82.69112396240234,0.029367469879518073,0.03125,0.028186274509803922,-0.003063725490196078,0.00973106022840368
204,5de6c12e02a9e36835018cc3abb08e3288d1688130193055566a10d153a20ef7:204,0.25,2,elliptical,ballistic,edge,False,37.1657829284668,0.025100401606425703,0.025100401606425703,,,0.008695034174542557
205,5de6c12e02a9e36835018cc3abb08e3288d1688130193055566a10d153a20ef7:205,0.25,1,elliptical,diffusive,edge,False,83.83525085449219,0.0286144578313253,0.0286144578313253,,,0.01464453026688235
206,5de6c12e02a9e36835018cc3abb08e3288d1688130193055566a10d153a20ef7:206,0.25,1,circular,ballistic,edge,False,74.51313018798828,0.030120481927710843,0.04194078947368421,0.024927745664739886,-0.017013043808944323,0.01122524085090256
207,5de6c12e02a9e36835018cc3abb08e3288d1688130193055566a10d153a20ef7:207,0.25,0,elliptical,diffusive,outside,False,82.7908706665039,0.021586345381526106,0.021586345381526106,,,0.005918587410919475
208,5de6c12e02a9e36835018cc3abb08e3288d1688130193055566a10d153a20ef7:208,0.25,0,elliptical,diffusive,inside,False,83.38038635253906,0.036646586345381524,0.03419811320754717,0.038461538461538464,0.0042634252539912945,0.010373483092254932
209,5de6c12e02a9e36835018cc3abb08e3288d1688130193055566a10d153a20ef7:209,0.25,1,circular,ballistic,inside,False,74.29584503173828,0.02610441767068273,0.02610441767068273,,,0.011270052369801027
210,5de6c12e02a9e36835018cc3abb08e3288d1688130193055566a10d153a20ef7:210,0.25,2,elliptical,diffusive,outside,False,24.29899787902832,0.026606425702811246,0.023958333333333335,0.029069767441860465,0.00511143410852713,0.010848485333822443
211,5de6c12e02a9e36835018cc3abb08e3288d1688130193055566a10d153a20ef7:211,0.25,2,circular,diffusive,edge,False,2.8899757862091064,0.03237951807228916,0.03237951807228916,,,0.01069347811452851
212,5de6c12e02a9e36835018cc3abb08e3288d1688130193055566a10d153a20ef7:212,0.25,0,elliptical,ballistic,outside,False,83.55240631103516,0.03137550200803213,0.03137550200803213,,,0.00796517653244098
213,5de6c12e02a9e36835018cc3abb08e3288d1688130193055566a10d153a20ef7:213,0.25,2,elliptical,ballistic,outside,False,5.03698205947876,0.03790160642570281,0.03790160642570281,,,0.009280362222558309
214,5de6c12e02a9e36835018cc3abb08e3288d1688130193055566a10d153a20ef7:214,0.25,1,elliptical,diffusive,outside,False,78.01969909667969,0.0338855421686747,0.0338855421686747,,,0.007933474211485497
215,5de6c12e02a9e36835018cc3abb08e3288d1688130193055566a10d153a20ef7:215,0.25,2,elliptical,diffusive,inside,False,6.359220504760742,0.035140562248995984,0.03243670886075949,0.03983516483516483,0.007398455974405339,0.01162232620762071
180,5de6c12e02a9e36835018cc3abb08e3288d1688130193055566a10d153a20ef7:180,0.5,1,circular,diffusive,inside,False,76.73169708251953,0.02755511022044088,0.028660220994475138,0.024635036496350366,-0.004025184498124772,0.009727699318110019
181,5de6c12e02a9e36835018cc3abb08e3288d1688130193055566a10d153a20ef7:181,0.5,2,circular,ballistic,outside,False,8.468118667602539,0.029809619238476952,0.027324120603015076,0.039603960396039604,0.012279839793024529,0.009633709680876458
182,5de6c12e02a9e36835018cc3abb08e3288d1688130193055566a10d153a20ef7:182,0.5,1,circular,diffusive,edge,False,74.73736572265625,0.030561122244488977,0.02837743732590529,0.03616071428571429,0.007783276959808998,0.010544872334593782
183,5de6c12e02a9e36835018cc3abb08e3288d1688130193055566a10d153a20ef7:183,0.5,0,circular,ballistic,inside,False,83.2085952758789,0.029433867735470944,0.03620689655172414,0.026659604519774012,-0.009547292031950129,0.005666806626184177
184,5de6c12e02a9e36835018cc3abb08e3288d1688130193055566a10d153a20ef7:184,0.5,2,circular,ballistic,edge,False,16.86264419555664,0.02868236472945892,0.02530674846625767,0.03504335260115607,0.009736604134898401,0.010229983707531446
185,5de6c12e02a9e36835018cc3abb08e3288d1688130193055566a10d153a20ef7:185,0.5,2,elliptical,ballistic,inside,False,21.836116790771484,0.030435871743486973,0.030435871743486973,,,0.009086490078715466
186,5de6c12e02a9e36835018cc3abb08e3288d1688130193055566a10d153a20ef7:186,0.5,2,elliptical,diffusive,edge,False,26.369659423828125,0.03156312625250501,0.03156312625250501,,,0.010267485737434466
187,5de6c12e02a9e36835018cc3abb08e3288d1688130193055566a10d153a20ef7:187,0.5,2,circular,diffusive,inside,False,15.711418151855469,0.028932865731462927,0.030537974683544303,0.02283653846153846,-0.007701436222005843,0.009861438937587525
188,5de6c12e02a9e36835018cc3abb08e3288d1688130193055566a10d153a20ef7:188,0.5,0,circular,diffusive,outside,False,82.50389862060547,0.0343186372745491,0.03320957095709571,0.036033163265306124,0.0028235923082104153,0.010506120729213812
189,5de6c12e02a9e36835018cc3abb08e3288d1688130193055566a10d153a20ef7:189,0.5,0,circular,diffusive,edge,False,83.33583068847656,0.029183366733466935,0.02786144578313253,0.029842342342342343,0.0019808965592098132,0.0074384457772050305
190,5de6c12e02a9e36835018cc3abb08e3288d1688130193055566a10d153a20ef7:190,0.5,0,circular,ballistic,outside,False,83.83512115478516,0.031062124248496994,0.03010204081632653,0.03198818897637795,0.0018861481600514207,0.007531711612411277
191,5de6c12e02a9e36835018cc3abb08e3288d1688130193055566a10d153a20ef7:191,0.5,0,elliptical,diffusive,edge,False,83.431396484375,0.025050100200400802,0.024918300653594773,0.025259067357512953,0.00034076670391818,0.004984906999532163
192,5de6c12e02a9e36835018cc3abb08e3288d1688130193055566a10d153a20ef7:192,0.5,0,circular,ballistic,edge,False,82.33419036865234,0.028181362725450902,0.028181362725450902,,,0.008841478909675902
193,5de6c12e02a9e36835018cc3abb08e3288d1688130193055566a10d153a20ef7:193,0.5,1,circular,diffusive,outside,False,54.63125228881836,0.031813627254509015,0.030211480362537766,0.034970238095238096,0.00475875773270033,0.007151353919649399
194,5de6c12e02a9e36835018cc3abb08e3288d1688130193055566a10d153a20ef7:194,0.5,1,elliptical,ballistic,outside,False,59.81001663208008,0.03406813627254509,0.030821917808219176,0.03541076487252125,0.004588847064302071,0.014606592922959169
195,5de6c12e02a9e36835018cc3abb08e3288d1688130193055566a10d153a20ef7:195,0.5,0,circular,diffusive,inside,False,83.83525085449219,0.031187374749498998,0.03935185185185185,0.02815934065934066,-0.011192511192511193,0.007057507308106617
196,5de6c12e02a9e36835018cc3abb08e3288d1688130193055566a10d153a20ef7:196,0.5,0,elliptical,ballistic,inside,False,81.91881561279297,0.025801603206412827,0.021875,0.03419811320754717,0.01232311320754717,0.008717290902457573
197,5de6c12e02a9e36835018cc3abb08e3288d1688130193055566a10d153a20ef7:197,0.5,1,elliptical,diffusive,inside,False,69.1282730102539,0.029433867735470944,0.029624277456647398,0.02933282208588957,-0.0002914553707578267,0.007224468006723316
198,5de6c12e02a9e36835018cc3abb08e3288d1688130193055566a10d153a20ef7:198,0.5,1,elliptical,ballistic,edge,False,83.81695556640625,0.02379759519038076,0.023941532258064516,0.0,-0.023941532258064516,0.006352065297147277
199,5de6c12e02a9e36835018cc3abb08e3288d1688130193055566a10d153a20ef7:199,0.5,2,circular,diffusive,outside,False,12.321161270141602,0.03068637274549098,0.030181623931623932,0.038306451612903226,0.008124827681279295,0.00842722751453124
200,5de6c12e02a9e36835018cc3abb08e3288d1688130193055566a10d153a20ef7:200,0.5,2,circular,ballistic,inside,False,5.692190647125244,0.0437124248496994,0.02781501340482574,0.09077380952380952,0.06295879611898378,0.015376252660088675
201,5de6c12e02a9e36835018cc3abb08e3288d1688130193055566a10d153a20ef7:201,0.5,1,circular,ballistic,outside,False,57.35902404785156,0.030185370741482965,0.033261802575107295,0.0274906015037594,-0.0057712010713478964,0.008869822733644896
202,5de6c12e02a9e36835018cc3abb08e3288d1688130193055566a10d153a20ef7:202,0.5,0,elliptical,ballistic,edge,False,80.52777099609375,0.028557114228456915,0.028557114228456915,,,0.008093935080863484
203,5de6c12e02a9e36835018cc3abb08e3288d1688130193055566a10d153a20ef7:203,0.5,1,elliptical,ballistic,inside,False,82.69112396240234,0.02755511022044088,0.03125,0.026674937965260544,-0.004575062034739456,0.007346131412131854
204,5de6c12e02a9e36835018cc3abb08e3288d1688130193055566a10d153a20ef7:204,0.5,2,elliptical,ballistic,edge,False,37.1657829284668,0.02717935871743487,0.025847457627118643,0.029105392156862746,0.0032579345297441033,0.005095402206114227
205,5de6c12e02a9e36835018cc3abb08e3288d1688130193055566a10d153a20ef7:205,0.5,1,elliptical,diffusive,edge,False,83.83525085449219,0.03156312625250501,0.03156312625250501,,,0.012282215102335934
206,5de6c12e02a9e36835018cc3abb08e3288d1688130193055566a10d153a20ef7:206,0.5,1,circular,ballistic,edge,False,74.51313018798828,0.024924849699398798,0.04194078947368421,0.02186761229314421,-0.02007317718054,0.009010204515241834
207,5de6c12e02a9e36835018cc3abb08e3288d1688130193055566a10d153a20ef7:207,0.5,0,elliptical,diffusive,outside,False,82.7908706665039,0.026177354709418836,0.025762195121951218,0.028089887640449437,0.0023276925184982193,0.005045901071764451
208,5de6c12e02a9e36835018cc3abb08e3288d1688130193055566a10d153a20ef7:208,0.5,0,elliptical,diffusive,inside,False,83.38038635253906,0.03068637274549098,0.03419811320754717,0.02973918575063613,-0.004458927456911038,0.007613541039794155
209,5de6c12e02a9e36835018cc3abb08e3288d1688130193055566a10d153a20ef7:209,0.5,1,circular,ballistic,inside,False,74.29584503173828,0.03218937875751503,0.03161421911421911,0.03571428571428571,0.0041000666000666,0.013278325400670168
210,5de6c12e02a9e36835018cc3abb08e3288d1688130193055566a10d153a20ef7:210,0.5,2,elliptical,diffusive,outside,False,24.29899787902832,0.026427855711422844,0.023958333333333335,0.02720976253298153,0.003251429199648194,0.009114071975063323
211,5de6c12e02a9e36835018cc3abb08e3288d1688130193055566a10d153a20ef7:211,0.5,2,circular,diffusive,edge,False,2.8899757862091064,0.03206412825651302,0.032670454545454544,0.029733009708737865,-0.0029374448367166794,0.006795921826778825
212,5de6c12e02a9e36835018cc3abb08e3288d1688130193055566a10d153a20ef7:212,0.5,0,elliptical,ballistic,outside,False,83.55240631103516,0.029559118236472944,0.029979674796747968,0.0,-0.029979674796747968,0.0067588865547254726
213,5de6c12e02a9e36835018cc3abb08e3288d1688130193055566a10d153a20ef7:213,0.5,2,elliptical,ballistic,outside,False,5.03698205947876,0.03707414829659319,0.036139455782312924,0.04418103448275862,0.008041578700445695,0.00719073151022411
214,5de6c12e02a9e36835018cc3abb08e3288d1688130193055566a10d153a20ef7:214,0.5,1,elliptical,diffusive,outside,False,78.01969909667969,0.03168837675350701,0.03168837675350701,,,0.004479347380322562
215,5de6c12e02a9e36835018cc3abb08e3288d1688130193055566a10d153a20ef7:215,0.5,2,elliptical,diffusive,inside,False,6.359220504760742,0.05060120240480962,0.03243670886075949,0.05901759530791789,0.0265808864471584,0.022483773218754385
180,5de6c12e02a9e36835018cc3abb08e3288d1688130193055566a10d153a20ef7:180,1.0,1,circular,diffusive,inside,False,76.73169708251953,0.030155155155155156,0.028660220994475138,0.031004709576138146,0.002344488581663008,0.009465779808011601
181,5de6c12e02a9e36835018cc3abb08e3288d1688130193055566a10d153a20ef7:181,1.0,2,circular,ballistic,outside,False,8.468118667602539,0.05223973973973974,0.027324120603015076,0.0687396006655574,0.04141548006254232,0.021129388287353373
182,5de6c12e02a9e36835018cc3abb08e3288d1688130193055566a10d153a20ef7:182,1.0,1,circular,diffusive,edge,False,74.73736572265625,0.02952952952952953,0.02837743732590529,0.03017578125,0.0017983439240947079,0.007968810474519849
183,5de6c12e02a9e36835018cc3abb08e3288d1688130193055566a10d153a20ef7:183,1.0,0,circular,ballistic,inside,False,83.2085952758789,0.02902902902902903,0.03620689655172414,0.02781030444964871,-0.00839659210207543,0.004813659675092928
184,5de6c12e02a9e36835018cc3abb08e3288d1688130193055566a10d153a20ef7:184,1.0,2,circular,ballistic,edge,False,16.86264419555664,0.046546546546546545,0.02530674846625767,0.056835066864784546,0.03152831839852688,0.015902217082399656
185,5de6c12e02a9e36835018cc3abb08e3288d1688130193055566a10d153a20ef7:185,1.0,2,elliptical,ballistic,inside,False,21.836116790771484,0.04247997997997998,0.030083497053045187,0.055357142857142855,0.025273645804097668,0.016955147014802815
186,5de6c12e02a9e36835018cc3abb08e3288d1688130193055566a10d153a20ef7:186,1.0,2,elliptical,diffusive,edge,False,26.369659423828125,0.032407407407407406,0.03229665071770335,0.032594086021505375,0.0002974353038020239,0.009396055471899024
187,5de6c12e02a9e36835018cc3abb08e3288d1688130193055566a10d153a20ef7:187,1.0,2,circular,diffusive,inside,False,15.711418151855469,0.03672422422422422,0.030537974683544303,0.040769867549668874,0.01023189286612457,0.013310249511988899
188,5de6c12e02a9e36835018cc3abb08e3288d1688130193055566a10d153a20ef7:188,1.0,0,circular,diffusive,outside,False,82.50389862060547,0.030342842842842842,0.03320957095709571,0.029094827586206896,-0.004114743370888813,0.007996024175728526
189,5de6c12e02a9e36835018cc3abb08e3288d1688130193055566a10d153a20ef7:189,1.0,0,circular,diffusive,edge,False,83.33583068847656,0.029842342342342343,0.02786144578313253,0.030237094837935175,0.0023756490548026456,0.008711935116789199
190,5de6c12e02a9e36835018cc3abb08e3288d1688130193055566a10d153a20ef7:190,1.0,0,circular,ballistic,outside,False,83.83512115478516,0.031343843843843845,0.03010204081632653,0.0317473474801061,0.0016453066637795721,0.008668697204663517
191,5de6c12e02a9e36835018cc3abb08e3288d1688130193055566a10d153a20ef7:191,1.0,0,elliptical,diffusive,edge,False,83.431396484375,0.0259009009009009,0.024918300653594773,0.026334776334776336,0.001416475681181563,0.0029477524998472835
192,5de6c12e02a9e36835018cc3abb08e3288d1688130193055566a10d153a20ef7:192,1.0,0,circular,ballistic,edge,False,82.33419036865234,0.030593093093093094,0.02918632075471698,0.03305785123966942,0.003871530484952441,0.005839135266099849
193,5de6c12e02a9e36835018cc3abb08e3288d1688130193055566a10d153a20ef7:193,1.0,1,circular,diffusive,outside,False,54.63125228881836,0.03284534534534535,0.030211480362537766,0.034150449101796404,0.003938968739258638,0.006255943435622732
194,5de6c12e02a9e36835018cc3abb08e3288d1688130193055566a10d153a20ef7:194,1.0,1,elliptical,ballistic,outside,False,59.81001663208008,0.032157157157157154,0.030821917808219176,0.03238569753810082,0.0015637797298816425,0.009639508406787492
195,5de6c12e02a9e36835018cc3abb08e3288d1688130193055566a10d153a20ef7:195,1.0,0,circular,diffusive,inside,False,83.83525085449219,0.027965465465465467,0.03935185185185185,0.02618634259259259,-0.013165509259259262,0.006982105312109248
196,5de6c12e02a9e36835018cc3abb08e3288d1688130193055566a10d153a20ef7:196,1.0,0,elliptical,ballistic,inside,False,81.91881561279297,0.029466966966966966,0.021875,0.03338391502276176,0.01150891502276176,0.0055814081405633
197,5de6c12e02a9e36835018cc3abb08e3288d1688130193055566a10d153a20ef7:197,1.0,1,elliptical,diffusive,inside,False,69.1282730102539,0.031093593593593594,0.029624277456647398,0.03140133171912833,0.001777054262480933,0.0061524801438793564
198,5de6c12e02a9e36835018cc3abb08e3288d1688130193055566a10d153a20ef7:198,1.0,1,elliptical,ballistic,edge,False,83.81695556640625,0.025650650650650652,0.023941532258064516,0.027335984095427434,0.0033944518373629183,0.006906861571567858
199,5de6c12e02a9e36835018cc3abb08e3288d1688130193055566a10d153a20ef7:199,1.0,2,circular,diffusive,outside,False,12.321161270141602,0.03641141141141141,0.030181623931623932,0.04190207156308851,0.01172044763146458,0.013160760351150986
200,5de6c12e02a9e36835018cc3abb08e3288d1688130193055566a10d153a20ef7:200,1.0,2,circular,ballistic,inside,False,5.692190647125244,0.10548048048048048,0.02781501340482574,0.15175718849840256,0.12394217509357681,0.03804853228348033
201,5de6c12e02a9e36835018cc3abb08e3288d1688130193055566a10d153a20ef7:201,1.0,1,circular,ballistic,outside,False,57.35902404785156,0.03028028028028028,0.033261802575107295,0.0293733681462141,-0.003888434428893195,0.00848639887778437
202,5de6c12e02a9e36835018cc3abb08e3288d1688130193055566a10d153a20ef7:202,1.0,0,elliptical,ballistic,edge,False,80.52777099609375,0.02952952952952953,0.027642276422764227,0.032552083333333336,0.004909806910569109,0.007368584516684412
203,5de6c12e02a9e36835018cc3abb08e3288d1688130193055566a10d153a20ef7:203,1.0,1,elliptical,ballistic,inside,False,82.69112396240234,0.029654654654654656,0.03125,0.029485049833887042,-0.001764950166112958,0.006577107908384096
204,5de6c12e02a9e36835018cc3abb08e3288d1688130193055566a10d153a20ef7:204,1.0,2,elliptical,ballistic,edge,False,37.1657829284668,0.03390890890890891,0.025847457627118643,0.037286931818181816,0.011439474191063174,0.008522297899828741
205,5de6c12e02a9e36835018cc3abb08e3288d1688130193055566a10d153a20ef7:205,1.0,1,elliptical,diffusive,edge,False,83.83525085449219,0.03190690690690691,0.03125,0.03259753593429158,0.0013475359342915785,0.00978139205765419
206,5de6c12e02a9e36835018cc3abb08e3288d1688130193055566a10d153a20ef7:206,1.0,1,circular,ballistic,edge,False,74.51313018798828,0.029654654654654656,0.04194078947368421,0.028643011917659805,-0.013297777556024404,0.0071079441625244155
207,5de6c12e02a9e36835018cc3abb08e3288d1688130193055566a10d153a20ef7:207,1.0,0,elliptical,diffusive,outside,False,82.7908706665039,0.027527527527527528,0.025762195121951218,0.028756366723259763,0.002994171601308545,0.005793712163558672
208,5de6c12e02a9e36835018cc3abb08e3288d1688130193055566a10d153a20ef7:208,1.0,0,elliptical,diffusive,inside,False,83.38038635253906,0.03003003003003003,0.03419811320754717,0.029535274356103022,-0.004662838851444147,0.005750312959497526
209,5de6c12e02a9e36835018cc3abb08e3288d1688130193055566a10d153a20ef7:209,1.0,1,circular,ballistic,inside,False,74.29584503173828,0.030905905905905907,0.03161421911421911,0.03037280701754386,-0.001241412096675252,0.007857020989209009
210,5de6c12e02a9e36835018cc3abb08e3288d1688130193055566a10d153a20ef7:210,1.0,2,elliptical,diffusive,outside,False,24.29899787902832,0.027715215215215215,0.023958333333333335,0.028228100113765642,0.004269766780432307,0.006520627915180258
211,5de6c12e02a9e36835018cc3abb08e3288d1688130193055566a10d153a20ef7:211,1.0,2,circular,diffusive,edge,False,2.8899757862091064,0.059496996996996995,0.032670454545454544,0.07711442786069651,0.04444397331524197,0.03780720412478
212,5de6c12e02a9e36835018cc3abb08e3288d1688130193055566a10d153a20ef7:212,1.0,0,elliptical,ballistic,outside,False,83.55240631103516,0.02996746746746747,0.029979674796747968,0.029955621301775148,-2.405349497281925e-05,0.00637248147755986
213,5de6c12e02a9e36835018cc3abb08e3288d1688130193055566a10d153a20ef7:213,1.0,2,elliptical,ballistic,outside,False,5.03698205947876,0.06575325325325325,0.036139455782312924,0.08915770609318996,0.053018250310877035,0.02442336994043811
214,5de6c12e02a9e36835018cc3abb08e3288d1688130193055566a10d153a20ef7:214,1.0,1,elliptical,diffusive,outside,False,78.01969909667969,0.03246996996996997,0.031641849529780566,0.03393351800554017,0.002291668475759602,0.007978382622684792
215,5de6c12e02a9e36835018cc3abb08e3288d1688130193055566a10d153a20ef7:215,1.0,2,elliptical,diffusive,inside,False,6.359220504760742,0.0985985985985986,0.03243670886075949,0.11102853745541022,0.07859182859465072,0.04310701301328223
216,5de6c12e02a9e36835018cc3abb08e3288d1688130193055566a10d153a20ef7:216,0.25,1,circular,ballistic,outside,False,56.80195999145508,0.0321285140562249,0.03362068965517241,0.030048076923076924,-0.0035726127320954877,0.013052208835341365
217,5de6c12e02a9e36835018cc3abb08e3288d1688130193055566a10d153a20ef7:217,0.25,1,elliptical,diffusive,edge,False,61.70296478271485,0.0303714859437751,0.02486559139784946,0.03365384615384615,0.008788254755996691,0.007933474211485497
218,5de6c12e02a9e36835018cc3abb08e3288d1688130193055566a10d153a20ef7:218,0.25,1,circular,ballistic,edge,False,82.68505859375,0.021837349397590362,0.021837349397590362,,,0.009060514883423717
219,5de6c12e02a9e36835018cc3abb08e3288d1688130193055566a10d153a20ef7:219,0.25,2,elliptical,ballistic,edge,False,16.5842342376709,0.03162650602409638,0.03162650602409638,,,0.004347517087271278
220,5de6c12e02a9e36835018cc3abb08e3288d1688130193055566a10d153a20ef7:220,0.25,2,circular,ballistic,edge,False,16.869949340820312,0.0303714859437751,0.030860995850622408,0.015625,-0.015235995850622408,0.008948565998983879
221,5de6c12e02a9e36835018cc3abb08e3288d1688130193055566a10d153a20ef7:221,0.25,0,circular,diffusive,edge,False,83.11590576171875,0.026857429718875503,0.026857429718875503,,,0.009198535241871834
222,5de6c12e02a9e36835018cc3abb08e3288d1688130193055566a10d153a20ef7:222,0.25,0,elliptical,ballistic,inside,False,83.41869354248047,0.0286144578313253,0.02857142857142857,0.03125,0.0026785714285714295,0.007953302970760473
223,5de6c12e02a9e36835018cc3abb08e3288d1688130193055566a10d153a20ef7:223,0.25,2,elliptical,diffusive,inside,False,5.973541259765625,0.034889558232931724,0.034889558232931724,,,0.01257778094012806
224,5de6c12e02a9e36835018cc3abb08e3288d1688130193055566a10d153a20ef7:224,0.25,2,elliptical,diffusive,outside,False,24.16514015197754,0.03313253012048193,0.03313253012048193,,,0.006956027339634046
225,5de6c12e02a9e36835018cc3abb08e3288d1688130193055566a10d153a20ef7:225,0.25,0,circular,ballistic,edge,False,82.93053436279297,0.025100401606425703,0.03523936170212766,0.018951612903225806,-0.016287748798901852,0.008339983798110517
226,5de6c12e02a9e36835018cc3abb08e3288d1688130193055566a10d153a20ef7:226,0.25,1,circular,diffusive,inside,False,78.97157287597656,0.025853413654618473,0.025853413654618473,,,0.010833956754471505
227,5de6c12e02a9e36835018cc3abb08e3288d1688130193055566a10d153a20ef7:227,0.25,1,elliptical,ballistic,edge,False,68.16475677490234,0.036646586345381524,0.036646586345381524,,,0.0131962243253965
228,5de6c12e02a9e36835018cc3abb08e3288d1688130193055566a10d153a20ef7:228,0.25,1,elliptical,diffusive,outside,False,72.27645874023438,0.0303714859437751,0.029069767441860465,0.03860294117647059,0.009533173734610125,0.005718265938702067
229,5de6c12e02a9e36835018cc3abb08e3288d1688130193055566a10d153a20ef7:229,0.25,0,elliptical,ballistic,outside,False,82.28880310058594,0.0303714859437751,0.0303714859437751,,,0.006384587019064711
230,5de6c12e02a9e36835018cc3abb08e3288d1688130193055566a10d153a20ef7:230,0.25,2,circular,ballistic,outside,False,21.296417236328125,0.03112449799196787,0.03112449799196787,,,0.007905630395594188
231,5de6c12e02a9e36835018cc3abb08e3288d1688130193055566a10d153a20ef7:231,0.25,0,circular,diffusive,inside,False,83.53434753417969,0.028112449799196786,0.023706896551724137,0.029450261780104712,0.005743365228380575,0.012540156623289956
232,5de6c12e02a9e36835018cc3abb08e3288d1688130193055566a10d153a20ef7:232,0.25,1,circular,diffusive,edge,False,83.83525085449219,0.034889558232931724,0.034889558232931724,,,0.013467950226201116
233,5de6c12e02a9e36835018cc3abb08e3288d1688130193055566a10d153a20ef7:233,0.25,2,elliptical,ballistic,outside,False,40.95773315429688,0.033383534136546184,0.029336734693877552,0.034375,0.00503826530612245,0.012972318834761597
234,5de6c12e02a9e36835018cc3abb08e3288d1688130193055566a10d153a20ef7:234,0.25,0,elliptical,diffusive,inside,False,83.83525085449219,0.025602409638554216,0.025602409638554216,,,0.009773053380487845
235,5de6c12e02a9e36835018cc3abb08e3288d1688130193055566a10d153a20ef7:235,0.25,1,elliptical,ballistic,outside,False,72.49198913574219,0.035391566265060244,0.035391566265060244,,,0.007023628805036758
236,5de6c12e02a9e36835018cc3abb08e3288d1688130193055566a10d153a20ef7:236,0.25,0,elliptical,ballistic,edge,False,81.2363052368164,0.027359437751004016,0.027489626556016597,0.0234375,-0.004052126556016597,0.009782718508988491
237,5de6c12e02a9e36835018cc3abb08e3288d1688130193055566a10d153a20ef7:237,0.25,1,elliptical,diffusive,inside,False,77.48876953125,0.0286144578313253,0.0286144578313253,,,0.011123754922771255
238,5de6c12e02a9e36835018cc3abb08e3288d1688130193055566a10d153a20ef7:238,0.25,2,circular,diffusive,inside,False,16.242984771728516,0.02133534136546185,0.02133534136546185,,,0.006501924621982238
239,5de6c12e02a9e36835018cc3abb08e3288d1688130193055566a10d153a20ef7:239,0.25,1,elliptical,ballistic,inside,False,53.46521759033203,0.0338855421686747,0.03614457831325301,0.03275602409638554,-0.0033885542168674704,0.010926605853252468
240,5de6c12e02a9e36835018cc3abb08e3288d1688130193055566a10d153a20ef7:240,0.25,1,circular,ballistic,inside,False,78.00395202636719,0.03112449799196787,0.03112449799196787,,,0.007513368246534018
241,5de6c12e02a9e36835018cc3abb08e3288d1688130193055566a10d153a20ef7:241,0.25,2,circular,ballistic,inside,False,18.2193603515625,0.025602409638554216,0.025111607142857144,0.03,0.004888392857142855,0.00935137349909496
242,5de6c12e02a9e36835018cc3abb08e3288d1688130193055566a10d153a20ef7:242,0.25,0,circular,ballistic,inside,False,83.59577941894531,0.02886546184738956,0.029961340206185568,0.025,-0.004961340206185567,0.007023628805036758
243,5de6c12e02a9e36835018cc3abb08e3288d1688130193055566a10d153a20ef7:243,0.25,2,circular,diffusive,edge,False,53.7581672668457,0.03263052208835342,0.02806122448979592,0.03375,0.005688775510204084,0.009133235641897717
244,5de6c12e02a9e36835018cc3abb08e3288d1688130193055566a10d153a20ef7:244,0.25,0,circular,diffusive,outside,False,83.83525085449219,0.02961847389558233,0.02961847389558233,,,0.0074290404552955535
245,5de6c12e02a9e36835018cc3abb08e3288d1688130193055566a10d153a20ef7:245,0.25,2,elliptical,diffusive,edge,False,18.66361427307129,0.0338855421686747,0.0338855421686747,,,0.005805739711958021
246,5de6c12e02a9e36835018cc3abb08e3288d1688130193055566a10d153a20ef7:246,0.25,2,elliptical,ballistic,inside,False,4.844234466552734,0.028112449799196786,0.02703488372093023,0.034926470588235295,0.007891586867305064,0.007905630395594188
247,5de6c12e02a9e36835018cc3abb08e3288d1688130193055566a10d153a20ef7:247,0.25,0,circular,ballistic,outside,False,81.69500732421875,0.0356425702811245,0.0356425702811245,,,0.006640942045844857
248,5de6c12e02a9e36835018cc3abb08e3288d1688130193055566a10d153a20ef7:248,0.25,0,elliptical,diffusive,edge,False,83.04334259033203,0.030622489959839357,0.030622489959839357,,,0.008141202178828742
249,5de6c12e02a9e36835018cc3abb08e3288d1688130193055566a10d153a20ef7:249,0.25,1,circular,diffusive,outside,False,70.31302642822266,0.025100401606425703,0.025100401606425703,,,0.011922030207869395
250,5de6c12e02a9e36835018cc3abb08e3288d1688130193055566a10d153a20ef7:250,0.25,2,circular,diffusive,outside,False,32.841575622558594,0.025853413654618473,0.025853413654618473,,,0.007407808515749853
251,5de6c12e02a9e36835018cc3abb08e3288d1688130193055566a10d153a20ef7:251,0.25,0,elliptical,diffusive,outside,False,79.93925476074219,0.033634538152610444,0.033634538152610444,,,0.013042551261813836
216,5de6c12e02a9e36835018cc3abb08e3288d1688130193055566a10d153a20ef7:216,0.5,1,circular,ballistic,outside,False,56.80195999145508,0.031813627254509015,0.03362068965517241,0.031073446327683617,-0.002547243327488794,0.008027765710902838
217,5de6c12e02a9e36835018cc3abb08e3288d1688130193055566a10d153a20ef7:217,0.5,1,elliptical,diffusive,edge,False,61.70296478271485,0.030435871743486973,0.02486559139784946,0.031711822660098525,0.006846231262249064,0.008261787366753749
218,5de6c12e02a9e36835018cc3abb08e3288d1688130193055566a10d153a20ef7:218,0.5,1,circular,ballistic,edge,False,82.68505859375,0.024173346693386773,0.021863957597173144,0.027199074074074073,0.005335116476900929,0.006748433764040178
219,5de6c12e02a9e36835018cc3abb08e3288d1688130193055566a10d153a20ef7:219,0.5,2,elliptical,ballistic,edge,False,16.5842342376709,0.03719939879759519,0.03260869565217391,0.0440625,0.011453804347826085,0.006711136435179767
220,5de6c12e02a9e36835018cc3abb08e3288d1688130193055566a10d153a20ef7:220,0.5,2,circular,ballistic,edge,False,16.869949340820312,0.03406813627254509,0.030860995850622408,0.037063953488372096,0.006202957637749688,0.007242901951303085
221,5de6c12e02a9e36835018cc3abb08e3288d1688130193055566a10d153a20ef7:221,0.5,0,circular,diffusive,edge,False,83.11590576171875,0.026052104208416832,0.026531728665207876,0.020833333333333332,-0.005698395331874544,0.005623733547255423
222,5de6c12e02a9e36835018cc3abb08e3288d1688130193055566a10d153a20ef7:222,0.5,0,elliptical,ballistic,inside,False,83.41869354248047,0.027054108216432865,0.02857142857142857,0.025590551181102362,-0.0029808773903262087,0.004673035597739887
223,5de6c12e02a9e36835018cc3abb08e3288d1688130193055566a10d153a20ef7:223,0.5,2,elliptical,diffusive,inside,False,5.973541259765625,0.03381763527054108,0.03381763527054108,,,0.008673992832254902
224,5de6c12e02a9e36835018cc3abb08e3288d1688130193055566a10d153a20ef7:224,0.5,2,elliptical,diffusive,outside,False,24.16514015197754,0.030811623246492986,0.030811623246492986,,,0.006754242867090563
225,5de6c12e02a9e36835018cc3abb08e3288d1688130193055566a10d153a20ef7:225,0.5,0,circular,ballistic,edge,False,82.93053436279297,0.024549098196392786,0.03523936170212766,0.0220679012345679,-0.013171460467559758,0.004959666801909652
226,5de6c12e02a9e36835018cc3abb08e3288d1688130193055566a10d153a20ef7:226,0.5,1,circular,diffusive,inside,False,78.97157287597656,0.027680360721442886,0.027003042596348885,0.08333333333333333,0.056330290736984444,0.008891021304569792
227,5de6c12e02a9e36835018cc3abb08e3288d1688130193055566a10d153a20ef7:227,0.5,1,elliptical,ballistic,edge,False,68.16475677490234,0.030435871743486973,0.0328125,0.024280575539568347,-0.008531924460431654,0.008382431303483031
228,5de6c12e02a9e36835018cc3abb08e3288d1688130193055566a10d153a20ef7:228,0.5,1,elliptical,diffusive,outside,False,72.27645874023438,0.031437875751503,0.029069767441860465,0.0332306338028169,0.004160866360956434,0.005989803207023218
229,5de6c12e02a9e36835018cc3abb08e3288d1688130193055566a10d153a20ef7:229,0.5,0,elliptical,ballistic,outside,False,82.28880310058594,0.03093687374749499,0.031059837728194727,0.020833333333333332,-0.010226504394861394,0.008054103915717824
230,5de6c12e02a9e36835018cc3abb08e3288d1688130193055566a10d153a20ef7:230,0.5,2,circular,ballistic,outside,False,21.296417236328125,0.03218937875751503,0.03125,0.037183544303797465,0.005933544303797465,0.007572218937971865
231,5de6c12e02a9e36835018cc3abb08e3288d1688130193055566a10d153a20ef7:231,0.5,0,circular,diffusive,inside,False,83.53434753417969,0.02868236472945892,0.023706896551724137,0.029336734693877552,0.005629838142153416,0.009127831668838703
232,5de6c12e02a9e36835018cc3abb08e3288d1688130193055566a10d153a20ef7:232,0.5,1,circular,diffusive,edge,False,83.83525085449219,0.029433867735470944,0.029433867735470944,,,0.008456959831861118
233,5de6c12e02a9e36835018cc3abb08e3288d1688130193055566a10d153a20ef7:233,0.5,2,elliptical,ballistic,outside,False,40.95773315429688,0.031437875751503,0.029336734693877552,0.03166666666666667,0.002329931972789117,0.008589481746292548
234,5de6c12e02a9e36835018cc3abb08e3288d1688130193055566a10d153a20ef7:234,0.5,0,elliptical,diffusive,inside,False,83.83525085449219,0.026427855711422844,0.026595744680851064,0.023706896551724137,-0.0028888481291269273,0.007597039170401177
235,5de6c12e02a9e36835018cc3abb08e3288d1688130193055566a10d153a20ef7:235,0.5,1,elliptical,ballistic,outside,False,72.49198913574219,0.033942885771543085,0.033942885771543085,,,0.0054061227091451005
236,5de6c12e02a9e36835018cc3abb08e3288d1688130193055566a10d153a20ef7:236,0.5,0,elliptical,ballistic,edge,False,81.2363052368164,0.029433867735470944,0.027489626556016597,0.03125,0.003760373443983403,0.011445867485623965
237,5de6c12e02a9e36835018cc3abb08e3288d1688130193055566a10d153a20ef7:237,0.5,1,elliptical,diffusive,inside,False,77.48876953125,0.0344438877755511,0.02988215488215488,0.0411509900990099,0.011268835216855021,0.009318334244216365
238,5de6c12e02a9e36835018cc3abb08e3288d1688130193055566a10d153a20ef7:238,0.5,2,circular,diffusive,inside,False,16.242984771728516,0.023922845691382765,0.023010688836104513,0.028846153846153848,0.005835465010049334,0.0046579043040548725
239,5de6c12e02a9e36835018cc3abb08e3288d1688130193055566a10d153a20ef7:239,0.5,1,elliptical,ballistic,inside,False,53.46521759033203,0.03582164328657315,0.03614457831325301,0.035757211538461536,-0.00038736677479147413,0.011520322933433786
240,5de6c12e02a9e36835018cc3abb08e3288d1688130193055566a10d153a20ef7:240,0.5,1,circular,ballistic,inside,False,78.00395202636719,0.031062124248496994,0.031062124248496994,,,0.008109425879879083
241,5de6c12e02a9e36835018cc3abb08e3288d1688130193055566a10d153a20ef7:241,0.5,2,circular,ballistic,inside,False,18.2193603515625,0.0374498997995992,0.025111607142857144,0.0475,0.022388392857142857,0.016826042474646648
242,5de6c12e02a9e36835018cc3abb08e3288d1688130193055566a10d153a20ef7:242,0.5,0,circular,ballistic,inside,False,83.59577941894531,0.029433867735470944,0.029961340206185568,0.029098360655737704,-0.0008629795504478642,0.0066453624222857265
243,5de6c12e02a9e36835018cc3abb08e3288d1688130193055566a10d153a20ef7:243,0.5,2,circular,diffusive,edge,False,53.7581672668457,0.031437875751503,0.02806122448979592,0.03180555555555555,0.003744331065759634,0.007936376208637718
244,5de6c12e02a9e36835018cc3abb08e3288d1688130193055566a10d153a20ef7:244,0.5,0,circular,diffusive,outside,False,83.83525085449219,0.029809619238476952,0.029809619238476952,,,0.007821891280559115
245,5de6c12e02a9e36835018cc3abb08e3288d1688130193055566a10d153a20ef7:245,0.5,2,elliptical,diffusive,edge,False,18.66361427307129,0.03231462925851703,0.03381147540983607,0.0234375,-0.010373975409836068,0.0039686822439265685
246,5de6c12e02a9e36835018cc3abb08e3288d1688130193055566a10d153a20ef7:246,0.5,2,elliptical,ballistic,inside,False,4.844234466552734,0.05498496993987976,0.02703488372093023,0.0761443661971831,0.049109482476252866,0.018928579087206136
247,5de6c12e02a9e36835018cc3abb08e3288d1688130193055566a10d153a20ef7:247,0.5,0,circular,ballistic,outside,False,81.69500732421875,0.034569138276553106,0.034569138276553106,,,0.007397205942000704
248,5de6c12e02a9e36835018cc3abb08e3288d1688130193055566a10d153a20ef7:248,0.5,0,elliptical,diffusive,edge,False,83.04334259033203,0.03168837675350701,0.03133561643835617,0.03264925373134328,0.0013136372929871132,0.006453744001998122
249,5de6c12e02a9e36835018cc3abb08e3288d1688130193055566a10d153a20ef7:249,0.5,1,circular,diffusive,outside,False,70.31302642822266,0.026803607214428857,0.027659574468085105,0.01293103448275862,-0.014728539985326484,0.009315808608109747
250,5de6c12e02a9e36835018cc3abb08e3288d1688130193055566a10d153a20ef7:250,0.5,2,circular,diffusive,outside,False,32.841575622558594,0.029433867735470944,0.028606965174129355,0.03286082474226804,0.004253859568138688,0.008791657339897499
251,5de6c12e02a9e36835018cc3abb08e3288d1688130193055566a10d153a20ef7:251,0.5,0,elliptical,diffusive,outside,False,79.93925476074219,0.03156312625250501,0.03156312625250501,,,0.010580517075121683
216,5de6c12e02a9e36835018cc3abb08e3288d1688130193055566a10d153a20ef7:216,1.0,1,circular,ballistic,outside,False,56.80195999145508,0.03340840840840841,0.03362068965517241,0.03337236533957846,-0.0002483243155939549,0.00885387365882607
217,5de6c12e02a9e36835018cc3abb08e3288d1688130193055566a10d153a20ef7:217,1.0,1,elliptical,diffusive,edge,False,61.70296478271485,0.029154154154154153,0.02486559139784946,0.02959437086092715,0.00472877946307769,0.006500488092022291
218,5de6c12e02a9e36835018cc3abb08e3288d1688130193055566a10d153a20ef7:218,1.0,1,circular,ballistic,edge,False,82.68505859375,0.026463963963963964,0.021863957597173144,0.028282122905027934,0.00641816530785479,0.007075657109565214
219,5de6c12e02a9e36835018cc3abb08e3288d1688130193055566a10d153a20ef7:219,1.0,2,elliptical,ballistic,edge,False,16.5842342376709,0.05405405405405406,0.03260869565217391,0.06321428571428571,0.030605590062111797,0.01458982567282123
220,5de6c12e02a9e36835018cc3abb08e3288d1688130193055566a10d153a20ef7:220,1.0,2,circular,ballistic,edge,False,16.869949340820312,0.047547547547547545,0.030860995850622408,0.052852902374670184,0.021991906524047776,0.014587679321110783
221,5de6c12e02a9e36835018cc3abb08e3288d1688130193055566a10d153a20ef7:221,1.0,0,circular,diffusive,edge,False,83.11590576171875,0.025588088088088087,0.026531728665207876,0.024792435424354244,-0.0017392932408536316,0.005887200297727586
222,5de6c12e02a9e36835018cc3abb08e3288d1688130193055566a10d153a20ef7:222,1.0,0,elliptical,ballistic,inside,False,83.41869354248047,0.02909159159159159,0.02857142857142857,0.029260610079575596,0.000689181508147025,0.005076056607743786
223,5de6c12e02a9e36835018cc3abb08e3288d1688130193055566a10d153a20ef7:223,1.0,2,elliptical,diffusive,inside,False,5.973541259765625,0.04235485485485486,0.03297970479704797,0.05347374179431072,0.020494036997262752,0.023124717600993258
224,5de6c12e02a9e36835018cc3abb08e3288d1688130193055566a10d153a20ef7:224,1.0,2,elliptical,diffusive,outside,False,24.16514015197754,0.03078078078078078,0.028722030981067126,0.033642344497607654,0.004920313516540528,0.005695598937307828
225,5de6c12e02a9e36835018cc3abb08e3288d1688130193055566a10d153a20ef7:225,1.0,0,circular,ballistic,edge,False,82.93053436279297,0.028966466466466466,0.03523936170212766,0.028314917127071824,-0.006924444575055835,0.005929597696940854
226,5de6c12e02a9e36835018cc3abb08e3288d1688130193055566a10d153a20ef7:226,1.0,1,circular,diffusive,inside,False,78.97157287597656,0.03209459459459459,0.027003042596348885,0.03705533596837945,0.010052293372030563,0.007763557762742656
227,5de6c12e02a9e36835018cc3abb08e3288d1688130193055566a10d153a20ef7:227,1.0,1,elliptical,ballistic,edge,False,68.16475677490234,0.03553553553553553,0.0328125,0.03706964006259781,0.004257140062597808,0.006477567119892285
228,5de6c12e02a9e36835018cc3abb08e3288d1688130193055566a10d153a20ef7:228,1.0,1,elliptical,diffusive,outside,False,72.27645874023438,0.029904904904904904,0.029069767441860465,0.030133928571428572,0.0010641611295681072,0.005330682783819017
229,5de6c12e02a9e36835018cc3abb08e3288d1688130193055566a10d153a20ef7:229,1.0,0,elliptical,ballistic,outside,False,82.28880310058594,0.03184434434434434,0.031059837728194727,0.03260869565217391,0.0015488579239791855,0.007837818262043496
230,5de6c12e02a9e36835018cc3abb08e3288d1688130193055566a10d153a20ef7:230,1.0,2,circular,ballistic,outside,False,21.296417236328125,0.03985235235235235,0.03125,0.04609240069084629,0.014842400690846289,0.01308485189962504
231,5de6c12e02a9e36835018cc3abb08e3288d1688130193055566a10d153a20ef7:231,1.0,0,circular,diffusive,inside,False,83.53434753417969,0.027777777777777776,0.023706896551724137,0.028028692879914986,0.004321796328190849,0.008523216399362562
232,5de6c12e02a9e36835018cc3abb08e3288d1688130193055566a10d153a20ef7:232,1.0,1,circular,diffusive,edge,False,83.83525085449219,0.02733983983983984,0.029916512059369203,0.024320652173913042,-0.005595859885456161,0.007174537633640428
233,5de6c12e02a9e36835018cc3abb08e3288d1688130193055566a10d153a20ef7:233,1.0,2,elliptical,ballistic,outside,False,40.95773315429688,0.0376001001001001,0.029336734693877552,0.038026315789473686,0.008689581095596133,0.010591936073280047
234,5de6c12e02a9e36835018cc3abb08e3288d1688130193055566a10d153a20ef7:234,1.0,0,elliptical,diffusive,inside,False,83.83525085449219,0.025087587587587588,0.026595744680851064,0.0237476370510397,-0.0028481076298113653,0.00679113662827299
235,5de6c12e02a9e36835018cc3abb08e3288d1688130193055566a10d153a20ef7:235,1.0,1,elliptical,ballistic,outside,False,72.49198913574219,0.03178178178178178,0.035397196261682244,0.027613146551724137,-0.007784049709958107,0.006742839632286026
236,5de6c12e02a9e36835018cc3abb08e3288d1688130193055566a10d153a20ef7:236,1.0,0,elliptical,ballistic,edge,False,81.2363052368164,0.02996746746746747,0.027489626556016597,0.03075527704485488,0.0032656504888382842,0.011094408161276813
237,5de6c12e02a9e36835018cc3abb08e3288d1688130193055566a10d153a20ef7:237,1.0,1,elliptical,diffusive,inside,False,77.48876953125,0.03196946946946947,0.02988215488215488,0.032852564102564104,0.0029704092204092224,0.008056493842172592
238,5de6c12e02a9e36835018cc3abb08e3288d1688130193055566a10d153a20ef7:238,1.0,2,circular,diffusive,inside,False,16.242984771728516,0.030968468468468468,0.023010688836104513,0.03676470588235294,0.013754017046248429,0.006228353693961546
239,5de6c12e02a9e36835018cc3abb08e3288d1688130193055566a10d153a20ef7:239,1.0,1,elliptical,ballistic,inside,False,53.46521759033203,0.03653653653653654,0.03614457831325301,0.03657205240174673,0.00042747408849371643,0.009423508700581947
240,5de6c12e02a9e36835018cc3abb08e3288d1688130193055566a10d153a20ef7:240,1.0,1,circular,ballistic,inside,False,78.00395202636719,0.02902902902902903,0.030879446640316204,0.02712981744421907,-0.003749629196097136,0.007033768429707306
241,5de6c12e02a9e36835018cc3abb08e3288d1688130193055566a10d153a20ef7:241,1.0,2,circular,ballistic,inside,False,18.2193603515625,0.05305305305305305,0.025111607142857144,0.061129032258064514,0.03601742511520737,0.018499909487763984
242,5de6c12e02a9e36835018cc3abb08e3288d1688130193055566a10d153a20ef7:242,1.0,0,circular,ballistic,inside,False,83.59577941894531,0.02877877877877878,0.029961340206185568,0.028493788819875777,-0.0014675513863097907,0.008341257914163642
243,5de6c12e02a9e36835018cc3abb08e3288d1688130193055566a10d153a20ef7:243,1.0,2,circular,diffusive,edge,False,53.7581672668457,0.0340965965965966,0.02806122448979592,0.0344078947368421,0.006346670247046184,0.007084502375441862
244,5de6c12e02a9e36835018cc3abb08e3288d1688130193055566a10d153a20ef7:244,1.0,0,circular,diffusive,outside,False,83.83525085449219,0.031281281281281284,0.029039389067524117,0.03498010610079576,0.0059407170332716405,0.0067055860895767075
245,5de6c12e02a9e36835018cc3abb08e3288d1688130193055566a10d153a20ef7:245,1.0,2,elliptical,diffusive,edge,False,18.66361427307129,0.03766266266266266,0.03381147540983607,0.040537587412587416,0.006726112002751347,0.012715446452027167
246,5de6c12e02a9e36835018cc3abb08e3288d1688130193055566a10d153a20ef7:246,1.0,2,elliptical,ballistic,inside,False,4.844234466552734,0.13300800800800802,0.02703488372093023,0.16206951530612246,0.13503463158519222,0.035868596304364765
247,5de6c12e02a9e36835018cc3abb08e3288d1688130193055566a10d153a20ef7:247,1.0,0,circular,ballistic,outside,False,81.69500732421875,0.03146896896896897,0.03334932821497121,0.029419456066945605,-0.003929872148025607,0.006489339310580933
248,5de6c12e02a9e36835018cc3abb08e3288d1688130193055566a10d153a20ef7:248,1.0,0,elliptical,diffusive,edge,False,83.04334259033203,0.032157157157157154,0.03133561643835617,0.0326301261829653,0.0012945097446091305,0.006847671818074137
249,5de6c12e02a9e36835018cc3abb08e3288d1688130193055566a10d153a20ef7:249,1.0,1,circular,diffusive,outside,False,70.31302642822266,0.02809059059059059,0.027659574468085105,0.028473534971644614,0.000813960503559509,0.005439346204994533
250,5de6c12e02a9e36835018cc3abb08e3288d1688130193055566a10d153a20ef7:250,1.0,2,circular,diffusive,outside,False,32.841575622558594,0.03196946946946947,0.028606965174129355,0.034233668341708545,0.00562670316757919,0.007706885006728553
251,5de6c12e02a9e36835018cc3abb08e3288d1688130193055566a10d153a20ef7:251,1.0,0,elliptical,diffusive,outside,False,79.93925476074219,0.027965465465465467,0.030745062836624776,0.02446266968325792,-0.006282393153366858,0.006712295323666541
252,5de6c12e02a9e36835018cc3abb08e3288d1688130193055566a10d153a20ef7:252,0.25,0,circular,diffusive,edge,False,83.83525085449219,0.023092369477911646,0.023092369477911646,,,0.012131572262645154
253,5de6c12e02a9e36835018cc3abb08e3288d1688130193055566a10d153a20ef7:253,0.25,0,elliptical,diffusive,outside,False,83.83525085449219,0.02886546184738956,0.033203125,0.01425438596491228,-0.01894873903508772,0.005674023371213512
254,5de6c12e02a9e36835018cc3abb08e3288d1688130193055566a10d153a20ef7:254,0.25,0,circular,diffusive,inside,False,82.64579010009766,0.026606425702811246,0.020833333333333332,0.03022875816993464,0.009395424836601309,0.010324781024700367
255,5de6c12e02a9e36835018cc3abb08e3288d1688130193055566a10d153a20ef7:255,0.25,1,circular,ballistic,edge,False,82.94560241699219,0.03112449799196787,0.03112449799196787,,,0.01062550727335177
256,5de6c12e02a9e36835018cc3abb08e3288d1688130193055566a10d153a20ef7:256,0.25,1,circular,ballistic,inside,False,67.24590301513672,0.027610441767068273,0.027610441767068273,,,0.007496578575837389
257,5de6c12e02a9e36835018cc3abb08e3288d1688130193055566a10d153a20ef7:257,0.25,1,circular,diffusive,outside,False,83.83525085449219,0.030873493975903613,0.029936974789915968,0.05113636363636364,0.021199388846447672,0.015421944939061882
258,5de6c12e02a9e36835018cc3abb08e3288d1688130193055566a10d153a20ef7:258,0.25,2,elliptical,ballistic,outside,False,33.575191497802734,0.0286144578313253,0.0286144578313253,,,0.011348046742427023
259,5de6c12e02a9e36835018cc3abb08e3288d1688130193055566a10d153a20ef7:259,0.25,0,elliptical,diffusive,inside,False,83.83525085449219,0.027359437751004016,0.027359437751004016,,,0.014547409769921789
260,5de6c12e02a9e36835018cc3abb08e3288d1688130193055566a10d153a20ef7:260,0.25,0,circular,ballistic,outside,False,83.72482299804688,0.03589357429718876,0.03599330357142857,0.035,-0.0009933035714285651,0.0077405341089906
261,5de6c12e02a9e36835018cc3abb08e3288d1688130193055566a10d153a20ef7:261,0.25,0,elliptical,ballistic,edge,False,83.37906646728516,0.026606425702811246,0.026606425702811246,,,0.007222637836314337
262,5de6c12e02a9e36835018cc3abb08e3288d1688130193055566a10d153a20ef7:262,0.25,1,elliptical,diffusive,outside,False,62.80192565917969,0.0321285140562249,0.028590425531914893,0.034274193548387094,0.005683768016472201,0.003478013669817024
263,5de6c12e02a9e36835018cc3abb08e3288d1688130193055566a10d153a20ef7:263,0.25,2,circular,ballistic,outside,False,30.720935821533203,0.02133534136546185,0.02133534136546185,,,0.00897668410755405
264,5de6c12e02a9e36835018cc3abb08e3288d1688130193055566a10d153a20ef7:264,0.25,1,elliptical,diffusive,inside,False,74.79942321777344,0.030622489959839357,0.030622489959839357,,,0.006487373485602453
265,5de6c12e02a9e36835018cc3abb08e3288d1688130193055566a10d153a20ef7:265,0.25,2,elliptical,diffusive,edge,False,7.802578449249268,0.025853413654618473,0.025853413654618473,,,0.00911597379384281
266,5de6c12e02a9e36835018cc3abb08e3288d1688130193055566a10d153a20ef7:266,0.25,2,circular,ballistic,edge,False,66.11165618896484,0.028112449799196786,0.028112449799196786,,,0.008339983798110517
267,5de6c12e02a9e36835018cc3abb08e3288d1688130193055566a10d153a20ef7:267,0.25,1,circular,ballistic,outside,False,80.068359375,0.023343373493975902,0.021367521367521368,0.025094696969696968,0.0037271756021756003,0.012416456030152246
268,5de6c12e02a9e36835018cc3abb08e3288d1688130193055566a10d153a20ef7:268,0.25,2,elliptical,diffusive,outside,False,23.9649715423584,0.024096385542168676,0.025371287128712873,0.02322635135135135,-0.002144935777361523,0.00634995514090036
269,5de6c12e02a9e36835018cc3abb08e3288d1688130193055566a10d153a20ef7:269,0.25,2,elliptical,ballistic,inside,False,15.191288948059082,0.030873493975903613,0.030873493975903613,,,0.009307478020953391
270,5de6c12e02a9e36835018cc3abb08e3288d1688130193055566a10d153a20ef7:270,0.25,0,elliptical,ballistic,outside,False,80.96426391601562,0.022590361445783132,0.035416666666666666,0.018518518518518517,-0.016898148148148148,0.010801925096059243
271,5de6c12e02a9e36835018cc3abb08e3288d1688130193055566a10d153a20ef7:271,0.25,1,elliptical,ballistic,inside,False,78.94184875488281,0.033634538152610444,0.033634538152610444,,,0.012368157625255942
272,5de6c12e02a9e36835018cc3abb08e3288d1688130193055566a10d153a20ef7:272,0.25,0,circular,ballistic,inside,False,83.76436614990234,0.02961847389558233,0.03155637254901961,0.020833333333333332,-0.010723039215686275,0.005918587410919477
273,5de6c12e02a9e36835018cc3abb08e3288d1688130193055566a10d153a20ef7:273,0.25,1,circular,diffusive,inside,False,78.9907455444336,0.033634538152610444,0.03286637931034483,0.04411764705882353,0.011251267748478705,0.008504555394627217
274,5de6c12e02a9e36835018cc3abb08e3288d1688130193055566a10d153a20ef7:274,0.25,0,elliptical,diffusive,edge,False,83.83525085449219,0.035140562248995984,0.035140562248995984,,,0.011180249724558278
275,5de6c12e02a9e36835018cc3abb08e3288d1688130193055566a10d153a20ef7:275,0.25,2,elliptical,ballistic,edge,False,12.716097831726074,0.030873493975903613,0.030873493975903613,,,0.01369065275431189
276,5de6c12e02a9e36835018cc3abb08e3288d1688130193055566a10d153a20ef7:276,0.25,0,circular,ballistic,edge,False,83.12747192382812,0.030873493975903613,0.030873493975903613,,,0.013049795112003975
277,5de6c12e02a9e36835018cc3abb08e3288d1688130193055566a10d153a20ef7:277,0.25,1,elliptical,ballistic,outside,False,66.48367309570312,0.033634538152610444,0.03536585365853658,0.02556818181818182,-0.009797671840354762,0.009351373499094958
278,5de6c12e02a9e36835018cc3abb08e3288d1688130193055566a10d153a20ef7:278,0.25,1,elliptical,ballistic,edge,False,58.39873504638672,0.028112449799196786,0.028112449799196786,,,0.009785938097197754
279,5de6c12e02a9e36835018cc3abb08e3288d1688130193055566a10d153a20ef7:279,0.25,2,circular,diffusive,inside,False,22.658662796020508,0.023343373493975902,0.023343373493975902,,,0.00687860923998229
280,5de6c12e02a9e36835018cc3abb08e3288d1688130193055566a10d153a20ef7:280,0.25,2,elliptical,diffusive,inside,False,20.31609916687012,0.03263052208835342,0.03977272727272727,0.030605670103092782,-0.00916705716963449,0.007360882680027701
281,5de6c12e02a9e36835018cc3abb08e3288d1688130193055566a10d153a20ef7:281,0.25,0,elliptical,ballistic,inside,False,82.37724304199219,0.028112449799196786,0.029537671232876712,0.026092233009708737,-0.0034454382231679757,0.00777707499238437
282,5de6c12e02a9e36835018cc3abb08e3288d1688130193055566a10d153a20ef7:282,0.25,0,circular,diffusive,outside,False,83.83525085449219,0.024096385542168676,0.024096385542168676,,,0.008519358809476477
283,5de6c12e02a9e36835018cc3abb08e3288d1688130193055566a10d153a20ef7:283,0.25,2,circular,diffusive,edge,False,7.536953926086426,0.03237951807228916,0.03237951807228916,,,0.007339453572898316
284,5de6c12e02a9e36835018cc3abb08e3288d1688130193055566a10d153a20ef7:284,0.25,2,circular,ballistic,inside,False,29.924169540405277,0.022590361445783132,0.022590361445783132,,,0.010470207637858539
285,5de6c12e02a9e36835018cc3abb08e3288d1688130193055566a10d153a20ef7:285,0.25,2,circular,diffusive,outside,False,44.522193908691406,0.02886546184738956,0.03125,0.026647286821705425,-0.004602713178294575,0.009468542225833342
286,5de6c12e02a9e36835018cc3abb08e3288d1688130193055566a10d153a20ef7:286,0.25,1,circular,diffusive,edge,False,83.83525085449219,0.03313253012048193,0.03313253012048193,,,0.011578878107099191
287,5de6c12e02a9e36835018cc3abb08e3288d1688130193055566a10d153a20ef7:287,0.25,1,elliptical,diffusive,edge,False,71.18010711669922,0.029869477911646587,0.029869477911646587,,,0.013145998368648092
252,5de6c12e02a9e36835018cc3abb08e3288d1688130193055566a10d153a20ef7:252,0.5,0,circular,diffusive,edge,False,83.83525085449219,0.029934869739478957,0.028535980148883373,0.035807291666666664,0.007271311517783291,0.011828714608239374
253,5de6c12e02a9e36835018cc3abb08e3288d1688130193055566a10d153a20ef7:253,0.5,0,elliptical,diffusive,outside,False,83.83525085449219,0.03068637274549098,0.033203125,0.029112377850162866,-0.0040907471498371345,0.004777613006703569
254,5de6c12e02a9e36835018cc3abb08e3288d1688130193055566a10d153a20ef7:254,0.5,0,circular,diffusive,inside,False,82.64579010009766,0.024298597194388778,0.020833333333333332,0.02512406947890819,0.004290736145574858,0.007805829885211864
255,5de6c12e02a9e36835018cc3abb08e3288d1688130193055566a10d153a20ef7:255,0.5,1,circular,ballistic,edge,False,82.94560241699219,0.03068637274549098,0.03125,0.028225806451612902,-0.0030241935483870976,0.0109871178736574
256,5de6c12e02a9e36835018cc3abb08e3288d1688130193055566a10d153a20ef7:256,0.5,1,circular,ballistic,inside,False,67.24590301513672,0.02717935871743487,0.02717935871743487,,,0.008147061306587884
257,5de6c12e02a9e36835018cc3abb08e3288d1688130193055566a10d153a20ef7:257,0.5,1,circular,diffusive,outside,False,83.83525085449219,0.031312625250501,0.029936974789915968,0.032567049808429116,0.0026300750185131484,0.010470222717438058
258,5de6c12e02a9e36835018cc3abb08e3288d1688130193055566a10d153a20ef7:258,0.5,2,elliptical,ballistic,outside,False,33.575191497802734,0.02930861723446894,0.029296875,0.029336734693877552,3.9859693877552366e-05,0.00693756634475262
259,5de6c12e02a9e36835018cc3abb08e3288d1688130193055566a10d153a20ef7:259,0.5,0,elliptical,diffusive,inside,False,83.83525085449219,0.024799599198396794,0.024799599198396794,,,0.0072212100728454775
260,5de6c12e02a9e36835018cc3abb08e3288d1688130193055566a10d153a20ef7:260,0.5,0,circular,ballistic,outside,False,83.72482299804688,0.03356713426853707,0.03599330357142857,0.03159090909090909,-0.004402394480519475,0.007647463688614102
261,5de6c12e02a9e36835018cc3abb08e3288d1688130193055566a10d153a20ef7:261,0.5,0,elliptical,ballistic,edge,False,83.37906646728516,0.029433867735470944,0.029433867735470944,,,0.006492520131610439
262,5de6c12e02a9e36835018cc3abb08e3288d1688130193055566a10d153a20ef7:262,0.5,1,elliptical,diffusive,outside,False,62.80192565917969,0.03093687374749499,0.028590425531914893,0.03148148148148148,0.002891055949566585,0.006246221262420684
263,5de6c12e02a9e36835018cc3abb08e3288d1688130193055566a10d153a20ef7:263,0.5,2,circular,ballistic,outside,False,30.720935821533203,0.02467434869739479,0.02467434869739479,,,0.008486587984210885
264,5de6c12e02a9e36835018cc3abb08e3288d1688130193055566a10d153a20ef7:264,0.5,1,elliptical,diffusive,inside,False,74.79942321777344,0.029934869739478957,0.029291044776119404,0.03125,0.0019589552238805964,0.007572218937971864
265,5de6c12e02a9e36835018cc3abb08e3288d1688130193055566a10d153a20ef7:265,0.5,2,elliptical,diffusive,edge,False,7.802578449249268,0.025676352705410823,0.024386682242990655,0.03345070422535211,0.009064021982361455,0.007463710879478749
266,5de6c12e02a9e36835018cc3abb08e3288d1688130193055566a10d153a20ef7:266,0.5,2,circular,ballistic,edge,False,66.11165618896484,0.02968436873747495,0.028547297297297297,0.03294573643410853,0.004398439136811233,0.007137080841637463
267,5de6c12e02a9e36835018cc3abb08e3288d1688130193055566a10d153a20ef7:267,0.5,1,circular,ballistic,outside,False,80.068359375,0.02717935871743487,0.021367521367521368,0.028959424083769635,0.007591902716248267,0.009746227518767811
268,5de6c12e02a9e36835018cc3abb08e3288d1688130193055566a10d153a20ef7:268,0.5,2,elliptical,diffusive,outside,False,23.9649715423584,0.02905811623246493,0.025371287128712873,0.029993718592964826,0.004622431464251953,0.009426296454021434
269,5de6c12e02a9e36835018cc3abb08e3288d1688130193055566a10d153a20ef7:269,0.5,2,elliptical,ballistic,inside,False,15.191288948059082,0.027429859719438877,0.026526915113871636,0.0546875,0.028160584886128364,0.006395138983577024
270,5de6c12e02a9e36835018cc3abb08e3288d1688130193055566a10d153a20ef7:270,0.5,0,elliptical,ballistic,outside,False,80.96426391601562,0.027304609218436873,0.035416666666666666,0.02619589977220957,-0.009220766894457097,0.007203809541356915
271,5de6c12e02a9e36835018cc3abb08e3288d1688130193055566a10d153a20ef7:271,0.5,1,elliptical,ballistic,inside,False,78.94184875488281,0.03006012024048096,0.03006012024048096,,,0.008277911644217588
272,5de6c12e02a9e36835018cc3abb08e3288d1688130193055566a10d153a20ef7:272,0.5,0,circular,ballistic,inside,False,83.76436614990234,0.03156312625250501,0.03155637254901961,0.03156779661016949,1.14240611498867e-05,0.005712301728953598
273,5de6c12e02a9e36835018cc3abb08e3288d1688130193055566a10d153a20ef7:273,0.5,1,circular,diffusive,inside,False,78.9907455444336,0.03206412825651302,0.03286637931034483,0.03136704119850187,-0.0014993381118429544,0.007548356299258199
274,5de6c12e02a9e36835018cc3abb08e3288d1688130193055566a10d153a20ef7:274,0.5,0,elliptical,diffusive,edge,False,83.83525085449219,0.03594689378757515,0.03594689378757515,,,0.010992827692347948
275,5de6c12e02a9e36835018cc3abb08e3288d1688130193055566a10d153a20ef7:275,0.5,2,elliptical,ballistic,edge,False,12.716097831726074,0.029183366733466935,0.029183366733466935,,,0.009418804363988337
276,5de6c12e02a9e36835018cc3abb08e3288d1688130193055566a10d153a20ef7:276,0.5,0,circular,ballistic,edge,False,83.12747192382812,0.030435871743486973,0.030932741116751268,0.02857142857142857,-0.0023613125453226975,0.010826020370263546
277,5de6c12e02a9e36835018cc3abb08e3288d1688130193055566a10d153a20ef7:277,0.5,1,elliptical,ballistic,outside,False,66.48367309570312,0.0344438877755511,0.03536585365853658,0.03380102040816327,-0.001564833250373314,0.007563927428298723
278,5de6c12e02a9e36835018cc3abb08e3288d1688130193055566a10d153a20ef7:278,0.5,1,elliptical,ballistic,edge,False,58.39873504638672,0.02755511022044088,0.02755511022044088,,,0.0057995174863678485
279,5de6c12e02a9e36835018cc3abb08e3288d1688130193055566a10d153a20ef7:279,0.5,2,circular,diffusive,inside,False,22.658662796020508,0.02905811623246493,0.023846153846153847,0.03879310344827586,0.014946949602122016,0.011067496009205672
280,5de6c12e02a9e36835018cc3abb08e3288d1688130193055566a10d153a20ef7:280,0.5,2,elliptical,diffusive,inside,False,20.31609916687012,0.03369238476953908,0.03977272727272727,0.032939189189189186,-0.006833538083538086,0.010941332054990456
281,5de6c12e02a9e36835018cc3abb08e3288d1688130193055566a10d153a20ef7:281,0.5,0,elliptical,ballistic,inside,False,82.37724304199219,0.028557114228456915,0.029537671232876712,0.028151558073654392,-0.0013861131592223207,0.006115508825517886
282,5de6c12e02a9e36835018cc3abb08e3288d1688130193055566a10d153a20ef7:282,0.5,0,circular,diffusive,outside,False,83.83525085449219,0.027304609218436873,0.026442307692307692,0.04032258064516129,0.013880272952853597,0.007626922518856878
283,5de6c12e02a9e36835018cc3abb08e3288d1688130193055566a10d153a20ef7:283,0.5,2,circular,diffusive,edge,False,7.536953926086426,0.030811623246492986,0.03267426273458445,0.025297619047619048,-0.007376643686965403,0.007045271097407432
284,5de6c12e02a9e36835018cc3abb08e3288d1688130193055566a10d153a20ef7:284,0.5,2,circular,ballistic,inside,False,29.924169540405277,0.031312625250501,0.031312625250501,,,0.009014556220163618
285,5de6c12e02a9e36835018cc3abb08e3288d1688130193055566a10d153a20ef7:285,0.5,2,circular,diffusive,outside,False,44.522193908691406,0.02843186372745491,0.03125,0.02753957783641161,-0.0037104221635883908,0.008486587984210885
286,5de6c12e02a9e36835018cc3abb08e3288d1688130193055566a10d153a20ef7:286,0.5,1,circular,diffusive,edge,False,83.83525085449219,0.03507014028056112,0.03170289855072464,0.03923766816143498,0.00753476961071034,0.008648635521859755
287,5de6c12e02a9e36835018cc3abb08e3288d1688130193055566a10d153a20ef7:287,0.5,1,elliptical,diffusive,edge,False,71.18010711669922,0.028557114228456915,0.028557114228456915,,,0.012565066336657767
252,5de6c12e02a9e36835018cc3abb08e3288d1688130193055566a10d153a20ef7:252,1.0,0,circular,diffusive,edge,False,83.83525085449219,0.029154154154154153,0.028535980148883373,0.02957214765100671,0.001036167502123337,0.00767966604507365
253,5de6c12e02a9e36835018cc3abb08e3288d1688130193055566a10d153a20ef7:253,1.0,0,elliptical,diffusive,outside,False,83.83525085449219,0.03053053053053053,0.033203125,0.02989467162329616,-0.003308453376703841,0.006301140296303389
254,5de6c12e02a9e36835018cc3abb08e3288d1688130193055566a10d153a20ef7:254,1.0,0,circular,diffusive,inside,False,82.64579010009766,0.02715215215215215,0.020833333333333332,0.02782392026578073,0.006990586932447397,0.007238896728789153
255,5de6c12e02a9e36835018cc3abb08e3288d1688130193055566a10d153a20ef7:255,1.0,1,circular,ballistic,edge,False,82.94560241699219,0.03121871871871872,0.03125,0.031197301854974706,-5.2698145025294185e-05,0.00776557414035285
256,5de6c12e02a9e36835018cc3abb08e3288d1688130193055566a10d153a20ef7:256,1.0,1,circular,ballistic,inside,False,67.24590301513672,0.02834084084084084,0.026434426229508198,0.03133033419023136,0.004895907960723162,0.00839341540404546
257,5de6c12e02a9e36835018cc3abb08e3288d1688130193055566a10d153a20ef7:257,1.0,1,circular,diffusive,outside,False,83.83525085449219,0.027902902902902902,0.029936974789915968,0.027266754270696452,-0.0026702205192195155,0.0080343582365759
258,5de6c12e02a9e36835018cc3abb08e3288d1688130193055566a10d153a20ef7:258,1.0,2,elliptical,ballistic,outside,False,33.575191497802734,0.03203203203203203,0.029296875,0.03352009273570324,0.004223217735703243,0.0075698115426697556
259,5de6c12e02a9e36835018cc3abb08e3288d1688130193055566a10d153a20ef7:259,1.0,0,elliptical,diffusive,inside,False,83.83525085449219,0.02702702702702703,0.02411332179930796,0.03102731591448931,0.00691399411518135,0.0035479096293187743
260,5de6c12e02a9e36835018cc3abb08e3288d1688130193055566a10d153a20ef7:260,1.0,0,circular,ballistic,outside,False,83.72482299804688,0.032157157157157154,0.03599330357142857,0.031048387096774193,-0.004944916474654375,0.0071430995876837254
261,5de6c12e02a9e36835018cc3abb08e3288d1688130193055566a10d153a20ef7:261,1.0,0,elliptical,ballistic,edge,False,83.37906646728516,0.02927927927927928,0.028502747252747252,0.030215231788079472,0.0017124845353322198,0.006844241406995668
262,5de6c12e02a9e36835018cc3abb08e3288d1688130193055566a10d153a20ef7:262,1.0,1,elliptical,diffusive,outside,False,62.80192565917969,0.031093593593593594,0.028590425531914893,0.031353591160220996,0.002763165628306103,0.0055926172054814255
263,5de6c12e02a9e36835018cc3abb08e3288d1688130193055566a10d153a20ef7:263,1.0,2,circular,ballistic,outside,False,30.720935821533203,0.030593093093093094,0.024110099337748346,0.04050632911392405,0.016396229776175705,0.007783698033338222
264,5de6c12e02a9e36835018cc3abb08e3288d1688130193055566a10d153a20ef7:264,1.0,1,elliptical,diffusive,inside,False,74.79942321777344,0.02884134134134134,0.029291044776119404,0.0286144578313253,-0.0006765869447941039,0.0073214238123491685
265,5de6c12e02a9e36835018cc3abb08e3288d1688130193055566a10d153a20ef7:265,1.0,2,elliptical,diffusive,edge,False,7.802578449249268,0.04029029029029029,0.024386682242990655,0.052211033274956214,0.02782435103196556,0.015896308771929175
266,5de6c12e02a9e36835018cc3abb08e3288d1688130193055566a10d153a20ef7:266,1.0,2,circular,ballistic,edge,False,66.11165618896484,0.03246996996996997,0.028547297297297297,0.03477742448330683,0.006230127186009536,0.0058765531538532995
267,5de6c12e02a9e36835018cc3abb08e3288d1688130193055566a10d153a20ef7:267,1.0,1,circular,ballistic,outside,False,80.068359375,0.02665165165165165,0.021367521367521368,0.02735260770975057,0.0059850863422292,0.007655162926898113
268,5de6c12e02a9e36835018cc3abb08e3288d1688130193055566a10d153a20ef7:268,1.0,2,elliptical,diffusive,outside,False,23.9649715423584,0.02877877877877878,0.025371287128712873,0.029162026726057905,0.0037907395973450324,0.008043122462456555
269,5de6c12e02a9e36835018cc3abb08e3288d1688130193055566a10d153a20ef7:269,1.0,2,elliptical,ballistic,inside,False,15.191288948059082,0.046483983983983984,0.026526915113871636,0.06516472868217055,0.038637813568298915,0.013884801994090654
270,5de6c12e02a9e36835018cc3abb08e3288d1688130193055566a10d153a20ef7:270,1.0,0,elliptical,ballistic,outside,False,80.96426391601562,0.026964464464464464,0.035416666666666666,0.026424387646432373,-0.008992279020234292,0.005507993227191933
271,5de6c12e02a9e36835018cc3abb08e3288d1688130193055566a10d153a20ef7:271,1.0,1,elliptical,ballistic,inside,False,78.94184875488281,0.027464964964964964,0.0297029702970297,0.025177125506072876,-0.004525844790956825,0.0056316732434773835
272,5de6c12e02a9e36835018cc3abb08e3288d1688130193055566a10d153a20ef7:272,1.0,0,circular,ballistic,inside,False,83.76436614990234,0.031093593593593594,0.03155637254901961,0.030974842767295598,-0.0005815297817240092,0.005369821680911266
273,5de6c12e02a9e36835018cc3abb08e3288d1688130193055566a10d153a20ef7:273,1.0,1,circular,diffusive,inside,False,78.9907455444336,0.030905905905905907,0.03286637931034483,0.0303129074315515,-0.002553471878793328,0.006965548378236626
274,5de6c12e02a9e36835018cc3abb08e3288d1688130193055566a10d153a20ef7:274,1.0,0,elliptical,diffusive,edge,False,83.83525085449219,0.033596096096096095,0.035355839416058396,0.031457871396895785,-0.0038979680191626107,0.008091397884093805
275,5de6c12e02a9e36835018cc3abb08e3288d1688130193055566a10d153a20ef7:275,1.0,2,elliptical,ballistic,edge,False,12.716097831726074,0.04222972972972973,0.030056423611111112,0.05880614657210402,0.02874972296099291,0.014231160989542541
276,5de6c12e02a9e36835018cc3abb08e3288d1688130193055566a10d153a20ef7:276,1.0,0,circular,ballistic,edge,False,83.12747192382812,0.02959209209209209,0.030932741116751268,0.02871900826446281,-0.002213732852288458,0.00836913128254603
277,5de6c12e02a9e36835018cc3abb08e3288d1688130193055566a10d153a20ef7:277,1.0,1,elliptical,ballistic,outside,False,66.48367309570312,0.03434684684684685,0.03536585365853658,0.03408375314861461,-0.001282100509921974,0.0061346412905485875
278,5de6c12e02a9e36835018cc3abb08e3288d1688130193055566a10d153a20ef7:278,1.0,1,elliptical,ballistic,edge,False,58.39873504638672,0.02884134134134134,0.029049295774647887,0.028567285382830626,-0.00048201039181726066,0.006539808036879163
279,5de6c12e02a9e36835018cc3abb08e3288d1688130193055566a10d153a20ef7:279,1.0,2,circular,diffusive,inside,False,22.658662796020508,0.033345845845845844,0.023846153846153847,0.037926557863501485,0.014080404017347638,0.008787089530777604
280,5de6c12e02a9e36835018cc3abb08e3288d1688130193055566a10d153a20ef7:280,1.0,2,elliptical,diffusive,inside,False,20.31609916687012,0.04316816816816817,0.03977272727272727,0.04336599576271186,0.0035932684899845913,0.019894107928857728
281,5de6c12e02a9e36835018cc3abb08e3288d1688130193055566a10d153a20ef7:281,1.0,0,elliptical,ballistic,inside,False,82.37724304199219,0.027464964964964964,0.029537671232876712,0.027110199296600235,-0.002427471936276477,0.007538464287185721
282,5de6c12e02a9e36835018cc3abb08e3288d1688130193055566a10d153a20ef7:282,1.0,0,circular,diffusive,outside,False,83.83525085449219,0.029842342342342343,0.026442307692307692,0.03283898305084746,0.006396675358539768,0.006005680150486356
283,5de6c12e02a9e36835018cc3abb08e3288d1688130193055566a10d153a20ef7:283,1.0,2,circular,diffusive,edge,False,7.536953926086426,0.04298048048048048,0.03267426273458445,0.04912140575079872,0.01644714301621427,0.0204217659312062
284,5de6c12e02a9e36835018cc3abb08e3288d1688130193055566a10d153a20ef7:284,1.0,2,circular,ballistic,inside,False,29.924169540405277,0.03265765765765766,0.030472636815920398,0.03598484848484849,0.0055122116689280895,0.009422677959741917
285,5de6c12e02a9e36835018cc3abb08e3288d1688130193055566a10d153a20ef7:285,1.0,2,circular,diffusive,outside,False,44.522193908691406,0.03003003003003003,0.03125,0.029863481228668942,-0.0013865187713310578,0.007490805579127011
286,5de6c12e02a9e36835018cc3abb08e3288d1688130193055566a10d153a20ef7:286,1.0,1,circular,diffusive,edge,False,83.83525085449219,0.030342842842842842,0.03170289855072464,0.02982365145228216,-0.0018792470984424804,0.008903907772302096
287,5de6c12e02a9e36835018cc3abb08e3288d1688130193055566a10d153a20ef7:287,1.0,1,elliptical,diffusive,edge,False,71.18010711669922,0.027402402402402402,0.028822815533980584,0.025098425196850394,-0.0037243903371301894,0.008588178786735345
288,5de6c12e02a9e36835018cc3abb08e3288d1688130193055566a10d153a20ef7:288,0.25,1,circular,diffusive,edge,False,83.83525085449219,0.026857429718875503,0.026857429718875503,,,0.009936082034583075
289,5de6c12e02a9e36835018cc3abb08e3288d1688130193055566a10d153a20ef7:289,0.25,1,circular,ballistic,edge,False,74.12691497802734,0.03187751004016064,0.03187751004016064,,,0.00720079733322342
290,5de6c12e02a9e36835018cc3abb08e3288d1688130193055566a10d153a20ef7:290,0.25,0,circular,diffusive,inside,False,83.83522033691406,0.028363453815261043,0.030048076923076924,0.027155172413793102,-0.0028929045092838217,0.010880379920528736
291,5de6c12e02a9e36835018cc3abb08e3288d1688130193055566a10d153a20ef7:291,0.25,0,elliptical,ballistic,outside,False,83.11886596679688,0.027610441767068273,0.027610441767068273,,,0.011869066684273984
292,5de6c12e02a9e36835018cc3abb08e3288d1688130193055566a10d153a20ef7:292,0.25,1,elliptical,ballistic,outside,False,69.60292053222656,0.03463855421686747,0.038325471698113206,0.03190559440559441,-0.006419877292518798,0.009669357572418784
293,5de6c12e02a9e36835018cc3abb08e3288d1688130193055566a10d153a20ef7:293,0.25,0,circular,ballistic,edge,False,83.82666778564453,0.03137550200803213,0.03137550200803213,,,0.008515660368316955
294,5de6c12e02a9e36835018cc3abb08e3288d1688130193055566a10d153a20ef7:294,0.25,2,elliptical,ballistic,inside,False,14.061697959899902,0.03639558232931727,0.03639558232931727,,,0.007407808515749853
295,5de6c12e02a9e36835018cc3abb08e3288d1688130193055566a10d153a20ef7:295,0.25,0,elliptical,ballistic,edge,False,83.82432556152344,0.028112449799196786,0.028112449799196786,,,0.008519358809476477
296,5de6c12e02a9e36835018cc3abb08e3288d1688130193055566a10d153a20ef7:296,0.25,0,elliptical,diffusive,inside,False,82.67308044433594,0.021586345381526106,0.021586345381526106,,,0.009405117467467467
297,5de6c12e02a9e36835018cc3abb08e3288d1688130193055566a10d153a20ef7:297,0.25,2,circular,diffusive,outside,False,6.028502464294434,0.034889558232931724,0.034889558232931724,,,0.011132247420450145
298,5de6c12e02a9e36835018cc3abb08e3288d1688130193055566a10d153a20ef7:298,0.25,2,elliptical,ballistic,edge,False,43.59656524658203,0.0303714859437751,0.0303714859437751,,,0.011813199423443868
299,5de6c12e02a9e36835018cc3abb08e3288d1688130193055566a10d153a20ef7:299,0.25,1,circular,ballistic,outside,False,76.94506072998047,0.0303714859437751,0.0303714859437751,,,0.012149735251286093
300,5de6c12e02a9e36835018cc3abb08e3288d1688130193055566a10d153a20ef7:300,0.25,0,circular,diffusive,outside,False,83.48210906982422,0.03237951807228916,0.03237951807228916,,,0.011466790944277529
301,5de6c12e02a9e36835018cc3abb08e3288d1688130193055566a10d153a20ef7:301,0.25,2,circular,ballistic,inside,False,5.483504772186279,0.02961847389558233,0.02961847389558233,,,0.009297318864182799
302,5de6c12e02a9e36835018cc3abb08e3288d1688130193055566a10d153a20ef7:302,0.25,2,circular,diffusive,inside,False,17.135530471801758,0.036897590361445784,0.036897590361445784,,,0.012170459761446442
303,5de6c12e02a9e36835018cc3abb08e3288d1688130193055566a10d153a20ef7:303,0.25,2,elliptical,diffusive,inside,False,15.723041534423828,0.02133534136546185,0.020833333333333332,0.022023809523809525,0.0011904761904761932,0.003611318918157168
304,5de6c12e02a9e36835018cc3abb08e3288d1688130193055566a10d153a20ef7:304,0.25,0,elliptical,diffusive,edge,False,81.76785278320312,0.024347389558232933,0.024347389558232933,,,0.009004714414985992
305,5de6c12e02a9e36835018cc3abb08e3288d1688130193055566a10d153a20ef7:305,0.25,2,circular,ballistic,edge,False,21.287525177001957,0.03112449799196787,0.03288043478260869,0.009868421052631578,-0.023012013729977115,0.017819517418974747
306,5de6c12e02a9e36835018cc3abb08e3288d1688130193055566a10d153a20ef7:306,0.25,1,circular,diffusive,outside,False,83.83525085449219,0.024849397590361446,0.024849397590361446,,,0.013317413047070592
307,5de6c12e02a9e36835018cc3abb08e3288d1688130193055566a10d153a20ef7:307,0.25,2,circular,diffusive,edge,False,44.5571174621582,0.0321285140562249,0.03125,0.032371794871794875,0.0011217948717948747,0.00634995514090036
308,5de6c12e02a9e36835018cc3abb08e3288d1688130193055566a10d153a20ef7:308,0.25,0,elliptical,diffusive,outside,False,83.83525085449219,0.033634538152610444,0.033634538152610444,,,0.0078255307570883
309,5de6c12e02a9e36835018cc3abb08e3288d1688130193055566a10d153a20ef7:309,0.25,0,circular,diffusive,edge,False,83.83525085449219,0.02961847389558233,0.030637254901960783,0.029356060606060608,-0.0012811942959001753,0.007222637836314338
310,5de6c12e02a9e36835018cc3abb08e3288d1688130193055566a10d153a20ef7:310,0.25,0,elliptical,ballistic,inside,False,83.38130187988281,0.02961847389558233,0.02961847389558233,,,0.00956453759199681
311,5de6c12e02a9e36835018cc3abb08e3288d1688130193055566a10d153a20ef7:311,0.25,1,elliptical,ballistic,inside,False,75.17959594726562,0.030622489959839357,0.031825153374233126,0.028343023255813952,-0.0034821301184191737,0.008909758709487374
312,5de6c12e02a9e36835018cc3abb08e3288d1688130193055566a10d153a20ef7:312,0.25,2,elliptical,ballistic,outside,False,23.015256881713867,0.027359437751004016,0.027359437751004016,,,0.007095027121035426
313,5de6c12e02a9e36835018cc3abb08e3288d1688130193055566a10d153a20ef7:313,0.25,1,elliptical,ballistic,edge,False,49.931297302246094,0.0286144578313253,0.03236607142857143,0.027525906735751296,-0.0048401646928201356,0.01618148741092992
314,5de6c12e02a9e36835018cc3abb08e3288d1688130193055566a10d153a20ef7:314,0.25,1,elliptical,diffusive,outside,False,74.01138305664062,0.030622489959839357,0.03535353535353535,0.0275,-0.007853535353535352,0.012847875393644305
315,5de6c12e02a9e36835018cc3abb08e3288d1688130193055566a10d153a20ef7:315,0.25,2,elliptical,diffusive,edge,False,63.38364028930664,0.03187751004016064,0.03051181102362205,0.033299180327868855,0.002787369304246806,0.012835610116009635
316,5de6c12e02a9e36835018cc3abb08e3288d1688130193055566a10d153a20ef7:316,0.25,2,circular,ballistic,outside,False,45.51103210449219,0.02610441767068273,0.02610441767068273,,,0.00809463629347244
317,5de6c12e02a9e36835018cc3abb08e3288d1688130193055566a10d153a20ef7:317,0.25,0,circular,ballistic,outside,False,81.23036193847656,0.021837349397590362,0.021837349397590362,,,0.011855788833955366
318,5de6c12e02a9e36835018cc3abb08e3288d1688130193055566a10d153a20ef7:318,0.25,1,elliptical,diffusive,edge,False,62.27999877929688,0.025853413654618473,0.025853413654618473,,,0.00525911818266992
319,5de6c12e02a9e36835018cc3abb08e3288d1688130193055566a10d153a20ef7:319,0.25,1,circular,ballistic,inside,False,80.67341613769531,0.03187751004016064,0.03187751004016064,,,0.011554366753497896
320,5de6c12e02a9e36835018cc3abb08e3288d1688130193055566a10d153a20ef7:320,0.25,1,circular,diffusive,inside,False,55.50663375854492,0.03237951807228916,0.03237951807228916,,,0.00866236642908504
321,5de6c12e02a9e36835018cc3abb08e3288d1688130193055566a10d153a20ef7:321,0.25,2,elliptical,diffusive,outside,False,4.582097053527832,0.035391566265060244,0.030208333333333334,0.037037037037037035,0.006828703703703701,0.011576157186345588
322,5de6c12e02a9e36835018cc3abb08e3288d1688130193055566a10d153a20ef7:322,0.25,0,circular,ballistic,inside,False,75.5671615600586,0.02610441767068273,0.02610441767068273,,,0.009364838406715677
323,5de6c12e02a9e36835018cc3abb08e3288d1688130193055566a10d153a20ef7:323,0.25,1,elliptical,diffusive,inside,False,80.3687515258789,0.034889558232931724,0.023809523809523808,0.03864247311827957,0.014832949308755762,0.011132247420450145
288,5de6c12e02a9e36835018cc3abb08e3288d1688130193055566a10d153a20ef7:288,0.5,1,circular,diffusive,edge,False,83.83525085449219,0.028056112224448898,0.027455849889624726,0.033967391304347824,0.006511541414723099,0.007761489671758349
289,5de6c12e02a9e36835018cc3abb08e3288d1688130193055566a10d153a20ef7:289,0.5,1,circular,ballistic,edge,False,74.12691497802734,0.030435871743486973,0.031396713615023476,0.02482876712328767,-0.0065679464917358064,0.00874872732219455
290,5de6c12e02a9e36835018cc3abb08e3288d1688130193055566a10d153a20ef7:290,0.5,0,circular,diffusive,inside,False,83.83522033691406,0.028181362725450902,0.030048076923076924,0.027689873417721517,-0.0023582035053554065,0.008523478347118777
291,5de6c12e02a9e36835018cc3abb08e3288d1688130193055566a10d153a20ef7:291,0.5,0,elliptical,ballistic,outside,False,83.11886596679688,0.02968436873747495,0.02968436873747495,,,0.008015053484857794
292,5de6c12e02a9e36835018cc3abb08e3288d1688130193055566a10d153a20ef7:292,0.5,1,elliptical,ballistic,outside,False,69.60292053222656,0.03193887775551102,0.038325471698113206,0.030216284987277353,-0.008109186710835853,0.006521450925323052
293,5de6c12e02a9e36835018cc3abb08e3288d1688130193055566a10d153a20ef7:293,0.5,0,circular,ballistic,edge,False,83.82666778564453,0.03168837675350701,0.03168837675350701,,,0.007824899121962563
294,5de6c12e02a9e36835018cc3abb08e3288d1688130193055566a10d153a20ef7:294,0.5,2,elliptical,ballistic,inside,False,14.061697959899902,0.03356713426853707,0.035683391003460206,0.030654761904761903,-0.005028629098698303,0.005230614483422121
295,5de6c12e02a9e36835018cc3abb08e3288d1688130193055566a10d153a20ef7:295,0.5,0,elliptical,ballistic,edge,False,83.82432556152344,0.029183366733466935,0.029183366733466935,,,0.008552876074738999
296,5de6c12e02a9e36835018cc3abb08e3288d1688130193055566a10d153a20ef7:296,0.5,0,elliptical,diffusive,inside,False,82.67308044433594,0.026177354709418836,0.0265625,0.02462121212121212,-0.0019412878787878791,0.008007220545302911
297,5de6c12e02a9e36835018cc3abb08e3288d1688130193055566a10d153a20ef7:297,0.5,2,circular,diffusive,outside,False,6.028502464294434,0.02717935871743487,0.02717935871743487,,,0.00794427899994964
298,5de6c12e02a9e36835018cc3abb08e3288d1688130193055566a10d153a20ef7:298,0.5,2,elliptical,ballistic,edge,False,43.59656524658203,0.03031062124248497,0.03031062124248497,,,0.011585502084015207
299,5de6c12e02a9e36835018cc3abb08e3288d1688130193055566a10d153a20ef7:299,0.5,1,circular,ballistic,outside,False,76.94506072998047,0.028557114228456915,0.028557114228456915,,,0.012404226856853657
300,5de6c12e02a9e36835018cc3abb08e3288d1688130193055566a10d153a20ef7:300,0.5,0,circular,diffusive,outside,False,83.48210906982422,0.03068637274549098,0.03027065527065527,0.0316722972972973,0.0014016420266420304,0.007711810760952978
301,5de6c12e02a9e36835018cc3abb08e3288d1688130193055566a10d153a20ef7:301,0.5,2,circular,ballistic,inside,False,5.483504772186279,0.028181362725450902,0.026823467230443973,0.052884615384615384,0.02606114815417141,0.00742155459269817
302,5de6c12e02a9e36835018cc3abb08e3288d1688130193055566a10d153a20ef7:302,0.5,2,circular,diffusive,inside,False,17.135530471801758,0.032690380761523044,0.03342013888888889,0.027985074626865673,-0.0054350642620232155,0.00883437874478074
303,5de6c12e02a9e36835018cc3abb08e3288d1688130193055566a10d153a20ef7:303,0.5,2,elliptical,diffusive,inside,False,15.723041534423828,0.028181362725450902,0.020833333333333332,0.031161971830985916,0.010328638497652583,0.006062693542224925
304,5de6c12e02a9e36835018cc3abb08e3288d1688130193055566a10d153a20ef7:304,0.5,0,elliptical,diffusive,edge,False,81.76785278320312,0.024799599198396794,0.024799599198396794,,,0.00938292625266936
305,5de6c12e02a9e36835018cc3abb08e3288d1688130193055566a10d153a20ef7:305,0.5,2,circular,ballistic,edge,False,21.287525177001957,0.0374498997995992,0.03288043478260869,0.041356877323420076,0.008476442540811382,0.014759909324701167
306,5de6c12e02a9e36835018cc3abb08e3288d1688130193055566a10d153a20ef7:306,0.5,1,circular,diffusive,outside,False,83.83525085449219,0.029433867735470944,0.029433867735470944,,,0.010732879063569142
307,5de6c12e02a9e36835018cc3abb08e3288d1688130193055566a10d153a20ef7:307,0.5,2,circular,diffusive,edge,False,44.5571174621582,0.031062124248496994,0.03125,0.03103932584269663,-0.00021067415730336922,0.005278383643713797
308,5de6c12e02a9e36835018cc3abb08e3288d1688130193055566a10d153a20ef7:308,0.5,0,elliptical,diffusive,outside,False,83.83525085449219,0.026177354709418836,0.027628032345013476,0.02197265625,-0.005655376095013476,0.005382857952641356
309,5de6c12e02a9e36835018cc3abb08e3288d1688130193055566a10d153a20ef7:309,0.5,0,circular,diffusive,edge,False,83.83525085449219,0.03006012024048096,0.030637254901960783,0.029994419642857144,-0.0006428352591036392,0.00826273672468469
310,5de6c12e02a9e36835018cc3abb08e3288d1688130193055566a10d153a20ef7:310,0.5,0,elliptical,ballistic,inside,False,83.38130187988281,0.02868236472945892,0.02868236472945892,,,0.008108458571963685
311,5de6c12e02a9e36835018cc3abb08e3288d1688130193055566a10d153a20ef7:311,0.5,1,elliptical,ballistic,inside,False,75.17959594726562,0.03168837675350701,0.031825153374233126,0.03162202380952381,-0.0002031295647093173,0.010532219227535097
312,5de6c12e02a9e36835018cc3abb08e3288d1688130193055566a10d153a20ef7:312,0.5,2,elliptical,ballistic,outside,False,23.015256881713867,0.027304609218436873,0.027304609218436873,,,0.0072385687759518496
313,5de6c12e02a9e36835018cc3abb08e3288d1688130193055566a10d153a20ef7:313,0.5,1,elliptical,ballistic,edge,False,49.931297302246094,0.02755511022044088,0.03236607142857143,0.026946952595936796,-0.005419118832634635,0.012585026740561594
314,5de6c12e02a9e36835018cc3abb08e3288d1688130193055566a10d153a20ef7:314,0.5,1,elliptical,diffusive,outside,False,74.01138305664062,0.028807615230460923,0.03535353535353535,0.0271875,-0.008166035353535352,0.007027434939431632
315,5de6c12e02a9e36835018cc3abb08e3288d1688130193055566a10d153a20ef7:315,0.5,2,elliptical,diffusive,edge,False,63.38364028930664,0.030561122244488977,0.03051181102362205,0.030577956989247312,6.614596562526387e-05,0.013564114599880646
316,5de6c12e02a9e36835018cc3abb08e3288d1688130193055566a10d153a20ef7:316,0.5,2,circular,ballistic,outside,False,45.51103210449219,0.02905811623246493,0.027316433566433568,0.031396713615023476,0.0040802800485899085,0.009675955869653289
317,5de6c12e02a9e36835018cc3abb08e3288d1688130193055566a10d153a20ef7:317,0.5,0,circular,ballistic,outside,False,81.23036193847656,0.02317134268537074,0.02317134268537074,,,0.008755896942182647
318,5de6c12e02a9e36835018cc3abb08e3288d1688130193055566a10d153a20ef7:318,0.5,1,elliptical,diffusive,edge,False,62.27999877929688,0.025676352705410823,0.026182432432432432,0.02422480620155039,-0.001957626230882043,0.0046444128801951794
319,5de6c12e02a9e36835018cc3abb08e3288d1688130193055566a10d153a20ef7:319,0.5,1,circular,ballistic,inside,False,80.67341613769531,0.028056112224448898,0.02755801687763713,0.0375,0.009941983122362868,0.008604992002664163
320,5de6c12e02a9e36835018cc3abb08e3288d1688130193055566a10d153a20ef7:320,0.5,1,circular,diffusive,inside,False,55.50663375854492,0.028807615230460923,0.031818181818181815,0.022928994082840236,-0.008889187735341579,0.007789735373480067
321,5de6c12e02a9e36835018cc3abb08e3288d1688130193055566a10d153a20ef7:321,0.5,2,elliptical,diffusive,outside,False,4.582097053527832,0.03832665330661322,0.030208333333333334,0.03943621867881549,0.009227885345482158,0.018344816243366396
322,5de6c12e02a9e36835018cc3abb08e3288d1688130193055566a10d153a20ef7:322,0.5,0,circular,ballistic,inside,False,75.5671615600586,0.02868236472945892,0.027581521739130435,0.041666666666666664,0.01408514492753623,0.008876894548787534
323,5de6c12e02a9e36835018cc3abb08e3288d1688130193055566a10d153a20ef7:323,0.5,1,elliptical,diffusive,inside,False,80.3687515258789,0.02905811623246493,0.023809523809523808,0.02981651376146789,0.006006989951944083,0.007447930234127508
288,5de6c12e02a9e36835018cc3abb08e3288d1688130193055566a10d153a20ef7:288,1.0,1,circular,diffusive,edge,False,83.83525085449219,0.02884134134134134,0.027455849889624726,0.029990842490842492,0.0025349926012177663,0.007725146590959539
289,5de6c12e02a9e36835018cc3abb08e3288d1688130193055566a10d153a20ef7:289,1.0,1,circular,ballistic,edge,False,74.12691497802734,0.032532532532532535,0.031396713615023476,0.03337696335078534,0.0019802497357618645,0.007873940301577714
290,5de6c12e02a9e36835018cc3abb08e3288d1688130193055566a10d153a20ef7:290,1.0,0,circular,diffusive,inside,False,83.83522033691406,0.031343843843843845,0.030048076923076924,0.03149441340782123,0.0014463364847443032,0.007769605325694943
291,5de6c12e02a9e36835018cc3abb08e3288d1688130193055566a10d153a20ef7:291,1.0,0,elliptical,ballistic,outside,False,83.11886596679688,0.031281281281281284,0.029985549132947976,0.03268229166666667,0.0026967425337186927,0.007520009610268628
292,5de6c12e02a9e36835018cc3abb08e3288d1688130193055566a10d153a20ef7:292,1.0,1,elliptical,ballistic,outside,False,69.60292053222656,0.031093593593593594,0.038325471698113206,0.030235162374020158,-0.008090309324093048,0.006494162754012354
293,5de6c12e02a9e36835018cc3abb08e3288d1688130193055566a10d153a20ef7:293,1.0,0,circular,ballistic,edge,False,83.82666778564453,0.03196946946946947,0.03199658703071672,0.03193099273607748,-6.559429463923877e-05,0.00864880758795768
294,5de6c12e02a9e36835018cc3abb08e3288d1688130193055566a10d153a20ef7:294,1.0,2,elliptical,ballistic,inside,False,14.061697959899902,0.05317817817817818,0.035683391003460206,0.06029929577464789,0.024615904771187684,0.015307769147224986
295,5de6c12e02a9e36835018cc3abb08e3288d1688130193055566a10d153a20ef7:295,1.0,0,elliptical,ballistic,edge,False,83.82432556152344,0.027777777777777776,0.02930327868852459,0.02538560411311054,-0.003917674575414049,0.008438295945989672
296,5de6c12e02a9e36835018cc3abb08e3288d1688130193055566a10d153a20ef7:296,1.0,0,elliptical,diffusive,inside,False,82.67308044433594,0.0254004004004004,0.0265625,0.024624373956594323,-0.0019381260434056767,0.00583007895756844
297,5de6c12e02a9e36835018cc3abb08e3288d1688130193055566a10d153a20ef7:297,1.0,2,circular,diffusive,outside,False,6.028502464294434,0.03196946946946947,0.02813011456628478,0.03801546391752577,0.00988534935124099,0.009007053716743115
298,5de6c12e02a9e36835018cc3abb08e3288d1688130193055566a10d153a20ef7:298,1.0,2,elliptical,ballistic,edge,False,43.59656524658203,0.032532532532532535,0.03145032051282051,0.034333333333333334,0.0028830128205128217,0.009363506973908762
299,5de6c12e02a9e36835018cc3abb08e3288d1688130193055566a10d153a20ef7:299,1.0,1,circular,ballistic,outside,False,76.94506072998047,0.03009259259259259,0.028325688073394497,0.0322136563876652,0.003887968314270702,0.010571221947636844
300,5de6c12e02a9e36835018cc3abb08e3288d1688130193055566a10d153a20ef7:300,1.0,0,circular,diffusive,outside,False,83.48210906982422,0.030843343343343342,0.03027065527065527,0.03115354938271605,0.0008828941120607794,0.008288299999870831
301,5de6c12e02a9e36835018cc3abb08e3288d1688130193055566a10d153a20ef7:301,1.0,2,circular,ballistic,inside,False,5.483504772186279,0.0832082082082082,0.026823467230443973,0.1339115969581749,0.10708812972773092,0.030386347458911136
302,5de6c12e02a9e36835018cc3abb08e3288d1688130193055566a10d153a20ef7:302,1.0,2,circular,diffusive,inside,False,17.135530471801758,0.03797547547547547,0.03342013888888889,0.04144620811287478,0.008026069223985889,0.01183722701974963
303,5de6c12e02a9e36835018cc3abb08e3288d1688130193055566a10d153a20ef7:303,1.0,2,elliptical,diffusive,inside,False,15.723041534423828,0.03991491491491492,0.020833333333333332,0.04312865497076023,0.0222953216374269,0.01201917850117196
304,5de6c12e02a9e36835018cc3abb08e3288d1688130193055566a10d153a20ef7:304,1.0,0,elliptical,diffusive,edge,False,81.76785278320312,0.027277277277277277,0.025661496350364965,0.029240576496674057,0.0035790801463090917,0.006472731309498279
305,5de6c12e02a9e36835018cc3abb08e3288d1688130193055566a10d153a20ef7:305,1.0,2,circular,ballistic,edge,False,21.287525177001957,0.047547547547547545,0.03288043478260869,0.051934330299089726,0.019053895516481033,0.01973013347790493
306,5de6c12e02a9e36835018cc3abb08e3288d1688130193055566a10d153a20ef7:306,1.0,1,circular,diffusive,outside,False,83.83525085449219,0.03009259259259259,0.03002049180327869,0.030205655526992288,0.00018516372371359807,0.007383177626362037
307,5de6c12e02a9e36835018cc3abb08e3288d1688130193055566a10d153a20ef7:307,1.0,2,circular,diffusive,edge,False,44.5571174621582,0.03284534534534535,0.03125,0.03293650793650794,0.0016865079365079375,0.007602574183742267
308,5de6c12e02a9e36835018cc3abb08e3288d1688130193055566a10d153a20ef7:308,1.0,0,elliptical,diffusive,outside,False,83.83525085449219,0.02708958958958959,0.027628032345013476,0.026771496815286625,-0.0008565355297268512,0.00505751669515469
309,5de6c12e02a9e36835018cc3abb08e3288d1688130193055566a10d153a20ef7:309,1.0,0,circular,diffusive,edge,False,83.83525085449219,0.028903903903903905,0.030637254901960783,0.028810654008438817,-0.0018266008935219659,0.007414125609121896
310,5de6c12e02a9e36835018cc3abb08e3288d1688130193055566a10d153a20ef7:310,1.0,0,elliptical,ballistic,inside,False,83.38130187988281,0.02809059059059059,0.027648698884758363,0.02860629067245119,0.0009575917876928283,0.007706885006728553
311,5de6c12e02a9e36835018cc3abb08e3288d1688130193055566a10d153a20ef7:311,1.0,1,elliptical,ballistic,inside,False,75.17959594726562,0.029842342342342343,0.031825153374233126,0.02945574162679426,-0.002369411747438866,0.00808946272164243
312,5de6c12e02a9e36835018cc3abb08e3288d1688130193055566a10d153a20ef7:312,1.0,2,elliptical,ballistic,outside,False,23.015256881713867,0.035035035035035036,0.026866007194244604,0.04528781038374718,0.018421803189502574,0.009286273931571307
313,5de6c12e02a9e36835018cc3abb08e3288d1688130193055566a10d153a20ef7:313,1.0,1,elliptical,ballistic,edge,False,49.931297302246094,0.03265765765765766,0.03236607142857143,0.032674973488865326,0.00030890206029389466,0.009439278885156305
314,5de6c12e02a9e36835018cc3abb08e3288d1688130193055566a10d153a20ef7:314,1.0,1,elliptical,diffusive,outside,False,74.01138305664062,0.026276276276276277,0.03535353535353535,0.025277777777777777,-0.010075757575757575,0.006658726073898935
315,5de6c12e02a9e36835018cc3abb08e3288d1688130193055566a10d153a20ef7:315,1.0,2,elliptical,diffusive,edge,False,63.38364028930664,0.03190690690690691,0.03051181102362205,0.03211009174311927,0.0015982807194972193,0.010545457654725948
316,5de6c12e02a9e36835018cc3abb08e3288d1688130193055566a10d153a20ef7:316,1.0,2,circular,ballistic,outside,False,45.51103210449219,0.03165665665665666,0.027316433566433568,0.033397615708274896,0.006081182141841328,0.010727974589275343
317,5de6c12e02a9e36835018cc3abb08e3288d1688130193055566a10d153a20ef7:317,1.0,0,circular,ballistic,outside,False,81.23036193847656,0.02615115115115115,0.026050247116968697,0.026307397959183673,0.00025715084221497597,0.007821071035038494
318,5de6c12e02a9e36835018cc3abb08e3288d1688130193055566a10d153a20ef7:318,1.0,1,elliptical,diffusive,edge,False,62.27999877929688,0.028153153153153154,0.026182432432432432,0.029312400635930047,0.003129968203497615,0.00488949541606104
319,5de6c12e02a9e36835018cc3abb08e3288d1688130193055566a10d153a20ef7:319,1.0,1,circular,ballistic,inside,False,80.67341613769531,0.029654654654654656,0.02755801687763713,0.03154761904761905,0.003989602169981916,0.004940462217817725
320,5de6c12e02a9e36835018cc3abb08e3288d1688130193055566a10d153a20ef7:320,1.0,1,circular,diffusive,inside,False,55.50663375854492,0.03028028028028028,0.031818181818181815,0.02952167414050822,-0.002296507677673594,0.00866531015674714
321,5de6c12e02a9e36835018cc3abb08e3288d1688130193055566a10d153a20ef7:321,1.0,2,elliptical,diffusive,outside,False,4.582097053527832,0.05205205205205205,0.030208333333333334,0.053447816826411074,0.02323948349307774,0.04635780347298323
322,5de6c12e02a9e36835018cc3abb08e3288d1688130193055566a10d153a20ef7:322,1.0,0,circular,ballistic,inside,False,75.5671615600586,0.028528528528528527,0.027581521739130435,0.029336734693877552,0.0017552129547471172,0.0054655479649253135
323,5de6c12e02a9e36835018cc3abb08e3288d1688130193055566a10d153a20ef7:323,1.0,1,elliptical,diffusive,inside,False,80.3687515258789,0.02877877877877878,0.023809523809523808,0.029113247863247864,0.005303724053724056,0.0054655479649253135
324,5de6c12e02a9e36835018cc3abb08e3288d1688130193055566a10d153a20ef7:324,0.25,0,circular,diffusive,outside,False,83.04206085205078,0.030120481927710843,0.030120481927710843,,,0.012580285227049867
325,5de6c12e02a9e36835018cc3abb08e3288d1688130193055566a10d153a20ef7:325,0.25,2,circular,diffusive,edge,False,38.39404678344727,0.033383534136546184,0.034210526315789476,0.032873376623376624,-0.001337149692412852,0.008574644002278475
326,5de6c12e02a9e36835018cc3abb08e3288d1688130193055566a10d153a20ef7:326,0.25,2,elliptical,ballistic,inside,False,11.42334270477295,0.028112449799196786,0.028112449799196786,,,0.011491489098654214
327,5de6c12e02a9e36835018cc3abb08e3288d1688130193055566a10d153a20ef7:327,0.25,0,circular,ballistic,inside,False,81.19208526611328,0.034889558232931724,0.034889558232931724,,,0.014232171187083168
328,5de6c12e02a9e36835018cc3abb08e3288d1688130193055566a10d153a20ef7:328,0.25,1,circular,ballistic,inside,False,63.8397102355957,0.03288152610441767,0.03068181818181818,0.03462230215827338,0.0039404839764551995,0.014547409769921787
329,5de6c12e02a9e36835018cc3abb08e3288d1688130193055566a10d153a20ef7:329,0.25,1,circular,diffusive,outside,False,83.83525085449219,0.0338855421686747,0.03317307692307692,0.03466386554621849,0.001490788623141566,0.013598303283716404
330,5de6c12e02a9e36835018cc3abb08e3288d1688130193055566a10d153a20ef7:330,0.25,1,circular,diffusive,inside,False,56.68674850463867,0.029116465863453816,0.029116465863453816,,,0.007309347278394094
331,5de6c12e02a9e36835018cc3abb08e3288d1688130193055566a10d153a20ef7:331,0.25,0,elliptical,ballistic,outside,False,83.83265686035156,0.023092369477911646,0.023092369477911646,,,0.011665612488576558
332,5de6c12e02a9e36835018cc3abb08e3288d1688130193055566a10d153a20ef7:332,0.25,0,circular,diffusive,edge,False,82.8198471069336,0.034889558232931724,0.034889558232931724,,,0.010527217357184123
333,5de6c12e02a9e36835018cc3abb08e3288d1688130193055566a10d153a20ef7:333,0.25,2,circular,ballistic,outside,False,3.259871244430542,0.026857429718875503,0.026857429718875503,,,0.008214391652587133
334,5de6c12e02a9e36835018cc3abb08e3288d1688130193055566a10d153a20ef7:334,0.25,1,elliptical,ballistic,inside,False,71.11815643310547,0.02786144578313253,0.02786144578313253,,,0.009115973793842809
335,5de6c12e02a9e36835018cc3abb08e3288d1688130193055566a10d153a20ef7:335,0.25,1,elliptical,diffusive,outside,False,81.92337036132812,0.0303714859437751,0.0303714859437751,,,0.015041403882107063
336,5de6c12e02a9e36835018cc3abb08e3288d1688130193055566a10d153a20ef7:336,0.25,1,elliptical,diffusive,edge,False,83.83525085449219,0.029869477911646587,0.029869477911646587,,,0.00720079733322342
337,5de6c12e02a9e36835018cc3abb08e3288d1688130193055566a10d153a20ef7:337,0.25,0,elliptical,ballistic,inside,False,83.83525085449219,0.03263052208835342,0.031914893617021274,0.03483606557377049,0.0029211719567492148,0.008504555394627217
338,5de6c12e02a9e36835018cc3abb08e3288d1688130193055566a10d153a20ef7:338,0.25,0,elliptical,diffusive,edge,False,83.83525085449219,0.023343373493975902,0.026785714285714284,0.015202702702702704,-0.01158301158301158,0.01085719314953924
339,5de6c12e02a9e36835018cc3abb08e3288d1688130193055566a10d153a20ef7:339,0.25,2,elliptical,ballistic,edge,False,5.072000980377197,0.0303714859437751,0.0303714859437751,,,0.01177045591133871
340,5de6c12e02a9e36835018cc3abb08e3288d1688130193055566a10d153a20ef7:340,0.25,2,elliptical,diffusive,outside,False,21.6401424407959,0.030120481927710843,0.030120481927710843,,,0.011135076813664073
341,5de6c12e02a9e36835018cc3abb08e3288d1688130193055566a10d153a20ef7:341,0.25,2,circular,diffusive,inside,False,17.257801055908203,0.0303714859437751,0.027002427184466018,0.046511627906976744,0.019509200722510726,0.008603984187250308
342,5de6c12e02a9e36835018cc3abb08e3288d1688130193055566a10d153a20ef7:342,0.25,0,circular,ballistic,outside,False,83.20761108398438,0.030120481927710843,0.030120481927710843,,,0.006956027339634046
343,5de6c12e02a9e36835018cc3abb08e3288d1688130193055566a10d153a20ef7:343,0.25,1,circular,diffusive,edge,False,71.53742218017578,0.023343373493975902,0.017454954954954954,0.028079710144927536,0.010624755189972582,0.009782718508988493
344,5de6c12e02a9e36835018cc3abb08e3288d1688130193055566a10d153a20ef7:344,0.25,1,circular,ballistic,outside,False,70.03237915039062,0.030120481927710843,0.030120481927710843,,,0.00827932856549731
345,5de6c12e02a9e36835018cc3abb08e3288d1688130193055566a10d153a20ef7:345,0.25,2,circular,diffusive,outside,False,6.949259281158447,0.027359437751004016,0.028553299492385786,0.02283653846153846,-0.0057167610308473255,0.006265052195958176
346,5de6c12e02a9e36835018cc3abb08e3288d1688130193055566a10d153a20ef7:346,0.25,1,elliptical,diffusive,inside,False,63.942474365234375,0.023092369477911646,0.023092369477911646,,,0.00737798115296138
347,5de6c12e02a9e36835018cc3abb08e3288d1688130193055566a10d153a20ef7:347,0.25,2,circular,ballistic,edge,False,8.373477935791016,0.02108433734939759,0.02108433734939759,,,0.005406791975034643
348,5de6c12e02a9e36835018cc3abb08e3288d1688130193055566a10d153a20ef7:348,0.25,2,elliptical,diffusive,edge,False,21.86043739318848,0.03413654618473896,0.03413654618473896,,,0.013090767881933028
349,5de6c12e02a9e36835018cc3abb08e3288d1688130193055566a10d153a20ef7:349,0.25,0,elliptical,diffusive,outside,False,82.1917953491211,0.03112449799196787,0.0263671875,0.03277027027027027,0.006403082770270269,0.006024096385542168
350,5de6c12e02a9e36835018cc3abb08e3288d1688130193055566a10d153a20ef7:350,0.25,1,elliptical,ballistic,edge,False,77.98352813720703,0.02886546184738956,0.02886546184738956,,,0.010995580378418428
351,5de6c12e02a9e36835018cc3abb08e3288d1688130193055566a10d153a20ef7:351,0.25,0,elliptical,diffusive,inside,False,82.98860931396484,0.028363453815261043,0.028363453815261043,,,0.012677566565436133
352,5de6c12e02a9e36835018cc3abb08e3288d1688130193055566a10d153a20ef7:352,0.25,1,circular,ballistic,edge,False,67.05206298828125,0.03313253012048193,0.03313253012048193,,,0.01200628588664799
353,5de6c12e02a9e36835018cc3abb08e3288d1688130193055566a10d153a20ef7:353,0.25,2,circular,ballistic,inside,False,27.763458251953125,0.03815261044176707,0.03648068669527897,0.0625,0.02601931330472103,0.0057676331792550495
354,5de6c12e02a9e36835018cc3abb08e3288d1688130193055566a10d153a20ef7:354,0.25,1,elliptical,ballistic,outside,False,83.83226776123047,0.028112449799196786,0.02834008097165992,0.0,-0.02834008097165992,0.012337555951249505
355,5de6c12e02a9e36835018cc3abb08e3288d1688130193055566a10d153a20ef7:355,0.25,2,elliptical,ballistic,outside,False,13.574739456176758,0.03463855421686747,0.03463855421686747,,,0.005745744549327108
356,5de6c12e02a9e36835018cc3abb08e3288d1688130193055566a10d153a20ef7:356,0.25,0,elliptical,ballistic,edge,False,80.36183166503906,0.035140562248995984,0.03595132743362832,0.02717391304347826,-0.008777414390150059,0.01108971989677436
357,5de6c12e02a9e36835018cc3abb08e3288d1688130193055566a10d153a20ef7:357,0.25,2,elliptical,diffusive,inside,False,11.033352851867676,0.03413654618473896,0.023809523809523808,0.03763440860215054,0.01382488479262673,0.013692953511029976
358,5de6c12e02a9e36835018cc3abb08e3288d1688130193055566a10d153a20ef7:358,0.25,0,circular,diffusive,inside,False,82.98609924316406,0.025853413654618473,0.02489406779661017,0.026717557251908396,0.0018234894552982273,0.007996753173731922
359,5de6c12e02a9e36835018cc3abb08e3288d1688130193055566a10d153a20ef7:359,0.25,0,circular,ballistic,edge,False,83.6700439453125,0.024096385542168676,0.025669642857142856,0.023639896373056996,-0.0020297464840858606,0.008810205208225022
324,5de6c12e02a9e36835018cc3abb08e3288d1688130193055566a10d153a20ef7:324,0.5,0,circular,diffusive,outside,False,83.04206085205078,0.029809619238476952,0.029809619238476952,,,0.010190804412228454
325,5de6c12e02a9e36835018cc3abb08e3288d1688130193055566a10d153a20ef7:325,0.5,2,circular,diffusive,edge,False,38.39404678344727,0.029559118236472944,0.034210526315789476,0.028465346534653466,-0.00574517978113601,0.008047283769643794
326,5de6c12e02a9e36835018cc3abb08e3288d1688130193055566a10d153a20ef7:326,0.5,2,elliptical,ballistic,inside,False,11.42334270477295,0.03494488977955912,0.027992277992277992,0.04244791666666667,0.014455638674388677,0.014094438376887062
327,5de6c12e02a9e36835018cc3abb08e3288d1688130193055566a10d153a20ef7:327,0.5,0,circular,ballistic,inside,False,81.19208526611328,0.03381763527054108,0.03475,0.03288152610441767,-0.001868473895582333,0.009890825161522862
328,5de6c12e02a9e36835018cc3abb08e3288d1688130193055566a10d153a20ef7:328,0.5,1,circular,ballistic,inside,False,63.8397102355957,0.03619739478957916,0.03068181818181818,0.03775706940874036,0.007075251226922177,0.011296873102332043
329,5de6c12e02a9e36835018cc3abb08e3288d1688130193055566a10d153a20ef7:329,0.5,1,circular,diffusive,outside,False,83.83525085449219,0.03218937875751503,0.03317307692307692,0.03184281842818428,-0.0013302584948926416,0.010935595348839113
330,5de6c12e02a9e36835018cc3abb08e3288d1688130193055566a10d153a20ef7:330,0.5,1,circular,diffusive,inside,False,56.68674850463867,0.031813627254509015,0.028532608695652172,0.037782485875706213,0.009249877180054041,0.006006803010161222
331,5de6c12e02a9e36835018cc3abb08e3288d1688130193055566a10d153a20ef7:331,0.5,0,elliptical,ballistic,outside,False,83.83265686035156,0.02655310621242485,0.02700445434298441,0.0225,-0.00450445434298441,0.007120576354484917
332,5de6c12e02a9e36835018cc3abb08e3288d1688130193055566a10d153a20ef7:332,0.5,0,circular,diffusive,edge,False,82.8198471069336,0.030811623246492986,0.033343672456575685,0.020182291666666668,-0.013161380789909017,0.008717290902457573
333,5de6c12e02a9e36835018cc3abb08e3288d1688130193055566a10d153a20ef7:333,0.5,2,circular,ballistic,outside,False,3.259871244430542,0.02843186372745491,0.02843186372745491,,,0.010779550316468727
334,5de6c12e02a9e36835018cc3abb08e3288d1688130193055566a10d153a20ef7:334,0.5,1,elliptical,ballistic,inside,False,71.11815643310547,0.02755511022044088,0.02755511022044088,,,0.007311883526716645
335,5de6c12e02a9e36835018cc3abb08e3288d1688130193055566a10d153a20ef7:335,0.5,1,elliptical,diffusive,outside,False,81.92337036132812,0.03218937875751503,0.03218937875751503,,,0.011263495588232503
336,5de6c12e02a9e36835018cc3abb08e3288d1688130193055566a10d153a20ef7:336,0.5,1,elliptical,diffusive,edge,False,83.83525085449219,0.02930861723446894,0.02930861723446894,,,0.003807285609611891
337,5de6c12e02a9e36835018cc3abb08e3288d1688130193055566a10d153a20ef7:337,0.5,0,elliptical,ballistic,inside,False,83.83525085449219,0.02868236472945892,0.031914893617021274,0.02672829581993569,-0.005186597797085583,0.007207075341090081
338,5de6c12e02a9e36835018cc3abb08e3288d1688130193055566a10d153a20ef7:338,0.5,0,elliptical,diffusive,edge,False,83.83525085449219,0.02555110220440882,0.026785714285714284,0.02488425925925926,-0.0019014550264550255,0.005133742868717233
339,5de6c12e02a9e36835018cc3abb08e3288d1688130193055566a10d153a20ef7:339,0.5,2,elliptical,ballistic,edge,False,5.072000980377197,0.030435871743486973,0.030435871743486973,,,0.01059163145586931
340,5de6c12e02a9e36835018cc3abb08e3288d1688130193055566a10d153a20ef7:340,0.5,2,elliptical,diffusive,outside,False,21.6401424407959,0.02655310621242485,0.02655310621242485,,,0.008186440199583263
341,5de6c12e02a9e36835018cc3abb08e3288d1688130193055566a10d153a20ef7:341,0.5,2,circular,diffusive,inside,False,17.257801055908203,0.03294088176352705,0.027002427184466018,0.037116040955631396,0.010113613771165379,0.007353601875293434
342,5de6c12e02a9e36835018cc3abb08e3288d1688130193055566a10d153a20ef7:342,0.5,0,circular,ballistic,outside,False,83.20761108398438,0.027930861723446894,0.02786144578313253,0.0625,0.03463855421686747,0.005498197411735463
343,5de6c12e02a9e36835018cc3abb08e3288d1688130193055566a10d153a20ef7:343,0.5,1,circular,diffusive,edge,False,71.53742218017578,0.02843186372745491,0.017454954954954954,0.03157216494845361,0.014117209993498653,0.004479347380322562
344,5de6c12e02a9e36835018cc3abb08e3288d1688130193055566a10d153a20ef7:344,0.5,1,circular,ballistic,outside,False,70.03237915039062,0.028056112224448898,0.02835778781038375,0.025669642857142856,-0.0026881449532408924,0.006513026052104209
345,5de6c12e02a9e36835018cc3abb08e3288d1688130193055566a10d153a20ef7:345,0.5,2,circular,diffusive,outside,False,6.949259281158447,0.0343186372745491,0.028553299492385786,0.0380794701986755,0.009526170706289711,0.011639539233956855
346,5de6c12e02a9e36835018cc3abb08e3288d1688130193055566a10d153a20ef7:346,0.5,1,elliptical,diffusive,inside,False,63.942474365234375,0.027304609218436873,0.027304609218436873,,,0.0066039210052425195
347,5de6c12e02a9e36835018cc3abb08e3288d1688130193055566a10d153a20ef7:347,0.5,2,circular,ballistic,edge,False,8.373477935791016,0.026803607214428857,0.026803607214428857,,,0.005482482121302428
348,5de6c12e02a9e36835018cc3abb08e3288d1688130193055566a10d153a20ef7:348,0.5,2,elliptical,diffusive,edge,False,21.86043739318848,0.030185370741482965,0.031162464985994398,0.02772887323943662,-0.003433591746557777,0.009835953024680795
349,5de6c12e02a9e36835018cc3abb08e3288d1688130193055566a10d153a20ef7:349,0.5,0,elliptical,diffusive,outside,False,82.1917953491211,0.032439879759519036,0.0263671875,0.03333333333333333,0.006966145833333333,0.006335991918808486
350,5de6c12e02a9e36835018cc3abb08e3288d1688130193055566a10d153a20ef7:350,0.5,1,elliptical,ballistic,edge,False,77.98352813720703,0.02630260521042084,0.02645985401459854,0.026111111111111113,-0.00034874290348742634,0.006089802495562735
351,5de6c12e02a9e36835018cc3abb08e3288d1688130193055566a10d153a20ef7:351,0.5,0,elliptical,diffusive,inside,False,82.98860931396484,0.027054108216432865,0.02632289416846652,0.036458333333333336,0.010135439164866814,0.00962393422459847
352,5de6c12e02a9e36835018cc3abb08e3288d1688130193055566a10d153a20ef7:352,0.5,1,circular,ballistic,edge,False,67.05206298828125,0.029433867735470944,0.029433867735470944,,,0.009726892943564089
353,5de6c12e02a9e36835018cc3abb08e3288d1688130193055566a10d153a20ef7:353,0.5,2,circular,ballistic,inside,False,27.763458251953125,0.04120741482965932,0.03648068669527897,0.045347744360902255,0.008867057665623283,0.006424508318252584
354,5de6c12e02a9e36835018cc3abb08e3288d1688130193055566a10d153a20ef7:354,0.5,1,elliptical,ballistic,outside,False,83.83226776123047,0.026052104208416832,0.02834008097165992,0.023809523809523808,-0.004530557162136111,0.0086776092563571
355,5de6c12e02a9e36835018cc3abb08e3288d1688130193055566a10d153a20ef7:355,0.5,2,elliptical,ballistic,outside,False,13.574739456176758,0.03068637274549098,0.03134984025559105,0.02956989247311828,-0.001779947782472771,0.004249297458338521
356,5de6c12e02a9e36835018cc3abb08e3288d1688130193055566a10d153a20ef7:356,0.5,0,elliptical,ballistic,edge,False,80.36183166503906,0.03193887775551102,0.03595132743362832,0.028617216117216116,-0.007334111316412203,0.006000270324150043
357,5de6c12e02a9e36835018cc3abb08e3288d1688130193055566a10d153a20ef7:357,0.5,2,elliptical,diffusive,inside,False,11.033352851867676,0.03406813627254509,0.023809523809523808,0.03555045871559633,0.011740934906072524,0.01348989180143914
358,5de6c12e02a9e36835018cc3abb08e3288d1688130193055566a10d153a20ef7:358,0.5,0,circular,diffusive,inside,False,82.98609924316406,0.026177354709418836,0.02489406779661017,0.0265748031496063,0.0016807353529961315,0.006692409823342959
359,5de6c12e02a9e36835018cc3abb08e3288d1688130193055566a10d153a20ef7:359,0.5,0,circular,ballistic,edge,False,83.6700439453125,0.028557114228456915,0.025669642857142856,0.028922121896162528,0.003252479039019672,0.005864078111582978
324,5de6c12e02a9e36835018cc3abb08e3288d1688130193055566a10d153a20ef7:324,1.0,0,circular,diffusive,outside,False,83.04206085205078,0.029466966966966966,0.030709342560553632,0.02776128266033254,-0.0029480599002210915,0.007404352625393022
325,5de6c12e02a9e36835018cc3abb08e3288d1688130193055566a10d153a20ef7:325,1.0,2,circular,diffusive,edge,False,38.39404678344727,0.031343843843843845,0.034210526315789476,0.031042588495575223,-0.0031679378202142533,0.00857061439786452
326,5de6c12e02a9e36835018cc3abb08e3288d1688130193055566a10d153a20ef7:326,1.0,2,elliptical,ballistic,inside,False,11.42334270477295,0.064502002002002,0.027992277992277992,0.0772804054054054,0.04928812741312741,0.017056418018442324
327,5de6c12e02a9e36835018cc3abb08e3288d1688130193055566a10d153a20ef7:327,1.0,0,circular,ballistic,inside,False,81.19208526611328,0.029216716716716717,0.03475,0.027369826435246995,-0.0073801735647530085,0.007557132865978403
328,5de6c12e02a9e36835018cc3abb08e3288d1688130193055566a10d153a20ef7:328,1.0,1,circular,ballistic,inside,False,63.8397102355957,0.035973473473473475,0.03068181818181818,0.036628233970753654,0.0059464157889354725,0.00968063424544636
329,5de6c12e02a9e36835018cc3abb08e3288d1688130193055566a10d153a20ef7:329,1.0,1,circular,diffusive,outside,False,83.83525085449219,0.033345845845845844,0.03317307692307692,0.0333716915995397,0.00019861467646277442,0.011600759216585266
330,5de6c12e02a9e36835018cc3abb08e3288d1688130193055566a10d153a20ef7:330,1.0,1,circular,diffusive,inside,False,56.68674850463867,0.031093593593593594,0.028532608695652172,0.03231166912850812,0.0037790604328559498,0.008187572864559773
331,5de6c12e02a9e36835018cc3abb08e3288d1688130193055566a10d153a20ef7:331,1.0,0,elliptical,ballistic,outside,False,83.83265686035156,0.029404404404404404,0.02700445434298441,0.031363636363636364,0.0043591820206519555,0.006234948700350847
332,5de6c12e02a9e36835018cc3abb08e3288d1688130193055566a10d153a20ef7:332,1.0,0,circular,diffusive,edge,False,82.8198471069336,0.028465965965965966,0.033343672456575685,0.025167785234899327,-0.008175887221676358,0.005387286928318895
333,5de6c12e02a9e36835018cc3abb08e3288d1688130193055566a10d153a20ef7:333,1.0,2,circular,ballistic,outside,False,3.259871244430542,0.061874374374374375,0.029979674796747968,0.11295572916666667,0.0829760543699187,0.02381711646207617
334,5de6c12e02a9e36835018cc3abb08e3288d1688130193055566a10d153a20ef7:334,1.0,1,elliptical,ballistic,inside,False,71.11815643310547,0.02877877877877878,0.028356481481481483,0.029275599128540306,0.0009191176470588237,0.004961017918318071
335,5de6c12e02a9e36835018cc3abb08e3288d1688130193055566a10d153a20ef7:335,1.0,1,elliptical,diffusive,outside,False,81.92337036132812,0.028716216216216218,0.031474014336917565,0.02522675736961451,-0.006247256967303053,0.00822763112225225
336,5de6c12e02a9e36835018cc3abb08e3288d1688130193055566a10d153a20ef7:336,1.0,1,elliptical,diffusive,edge,False,83.83525085449219,0.029404404404404404,0.02948343079922027,0.029320987654320986,-0.00016244314489928524,0.006709087396623879
337,5de6c12e02a9e36835018cc3abb08e3288d1688130193055566a10d153a20ef7:337,1.0,0,elliptical,ballistic,inside,False,83.83525085449219,0.030217717717717717,0.031914893617021274,0.029824290998766954,-0.0020906026182543197,0.007477992951774895
338,5de6c12e02a9e36835018cc3abb08e3288d1688130193055566a10d153a20ef7:338,1.0,0,elliptical,diffusive,edge,False,83.83525085449219,0.025713213213213213,0.026785714285714284,0.025485436893203883,-0.0013002773925104016,0.00708671196687974
339,5de6c12e02a9e36835018cc3abb08e3288d1688130193055566a10d153a20ef7:339,1.0,2,elliptical,ballistic,edge,False,5.072000980377197,0.0838963963963964,0.029845505617977528,0.14596774193548387,0.11612223631750634,0.03254786877677336
340,5de6c12e02a9e36835018cc3abb08e3288d1688130193055566a10d153a20ef7:340,1.0,2,elliptical,diffusive,outside,False,21.6401424407959,0.02809059059059059,0.027552674230145867,0.028959424083769635,0.0014067498536237677,0.007629298653197514
341,5de6c12e02a9e36835018cc3abb08e3288d1688130193055566a10d153a20ef7:341,1.0,2,circular,diffusive,inside,False,17.257801055908203,0.05073823823823824,0.027002427184466018,0.056904161412358135,0.029901734227892118,0.017746496981716958
342,5de6c12e02a9e36835018cc3abb08e3288d1688130193055566a10d153a20ef7:342,1.0,0,circular,ballistic,outside,False,83.20761108398438,0.02877877877877878,0.02786144578313253,0.02969061876247505,0.0018291729793425207,0.0053963610242361935
343,5de6c12e02a9e36835018cc3abb08e3288d1688130193055566a10d153a20ef7:343,1.0,1,circular,diffusive,edge,False,71.53742218017578,0.030155155155155156,0.017454954954954954,0.03174268018018018,0.014287725225225225,0.00568321569027816
344,5de6c12e02a9e36835018cc3abb08e3288d1688130193055566a10d153a20ef7:344,1.0,1,circular,ballistic,outside,False,70.03237915039062,0.03184434434434434,0.02835778781038375,0.03462230215827338,0.006264514347889633,0.009050405046359794
345,5de6c12e02a9e36835018cc3abb08e3288d1688130193055566a10d153a20ef7:345,1.0,2,circular,diffusive,outside,False,6.949259281158447,0.04967467467467467,0.028553299492385786,0.05486284289276808,0.02630954340038229,0.02919762018637943
346,5de6c12e02a9e36835018cc3abb08e3288d1688130193055566a10d153a20ef7:346,1.0,1,elliptical,diffusive,inside,False,63.942474365234375,0.028403403403403405,0.02724056603773585,0.029717484008528784,0.0024769179707929342,0.0058193273044211645
347,5de6c12e02a9e36835018cc3abb08e3288d1688130193055566a10d153a20ef7:347,1.0,2,circular,ballistic,edge,False,8.373477935791016,0.044169169169169166,0.0297029702970297,0.06647582697201018,0.03677285667498048,0.013314512767059791
348,5de6c12e02a9e36835018cc3abb08e3288d1688130193055566a10d153a20ef7:348,1.0,2,elliptical,diffusive,edge,False,21.86043739318848,0.02902902902902903,0.031162464985994398,0.027842679127725856,-0.0033197858582685418,0.008254465716952274
349,5de6c12e02a9e36835018cc3abb08e3288d1688130193055566a10d153a20ef7:349,1.0,0,elliptical,diffusive,outside,False,82.1917953491211,0.030905905905905907,0.0263671875,0.03121657754010695,0.004849390040106951,0.0051998485373323695
350,5de6c12e02a9e36835018cc3abb08e3288d1688130193055566a10d153a20ef7:350,1.0,1,elliptical,ballistic,edge,False,77.98352813720703,0.028153153153153154,0.02645985401459854,0.02879310344827586,0.0023332494336773223,0.00589417703369063
351,5de6c12e02a9e36835018cc3abb08e3288d1688130193055566a10d153a20ef7:351,1.0,0,elliptical,diffusive,inside,False,82.98860931396484,0.027902902902902902,0.02632289416846652,0.029267723880597014,0.002944829712130493,0.008631820035539129
352,5de6c12e02a9e36835018cc3abb08e3288d1688130193055566a10d153a20ef7:352,1.0,1,circular,ballistic,edge,False,67.05206298828125,0.030655655655655655,0.029776936026936027,0.03194444444444444,0.0021675084175084153,0.005318921748456528
353,5de6c12e02a9e36835018cc3abb08e3288d1688130193055566a10d153a20ef7:353,1.0,2,circular,ballistic,inside,False,27.763458251953125,0.04448198198198198,0.03648068669527897,0.04691579634464752,0.01043510964936855,0.010141891184865595
354,5de6c12e02a9e36835018cc3abb08e3288d1688130193055566a10d153a20ef7:354,1.0,1,elliptical,ballistic,outside,False,83.83226776123047,0.02665165165165165,0.02834008097165992,0.026097074468085107,-0.0022430065035748126,0.005588766625156981
355,5de6c12e02a9e36835018cc3abb08e3288d1688130193055566a10d153a20ef7:355,1.0,2,elliptical,ballistic,outside,False,13.574739456176758,0.037162162162162164,0.03134984025559105,0.03981413994169096,0.008464299686099908,0.011766419753646569
356,5de6c12e02a9e36835018cc3abb08e3288d1688130193055566a10d153a20ef7:356,1.0,0,elliptical,ballistic,edge,False,80.36183166503906,0.031031031031031032,0.03595132743362832,0.029592496765847347,-0.006358830667780972,0.006185789336490629
357,5de6c12e02a9e36835018cc3abb08e3288d1688130193055566a10d153a20ef7:357,1.0,2,elliptical,diffusive,inside,False,11.033352851867676,0.04316816816816817,0.023809523809523808,0.04447115384615385,0.02066163003663004,0.02569029383645913
358,5de6c12e02a9e36835018cc3abb08e3288d1688130193055566a10d153a20ef7:358,1.0,0,circular,diffusive,inside,False,82.98609924316406,0.02615115115115115,0.02489406779661017,0.026319523269012487,0.0014254554724023177,0.0055381121061888715
359,5de6c12e02a9e36835018cc3abb08e3288d1688130193055566a10d153a20ef7:359,1.0,0,circular,ballistic,edge,False,83.6700439453125,0.026964464464464464,0.025669642857142856,0.02704135737009544,0.0013717145129525828,0.004507544714225488
360,5de6c12e02a9e36835018cc3abb08e3288d1688130193055566a10d153a20ef7:360,0.25,1,elliptical,ballistic,inside,False,61.24705505371094,0.03112449799196787,0.030833333333333334,0.03156565656565657,0.0007323232323232336,0.011922030207869395
361,5de6c12e02a9e36835018cc3abb08e3288d1688130193055566a10d153a20ef7:361,0.25,2,circular,diffusive,inside,False,20.80293273925781,0.02961847389558233,0.02961847389558233,,,0.011348046742427023
362,5de6c12e02a9e36835018cc3abb08e3288d1688130193055566a10d153a20ef7:362,0.25,1,circular,ballistic,edge,False,69.33370208740234,0.030622489959839357,0.030622489959839357,,,0.01775576223275843
363,5de6c12e02a9e36835018cc3abb08e3288d1688130193055566a10d153a20ef7:363,0.25,2,elliptical,ballistic,inside,False,7.1637115478515625,0.0321285140562249,0.0321285140562249,,,0.011665612488576556
364,5de6c12e02a9e36835018cc3abb08e3288d1688130193055566a10d153a20ef7:364,0.25,0,elliptical,ballistic,inside,False,80.50086212158203,0.02786144578313253,0.027624309392265192,0.02849264705882353,0.0008683376665583366,0.010926605853252468
365,5de6c12e02a9e36835018cc3abb08e3288d1688130193055566a10d153a20ef7:365,0.25,2,circular,ballistic,edge,False,4.82391357421875,0.03263052208835342,0.03263052208835342,,,0.005567538406832037
366,5de6c12e02a9e36835018cc3abb08e3288d1688130193055566a10d153a20ef7:366,0.25,1,elliptical,ballistic,outside,False,77.89402770996094,0.03187751004016064,0.03187751004016064,,,0.006915149253993931
367,5de6c12e02a9e36835018cc3abb08e3288d1688130193055566a10d153a20ef7:367,0.25,0,elliptical,diffusive,outside,False,83.83525085449219,0.020582329317269075,0.020582329317269075,,,0.00885300807658052
368,5de6c12e02a9e36835018cc3abb08e3288d1688130193055566a10d153a20ef7:368,0.25,1,circular,ballistic,inside,False,68.94356536865234,0.027359437751004016,0.027359437751004016,,,0.010903517384022827
369,5de6c12e02a9e36835018cc3abb08e3288d1688130193055566a10d153a20ef7:369,0.25,2,elliptical,diffusive,edge,False,5.312642574310303,0.029116465863453816,0.029116465863453816,,,0.006883187349800246
370,5de6c12e02a9e36835018cc3abb08e3288d1688130193055566a10d153a20ef7:370,0.25,0,elliptical,ballistic,edge,False,83.3645248413086,0.029116465863453816,0.029116465863453816,,,0.007309347278394095
371,5de6c12e02a9e36835018cc3abb08e3288d1688130193055566a10d153a20ef7:371,0.25,0,circular,ballistic,edge,False,83.69769287109375,0.03438755020080321,0.032457081545064374,0.0625,0.030042918454935626,0.00407060108941437
372,5de6c12e02a9e36835018cc3abb08e3288d1688130193055566a10d153a20ef7:372,0.25,1,elliptical,ballistic,edge,False,79.54173278808594,0.028112449799196786,0.028112449799196786,,,0.00931086194326878
373,5de6c12e02a9e36835018cc3abb08e3288d1688130193055566a10d153a20ef7:373,0.25,2,elliptical,ballistic,edge,False,23.102174758911133,0.02108433734939759,0.021367521367521368,0.016666666666666666,-0.0047008547008547015,0.011044176706827308
374,5de6c12e02a9e36835018cc3abb08e3288d1688130193055566a10d153a20ef7:374,0.25,0,elliptical,diffusive,inside,False,83.8340835571289,0.029367469879518073,0.030833333333333334,0.027146464646464648,-0.0036868686868686863,0.007165714068082428
375,5de6c12e02a9e36835018cc3abb08e3288d1688130193055566a10d153a20ef7:375,0.25,0,circular,diffusive,inside,False,83.23847961425781,0.026606425702811246,0.026606425702811246,,,0.007081694768908577
376,5de6c12e02a9e36835018cc3abb08e3288d1688130193055566a10d153a20ef7:376,0.25,0,elliptical,diffusive,edge,False,83.83323669433594,0.024849397590361446,0.024849397590361446,,,0.011177431766170842
377,5de6c12e02a9e36835018cc3abb08e3288d1688130193055566a10d153a20ef7:377,0.25,2,elliptical,ballistic,outside,False,4.30621862411499,0.02886546184738956,0.02886546184738956,,,0.007642237624316431
378,5de6c12e02a9e36835018cc3abb08e3288d1688130193055566a10d153a20ef7:378,0.25,0,circular,ballistic,inside,False,83.48361206054688,0.033634538152610444,0.03438995215311005,0.0296875,-0.004702452153110048,0.011168973625144072
379,5de6c12e02a9e36835018cc3abb08e3288d1688130193055566a10d153a20ef7:379,0.25,2,elliptical,diffusive,outside,False,13.080317497253418,0.025100401606425703,0.02513227513227513,0.025,-0.0001322751322751295,0.008400201069619232
380,5de6c12e02a9e36835018cc3abb08e3288d1688130193055566a10d153a20ef7:380,0.25,2,circular,diffusive,edge,False,64.25540161132812,0.02459839357429719,0.02459839357429719,,,0.009188255631387112
381,5de6c12e02a9e36835018cc3abb08e3288d1688130193055566a10d153a20ef7:381,0.25,1,circular,ballistic,outside,False,82.91079711914062,0.028112449799196786,0.028112449799196786,,,0.011578878107099191
382,5de6c12e02a9e36835018cc3abb08e3288d1688130193055566a10d153a20ef7:382,0.25,2,elliptical,diffusive,inside,False,18.49246406555176,0.03187751004016064,0.03187751004016064,,,0.014285194051337545
383,5de6c12e02a9e36835018cc3abb08e3288d1688130193055566a10d153a20ef7:383,0.25,2,circular,ballistic,outside,False,11.379786491394045,0.0286144578313253,0.027644230769230768,0.03353658536585366,0.005892354596622892,0.008680530354312542
384,5de6c12e02a9e36835018cc3abb08e3288d1688130193055566a10d153a20ef7:384,0.25,1,circular,diffusive,outside,False,61.24155044555664,0.027610441767068273,0.027610441767068273,,,0.007695637408009985
385,5de6c12e02a9e36835018cc3abb08e3288d1688130193055566a10d153a20ef7:385,0.25,0,circular,diffusive,edge,False,83.83525085449219,0.024849397590361446,0.0059121621621621625,0.032857142857142856,0.02694498069498069,0.007441750542356221
386,5de6c12e02a9e36835018cc3abb08e3288d1688130193055566a10d153a20ef7:386,0.25,0,circular,diffusive,outside,False,81.74584197998047,0.022590361445783132,0.022590361445783132,,,0.008738401197554825
387,5de6c12e02a9e36835018cc3abb08e3288d1688130193055566a10d153a20ef7:387,0.25,1,elliptical,diffusive,outside,False,74.77024841308594,0.027610441767068273,0.0273972602739726,0.027912621359223302,0.0005153610852507012,0.011303544426905324
388,5de6c12e02a9e36835018cc3abb08e3288d1688130193055566a10d153a20ef7:388,0.25,2,circular,ballistic,inside,False,7.289355278015137,0.024347389558232933,0.024347389558232933,,,0.009060514883423718
389,5de6c12e02a9e36835018cc3abb08e3288d1688130193055566a10d153a20ef7:389,0.25,1,circular,diffusive,inside,False,80.6948013305664,0.030873493975903613,0.030873493975903613,,,0.00925316696343713
390,5de6c12e02a9e36835018cc3abb08e3288d1688130193055566a10d153a20ef7:390,0.25,2,circular,diffusive,outside,False,13.956027030944824,0.030120481927710843,0.030120481927710843,,,0.008923889977224486
391,5de6c12e02a9e36835018cc3abb08e3288d1688130193055566a10d153a20ef7:391,0.25,0,elliptical,ballistic,outside,False,82.630859375,0.0303714859437751,0.03389830508474576,0.02719465648854962,-0.006703648596196144,0.01537284337126763
392,5de6c12e02a9e36835018cc3abb08e3288d1688130193055566a10d153a20ef7:392,0.25,1,elliptical,diffusive,inside,False,79.6235122680664,0.03288152610441767,0.04282407407407408,0.03012820512820513,-0.012695868945868948,0.006730465701702772
393,5de6c12e02a9e36835018cc3abb08e3288d1688130193055566a10d153a20ef7:393,0.25,0,circular,ballistic,outside,False,83.83370971679688,0.022339357429718876,0.022339357429718876,,,0.008121832172371203
394,5de6c12e02a9e36835018cc3abb08e3288d1688130193055566a10d153a20ef7:394,0.25,1,elliptical,diffusive,edge,False,78.17259216308594,0.029367469879518073,0.029367469879518073,,,0.012294073189014515
395,5de6c12e02a9e36835018cc3abb08e3288d1688130193055566a10d153a20ef7:395,0.25,1,circular,diffusive,edge,False,77.2284927368164,0.02108433734939759,0.025,0.018456375838926176,-0.006543624161073826,0.006428839595816115
360,5de6c12e02a9e36835018cc3abb08e3288d1688130193055566a10d153a20ef7:360,0.5,1,elliptical,ballistic,inside,False,61.24705505371094,0.02868236472945892,0.030833333333333334,0.02775787965616046,-0.0030754536771728756,0.008261787366753749
361,5de6c12e02a9e36835018cc3abb08e3288d1688130193055566a10d153a20ef7:361,0.5,2,circular,diffusive,inside,False,20.80293273925781,0.03193887775551102,0.031057098765432098,0.03357142857142857,0.0025143298059964736,0.011913291457331847
362,5de6c12e02a9e36835018cc3abb08e3288d1688130193055566a10d153a20ef7:362,0.5,1,circular,ballistic,edge,False,69.33370208740234,0.02780561122244489,0.028044871794871796,0.024193548387096774,-0.0038513234077750223,0.011300344257154269
363,5de6c12e02a9e36835018cc3abb08e3288d1688130193055566a10d153a20ef7:363,0.5,2,elliptical,ballistic,inside,False,7.1637115478515625,0.0373246492985972,0.033196721311475406,0.04381443298969072,0.010617711678215312,0.0135154518639441
364,5de6c12e02a9e36835018cc3abb08e3288d1688130193055566a10d153a20ef7:364,0.5,0,elliptical,ballistic,inside,False,80.50086212158203,0.026427855711422844,0.027624309392265192,0.02574685534591195,-0.0018774540463532413,0.009956430107218037
365,5de6c12e02a9e36835018cc3abb08e3288d1688130193055566a10d153a20ef7:365,0.5,2,circular,ballistic,edge,False,4.82391357421875,0.033942885771543085,0.032546082949308754,0.04326923076923077,0.010723147819922015,0.006711136435179767
366,5de6c12e02a9e36835018cc3abb08e3288d1688130193055566a10d153a20ef7:366,0.5,1,elliptical,ballistic,outside,False,77.89402770996094,0.02655310621242485,0.029616013071895424,0.021696891191709845,-0.007919121880185578,0.003612776829122234
367,5de6c12e02a9e36835018cc3abb08e3288d1688130193055566a10d153a20ef7:367,0.5,0,elliptical,diffusive,outside,False,83.83525085449219,0.02342184368737475,0.023863636363636365,0.022559171597633137,-0.0013044647660032278,0.005884108039351877
368,5de6c12e02a9e36835018cc3abb08e3288d1688130193055566a10d153a20ef7:368,0.5,1,circular,ballistic,inside,False,68.94356536865234,0.029433867735470944,0.029433867735470944,,,0.009196321330551416
369,5de6c12e02a9e36835018cc3abb08e3288d1688130193055566a10d153a20ef7:369,0.5,2,elliptical,diffusive,edge,False,5.312642574310303,0.031187374749498998,0.032025959367945826,0.024553571428571428,-0.007472387939374398,0.006597979554642247
370,5de6c12e02a9e36835018cc3abb08e3288d1688130193055566a10d153a20ef7:370,0.5,0,elliptical,ballistic,edge,False,83.3645248413086,0.02755511022044088,0.02833044982698962,0.026488095238095238,-0.001842354588894382,0.007447930234127508
371,5de6c12e02a9e36835018cc3abb08e3288d1688130193055566a10d153a20ef7:371,0.5,0,circular,ballistic,edge,False,83.69769287109375,0.030185370741482965,0.032457081545064374,0.02819548872180451,-0.004261592823259865,0.004842839411117537
372,5de6c12e02a9e36835018cc3abb08e3288d1688130193055566a10d153a20ef7:372,0.5,1,elliptical,ballistic,edge,False,79.54173278808594,0.029183366733466935,0.029283216783216784,0.029049295774647887,-0.0002339210085688971,0.00728501534028851
373,5de6c12e02a9e36835018cc3abb08e3288d1688130193055566a10d153a20ef7:373,0.5,2,elliptical,ballistic,edge,False,23.102174758911133,0.02780561122244489,0.021367521367521368,0.03349056603773585,0.01212304467021448,0.008717290902457573
374,5de6c12e02a9e36835018cc3abb08e3288d1688130193055566a10d153a20ef7:374,0.5,0,elliptical,diffusive,inside,False,83.8340835571289,0.027930861723446894,0.030833333333333334,0.026683381088825214,-0.0041499522445081205,0.007572218937971865
375,5de6c12e02a9e36835018cc3abb08e3288d1688130193055566a10d153a20ef7:375,0.5,0,circular,diffusive,inside,False,83.23847961425781,0.026427855711422844,0.02644878706199461,0.0263671875,-8.159956199460874e-05,0.0066830268396563626
376,5de6c12e02a9e36835018cc3abb08e3288d1688130193055566a10d153a20ef7:376,0.5,0,elliptical,diffusive,edge,False,83.83323669433594,0.026177354709418836,0.024166666666666666,0.02920854271356784,0.005041876046901175,0.009298109946376485
377,5de6c12e02a9e36835018cc3abb08e3288d1688130193055566a10d153a20ef7:377,0.5,2,elliptical,ballistic,outside,False,4.30621862411499,0.028807615230460923,0.028807615230460923,,,0.006883081996009061
378,5de6c12e02a9e36835018cc3abb08e3288d1688130193055566a10d153a20ef7:378,0.5,0,circular,ballistic,inside,False,83.48361206054688,0.03294088176352705,0.03438995215311005,0.03189655172413793,-0.0024934004289721146,0.011352284216416247
379,5de6c12e02a9e36835018cc3abb08e3288d1688130193055566a10d153a20ef7:379,0.5,2,elliptical,diffusive,outside,False,13.080317497253418,0.031437875751503,0.02513227513227513,0.03528225806451613,0.010149982932241002,0.009610068639888919
380,5de6c12e02a9e36835018cc3abb08e3288d1688130193055566a10d153a20ef7:380,0.5,2,circular,diffusive,edge,False,64.25540161132812,0.02717935871743487,0.02717935871743487,,,0.008841478909675899
381,5de6c12e02a9e36835018cc3abb08e3288d1688130193055566a10d153a20ef7:381,0.5,1,circular,ballistic,outside,False,82.91079711914062,0.030811623246492986,0.029065860215053762,0.0359251968503937,0.0068593366353399375,0.011704054495214094
382,5de6c12e02a9e36835018cc3abb08e3288d1688130193055566a10d153a20ef7:382,0.5,2,elliptical,diffusive,inside,False,18.49246406555176,0.031312625250501,0.031312625250501,,,0.010116643540234805
383,5de6c12e02a9e36835018cc3abb08e3288d1688130193055566a10d153a20ef7:383,0.5,2,circular,ballistic,outside,False,11.379786491394045,0.041708416833667335,0.027644230769230768,0.05176116838487973,0.02411693761564896,0.016555349500082785
384,5de6c12e02a9e36835018cc3abb08e3288d1688130193055566a10d153a20ef7:384,0.5,1,circular,diffusive,outside,False,61.24155044555664,0.02780561122244489,0.02780561122244489,,,0.008105555955592906
385,5de6c12e02a9e36835018cc3abb08e3288d1688130193055566a10d153a20ef7:385,0.5,0,circular,diffusive,edge,False,83.83525085449219,0.025425851703406815,0.0059121621621621625,0.028823529411764706,0.022911367249602542,0.006296251867513429
386,5de6c12e02a9e36835018cc3abb08e3288d1688130193055566a10d153a20ef7:386,0.5,0,circular,diffusive,outside,False,81.74584197998047,0.026427855711422844,0.026427855711422844,,,0.009880510231349263
387,5de6c12e02a9e36835018cc3abb08e3288d1688130193055566a10d153a20ef7:387,0.5,1,elliptical,diffusive,outside,False,74.77024841308594,0.029183366733466935,0.0273972602739726,0.029922096317280454,0.002524836043307853,0.010394282431444196
388,5de6c12e02a9e36835018cc3abb08e3288d1688130193055566a10d153a20ef7:388,0.5,2,circular,ballistic,inside,False,7.289355278015137,0.04271042084168337,0.026988636363636364,0.06037234042553191,0.033383704061895544,0.014467923866288448
389,5de6c12e02a9e36835018cc3abb08e3288d1688130193055566a10d153a20ef7:389,0.5,1,circular,diffusive,inside,False,80.6948013305664,0.03168837675350701,0.03117782909930716,0.035037878787878785,0.003860049688571624,0.008862745275718682
390,5de6c12e02a9e36835018cc3abb08e3288d1688130193055566a10d153a20ef7:390,0.5,2,circular,diffusive,outside,False,13.956027030944824,0.028557114228456915,0.028379265091863518,0.02913135593220339,0.000752090840339871,0.008031673117175049
391,5de6c12e02a9e36835018cc3abb08e3288d1688130193055566a10d153a20ef7:391,0.5,0,elliptical,ballistic,outside,False,82.630859375,0.03006012024048096,0.03389830508474576,0.028871391076115485,-0.005026914008630277,0.010243010170471379
392,5de6c12e02a9e36835018cc3abb08e3288d1688130193055566a10d153a20ef7:392,0.5,1,elliptical,diffusive,inside,False,79.6235122680664,0.03381763527054108,0.04282407407407408,0.032724719101123595,-0.010099354972950482,0.00639145832774202
393,5de6c12e02a9e36835018cc3abb08e3288d1688130193055566a10d153a20ef7:393,0.5,0,circular,ballistic,outside,False,83.83370971679688,0.025676352705410823,0.0257260101010101,0.025485436893203883,-0.00024057320780621755,0.006701779670176226
394,5de6c12e02a9e36835018cc3abb08e3288d1688130193055566a10d153a20ef7:394,0.5,1,elliptical,diffusive,edge,False,78.17259216308594,0.02717935871743487,0.02851159793814433,0.02252252252252252,-0.005989075415621808,0.008926240382062542
395,5de6c12e02a9e36835018cc3abb08e3288d1688130193055566a10d153a20ef7:395,0.5,1,circular,diffusive,edge,False,77.2284927368164,0.02592685370741483,0.025,0.026159147869674184,0.0011591478696741826,0.004521178769483979
360,5de6c12e02a9e36835018cc3abb08e3288d1688130193055566a10d153a20ef7:360,1.0,1,elliptical,ballistic,inside,False,61.24705505371094,0.030155155155155156,0.030833333333333334,0.030035335689045935,-0.0007979976442873994,0.008492853465792451
361,5de6c12e02a9e36835018cc3abb08e3288d1688130193055566a10d153a20ef7:361,1.0,2,circular,diffusive,inside,False,20.80293273925781,0.033345845845845844,0.031057098765432098,0.034444444444444444,0.0033873456790123463,0.009899722458483634
362,5de6c12e02a9e36835018cc3abb08e3288d1688130193055566a10d153a20ef7:362,1.0,1,circular,ballistic,edge,False,69.33370208740234,0.028653653653653653,0.028044871794871796,0.02919020715630885,0.0011453353614370547,0.009870619830717282
363,5de6c12e02a9e36835018cc3abb08e3288d1688130193055566a10d153a20ef7:363,1.0,2,elliptical,ballistic,inside,False,7.1637115478515625,0.06662912912912913,0.033196721311475406,0.08132204610951009,0.048125324798034684,0.0336094913673509
364,5de6c12e02a9e36835018cc3abb08e3288d1688130193055566a10d153a20ef7:364,1.0,0,elliptical,ballistic,inside,False,80.50086212158203,0.029717217217217217,0.027624309392265192,0.030180317848410756,0.0025560084561455643,0.00854500174620406
365,5de6c12e02a9e36835018cc3abb08e3288d1688130193055566a10d153a20ef7:365,1.0,2,circular,ballistic,edge,False,4.82391357421875,0.07757757757757758,0.032546082949308754,0.11216814159292035,0.0796220586436116,0.027317425523513895
366,5de6c12e02a9e36835018cc3abb08e3288d1688130193055566a10d153a20ef7:366,1.0,1,elliptical,ballistic,outside,False,77.89402770996094,0.030593093093093094,0.029616013071895424,0.031024531024531024,0.0014085179526356004,0.008301512214348957
367,5de6c12e02a9e36835018cc3abb08e3288d1688130193055566a10d153a20ef7:367,1.0,0,elliptical,diffusive,outside,False,83.83525085449219,0.026526526526526525,0.023863636363636365,0.027840059790732438,0.0039764234270960735,0.0073131327308320615
368,5de6c12e02a9e36835018cc3abb08e3288d1688130193055566a10d153a20ef7:368,1.0,1,circular,ballistic,inside,False,68.94356536865234,0.030217717717717717,0.029581850533807828,0.031035469107551488,0.0014536185737436605,0.008054550293783618
369,5de6c12e02a9e36835018cc3abb08e3288d1688130193055566a10d153a20ef7:369,1.0,2,elliptical,diffusive,edge,False,5.312642574310303,0.04229229229229229,0.032025959367945826,0.05047212230215827,0.018446162934212446,0.02314645720631835
370,5de6c12e02a9e36835018cc3abb08e3288d1688130193055566a10d153a20ef7:370,1.0,0,elliptical,ballistic,edge,False,83.3645248413086,0.02784034034034034,0.02833044982698962,0.027640845070422537,-0.0006896047565670832,0.00653501828394374
371,5de6c12e02a9e36835018cc3abb08e3288d1688130193055566a10d153a20ef7:371,1.0,0,circular,ballistic,edge,False,83.69769287109375,0.028215715715715715,0.032457081545064374,0.026925587467362923,-0.005531494077701451,0.006270941223848466
372,5de6c12e02a9e36835018cc3abb08e3288d1688130193055566a10d153a20ef7:372,1.0,1,elliptical,ballistic,edge,False,79.54173278808594,0.031406406406406406,0.029283216783216784,0.03225806451612903,0.0029748477329122475,0.008173458205230286
373,5de6c12e02a9e36835018cc3abb08e3288d1688130193055566a10d153a20ef7:373,1.0,2,elliptical,ballistic,edge,False,23.102174758911133,0.04035285285285285,0.021367521367521368,0.04616013071895425,0.024792609351432883,0.01612306547395111
374,5de6c12e02a9e36835018cc3abb08e3288d1688130193055566a10d153a20ef7:374,1.0,0,elliptical,diffusive,inside,False,83.8340835571289,0.027965465465465467,0.030833333333333334,0.02745877502944641,-0.0033745583038869258,0.006781908752583627
375,5de6c12e02a9e36835018cc3abb08e3288d1688130193055566a10d153a20ef7:375,1.0,0,circular,diffusive,inside,False,83.23847961425781,0.026901901901901903,0.02644878706199461,0.027169585987261147,0.0007207989252665387,0.005644516300620601
376,5de6c12e02a9e36835018cc3abb08e3288d1688130193055566a10d153a20ef7:376,1.0,0,elliptical,diffusive,edge,False,83.83323669433594,0.02702702702702703,0.024166666666666666,0.028254649499284693,0.004087982832618027,0.007257257257257257
377,5de6c12e02a9e36835018cc3abb08e3288d1688130193055566a10d153a20ef7:377,1.0,2,elliptical,ballistic,outside,False,4.30621862411499,0.048986486486486486,0.027827648114901255,0.07565045248868778,0.047822804373786526,0.02295551629240286
378,5de6c12e02a9e36835018cc3abb08e3288d1688130193055566a10d153a20ef7:378,1.0,0,circular,ballistic,inside,False,83.48361206054688,0.032532532532532535,0.03438995215311005,0.032041139240506326,-0.0023488129126037205,0.010390660406419765
379,5de6c12e02a9e36835018cc3abb08e3288d1688130193055566a10d153a20ef7:379,1.0,2,elliptical,diffusive,outside,False,13.080317497253418,0.04254254254254254,0.02513227513227513,0.04660493827160494,0.021472663139329808,0.020465513814074947
380,5de6c12e02a9e36835018cc3abb08e3288d1688130193055566a10d153a20ef7:380,1.0,2,circular,diffusive,edge,False,64.25540161132812,0.029154154154154153,0.027270797962648557,0.031859756097560976,0.004588958134912419,0.00858088366646643
381,5de6c12e02a9e36835018cc3abb08e3288d1688130193055566a10d153a20ef7:381,1.0,1,circular,ballistic,outside,False,82.91079711914062,0.0315940940940941,0.029065860215053762,0.033094098883572565,0.004028238668518803,0.009517532243527898
382,5de6c12e02a9e36835018cc3abb08e3288d1688130193055566a10d153a20ef7:382,1.0,2,elliptical,diffusive,inside,False,18.49246406555176,0.032157157157157154,0.031045081967213114,0.03390102827763496,0.0028559463104218495,0.008325288375945832
383,5de6c12e02a9e36835018cc3abb08e3288d1688130193055566a10d153a20ef7:383,1.0,2,circular,ballistic,outside,False,11.379786491394045,0.056243743743743746,0.027644230769230768,0.06376422250316055,0.03611999173392978,0.02505370916146253
384,5de6c12e02a9e36835018cc3abb08e3288d1688130193055566a10d153a20ef7:384,1.0,1,circular,diffusive,outside,False,61.24155044555664,0.02834084084084084,0.028044871794871796,0.02869757174392936,0.0006526999490575648,0.007532231145387738
385,5de6c12e02a9e36835018cc3abb08e3288d1688130193055566a10d153a20ef7:385,1.0,0,circular,diffusive,edge,False,83.83525085449219,0.025588088088088087,0.0059121621621621625,0.027162162162162162,0.021249999999999998,0.003569357313712691
386,5de6c12e02a9e36835018cc3abb08e3288d1688130193055566a10d153a20ef7:386,1.0,0,circular,diffusive,outside,False,81.74584197998047,0.026276276276276277,0.025675675675675677,0.02702702702702703,0.0013513513513513514,0.007909649964604158
387,5de6c12e02a9e36835018cc3abb08e3288d1688130193055566a10d153a20ef7:387,1.0,1,elliptical,diffusive,outside,False,74.77024841308594,0.029341841841841843,0.0273972602739726,0.029674677608440798,0.0022774173344681965,0.008722711106209797
388,5de6c12e02a9e36835018cc3abb08e3288d1688130193055566a10d153a20ef7:388,1.0,2,circular,ballistic,inside,False,7.289355278015137,0.08445945945945946,0.026988636363636364,0.10510204081632653,0.07811340445269016,0.029367642557760257
389,5de6c12e02a9e36835018cc3abb08e3288d1688130193055566a10d153a20ef7:389,1.0,1,circular,diffusive,inside,False,80.6948013305664,0.03284534534534535,0.03117782909930716,0.03412102473498233,0.0029431956356751714,0.008325993560252251
390,5de6c12e02a9e36835018cc3abb08e3288d1688130193055566a10d153a20ef7:390,1.0,2,circular,diffusive,outside,False,13.956027030944824,0.03165665665665666,0.028379265091863518,0.033677184466019416,0.005297919374155899,0.009629758395789367
391,5de6c12e02a9e36835018cc3abb08e3288d1688130193055566a10d153a20ef7:391,1.0,0,elliptical,ballistic,outside,False,82.630859375,0.031156156156156155,0.03389830508474576,0.030788876276958,-0.003109428807787761,0.007282024287763495
392,5de6c12e02a9e36835018cc3abb08e3288d1688130193055566a10d153a20ef7:392,1.0,1,elliptical,diffusive,inside,False,79.6235122680664,0.03322072072072072,0.04282407407407408,0.03267195767195767,-0.010152116402116405,0.006839378712664573
393,5de6c12e02a9e36835018cc3abb08e3288d1688130193055566a10d153a20ef7:393,1.0,0,circular,ballistic,outside,False,83.83370971679688,0.026276276276276277,0.0257260101010101,0.02663764510779436,0.0009116350067842616,0.006385060471558094
394,5de6c12e02a9e36835018cc3abb08e3288d1688130193055566a10d153a20ef7:394,1.0,1,elliptical,diffusive,edge,False,78.17259216308594,0.027464964964964964,0.02851159793814433,0.026800327332242226,-0.0017112706059021036,0.008335390316880052
395,5de6c12e02a9e36835018cc3abb08e3288d1688130193055566a10d153a20ef7:395,1.0,1,circular,diffusive,edge,False,77.2284927368164,0.026964464464464464,0.025,0.02718298109010011,0.0021829810901001084,0.00637248147755986
396,5de6c12e02a9e36835018cc3abb08e3288d1688130193055566a10d153a20ef7:396,0.25,1,elliptical,ballistic,inside,False,82.04547882080078,0.03187751004016064,0.03187751004016064,,,0.01255772866601304
397,5de6c12e02a9e36835018cc3abb08e3288d1688130193055566a10d153a20ef7:397,0.25,2,elliptical,diffusive,inside,False,5.389716148376465,0.023343373493975902,0.023343373493975902,,,0.009936082034583077
398,5de6c12e02a9e36835018cc3abb08e3288d1688130193055566a10d153a20ef7:398,0.25,1,elliptical,diffusive,edge,False,51.166481018066406,0.022590361445783132,0.022590361445783132,,,0.010324781024700368
399,5de6c12e02a9e36835018cc3abb08e3288d1688130193055566a10d153a20ef7:399,0.25,2,circular,diffusive,inside,False,25.052642822265625,0.02961847389558233,0.02961847389558233,,,0.010127631025016072
400,5de6c12e02a9e36835018cc3abb08e3288d1688130193055566a10d153a20ef7:400,0.25,0,circular,diffusive,edge,False,83.83523559570312,0.033634538152610444,0.03420781893004115,0.010416666666666666,-0.023791152263374485,0.011123754922771255
401,5de6c12e02a9e36835018cc3abb08e3288d1688130193055566a10d153a20ef7:401,0.25,0,circular,diffusive,inside,False,83.71678924560547,0.029367469879518073,0.029367469879518073,,,0.008691410488544571
402,5de6c12e02a9e36835018cc3abb08e3288d1688130193055566a10d153a20ef7:402,0.25,0,elliptical,diffusive,inside,False,83.83525085449219,0.0356425702811245,0.0356425702811245,,,0.010661024388351056
403,5de6c12e02a9e36835018cc3abb08e3288d1688130193055566a10d153a20ef7:403,0.25,2,circular,diffusive,edge,False,28.639270782470703,0.022339357429718876,0.022339357429718876,,,0.00975692355701647
404,5de6c12e02a9e36835018cc3abb08e3288d1688130193055566a10d153a20ef7:404,0.25,1,elliptical,ballistic,edge,False,81.54296112060547,0.02886546184738956,0.02886546184738956,,,0.009198535241871834
405,5de6c12e02a9e36835018cc3abb08e3288d1688130193055566a10d153a20ef7:405,0.25,0,circular,ballistic,inside,False,83.34964752197266,0.02635542168674699,0.02635542168674699,,,0.01177045591133871
406,5de6c12e02a9e36835018cc3abb08e3288d1688130193055566a10d153a20ef7:406,0.25,1,circular,diffusive,outside,False,68.67798614501953,0.02961847389558233,0.02961847389558233,,,0.010324781024700367
407,5de6c12e02a9e36835018cc3abb08e3288d1688130193055566a10d153a20ef7:407,0.25,2,circular,ballistic,inside,False,48.43302154541016,0.03162650602409638,0.03190789473684211,0.03072033898305085,-0.0011875557537912584,0.007222637836314336
408,5de6c12e02a9e36835018cc3abb08e3288d1688130193055566a10d153a20ef7:408,0.25,0,elliptical,ballistic,inside,False,83.81951141357422,0.036646586345381524,0.03237951807228916,0.038780120481927714,0.0064006024096385575,0.00868053035431254
409,5de6c12e02a9e36835018cc3abb08e3288d1688130193055566a10d153a20ef7:409,0.25,1,circular,diffusive,edge,False,77.87457275390625,0.029869477911646587,0.029869477911646587,,,0.010972637045378712
410,5de6c12e02a9e36835018cc3abb08e3288d1688130193055566a10d153a20ef7:410,0.25,2,elliptical,ballistic,outside,False,22.95292282104492,0.02384538152610442,0.02507716049382716,0.021551724137931036,-0.003525436355896125,0.012024638119481408
411,5de6c12e02a9e36835018cc3abb08e3288d1688130193055566a10d153a20ef7:411,0.25,1,elliptical,diffusive,outside,False,75.4111328125,0.027359437751004016,0.027359437751004016,,,0.00897668410755405
412,5de6c12e02a9e36835018cc3abb08e3288d1688130193055566a10d153a20ef7:412,0.25,2,elliptical,diffusive,edge,False,43.03070068359375,0.022339357429718876,0.0265625,0.020340236686390532,-0.006222263313609467,0.00975692355701647
413,5de6c12e02a9e36835018cc3abb08e3288d1688130193055566a10d153a20ef7:413,0.25,0,elliptical,diffusive,edge,False,83.20339965820312,0.02886546184738956,0.02886546184738956,,,0.0075091743482186704
414,5de6c12e02a9e36835018cc3abb08e3288d1688130193055566a10d153a20ef7:414,0.25,0,elliptical,ballistic,edge,False,83.83364868164062,0.03112449799196787,0.03112449799196787,,,0.010385622924486545
415,5de6c12e02a9e36835018cc3abb08e3288d1688130193055566a10d153a20ef7:415,0.25,0,circular,ballistic,edge,False,83.61306762695312,0.0321285140562249,0.0321285140562249,,,0.009837308203948505
416,5de6c12e02a9e36835018cc3abb08e3288d1688130193055566a10d153a20ef7:416,0.25,2,elliptical,ballistic,inside,False,20.70625305175781,0.026857429718875503,0.026857429718875503,,,0.010527217357184121
417,5de6c12e02a9e36835018cc3abb08e3288d1688130193055566a10d153a20ef7:417,0.25,2,circular,diffusive,outside,False,22.23851776123047,0.0338855421686747,0.0338855421686747,,,0.014530075942175003
418,5de6c12e02a9e36835018cc3abb08e3288d1688130193055566a10d153a20ef7:418,0.25,0,elliptical,ballistic,outside,False,83.7334976196289,0.029116465863453816,0.029296875,0.029054054054054056,-0.00024282094594594433,0.01104417670682731
419,5de6c12e02a9e36835018cc3abb08e3288d1688130193055566a10d153a20ef7:419,0.25,1,elliptical,ballistic,outside,False,66.74703216552734,0.03413654618473896,0.03413654618473896,,,0.01062550727335177
420,5de6c12e02a9e36835018cc3abb08e3288d1688130193055566a10d153a20ef7:420,0.25,1,circular,ballistic,inside,False,47.957645416259766,0.027610441767068273,0.0234375,0.03263274336283186,0.00919524336283186,0.008202878834522184
421,5de6c12e02a9e36835018cc3abb08e3288d1688130193055566a10d153a20ef7:421,0.25,2,elliptical,diffusive,outside,False,38.021602630615234,0.03263052208835342,0.03409090909090909,0.025,-0.009090909090909087,0.004461944988612244
422,5de6c12e02a9e36835018cc3abb08e3288d1688130193055566a10d153a20ef7:422,0.25,0,circular,diffusive,outside,False,83.83525085449219,0.025100401606425703,0.025100401606425703,,,0.009471868606482534
423,5de6c12e02a9e36835018cc3abb08e3288d1688130193055566a10d153a20ef7:423,0.25,0,circular,ballistic,outside,False,83.79035949707031,0.0321285140562249,0.0321285140562249,,,0.009785938097197754
424,5de6c12e02a9e36835018cc3abb08e3288d1688130193055566a10d153a20ef7:424,0.25,1,circular,ballistic,edge,False,82.71932220458984,0.029367469879518073,0.029367469879518073,,,0.011132247420450143
425,5de6c12e02a9e36835018cc3abb08e3288d1688130193055566a10d153a20ef7:425,0.25,1,circular,ballistic,outside,False,72.85254669189453,0.029116465863453816,0.029116465863453816,,,0.012818419010847093
426,5de6c12e02a9e36835018cc3abb08e3288d1688130193055566a10d153a20ef7:426,0.25,2,circular,ballistic,outside,False,36.58163833618164,0.02133534136546185,0.02133534136546185,,,0.003165040214085967
427,5de6c12e02a9e36835018cc3abb08e3288d1688130193055566a10d153a20ef7:427,0.25,2,circular,ballistic,edge,False,11.33766746520996,0.02886546184738956,0.02886546184738956,,,0.008214391652587135
428,5de6c12e02a9e36835018cc3abb08e3288d1688130193055566a10d153a20ef7:428,0.25,1,elliptical,diffusive,inside,False,78.74757385253906,0.02786144578313253,0.02786144578313253,,,0.00883519874839259
429,5de6c12e02a9e36835018cc3abb08e3288d1688130193055566a10d153a20ef7:429,0.25,0,elliptical,diffusive,outside,False,83.83525085449219,0.028363453815261043,0.028363453815261043,,,0.00720079733322342
430,5de6c12e02a9e36835018cc3abb08e3288d1688130193055566a10d153a20ef7:430,0.25,2,elliptical,ballistic,edge,False,23.146223068237305,0.030120481927710843,0.030120481927710843,,,0.01104417670682731
431,5de6c12e02a9e36835018cc3abb08e3288d1688130193055566a10d153a20ef7:431,0.25,1,circular,diffusive,inside,False,59.4821891784668,0.02535140562248996,0.02535140562248996,,,0.00521097878815931
396,5de6c12e02a9e36835018cc3abb08e3288d1688130193055566a10d153a20ef7:396,0.5,1,elliptical,ballistic,inside,False,82.04547882080078,0.031062124248496994,0.03148320895522388,0.030573593073593072,-0.0009096158816308056,0.010568648852569633
397,5de6c12e02a9e36835018cc3abb08e3288d1688130193055566a10d153a20ef7:397,0.5,2,elliptical,diffusive,inside,False,5.389716148376465,0.02630260521042084,0.02630260521042084,,,0.010672048298667731
398,5de6c12e02a9e36835018cc3abb08e3288d1688130193055566a10d153a20ef7:398,0.5,1,elliptical,diffusive,edge,False,51.166481018066406,0.02592685370741483,0.023273273273273273,0.03125,0.007976726726726727,0.0068956060162829675
399,5de6c12e02a9e36835018cc3abb08e3288d1688130193055566a10d153a20ef7:399,0.5,2,circular,diffusive,inside,False,25.052642822265625,0.03068637274549098,0.02986878453038674,0.032846715328467155,0.0029779307980804144,0.009017166235048257
400,5de6c12e02a9e36835018cc3abb08e3288d1688130193055566a10d153a20ef7:400,0.5,0,circular,diffusive,edge,False,83.83523559570312,0.031813627254509015,0.03420781893004115,0.029541015625,-0.004666803305041149,0.008986668895116281
401,5de6c12e02a9e36835018cc3abb08e3288d1688130193055566a10d153a20ef7:401,0.5,0,circular,diffusive,inside,False,83.71678924560547,0.028306613226452906,0.027384696016771487,0.048295454545454544,0.020910758528683057,0.009396292251258041
402,5de6c12e02a9e36835018cc3abb08e3288d1688130193055566a10d153a20ef7:402,0.5,0,elliptical,diffusive,inside,False,83.83525085449219,0.03168837675350701,0.03225267379679144,0.03,-0.002252673796791442,0.006720480172994144
403,5de6c12e02a9e36835018cc3abb08e3288d1688130193055566a10d153a20ef7:403,0.5,2,circular,diffusive,edge,False,28.639270782470703,0.025175350701402806,0.023464912280701754,0.027453271028037383,0.003988358747335628,0.008022878776919234
404,5de6c12e02a9e36835018cc3abb08e3288d1688130193055566a10d153a20ef7:404,0.5,1,elliptical,ballistic,edge,False,81.54296112060547,0.029183366733466935,0.031153846153846153,0.02550287356321839,-0.005650972590627763,0.007832914385648582
405,5de6c12e02a9e36835018cc3abb08e3288d1688130193055566a10d153a20ef7:405,0.5,0,circular,ballistic,inside,False,83.34964752197266,0.023922845691382765,0.023922845691382765,,,0.011151515716974647
406,5de6c12e02a9e36835018cc3abb08e3288d1688130193055566a10d153a20ef7:406,0.5,1,circular,diffusive,outside,False,68.67798614501953,0.02843186372745491,0.028885135135135135,0.027131782945736434,-0.0017533521893987013,0.009675145182552905
407,5de6c12e02a9e36835018cc3abb08e3288d1688130193055566a10d153a20ef7:407,0.5,2,circular,ballistic,inside,False,48.43302154541016,0.03168837675350701,0.03190789473684211,0.03155339805825243,-0.00035449667858968026,0.0032829014083369636
408,5de6c12e02a9e36835018cc3abb08e3288d1688130193055566a10d153a20ef7:408,0.5,0,elliptical,ballistic,inside,False,83.81951141357422,0.030811623246492986,0.03237951807228916,0.030498798076923076,-0.0018807199953660807,0.010116643540234805
409,5de6c12e02a9e36835018cc3abb08e3288d1688130193055566a10d153a20ef7:409,0.5,1,circular,diffusive,edge,False,77.87457275390625,0.025175350701402806,0.025175350701402806,,,0.01030941735543232
410,5de6c12e02a9e36835018cc3abb08e3288d1688130193055566a10d153a20ef7:410,0.5,2,elliptical,ballistic,outside,False,22.95292282104492,0.029934869739478957,0.02507716049382716,0.0322700296735905,0.007192869179763341,0.009797599853008243
411,5de6c12e02a9e36835018cc3abb08e3288d1688130193055566a10d153a20ef7:411,0.5,1,elliptical,diffusive,outside,False,75.4111328125,0.028181362725450902,0.02703373015873016,0.029352226720647773,0.002318496561917613,0.00895431590767291
412,5de6c12e02a9e36835018cc3abb08e3288d1688130193055566a10d153a20ef7:412,0.5,2,elliptical,diffusive,edge,False,43.03070068359375,0.028181362725450902,0.0265625,0.028490453460620527,0.0019279534606205274,0.007353601875293434
413,5de6c12e02a9e36835018cc3abb08e3288d1688130193055566a10d153a20ef7:413,0.5,0,elliptical,diffusive,edge,False,83.20339965820312,0.028306613226452906,0.028306613226452906,,,0.004953336656634566
414,5de6c12e02a9e36835018cc3abb08e3288d1688130193055566a10d153a20ef7:414,0.5,0,elliptical,ballistic,edge,False,83.83364868164062,0.028932865731462927,0.0301405325443787,0.026397515527950312,-0.0037430170164283877,0.009392117419998841
415,5de6c12e02a9e36835018cc3abb08e3288d1688130193055566a10d153a20ef7:415,0.5,0,circular,ballistic,edge,False,83.61306762695312,0.029934869739478957,0.029934869739478957,,,0.008654981814306897
416,5de6c12e02a9e36835018cc3abb08e3288d1688130193055566a10d153a20ef7:416,0.5,2,elliptical,ballistic,inside,False,20.70625305175781,0.027054108216432865,0.025588768115942028,0.028867713004484305,0.003278944888542277,0.010082470840429915
417,5de6c12e02a9e36835018cc3abb08e3288d1688130193055566a10d153a20ef7:417,0.5,2,circular,diffusive,outside,False,22.23851776123047,0.033942885771543085,0.033942885771543085,,,0.009937504514106531
418,5de6c12e02a9e36835018cc3abb08e3288d1688130193055566a10d153a20ef7:418,0.5,0,elliptical,ballistic,outside,False,83.7334976196289,0.033942885771543085,0.029296875,0.0346264367816092,0.0053295617816091975,0.0075223327911306615
419,5de6c12e02a9e36835018cc3abb08e3288d1688130193055566a10d153a20ef7:419,0.5,1,elliptical,ballistic,outside,False,66.74703216552734,0.02930861723446894,0.02930861723446894,,,0.00926176430227262
420,5de6c12e02a9e36835018cc3abb08e3288d1688130193055566a10d153a20ef7:420,0.5,1,circular,ballistic,inside,False,47.957645416259766,0.028932865731462927,0.0234375,0.030991735537190084,0.0075542355371900835,0.006949992183870283
421,5de6c12e02a9e36835018cc3abb08e3288d1688130193055566a10d153a20ef7:421,0.5,2,elliptical,diffusive,outside,False,38.021602630615234,0.028557114228456915,0.03409090909090909,0.02456896551724138,-0.009521943573667709,0.0038155175881081716
422,5de6c12e02a9e36835018cc3abb08e3288d1688130193055566a10d153a20ef7:422,0.5,0,circular,diffusive,outside,False,83.83525085449219,0.028056112224448898,0.02557829181494662,0.03125,0.00567170818505338,0.006532266939080811
423,5de6c12e02a9e36835018cc3abb08e3288d1688130193055566a10d153a20ef7:423,0.5,0,circular,ballistic,outside,False,83.79035949707031,0.03093687374749499,0.03093687374749499,,,0.008784516906362214
424,5de6c12e02a9e36835018cc3abb08e3288d1688130193055566a10d153a20ef7:424,0.5,1,circular,ballistic,edge,False,82.71932220458984,0.030435871743486973,0.0302734375,0.031862745098039214,0.0015893075980392135,0.008337394409139588
425,5de6c12e02a9e36835018cc3abb08e3288d1688130193055566a10d153a20ef7:425,0.5,1,circular,ballistic,outside,False,72.85254669189453,0.02755511022044088,0.02755511022044088,,,0.00954537018199281
426,5de6c12e02a9e36835018cc3abb08e3288d1688130193055566a10d153a20ef7:426,0.5,2,circular,ballistic,outside,False,36.58163833618164,0.02692885771543086,0.02692885771543086,,,0.006711136435179768
427,5de6c12e02a9e36835018cc3abb08e3288d1688130193055566a10d153a20ef7:427,0.5,2,circular,ballistic,edge,False,11.33766746520996,0.029934869739478957,0.029934869739478957,,,0.007353601875293435
428,5de6c12e02a9e36835018cc3abb08e3288d1688130193055566a10d153a20ef7:428,0.5,1,elliptical,diffusive,inside,False,78.74757385253906,0.023922845691382765,0.023922845691382765,,,0.006803996420611759
429,5de6c12e02a9e36835018cc3abb08e3288d1688130193055566a10d153a20ef7:429,0.5,0,elliptical,diffusive,outside,False,83.83525085449219,0.025175350701402806,0.025659824046920823,0.024129746835443038,-0.0015300772114777844,0.006986014412517204
430,5de6c12e02a9e36835018cc3abb08e3288d1688130193055566a10d153a20ef7:430,0.5,2,elliptical,ballistic,edge,False,23.146223068237305,0.02555110220440882,0.024810195227765727,0.03453947368421053,0.009729278456444803,0.008338335158864348
431,5de6c12e02a9e36835018cc3abb08e3288d1688130193055566a10d153a20ef7:431,0.5,1,circular,diffusive,inside,False,59.4821891784668,0.02442384769539078,0.023009138381201045,0.029094827586206896,0.006085689205005851,0.007207075341090081
396,5de6c12e02a9e36835018cc3abb08e3288d1688130193055566a10d153a20ef7:396,1.0,1,elliptical,ballistic,inside,False,82.04547882080078,0.03290790790790791,0.03148320895522388,0.03343023255813953,0.001947023602915654,0.009329166880059404
397,5de6c12e02a9e36835018cc3abb08e3288d1688130193055566a10d153a20ef7:397,1.0,2,elliptical,diffusive,inside,False,5.389716148376465,0.05611861861861862,0.02711864406779661,0.0979523227383863,0.07083367867058969,0.026427703122124137
398,5de6c12e02a9e36835018cc3abb08e3288d1688130193055566a10d153a20ef7:398,1.0,1,elliptical,diffusive,edge,False,51.166481018066406,0.027902902902902902,0.023273273273273273,0.030217717717717717,0.006944444444444444,0.008096475484903293
399,5de6c12e02a9e36835018cc3abb08e3288d1688130193055566a10d153a20ef7:399,1.0,2,circular,diffusive,inside,False,25.052642822265625,0.03221971971971972,0.02986878453038674,0.03355572998430141,0.0036869454539146702,0.01017425777524006
400,5de6c12e02a9e36835018cc3abb08e3288d1688130193055566a10d153a20ef7:400,1.0,0,circular,diffusive,edge,False,83.83523559570312,0.031156156156156155,0.03420781893004115,0.03017526455026455,-0.0040325543797766,0.008729215153448402
401,5de6c12e02a9e36835018cc3abb08e3288d1688130193055566a10d153a20ef7:401,1.0,0,circular,diffusive,inside,False,83.71678924560547,0.027277277277277277,0.027384696016771487,0.02717911877394636,-0.00020557724282512652,0.007317413171778502
402,5de6c12e02a9e36835018cc3abb08e3288d1688130193055566a10d153a20ef7:402,1.0,0,elliptical,diffusive,inside,False,83.83525085449219,0.03209459459459459,0.03225267379679144,0.032,-0.00025267379679144025,0.006995546451324237
403,5de6c12e02a9e36835018cc3abb08e3288d1688130193055566a10d153a20ef7:403,1.0,2,circular,diffusive,edge,False,28.639270782470703,0.027464964964964964,0.023464912280701754,0.029061624649859945,0.00559671236915819,0.008156920246666203
404,5de6c12e02a9e36835018cc3abb08e3288d1688130193055566a10d153a20ef7:404,1.0,1,elliptical,ballistic,edge,False,81.54296112060547,0.031093593593593594,0.031153846153846153,0.03106454005934718,-8.930609449897195e-05,0.007919293621132124
405,5de6c12e02a9e36835018cc3abb08e3288d1688130193055566a10d153a20ef7:405,1.0,0,circular,ballistic,inside,False,83.34964752197266,0.027214714714714715,0.02389705882352941,0.03067484662576687,0.006777787802237461,0.00885807237365487
406,5de6c12e02a9e36835018cc3abb08e3288d1688130193055566a10d153a20ef7:406,1.0,1,circular,diffusive,outside,False,68.67798614501953,0.028716216216216218,0.028885135135135135,0.028616852146263912,-0.00026828298887122265,0.008254228625262691
407,5de6c12e02a9e36835018cc3abb08e3288d1688130193055566a10d153a20ef7:407,1.0,2,circular,ballistic,inside,False,48.43302154541016,0.03785035035035035,0.03190789473684211,0.039245982694684795,0.007338087957842687,0.0069888291130209826
408,5de6c12e02a9e36835018cc3abb08e3288d1688130193055566a10d153a20ef7:408,1.0,0,elliptical,ballistic,inside,False,83.81951141357422,0.02952952952952953,0.03237951807228916,0.029271288209606987,-0.0031082298626821693,0.007988433283039224
409,5de6c12e02a9e36835018cc3abb08e3288d1688130193055566a10d153a20ef7:409,1.0,1,circular,diffusive,edge,False,77.87457275390625,0.02809059059059059,0.026589481946624804,0.03073204419889503,0.0041425622522702245,0.00851747415226504
410,5de6c12e02a9e36835018cc3abb08e3288d1688130193055566a10d153a20ef7:410,1.0,2,elliptical,ballistic,outside,False,22.95292282104492,0.03547297297297297,0.02507716049382716,0.037485065710872165,0.012407905217045004,0.011634450105100237
411,5de6c12e02a9e36835018cc3abb08e3288d1688130193055566a10d153a20ef7:411,1.0,1,elliptical,diffusive,outside,False,75.4111328125,0.030843343343343342,0.02703373015873016,0.0321285140562249,0.005094783897494737,0.008939005844900474
412,5de6c12e02a9e36835018cc3abb08e3288d1688130193055566a10d153a20ef7:412,1.0,2,elliptical,diffusive,edge,False,43.03070068359375,0.035848348348348345,0.0265625,0.03665669205658324,0.010094192056583243,0.009924994017983475
413,5de6c12e02a9e36835018cc3abb08e3288d1688130193055566a10d153a20ef7:413,1.0,0,elliptical,diffusive,edge,False,83.20339965820312,0.027527527527527528,0.02797513321492007,0.02694954128440367,-0.0010255919305163994,0.006068246072563634
414,5de6c12e02a9e36835018cc3abb08e3288d1688130193055566a10d153a20ef7:414,1.0,0,elliptical,ballistic,edge,False,83.83364868164062,0.029466966966966966,0.0301405325443787,0.029122541603630862,-0.0010179909407478371,0.006841667469931909
415,5de6c12e02a9e36835018cc3abb08e3288d1688130193055566a10d153a20ef7:415,1.0,0,circular,ballistic,edge,False,83.61306762695312,0.03053053053053053,0.03,0.03132832080200501,0.001328320802005012,0.00927277643325771
416,5de6c12e02a9e36835018cc3abb08e3288d1688130193055566a10d153a20ef7:416,1.0,2,elliptical,ballistic,inside,False,20.70625305175781,0.038350850850850854,0.025588768115942028,0.04322268326417704,0.01763391514823501,0.014924941499169385
417,5de6c12e02a9e36835018cc3abb08e3288d1688130193055566a10d153a20ef7:417,1.0,2,circular,diffusive,outside,False,22.23851776123047,0.03278278278278278,0.033963022508038586,0.03083554376657825,-0.003127478741460337,0.008043122462456555
418,5de6c12e02a9e36835018cc3abb08e3288d1688130193055566a10d153a20ef7:418,1.0,0,elliptical,ballistic,outside,False,83.7334976196289,0.031406406406406406,0.029296875,0.03155080213903743,0.00225392713903743,0.0067741129547743565
419,5de6c12e02a9e36835018cc3abb08e3288d1688130193055566a10d153a20ef7:419,1.0,1,elliptical,ballistic,outside,False,66.74703216552734,0.030655655655655655,0.031037414965986394,0.030109489051094892,-0.0009279259148915024,0.009372698763790042
420,5de6c12e02a9e36835018cc3abb08e3288d1688130193055566a10d153a20ef7:420,1.0,1,circular,ballistic,inside,False,47.957645416259766,0.0340965965965966,0.0234375,0.035776361529548086,0.012338861529548086,0.009395013999980608
421,5de6c12e02a9e36835018cc3abb08e3288d1688130193055566a10d153a20ef7:421,1.0,2,elliptical,diffusive,outside,False,38.021602630615234,0.031406406406406406,0.03409090909090909,0.03069620253164557,-0.0033947065592635182,0.006797185613383918
422,5de6c12e02a9e36835018cc3abb08e3288d1688130193055566a10d153a20ef7:422,1.0,0,circular,diffusive,outside,False,83.83525085449219,0.02759009009009009,0.02557829181494662,0.02837743732590529,0.0027991455109586706,0.005919026817988381
423,5de6c12e02a9e36835018cc3abb08e3288d1688130193055566a10d153a20ef7:423,1.0,0,circular,ballistic,outside,False,83.79035949707031,0.030405405405405407,0.030299429657794676,0.030523255813953487,0.00022382615615881146,0.00852229789982874
424,5de6c12e02a9e36835018cc3abb08e3288d1688130193055566a10d153a20ef7:424,1.0,1,circular,ballistic,edge,False,82.71932220458984,0.030217717717717717,0.0302734375,0.03017241379310345,-0.00010102370689655041,0.008367260353939957
425,5de6c12e02a9e36835018cc3abb08e3288d1688130193055566a10d153a20ef7:425,1.0,1,circular,ballistic,outside,False,72.85254669189453,0.02546296296296296,0.025830258302583026,0.025027352297592998,-0.0008029060049900283,0.006730929301598477
426,5de6c12e02a9e36835018cc3abb08e3288d1688130193055566a10d153a20ef7:426,1.0,2,circular,ballistic,outside,False,36.58163833618164,0.03415915915915916,0.027141434262948207,0.04124748490945674,0.014106050646508533,0.008088736916363356
427,5de6c12e02a9e36835018cc3abb08e3288d1688130193055566a10d153a20ef7:427,1.0,2,circular,ballistic,edge,False,11.33766746520996,0.0497997997997998,0.0301513671875,0.07045687885010267,0.04030551166260267,0.015839081479926586
428,5de6c12e02a9e36835018cc3abb08e3288d1688130193055566a10d153a20ef7:428,1.0,1,elliptical,diffusive,inside,False,78.74757385253906,0.026213713713713713,0.024126455906821963,0.029365577889447235,0.005239121982625272,0.00612953493961437
429,5de6c12e02a9e36835018cc3abb08e3288d1688130193055566a10d153a20ef7:429,1.0,0,elliptical,diffusive,outside,False,83.83525085449219,0.02633883883883884,0.025659824046920823,0.026690729483282674,0.0010309054363618515,0.006667830923807813
430,5de6c12e02a9e36835018cc3abb08e3288d1688130193055566a10d153a20ef7:430,1.0,2,elliptical,ballistic,edge,False,23.146223068237305,0.0360985985985986,0.024810195227765727,0.045771375464684017,0.02096118023691829,0.011934700476503473
431,5de6c12e02a9e36835018cc3abb08e3288d1688130193055566a10d153a20ef7:431,1.0,1,circular,diffusive,inside,False,59.4821891784668,0.026839339339339338,0.023009138381201045,0.02922077922077922,0.006211640839578175,0.006961894946385487
432,5de6c12e02a9e36835018cc3abb08e3288d1688130193055566a10d153a20ef7:432,0.25,2,circular,ballistic,inside,False,6.745865345001221,0.030622489959839357,0.030622489959839357,,,0.010127631025016072
433,5de6c12e02a9e36835018cc3abb08e3288d1688130193055566a10d153a20ef7:433,0.25,1,circular,ballistic,inside,False,74.83975982666016,0.03137550200803213,0.03137550200803213,,,0.006501924621982238
434,5de6c12e02a9e36835018cc3abb08e3288d1688130193055566a10d153a20ef7:434,0.25,1,circular,ballistic,edge,False,74.02278137207031,0.029869477911646587,0.02967436974789916,0.03409090909090909,0.00441653934300993,0.007339453572898316
435,5de6c12e02a9e36835018cc3abb08e3288d1688130193055566a10d153a20ef7:435,0.25,2,circular,ballistic,edge,False,59.34248733520508,0.029869477911646587,0.029869477911646587,,,0.00975692355701647
436,5de6c12e02a9e36835018cc3abb08e3288d1688130193055566a10d153a20ef7:436,0.25,0,elliptical,ballistic,outside,False,82.41357421875,0.028112449799196786,0.028112449799196786,,,0.01162232620762071
437,5de6c12e02a9e36835018cc3abb08e3288d1688130193055566a10d153a20ef7:437,0.25,0,circular,diffusive,outside,False,83.83525085449219,0.0286144578313253,0.0286144578313253,,,0.01042195757631862
438,5de6c12e02a9e36835018cc3abb08e3288d1688130193055566a10d153a20ef7:438,0.25,2,elliptical,diffusive,inside,False,11.118577003479004,0.02710843373493976,0.02710843373493976,,,0.008339983798110516
439,5de6c12e02a9e36835018cc3abb08e3288d1688130193055566a10d153a20ef7:439,0.25,0,elliptical,ballistic,edge,False,82.4518051147461,0.029869477911646587,0.029869477911646587,,,0.005539175825982408
440,5de6c12e02a9e36835018cc3abb08e3288d1688130193055566a10d153a20ef7:440,0.25,1,elliptical,ballistic,inside,False,70.80755615234375,0.03714859437751004,0.03714859437751004,,,0.013167547237554218
441,5de6c12e02a9e36835018cc3abb08e3288d1688130193055566a10d153a20ef7:441,0.25,0,elliptical,diffusive,inside,False,82.38458251953125,0.030622489959839357,0.030622489959839357,,,0.00862227110307112
442,5de6c12e02a9e36835018cc3abb08e3288d1688130193055566a10d153a20ef7:442,0.25,2,circular,diffusive,outside,False,13.37697410583496,0.0303714859437751,0.0303714859437751,,,0.008121832172371203
443,5de6c12e02a9e36835018cc3abb08e3288d1688130193055566a10d153a20ef7:443,0.25,2,circular,diffusive,edge,False,12.44020175933838,0.03137550200803213,0.030153508771929825,0.044642857142857144,0.01448934837092732,0.014855960599355112
444,5de6c12e02a9e36835018cc3abb08e3288d1688130193055566a10d153a20ef7:444,0.25,1,circular,ballistic,outside,False,82.23197937011719,0.0303714859437751,0.0303714859437751,,,0.01202463811948141
445,5de6c12e02a9e36835018cc3abb08e3288d1688130193055566a10d153a20ef7:445,0.25,0,circular,diffusive,inside,False,82.79686737060547,0.03288152610441767,0.03409090909090909,0.03050595238095238,-0.0035849567099567083,0.00897668410755405
446,5de6c12e02a9e36835018cc3abb08e3288d1688130193055566a10d153a20ef7:446,0.25,1,elliptical,ballistic,outside,False,72.82380676269531,0.030873493975903613,0.030873493975903613,,,0.008863676497494767
447,5de6c12e02a9e36835018cc3abb08e3288d1688130193055566a10d153a20ef7:447,0.25,2,elliptical,diffusive,edge,False,8.032519340515137,0.029116465863453816,0.029116465863453816,,,0.008636872758074926
448,5de6c12e02a9e36835018cc3abb08e3288d1688130193055566a10d153a20ef7:448,0.25,1,circular,diffusive,edge,False,67.69833374023438,0.02459839357429719,0.023706896551724137,0.024869109947643978,0.0011622133959198408,0.006409209505423546
449,5de6c12e02a9e36835018cc3abb08e3288d1688130193055566a10d153a20ef7:449,0.25,0,circular,ballistic,inside,False,83.72225189208984,0.030120481927710843,0.030120481927710843,,,0.013052208835341365
450,5de6c12e02a9e36835018cc3abb08e3288d1688130193055566a10d153a20ef7:450,0.25,1,elliptical,diffusive,outside,False,77.31649780273438,0.029116465863453816,0.03333333333333333,0.02412280701754386,-0.009210526315789475,0.01122524085090256
451,5de6c12e02a9e36835018cc3abb08e3288d1688130193055566a10d153a20ef7:451,0.25,0,circular,ballistic,edge,False,83.83521270751953,0.0303714859437751,0.030985169491525424,0.019230769230769232,-0.011754400260756193,0.005718265938702068
452,5de6c12e02a9e36835018cc3abb08e3288d1688130193055566a10d153a20ef7:452,0.25,2,elliptical,ballistic,inside,False,41.28509140014648,0.027610441767068273,0.027610441767068273,,,0.006003142943323995
453,5de6c12e02a9e36835018cc3abb08e3288d1688130193055566a10d153a20ef7:453,0.25,2,elliptical,ballistic,edge,False,18.81854248046875,0.028112449799196786,0.03159340659340659,0.02610759493670886,-0.005485811656697731,0.008636872758074928
454,5de6c12e02a9e36835018cc3abb08e3288d1688130193055566a10d153a20ef7:454,0.25,1,elliptical,ballistic,edge,False,60.20890045166016,0.030120481927710843,0.030120481927710843,,,0.010813583950069284
455,5de6c12e02a9e36835018cc3abb08e3288d1688130193055566a10d153a20ef7:455,0.25,2,circular,ballistic,outside,False,22.964200973510746,0.033634538152610444,0.035860655737704916,0.03291223404255319,-0.0029484216951517275,0.008202878834522184
456,5de6c12e02a9e36835018cc3abb08e3288d1688130193055566a10d153a20ef7:456,0.25,0,elliptical,diffusive,outside,False,82.05327606201172,0.020582329317269075,0.020582329317269075,,,0.006640942045844856
457,5de6c12e02a9e36835018cc3abb08e3288d1688130193055566a10d153a20ef7:457,0.25,2,elliptical,ballistic,outside,False,15.412757873535156,0.019076305220883535,0.019076305220883535,,,0.008519358809476477
458,5de6c12e02a9e36835018cc3abb08e3288d1688130193055566a10d153a20ef7:458,0.25,2,circular,diffusive,inside,False,15.50230312347412,0.030622489959839357,0.030622489959839357,,,0.009297318864182799
459,5de6c12e02a9e36835018cc3abb08e3288d1688130193055566a10d153a20ef7:459,0.25,1,elliptical,diffusive,inside,False,69.11238098144531,0.02786144578313253,0.027920081967213115,0.025,-0.002920081967213113,0.014178950042669277
460,5de6c12e02a9e36835018cc3abb08e3288d1688130193055566a10d153a20ef7:460,0.25,0,elliptical,diffusive,edge,False,82.1307144165039,0.025602409638554216,0.025602409638554216,,,0.009824490858825766
461,5de6c12e02a9e36835018cc3abb08e3288d1688130193055566a10d153a20ef7:461,0.25,1,circular,diffusive,outside,False,77.88322448730469,0.029116465863453816,0.029116465863453816,,,0.007240062802136525
462,5de6c12e02a9e36835018cc3abb08e3288d1688130193055566a10d153a20ef7:462,0.25,0,elliptical,ballistic,inside,False,81.01172637939453,0.03614457831325301,0.03614457831325301,,,0.009577702825471341
463,5de6c12e02a9e36835018cc3abb08e3288d1688130193055566a10d153a20ef7:463,0.25,1,elliptical,diffusive,edge,False,80.27362823486328,0.02710843373493976,0.025273224043715847,0.032196969696969696,0.006923745653253849,0.009577702825471341
464,5de6c12e02a9e36835018cc3abb08e3288d1688130193055566a10d153a20ef7:464,0.25,2,elliptical,diffusive,outside,False,13.277595520019531,0.02886546184738956,0.02886546184738956,,,0.009834105433815125
465,5de6c12e02a9e36835018cc3abb08e3288d1688130193055566a10d153a20ef7:465,0.25,1,circular,diffusive,inside,False,83.83525085449219,0.029116465863453816,0.029116465863453816,,,0.007513368246534018
466,5de6c12e02a9e36835018cc3abb08e3288d1688130193055566a10d153a20ef7:466,0.25,0,circular,diffusive,edge,False,83.83525085449219,0.02359437751004016,0.02296686746987952,0.024849397590361446,0.0018825301204819268,0.011783829913961347
467,5de6c12e02a9e36835018cc3abb08e3288d1688130193055566a10d153a20ef7:467,0.25,0,circular,ballistic,outside,False,83.39639282226562,0.03263052208835342,0.03263052208835342,,,0.011078351651964816
432,5de6c12e02a9e36835018cc3abb08e3288d1688130193055566a10d153a20ef7:432,0.5,2,circular,ballistic,inside,False,6.745865345001221,0.04095691382765531,0.029605263157894735,0.058653846153846154,0.02904858299595142,0.01148418011990991
433,5de6c12e02a9e36835018cc3abb08e3288d1688130193055566a10d153a20ef7:433,0.5,1,circular,ballistic,inside,False,74.83975982666016,0.031813627254509015,0.031813627254509015,,,0.006660689278711589
434,5de6c12e02a9e36835018cc3abb08e3288d1688130193055566a10d153a20ef7:434,0.5,1,circular,ballistic,edge,False,74.02278137207031,0.030561122244488977,0.02967436974789916,0.031369731800766285,0.0016953620528671262,0.008201756284441333
435,5de6c12e02a9e36835018cc3abb08e3288d1688130193055566a10d153a20ef7:435,0.5,2,circular,ballistic,edge,False,59.34248733520508,0.03006012024048096,0.030671296296296297,0.026119402985074626,-0.004551893311221671,0.006777429488210762
436,5de6c12e02a9e36835018cc3abb08e3288d1688130193055566a10d153a20ef7:436,0.5,0,elliptical,ballistic,outside,False,82.41357421875,0.02692885771543086,0.026076158940397352,0.028236040609137057,0.002159881668739705,0.008596784176301211
437,5de6c12e02a9e36835018cc3abb08e3288d1688130193055566a10d153a20ef7:437,0.5,0,circular,diffusive,outside,False,83.83525085449219,0.029934869739478957,0.028505067567567568,0.03201970443349754,0.0035146368659299716,0.009899544784677097
438,5de6c12e02a9e36835018cc3abb08e3288d1688130193055566a10d153a20ef7:438,0.5,2,elliptical,diffusive,inside,False,11.118577003479004,0.030811623246492986,0.030283505154639175,0.03265765765765766,0.002374152503018482,0.005964870190275881
439,5de6c12e02a9e36835018cc3abb08e3288d1688130193055566a10d153a20ef7:439,0.5,0,elliptical,ballistic,edge,False,82.4518051147461,0.031187374749498998,0.03137651821862348,0.0125,-0.01887651821862348,0.005655722397232283
440,5de6c12e02a9e36835018cc3abb08e3288d1688130193055566a10d153a20ef7:440,0.5,1,elliptical,ballistic,inside,False,70.80755615234375,0.03281563126252505,0.03549651567944251,0.02918632075471698,-0.006310194924725527,0.008364633194921842
441,5de6c12e02a9e36835018cc3abb08e3288d1688130193055566a10d153a20ef7:441,0.5,0,elliptical,diffusive,inside,False,82.38458251953125,0.026427855711422844,0.026427855711422844,,,0.0071370808416374625
442,5de6c12e02a9e36835018cc3abb08e3288d1688130193055566a10d153a20ef7:442,0.5,2,circular,diffusive,outside,False,13.37697410583496,0.02930861723446894,0.0288659793814433,0.044642857142857144,0.015776877761413843,0.0066606892787115885
443,5de6c12e02a9e36835018cc3abb08e3288d1688130193055566a10d153a20ef7:443,0.5,2,circular,diffusive,edge,False,12.44020175933838,0.030561122244488977,0.030153508771929825,0.030904059040590407,0.0007505502686605825,0.01371135489319039
444,5de6c12e02a9e36835018cc3abb08e3288d1688130193055566a10d153a20ef7:444,0.5,1,circular,ballistic,outside,False,82.23197937011719,0.03156312625250501,0.03156312625250501,,,0.009893996822711174
445,5de6c12e02a9e36835018cc3abb08e3288d1688130193055566a10d153a20ef7:445,0.5,0,circular,diffusive,inside,False,82.79686737060547,0.029183366733466935,0.03409090909090909,0.026758982035928143,-0.007331927054980945,0.008940289165702867
446,5de6c12e02a9e36835018cc3abb08e3288d1688130193055566a10d153a20ef7:446,0.5,1,elliptical,ballistic,outside,False,72.82380676269531,0.031813627254509015,0.0298202614379085,0.034974093264248704,0.005153831826340206,0.009646728213411677
447,5de6c12e02a9e36835018cc3abb08e3288d1688130193055566a10d153a20ef7:447,0.5,2,elliptical,diffusive,edge,False,8.032519340515137,0.026803607214428857,0.026803607214428857,,,0.00617168586911569
448,5de6c12e02a9e36835018cc3abb08e3288d1688130193055566a10d153a20ef7:448,0.5,1,circular,diffusive,edge,False,67.69833374023438,0.026427855711422844,0.023706896551724137,0.026785714285714284,0.0030788177339901475,0.005862740349934092
449,5de6c12e02a9e36835018cc3abb08e3288d1688130193055566a10d153a20ef7:449,0.5,0,circular,ballistic,inside,False,83.72225189208984,0.02780561122244489,0.02921826625386997,0.02521306818181818,-0.00400519807205179,0.009369541187006536
450,5de6c12e02a9e36835018cc3abb08e3288d1688130193055566a10d153a20ef7:450,0.5,1,elliptical,diffusive,outside,False,77.31649780273438,0.02968436873747495,0.03333333333333333,0.028331043956043956,-0.005002289377289377,0.010918367145389532
451,5de6c12e02a9e36835018cc3abb08e3288d1688130193055566a10d153a20ef7:451,0.5,0,circular,ballistic,edge,False,83.83521270751953,0.02968436873747495,0.030985169491525424,0.028517110266159697,-0.0024680592253657277,0.00584129449717486
452,5de6c12e02a9e36835018cc3abb08e3288d1688130193055566a10d153a20ef7:452,0.5,2,elliptical,ballistic,inside,False,41.28509140014648,0.028557114228456915,0.02879746835443038,0.027644230769230768,-0.0011532375851996124,0.006740292608754364
453,5de6c12e02a9e36835018cc3abb08e3288d1688130193055566a10d153a20ef7:453,0.5,2,elliptical,ballistic,edge,False,18.81854248046875,0.0373246492985972,0.03159340659340659,0.03860294117647059,0.007009534583063998,0.010553794806082614
454,5de6c12e02a9e36835018cc3abb08e3288d1688130193055566a10d153a20ef7:454,0.5,1,elliptical,ballistic,edge,False,60.20890045166016,0.03031062124248497,0.030333333333333334,0.03024193548387097,-9.139784946236504e-05,0.007255885950881884
455,5de6c12e02a9e36835018cc3abb08e3288d1688130193055566a10d153a20ef7:455,0.5,2,circular,ballistic,outside,False,22.964200973510746,0.03644789579158317,0.035860655737704916,0.0365296803652968,0.0006690246275918854,0.007613541039794155
456,5de6c12e02a9e36835018cc3abb08e3288d1688130193055566a10d153a20ef7:456,0.5,0,elliptical,diffusive,outside,False,82.05327606201172,0.02317134268537074,0.021410034602076123,0.025595238095238095,0.0041852034931619715,0.008770218598766137
457,5de6c12e02a9e36835018cc3abb08e3288d1688130193055566a10d153a20ef7:457,0.5,2,elliptical,ballistic,outside,False,15.412757873535156,0.02692885771543086,0.026678657074340528,0.028201219512195123,0.0015225624378545945,0.007180907356324731
458,5de6c12e02a9e36835018cc3abb08e3288d1688130193055566a10d153a20ef7:458,0.5,2,circular,diffusive,inside,False,15.50230312347412,0.027930861723446894,0.027930861723446894,,,0.005979317766673352
459,5de6c12e02a9e36835018cc3abb08e3288d1688130193055566a10d153a20ef7:459,0.5,1,elliptical,diffusive,inside,False,69.11238098144531,0.028932865731462927,0.027920081967213115,0.029901960784313727,0.0019818788171006123,0.010333735637441537
460,5de6c12e02a9e36835018cc3abb08e3288d1688130193055566a10d153a20ef7:460,0.5,0,elliptical,diffusive,edge,False,82.1307144165039,0.024924849699398798,0.025152439024390245,0.023876404494382022,-0.0012760345300082236,0.006124480550299426
461,5de6c12e02a9e36835018cc3abb08e3288d1688130193055566a10d153a20ef7:461,0.5,1,circular,diffusive,outside,False,77.88322448730469,0.027930861723446894,0.028186274509803922,0.026785714285714284,-0.0014005602240896378,0.009203142263312298
462,5de6c12e02a9e36835018cc3abb08e3288d1688130193055566a10d153a20ef7:462,0.5,0,elliptical,ballistic,inside,False,81.01172637939453,0.031312625250501,0.03651685393258427,0.025323275862068964,-0.011193578070515305,0.008958694760645123
463,5de6c12e02a9e36835018cc3abb08e3288d1688130193055566a10d153a20ef7:463,0.5,1,elliptical,diffusive,edge,False,80.27362823486328,0.03093687374749499,0.025273224043715847,0.034216772151898736,0.008943548108182889,0.00718090735632473
464,5de6c12e02a9e36835018cc3abb08e3288d1688130193055566a10d153a20ef7:464,0.5,2,elliptical,diffusive,outside,False,13.277595520019531,0.03006012024048096,0.027846534653465347,0.033482142857142856,0.005635608203677509,0.011555673942555909
465,5de6c12e02a9e36835018cc3abb08e3288d1688130193055566a10d153a20ef7:465,0.5,1,circular,diffusive,inside,False,83.83525085449219,0.027429859719438877,0.027429859719438877,,,0.006453744001998122
466,5de6c12e02a9e36835018cc3abb08e3288d1688130193055566a10d153a20ef7:466,0.5,0,circular,diffusive,edge,False,83.83525085449219,0.024799599198396794,0.02296686746987952,0.025713213213213213,0.002746345743333694,0.009502543456107545
467,5de6c12e02a9e36835018cc3abb08e3288d1688130193055566a10d153a20ef7:467,0.5,0,circular,ballistic,outside,False,83.39639282226562,0.03294088176352705,0.03372797356828194,0.025,-0.008727973568281935,0.007880834777925538
432,5de6c12e02a9e36835018cc3abb08e3288d1688130193055566a10d153a20ef7:432,1.0,2,circular,ballistic,inside,False,6.745865345001221,0.07688938938938938,0.029605263157894735,0.09757194244604317,0.06796667928814844,0.02530491317259782
433,5de6c12e02a9e36835018cc3abb08e3288d1688130193055566a10d153a20ef7:433,1.0,1,circular,ballistic,inside,False,74.83975982666016,0.03121871871871872,0.030798555377207062,0.031914893617021274,0.0011163382398142116,0.005419160357533474
434,5de6c12e02a9e36835018cc3abb08e3288d1688130193055566a10d153a20ef7:434,1.0,1,circular,ballistic,edge,False,74.02278137207031,0.029341841841841843,0.02967436974789916,0.02923784494086728,-0.00043652480703187946,0.006663133199984631
435,5de6c12e02a9e36835018cc3abb08e3288d1688130193055566a10d153a20ef7:435,1.0,2,circular,ballistic,edge,False,59.34248733520508,0.03078078078078078,0.030671296296296297,0.030864197530864196,0.00019290123456789862,0.008348762421227365
436,5de6c12e02a9e36835018cc3abb08e3288d1688130193055566a10d153a20ef7:436,1.0,0,elliptical,ballistic,outside,False,82.41357421875,0.031281281281281284,0.026076158940397352,0.03353658536585366,0.007460426425456308,0.006816735971910028
437,5de6c12e02a9e36835018cc3abb08e3288d1688130193055566a10d153a20ef7:437,1.0,0,circular,diffusive,outside,False,83.83525085449219,0.032157157157157154,0.028505067567567568,0.03369487908961593,0.005189811522048362,0.007593559219568949
438,5de6c12e02a9e36835018cc3abb08e3288d1688130193055566a10d153a20ef7:438,1.0,2,elliptical,diffusive,inside,False,11.118577003479004,0.042855355355355354,0.030283505154639175,0.05083878887070376,0.020555283716064587,0.019410028733406033
439,5de6c12e02a9e36835018cc3abb08e3288d1688130193055566a10d153a20ef7:439,1.0,0,elliptical,ballistic,edge,False,82.4518051147461,0.027777777777777776,0.03137651821862348,0.024257425742574258,-0.007119092476049221,0.004490580191423013
440,5de6c12e02a9e36835018cc3abb08e3288d1688130193055566a10d153a20ef7:440,1.0,1,elliptical,ballistic,inside,False,70.80755615234375,0.03221971971971972,0.03549651567944251,0.03089887640449438,-0.004597639274948127,0.006709962437915772
441,5de6c12e02a9e36835018cc3abb08e3288d1688130193055566a10d153a20ef7:441,1.0,0,elliptical,diffusive,inside,False,82.38458251953125,0.024587087087087088,0.026343856655290102,0.02209443099273608,-0.004249425662554023,0.006618338519380032
442,5de6c12e02a9e36835018cc3abb08e3288d1688130193055566a10d153a20ef7:442,1.0,2,circular,diffusive,outside,False,13.37697410583496,0.030655655655655655,0.0288659793814433,0.0323443579766537,0.003478378595210399,0.007564639139235155
443,5de6c12e02a9e36835018cc3abb08e3288d1688130193055566a10d153a20ef7:443,1.0,2,circular,diffusive,edge,False,12.44020175933838,0.0365990990990991,0.030153508771929825,0.03850518806744488,0.008351679295515054,0.017782631174012763
444,5de6c12e02a9e36835018cc3abb08e3288d1688130193055566a10d153a20ef7:444,1.0,1,circular,ballistic,outside,False,82.23197937011719,0.03009259259259259,0.031193078324225864,0.02875,-0.0024430783242258627,0.007867724195531379
445,5de6c12e02a9e36835018cc3abb08e3288d1688130193055566a10d153a20ef7:445,1.0,0,circular,diffusive,inside,False,82.79686737060547,0.029154154154154153,0.03409090909090909,0.02817745803357314,-0.005913451057335949,0.006418077378995075
446,5de6c12e02a9e36835018cc3abb08e3288d1688130193055566a10d153a20ef7:446,1.0,1,elliptical,ballistic,outside,False,72.82380676269531,0.028465965965965966,0.0298202614379085,0.027867965367965368,-0.0019522960699431303,0.00714172957681789
447,5de6c12e02a9e36835018cc3abb08e3288d1688130193055566a10d153a20ef7:447,1.0,2,elliptical,diffusive,edge,False,8.032519340515137,0.032407407407407406,0.027908067542213883,0.03755364806866953,0.009645580526455647,0.00648119160984478
448,5de6c12e02a9e36835018cc3abb08e3288d1688130193055566a10d153a20ef7:448,1.0,1,circular,diffusive,edge,False,67.69833374023438,0.028215715715715715,0.023706896551724137,0.028493623804463335,0.004786727252739199,0.00697537502990045
449,5de6c12e02a9e36835018cc3abb08e3288d1688130193055566a10d153a20ef7:449,1.0,0,circular,ballistic,inside,False,83.72225189208984,0.02702702702702703,0.02921826625386997,0.025980029585798817,-0.0032382366680711525,0.008434584357533893
450,5de6c12e02a9e36835018cc3abb08e3288d1688130193055566a10d153a20ef7:450,1.0,1,elliptical,diffusive,outside,False,77.31649780273438,0.031093593593593594,0.03333333333333333,0.03074363425925926,-0.002589699074074074,0.009560206454221962
451,5de6c12e02a9e36835018cc3abb08e3288d1688130193055566a10d153a20ef7:451,1.0,0,circular,ballistic,edge,False,83.83521270751953,0.02909159159159159,0.030985169491525424,0.028505897771952816,-0.002479271719572608,0.0062534403072097835
452,5de6c12e02a9e36835018cc3abb08e3288d1688130193055566a10d153a20ef7:452,1.0,2,elliptical,ballistic,inside,False,41.28509140014648,0.030342842842842842,0.02879746835443038,0.03135347682119205,0.0025560084667616695,0.006544594284367795
453,5de6c12e02a9e36835018cc3abb08e3288d1688130193055566a10d153a20ef7:453,1.0,2,elliptical,ballistic,edge,False,18.81854248046875,0.0467967967967968,0.03159340659340659,0.0483204845814978,0.016727077988091206,0.01205884264580256
454,5de6c12e02a9e36835018cc3abb08e3288d1688130193055566a10d153a20ef7:454,1.0,1,elliptical,ballistic,edge,False,60.20890045166016,0.02952952952952953,0.030333333333333334,0.02904647435897436,-0.0012868589743589738,0.0059378431019542904
455,5de6c12e02a9e36835018cc3abb08e3288d1688130193055566a10d153a20ef7:455,1.0,2,circular,ballistic,outside,False,22.964200973510746,0.04197947947947948,0.035860655737704916,0.0423773987206823,0.006516742982977386,0.00861252697040835
456,5de6c12e02a9e36835018cc3abb08e3288d1688130193055566a10d153a20ef7:456,1.0,0,elliptical,diffusive,outside,False,82.05327606201172,0.026401401401401403,0.021410034602076123,0.028433098591549296,0.007023063989473173,0.007363270760662912
457,5de6c12e02a9e36835018cc3abb08e3288d1688130193055566a10d153a20ef7:457,1.0,2,elliptical,ballistic,outside,False,15.412757873535156,0.04279279279279279,0.026678657074340528,0.05433848797250859,0.027659830898168064,0.012315770569934218
458,5de6c12e02a9e36835018cc3abb08e3288d1688130193055566a10d153a20ef7:458,1.0,2,circular,diffusive,inside,False,15.50230312347412,0.029466966966966966,0.02843045112781955,0.030647751605995716,0.0022173004781761672,0.006258445562884312
459,5de6c12e02a9e36835018cc3abb08e3288d1688130193055566a10d153a20ef7:459,1.0,1,elliptical,diffusive,inside,False,69.11238098144531,0.02927927927927928,0.027920081967213115,0.029718543046357616,0.0017984610791445012,0.008143713761397888
460,5de6c12e02a9e36835018cc3abb08e3288d1688130193055566a10d153a20ef7:460,1.0,0,elliptical,diffusive,edge,False,82.1307144165039,0.02658908908908909,0.025152439024390245,0.027589134125636672,0.002436695101246427,0.006411670740442463
461,5de6c12e02a9e36835018cc3abb08e3288d1688130193055566a10d153a20ef7:461,1.0,1,circular,diffusive,outside,False,77.88322448730469,0.02884134134134134,0.028186274509803922,0.029293570219966158,0.0011072957101622358,0.006948388711151444
462,5de6c12e02a9e36835018cc3abb08e3288d1688130193055566a10d153a20ef7:462,1.0,0,elliptical,ballistic,inside,False,81.01172637939453,0.030155155155155156,0.03651685393258427,0.027834699453551912,-0.008682154479032356,0.006847671818074138
463,5de6c12e02a9e36835018cc3abb08e3288d1688130193055566a10d153a20ef7:463,1.0,1,elliptical,diffusive,edge,False,80.27362823486328,0.03178178178178178,0.025273224043715847,0.03324142156862745,0.007968197524911604,0.005916711920689134
464,5de6c12e02a9e36835018cc3abb08e3288d1688130193055566a10d153a20ef7:464,1.0,2,elliptical,diffusive,outside,False,13.277595520019531,0.034722222222222224,0.027846534653465347,0.03771551724137931,0.009868982587913962,0.015112582362096713
465,5de6c12e02a9e36835018cc3abb08e3288d1688130193055566a10d153a20ef7:465,1.0,1,circular,diffusive,inside,False,83.83525085449219,0.02952952952952953,0.027986725663716815,0.03153801843317972,0.0035512927694629076,0.006306107691868946
466,5de6c12e02a9e36835018cc3abb08e3288d1688130193055566a10d153a20ef7:466,1.0,0,circular,diffusive,edge,False,83.83525085449219,0.026964464464464464,0.02296686746987952,0.02776110444177671,0.0047942369718971915,0.006243417757954001
467,5de6c12e02a9e36835018cc3abb08e3288d1688130193055566a10d153a20ef7:467,1.0,0,circular,ballistic,outside,False,83.39639282226562,0.0315940940940941,0.03372797356828194,0.02981651376146789,-0.003911459806814045,0.007057933322236723
468,5de6c12e02a9e36835018cc3abb08e3288d1688130193055566a10d153a20ef7:468,0.25,0,elliptical,ballistic,outside,False,83.7629623413086,0.029869477911646587,0.029869477911646587,,,0.009004714414985994
469,5de6c12e02a9e36835018cc3abb08e3288d1688130193055566a10d153a20ef7:469,0.25,2,circular,diffusive,edge,False,21.33953857421875,0.02384538152610442,0.02384538152610442,,,0.01006209952451177
470,5de6c12e02a9e36835018cc3abb08e3288d1688130193055566a10d153a20ef7:470,0.25,1,elliptical,diffusive,inside,False,60.05185317993164,0.02284136546184739,0.02284136546184739,,,0.006184078812627971
471,5de6c12e02a9e36835018cc3abb08e3288d1688130193055566a10d153a20ef7:471,0.25,1,elliptical,ballistic,outside,False,64.97628021240234,0.021586345381526106,0.01937772925764192,0.046875,0.02749727074235808,0.006330080428171934
472,5de6c12e02a9e36835018cc3abb08e3288d1688130193055566a10d153a20ef7:472,0.25,2,elliptical,ballistic,edge,False,38.84138870239258,0.024849397590361446,0.0274822695035461,0.02141203703703704,-0.006070232466509062,0.007642237624316431
473,5de6c12e02a9e36835018cc3abb08e3288d1688130193055566a10d153a20ef7:473,0.25,1,circular,diffusive,outside,False,60.58953857421875,0.033383534136546184,0.033383534136546184,,,0.013653787920641714
474,5de6c12e02a9e36835018cc3abb08e3288d1688130193055566a10d153a20ef7:474,0.25,1,elliptical,diffusive,outside,False,83.83525085449219,0.020833333333333332,0.020833333333333332,,,0.0061020310146301295
475,5de6c12e02a9e36835018cc3abb08e3288d1688130193055566a10d153a20ef7:475,0.25,2,elliptical,diffusive,edge,False,41.70094299316406,0.03162650602409638,0.03162650602409638,,,0.013939200177625321
476,5de6c12e02a9e36835018cc3abb08e3288d1688130193055566a10d153a20ef7:476,0.25,1,elliptical,ballistic,inside,False,70.91580963134766,0.030120481927710843,0.038865546218487396,0.022115384615384617,-0.01675016160310278,0.006428839595816113
477,5de6c12e02a9e36835018cc3abb08e3288d1688130193055566a10d153a20ef7:477,0.25,2,circular,diffusive,inside,False,7.53706693649292,0.02710843373493976,0.02710843373493976,,,0.006189170685711823
478,5de6c12e02a9e36835018cc3abb08e3288d1688130193055566a10d153a20ef7:478,0.25,0,circular,diffusive,inside,False,83.83525085449219,0.028112449799196786,0.028112449799196786,,,0.009682380282121442
479,5de6c12e02a9e36835018cc3abb08e3288d1688130193055566a10d153a20ef7:479,0.25,1,circular,ballistic,outside,False,83.83515930175781,0.02710843373493976,0.02710843373493976,,,0.009418505541814113
480,5de6c12e02a9e36835018cc3abb08e3288d1688130193055566a10d153a20ef7:480,0.25,0,elliptical,diffusive,inside,False,83.08863067626953,0.030622489959839357,0.030622489959839357,,,0.007889675524850258
481,5de6c12e02a9e36835018cc3abb08e3288d1688130193055566a10d153a20ef7:481,0.25,0,circular,diffusive,edge,False,83.83525085449219,0.02961847389558233,0.029513888888888888,0.030303030303030304,0.0007891414141414158,0.012689984598157166
482,5de6c12e02a9e36835018cc3abb08e3288d1688130193055566a10d153a20ef7:482,0.25,0,circular,ballistic,inside,False,82.5694580078125,0.03112449799196787,0.03112449799196787,,,0.009630183781752448
483,5de6c12e02a9e36835018cc3abb08e3288d1688130193055566a10d153a20ef7:483,0.25,2,elliptical,diffusive,inside,False,6.382273197174072,0.0303714859437751,0.03322784810126582,0.029044117647058824,-0.004183730454206995,0.01669318244444559
484,5de6c12e02a9e36835018cc3abb08e3288d1688130193055566a10d153a20ef7:484,0.25,1,elliptical,diffusive,edge,False,71.87934875488281,0.0286144578313253,0.03590425531914894,0.024193548387096774,-0.011710706932052166,0.011436531877404135
485,5de6c12e02a9e36835018cc3abb08e3288d1688130193055566a10d153a20ef7:485,0.25,2,elliptical,ballistic,inside,False,16.123249053955078,0.03765060240963856,0.025,0.04481132075471698,0.019811320754716977,0.008738401197554825
486,5de6c12e02a9e36835018cc3abb08e3288d1688130193055566a10d153a20ef7:486,0.25,1,circular,ballistic,inside,False,74.92478942871094,0.02886546184738956,0.02886546184738956,,,0.01593628431661644
487,5de6c12e02a9e36835018cc3abb08e3288d1688130193055566a10d153a20ef7:487,0.25,2,circular,ballistic,inside,False,36.51854705810547,0.029869477911646587,0.029869477911646587,,,0.005805739711958021
488,5de6c12e02a9e36835018cc3abb08e3288d1688130193055566a10d153a20ef7:488,0.25,0,elliptical,ballistic,edge,False,81.9688720703125,0.029367469879518073,0.02332089552238806,0.03641304347826087,0.013092147955872806,0.009679126247318695
489,5de6c12e02a9e36835018cc3abb08e3288d1688130193055566a10d153a20ef7:489,0.25,1,circular,ballistic,edge,False,52.543643951416016,0.023343373493975902,0.023343373493975902,,,0.009574413214237274
490,5de6c12e02a9e36835018cc3abb08e3288d1688130193055566a10d153a20ef7:490,0.25,0,circular,ballistic,outside,False,83.77429962158203,0.028363453815261043,0.02992957746478873,0.02773876404494382,-0.002190813419844912,0.01473673628823865
491,5de6c12e02a9e36835018cc3abb08e3288d1688130193055566a10d153a20ef7:491,0.25,0,circular,diffusive,outside,False,83.47567749023438,0.03413654618473896,0.03413654618473896,,,0.009682380282121442
492,5de6c12e02a9e36835018cc3abb08e3288d1688130193055566a10d153a20ef7:492,0.25,2,elliptical,diffusive,outside,False,16.19463539123535,0.04216867469879518,0.04216867469879518,,,0.009939251944389223
493,5de6c12e02a9e36835018cc3abb08e3288d1688130193055566a10d153a20ef7:493,0.25,0,circular,ballistic,edge,False,83.59175872802734,0.030622489959839357,0.030622489959839357,,,0.013939200177625323
494,5de6c12e02a9e36835018cc3abb08e3288d1688130193055566a10d153a20ef7:494,0.25,2,elliptical,ballistic,outside,False,9.907337188720703,0.03313253012048193,0.03313253012048193,,,0.010952522203449512
495,5de6c12e02a9e36835018cc3abb08e3288d1688130193055566a10d153a20ef7:495,0.25,1,circular,diffusive,edge,False,79.739990234375,0.028363453815261043,0.028363453815261043,,,0.006841874081545686
496,5de6c12e02a9e36835018cc3abb08e3288d1688130193055566a10d153a20ef7:496,0.25,2,circular,ballistic,edge,False,13.403888702392578,0.033634538152610444,0.033634538152610444,,,0.005832806244288278
497,5de6c12e02a9e36835018cc3abb08e3288d1688130193055566a10d153a20ef7:497,0.25,0,elliptical,diffusive,edge,False,79.06656646728516,0.0321285140562249,0.0321285140562249,,,0.010577965615313996
498,5de6c12e02a9e36835018cc3abb08e3288d1688130193055566a10d153a20ef7:498,0.25,0,elliptical,ballistic,inside,False,83.01819610595703,0.023092369477911646,0.02130681818181818,0.025106837606837608,0.0038000194250194276,0.009091752146724315
499,5de6c12e02a9e36835018cc3abb08e3288d1688130193055566a10d153a20ef7:499,0.25,1,elliptical,ballistic,edge,False,67.55899047851562,0.02535140562248996,0.02535140562248996,,,0.010669885194192912
500,5de6c12e02a9e36835018cc3abb08e3288d1688130193055566a10d153a20ef7:500,0.25,2,circular,ballistic,outside,False,36.73556137084961,0.029869477911646587,0.029869477911646587,,,0.010112066806467713
501,5de6c12e02a9e36835018cc3abb08e3288d1688130193055566a10d153a20ef7:501,0.25,2,circular,diffusive,outside,False,30.3155460357666,0.02610441767068273,0.02610441767068273,,,0.006956027339634046
502,5de6c12e02a9e36835018cc3abb08e3288d1688130193055566a10d153a20ef7:502,0.25,1,circular,diffusive,inside,False,75.79639434814453,0.034889558232931724,0.034889558232931724,,,0.008863676497494767
503,5de6c12e02a9e36835018cc3abb08e3288d1688130193055566a10d153a20ef7:503,0.25,0,elliptical,diffusive,outside,False,83.83525085449219,0.025602409638554216,0.025602409638554216,,,0.005918587410919477
468,5de6c12e02a9e36835018cc3abb08e3288d1688130193055566a10d153a20ef7:468,0.5,0,elliptical,ballistic,outside,False,83.7629623413086,0.03006012024048096,0.028935185185185185,0.03138646288209607,0.0024512776969108814,0.011446552764324512
469,5de6c12e02a9e36835018cc3abb08e3288d1688130193055566a10d153a20ef7:469,0.5,2,circular,diffusive,edge,False,21.33953857421875,0.02442384769539078,0.024189330543933053,0.02976190476190476,0.005572574217971707,0.007728067560572319
470,5de6c12e02a9e36835018cc3abb08e3288d1688130193055566a10d153a20ef7:470,0.5,1,elliptical,diffusive,inside,False,60.05185317993164,0.024549098196392786,0.024549098196392786,,,0.007242901951303088
471,5de6c12e02a9e36835018cc3abb08e3288d1688130193055566a10d153a20ef7:471,0.5,1,elliptical,ballistic,outside,False,64.97628021240234,0.023672344689378757,0.01937772925764192,0.027314814814814816,0.007937085557172895,0.006134717883897023
472,5de6c12e02a9e36835018cc3abb08e3288d1688130193055566a10d153a20ef7:472,0.5,2,elliptical,ballistic,edge,False,38.84138870239258,0.03206412825651302,0.0274822695035461,0.033868715083798885,0.006386445580252784,0.007825901478864382
473,5de6c12e02a9e36835018cc3abb08e3288d1688130193055566a10d153a20ef7:473,0.5,1,circular,diffusive,outside,False,60.58953857421875,0.03093687374749499,0.033393501805054154,0.02787162162162162,-0.005521880183432533,0.008625932076589926
474,5de6c12e02a9e36835018cc3abb08e3288d1688130193055566a10d153a20ef7:474,0.5,1,elliptical,diffusive,outside,False,83.83525085449219,0.02717935871743487,0.025086505190311418,0.03005952380952381,0.004973018619212392,0.007488890745930234
475,5de6c12e02a9e36835018cc3abb08e3288d1688130193055566a10d153a20ef7:475,0.5,2,elliptical,diffusive,edge,False,41.70094299316406,0.030561122244488977,0.030561122244488977,,,0.011358501050856347
476,5de6c12e02a9e36835018cc3abb08e3288d1688130193055566a10d153a20ef7:476,0.5,1,elliptical,ballistic,inside,False,70.91580963134766,0.03206412825651302,0.038865546218487396,0.02993421052631579,-0.008931335692171607,0.0037491556981702817
477,5de6c12e02a9e36835018cc3abb08e3288d1688130193055566a10d153a20ef7:477,0.5,2,circular,diffusive,inside,False,7.53706693649292,0.03281563126252505,0.03281563126252505,,,0.007098510679010398
478,5de6c12e02a9e36835018cc3abb08e3288d1688130193055566a10d153a20ef7:478,0.5,0,circular,diffusive,inside,False,83.83525085449219,0.026678356713426853,0.02829861111111111,0.022482014388489208,-0.0058165967226219036,0.007030782665674442
479,5de6c12e02a9e36835018cc3abb08e3288d1688130193055566a10d153a20ef7:479,0.5,1,circular,ballistic,outside,False,83.83515930175781,0.028557114228456915,0.028211805555555556,0.029028436018957347,0.0008166304634017914,0.01049715773534918
480,5de6c12e02a9e36835018cc3abb08e3288d1688130193055566a10d153a20ef7:480,0.5,0,elliptical,diffusive,inside,False,83.08863067626953,0.03218937875751503,0.030027932960893854,0.037677304964539006,0.007649372003645152,0.007687361101231038
481,5de6c12e02a9e36835018cc3abb08e3288d1688130193055566a10d153a20ef7:481,0.5,0,circular,diffusive,edge,False,83.83525085449219,0.029183366733466935,0.029513888888888888,0.028931095406360425,-0.0005827934825284632,0.008869822733644896
482,5de6c12e02a9e36835018cc3abb08e3288d1688130193055566a10d153a20ef7:482,0.5,0,circular,ballistic,inside,False,82.5694580078125,0.029433867735470944,0.029433867735470944,,,0.007084131133456548
483,5de6c12e02a9e36835018cc3abb08e3288d1688130193055566a10d153a20ef7:483,0.5,2,elliptical,diffusive,inside,False,6.382273197174072,0.03970440881763527,0.03322784810126582,0.04092261904761905,0.0076947709463532285,0.02654335615223278
484,5de6c12e02a9e36835018cc3abb08e3288d1688130193055566a10d153a20ef7:484,0.5,1,elliptical,diffusive,edge,False,71.87934875488281,0.02592685370741483,0.03590425531914894,0.02361111111111111,-0.012293144208037829,0.008611370458987522
485,5de6c12e02a9e36835018cc3abb08e3288d1688130193055566a10d153a20ef7:485,0.5,2,elliptical,ballistic,inside,False,16.123249053955078,0.050976953907815634,0.025,0.05669315403422983,0.03169315403422983,0.016985648943477077
486,5de6c12e02a9e36835018cc3abb08e3288d1688130193055566a10d153a20ef7:486,0.5,1,circular,ballistic,inside,False,74.92478942871094,0.028306613226452906,0.02734375,0.02946035242290749,0.002116602422907489,0.007273161894267523
487,5de6c12e02a9e36835018cc3abb08e3288d1688130193055566a10d153a20ef7:487,0.5,2,circular,ballistic,inside,False,36.51854705810547,0.03281563126252505,0.03189359267734554,0.03931451612903226,0.007420923451686719,0.007593941077767594
488,5de6c12e02a9e36835018cc3abb08e3288d1688130193055566a10d153a20ef7:488,0.5,0,elliptical,ballistic,edge,False,81.9688720703125,0.03206412825651302,0.02332089552238806,0.03527397260273973,0.011953077080351666,0.009584732700255005
489,5de6c12e02a9e36835018cc3abb08e3288d1688130193055566a10d153a20ef7:489,0.5,1,circular,ballistic,edge,False,52.543643951416016,0.027930861723446894,0.027998938428874735,0.026785714285714284,-0.001213224143160451,0.009189495334932433
490,5de6c12e02a9e36835018cc3abb08e3288d1688130193055566a10d153a20ef7:490,0.5,0,circular,ballistic,outside,False,83.77429962158203,0.025801603206412827,0.02992957746478873,0.02511682242990654,-0.004812755034882189,0.010410117612815706
491,5de6c12e02a9e36835018cc3abb08e3288d1688130193055566a10d153a20ef7:491,0.5,0,circular,diffusive,outside,False,83.47567749023438,0.034193386773547094,0.03393308080808081,0.03519417475728155,0.0012610939492007436,0.006822416749196554
492,5de6c12e02a9e36835018cc3abb08e3288d1688130193055566a10d153a20ef7:492,0.5,2,elliptical,diffusive,outside,False,16.19463539123535,0.03569639278557114,0.035331905781584586,0.041015625,0.0056837192184154145,0.007327957152459957
493,5de6c12e02a9e36835018cc3abb08e3288d1688130193055566a10d153a20ef7:493,0.5,0,circular,ballistic,edge,False,83.59175872802734,0.03294088176352705,0.03294088176352705,,,0.010738724062811693
494,5de6c12e02a9e36835018cc3abb08e3288d1688130193055566a10d153a20ef7:494,0.5,2,elliptical,ballistic,outside,False,9.907337188720703,0.03982965931863727,0.032670454545454544,0.047872340425531915,0.01520188588007737,0.01153121170990371
495,5de6c12e02a9e36835018cc3abb08e3288d1688130193055566a10d153a20ef7:495,0.5,1,circular,diffusive,edge,False,79.739990234375,0.025676352705410823,0.025676352705410823,,,0.007597039170401177
496,5de6c12e02a9e36835018cc3abb08e3288d1688130193055566a10d153a20ef7:496,0.5,2,circular,ballistic,edge,False,13.403888702392578,0.032439879759519036,0.031958438287153654,0.03431372549019608,0.0023552872030424277,0.00581976961697843
497,5de6c12e02a9e36835018cc3abb08e3288d1688130193055566a10d153a20ef7:497,0.5,0,elliptical,diffusive,edge,False,79.06656646728516,0.031187374749498998,0.031187374749498998,,,0.01000045054025007
498,5de6c12e02a9e36835018cc3abb08e3288d1688130193055566a10d153a20ef7:498,0.5,0,elliptical,ballistic,inside,False,83.01819610595703,0.026052104208416832,0.02130681818181818,0.027758855585831063,0.006452037404012883,0.008735268423929205
499,5de6c12e02a9e36835018cc3abb08e3288d1688130193055566a10d153a20ef7:499,0.5,1,elliptical,ballistic,edge,False,67.55899047851562,0.029934869739478957,0.029934869739478957,,,0.008054103915717823
500,5de6c12e02a9e36835018cc3abb08e3288d1688130193055566a10d153a20ef7:500,0.5,2,circular,ballistic,outside,False,36.73556137084961,0.03068637274549098,0.03068637274549098,,,0.006683026839656363
501,5de6c12e02a9e36835018cc3abb08e3288d1688130193055566a10d153a20ef7:501,0.5,2,circular,diffusive,outside,False,30.3155460357666,0.026803607214428857,0.02645985401459854,0.028409090909090908,0.001949236894492369,0.0075441985703284566
502,5de6c12e02a9e36835018cc3abb08e3288d1688130193055566a10d153a20ef7:502,0.5,1,circular,diffusive,inside,False,75.79639434814453,0.02930861723446894,0.02930861723446894,,,0.00897269272974565
503,5de6c12e02a9e36835018cc3abb08e3288d1688130193055566a10d153a20ef7:503,0.5,0,elliptical,diffusive,outside,False,83.83525085449219,0.026427855711422844,0.026726973684210526,0.025961538461538463,-0.0007654352226720632,0.0034687831723763103
468,5de6c12e02a9e36835018cc3abb08e3288d1688130193055566a10d153a20ef7:468,1.0,0,elliptical,ballistic,outside,False,83.7629623413086,0.027777777777777776,0.028935185185185185,0.027349108367626888,-0.0015860768175582976,0.007877916035383981
469,5de6c12e02a9e36835018cc3abb08e3288d1688130193055566a10d153a20ef7:469,1.0,2,circular,diffusive,edge,False,21.33953857421875,0.03265765765765766,0.024189330543933053,0.040427063339731284,0.01623773279579823,0.011795656441430363
470,5de6c12e02a9e36835018cc3abb08e3288d1688130193055566a10d153a20ef7:470,1.0,1,elliptical,diffusive,inside,False,60.05185317993164,0.02809059059059059,0.026577102803738317,0.03081232492997199,0.004235222126233673,0.007678391771242542
471,5de6c12e02a9e36835018cc3abb08e3288d1688130193055566a10d153a20ef7:471,1.0,1,elliptical,ballistic,outside,False,64.97628021240234,0.028028028028028028,0.01937772925764192,0.03060064935064935,0.011222920093007429,0.0074614872451829704
472,5de6c12e02a9e36835018cc3abb08e3288d1688130193055566a10d153a20ef7:472,1.0,2,elliptical,ballistic,edge,False,38.84138870239258,0.03628628628628629,0.0274822695035461,0.03773310023310023,0.010250830729554131,0.006047570557354641
473,5de6c12e02a9e36835018cc3abb08e3288d1688130193055566a10d153a20ef7:473,1.0,1,circular,diffusive,outside,False,60.58953857421875,0.026776776776776777,0.033393501805054154,0.024238227146814405,-0.009155274658239749,0.005799114227355589
474,5de6c12e02a9e36835018cc3abb08e3288d1688130193055566a10d153a20ef7:474,1.0,1,elliptical,diffusive,outside,False,83.83525085449219,0.029154154154154153,0.025086505190311418,0.030809859154929578,0.00572335396461816,0.007426784910786637
475,5de6c12e02a9e36835018cc3abb08e3288d1688130193055566a10d153a20ef7:475,1.0,2,elliptical,diffusive,edge,False,41.70094299316406,0.032157157157157154,0.03072429906542056,0.03380926724137931,0.003084968175958748,0.010701673331698398
476,5de6c12e02a9e36835018cc3abb08e3288d1688130193055566a10d153a20ef7:476,1.0,1,elliptical,ballistic,inside,False,70.91580963134766,0.03440940940940941,0.038865546218487396,0.03380681818181818,-0.005058728036669215,0.005464115505730243
477,5de6c12e02a9e36835018cc3abb08e3288d1688130193055566a10d153a20ef7:477,1.0,2,circular,diffusive,inside,False,7.53706693649292,0.045420420420420424,0.032614087301587304,0.05845959595959596,0.025845508658008658,0.022297213037794573
478,5de6c12e02a9e36835018cc3abb08e3288d1688130193055566a10d153a20ef7:478,1.0,0,circular,diffusive,inside,False,83.83525085449219,0.029717217217217217,0.02829861111111111,0.03051643192488263,0.0022178208137715177,0.007696720960094733
479,5de6c12e02a9e36835018cc3abb08e3288d1688130193055566a10d153a20ef7:479,1.0,1,circular,ballistic,outside,False,83.83515930175781,0.02809059059059059,0.028211805555555556,0.028041490857946553,-0.00017031469760900309,0.010653836807611035
480,5de6c12e02a9e36835018cc3abb08e3288d1688130193055566a10d153a20ef7:480,1.0,0,elliptical,diffusive,inside,False,83.08863067626953,0.032344844844844844,0.030027932960893854,0.033638845553822155,0.003610912592928301,0.006245924903023613
481,5de6c12e02a9e36835018cc3abb08e3288d1688130193055566a10d153a20ef7:481,1.0,0,circular,diffusive,edge,False,83.83525085449219,0.03028028028028028,0.029513888888888888,0.03049169859514687,0.0009778097062579823,0.009201589745170288
482,5de6c12e02a9e36835018cc3abb08e3288d1688130193055566a10d153a20ef7:482,1.0,0,circular,ballistic,inside,False,82.5694580078125,0.03003003003003003,0.02952029520295203,0.030634573304157548,0.0011142781012055195,0.007964880111531306
483,5de6c12e02a9e36835018cc3abb08e3288d1688130193055566a10d153a20ef7:483,1.0,2,elliptical,diffusive,inside,False,6.382273197174072,0.05549299299299299,0.03322784810126582,0.057404891304347824,0.024177043203082005,0.04176888649303278
484,5de6c12e02a9e36835018cc3abb08e3288d1688130193055566a10d153a20ef7:484,1.0,1,elliptical,diffusive,edge,False,71.87934875488281,0.027464964964964964,0.03590425531914894,0.02658839779005525,-0.00931585752909369,0.005251902619982441
485,5de6c12e02a9e36835018cc3abb08e3288d1688130193055566a10d153a20ef7:485,1.0,2,elliptical,ballistic,inside,False,16.123249053955078,0.06237487487487488,0.025,0.06607535753575358,0.04107535753575358,0.01854544734026343
486,5de6c12e02a9e36835018cc3abb08e3288d1688130193055566a10d153a20ef7:486,1.0,1,circular,ballistic,inside,False,74.92478942871094,0.03071821821821822,0.02734375,0.03198074277854195,0.004636992778541953,0.007941010640361255
487,5de6c12e02a9e36835018cc3abb08e3288d1688130193055566a10d153a20ef7:487,1.0,2,circular,ballistic,inside,False,36.51854705810547,0.03547297297297297,0.03189359267734554,0.03825622775800712,0.00636263508066158,0.006850814852601486
488,5de6c12e02a9e36835018cc3abb08e3288d1688130193055566a10d153a20ef7:488,1.0,0,elliptical,ballistic,edge,False,81.9688720703125,0.02877877877877878,0.02332089552238806,0.029624277456647398,0.006303381934259337,0.010168293120075098
489,5de6c12e02a9e36835018cc3abb08e3288d1688130193055566a10d153a20ef7:489,1.0,1,circular,ballistic,edge,False,52.543643951416016,0.032407407407407406,0.027998938428874735,0.03633996212121212,0.008341023692337385,0.010225869510515228
490,5de6c12e02a9e36835018cc3abb08e3288d1688130193055566a10d153a20ef7:490,1.0,0,circular,ballistic,outside,False,83.77429962158203,0.025087587587587588,0.02992957746478873,0.024717133620689655,-0.005212443844099076,0.0063675658609937584
491,5de6c12e02a9e36835018cc3abb08e3288d1688130193055566a10d153a20ef7:491,1.0,0,circular,diffusive,outside,False,83.47567749023438,0.031343843843843845,0.03393308080808081,0.029643449419568823,-0.004289631388511985,0.006245924903023612
492,5de6c12e02a9e36835018cc3abb08e3288d1688130193055566a10d153a20ef7:492,1.0,2,elliptical,diffusive,outside,False,16.19463539123535,0.03290790790790791,0.035331905781584586,0.030780075187969925,-0.004551830593614661,0.006727730259644675
493,5de6c12e02a9e36835018cc3abb08e3288d1688130193055566a10d153a20ef7:493,1.0,0,circular,ballistic,edge,False,83.59175872802734,0.03340840840840841,0.03313253012048193,0.03379186602870814,0.0006593359082262065,0.007560498668679075
494,5de6c12e02a9e36835018cc3abb08e3288d1688130193055566a10d153a20ef7:494,1.0,2,elliptical,ballistic,outside,False,9.907337188720703,0.0609984984984985,0.032670454545454544,0.07117346938775511,0.038503014842300565,0.025083062704926683
495,5de6c12e02a9e36835018cc3abb08e3288d1688130193055566a10d153a20ef7:495,1.0,1,circular,diffusive,edge,False,79.739990234375,0.028528528528528527,0.02643805309734513,0.03125,0.0048119469026548685,0.00800409689275249
496,5de6c12e02a9e36835018cc3abb08e3288d1688130193055566a10d153a20ef7:496,1.0,2,circular,ballistic,edge,False,13.403888702392578,0.046734234234234236,0.031958438287153654,0.05647840531561462,0.024519967028460966,0.014004933914865344
497,5de6c12e02a9e36835018cc3abb08e3288d1688130193055566a10d153a20ef7:497,1.0,0,elliptical,diffusive,edge,False,79.06656646728516,0.02759009009009009,0.03018867924528302,0.024653518123667378,-0.005535161121615641,0.006445765896935616
498,5de6c12e02a9e36835018cc3abb08e3288d1688130193055566a10d153a20ef7:498,1.0,0,elliptical,ballistic,inside,False,83.01819610595703,0.02633883883883884,0.02130681818181818,0.02710495963091119,0.005798141449093009,0.006467589299188269
499,5de6c12e02a9e36835018cc3abb08e3288d1688130193055566a10d153a20ef7:499,1.0,1,elliptical,ballistic,edge,False,67.55899047851562,0.031093593593593594,0.030424528301886793,0.03184968017057569,0.001425151868688898,0.00785178853930419
500,5de6c12e02a9e36835018cc3abb08e3288d1688130193055566a10d153a20ef7:500,1.0,2,circular,ballistic,outside,False,36.73556137084961,0.03591091091091091,0.03180354267310789,0.04265873015873016,0.010855187485622267,0.008825535522813992
501,5de6c12e02a9e36835018cc3abb08e3288d1688130193055566a10d153a20ef7:501,1.0,2,circular,diffusive,outside,False,30.3155460357666,0.029904904904904904,0.02645985401459854,0.03231292517006803,0.005853071155469489,0.007817066390108747
502,5de6c12e02a9e36835018cc3abb08e3288d1688130193055566a10d153a20ef7:502,1.0,1,circular,diffusive,inside,False,75.79639434814453,0.031343843843843845,0.03218503937007874,0.029876373626373628,-0.0023086657437051093,0.006916771600031668
503,5de6c12e02a9e36835018cc3abb08e3288d1688130193055566a10d153a20ef7:503,1.0,0,elliptical,diffusive,outside,False,83.83525085449219,0.02759009009009009,0.026726973684210526,0.027967625899280577,0.0012406522150700504,0.004183279323924959
504,5de6c12e02a9e36835018cc3abb08e3288d1688130193055566a10d153a20ef7:504,0.25,0,elliptical,diffusive,edge,False,81.69741821289062,0.028112449799196786,0.028112449799196786,,,0.010577965615313994
505,5de6c12e02a9e36835018cc3abb08e3288d1688130193055566a10d153a20ef7:505,0.25,1,elliptical,diffusive,outside,False,78.54254150390625,0.030873493975903613,0.030873493975903613,,,0.007023628805036759
506,5de6c12e02a9e36835018cc3abb08e3288d1688130193055566a10d153a20ef7:506,0.25,2,circular,ballistic,edge,False,38.55142211914063,0.026606425702811246,0.02821601941747573,0.0188953488372093,-0.009320670580266428,0.008966150150347265
507,5de6c12e02a9e36835018cc3abb08e3288d1688130193055566a10d153a20ef7:507,0.25,1,circular,ballistic,outside,False,53.64606857299805,0.026857429718875503,0.026857429718875503,,,0.006423937696822152
508,5de6c12e02a9e36835018cc3abb08e3288d1688130193055566a10d153a20ef7:508,0.25,0,elliptical,ballistic,outside,False,81.05994415283203,0.0303714859437751,0.027857142857142858,0.036317567567567564,0.008460424710424706,0.00970512797649659
509,5de6c12e02a9e36835018cc3abb08e3288d1688130193055566a10d153a20ef7:509,0.25,0,elliptical,ballistic,inside,False,83.59635925292969,0.021586345381526106,0.021586345381526106,,,0.006716409719005849
510,5de6c12e02a9e36835018cc3abb08e3288d1688130193055566a10d153a20ef7:510,0.25,0,circular,ballistic,inside,False,83.34346771240234,0.03288152610441767,0.03125,0.03614457831325301,0.0048945783132530105,0.008574644002278477
511,5de6c12e02a9e36835018cc3abb08e3288d1688130193055566a10d153a20ef7:511,0.25,1,circular,diffusive,edge,False,79.93484497070312,0.030120481927710843,0.03125,0.02888655462184874,-0.002363445378151259,0.013395245044303549
512,5de6c12e02a9e36835018cc3abb08e3288d1688130193055566a10d153a20ef7:512,0.25,2,circular,ballistic,inside,False,23.94367790222168,0.030622489959839357,0.030622489959839357,,,0.009405117467467469
513,5de6c12e02a9e36835018cc3abb08e3288d1688130193055566a10d153a20ef7:513,0.25,2,elliptical,ballistic,inside,False,7.041632652282715,0.03263052208835342,0.021267361111111112,0.048214285714285716,0.026946924603174605,0.007760855840231078
514,5de6c12e02a9e36835018cc3abb08e3288d1688130193055566a10d153a20ef7:514,0.25,0,circular,ballistic,edge,False,83.01901245117188,0.030622489959839357,0.030622489959839357,,,0.008622271103071118
515,5de6c12e02a9e36835018cc3abb08e3288d1688130193055566a10d153a20ef7:515,0.25,1,circular,diffusive,inside,False,79.98477172851562,0.030120481927710843,0.032534246575342464,0.02911931818181818,-0.0034149283935242837,0.009201959226818955
516,5de6c12e02a9e36835018cc3abb08e3288d1688130193055566a10d153a20ef7:516,0.25,2,circular,diffusive,outside,False,6.477463722229004,0.029869477911646587,0.029869477911646587,,,0.004538941094383816
517,5de6c12e02a9e36835018cc3abb08e3288d1688130193055566a10d153a20ef7:517,0.25,0,circular,diffusive,inside,False,83.83525085449219,0.03187751004016064,0.03187751004016064,,,0.006987656077848923
518,5de6c12e02a9e36835018cc3abb08e3288d1688130193055566a10d153a20ef7:518,0.25,0,circular,diffusive,edge,False,83.0065689086914,0.03614457831325301,0.03441011235955056,0.040492957746478875,0.006082845386928312,0.014687488793501801
519,5de6c12e02a9e36835018cc3abb08e3288d1688130193055566a10d153a20ef7:519,0.25,1,elliptical,diffusive,inside,False,71.6310806274414,0.0286144578313253,0.0286144578313253,,,0.012204062029260257
520,5de6c12e02a9e36835018cc3abb08e3288d1688130193055566a10d153a20ef7:520,0.25,1,elliptical,ballistic,edge,False,82.34880065917969,0.02886546184738956,0.02886546184738956,,,0.012737062707194052
521,5de6c12e02a9e36835018cc3abb08e3288d1688130193055566a10d153a20ef7:521,0.25,2,elliptical,ballistic,outside,False,5.514617443084717,0.02710843373493976,0.02710843373493976,,,0.00988841144758645
522,5de6c12e02a9e36835018cc3abb08e3288d1688130193055566a10d153a20ef7:522,0.25,2,elliptical,diffusive,edge,False,53.28897476196289,0.0321285140562249,0.03390522875816993,0.029296875,-0.004608353758169932,0.015489205442310756
523,5de6c12e02a9e36835018cc3abb08e3288d1688130193055566a10d153a20ef7:523,0.25,1,circular,ballistic,edge,False,70.67243957519531,0.02384538152610442,0.02384538152610442,,,0.007996753173731925
524,5de6c12e02a9e36835018cc3abb08e3288d1688130193055566a10d153a20ef7:524,0.25,2,elliptical,diffusive,inside,False,6.13270378112793,0.03463855421686747,0.03476123595505618,0.03433098591549296,-0.00043025003956322083,0.01349832295155497
525,5de6c12e02a9e36835018cc3abb08e3288d1688130193055566a10d153a20ef7:525,0.25,0,elliptical,diffusive,inside,False,83.83525085449219,0.029869477911646587,0.029869477911646587,,,0.0075426602416248595
526,5de6c12e02a9e36835018cc3abb08e3288d1688130193055566a10d153a20ef7:526,0.25,0,elliptical,diffusive,outside,False,83.83525085449219,0.029116465863453816,0.028343023255813952,0.029524539877300613,0.0011815166214866613,0.008636872758074928
527,5de6c12e02a9e36835018cc3abb08e3288d1688130193055566a10d153a20ef7:527,0.25,2,circular,diffusive,inside,False,22.87832260131836,0.030873493975903613,0.036556603773584904,0.029336734693877552,-0.007219869079707352,0.007837597889556224
528,5de6c12e02a9e36835018cc3abb08e3288d1688130193055566a10d153a20ef7:528,0.25,2,circular,ballistic,outside,False,23.870405197143555,0.021837349397590362,0.021837349397590362,,,0.006915149253993931
529,5de6c12e02a9e36835018cc3abb08e3288d1688130193055566a10d153a20ef7:529,0.25,0,circular,diffusive,outside,False,83.83525085449219,0.02786144578313253,0.02786144578313253,,,0.011422751258014813
530,5de6c12e02a9e36835018cc3abb08e3288d1688130193055566a10d153a20ef7:530,0.25,1,circular,ballistic,inside,False,63.31715393066406,0.03162650602409638,0.03162650602409638,,,0.007081694768908576
531,5de6c12e02a9e36835018cc3abb08e3288d1688130193055566a10d153a20ef7:531,0.25,1,elliptical,ballistic,inside,False,61.012969970703125,0.02710843373493976,0.034722222222222224,0.018092105263157895,-0.01663011695906433,0.00751336824653402
532,5de6c12e02a9e36835018cc3abb08e3288d1688130193055566a10d153a20ef7:532,0.25,2,elliptical,diffusive,outside,False,26.208341598510746,0.030873493975903613,0.030873493975903613,,,0.0044830750751736325
533,5de6c12e02a9e36835018cc3abb08e3288d1688130193055566a10d153a20ef7:533,0.25,0,circular,ballistic,outside,False,83.83525085449219,0.026606425702811246,0.025452488687782805,0.03571428571428571,0.010261797026502907,0.008324861421574799
534,5de6c12e02a9e36835018cc3abb08e3288d1688130193055566a10d153a20ef7:534,0.25,0,elliptical,ballistic,edge,False,82.8646469116211,0.0303714859437751,0.0303714859437751,,,0.008892063044135718
535,5de6c12e02a9e36835018cc3abb08e3288d1688130193055566a10d153a20ef7:535,0.25,2,elliptical,ballistic,edge,False,25.24942779541016,0.02359437751004016,0.02359437751004016,,,0.011348046742427023
536,5de6c12e02a9e36835018cc3abb08e3288d1688130193055566a10d153a20ef7:536,0.25,1,elliptical,ballistic,outside,False,83.15699768066406,0.035140562248995984,0.03571428571428571,0.033950617283950615,-0.001763668430335097,0.007777074992384371
537,5de6c12e02a9e36835018cc3abb08e3288d1688130193055566a10d153a20ef7:537,0.25,1,elliptical,diffusive,edge,False,62.58842468261719,0.03162650602409638,0.033125,0.030620805369127518,-0.002504194630872484,0.009077882188767632
538,5de6c12e02a9e36835018cc3abb08e3288d1688130193055566a10d153a20ef7:538,0.25,1,circular,diffusive,outside,False,79.93114471435547,0.02459839357429719,0.02459839357429719,,,0.008795891299164273
539,5de6c12e02a9e36835018cc3abb08e3288d1688130193055566a10d153a20ef7:539,0.25,2,circular,diffusive,edge,False,35.7711181640625,0.024849397590361446,0.030357142857142857,0.022695530726256984,-0.007661612130885873,0.010037022601973998
504,5de6c12e02a9e36835018cc3abb08e3288d1688130193055566a10d153a20ef7:504,0.5,0,elliptical,diffusive,edge,False,81.69741821289062,0.026177354709418836,0.027858527131782947,0.02437759336099585,-0.003480933770787096,0.00765464007544966
505,5de6c12e02a9e36835018cc3abb08e3288d1688130193055566a10d153a20ef7:505,0.5,1,elliptical,diffusive,outside,False,78.54254150390625,0.02930861723446894,0.029891304347826088,0.027199074074074073,-0.0026922302737520144,0.0066418204326467185
506,5de6c12e02a9e36835018cc3abb08e3288d1688130193055566a10d153a20ef7:506,0.5,2,circular,ballistic,edge,False,38.55142211914063,0.028807615230460923,0.02821601941747573,0.02922354948805461,0.001007530070578879,0.007544198570328456
507,5de6c12e02a9e36835018cc3abb08e3288d1688130193055566a10d153a20ef7:507,0.5,1,circular,ballistic,outside,False,53.64606857299805,0.029809619238476952,0.028758542141230067,0.0375,0.008741457858769931,0.005459542764955753
508,5de6c12e02a9e36835018cc3abb08e3288d1688130193055566a10d153a20ef7:508,0.5,0,elliptical,ballistic,outside,False,81.05994415283203,0.02868236472945892,0.027857142857142858,0.029128086419753087,0.0012709435626102293,0.007101824900969357
509,5de6c12e02a9e36835018cc3abb08e3288d1688130193055566a10d153a20ef7:509,0.5,0,elliptical,ballistic,inside,False,83.59635925292969,0.02467434869739479,0.023107394366197184,0.026744186046511628,0.003636791680314444,0.008545536123955753
510,5de6c12e02a9e36835018cc3abb08e3288d1688130193055566a10d153a20ef7:510,0.5,0,circular,ballistic,inside,False,83.34346771240234,0.03719939879759519,0.03125,0.04016516516516516,0.008915165165165162,0.008299676982479617
511,5de6c12e02a9e36835018cc3abb08e3288d1688130193055566a10d153a20ef7:511,0.5,1,circular,diffusive,edge,False,79.93484497070312,0.031062124248496994,0.03125,0.030995934959349592,-0.0002540650406504079,0.010873013233572497
512,5de6c12e02a9e36835018cc3abb08e3288d1688130193055566a10d153a20ef7:512,0.5,2,circular,ballistic,inside,False,23.94367790222168,0.030811623246492986,0.030811623246492986,,,0.007027434939431631
513,5de6c12e02a9e36835018cc3abb08e3288d1688130193055566a10d153a20ef7:513,0.5,2,elliptical,ballistic,inside,False,7.041632652282715,0.0746492985971944,0.021267361111111112,0.09630281690140845,0.07503545579029733,0.028411717191899444
514,5de6c12e02a9e36835018cc3abb08e3288d1688130193055566a10d153a20ef7:514,0.5,0,circular,ballistic,edge,False,83.01901245117188,0.03281563126252505,0.03281563126252505,,,0.007805829885211867
515,5de6c12e02a9e36835018cc3abb08e3288d1688130193055566a10d153a20ef7:515,0.5,1,circular,diffusive,inside,False,79.98477172851562,0.029934869739478957,0.032534246575342464,0.02948943661971831,-0.003044809955624155,0.008254188572442587
516,5de6c12e02a9e36835018cc3abb08e3288d1688130193055566a10d153a20ef7:516,0.5,2,circular,diffusive,outside,False,6.477463722229004,0.03093687374749499,0.030127245508982037,0.03257575757575758,0.00244851206677554,0.007555626819566971
517,5de6c12e02a9e36835018cc3abb08e3288d1688130193055566a10d153a20ef7:517,0.5,0,circular,diffusive,inside,False,83.83525085449219,0.02843186372745491,0.029072745901639344,0.0,-0.029072745901639344,0.007463710879478748
518,5de6c12e02a9e36835018cc3abb08e3288d1688130193055566a10d153a20ef7:518,0.5,0,circular,diffusive,edge,False,83.0065689086914,0.03256513026052104,0.03441011235955056,0.03154205607476635,-0.002868056284784211,0.012302634426661999
519,5de6c12e02a9e36835018cc3abb08e3288d1688130193055566a10d153a20ef7:519,0.5,1,elliptical,diffusive,inside,False,71.6310806274414,0.03156312625250501,0.03156312625250501,,,0.01035269454898388
520,5de6c12e02a9e36835018cc3abb08e3288d1688130193055566a10d153a20ef7:520,0.5,1,elliptical,ballistic,edge,False,82.34880065917969,0.03006012024048096,0.03018707482993197,0.029878048780487804,-0.00030902604944416795,0.005970127899705904
521,5de6c12e02a9e36835018cc3abb08e3288d1688130193055566a10d153a20ef7:521,0.5,2,elliptical,ballistic,outside,False,5.514617443084717,0.02780561122244489,0.02780561122244489,,,0.007443716411875565
522,5de6c12e02a9e36835018cc3abb08e3288d1688130193055566a10d153a20ef7:522,0.5,2,elliptical,diffusive,edge,False,53.28897476196289,0.030185370741482965,0.03390522875816993,0.028540462427745664,-0.005364766330424268,0.011352284216416248
523,5de6c12e02a9e36835018cc3abb08e3288d1688130193055566a10d153a20ef7:523,0.5,1,circular,ballistic,edge,False,70.67243957519531,0.024298597194388778,0.025083148558758313,0.016927083333333332,-0.008156065225424981,0.00785391553436417
524,5de6c12e02a9e36835018cc3abb08e3288d1688130193055566a10d153a20ef7:524,0.5,2,elliptical,diffusive,inside,False,6.13270378112793,0.04120741482965932,0.03476123595505618,0.04478193146417445,0.010020695509118271,0.020828898474827034
525,5de6c12e02a9e36835018cc3abb08e3288d1688130193055566a10d153a20ef7:525,0.5,0,elliptical,diffusive,inside,False,83.83525085449219,0.029183366733466935,0.029723650385604112,0.02727272727272727,-0.0024509231128768405,0.00846437659262172
526,5de6c12e02a9e36835018cc3abb08e3288d1688130193055566a10d153a20ef7:526,0.5,0,elliptical,diffusive,outside,False,83.83525085449219,0.029559118236472944,0.028343023255813952,0.02981234866828087,0.0014693254124669188,0.004831488357210899
527,5de6c12e02a9e36835018cc3abb08e3288d1688130193055566a10d153a20ef7:527,0.5,2,circular,diffusive,inside,False,22.87832260131836,0.03294088176352705,0.036556603773584904,0.032511210762331835,-0.004045393011253069,0.012080668916730429
528,5de6c12e02a9e36835018cc3abb08e3288d1688130193055566a10d153a20ef7:528,0.5,2,circular,ballistic,outside,False,23.870405197143555,0.025676352705410823,0.025205761316872428,0.04326923076923077,0.01806346945235834,0.005324251329366804
529,5de6c12e02a9e36835018cc3abb08e3288d1688130193055566a10d153a20ef7:529,0.5,0,circular,diffusive,outside,False,83.83525085449219,0.02655310621242485,0.02772887323943662,0.019691780821917807,-0.008037092417518814,0.009142428652752835
530,5de6c12e02a9e36835018cc3abb08e3288d1688130193055566a10d153a20ef7:530,0.5,1,circular,ballistic,inside,False,63.31715393066406,0.03006012024048096,0.031323877068557916,0.023026315789473683,-0.008297561279084233,0.004857394646709748
531,5de6c12e02a9e36835018cc3abb08e3288d1688130193055566a10d153a20ef7:531,0.5,1,elliptical,ballistic,inside,False,61.012969970703125,0.02930861723446894,0.034722222222222224,0.027300824175824176,-0.007421398046398048,0.006089802495562733
532,5de6c12e02a9e36835018cc3abb08e3288d1688130193055566a10d153a20ef7:532,0.5,2,elliptical,diffusive,outside,False,26.208341598510746,0.028557114228456915,0.0293188202247191,0.02666083916083916,-0.0026579810638799398,0.0061767675380450665
533,5de6c12e02a9e36835018cc3abb08e3288d1688130193055566a10d153a20ef7:533,0.5,0,circular,ballistic,outside,False,83.83525085449219,0.02655310621242485,0.025452488687782805,0.027428057553956834,0.001975568866174029,0.008338335158864348
534,5de6c12e02a9e36835018cc3abb08e3288d1688130193055566a10d153a20ef7:534,0.5,0,elliptical,ballistic,edge,False,82.8646469116211,0.028056112224448898,0.028056112224448898,,,0.007663856984357894
535,5de6c12e02a9e36835018cc3abb08e3288d1688130193055566a10d153a20ef7:535,0.5,2,elliptical,ballistic,edge,False,25.24942779541016,0.028807615230460923,0.026702786377708978,0.032670454545454544,0.005967668167745566,0.010458229331236524
536,5de6c12e02a9e36835018cc3abb08e3288d1688130193055566a10d153a20ef7:536,0.5,1,elliptical,ballistic,outside,False,83.15699768066406,0.03356713426853707,0.03571428571428571,0.0324773413897281,-0.0032369443245576154,0.010181563844139065
537,5de6c12e02a9e36835018cc3abb08e3288d1688130193055566a10d153a20ef7:537,0.5,1,elliptical,diffusive,edge,False,62.58842468261719,0.031813627254509015,0.033125,0.03148496240601504,-0.0016400375939849623,0.008182606698928393
538,5de6c12e02a9e36835018cc3abb08e3288d1688130193055566a10d153a20ef7:538,0.5,1,circular,diffusive,outside,False,79.93114471435547,0.026678356713426853,0.026603498542274052,0.026842948717948716,0.00023945017567466448,0.005732861969612128
539,5de6c12e02a9e36835018cc3abb08e3288d1688130193055566a10d153a20ef7:539,0.5,2,circular,diffusive,edge,False,35.7711181640625,0.02655310621242485,0.030357142857142857,0.025932400932400932,-0.004424741924741925,0.005533748004602835
504,5de6c12e02a9e36835018cc3abb08e3288d1688130193055566a10d153a20ef7:504,1.0,0,elliptical,diffusive,edge,False,81.69741821289062,0.027715215215215215,0.027858527131782947,0.02766531713900135,-0.00019320999278159626,0.008124225120871244
505,5de6c12e02a9e36835018cc3abb08e3288d1688130193055566a10d153a20ef7:505,1.0,1,elliptical,diffusive,outside,False,78.54254150390625,0.02834084084084084,0.029891304347826088,0.02734375,-0.002547554347826088,0.005103740200078346
506,5de6c12e02a9e36835018cc3abb08e3288d1688130193055566a10d153a20ef7:506,1.0,2,circular,ballistic,edge,False,38.55142211914063,0.033721221221221225,0.02821601941747573,0.035151324085750314,0.006935304668274585,0.009649856999483508
507,5de6c12e02a9e36835018cc3abb08e3288d1688130193055566a10d153a20ef7:507,1.0,1,circular,ballistic,outside,False,53.64606857299805,0.029466966966966966,0.028758542141230067,0.03002232142857143,0.001263779287341362,0.0049257838136698455
508,5de6c12e02a9e36835018cc3abb08e3288d1688130193055566a10d153a20ef7:508,1.0,0,elliptical,ballistic,outside,False,81.05994415283203,0.02665165165165165,0.027857142857142858,0.026395631067961164,-0.0014615117891816944,0.004200553136034664
509,5de6c12e02a9e36835018cc3abb08e3288d1688130193055566a10d153a20ef7:509,1.0,0,elliptical,ballistic,inside,False,83.59635925292969,0.028215715715715715,0.023107394366197184,0.030244755244755245,0.007137360878558062,0.010006685821915058
510,5de6c12e02a9e36835018cc3abb08e3288d1688130193055566a10d153a20ef7:510,1.0,0,circular,ballistic,inside,False,83.34346771240234,0.03278278278278278,0.03125,0.03308823529411765,0.0018382352941176475,0.007283099204632256
511,5de6c12e02a9e36835018cc3abb08e3288d1688130193055566a10d153a20ef7:511,1.0,1,circular,diffusive,edge,False,79.93484497070312,0.028403403403403405,0.03125,0.027977560414269274,-0.0032724395857307263,0.007663339338229509
512,5de6c12e02a9e36835018cc3abb08e3288d1688130193055566a10d153a20ef7:512,1.0,2,circular,ballistic,inside,False,23.94367790222168,0.0350975975975976,0.030238500851788756,0.04202063106796117,0.011782130216172412,0.008583392063398285
513,5de6c12e02a9e36835018cc3abb08e3288d1688130193055566a10d153a20ef7:513,1.0,2,elliptical,ballistic,inside,False,7.041632652282715,0.11843093093093093,0.021267361111111112,0.1347953216374269,0.11352796052631581,0.036250834827329576
514,5de6c12e02a9e36835018cc3abb08e3288d1688130193055566a10d153a20ef7:514,1.0,0,circular,ballistic,edge,False,83.01901245117188,0.029404404404404404,0.030226209048361933,0.027932960893854747,-0.002293248154507186,0.005047058065590267
515,5de6c12e02a9e36835018cc3abb08e3288d1688130193055566a10d153a20ef7:515,1.0,1,circular,diffusive,inside,False,79.98477172851562,0.029904904904904904,0.032534246575342464,0.029697624190064796,-0.002836622385277668,0.0059312476949406065
516,5de6c12e02a9e36835018cc3abb08e3288d1688130193055566a10d153a20ef7:516,1.0,2,circular,diffusive,outside,False,6.477463722229004,0.03903903903903904,0.030127245508982037,0.043515037593984965,0.013387792085002927,0.013858984480480868
517,5de6c12e02a9e36835018cc3abb08e3288d1688130193055566a10d153a20ef7:517,1.0,0,circular,diffusive,inside,False,83.83525085449219,0.026213713713713713,0.029072745901639344,0.023483365949119372,-0.005589379952519971,0.006170267423536507
518,5de6c12e02a9e36835018cc3abb08e3288d1688130193055566a10d153a20ef7:518,1.0,0,circular,diffusive,edge,False,83.0065689086914,0.029404404404404404,0.03441011235955056,0.028319123020706456,-0.006090989338844107,0.0078330726856304
519,5de6c12e02a9e36835018cc3abb08e3288d1688130193055566a10d153a20ef7:519,1.0,1,elliptical,diffusive,inside,False,71.6310806274414,0.02927927927927928,0.03107074569789675,0.0273109243697479,-0.003759821328148852,0.009249108414702866
520,5de6c12e02a9e36835018cc3abb08e3288d1688130193055566a10d153a20ef7:520,1.0,1,elliptical,ballistic,edge,False,82.34880065917969,0.03422172172172172,0.03018707482993197,0.03590425531914894,0.005717180489216968,0.007482179079288687
521,5de6c12e02a9e36835018cc3abb08e3288d1688130193055566a10d153a20ef7:521,1.0,2,elliptical,ballistic,outside,False,5.514617443084717,0.04266766766766767,0.029861111111111113,0.05773420479302832,0.02787309368191721,0.020497237089908277
522,5de6c12e02a9e36835018cc3abb08e3288d1688130193055566a10d153a20ef7:522,1.0,2,elliptical,diffusive,edge,False,53.28897476196289,0.03003003003003003,0.03390522875816993,0.02932919621749409,-0.004576032540675842,0.008419721642272632
523,5de6c12e02a9e36835018cc3abb08e3288d1688130193055566a10d153a20ef7:523,1.0,1,circular,ballistic,edge,False,70.67243957519531,0.022710210210210212,0.025083148558758313,0.02075729927007299,-0.004325849288685322,0.00653501828394374
524,5de6c12e02a9e36835018cc3abb08e3288d1688130193055566a10d153a20ef7:524,1.0,2,elliptical,diffusive,inside,False,6.13270378112793,0.06418918918918919,0.03476123595505618,0.07056942752740561,0.03580819157234943,0.04561132623338699
525,5de6c12e02a9e36835018cc3abb08e3288d1688130193055566a10d153a20ef7:525,1.0,0,elliptical,diffusive,inside,False,83.83525085449219,0.02884134134134134,0.029723650385604112,0.028278688524590163,-0.0014449618610139492,0.0068118536426399695
526,5de6c12e02a9e36835018cc3abb08e3288d1688130193055566a10d153a20ef7:526,1.0,0,elliptical,diffusive,outside,False,83.83525085449219,0.030467967967967968,0.028343023255813952,0.03066812705366922,0.00232510379785527,0.00499522003962441
527,5de6c12e02a9e36835018cc3abb08e3288d1688130193055566a10d153a20ef7:527,1.0,2,circular,diffusive,inside,False,22.87832260131836,0.041791791791791794,0.036556603773584904,0.04208509513742072,0.005528491363835812,0.014769005685364866
528,5de6c12e02a9e36835018cc3abb08e3288d1688130193055566a10d153a20ef7:528,1.0,2,circular,ballistic,outside,False,23.870405197143555,0.030405405405405407,0.025205761316872428,0.03533138401559454,0.010125622698722112,0.005342417927980279
529,5de6c12e02a9e36835018cc3abb08e3288d1688130193055566a10d153a20ef7:529,1.0,0,circular,diffusive,outside,False,83.83525085449219,0.026714214214214216,0.02772887323943662,0.025959860383944152,-0.001769012855492469,0.007841812309445622
530,5de6c12e02a9e36835018cc3abb08e3288d1688130193055566a10d153a20ef7:530,1.0,1,circular,ballistic,inside,False,63.31715393066406,0.032532532532532535,0.031323877068557916,0.03342013888888889,0.002096261820330972,0.00614515973864298
531,5de6c12e02a9e36835018cc3abb08e3288d1688130193055566a10d153a20ef7:531,1.0,1,elliptical,ballistic,inside,False,61.012969970703125,0.030217717717717717,0.034722222222222224,0.029513888888888888,-0.005208333333333336,0.008566960135843536
532,5de6c12e02a9e36835018cc3abb08e3288d1688130193055566a10d153a20ef7:532,1.0,2,elliptical,diffusive,outside,False,26.208341598510746,0.029404404404404404,0.0293188202247191,0.029451788491446345,0.00013296826672724513,0.006970042280883612
533,5de6c12e02a9e36835018cc3abb08e3288d1688130193055566a10d153a20ef7:533,1.0,0,circular,ballistic,outside,False,83.83525085449219,0.027965465465465467,0.025452488687782805,0.0286793059125964,0.0032268172248135947,0.005433586472123005
534,5de6c12e02a9e36835018cc3abb08e3288d1688130193055566a10d153a20ef7:534,1.0,0,elliptical,ballistic,edge,False,82.8646469116211,0.03171921921921922,0.029456521739130433,0.0347877358490566,0.00533121410992617,0.007581952801261217
535,5de6c12e02a9e36835018cc3abb08e3288d1688130193055566a10d153a20ef7:535,1.0,2,elliptical,ballistic,edge,False,25.24942779541016,0.04029029029029029,0.026702786377708978,0.04678254437869823,0.02007975800098925,0.015185056512790857
536,5de6c12e02a9e36835018cc3abb08e3288d1688130193055566a10d153a20ef7:536,1.0,1,elliptical,ballistic,outside,False,83.15699768066406,0.034784784784784785,0.03571428571428571,0.034596871239470514,-0.0011174144748151982,0.006316030762824807
537,5de6c12e02a9e36835018cc3abb08e3288d1688130193055566a10d153a20ef7:537,1.0,1,elliptical,diffusive,edge,False,62.58842468261719,0.030342842842842842,0.033125,0.030033370411568408,-0.0030916295884315936,0.00802729120692887
538,5de6c12e02a9e36835018cc3abb08e3288d1688130193055566a10d153a20ef7:538,1.0,1,circular,diffusive,outside,False,79.93114471435547,0.029404404404404404,0.026603498542274052,0.03086890243902439,0.004265403896750338,0.004056447717078911
539,5de6c12e02a9e36835018cc3abb08e3288d1688130193055566a10d153a20ef7:539,1.0,2,circular,diffusive,edge,False,35.7711181640625,0.02902902902902903,0.030357142857142857,0.028928955866523144,-0.0014281869906197127,0.0062160872614485585
540,5de6c12e02a9e36835018cc3abb08e3288d1688130193055566a10d153a20ef7:540,0.25,0,circular,diffusive,outside,False,83.8319091796875,0.033634538152610444,0.033634538152610444,,,0.010848485333822443
541,5de6c12e02a9e36835018cc3abb08e3288d1688130193055566a10d153a20ef7:541,0.25,0,elliptical,ballistic,edge,False,82.166748046875,0.023343373493975902,0.023343373493975902,,,0.005013801294035688
542,5de6c12e02a9e36835018cc3abb08e3288d1688130193055566a10d153a20ef7:542,0.25,0,circular,diffusive,inside,False,82.2797622680664,0.025100401606425703,0.025100401606425703,,,0.009682380282121442
543,5de6c12e02a9e36835018cc3abb08e3288d1688130193055566a10d153a20ef7:543,0.25,1,circular,diffusive,inside,False,78.20103454589844,0.02359437751004016,0.022231543624161073,0.025625,0.0033934563758389255,0.009458556064968258
544,5de6c12e02a9e36835018cc3abb08e3288d1688130193055566a10d153a20ef7:544,0.25,2,circular,diffusive,outside,False,7.119019508361816,0.023092369477911646,0.023092369477911646,,,0.007240062802136524
545,5de6c12e02a9e36835018cc3abb08e3288d1688130193055566a10d153a20ef7:545,0.25,0,circular,ballistic,edge,False,80.5060806274414,0.035140562248995984,0.03494897959183674,0.046875,0.011926020408163263,0.010998444929822614
546,5de6c12e02a9e36835018cc3abb08e3288d1688130193055566a10d153a20ef7:546,0.25,2,circular,ballistic,inside,False,45.89949417114258,0.028112449799196786,0.028112449799196786,,,0.011964232216679704
547,5de6c12e02a9e36835018cc3abb08e3288d1688130193055566a10d153a20ef7:547,0.25,1,circular,diffusive,outside,False,61.06629943847656,0.03288152610441767,0.033203125,0.03277027027027027,-0.0004328547297297314,0.008633224659598312
548,5de6c12e02a9e36835018cc3abb08e3288d1688130193055566a10d153a20ef7:548,0.25,1,circular,ballistic,inside,False,63.4445686340332,0.028363453815261043,0.028363453815261043,,,0.00883519874839259
549,5de6c12e02a9e36835018cc3abb08e3288d1688130193055566a10d153a20ef7:549,0.25,0,circular,ballistic,outside,False,83.79976654052734,0.028363453815261043,0.028363453815261043,,,0.011727556612674364
550,5de6c12e02a9e36835018cc3abb08e3288d1688130193055566a10d153a20ef7:550,0.25,0,elliptical,ballistic,inside,False,83.35411071777344,0.022590361445783132,0.022590361445783132,,,0.011783829913961348
551,5de6c12e02a9e36835018cc3abb08e3288d1688130193055566a10d153a20ef7:551,0.25,1,elliptical,ballistic,inside,False,51.35903930664063,0.028363453815261043,0.028363453815261043,,,0.009225891540908186
552,5de6c12e02a9e36835018cc3abb08e3288d1688130193055566a10d153a20ef7:552,0.25,0,circular,diffusive,edge,False,83.83525085449219,0.024096385542168676,0.024096385542168676,,,0.007905630395594188
553,5de6c12e02a9e36835018cc3abb08e3288d1688130193055566a10d153a20ef7:553,0.25,1,elliptical,ballistic,edge,False,76.28400421142578,0.017319277108433735,0.01878612716763006,0.013980263157894737,-0.004805864009735322,0.006655157421467295
554,5de6c12e02a9e36835018cc3abb08e3288d1688130193055566a10d153a20ef7:554,0.25,1,elliptical,diffusive,outside,False,83.83525085449219,0.025602409638554216,0.025602409638554216,,,0.007760855840231078
555,5de6c12e02a9e36835018cc3abb08e3288d1688130193055566a10d153a20ef7:555,0.25,1,elliptical,diffusive,inside,False,77.52803039550781,0.030120481927710843,0.03768382352941176,0.027279005524861878,-0.010404818004549884,0.009364838406715679
556,5de6c12e02a9e36835018cc3abb08e3288d1688130193055566a10d153a20ef7:556,0.25,2,circular,ballistic,edge,False,48.74568557739258,0.03263052208835342,0.03263052208835342,,,0.010275848137780484
557,5de6c12e02a9e36835018cc3abb08e3288d1688130193055566a10d153a20ef7:557,0.25,0,circular,ballistic,inside,False,82.36109161376953,0.03237951807228916,0.03237951807228916,,,0.011510662136343474
558,5de6c12e02a9e36835018cc3abb08e3288d1688130193055566a10d153a20ef7:558,0.25,1,circular,ballistic,edge,False,77.69723510742188,0.03288152610441767,0.025735294117647058,0.035566298342541436,0.009831004224894378,0.01390979016315001
559,5de6c12e02a9e36835018cc3abb08e3288d1688130193055566a10d153a20ef7:559,0.25,2,elliptical,ballistic,edge,False,7.420557022094727,0.025602409638554216,0.025602409638554216,,,0.011783829913961347
560,5de6c12e02a9e36835018cc3abb08e3288d1688130193055566a10d153a20ef7:560,0.25,2,elliptical,diffusive,outside,False,3.371499300003052,0.029367469879518073,0.028214285714285713,0.03209459459459459,0.0038803088803088803,0.007165714068082428
561,5de6c12e02a9e36835018cc3abb08e3288d1688130193055566a10d153a20ef7:561,0.25,1,circular,diffusive,edge,False,82.97395324707031,0.0373995983935743,0.03848870056497175,0.034722222222222224,-0.003766478342749527,0.012128975329668243
562,5de6c12e02a9e36835018cc3abb08e3288d1688130193055566a10d153a20ef7:562,0.25,0,elliptical,ballistic,outside,False,83.83345031738281,0.02459839357429719,0.02459839357429719,,,0.008141202178828744
563,5de6c12e02a9e36835018cc3abb08e3288d1688130193055566a10d153a20ef7:563,0.25,0,elliptical,diffusive,edge,False,83.83193969726562,0.03639558232931727,0.03639558232931727,,,0.006384587019064711
564,5de6c12e02a9e36835018cc3abb08e3288d1688130193055566a10d153a20ef7:564,0.25,2,elliptical,ballistic,outside,False,9.301393508911133,0.029869477911646587,0.029869477911646587,,,0.013598303283716402
565,5de6c12e02a9e36835018cc3abb08e3288d1688130193055566a10d153a20ef7:565,0.25,2,circular,diffusive,edge,False,13.912690162658691,0.024849397590361446,0.024849397590361446,,,0.0065789871596792955
566,5de6c12e02a9e36835018cc3abb08e3288d1688130193055566a10d153a20ef7:566,0.25,1,circular,ballistic,outside,False,79.45292663574219,0.02284136546184739,0.02284136546184739,,,0.007095027121035427
567,5de6c12e02a9e36835018cc3abb08e3288d1688130193055566a10d153a20ef7:567,0.25,2,elliptical,diffusive,inside,False,10.31827449798584,0.02786144578313253,0.02854938271604938,0.0,-0.02854938271604938,0.006463048789951673
568,5de6c12e02a9e36835018cc3abb08e3288d1688130193055566a10d153a20ef7:568,0.25,0,elliptical,diffusive,inside,False,83.83525085449219,0.023343373493975902,0.023343373493975902,,,0.007707907897983979
569,5de6c12e02a9e36835018cc3abb08e3288d1688130193055566a10d153a20ef7:569,0.25,2,circular,ballistic,outside,False,60.30060577392578,0.0321285140562249,0.0321285140562249,,,0.01067283716138017
570,5de6c12e02a9e36835018cc3abb08e3288d1688130193055566a10d153a20ef7:570,0.25,2,elliptical,diffusive,edge,False,16.146259307861328,0.030873493975903613,0.030873493975903613,,,0.010763946607626288
571,5de6c12e02a9e36835018cc3abb08e3288d1688130193055566a10d153a20ef7:571,0.25,2,circular,diffusive,inside,False,11.91486644744873,0.026857429718875503,0.023266423357664233,0.03125,0.007983576642335767,0.008152802092827167
572,5de6c12e02a9e36835018cc3abb08e3288d1688130193055566a10d153a20ef7:572,0.25,2,elliptical,ballistic,inside,False,48.34525680541992,0.0373995983935743,0.03770661157024793,0.026785714285714284,-0.010920897284533649,0.015290657038672724
573,5de6c12e02a9e36835018cc3abb08e3288d1688130193055566a10d153a20ef7:573,0.25,1,elliptical,ballistic,outside,False,72.91254425048828,0.030120481927710843,0.030120481927710843,,,0.009734296902442428
574,5de6c12e02a9e36835018cc3abb08e3288d1688130193055566a10d153a20ef7:574,0.25,1,elliptical,diffusive,edge,False,76.682861328125,0.02359437751004016,0.02359437751004016,,,0.006249949597383902
575,5de6c12e02a9e36835018cc3abb08e3288d1688130193055566a10d153a20ef7:575,0.25,0,elliptical,diffusive,outside,False,82.69686126708984,0.033634538152610444,0.033634538152610444,,,0.006937889036689384
540,5de6c12e02a9e36835018cc3abb08e3288d1688130193055566a10d153a20ef7:540,0.5,0,circular,diffusive,outside,False,83.8319091796875,0.028932865731462927,0.028932865731462927,,,0.009024122584190908
541,5de6c12e02a9e36835018cc3abb08e3288d1688130193055566a10d153a20ef7:541,0.5,0,elliptical,ballistic,edge,False,82.166748046875,0.027054108216432865,0.02740280777537797,0.022569444444444444,-0.004833363330933527,0.00719073151022411
542,5de6c12e02a9e36835018cc3abb08e3288d1688130193055566a10d153a20ef7:542,0.5,0,circular,diffusive,inside,False,82.2797622680664,0.027680360721442886,0.027680360721442886,,,0.0109871178736574
543,5de6c12e02a9e36835018cc3abb08e3288d1688130193055566a10d153a20ef7:543,0.5,1,circular,diffusive,inside,False,78.20103454589844,0.02555110220440882,0.022231543624161073,0.026964285714285715,0.004732742090124642,0.008962196302604369
544,5de6c12e02a9e36835018cc3abb08e3288d1688130193055566a10d153a20ef7:544,0.5,2,circular,diffusive,outside,False,7.119019508361816,0.026052104208416832,0.026276276276276277,0.025602409638554216,-0.0006738666377220613,0.007464761736348367
545,5de6c12e02a9e36835018cc3abb08e3288d1688130193055566a10d153a20ef7:545,0.5,0,circular,ballistic,edge,False,80.5060806274414,0.034569138276553106,0.03494897959183674,0.03420275590551181,-0.0007462236863249247,0.008906006430175941
546,5de6c12e02a9e36835018cc3abb08e3288d1688130193055566a10d153a20ef7:546,0.5,2,circular,ballistic,inside,False,45.89949417114258,0.028056112224448898,0.030405405405405407,0.025520833333333333,-0.004884572072072074,0.01005754504002241
547,5de6c12e02a9e36835018cc3abb08e3288d1688130193055566a10d153a20ef7:547,0.5,1,circular,diffusive,outside,False,61.06629943847656,0.02968436873747495,0.033203125,0.029166666666666667,-0.004036458333333333,0.007563927428298723
548,5de6c12e02a9e36835018cc3abb08e3288d1688130193055566a10d153a20ef7:548,0.5,1,circular,ballistic,inside,False,63.4445686340332,0.029809619238476952,0.027020676691729324,0.03299356223175966,0.005972885540030334,0.009342713526538836
549,5de6c12e02a9e36835018cc3abb08e3288d1688130193055566a10d153a20ef7:549,0.5,0,circular,ballistic,outside,False,83.79976654052734,0.02530060120240481,0.02530060120240481,,,0.007837919763107224
550,5de6c12e02a9e36835018cc3abb08e3288d1688130193055566a10d153a20ef7:550,0.5,0,elliptical,ballistic,inside,False,83.35411071777344,0.021668336673346694,0.021668336673346694,,,0.007345063582863601
551,5de6c12e02a9e36835018cc3abb08e3288d1688130193055566a10d153a20ef7:551,0.5,1,elliptical,ballistic,inside,False,51.35903930664063,0.02630260521042084,0.02619047619047619,0.026494565217391304,0.00030408902691511294,0.008197929945868524
552,5de6c12e02a9e36835018cc3abb08e3288d1688130193055566a10d153a20ef7:552,0.5,0,circular,diffusive,edge,False,83.83525085449219,0.025050100200400802,0.025050100200400802,,,0.008016032064128256
553,5de6c12e02a9e36835018cc3abb08e3288d1688130193055566a10d153a20ef7:553,0.5,1,elliptical,ballistic,edge,False,76.28400421142578,0.019914829659318636,0.01878612716763006,0.020513803680981595,0.0017276765133515358,0.006083358940170787
554,5de6c12e02a9e36835018cc3abb08e3288d1688130193055566a10d153a20ef7:554,0.5,1,elliptical,diffusive,outside,False,83.83525085449219,0.027930861723446894,0.024867957746478875,0.03197674418604651,0.007108786439567638,0.009603536731817422
555,5de6c12e02a9e36835018cc3abb08e3288d1688130193055566a10d153a20ef7:555,0.5,1,elliptical,diffusive,inside,False,77.52803039550781,0.030185370741482965,0.03768382352941176,0.029002320185614848,-0.008681503343796915,0.007003956052112132
556,5de6c12e02a9e36835018cc3abb08e3288d1688130193055566a10d153a20ef7:556,0.5,2,circular,ballistic,edge,False,48.74568557739258,0.028932865731462927,0.03093220338983051,0.026041666666666668,-0.004890536723163842,0.007816875639594151
557,5de6c12e02a9e36835018cc3abb08e3288d1688130193055566a10d153a20ef7:557,0.5,0,circular,ballistic,inside,False,82.36109161376953,0.030811623246492986,0.03076923076923077,0.03096330275229358,0.00019407198306280876,0.010190804412228454
558,5de6c12e02a9e36835018cc3abb08e3288d1688130193055566a10d153a20ef7:558,0.5,1,circular,ballistic,edge,False,77.69723510742188,0.033942885771543085,0.025735294117647058,0.03523781902552204,0.009502524907874982,0.011061115618316816
559,5de6c12e02a9e36835018cc3abb08e3288d1688130193055566a10d153a20ef7:559,0.5,2,elliptical,ballistic,edge,False,7.420557022094727,0.02868236472945892,0.0257260101010101,0.04004854368932039,0.014322533588310291,0.010044278049519443
560,5de6c12e02a9e36835018cc3abb08e3288d1688130193055566a10d153a20ef7:560,0.5,2,elliptical,diffusive,outside,False,3.371499300003052,0.04133266533066132,0.028214285714285713,0.04841820987654321,0.020203924162257497,0.023662733572871974
561,5de6c12e02a9e36835018cc3abb08e3288d1688130193055566a10d153a20ef7:561,0.5,1,circular,diffusive,edge,False,82.97395324707031,0.03469438877755511,0.03848870056497175,0.03260869565217391,-0.0058800049127978385,0.00999417377795573
562,5de6c12e02a9e36835018cc3abb08e3288d1688130193055566a10d153a20ef7:562,0.5,0,elliptical,ballistic,outside,False,83.83345031738281,0.02717935871743487,0.02566225165562914,0.02950507614213198,0.003842824486502843,0.006559826841269287
563,5de6c12e02a9e36835018cc3abb08e3288d1688130193055566a10d153a20ef7:563,0.5,0,elliptical,diffusive,edge,False,83.83193969726562,0.03006012024048096,0.030150103519668736,0.02734375,-0.002806353519668736,0.004008016032064128
564,5de6c12e02a9e36835018cc3abb08e3288d1688130193055566a10d153a20ef7:564,0.5,2,elliptical,ballistic,outside,False,9.301393508911133,0.028807615230460923,0.02847222222222222,0.029676258992805755,0.001204036770583533,0.010624904839904055
565,5de6c12e02a9e36835018cc3abb08e3288d1688130193055566a10d153a20ef7:565,0.5,2,circular,diffusive,edge,False,13.912690162658691,0.025676352705410823,0.024342105263157894,0.027453271028037383,0.0031111657648794887,0.0029186323140608828
566,5de6c12e02a9e36835018cc3abb08e3288d1688130193055566a10d153a20ef7:566,0.5,1,circular,ballistic,outside,False,79.45292663574219,0.02630260521042084,0.023204607046070462,0.035096153846153846,0.011891546800083384,0.008717290902457573
567,5de6c12e02a9e36835018cc3abb08e3288d1688130193055566a10d153a20ef7:567,0.5,2,elliptical,diffusive,inside,False,10.31827449798584,0.03369238476953908,0.02854938271604938,0.03857421875,0.010024836033950619,0.007207075341090081
568,5de6c12e02a9e36835018cc3abb08e3288d1688130193055566a10d153a20ef7:568,0.5,0,elliptical,diffusive,inside,False,83.83525085449219,0.02868236472945892,0.027318763326226014,0.05,0.02268123667377399,0.006134717883897023
569,5de6c12e02a9e36835018cc3abb08e3288d1688130193055566a10d153a20ef7:569,0.5,2,circular,ballistic,outside,False,60.30060577392578,0.034819639278557114,0.03517441860465116,0.03260869565217391,-0.0025657229524772493,0.010004371516891713
570,5de6c12e02a9e36835018cc3abb08e3288d1688130193055566a10d153a20ef7:570,0.5,2,elliptical,diffusive,edge,False,16.146259307861328,0.03356713426853707,0.03356713426853707,,,0.008590394889520164
571,5de6c12e02a9e36835018cc3abb08e3288d1688130193055566a10d153a20ef7:571,0.5,2,circular,diffusive,inside,False,11.91486644744873,0.036948897795591185,0.023266423357664233,0.04212707182320442,0.01886064846554019,0.012629201237954019
572,5de6c12e02a9e36835018cc3abb08e3288d1688130193055566a10d153a20ef7:572,0.5,2,elliptical,ballistic,inside,False,48.34525680541992,0.032439879759519036,0.03770661157024793,0.02748054474708171,-0.010226066823166222,0.011791521477532296
573,5de6c12e02a9e36835018cc3abb08e3288d1688130193055566a10d153a20ef7:573,0.5,1,elliptical,ballistic,outside,False,72.91254425048828,0.028056112224448898,0.02921455938697318,0.026785714285714284,-0.002428845101258896,0.005206565553814261
574,5de6c12e02a9e36835018cc3abb08e3288d1688130193055566a10d153a20ef7:574,0.5,1,elliptical,diffusive,edge,False,76.682861328125,0.022044088176352707,0.022044088176352707,,,0.008109425879879081
575,5de6c12e02a9e36835018cc3abb08e3288d1688130193055566a10d153a20ef7:575,0.5,0,elliptical,diffusive,outside,False,82.69686126708984,0.03494488977955912,0.03494488977955912,,,0.008223723181953642
540,5de6c12e02a9e36835018cc3abb08e3288d1688130193055566a10d153a20ef7:540,1.0,0,circular,diffusive,outside,False,83.8319091796875,0.03153153153153153,0.02788978494623656,0.036139455782312924,0.008249670836076365,0.007069292738651419
541,5de6c12e02a9e36835018cc3abb08e3288d1688130193055566a10d153a20ef7:541,1.0,0,elliptical,ballistic,edge,False,82.166748046875,0.026901901901901903,0.02740280777537797,0.026469216417910446,-0.0009335913574675253,0.005824705611765456
542,5de6c12e02a9e36835018cc3abb08e3288d1688130193055566a10d153a20ef7:542,1.0,0,circular,diffusive,inside,False,82.2797622680664,0.031031031031031032,0.029025080906148866,0.034284776902887136,0.00525969599673827,0.009591475423792193
543,5de6c12e02a9e36835018cc3abb08e3288d1688130193055566a10d153a20ef7:543,1.0,1,circular,diffusive,inside,False,78.20103454589844,0.027902902902902902,0.022231543624161073,0.02889705882352941,0.006665515199368338,0.006364184172186948
544,5de6c12e02a9e36835018cc3abb08e3288d1688130193055566a10d153a20ef7:544,1.0,2,circular,diffusive,outside,False,7.119019508361816,0.03853853853853854,0.026276276276276277,0.04466966966966967,0.01839339339339339,0.021178328420055743
545,5de6c12e02a9e36835018cc3abb08e3288d1688130193055566a10d153a20ef7:545,1.0,0,circular,ballistic,edge,False,80.5060806274414,0.03146896896896897,0.03494897959183674,0.03033819628647215,-0.004610783305364588,0.008099133910130042
546,5de6c12e02a9e36835018cc3abb08e3288d1688130193055566a10d153a20ef7:546,1.0,2,circular,ballistic,inside,False,45.89949417114258,0.032344844844844844,0.030405405405405407,0.03302364864864865,0.0026182432432432443,0.010041047664649807
547,5de6c12e02a9e36835018cc3abb08e3288d1688130193055566a10d153a20ef7:547,1.0,1,circular,diffusive,outside,False,61.06629943847656,0.028591091091091092,0.033203125,0.028275401069518716,-0.004927723930481284,0.005620542068679715
548,5de6c12e02a9e36835018cc3abb08e3288d1688130193055566a10d153a20ef7:548,1.0,1,circular,ballistic,inside,False,63.4445686340332,0.032407407407407406,0.027020676691729324,0.034362210095497954,0.00734153340376863,0.00761826048042481
549,5de6c12e02a9e36835018cc3abb08e3288d1688130193055566a10d153a20ef7:549,1.0,0,circular,ballistic,outside,False,83.79976654052734,0.028153153153153154,0.025449101796407185,0.030873493975903613,0.005424392179496428,0.006097844309815418
550,5de6c12e02a9e36835018cc3abb08e3288d1688130193055566a10d153a20ef7:550,1.0,0,elliptical,ballistic,inside,False,83.35411071777344,0.024774774774774775,0.022102161100196464,0.027551020408163266,0.005448859307966802,0.00494837836168298
551,5de6c12e02a9e36835018cc3abb08e3288d1688130193055566a10d153a20ef7:551,1.0,1,elliptical,ballistic,inside,False,51.35903930664063,0.03003003003003003,0.02619047619047619,0.03179824561403509,0.005607769423558898,0.010293775676277844
552,5de6c12e02a9e36835018cc3abb08e3288d1688130193055566a10d153a20ef7:552,1.0,0,circular,diffusive,edge,False,83.83525085449219,0.029466966966966966,0.026227678571428572,0.033599088838268794,0.007371410266840222,0.007093336611436256
553,5de6c12e02a9e36835018cc3abb08e3288d1688130193055566a10d153a20ef7:553,1.0,1,elliptical,ballistic,edge,False,76.28400421142578,0.022772772772772773,0.01878612716763006,0.02360774818401937,0.004821621016389312,0.006862517117518563
554,5de6c12e02a9e36835018cc3abb08e3288d1688130193055566a10d153a20ef7:554,1.0,1,elliptical,diffusive,outside,False,83.83525085449219,0.028153153153153154,0.024867957746478875,0.02945804195804196,0.004590084211563084,0.00914270033139718
555,5de6c12e02a9e36835018cc3abb08e3288d1688130193055566a10d153a20ef7:555,1.0,1,elliptical,diffusive,inside,False,77.52803039550781,0.029654654654654656,0.03768382352941176,0.029068206229860366,-0.008615617299551397,0.008298918618013228
556,5de6c12e02a9e36835018cc3abb08e3288d1688130193055566a10d153a20ef7:556,1.0,2,circular,ballistic,edge,False,48.74568557739258,0.032157157157157154,0.03093220338983051,0.032670454545454544,0.0017382511556240342,0.00753145163994604
557,5de6c12e02a9e36835018cc3abb08e3288d1688130193055566a10d153a20ef7:557,1.0,0,circular,ballistic,inside,False,82.36109161376953,0.028465965965965966,0.03076923076923077,0.02699096880131363,-0.0037782619679171403,0.007211539665868895
558,5de6c12e02a9e36835018cc3abb08e3288d1688130193055566a10d153a20ef7:558,1.0,1,circular,ballistic,edge,False,77.69723510742188,0.03347097097097097,0.025735294117647058,0.0340359828141783,0.008300688696531243,0.009267498633683185
559,5de6c12e02a9e36835018cc3abb08e3288d1688130193055566a10d153a20ef7:559,1.0,2,elliptical,ballistic,edge,False,7.420557022094727,0.05048798798798799,0.0257260101010101,0.06674958540630183,0.04102357530529173,0.023778300896604564
560,5de6c12e02a9e36835018cc3abb08e3288d1688130193055566a10d153a20ef7:560,1.0,2,elliptical,diffusive,outside,False,3.371499300003052,0.0720095095095095,0.028214285714285713,0.08131067961165049,0.05309639389736478,0.06047852089028521
561,5de6c12e02a9e36835018cc3abb08e3288d1688130193055566a10d153a20ef7:561,1.0,1,circular,diffusive,edge,False,82.97395324707031,0.03196946946946947,0.03848870056497175,0.030565693430656935,-0.007923007134314815,0.008535835745447229
562,5de6c12e02a9e36835018cc3abb08e3288d1688130193055566a10d153a20ef7:562,1.0,0,elliptical,ballistic,outside,False,83.83345031738281,0.02702702702702703,0.02566225165562914,0.027618364418938307,0.0019561127633091688,0.006286214558098334
563,5de6c12e02a9e36835018cc3abb08e3288d1688130193055566a10d153a20ef7:563,1.0,0,elliptical,diffusive,edge,False,83.83193969726562,0.030155155155155156,0.030150103519668736,0.030159883720930234,9.78020126149795e-06,0.0050284112355881184
564,5de6c12e02a9e36835018cc3abb08e3288d1688130193055566a10d153a20ef7:564,1.0,2,elliptical,ballistic,outside,False,9.301393508911133,0.04635885885885886,0.02847222222222222,0.0564358372456964,0.02796361502347418,0.01793255210569935
565,5de6c12e02a9e36835018cc3abb08e3288d1688130193055566a10d153a20ef7:565,1.0,2,circular,diffusive,edge,False,13.912690162658691,0.031343843843843845,0.024342105263157894,0.03413865546218487,0.009796550199026977,0.009296173676368003
566,5de6c12e02a9e36835018cc3abb08e3288d1688130193055566a10d153a20ef7:566,1.0,1,circular,ballistic,outside,False,79.45292663574219,0.03003003003003003,0.023204607046070462,0.034027777777777775,0.010823170731707313,0.00660205503417063
567,5de6c12e02a9e36835018cc3abb08e3288d1688130193055566a10d153a20ef7:567,1.0,2,elliptical,diffusive,inside,False,10.31827449798584,0.04517017017017017,0.02854938271604938,0.05051256613756614,0.02196318342151676,0.013389557731015918
568,5de6c12e02a9e36835018cc3abb08e3288d1688130193055566a10d153a20ef7:568,1.0,0,elliptical,diffusive,inside,False,83.83525085449219,0.02827827827827828,0.027318763326226014,0.029127358490566038,0.0018085951643400239,0.007660274206713697
569,5de6c12e02a9e36835018cc3abb08e3288d1688130193055566a10d153a20ef7:569,1.0,2,circular,ballistic,outside,False,60.30060577392578,0.03403403403403404,0.03517441860465116,0.03317223198594024,-0.002002186618710919,0.01040872589744015
570,5de6c12e02a9e36835018cc3abb08e3288d1688130193055566a10d153a20ef7:570,1.0,2,elliptical,diffusive,edge,False,16.146259307861328,0.03309559559559559,0.03342013888888889,0.03265366430260047,-0.0007664745862884167,0.00968063424544636
571,5de6c12e02a9e36835018cc3abb08e3288d1688130193055566a10d153a20ef7:571,1.0,2,circular,diffusive,inside,False,11.91486644744873,0.06287537537537538,0.023266423357664233,0.06917053364269142,0.04590411028502719,0.030374172447383233
572,5de6c12e02a9e36835018cc3abb08e3288d1688130193055566a10d153a20ef7:572,1.0,2,elliptical,ballistic,inside,False,48.34525680541992,0.03384634634634635,0.03770661157024793,0.03261228533685601,-0.00509432623339192,0.010566777923500307
573,5de6c12e02a9e36835018cc3abb08e3288d1688130193055566a10d153a20ef7:573,1.0,1,elliptical,ballistic,outside,False,72.91254425048828,0.03071821821821822,0.02921455938697318,0.03125,0.0020354406130268198,0.008062321676204093
574,5de6c12e02a9e36835018cc3abb08e3288d1688130193055566a10d153a20ef7:574,1.0,1,elliptical,diffusive,edge,False,76.682861328125,0.02414914914914915,0.02240566037735849,0.026119402985074626,0.003713742607716137,0.005721653335922761
575,5de6c12e02a9e36835018cc3abb08e3288d1688130193055566a10d153a20ef7:575,1.0,0,elliptical,diffusive,outside,False,82.69686126708984,0.030655655655655655,0.03311965811965812,0.02717391304347826,-0.00594574507617986,0.007037106451771203
576,5de6c12e02a9e36835018cc3abb08e3288d1688130193055566a10d153a20ef7:576,0.25,0,elliptical,diffusive,edge,False,83.83525085449219,0.024096385542168676,0.02717391304347826,0.008928571428571428,-0.018245341614906832,0.00931086194326878
577,5de6c12e02a9e36835018cc3abb08e3288d1688130193055566a10d153a20ef7:577,0.25,0,elliptical,diffusive,inside,False,83.83525085449219,0.030873493975903613,0.03495065789473684,0.024484536082474227,-0.010466121812262617,0.013542591325518284
578,5de6c12e02a9e36835018cc3abb08e3288d1688130193055566a10d153a20ef7:578,0.25,1,circular,diffusive,outside,False,65.89807891845703,0.03413654618473896,0.03413654618473896,,,0.01289681985809752
579,5de6c12e02a9e36835018cc3abb08e3288d1688130193055566a10d153a20ef7:579,0.25,1,elliptical,ballistic,inside,False,67.5853042602539,0.029116465863453816,0.029116465863453816,,,0.007711993722759647
580,5de6c12e02a9e36835018cc3abb08e3288d1688130193055566a10d153a20ef7:580,0.25,2,elliptical,ballistic,inside,False,23.42482566833496,0.024347389558232933,0.024347389558232933,,,0.0070594182281251165
581,5de6c12e02a9e36835018cc3abb08e3288d1688130193055566a10d153a20ef7:581,0.25,2,elliptical,ballistic,outside,False,7.582427978515625,0.030120481927710843,0.030120481927710843,,,0.012620286234916199
582,5de6c12e02a9e36835018cc3abb08e3288d1688130193055566a10d153a20ef7:582,0.25,1,circular,ballistic,outside,False,58.60843276977539,0.025100401606425703,0.025100401606425703,,,0.012296635254935632
583,5de6c12e02a9e36835018cc3abb08e3288d1688130193055566a10d153a20ef7:583,0.25,0,circular,diffusive,outside,False,83.60162353515625,0.027359437751004016,0.0274234693877551,0.027122641509433963,-0.0003008278783211381,0.007023628805036758
584,5de6c12e02a9e36835018cc3abb08e3288d1688130193055566a10d153a20ef7:584,0.25,0,elliptical,ballistic,outside,False,82.92351531982422,0.02961847389558233,0.02961847389558233,,,0.010077740913596754
585,5de6c12e02a9e36835018cc3abb08e3288d1688130193055566a10d153a20ef7:585,0.25,0,elliptical,ballistic,inside,False,83.71995544433594,0.03413654618473896,0.03170289855072464,0.035069444444444445,0.003366545893719805,0.0076463585400240045
586,5de6c12e02a9e36835018cc3abb08e3288d1688130193055566a10d153a20ef7:586,0.25,2,circular,ballistic,outside,False,15.793917655944824,0.029367469879518073,0.0328125,0.015306122448979591,-0.01750637755102041,0.012211803268243114
587,5de6c12e02a9e36835018cc3abb08e3288d1688130193055566a10d153a20ef7:587,0.25,2,circular,ballistic,inside,False,7.259507656097412,0.024096385542168676,0.02130681818181818,0.027243589743589744,0.005936771561771564,0.012296635254935632
588,5de6c12e02a9e36835018cc3abb08e3288d1688130193055566a10d153a20ef7:588,0.25,2,circular,diffusive,inside,False,22.612913131713867,0.028363453815261043,0.023848684210526317,0.030346820809248554,0.0064981365987222366,0.010406833555034077
589,5de6c12e02a9e36835018cc3abb08e3288d1688130193055566a10d153a20ef7:589,0.25,2,elliptical,diffusive,inside,False,29.4327449798584,0.023092369477911646,0.023092369477911646,,,0.010719958084368786
590,5de6c12e02a9e36835018cc3abb08e3288d1688130193055566a10d153a20ef7:590,0.25,2,circular,diffusive,edge,False,32.21975326538086,0.0286144578313253,0.0286144578313253,,,0.012162692208419396
591,5de6c12e02a9e36835018cc3abb08e3288d1688130193055566a10d153a20ef7:591,0.25,1,circular,ballistic,edge,False,79.10299682617188,0.030622489959839357,0.030622489959839357,,,0.009511694438502218
592,5de6c12e02a9e36835018cc3abb08e3288d1688130193055566a10d153a20ef7:592,0.25,1,elliptical,ballistic,outside,False,70.69081115722656,0.023343373493975902,0.030612244897959183,0.0215625,-0.009049744897959185,0.0043692005987774115
593,5de6c12e02a9e36835018cc3abb08e3288d1688130193055566a10d153a20ef7:593,0.25,1,elliptical,ballistic,edge,False,78.50756072998047,0.024096385542168676,0.025,0.022151898734177215,-0.002848101265822786,0.008339983798110517
594,5de6c12e02a9e36835018cc3abb08e3288d1688130193055566a10d153a20ef7:594,0.25,0,elliptical,ballistic,edge,False,83.81111145019531,0.03288152610441767,0.03288152610441767,,,0.015389227967840695
595,5de6c12e02a9e36835018cc3abb08e3288d1688130193055566a10d153a20ef7:595,0.25,1,circular,ballistic,inside,False,81.85383605957031,0.02961847389558233,0.02961847389558233,,,0.009405117467467469
596,5de6c12e02a9e36835018cc3abb08e3288d1688130193055566a10d153a20ef7:596,0.25,0,elliptical,diffusive,outside,False,82.44981384277344,0.026857429718875503,0.027529761904761904,0.02546296296296296,-0.0020667989417989426,0.012294073189014517
597,5de6c12e02a9e36835018cc3abb08e3288d1688130193055566a10d153a20ef7:597,0.25,1,circular,diffusive,inside,False,82.31790161132812,0.028363453815261043,0.028363453815261043,,,0.012232422621497194
598,5de6c12e02a9e36835018cc3abb08e3288d1688130193055566a10d153a20ef7:598,0.25,1,elliptical,diffusive,edge,False,83.72887420654297,0.026606425702811246,0.026606425702811246,,,0.007360882680027699
599,5de6c12e02a9e36835018cc3abb08e3288d1688130193055566a10d153a20ef7:599,0.25,2,circular,ballistic,edge,False,5.92498254776001,0.027610441767068273,0.027610441767068273,,,0.010421957576318622
600,5de6c12e02a9e36835018cc3abb08e3288d1688130193055566a10d153a20ef7:600,0.25,1,elliptical,diffusive,inside,False,67.6697998046875,0.025100401606425703,0.025100401606425703,,,0.010140065199158714
601,5de6c12e02a9e36835018cc3abb08e3288d1688130193055566a10d153a20ef7:601,0.25,2,elliptical,diffusive,outside,False,5.6339111328125,0.02786144578313253,0.02786144578313253,,,0.011378541121127647
602,5de6c12e02a9e36835018cc3abb08e3288d1688130193055566a10d153a20ef7:602,0.25,0,circular,ballistic,outside,False,83.8351821899414,0.030873493975903613,0.03409090909090909,0.021169354838709676,-0.012921554252199412,0.012003661848612793
603,5de6c12e02a9e36835018cc3abb08e3288d1688130193055566a10d153a20ef7:603,0.25,2,elliptical,ballistic,edge,False,19.485063552856445,0.02710843373493976,0.02710843373493976,,,0.00881020520822502
604,5de6c12e02a9e36835018cc3abb08e3288d1688130193055566a10d153a20ef7:604,0.25,0,circular,diffusive,inside,False,83.75138854980469,0.02359437751004016,0.02511682242990654,0.02244718309859155,-0.0026696393313149908,0.0031350391558224886
605,5de6c12e02a9e36835018cc3abb08e3288d1688130193055566a10d153a20ef7:605,0.25,0,circular,diffusive,edge,False,83.64253997802734,0.03313253012048193,0.03313253012048193,,,0.010385622924486545
606,5de6c12e02a9e36835018cc3abb08e3288d1688130193055566a10d153a20ef7:606,0.25,1,elliptical,diffusive,outside,False,81.7580337524414,0.02635542168674699,0.02635542168674699,,,0.008121832172371203
607,5de6c12e02a9e36835018cc3abb08e3288d1688130193055566a10d153a20ef7:607,0.25,1,circular,diffusive,edge,False,74.01387786865234,0.029116465863453816,0.029116465863453816,,,0.007711993722759646
608,5de6c12e02a9e36835018cc3abb08e3288d1688130193055566a10d153a20ef7:608,0.25,0,circular,ballistic,inside,False,83.59796142578125,0.029869477911646587,0.029869477911646587,,,0.008948565998983877
609,5de6c12e02a9e36835018cc3abb08e3288d1688130193055566a10d153a20ef7:609,0.25,2,circular,diffusive,outside,False,16.0113468170166,0.028363453815261043,0.028363453815261043,,,0.010011882869065828
610,5de6c12e02a9e36835018cc3abb08e3288d1688130193055566a10d153a20ef7:610,0.25,0,circular,ballistic,edge,False,83.52427673339844,0.026857429718875503,0.026857429718875503,,,0.00750917434821867
611,5de6c12e02a9e36835018cc3abb08e3288d1688130193055566a10d153a20ef7:611,0.25,2,elliptical,diffusive,edge,False,9.945802688598633,0.02635542168674699,0.029622395833333332,0.015350877192982455,-0.014271518640350877,0.008426410809033393
576,5de6c12e02a9e36835018cc3abb08e3288d1688130193055566a10d153a20ef7:576,0.5,0,elliptical,diffusive,edge,False,83.83525085449219,0.025175350701402806,0.02717391304347826,0.023758561643835618,-0.0034153513996426424,0.009325065929576338
577,5de6c12e02a9e36835018cc3abb08e3288d1688130193055566a10d153a20ef7:577,0.5,0,elliptical,diffusive,inside,False,83.83525085449219,0.027930861723446894,0.03495065789473684,0.024855907780979826,-0.010094750113757017,0.010901111714384525
578,5de6c12e02a9e36835018cc3abb08e3288d1688130193055566a10d153a20ef7:578,0.5,1,circular,diffusive,outside,False,65.89807891845703,0.030811623246492986,0.03191805225653207,0.024839743589743588,-0.0070783086667884805,0.008817492939277577
579,5de6c12e02a9e36835018cc3abb08e3288d1688130193055566a10d153a20ef7:579,0.5,1,elliptical,ballistic,inside,False,67.5853042602539,0.02655310621242485,0.02655310621242485,,,0.00815572174153292
580,5de6c12e02a9e36835018cc3abb08e3288d1688130193055566a10d153a20ef7:580,0.5,2,elliptical,ballistic,inside,False,23.42482566833496,0.02467434869739479,0.02467434869739479,,,0.007872868301511885
581,5de6c12e02a9e36835018cc3abb08e3288d1688130193055566a10d153a20ef7:581,0.5,2,elliptical,ballistic,outside,False,7.582427978515625,0.029809619238476952,0.02911764705882353,0.033783783783783786,0.004666136724960256,0.009138996165808967
582,5de6c12e02a9e36835018cc3abb08e3288d1688130193055566a10d153a20ef7:582,0.5,1,circular,ballistic,outside,False,58.60843276977539,0.024298597194388778,0.024298597194388778,,,0.0070452710974074325
583,5de6c12e02a9e36835018cc3abb08e3288d1688130193055566a10d153a20ef7:583,0.5,0,circular,diffusive,outside,False,83.60162353515625,0.026427855711422844,0.0274234693877551,0.025783828382838284,-0.0016396410049168177,0.005300627246868444
584,5de6c12e02a9e36835018cc3abb08e3288d1688130193055566a10d153a20ef7:584,0.5,0,elliptical,ballistic,outside,False,82.92351531982422,0.030435871743486973,0.030435871743486973,,,0.006175497512836197
585,5de6c12e02a9e36835018cc3abb08e3288d1688130193055566a10d153a20ef7:585,0.5,0,elliptical,ballistic,inside,False,83.71995544433594,0.03193887775551102,0.03170289855072464,0.03197674418604651,0.0002738456353218732,0.008344917437432327
586,5de6c12e02a9e36835018cc3abb08e3288d1688130193055566a10d153a20ef7:586,0.5,2,circular,ballistic,outside,False,15.793917655944824,0.031187374749498998,0.0328125,0.030100334448160536,-0.0027121655518394655,0.010174627910654453
587,5de6c12e02a9e36835018cc3abb08e3288d1688130193055566a10d153a20ef7:587,0.5,2,circular,ballistic,inside,False,7.259507656097412,0.060245490981963926,0.02130681818181818,0.07425068119891008,0.052943863017091905,0.02541536058079036
588,5de6c12e02a9e36835018cc3abb08e3288d1688130193055566a10d153a20ef7:588,0.5,2,circular,diffusive,inside,False,22.612913131713867,0.03031062124248497,0.023848684210526317,0.031471631205673756,0.007622946995147439,0.010984975926493336
589,5de6c12e02a9e36835018cc3abb08e3288d1688130193055566a10d153a20ef7:589,0.5,2,elliptical,diffusive,inside,False,29.4327449798584,0.02630260521042084,0.023313492063492064,0.029352226720647773,0.006038734657155709,0.007186366877645818
590,5de6c12e02a9e36835018cc3abb08e3288d1688130193055566a10d153a20ef7:590,0.5,2,circular,diffusive,edge,False,32.21975326538086,0.03168837675350701,0.03168837675350701,,,0.01148964292441432
591,5de6c12e02a9e36835018cc3abb08e3288d1688130193055566a10d153a20ef7:591,0.5,1,circular,ballistic,edge,False,79.10299682617188,0.029934869739478957,0.029934869739478957,,,0.007848920357661974
592,5de6c12e02a9e36835018cc3abb08e3288d1688130193055566a10d153a20ef7:592,0.5,1,elliptical,ballistic,outside,False,70.69081115722656,0.02317134268537074,0.030612244897959183,0.02236111111111111,-0.008251133786848074,0.004868685301998198
593,5de6c12e02a9e36835018cc3abb08e3288d1688130193055566a10d153a20ef7:593,0.5,1,elliptical,ballistic,edge,False,78.50756072998047,0.02342184368737475,0.025,0.022606382978723406,-0.0023936170212765957,0.005644616402426727
594,5de6c12e02a9e36835018cc3abb08e3288d1688130193055566a10d153a20ef7:594,0.5,0,elliptical,ballistic,edge,False,83.81111145019531,0.02843186372745491,0.030518394648829432,0.0253125,-0.00520589464882943,0.008574858229841052
595,5de6c12e02a9e36835018cc3abb08e3288d1688130193055566a10d153a20ef7:595,0.5,1,circular,ballistic,inside,False,81.85383605957031,0.02905811623246493,0.02905811623246493,,,0.0054882019790096805
596,5de6c12e02a9e36835018cc3abb08e3288d1688130193055566a10d153a20ef7:596,0.5,0,elliptical,diffusive,outside,False,82.44981384277344,0.02655310621242485,0.027529761904761904,0.026057401812688823,-0.0014723600920730807,0.0092922029012983
597,5de6c12e02a9e36835018cc3abb08e3288d1688130193055566a10d153a20ef7:597,0.5,1,circular,diffusive,inside,False,82.31790161132812,0.02530060120240481,0.024739583333333332,0.028917910447761194,0.004178327114427862,0.007494125902631058
598,5de6c12e02a9e36835018cc3abb08e3288d1688130193055566a10d153a20ef7:598,0.5,1,elliptical,diffusive,edge,False,83.72887420654297,0.026427855711422844,0.026427855711422844,,,0.00743000498495185
599,5de6c12e02a9e36835018cc3abb08e3288d1688130193055566a10d153a20ef7:599,0.5,2,circular,ballistic,edge,False,5.92498254776001,0.04095691382765531,0.026531339031339033,0.07516891891891891,0.048637579887579885,0.013456707717657519
600,5de6c12e02a9e36835018cc3abb08e3288d1688130193055566a10d153a20ef7:600,0.5,1,elliptical,diffusive,inside,False,67.6697998046875,0.030561122244488977,0.030538302277432712,0.03125,0.000711697722567288,0.007447930234127509
601,5de6c12e02a9e36835018cc3abb08e3288d1688130193055566a10d153a20ef7:601,0.5,2,elliptical,diffusive,outside,False,5.6339111328125,0.02655310621242485,0.02535994764397906,0.030448717948717948,0.00508877030473889,0.00841325432051436
602,5de6c12e02a9e36835018cc3abb08e3288d1688130193055566a10d153a20ef7:602,0.5,0,circular,ballistic,outside,False,83.8351821899414,0.03168837675350701,0.03409090909090909,0.030248397435897436,-0.0038425116550116524,0.01079118659060722
603,5de6c12e02a9e36835018cc3abb08e3288d1688130193055566a10d153a20ef7:603,0.5,2,elliptical,ballistic,edge,False,19.485063552856445,0.03218937875751503,0.028688524590163935,0.03769329896907216,0.009004774378908228,0.008374941973148364
604,5de6c12e02a9e36835018cc3abb08e3288d1688130193055566a10d153a20ef7:604,0.5,0,circular,diffusive,inside,False,83.75138854980469,0.026803607214428857,0.02511682242990654,0.0272640306122449,0.0021472081823383574,0.005366804931269677
605,5de6c12e02a9e36835018cc3abb08e3288d1688130193055566a10d153a20ef7:605,0.5,0,circular,diffusive,edge,False,83.64253997802734,0.029934869739478957,0.02940188172043011,0.031496062992125984,0.0020941812716958746,0.008683934374580638
606,5de6c12e02a9e36835018cc3abb08e3288d1688130193055566a10d153a20ef7:606,0.5,1,elliptical,diffusive,outside,False,81.7580337524414,0.027054108216432865,0.02641574585635359,0.02874087591240876,0.002325130056055169,0.009346071195479774
607,5de6c12e02a9e36835018cc3abb08e3288d1688130193055566a10d153a20ef7:607,0.5,1,circular,diffusive,edge,False,74.01387786865234,0.02868236472945892,0.029137529137529136,0.025892857142857145,-0.0032446719946719917,0.005622338599063989
608,5de6c12e02a9e36835018cc3abb08e3288d1688130193055566a10d153a20ef7:608,0.5,0,circular,ballistic,inside,False,83.59796142578125,0.03093687374749499,0.03093687374749499,,,0.009458693602773372
609,5de6c12e02a9e36835018cc3abb08e3288d1688130193055566a10d153a20ef7:609,0.5,2,circular,diffusive,outside,False,16.0113468170166,0.02868236472945892,0.030309364548494984,0.02625,-0.004059364548494985,0.007808843913209588
610,5de6c12e02a9e36835018cc3abb08e3288d1688130193055566a10d153a20ef7:610,0.5,0,circular,ballistic,edge,False,83.52427673339844,0.027054108216432865,0.026642091152815014,0.028273809523809524,0.0016317183709945102,0.007889787448909629
611,5de6c12e02a9e36835018cc3abb08e3288d1688130193055566a10d153a20ef7:611,0.5,2,elliptical,diffusive,edge,False,9.945802688598633,0.032690380761523044,0.029622395833333332,0.03460912052117264,0.004986724687839308,0.012096241812550161
576,5de6c12e02a9e36835018cc3abb08e3288d1688130193055566a10d153a20ef7:576,1.0,0,elliptical,diffusive,edge,False,83.83525085449219,0.02927927927927928,0.02717391304347826,0.029829545454545456,0.0026556324110671957,0.009721183483260778
577,5de6c12e02a9e36835018cc3abb08e3288d1688130193055566a10d153a20ef7:577,1.0,0,elliptical,diffusive,inside,False,83.83525085449219,0.027402402402402402,0.03495065789473684,0.026047815820543094,-0.00890284207419375,0.009768578700841758
578,5de6c12e02a9e36835018cc3abb08e3288d1688130193055566a10d153a20ef7:578,1.0,1,circular,diffusive,outside,False,65.89807891845703,0.033345845845845844,0.03191805225653207,0.03438581314878893,0.002467760892256858,0.007889583167035924
579,5de6c12e02a9e36835018cc3abb08e3288d1688130193055566a10d153a20ef7:579,1.0,1,elliptical,ballistic,inside,False,67.5853042602539,0.026213713713713713,0.02677133655394525,0.025297619047619048,-0.0014737175063262026,0.00590578661167925
580,5de6c12e02a9e36835018cc3abb08e3288d1688130193055566a10d153a20ef7:580,1.0,2,elliptical,ballistic,inside,False,23.42482566833496,0.03171921921921922,0.025256849315068493,0.04081325301204819,0.015556403696979696,0.009571663157700094
581,5de6c12e02a9e36835018cc3abb08e3288d1688130193055566a10d153a20ef7:581,1.0,2,elliptical,ballistic,outside,False,7.582427978515625,0.05105105105105105,0.02911764705882353,0.06729094076655052,0.038173293707727,0.02441703887417511
582,5de6c12e02a9e36835018cc3abb08e3288d1688130193055566a10d153a20ef7:582,1.0,1,circular,ballistic,outside,False,58.60843276977539,0.029216716716716717,0.028135048231511254,0.03100132625994695,0.0028662780284356947,0.006345398462603966
583,5de6c12e02a9e36835018cc3abb08e3288d1688130193055566a10d153a20ef7:583,1.0,0,circular,diffusive,outside,False,83.60162353515625,0.027277277277277277,0.0274234693877551,0.02724159402241594,-0.0001818753653391597,0.005005005005005006
584,5de6c12e02a9e36835018cc3abb08e3288d1688130193055566a10d153a20ef7:584,1.0,0,elliptical,ballistic,outside,False,82.92351531982422,0.029904904904904904,0.029915480427046264,0.029891304347826088,-2.417607922017631e-05,0.0052358548430699895
585,5de6c12e02a9e36835018cc3abb08e3288d1688130193055566a10d153a20ef7:585,1.0,0,elliptical,ballistic,inside,False,83.71995544433594,0.029341841841841843,0.03170289855072464,0.029166666666666667,-0.0025362318840579726,0.006875907407553699
586,5de6c12e02a9e36835018cc3abb08e3288d1688130193055566a10d153a20ef7:586,1.0,2,circular,ballistic,outside,False,15.793917655944824,0.0472972972972973,0.0328125,0.050923028785982476,0.018110528785982474,0.016646815184747338
587,5de6c12e02a9e36835018cc3abb08e3288d1688130193055566a10d153a20ef7:587,1.0,2,circular,ballistic,inside,False,7.259507656097412,0.11098598598598598,0.02130681818181818,0.12463956170703576,0.10333274352521758,0.03162944384611134
588,5de6c12e02a9e36835018cc3abb08e3288d1688130193055566a10d153a20ef7:588,1.0,2,circular,diffusive,inside,False,22.612913131713867,0.0391016016016016,0.023848684210526317,0.04035752979414951,0.016508845583623196,0.015082509089298672
589,5de6c12e02a9e36835018cc3abb08e3288d1688130193055566a10d153a20ef7:589,1.0,2,elliptical,diffusive,inside,False,29.4327449798584,0.03522272272272272,0.023313492063492064,0.03924029451137885,0.015926802447886787,0.016013938608702635
590,5de6c12e02a9e36835018cc3abb08e3288d1688130193055566a10d153a20ef7:590,1.0,2,circular,diffusive,edge,False,32.21975326538086,0.03209459459459459,0.03102355072463768,0.033417225950782996,0.0023936752261453156,0.010337599761147388
591,5de6c12e02a9e36835018cc3abb08e3288d1688130193055566a10d153a20ef7:591,1.0,1,circular,ballistic,edge,False,79.10299682617188,0.031281281281281284,0.03241491085899514,0.029450261780104712,-0.002964649078890425,0.0074740663278619005
592,5de6c12e02a9e36835018cc3abb08e3288d1688130193055566a10d153a20ef7:592,1.0,1,elliptical,ballistic,outside,False,70.69081115722656,0.028591091091091092,0.030612244897959183,0.028486842105263158,-0.0021254027926960253,0.00713734377486787
593,5de6c12e02a9e36835018cc3abb08e3288d1688130193055566a10d153a20ef7:593,1.0,1,elliptical,ballistic,edge,False,78.50756072998047,0.02583833833833834,0.025,0.0260102533172497,0.0010102533172496979,0.005539172133398539
594,5de6c12e02a9e36835018cc3abb08e3288d1688130193055566a10d153a20ef7:594,1.0,0,elliptical,ballistic,edge,False,83.81111145019531,0.029341841841841843,0.030518394648829432,0.028839285714285713,-0.0016791089345437188,0.00817417648790075
595,5de6c12e02a9e36835018cc3abb08e3288d1688130193055566a10d153a20ef7:595,1.0,1,circular,ballistic,inside,False,81.85383605957031,0.029404404404404404,0.028542418772563177,0.03047752808988764,0.0019351093173244627,0.004094861904893287
596,5de6c12e02a9e36835018cc3abb08e3288d1688130193055566a10d153a20ef7:596,1.0,0,elliptical,diffusive,outside,False,82.44981384277344,0.02533783783783784,0.027529761904761904,0.02489470517448857,-0.002635056730273335,0.0058632170351000466
597,5de6c12e02a9e36835018cc3abb08e3288d1688130193055566a10d153a20ef7:597,1.0,1,circular,diffusive,inside,False,82.31790161132812,0.026776776776776777,0.024739583333333332,0.028328924162257494,0.003589340828924162,0.004884690013999783
598,5de6c12e02a9e36835018cc3abb08e3288d1688130193055566a10d153a20ef7:598,1.0,1,elliptical,diffusive,edge,False,83.72887420654297,0.026776776776776777,0.027476780185758515,0.025495750708215296,-0.001981029477543219,0.005290884512478973
599,5de6c12e02a9e36835018cc3abb08e3288d1688130193055566a10d153a20ef7:599,1.0,2,circular,ballistic,edge,False,5.92498254776001,0.08765015015015015,0.026531339031339033,0.12075617283950617,0.09422483380816714,0.03048273788836943
600,5de6c12e02a9e36835018cc3abb08e3288d1688130193055566a10d153a20ef7:600,1.0,1,elliptical,diffusive,inside,False,67.6697998046875,0.032157157157157154,0.030538302277432712,0.033672480620155036,0.003134178342722324,0.008362815220974446
601,5de6c12e02a9e36835018cc3abb08e3288d1688130193055566a10d153a20ef7:601,1.0,2,elliptical,diffusive,outside,False,5.6339111328125,0.040728228228228226,0.02535994764397906,0.050243111831442464,0.024883164187463405,0.027489893170196043
602,5de6c12e02a9e36835018cc3abb08e3288d1688130193055566a10d153a20ef7:602,1.0,0,circular,ballistic,outside,False,83.8351821899414,0.028215715715715715,0.03409090909090909,0.02686268472906404,-0.007228224361845049,0.00789355102202595
603,5de6c12e02a9e36835018cc3abb08e3288d1688130193055566a10d153a20ef7:603,1.0,2,elliptical,ballistic,edge,False,19.485063552856445,0.04698448448448449,0.028688524590163935,0.05502521613832853,0.026336691548164596,0.016507864502147213
604,5de6c12e02a9e36835018cc3abb08e3288d1688130193055566a10d153a20ef7:604,1.0,0,circular,diffusive,inside,False,83.75138854980469,0.028465965965965966,0.02511682242990654,0.028867713004484305,0.0037508905745777636,0.005155625871392669
605,5de6c12e02a9e36835018cc3abb08e3288d1688130193055566a10d153a20ef7:605,1.0,0,circular,diffusive,edge,False,83.64253997802734,0.030155155155155156,0.02940188172043011,0.03060207336523126,0.0012001916448011497,0.0061895846877035214
606,5de6c12e02a9e36835018cc3abb08e3288d1688130193055566a10d153a20ef7:606,1.0,1,elliptical,diffusive,outside,False,81.7580337524414,0.02809059059059059,0.02641574585635359,0.029042386185243328,0.002626640328889738,0.006804954979066501
607,5de6c12e02a9e36835018cc3abb08e3288d1688130193055566a10d153a20ef7:607,1.0,1,circular,diffusive,edge,False,74.01387786865234,0.028403403403403405,0.029137529137529136,0.027850877192982456,-0.0012866519445466802,0.005952327273406554
608,5de6c12e02a9e36835018cc3abb08e3288d1688130193055566a10d153a20ef7:608,1.0,0,circular,ballistic,inside,False,83.59796142578125,0.02827827827827828,0.029664855072463768,0.026565995525727068,-0.0030988595467367,0.008886526979261613
609,5de6c12e02a9e36835018cc3abb08e3288d1688130193055566a10d153a20ef7:609,1.0,2,circular,diffusive,outside,False,16.0113468170166,0.03272022022022022,0.030309364548494984,0.03375,0.0034406354515050183,0.009937605697954061
610,5de6c12e02a9e36835018cc3abb08e3288d1688130193055566a10d153a20ef7:610,1.0,0,circular,ballistic,edge,False,83.52427673339844,0.025963463463463465,0.026642091152815014,0.025559105431309903,-0.0010829857215051107,0.006213253107176102
611,5de6c12e02a9e36835018cc3abb08e3288d1688130193055566a10d153a20ef7:611,1.0,2,elliptical,diffusive,edge,False,9.945802688598633,0.039602102102102105,0.029622395833333332,0.04197645600991326,0.012354060176579928,0.01679743639174741
612,5de6c12e02a9e36835018cc3abb08e3288d1688130193055566a10d153a20ef7:612,0.25,0,elliptical,diffusive,inside,False,82.16959381103516,0.029367469879518073,0.029367469879518073,,,0.00897668410755405
613,5de6c12e02a9e36835018cc3abb08e3288d1688130193055566a10d153a20ef7:613,0.25,2,circular,ballistic,outside,False,4.1516852378845215,0.0338855421686747,0.0334915611814346,0.041666666666666664,0.008175105485232065,0.01556832048941838
614,5de6c12e02a9e36835018cc3abb08e3288d1688130193055566a10d153a20ef7:614,0.25,2,circular,diffusive,edge,False,4.5523362159729,0.024849397590361446,0.024849397590361446,,,0.005848986043037673
615,5de6c12e02a9e36835018cc3abb08e3288d1688130193055566a10d153a20ef7:615,0.25,1,circular,ballistic,edge,False,69.33712005615234,0.02635542168674699,0.02819548872180451,0.024245689655172414,-0.003949799066632096,0.004755847219251107
616,5de6c12e02a9e36835018cc3abb08e3288d1688130193055566a10d153a20ef7:616,0.25,2,circular,ballistic,inside,False,19.15752220153809,0.0338855421686747,0.0338855421686747,,,0.009334515051097919
617,5de6c12e02a9e36835018cc3abb08e3288d1688130193055566a10d153a20ef7:617,0.25,2,circular,diffusive,outside,False,38.45027160644531,0.034889558232931724,0.034889558232931724,,,0.010382589297161866
618,5de6c12e02a9e36835018cc3abb08e3288d1688130193055566a10d153a20ef7:618,0.25,2,elliptical,diffusive,inside,False,61.80265808105469,0.03137550200803213,0.03137550200803213,,,0.006578987159679296
619,5de6c12e02a9e36835018cc3abb08e3288d1688130193055566a10d153a20ef7:619,0.25,0,circular,ballistic,outside,False,82.57028198242188,0.03237951807228916,0.0325,0.03188775510204082,-0.0006122448979591841,0.010972637045378712
620,5de6c12e02a9e36835018cc3abb08e3288d1688130193055566a10d153a20ef7:620,0.25,0,elliptical,diffusive,edge,False,81.9964828491211,0.02961847389558233,0.02961847389558233,,,0.007760855840231078
621,5de6c12e02a9e36835018cc3abb08e3288d1688130193055566a10d153a20ef7:621,0.25,2,elliptical,diffusive,outside,False,28.81163215637207,0.03438755020080321,0.03438755020080321,,,0.01333632312127031
622,5de6c12e02a9e36835018cc3abb08e3288d1688130193055566a10d153a20ef7:622,0.25,2,circular,ballistic,edge,False,22.974912643432617,0.025853413654618473,0.025853413654618473,,,0.008366382184989437
623,5de6c12e02a9e36835018cc3abb08e3288d1688130193055566a10d153a20ef7:623,0.25,1,elliptical,diffusive,edge,False,83.83525085449219,0.029116465863453816,0.029116465863453816,,,0.013090767881933028
624,5de6c12e02a9e36835018cc3abb08e3288d1688130193055566a10d153a20ef7:624,0.25,1,circular,ballistic,inside,False,67.72465515136719,0.029116465863453816,0.029116465863453816,,,0.011578878107099193
625,5de6c12e02a9e36835018cc3abb08e3288d1688130193055566a10d153a20ef7:625,0.25,0,circular,diffusive,outside,False,83.83525085449219,0.028112449799196786,0.028112449799196786,,,0.009734296902442428
626,5de6c12e02a9e36835018cc3abb08e3288d1688130193055566a10d153a20ef7:626,0.25,0,circular,diffusive,edge,False,81.71196746826172,0.029869477911646587,0.029869477911646587,,,0.01050325098037534
627,5de6c12e02a9e36835018cc3abb08e3288d1688130193055566a10d153a20ef7:627,0.25,0,elliptical,ballistic,outside,False,83.82017517089844,0.029116465863453816,0.029116465863453816,,,0.01273953568318225
628,5de6c12e02a9e36835018cc3abb08e3288d1688130193055566a10d153a20ef7:628,0.25,1,elliptical,diffusive,inside,False,70.6142349243164,0.04141566265060241,0.022451456310679612,0.0547945205479452,0.03234306423726559,0.013653787920641714
629,5de6c12e02a9e36835018cc3abb08e3288d1688130193055566a10d153a20ef7:629,0.25,2,elliptical,ballistic,inside,False,50.7549934387207,0.0286144578313253,0.0286144578313253,,,0.008504555394627215
630,5de6c12e02a9e36835018cc3abb08e3288d1688130193055566a10d153a20ef7:630,0.25,2,elliptical,ballistic,edge,False,26.92398834228516,0.025602409638554216,0.024889380530973452,0.02619485294117647,0.0013054724102030194,0.008622271103071118
631,5de6c12e02a9e36835018cc3abb08e3288d1688130193055566a10d153a20ef7:631,0.25,0,circular,ballistic,edge,False,81.30941772460938,0.03614457831325301,0.03614457831325301,,,0.01571533719126358
632,5de6c12e02a9e36835018cc3abb08e3288d1688130193055566a10d153a20ef7:632,0.25,1,circular,diffusive,inside,False,47.64984893798828,0.0356425702811245,0.0351890756302521,0.045454545454545456,0.010265469824293355,0.008324861421574799
633,5de6c12e02a9e36835018cc3abb08e3288d1688130193055566a10d153a20ef7:633,0.25,2,elliptical,diffusive,edge,False,55.36456680297852,0.02459839357429719,0.028532608695652172,0.013461538461538462,-0.01507107023411371,0.011611479423916042
634,5de6c12e02a9e36835018cc3abb08e3288d1688130193055566a10d153a20ef7:634,0.25,1,elliptical,diffusive,outside,False,83.83525085449219,0.023092369477911646,0.023092369477911646,,,0.0056795725396509835
635,5de6c12e02a9e36835018cc3abb08e3288d1688130193055566a10d153a20ef7:635,0.25,1,elliptical,ballistic,outside,False,71.84716796875,0.02886546184738956,0.02886546184738956,,,0.01281596125624472
636,5de6c12e02a9e36835018cc3abb08e3288d1688130193055566a10d153a20ef7:636,0.25,1,elliptical,ballistic,inside,False,79.3425064086914,0.03463855421686747,0.03463855421686747,,,0.013003849243964477
637,5de6c12e02a9e36835018cc3abb08e3288d1688130193055566a10d153a20ef7:637,0.25,0,circular,diffusive,inside,False,83.83525085449219,0.02610441767068273,0.02610441767068273,,,0.012540156623289956
638,5de6c12e02a9e36835018cc3abb08e3288d1688130193055566a10d153a20ef7:638,0.25,0,elliptical,ballistic,edge,False,83.80651092529297,0.03137550200803213,0.03137550200803213,,,0.008396450142408501
639,5de6c12e02a9e36835018cc3abb08e3288d1688130193055566a10d153a20ef7:639,0.25,1,circular,diffusive,edge,False,69.10717010498047,0.023343373493975902,0.023343373493975902,,,0.007165714068082429
640,5de6c12e02a9e36835018cc3abb08e3288d1688130193055566a10d153a20ef7:640,0.25,2,circular,diffusive,inside,False,25.461387634277344,0.0303714859437751,0.0303714859437751,,,0.011554366753497898
641,5de6c12e02a9e36835018cc3abb08e3288d1688130193055566a10d153a20ef7:641,0.25,1,elliptical,ballistic,edge,False,79.70550537109375,0.026606425702811246,0.026606425702811246,,,0.01139237521878536
642,5de6c12e02a9e36835018cc3abb08e3288d1688130193055566a10d153a20ef7:642,0.25,0,circular,ballistic,inside,False,83.240966796875,0.03790160642570281,0.03790160642570281,,,0.009060514883423717
643,5de6c12e02a9e36835018cc3abb08e3288d1688130193055566a10d153a20ef7:643,0.25,1,circular,ballistic,outside,False,77.27082061767578,0.02886546184738956,0.02886546184738956,,,0.011132247420450143
644,5de6c12e02a9e36835018cc3abb08e3288d1688130193055566a10d153a20ef7:644,0.25,0,elliptical,diffusive,outside,False,79.99954223632812,0.0303714859437751,0.0303714859437751,,,0.015470890668910619
645,5de6c12e02a9e36835018cc3abb08e3288d1688130193055566a10d153a20ef7:645,0.25,0,elliptical,ballistic,inside,False,83.64096069335938,0.025100401606425703,0.025100401606425703,,,0.008094636293472438
646,5de6c12e02a9e36835018cc3abb08e3288d1688130193055566a10d153a20ef7:646,0.25,1,circular,diffusive,outside,False,61.05831909179688,0.0338855421686747,0.03435114503816794,0.03336864406779661,-0.0009825009703713292,0.008892063044135718
647,5de6c12e02a9e36835018cc3abb08e3288d1688130193055566a10d153a20ef7:647,0.25,2,elliptical,ballistic,outside,False,44.93881988525391,0.03162650602409638,0.03162650602409638,,,0.010708197293022862
612,5de6c12e02a9e36835018cc3abb08e3288d1688130193055566a10d153a20ef7:612,0.5,0,elliptical,diffusive,inside,False,82.16959381103516,0.027930861723446894,0.029127634660421547,0.020833333333333332,-0.008294301327088215,0.007110655274166962
613,5de6c12e02a9e36835018cc3abb08e3288d1688130193055566a10d153a20ef7:613,0.5,2,circular,ballistic,outside,False,4.1516852378845215,0.05047595190380762,0.0334915611814346,0.06583969465648855,0.03234813347505395,0.02771377846583439
614,5de6c12e02a9e36835018cc3abb08e3288d1688130193055566a10d153a20ef7:614,0.5,2,circular,diffusive,edge,False,4.5523362159729,0.027304609218436873,0.022709627329192548,0.0356638418079096,0.012954214478717054,0.006546660493673338
615,5de6c12e02a9e36835018cc3abb08e3288d1688130193055566a10d153a20ef7:615,0.5,1,circular,ballistic,edge,False,69.33712005615234,0.02655310621242485,0.02819548872180451,0.025956284153005466,-0.002239204568799044,0.007663856984357892
616,5de6c12e02a9e36835018cc3abb08e3288d1688130193055566a10d153a20ef7:616,0.5,2,circular,ballistic,inside,False,19.15752220153809,0.032690380761523044,0.03045280612244898,0.04088785046728972,0.010435044344840737,0.007824899121962561
617,5de6c12e02a9e36835018cc3abb08e3288d1688130193055566a10d153a20ef7:617,0.5,2,circular,diffusive,outside,False,38.45027160644531,0.02968436873747495,0.03439922480620155,0.024636929460580912,-0.009762295345620637,0.0104244239545732
618,5de6c12e02a9e36835018cc3abb08e3288d1688130193055566a10d153a20ef7:618,0.5,2,elliptical,diffusive,inside,False,61.80265808105469,0.02342184368737475,0.02342184368737475,,,0.006073035031262854
619,5de6c12e02a9e36835018cc3abb08e3288d1688130193055566a10d153a20ef7:619,0.5,0,circular,ballistic,outside,False,82.57028198242188,0.031312625250501,0.0325,0.030518394648829432,-0.001981605351170569,0.00915271839000256
620,5de6c12e02a9e36835018cc3abb08e3288d1688130193055566a10d153a20ef7:620,0.5,0,elliptical,diffusive,edge,False,81.9964828491211,0.03218937875751503,0.031708211143695014,0.03322784810126582,0.0015196369575708052,0.008683934374580638
621,5de6c12e02a9e36835018cc3abb08e3288d1688130193055566a10d153a20ef7:621,0.5,2,elliptical,diffusive,outside,False,28.81163215637207,0.03406813627254509,0.03406813627254509,,,0.008293058796215858
622,5de6c12e02a9e36835018cc3abb08e3288d1688130193055566a10d153a20ef7:622,0.5,2,circular,ballistic,edge,False,22.974912643432617,0.03319138276553106,0.02743320610687023,0.03955696202531646,0.012123755918446229,0.00982318527239038
623,5de6c12e02a9e36835018cc3abb08e3288d1688130193055566a10d153a20ef7:623,0.5,1,elliptical,diffusive,edge,False,83.83525085449219,0.029934869739478957,0.029166666666666667,0.03324468085106383,0.004078014184397162,0.010063002834546366
624,5de6c12e02a9e36835018cc3abb08e3288d1688130193055566a10d153a20ef7:624,0.5,1,circular,ballistic,inside,False,67.72465515136719,0.03156312625250501,0.03156312625250501,,,0.009571629846965331
625,5de6c12e02a9e36835018cc3abb08e3288d1688130193055566a10d153a20ef7:625,0.5,0,circular,diffusive,outside,False,83.83525085449219,0.02843186372745491,0.027144160583941607,0.03,0.0028558394160583915,0.007530670097974657
626,5de6c12e02a9e36835018cc3abb08e3288d1688130193055566a10d153a20ef7:626,0.5,0,circular,diffusive,edge,False,81.71196746826172,0.024549098196392786,0.026721014492753624,0.013970588235294118,-0.012750426257459506,0.006978150439471001
627,5de6c12e02a9e36835018cc3abb08e3288d1688130193055566a10d153a20ef7:627,0.5,0,elliptical,ballistic,outside,False,83.82017517089844,0.02968436873747495,0.028114186851211073,0.03184523809523809,0.00373105124402702,0.007840921455856482
628,5de6c12e02a9e36835018cc3abb08e3288d1688130193055566a10d153a20ef7:628,0.5,1,elliptical,diffusive,inside,False,70.6142349243164,0.03344188376753507,0.022451456310679612,0.03630050505050505,0.013849048739825436,0.009739786924957698
629,5de6c12e02a9e36835018cc3abb08e3288d1688130193055566a10d153a20ef7:629,0.5,2,elliptical,ballistic,inside,False,50.7549934387207,0.028056112224448898,0.02535994764397906,0.03685897435897436,0.011499026714995302,0.005690288923647568
630,5de6c12e02a9e36835018cc3abb08e3288d1688130193055566a10d153a20ef7:630,0.5,2,elliptical,ballistic,edge,False,26.92398834228516,0.03294088176352705,0.024889380530973452,0.0352979274611399,0.010408546930166445,0.00966865723870004
631,5de6c12e02a9e36835018cc3abb08e3288d1688130193055566a10d153a20ef7:631,0.5,0,circular,ballistic,edge,False,81.30941772460938,0.030811623246492986,0.030811623246492986,,,0.010276649046475959
632,5de6c12e02a9e36835018cc3abb08e3288d1688130193055566a10d153a20ef7:632,0.5,1,circular,diffusive,inside,False,47.64984893798828,0.03231462925851703,0.0351890756302521,0.029693486590038315,-0.005495589040213786,0.005684772403762633
633,5de6c12e02a9e36835018cc3abb08e3288d1688130193055566a10d153a20ef7:633,0.5,2,elliptical,diffusive,edge,False,55.36456680297852,0.027054108216432865,0.028532608695652172,0.02619047619047619,-0.002342132505175981,0.006551451317946904
634,5de6c12e02a9e36835018cc3abb08e3288d1688130193055566a10d153a20ef7:634,0.5,1,elliptical,diffusive,outside,False,83.83525085449219,0.02592685370741483,0.02592685370741483,,,0.005020967498203268
635,5de6c12e02a9e36835018cc3abb08e3288d1688130193055566a10d153a20ef7:635,0.5,1,elliptical,ballistic,outside,False,71.84716796875,0.02655310621242485,0.026242393509127788,0.052083333333333336,0.025840939824205548,0.01122512850822048
636,5de6c12e02a9e36835018cc3abb08e3288d1688130193055566a10d153a20ef7:636,0.5,1,elliptical,ballistic,inside,False,79.3425064086914,0.03193887775551102,0.030379746835443037,0.03786057692307692,0.007480830087633884,0.009432119520823823
637,5de6c12e02a9e36835018cc3abb08e3288d1688130193055566a10d153a20ef7:637,0.5,0,circular,diffusive,inside,False,83.83525085449219,0.026427855711422844,0.025557620817843865,0.027445652173913045,0.0018880313560691794,0.008975314918510337
638,5de6c12e02a9e36835018cc3abb08e3288d1688130193055566a10d153a20ef7:638,0.5,0,elliptical,ballistic,edge,False,83.80651092529297,0.028181362725450902,0.028181362725450902,,,0.00716340892676794
639,5de6c12e02a9e36835018cc3abb08e3288d1688130193055566a10d153a20ef7:639,0.5,1,circular,diffusive,edge,False,69.10717010498047,0.02843186372745491,0.024787535410764873,0.03724315068493151,0.012455615274166637,0.00766283343083288
640,5de6c12e02a9e36835018cc3abb08e3288d1688130193055566a10d153a20ef7:640,0.5,2,circular,diffusive,inside,False,25.461387634277344,0.03344188376753507,0.033674004192872115,0.028409090909090908,-0.005264913283781206,0.010998534546823133
641,5de6c12e02a9e36835018cc3abb08e3288d1688130193055566a10d153a20ef7:641,0.5,1,elliptical,ballistic,edge,False,79.70550537109375,0.02530060120240481,0.02515432098765432,0.025930851063829786,0.0007765300761754662,0.007527544690038436
642,5de6c12e02a9e36835018cc3abb08e3288d1688130193055566a10d153a20ef7:642,0.5,0,circular,ballistic,inside,False,83.240966796875,0.03193887775551102,0.03206740442655936,0.0,-0.03206740442655936,0.006021149970802562
643,5de6c12e02a9e36835018cc3abb08e3288d1688130193055566a10d153a20ef7:643,0.5,1,circular,ballistic,outside,False,77.27082061767578,0.027930861723446894,0.027930861723446894,,,0.007784699014659487
644,5de6c12e02a9e36835018cc3abb08e3288d1688130193055566a10d153a20ef7:644,0.5,0,elliptical,diffusive,outside,False,79.99954223632812,0.03231462925851703,0.03285845588235294,0.03166299559471366,-0.0011954602876392828,0.016170416927367245
645,5de6c12e02a9e36835018cc3abb08e3288d1688130193055566a10d153a20ef7:645,0.5,0,elliptical,ballistic,inside,False,83.64096069335938,0.027930861723446894,0.026746724890829694,0.041158536585365856,0.014411811694536161,0.0065979795546422465
646,5de6c12e02a9e36835018cc3abb08e3288d1688130193055566a10d153a20ef7:646,0.5,1,circular,diffusive,outside,False,61.05831909179688,0.031187374749498998,0.03435114503816794,0.030061141304347828,-0.004290003733820113,0.00796006104480744
647,5de6c12e02a9e36835018cc3abb08e3288d1688130193055566a10d153a20ef7:647,0.5,2,elliptical,ballistic,outside,False,44.93881988525391,0.03582164328657315,0.03434684684684685,0.038780120481927714,0.004433273635080864,0.00958145866678621
612,5de6c12e02a9e36835018cc3abb08e3288d1688130193055566a10d153a20ef7:612,1.0,0,elliptical,diffusive,inside,False,82.16959381103516,0.027965465465465467,0.029127634660421547,0.027097902097902096,-0.0020297325625194505,0.005462324403474192
613,5de6c12e02a9e36835018cc3abb08e3288d1688130193055566a10d153a20ef7:613,1.0,2,circular,ballistic,outside,False,4.1516852378845215,0.08965215215215215,0.0334915611814346,0.10711942257217848,0.07362786139074387,0.05804642753746327
614,5de6c12e02a9e36835018cc3abb08e3288d1688130193055566a10d153a20ef7:614,1.0,2,circular,diffusive,edge,False,4.5523362159729,0.04341841841841842,0.022709627329192548,0.053268094534711964,0.030558467205519416,0.018776691687763417
615,5de6c12e02a9e36835018cc3abb08e3288d1688130193055566a10d153a20ef7:615,1.0,1,circular,ballistic,edge,False,69.33712005615234,0.02784034034034034,0.02819548872180451,0.02778579676674365,-0.0004096919550608605,0.005527854696708144
616,5de6c12e02a9e36835018cc3abb08e3288d1688130193055566a10d153a20ef7:616,1.0,2,circular,ballistic,inside,False,19.15752220153809,0.045545545545545546,0.03045280612244898,0.055292421746293244,0.024839615623844263,0.014813462048997738
617,5de6c12e02a9e36835018cc3abb08e3288d1688130193055566a10d153a20ef7:617,1.0,2,circular,diffusive,outside,False,38.45027160644531,0.031281281281281284,0.03439922480620155,0.030195681511470986,-0.004203543294730563,0.008337503127606448
618,5de6c12e02a9e36835018cc3abb08e3288d1688130193055566a10d153a20ef7:618,1.0,2,elliptical,diffusive,inside,False,61.80265808105469,0.0259009009009009,0.02431192660550459,0.027808370044052864,0.003496443438548276,0.006118349939137963
619,5de6c12e02a9e36835018cc3abb08e3288d1688130193055566a10d153a20ef7:619,1.0,0,circular,ballistic,outside,False,82.57028198242188,0.030217717717717717,0.0325,0.02964643304130163,-0.0028535669586983725,0.008991396071323937
620,5de6c12e02a9e36835018cc3abb08e3288d1688130193055566a10d153a20ef7:620,1.0,0,elliptical,diffusive,edge,False,81.9964828491211,0.03328328328328328,0.031708211143695014,0.03409954407294833,0.002391332929253316,0.00859637839705589
621,5de6c12e02a9e36835018cc3abb08e3288d1688130193055566a10d153a20ef7:621,1.0,2,elliptical,diffusive,outside,False,28.81163215637207,0.036223723723723726,0.03737942122186495,0.03431697612732096,-0.0030624450945439946,0.006275932522001204
622,5de6c12e02a9e36835018cc3abb08e3288d1688130193055566a10d153a20ef7:622,1.0,2,circular,ballistic,edge,False,22.974912643432617,0.037224724724724725,0.02743320610687023,0.0407055630936228,0.013272356986752568,0.013901705482538147
623,5de6c12e02a9e36835018cc3abb08e3288d1688130193055566a10d153a20ef7:623,1.0,1,elliptical,diffusive,edge,False,83.83525085449219,0.029341841841841843,0.029166666666666667,0.029461279461279462,0.00029461279461279535,0.009769179702372273
624,5de6c12e02a9e36835018cc3abb08e3288d1688130193055566a10d153a20ef7:624,1.0,1,circular,ballistic,inside,False,67.72465515136719,0.02952952952952953,0.030893536121673004,0.028012684989429177,-0.0028808511322438272,0.00480715032840304
625,5de6c12e02a9e36835018cc3abb08e3288d1688130193055566a10d153a20ef7:625,1.0,0,circular,diffusive,outside,False,83.83525085449219,0.030217717717717717,0.027144160583941607,0.031379310344827584,0.004235149760885976,0.005516514041713088
626,5de6c12e02a9e36835018cc3abb08e3288d1688130193055566a10d153a20ef7:626,1.0,0,circular,diffusive,edge,False,81.71196746826172,0.027715215215215215,0.026721014492753624,0.02841880341880342,0.0016977889260497946,0.007108770107428436
627,5de6c12e02a9e36835018cc3abb08e3288d1688130193055566a10d153a20ef7:627,1.0,0,elliptical,ballistic,outside,False,83.82017517089844,0.029404404404404404,0.028114186851211073,0.02992957746478873,0.0018153906135776575,0.0051331810552467496
628,5de6c12e02a9e36835018cc3abb08e3288d1688130193055566a10d153a20ef7:628,1.0,1,elliptical,diffusive,inside,False,70.6142349243164,0.03178178178178178,0.022451456310679612,0.03285435267857143,0.01040289636789182,0.009221984871215354
629,5de6c12e02a9e36835018cc3abb08e3288d1688130193055566a10d153a20ef7:629,1.0,2,elliptical,ballistic,inside,False,50.7549934387207,0.031031031031031032,0.02535994764397906,0.034542139384116696,0.009182191740137638,0.006535317746346644
630,5de6c12e02a9e36835018cc3abb08e3288d1688130193055566a10d153a20ef7:630,1.0,2,elliptical,ballistic,edge,False,26.92398834228516,0.04247997997997998,0.024889380530973452,0.0447234762979684,0.019834095766994946,0.011359369933463972
631,5de6c12e02a9e36835018cc3abb08e3288d1688130193055566a10d153a20ef7:631,1.0,0,circular,ballistic,edge,False,81.30941772460938,0.030968468468468468,0.03201219512195122,0.029558823529411766,-0.0024533715925394543,0.007763557762742656
632,5de6c12e02a9e36835018cc3abb08e3288d1688130193055566a10d153a20ef7:632,1.0,1,circular,diffusive,inside,False,47.64984893798828,0.03553553553553553,0.0351890756302521,0.035643889618922474,0.0004548139886703731,0.009356816364284242
633,5de6c12e02a9e36835018cc3abb08e3288d1688130193055566a10d153a20ef7:633,1.0,2,elliptical,diffusive,edge,False,55.36456680297852,0.027777777777777776,0.028532608695652172,0.027607361963190184,-0.000925246732461988,0.006350639409634394
634,5de6c12e02a9e36835018cc3abb08e3288d1688130193055566a10d153a20ef7:634,1.0,1,elliptical,diffusive,outside,False,83.83525085449219,0.030843343343343342,0.026399803536345776,0.03545918367346939,0.009059380137123613,0.00708671196687974
635,5de6c12e02a9e36835018cc3abb08e3288d1688130193055566a10d153a20ef7:635,1.0,1,elliptical,ballistic,outside,False,71.84716796875,0.030405405405405407,0.026242393509127788,0.03446146245059289,0.0082190689414651,0.009265175449431132
636,5de6c12e02a9e36835018cc3abb08e3288d1688130193055566a10d153a20ef7:636,1.0,1,elliptical,ballistic,inside,False,79.3425064086914,0.03384634634634635,0.030379746835443037,0.03611341059602649,0.005733663760583454,0.007964634399445624
637,5de6c12e02a9e36835018cc3abb08e3288d1688130193055566a10d153a20ef7:637,1.0,0,circular,diffusive,inside,False,83.83525085449219,0.028591091091091092,0.025557620817843865,0.02970890410958904,0.004151283291745175,0.00758401746269271
638,5de6c12e02a9e36835018cc3abb08e3288d1688130193055566a10d153a20ef7:638,1.0,0,elliptical,ballistic,edge,False,83.80651092529297,0.028153153153153154,0.02754046762589928,0.028922121896162528,0.0013816542702632488,0.004502766320181828
639,5de6c12e02a9e36835018cc3abb08e3288d1688130193055566a10d153a20ef7:639,1.0,1,circular,diffusive,edge,False,69.10717010498047,0.026776776776776777,0.024787535410764873,0.02786377708978328,0.003076241679018408,0.006226153806118483
640,5de6c12e02a9e36835018cc3abb08e3288d1688130193055566a10d153a20ef7:640,1.0,2,circular,diffusive,inside,False,25.461387634277344,0.03547297297297297,0.033674004192872115,0.037116858237547894,0.003442854044675779,0.010110969534527902
641,5de6c12e02a9e36835018cc3abb08e3288d1688130193055566a10d153a20ef7:641,1.0,1,elliptical,ballistic,edge,False,79.70550537109375,0.028153153153153154,0.02515432098765432,0.03019781144781145,0.005043490460157129,0.008177288317064317
642,5de6c12e02a9e36835018cc3abb08e3288d1688130193055566a10d153a20ef7:642,1.0,0,circular,ballistic,inside,False,83.240966796875,0.030843343343343342,0.03206740442655936,0.02963147410358566,-0.002435930322973699,0.004960623419655898
643,5de6c12e02a9e36835018cc3abb08e3288d1688130193055566a10d153a20ef7:643,1.0,1,circular,ballistic,outside,False,77.27082061767578,0.030217717717717717,0.030345659163987137,0.030006631299734746,-0.00033902786425239057,0.009581472286017651
644,5de6c12e02a9e36835018cc3abb08e3288d1688130193055566a10d153a20ef7:644,1.0,0,elliptical,diffusive,outside,False,79.99954223632812,0.030405405405405407,0.03285845588235294,0.029487620357634112,-0.00337083552471883,0.012867219595347305
645,5de6c12e02a9e36835018cc3abb08e3288d1688130193055566a10d153a20ef7:645,1.0,0,elliptical,ballistic,inside,False,83.64096069335938,0.029654654654654656,0.026746724890829694,0.03211645101663586,0.005369726125806162,0.008631820035539129
646,5de6c12e02a9e36835018cc3abb08e3288d1688130193055566a10d153a20ef7:646,1.0,1,circular,diffusive,outside,False,61.05831909179688,0.03078078078078078,0.03435114503816794,0.03024193548387097,-0.004109209554296972,0.0070471110311955566
647,5de6c12e02a9e36835018cc3abb08e3288d1688130193055566a10d153a20ef7:647,1.0,2,elliptical,ballistic,outside,False,44.93881988525391,0.034784784784784785,0.03434684684684685,0.03500375375375375,0.0006569069069069025,0.007440474848507761
648,5de6c12e02a9e36835018cc3abb08e3288d1688130193055566a10d153a20ef7:648,0.25,2,elliptical,ballistic,outside,False,44.16704177856445,0.02961847389558233,0.02961847389558233,,,0.013866694093306358
649,5de6c12e02a9e36835018cc3abb08e3288d1688130193055566a10d153a20ef7:649,0.25,0,circular,diffusive,inside,False,81.18097686767578,0.0286144578313253,0.02215909090909091,0.03372302158273381,0.011563930673642902,0.01191145634307698
650,5de6c12e02a9e36835018cc3abb08e3288d1688130193055566a10d153a20ef7:650,0.25,0,elliptical,diffusive,inside,False,82.73812103271484,0.03112449799196787,0.03112449799196787,,,0.007905630395594188
651,5de6c12e02a9e36835018cc3abb08e3288d1688130193055566a10d153a20ef7:651,0.25,1,circular,ballistic,edge,False,62.070892333984375,0.030120481927710843,0.030120481927710843,,,0.009471868606482534
652,5de6c12e02a9e36835018cc3abb08e3288d1688130193055566a10d153a20ef7:652,0.25,1,circular,diffusive,outside,False,81.6040267944336,0.02535140562248996,0.02535140562248996,,,0.005934533342136992
653,5de6c12e02a9e36835018cc3abb08e3288d1688130193055566a10d153a20ef7:653,0.25,2,elliptical,diffusive,inside,False,28.31298065185547,0.030622489959839357,0.030622489959839357,,,0.012570265085892483
654,5de6c12e02a9e36835018cc3abb08e3288d1688130193055566a10d153a20ef7:654,0.25,2,circular,diffusive,edge,False,47.5435905456543,0.03263052208835342,0.03263052208835342,,,0.009721343740480465
655,5de6c12e02a9e36835018cc3abb08e3288d1688130193055566a10d153a20ef7:655,0.25,1,elliptical,diffusive,outside,False,79.78703308105469,0.02284136546184739,0.024396929824561403,0.005952380952380952,-0.01844454887218045,0.009032657738678002
656,5de6c12e02a9e36835018cc3abb08e3288d1688130193055566a10d153a20ef7:656,0.25,2,elliptical,ballistic,inside,False,32.57074737548828,0.024347389558232933,0.024347389558232933,,,0.01177045591133871
657,5de6c12e02a9e36835018cc3abb08e3288d1688130193055566a10d153a20ef7:657,0.25,1,elliptical,ballistic,edge,False,70.91487884521484,0.028112449799196786,0.02631578947368421,0.028645833333333332,0.002330043859649123,0.009734296902442428
658,5de6c12e02a9e36835018cc3abb08e3288d1688130193055566a10d153a20ef7:658,0.25,1,elliptical,diffusive,inside,False,79.07879638671875,0.02961847389558233,0.02961847389558233,,,0.010566046777032725
659,5de6c12e02a9e36835018cc3abb08e3288d1688130193055566a10d153a20ef7:659,0.25,0,elliptical,ballistic,inside,False,83.16127014160156,0.03639558232931727,0.03639558232931727,,,0.013782383447080666
660,5de6c12e02a9e36835018cc3abb08e3288d1688130193055566a10d153a20ef7:660,0.25,2,elliptical,diffusive,outside,False,48.64612579345703,0.036897590361445784,0.036897590361445784,,,0.008214391652587135
661,5de6c12e02a9e36835018cc3abb08e3288d1688130193055566a10d153a20ef7:661,0.25,0,circular,ballistic,inside,False,82.71358489990234,0.03137550200803213,0.03137550200803213,,,0.010235917923746828
662,5de6c12e02a9e36835018cc3abb08e3288d1688130193055566a10d153a20ef7:662,0.25,1,circular,diffusive,inside,False,71.9614028930664,0.034889558232931724,0.03712871287128713,0.02526595744680851,-0.011862755424478618,0.0171547978161062
663,5de6c12e02a9e36835018cc3abb08e3288d1688130193055566a10d153a20ef7:663,0.25,1,elliptical,ballistic,outside,False,74.9878158569336,0.03313253012048193,0.03313253012048193,,,0.009837308203948507
664,5de6c12e02a9e36835018cc3abb08e3288d1688130193055566a10d153a20ef7:664,0.25,2,circular,ballistic,edge,False,16.232866287231445,0.0321285140562249,0.0321285140562249,,,0.01170873874466928
665,5de6c12e02a9e36835018cc3abb08e3288d1688130193055566a10d153a20ef7:665,0.25,1,circular,ballistic,inside,False,73.21694946289062,0.035391566265060244,0.035391566265060244,,,0.016187326643962077
666,5de6c12e02a9e36835018cc3abb08e3288d1688130193055566a10d153a20ef7:666,0.25,2,circular,diffusive,outside,False,49.5452880859375,0.026857429718875503,0.027853260869565216,0.02403846153846154,-0.0038147993311036764,0.010622542153362865
667,5de6c12e02a9e36835018cc3abb08e3288d1688130193055566a10d153a20ef7:667,0.25,0,elliptical,ballistic,outside,False,83.17845153808594,0.028363453815261043,0.02834008097165992,0.03125,0.0029099190283400807,0.012677566565436135
668,5de6c12e02a9e36835018cc3abb08e3288d1688130193055566a10d153a20ef7:668,0.25,1,circular,ballistic,outside,False,79.97547149658203,0.030622489959839357,0.030622489959839357,,,0.008202878834522184
669,5de6c12e02a9e36835018cc3abb08e3288d1688130193055566a10d153a20ef7:669,0.25,0,circular,diffusive,outside,False,83.83525085449219,0.02961847389558233,0.02961847389558233,,,0.00862227110307112
670,5de6c12e02a9e36835018cc3abb08e3288d1688130193055566a10d153a20ef7:670,0.25,1,elliptical,ballistic,inside,False,72.72879028320312,0.03112449799196787,0.03112449799196787,,,0.008459989732104777
671,5de6c12e02a9e36835018cc3abb08e3288d1688130193055566a10d153a20ef7:671,0.25,2,circular,ballistic,outside,False,22.079504013061523,0.020582329317269075,0.020582329317269075,,,0.009242948112209824
672,5de6c12e02a9e36835018cc3abb08e3288d1688130193055566a10d153a20ef7:672,0.25,1,elliptical,diffusive,edge,False,59.241432189941406,0.03187751004016064,0.03187751004016064,,,0.013030469229334748
673,5de6c12e02a9e36835018cc3abb08e3288d1688130193055566a10d153a20ef7:673,0.25,0,circular,ballistic,edge,False,83.82353210449219,0.0286144578313253,0.0286144578313253,,,0.01253010439191635
674,5de6c12e02a9e36835018cc3abb08e3288d1688130193055566a10d153a20ef7:674,0.25,0,elliptical,ballistic,edge,False,83.33255004882812,0.025100401606425703,0.025100401606425703,,,0.00952493271135054
675,5de6c12e02a9e36835018cc3abb08e3288d1688130193055566a10d153a20ef7:675,0.25,2,elliptical,ballistic,edge,False,9.956316947937012,0.03112449799196787,0.023966165413533833,0.03933189655172414,0.015365731138190303,0.008980192680722046
676,5de6c12e02a9e36835018cc3abb08e3288d1688130193055566a10d153a20ef7:676,0.25,0,elliptical,diffusive,outside,False,83.2989730834961,0.0303714859437751,0.03451492537313433,0.025543478260869567,-0.008971447112264764,0.01524113251331352
677,5de6c12e02a9e36835018cc3abb08e3288d1688130193055566a10d153a20ef7:677,0.25,2,elliptical,diffusive,edge,False,5.925650119781494,0.029869477911646587,0.03212616822429906,0.028169014084507043,-0.003957154139792019,0.009653054479432434
678,5de6c12e02a9e36835018cc3abb08e3288d1688130193055566a10d153a20ef7:678,0.25,0,circular,ballistic,outside,False,80.4615707397461,0.02535140562248996,0.028017241379310345,0.023026315789473683,-0.004990925589836662,0.007642237624316431
679,5de6c12e02a9e36835018cc3abb08e3288d1688130193055566a10d153a20ef7:679,0.25,2,circular,ballistic,inside,False,47.940704345703125,0.030622489959839357,0.030622489959839357,,,0.006487373485602453
680,5de6c12e02a9e36835018cc3abb08e3288d1688130193055566a10d153a20ef7:680,0.25,1,circular,diffusive,edge,False,83.83525085449219,0.02610441767068273,0.02610441767068273,,,0.011665612488576556
681,5de6c12e02a9e36835018cc3abb08e3288d1688130193055566a10d153a20ef7:681,0.25,0,circular,diffusive,edge,False,83.83525085449219,0.023343373493975902,0.023343373493975902,,,0.008396450142408498
682,5de6c12e02a9e36835018cc3abb08e3288d1688130193055566a10d153a20ef7:682,0.25,0,elliptical,diffusive,edge,False,82.10271453857422,0.03137550200803213,0.03137550200803213,,,0.011488747481270892
683,5de6c12e02a9e36835018cc3abb08e3288d1688130193055566a10d153a20ef7:683,0.25,2,circular,diffusive,inside,False,16.668136596679688,0.025602409638554216,0.025602409638554216,,,0.010324781024700368
648,5de6c12e02a9e36835018cc3abb08e3288d1688130193055566a10d153a20ef7:648,0.5,2,elliptical,ballistic,outside,False,44.16704177856445,0.029934869739478957,0.028612531969309463,0.034722222222222224,0.006109690252912761,0.010454478576415455
649,5de6c12e02a9e36835018cc3abb08e3288d1688130193055566a10d153a20ef7:649,0.5,0,circular,diffusive,inside,False,81.18097686767578,0.027054108216432865,0.02215909090909091,0.028438303341902314,0.006279212432811404,0.009466154122089772
650,5de6c12e02a9e36835018cc3abb08e3288d1688130193055566a10d153a20ef7:650,0.5,0,elliptical,diffusive,inside,False,82.73812103271484,0.031062124248496994,0.032885174418604654,0.027016129032258064,-0.00586904538634659,0.008383366999339436
651,5de6c12e02a9e36835018cc3abb08e3288d1688130193055566a10d153a20ef7:651,0.5,1,circular,ballistic,edge,False,62.070892333984375,0.027429859719438877,0.028007726269315674,0.021739130434782608,-0.006268595834533066,0.009544548403317792
652,5de6c12e02a9e36835018cc3abb08e3288d1688130193055566a10d153a20ef7:652,0.5,1,circular,diffusive,outside,False,81.6040267944336,0.026803607214428857,0.025839793281653745,0.030133928571428572,0.004294135289774827,0.004902401250195623
653,5de6c12e02a9e36835018cc3abb08e3288d1688130193055566a10d153a20ef7:653,0.5,2,elliptical,diffusive,inside,False,28.31298065185547,0.03006012024048096,0.031879194630872486,0.02736318407960199,-0.004516010551270495,0.008604992002664163
654,5de6c12e02a9e36835018cc3abb08e3288d1688130193055566a10d153a20ef7:654,0.5,2,circular,diffusive,edge,False,47.5435905456543,0.03381763527054108,0.03400997150997151,0.033361486486486486,-0.0006484850234850237,0.007741251072325874
655,5de6c12e02a9e36835018cc3abb08e3288d1688130193055566a10d153a20ef7:655,0.5,1,elliptical,diffusive,outside,False,79.78703308105469,0.024549098196392786,0.024396929824561403,0.02467712177121771,0.000280191946656308,0.009251595848005705
656,5de6c12e02a9e36835018cc3abb08e3288d1688130193055566a10d153a20ef7:656,0.5,2,elliptical,ballistic,inside,False,32.57074737548828,0.027930861723446894,0.028617710583153346,0.019097222222222224,-0.009520488360931122,0.00823896995876437
657,5de6c12e02a9e36835018cc3abb08e3288d1688130193055566a10d153a20ef7:657,0.5,1,elliptical,ballistic,edge,False,70.91487884521484,0.025175350701402806,0.02631578947368421,0.025028280542986427,-0.0012875089306977824,0.0063853191866387205
658,5de6c12e02a9e36835018cc3abb08e3288d1688130193055566a10d153a20ef7:658,0.5,1,elliptical,diffusive,inside,False,79.07879638671875,0.026678356713426853,0.029356060606060608,0.023670212765957446,-0.0056858478401031615,0.00772806756057232
659,5de6c12e02a9e36835018cc3abb08e3288d1688130193055566a10d153a20ef7:659,0.5,0,elliptical,ballistic,inside,False,83.16127014160156,0.03193887775551102,0.03515625,0.026923076923076925,-0.008233173076923075,0.010012992260858288
660,5de6c12e02a9e36835018cc3abb08e3288d1688130193055566a10d153a20ef7:660,0.5,2,elliptical,diffusive,outside,False,48.64612579345703,0.03406813627254509,0.03373015873015873,0.036637931034482756,0.0029077723043240272,0.006905836048141393
661,5de6c12e02a9e36835018cc3abb08e3288d1688130193055566a10d153a20ef7:661,0.5,0,circular,ballistic,inside,False,82.71358489990234,0.029433867735470944,0.029433867735470944,,,0.01137988859569124
662,5de6c12e02a9e36835018cc3abb08e3288d1688130193055566a10d153a20ef7:662,0.5,1,circular,diffusive,inside,False,71.9614028930664,0.030435871743486973,0.03712871287128713,0.025883838383838384,-0.011244874487448743,0.013937741586050304
663,5de6c12e02a9e36835018cc3abb08e3288d1688130193055566a10d153a20ef7:663,0.5,1,elliptical,ballistic,outside,False,74.9878158569336,0.03193887775551102,0.03125,0.04310344827586207,0.011853448275862072,0.0063853191866387205
664,5de6c12e02a9e36835018cc3abb08e3288d1688130193055566a10d153a20ef7:664,0.5,2,circular,ballistic,edge,False,16.232866287231445,0.031062124248496994,0.031062124248496994,,,0.008590394889520164
665,5de6c12e02a9e36835018cc3abb08e3288d1688130193055566a10d153a20ef7:665,0.5,1,circular,ballistic,inside,False,73.21694946289062,0.03369238476953908,0.03479803493449782,0.021341463414634148,-0.01345657151986367,0.010650712273696088
666,5de6c12e02a9e36835018cc3abb08e3288d1688130193055566a10d153a20ef7:666,0.5,2,circular,diffusive,outside,False,49.5452880859375,0.025801603206412827,0.027853260869565216,0.024603174603174603,-0.0032500862663906137,0.007255885950881883
667,5de6c12e02a9e36835018cc3abb08e3288d1688130193055566a10d153a20ef7:667,0.5,0,elliptical,ballistic,outside,False,83.17845153808594,0.03006012024048096,0.02834008097165992,0.031746031746031744,0.003405950774371825,0.011588209926072523
668,5de6c12e02a9e36835018cc3abb08e3288d1688130193055566a10d153a20ef7:668,0.5,1,circular,ballistic,outside,False,79.97547149658203,0.030811623246492986,0.029693486590038315,0.03203781512605042,0.0023443285360121024,0.009633709680876458
669,5de6c12e02a9e36835018cc3abb08e3288d1688130193055566a10d153a20ef7:669,0.5,0,circular,diffusive,outside,False,83.83525085449219,0.02630260521042084,0.02630260521042084,,,0.005662652582894447
670,5de6c12e02a9e36835018cc3abb08e3288d1688130193055566a10d153a20ef7:670,0.5,1,elliptical,ballistic,inside,False,72.72879028320312,0.02968436873747495,0.03101145038167939,0.024764150943396228,-0.006247299438283161,0.007172163478066336
671,5de6c12e02a9e36835018cc3abb08e3288d1688130193055566a10d153a20ef7:671,0.5,2,circular,ballistic,outside,False,22.079504013061523,0.028056112224448898,0.025227864583333332,0.0375,0.012272135416666666,0.009479402769751755
672,5de6c12e02a9e36835018cc3abb08e3288d1688130193055566a10d153a20ef7:672,0.5,1,elliptical,diffusive,edge,False,59.241432189941406,0.029559118236472944,0.031005859375,0.028034979423868314,-0.0029708799511316865,0.009305699208921197
673,5de6c12e02a9e36835018cc3abb08e3288d1688130193055566a10d153a20ef7:673,0.5,0,circular,ballistic,edge,False,83.82353210449219,0.03206412825651302,0.03206412825651302,,,0.009571629846965331
674,5de6c12e02a9e36835018cc3abb08e3288d1688130193055566a10d153a20ef7:674,0.5,0,elliptical,ballistic,edge,False,83.33255004882812,0.027429859719438877,0.026534526854219948,0.030671296296296297,0.00413676944207635,0.007446877002101578
675,5de6c12e02a9e36835018cc3abb08e3288d1688130193055566a10d153a20ef7:675,0.5,2,elliptical,ballistic,edge,False,9.956316947937012,0.04934869739478958,0.023966165413533833,0.0585724043715847,0.03460623895805087,0.016147116602688697
676,5de6c12e02a9e36835018cc3abb08e3288d1688130193055566a10d153a20ef7:676,0.5,0,elliptical,diffusive,outside,False,83.2989730834961,0.032690380761523044,0.03451492537313433,0.03202054794520548,-0.002494377427928851,0.008574858229841055
677,5de6c12e02a9e36835018cc3abb08e3288d1688130193055566a10d153a20ef7:677,0.5,2,elliptical,diffusive,edge,False,5.925650119781494,0.03995490981963928,0.03212616822429906,0.042091836734693876,0.009965668510394814,0.021323139106152165
678,5de6c12e02a9e36835018cc3abb08e3288d1688130193055566a10d153a20ef7:678,0.5,0,circular,ballistic,outside,False,80.4615707397461,0.026427855711422844,0.028017241379310345,0.025946475195822456,-0.0020707661834878897,0.007662833430832881
679,5de6c12e02a9e36835018cc3abb08e3288d1688130193055566a10d153a20ef7:679,0.5,2,circular,ballistic,inside,False,47.940704345703125,0.02968436873747495,0.029217479674796747,0.0625,0.03328252032520325,0.007012909658902514
680,5de6c12e02a9e36835018cc3abb08e3288d1688130193055566a10d153a20ef7:680,0.5,1,circular,diffusive,edge,False,83.83525085449219,0.026803607214428857,0.02377717391304348,0.035305343511450385,0.011528169598406905,0.00611037621124773
681,5de6c12e02a9e36835018cc3abb08e3288d1688130193055566a10d153a20ef7:681,0.5,0,circular,diffusive,edge,False,83.83525085449219,0.025801603206412827,0.025801603206412827,,,0.00788580973882625
682,5de6c12e02a9e36835018cc3abb08e3288d1688130193055566a10d153a20ef7:682,0.5,0,elliptical,diffusive,edge,False,82.10271453857422,0.03206412825651302,0.03125,0.03294979079497908,0.0016997907949790822,0.009817594159451616
683,5de6c12e02a9e36835018cc3abb08e3288d1688130193055566a10d153a20ef7:683,0.5,2,circular,diffusive,inside,False,16.668136596679688,0.027680360721442886,0.026785714285714284,0.034482758620689655,0.0076970443349753705,0.007497265241972538
648,5de6c12e02a9e36835018cc3abb08e3288d1688130193055566a10d153a20ef7:648,1.0,2,elliptical,ballistic,outside,False,44.16704177856445,0.03309559559559559,0.028612531969309463,0.035978618421052634,0.0073660864517431715,0.009764370654354378
649,5de6c12e02a9e36835018cc3abb08e3288d1688130193055566a10d153a20ef7:649,1.0,0,circular,diffusive,inside,False,81.18097686767578,0.03028028028028028,0.02215909090909091,0.031285151856018,0.009126060946927087,0.007692905980450148
650,5de6c12e02a9e36835018cc3abb08e3288d1688130193055566a10d153a20ef7:650,1.0,0,elliptical,diffusive,inside,False,82.73812103271484,0.030843343343343342,0.032885174418604654,0.029770992366412213,-0.0031141820521924414,0.006129534939614369
651,5de6c12e02a9e36835018cc3abb08e3288d1688130193055566a10d153a20ef7:651,1.0,1,circular,ballistic,edge,False,62.070892333984375,0.025775775775775774,0.028007726269315674,0.023923992673992672,-0.004083733595323002,0.008668922960805191
652,5de6c12e02a9e36835018cc3abb08e3288d1688130193055566a10d153a20ef7:652,1.0,1,circular,diffusive,outside,False,81.6040267944336,0.02902902902902903,0.025839793281653745,0.03104575163398693,0.005205958352333184,0.006211047870866295
653,5de6c12e02a9e36835018cc3abb08e3288d1688130193055566a10d153a20ef7:653,1.0,2,elliptical,diffusive,inside,False,28.31298065185547,0.0355980980980981,0.031879194630872486,0.03717902995720399,0.005299835326331506,0.009625489660394088
654,5de6c12e02a9e36835018cc3abb08e3288d1688130193055566a10d153a20ef7:654,1.0,2,circular,diffusive,edge,False,47.5435905456543,0.03171921921921922,0.03400997150997151,0.030478395061728395,-0.0035315764482431143,0.005544822189319441
655,5de6c12e02a9e36835018cc3abb08e3288d1688130193055566a10d153a20ef7:655,1.0,1,elliptical,diffusive,outside,False,79.78703308105469,0.028028028028028028,0.024396929824561403,0.029101815823605708,0.0047048859990443045,0.007482440634497524
656,5de6c12e02a9e36835018cc3abb08e3288d1688130193055566a10d153a20ef7:656,1.0,2,elliptical,ballistic,inside,False,32.57074737548828,0.04097847847847848,0.028617710583153346,0.051655783582089554,0.023038072998936208,0.011447239461690982
657,5de6c12e02a9e36835018cc3abb08e3288d1688130193055566a10d153a20ef7:657,1.0,1,elliptical,ballistic,edge,False,70.91487884521484,0.028653653653653653,0.02631578947368421,0.02879511677282378,0.0024793272991395707,0.0051514486612209455
658,5de6c12e02a9e36835018cc3abb08e3288d1688130193055566a10d153a20ef7:658,1.0,1,elliptical,diffusive,inside,False,79.07879638671875,0.026839339339339338,0.029356060606060608,0.025935374149659865,-0.0034206864564007428,0.005122112805585865
659,5de6c12e02a9e36835018cc3abb08e3288d1688130193055566a10d153a20ef7:659,1.0,0,elliptical,ballistic,inside,False,83.16127014160156,0.029341841841841843,0.03515625,0.026798561151079137,-0.008357688848920863,0.008783525330648913
660,5de6c12e02a9e36835018cc3abb08e3288d1688130193055566a10d153a20ef7:660,1.0,2,elliptical,diffusive,outside,False,48.64612579345703,0.030843343343343342,0.03373015873015873,0.028561827956989246,-0.005168330773169482,0.006180408599231645
661,5de6c12e02a9e36835018cc3abb08e3288d1688130193055566a10d153a20ef7:661,1.0,0,circular,ballistic,inside,False,82.71358489990234,0.029154154154154153,0.0286144578313253,0.029904306220095694,0.001289848388770394,0.010350654082899678
662,5de6c12e02a9e36835018cc3abb08e3288d1688130193055566a10d153a20ef7:662,1.0,1,circular,diffusive,inside,False,71.9614028930664,0.02996746746746747,0.03712871287128713,0.02815244667503137,-0.008976266196255758,0.010343655987955861
663,5de6c12e02a9e36835018cc3abb08e3288d1688130193055566a10d153a20ef7:663,1.0,1,elliptical,ballistic,outside,False,74.9878158569336,0.031156156156156155,0.03125,0.031072778827977314,-0.000177221172022686,0.007225908267257713
664,5de6c12e02a9e36835018cc3abb08e3288d1688130193055566a10d153a20ef7:664,1.0,2,circular,ballistic,edge,False,16.232866287231445,0.03490990990990991,0.0302,0.0427807486631016,0.0125807486631016,0.008906764652931436
665,5de6c12e02a9e36835018cc3abb08e3288d1688130193055566a10d153a20ef7:665,1.0,1,circular,ballistic,inside,False,73.21694946289062,0.03153153153153153,0.03479803493449782,0.028766173752310536,-0.006031861182187282,0.009201589745170288
666,5de6c12e02a9e36835018cc3abb08e3288d1688130193055566a10d153a20ef7:666,1.0,2,circular,diffusive,outside,False,49.5452880859375,0.030405405405405407,0.027853260869565216,0.03098159509202454,0.0031283342224593252,0.004889495416061041
667,5de6c12e02a9e36835018cc3abb08e3288d1688130193055566a10d153a20ef7:667,1.0,0,elliptical,ballistic,outside,False,83.17845153808594,0.0315940940940941,0.02834008097165992,0.032662898936170214,0.004322817964510294,0.009090105673879894
668,5de6c12e02a9e36835018cc3abb08e3288d1688130193055566a10d153a20ef7:668,1.0,1,circular,ballistic,outside,False,79.97547149658203,0.02959209209209209,0.029693486590038315,0.029556233062330625,-0.00013725352770769042,0.0073107238814400346
669,5de6c12e02a9e36835018cc3abb08e3288d1688130193055566a10d153a20ef7:669,1.0,0,circular,diffusive,outside,False,83.83525085449219,0.02715215215215215,0.02707275803722504,0.0272671568627451,0.00019439882552005697,0.005797764183284832
670,5de6c12e02a9e36835018cc3abb08e3288d1688130193055566a10d153a20ef7:670,1.0,1,elliptical,ballistic,inside,False,72.72879028320312,0.029216716716716717,0.03101145038167939,0.028052805280528052,-0.0029586451011513366,0.005969071766673076
671,5de6c12e02a9e36835018cc3abb08e3288d1688130193055566a10d153a20ef7:671,1.0,2,circular,ballistic,outside,False,22.079504013061523,0.03891391391391391,0.025227864583333332,0.04745934959349594,0.022231485010162606,0.011832762294272714
672,5de6c12e02a9e36835018cc3abb08e3288d1688130193055566a10d153a20ef7:672,1.0,1,elliptical,diffusive,edge,False,59.241432189941406,0.027715215215215215,0.031005859375,0.0265814266487214,-0.004424432726278599,0.007440211818022535
673,5de6c12e02a9e36835018cc3abb08e3288d1688130193055566a10d153a20ef7:673,1.0,0,circular,ballistic,edge,False,83.82353210449219,0.02909159159159159,0.031431334622823985,0.02658195020746888,-0.004849384415355106,0.007966599883934656
674,5de6c12e02a9e36835018cc3abb08e3288d1688130193055566a10d153a20ef7:674,1.0,0,elliptical,ballistic,edge,False,83.33255004882812,0.027277277277277277,0.026534526854219948,0.027754934210526317,0.0012204073563063696,0.0054712740513201815
675,5de6c12e02a9e36835018cc3abb08e3288d1688130193055566a10d153a20ef7:675,1.0,2,elliptical,ballistic,edge,False,9.956316947937012,0.07795295295295296,0.023966165413533833,0.08624422632794457,0.06227806091441074,0.030293462083362928
676,5de6c12e02a9e36835018cc3abb08e3288d1688130193055566a10d153a20ef7:676,1.0,0,elliptical,diffusive,outside,False,83.2989730834961,0.033596096096096095,0.03451492537313433,0.03345375722543353,-0.0010611681477008042,0.007349170726035043
677,5de6c12e02a9e36835018cc3abb08e3288d1688130193055566a10d153a20ef7:677,1.0,2,elliptical,diffusive,edge,False,5.925650119781494,0.05768268268268268,0.03212616822429906,0.06074831838565022,0.02862215016135116,0.040652958667651964
678,5de6c12e02a9e36835018cc3abb08e3288d1688130193055566a10d153a20ef7:678,1.0,0,circular,ballistic,outside,False,80.4615707397461,0.028966466466466466,0.028017241379310345,0.029091166477916194,0.001073925098605849,0.00551935138999981
679,5de6c12e02a9e36835018cc3abb08e3288d1688130193055566a10d153a20ef7:679,1.0,2,circular,ballistic,inside,False,47.940704345703125,0.03290790790790791,0.029217479674796747,0.03648915187376726,0.00727167219897051,0.0067925773514214026
680,5de6c12e02a9e36835018cc3abb08e3288d1688130193055566a10d153a20ef7:680,1.0,1,circular,diffusive,edge,False,83.83525085449219,0.027402402402402402,0.02377717391304348,0.02951664025356577,0.0057394663405222895,0.006334594624047617
681,5de6c12e02a9e36835018cc3abb08e3288d1688130193055566a10d153a20ef7:681,1.0,0,circular,diffusive,edge,False,83.83525085449219,0.028591091091091092,0.027544070512820512,0.030333333333333334,0.0027892628205128216,0.007771620134241146
682,5de6c12e02a9e36835018cc3abb08e3288d1688130193055566a10d153a20ef7:682,1.0,0,elliptical,diffusive,edge,False,82.10271453857422,0.029717217217217217,0.03125,0.029177943166441137,-0.0020720568335588635,0.007291424437363473
683,5de6c12e02a9e36835018cc3abb08e3288d1688130193055566a10d153a20ef7:683,1.0,2,circular,diffusive,inside,False,16.668136596679688,0.04022772772772773,0.026785714285714284,0.05085125448028674,0.024065540194572455,0.013899452871803292
684,5de6c12e02a9e36835018cc3abb08e3288d1688130193055566a10d153a20ef7:684,0.25,0,elliptical,diffusive,outside,False,83.82119750976562,0.02710843373493976,0.02710843373493976,,,0.011491489098654214
685,5de6c12e02a9e36835018cc3abb08e3288d1688130193055566a10d153a20ef7:685,0.25,0,circular,ballistic,inside,False,81.94775390625,0.03187751004016064,0.03187751004016064,,,0.005063815512508036
686,5de6c12e02a9e36835018cc3abb08e3288d1688130193055566a10d153a20ef7:686,0.25,0,circular,ballistic,outside,False,83.7467269897461,0.030120481927710843,0.030120481927710843,,,0.0054067919750346435
687,5de6c12e02a9e36835018cc3abb08e3288d1688130193055566a10d153a20ef7:687,0.25,2,circular,diffusive,outside,False,20.951818466186523,0.026606425702811246,0.025,0.027061855670103094,0.0020618556701030924,0.007889675524850258
688,5de6c12e02a9e36835018cc3abb08e3288d1688130193055566a10d153a20ef7:688,0.25,1,circular,ballistic,edge,False,49.96084976196289,0.02284136546184739,0.02127659574468085,0.02379032258064516,0.002513726835964309,0.0075759981289089205
689,5de6c12e02a9e36835018cc3abb08e3288d1688130193055566a10d153a20ef7:689,0.25,0,elliptical,ballistic,inside,False,82.5313949584961,0.030120481927710843,0.030120481927710843,,,0.011535266358510099
690,5de6c12e02a9e36835018cc3abb08e3288d1688130193055566a10d153a20ef7:690,0.25,0,elliptical,ballistic,edge,False,82.30199432373047,0.0286144578313253,0.0286144578313253,,,0.011078351651964814
691,5de6c12e02a9e36835018cc3abb08e3288d1688130193055566a10d153a20ef7:691,0.25,2,elliptical,diffusive,edge,False,19.506755828857425,0.029869477911646587,0.029869477911646587,,,0.009334515051097916
692,5de6c12e02a9e36835018cc3abb08e3288d1688130193055566a10d153a20ef7:692,0.25,1,elliptical,ballistic,inside,False,60.95193099975586,0.02961847389558233,0.02961847389558233,,,0.008141202178828742
693,5de6c12e02a9e36835018cc3abb08e3288d1688130193055566a10d153a20ef7:693,0.25,2,elliptical,diffusive,inside,False,21.301733016967773,0.02459839357429719,0.02459839357429719,,,0.00826409519736663
694,5de6c12e02a9e36835018cc3abb08e3288d1688130193055566a10d153a20ef7:694,0.25,2,elliptical,diffusive,outside,False,13.455368995666504,0.02610441767068273,0.02610441767068273,,,0.008923889977224488
695,5de6c12e02a9e36835018cc3abb08e3288d1688130193055566a10d153a20ef7:695,0.25,0,elliptical,diffusive,inside,False,83.8352279663086,0.03187751004016064,0.03187751004016064,,,0.010309514446743398
696,5de6c12e02a9e36835018cc3abb08e3288d1688130193055566a10d153a20ef7:696,0.25,1,circular,diffusive,inside,False,76.04556274414062,0.029116465863453816,0.030934343434343436,0.027916666666666666,-0.0030176767676767698,0.01067283716138017
697,5de6c12e02a9e36835018cc3abb08e3288d1688130193055566a10d153a20ef7:697,0.25,2,elliptical,ballistic,outside,False,36.33029556274414,0.03589357429718876,0.03476331360946745,0.03828125,0.00351793639053255,0.010161788393572872
698,5de6c12e02a9e36835018cc3abb08e3288d1688130193055566a10d153a20ef7:698,0.25,1,elliptical,diffusive,inside,False,77.14686584472656,0.0321285140562249,0.0321285140562249,,,0.009256570740253904
699,5de6c12e02a9e36835018cc3abb08e3288d1688130193055566a10d153a20ef7:699,0.25,0,elliptical,ballistic,outside,False,82.84137725830078,0.029869477911646587,0.03166666666666667,0.029094827586206896,-0.0025718390804597736,0.010161788393572872
700,5de6c12e02a9e36835018cc3abb08e3288d1688130193055566a10d153a20ef7:700,0.25,0,circular,ballistic,edge,False,83.20601654052734,0.029367469879518073,0.029367469879518073,,,0.011132247420450143
701,5de6c12e02a9e36835018cc3abb08e3288d1688130193055566a10d153a20ef7:701,0.25,2,elliptical,ballistic,inside,False,7.362767219543457,0.03413654618473896,0.028980446927374302,0.04732142857142857,0.018340981644054268,0.013507654665736656
702,5de6c12e02a9e36835018cc3abb08e3288d1688130193055566a10d153a20ef7:702,0.25,0,circular,diffusive,edge,False,83.39860534667969,0.02384538152610442,0.02384538152610442,,,0.008245013908462268
703,5de6c12e02a9e36835018cc3abb08e3288d1688130193055566a10d153a20ef7:703,0.25,2,circular,ballistic,edge,False,9.6156587600708,0.03438755020080321,0.023674242424242424,0.046474358974358976,0.022800116550116552,0.011334158539031762
704,5de6c12e02a9e36835018cc3abb08e3288d1688130193055566a10d153a20ef7:704,0.25,1,circular,ballistic,inside,False,78.95965576171875,0.033383534136546184,0.033383534136546184,,,0.010333930145702261
705,5de6c12e02a9e36835018cc3abb08e3288d1688130193055566a10d153a20ef7:705,0.25,0,circular,diffusive,outside,False,82.8803939819336,0.02786144578313253,0.027624309392265192,0.02849264705882353,0.0008683376665583366,0.007200797333223419
706,5de6c12e02a9e36835018cc3abb08e3288d1688130193055566a10d153a20ef7:706,0.25,2,circular,diffusive,edge,False,19.64204978942871,0.02961847389558233,0.03046875,0.028089887640449437,-0.002378862359550562,0.01070819729302286
707,5de6c12e02a9e36835018cc3abb08e3288d1688130193055566a10d153a20ef7:707,0.25,1,elliptical,ballistic,edge,False,47.71413040161133,0.03187751004016064,0.03187751004016064,,,0.0074078085157498535
708,5de6c12e02a9e36835018cc3abb08e3288d1688130193055566a10d153a20ef7:708,0.25,0,circular,diffusive,inside,False,80.20829772949219,0.027359437751004016,0.027359437751004016,,,0.013467950226201116
709,5de6c12e02a9e36835018cc3abb08e3288d1688130193055566a10d153a20ef7:709,0.25,2,circular,ballistic,inside,False,6.870199203491211,0.03890562248995984,0.03343949044585987,0.04823369565217391,0.01479420520631404,0.011444792284315261
710,5de6c12e02a9e36835018cc3abb08e3288d1688130193055566a10d153a20ef7:710,0.25,1,elliptical,ballistic,outside,False,74.0545883178711,0.024849397590361446,0.024849397590361446,,,0.011488747481270892
711,5de6c12e02a9e36835018cc3abb08e3288d1688130193055566a10d153a20ef7:711,0.25,1,circular,ballistic,outside,False,75.25536346435547,0.035391566265060244,0.02645985401459854,0.04631696428571429,0.01985711027111575,0.013505322341681331
712,5de6c12e02a9e36835018cc3abb08e3288d1688130193055566a10d153a20ef7:712,0.25,1,elliptical,diffusive,edge,False,79.26358032226562,0.0286144578313253,0.0286144578313253,,,0.00608652392217979
713,5de6c12e02a9e36835018cc3abb08e3288d1688130193055566a10d153a20ef7:713,0.25,0,elliptical,diffusive,edge,False,83.83525085449219,0.02710843373493976,0.02710843373493976,,,0.012048192771084338
714,5de6c12e02a9e36835018cc3abb08e3288d1688130193055566a10d153a20ef7:714,0.25,2,circular,ballistic,outside,False,22.486696243286133,0.029116465863453816,0.029116465863453816,,,0.008519358809476477
715,5de6c12e02a9e36835018cc3abb08e3288d1688130193055566a10d153a20ef7:715,0.25,2,elliptical,ballistic,edge,False,46.28563690185547,0.026857429718875503,0.026857429718875503,,,0.008863676497494767
716,5de6c12e02a9e36835018cc3abb08e3288d1688130193055566a10d153a20ef7:716,0.25,1,elliptical,diffusive,outside,False,83.83525085449219,0.02208835341365462,0.02208835341365462,,,0.009837308203948507
717,5de6c12e02a9e36835018cc3abb08e3288d1688130193055566a10d153a20ef7:717,0.25,1,circular,diffusive,edge,False,51.81602478027344,0.03463855421686747,0.041223404255319146,0.026041666666666668,-0.015181737588652478,0.008385187293418707
718,5de6c12e02a9e36835018cc3abb08e3288d1688130193055566a10d153a20ef7:718,0.25,1,circular,diffusive,outside,False,74.33949279785156,0.02284136546184739,0.02284136546184739,,,0.007305036250429341
719,5de6c12e02a9e36835018cc3abb08e3288d1688130193055566a10d153a20ef7:719,0.25,2,circular,diffusive,inside,False,28.36909294128418,0.029116465863453816,0.029116465863453816,,,0.011751706737670307
684,5de6c12e02a9e36835018cc3abb08e3288d1688130193055566a10d153a20ef7:684,0.5,0,elliptical,diffusive,outside,False,83.82119750976562,0.030185370741482965,0.030185370741482965,,,0.008254188572442589
685,5de6c12e02a9e36835018cc3abb08e3288d1688130193055566a10d153a20ef7:685,0.5,0,circular,ballistic,inside,False,81.94775390625,0.03006012024048096,0.03006012024048096,,,0.006646542666042886
686,5de6c12e02a9e36835018cc3abb08e3288d1688130193055566a10d153a20ef7:686,0.5,0,circular,ballistic,outside,False,83.7467269897461,0.02868236472945892,0.030230978260869564,0.02433206106870229,-0.005898917192167275,0.005058321770117403
687,5de6c12e02a9e36835018cc3abb08e3288d1688130193055566a10d153a20ef7:687,0.5,2,circular,diffusive,outside,False,20.951818466186523,0.02930861723446894,0.025,0.029842342342342343,0.0048423423423423415,0.010091802143528901
688,5de6c12e02a9e36835018cc3abb08e3288d1688130193055566a10d153a20ef7:688,0.5,1,circular,ballistic,edge,False,49.96084976196289,0.028306613226452906,0.02127659574468085,0.029938271604938272,0.008661675860257421,0.006527462034466624
689,5de6c12e02a9e36835018cc3abb08e3288d1688130193055566a10d153a20ef7:689,0.5,0,elliptical,ballistic,inside,False,82.5313949584961,0.031187374749498998,0.031187374749498998,,,0.005787332190454871
690,5de6c12e02a9e36835018cc3abb08e3288d1688130193055566a10d153a20ef7:690,0.5,0,elliptical,ballistic,edge,False,82.30199432373047,0.027429859719438877,0.027966926070038912,0.026859504132231406,-0.001107421937807506,0.004751271728053771
691,5de6c12e02a9e36835018cc3abb08e3288d1688130193055566a10d153a20ef7:691,0.5,2,elliptical,diffusive,edge,False,19.506755828857425,0.03256513026052104,0.03256513026052104,,,0.010698475202436183
692,5de6c12e02a9e36835018cc3abb08e3288d1688130193055566a10d153a20ef7:692,0.5,1,elliptical,ballistic,inside,False,60.95193099975586,0.030435871743486973,0.030435871743486973,,,0.007101824900969358
693,5de6c12e02a9e36835018cc3abb08e3288d1688130193055566a10d153a20ef7:693,0.5,2,elliptical,diffusive,inside,False,21.301733016967773,0.02630260521042084,0.02630260521042084,,,0.008902482787533498
694,5de6c12e02a9e36835018cc3abb08e3288d1688130193055566a10d153a20ef7:694,0.5,2,elliptical,diffusive,outside,False,13.455368995666504,0.028181362725450902,0.027573529411764705,0.030906593406593408,0.0033330639948287027,0.009257528803673537
695,5de6c12e02a9e36835018cc3abb08e3288d1688130193055566a10d153a20ef7:695,0.5,0,elliptical,diffusive,inside,False,83.8352279663086,0.030435871743486973,0.030435871743486973,,,0.011960603115371154
696,5de6c12e02a9e36835018cc3abb08e3288d1688130193055566a10d153a20ef7:696,0.5,1,circular,diffusive,inside,False,76.04556274414062,0.02755511022044088,0.030934343434343436,0.02671875,-0.004215593434343436,0.007225553658244468
697,5de6c12e02a9e36835018cc3abb08e3288d1688130193055566a10d153a20ef7:697,0.5,2,elliptical,ballistic,outside,False,36.33029556274414,0.03832665330661322,0.03476331360946745,0.04015151515151515,0.005388201542047701,0.012512518781304785
698,5de6c12e02a9e36835018cc3abb08e3288d1688130193055566a10d153a20ef7:698,0.5,1,elliptical,diffusive,inside,False,77.14686584472656,0.030435871743486973,0.030435871743486973,,,0.011886925835862098
699,5de6c12e02a9e36835018cc3abb08e3288d1688130193055566a10d153a20ef7:699,0.5,0,elliptical,ballistic,outside,False,82.84137725830078,0.02968436873747495,0.03166666666666667,0.02933372641509434,-0.002332940251572331,0.009304856263205541
700,5de6c12e02a9e36835018cc3abb08e3288d1688130193055566a10d153a20ef7:700,0.5,0,circular,ballistic,edge,False,83.20601654052734,0.028557114228456915,0.027294303797468354,0.030737704918032786,0.003443401120564432,0.00938626953667094
701,5de6c12e02a9e36835018cc3abb08e3288d1688130193055566a10d153a20ef7:701,0.5,2,elliptical,ballistic,inside,False,7.362767219543457,0.0716432865731463,0.028980446927374302,0.0955078125,0.0665273655726257,0.028732366651181698
702,5de6c12e02a9e36835018cc3abb08e3288d1688130193055566a10d153a20ef7:702,0.5,0,circular,diffusive,edge,False,83.39860534667969,0.028056112224448898,0.028056112224448898,,,0.009727699318110019
703,5de6c12e02a9e36835018cc3abb08e3288d1688130193055566a10d153a20ef7:703,0.5,2,circular,ballistic,edge,False,9.6156587600708,0.05348196392785571,0.023674242424242424,0.06420299727520436,0.04052875485096193,0.021843558102060897
704,5de6c12e02a9e36835018cc3abb08e3288d1688130193055566a10d153a20ef7:704,0.5,1,circular,ballistic,inside,False,78.95965576171875,0.027680360721442886,0.03115558912386707,0.020833333333333332,-0.010322255790533738,0.008123921677445653
705,5de6c12e02a9e36835018cc3abb08e3288d1688130193055566a10d153a20ef7:705,0.5,0,circular,diffusive,outside,False,82.8803939819336,0.025425851703406815,0.027624309392265192,0.024174528301886794,-0.003449781090378398,0.006335991918808486
706,5de6c12e02a9e36835018cc3abb08e3288d1688130193055566a10d153a20ef7:706,0.5,2,circular,diffusive,edge,False,19.64204978942871,0.030435871743486973,0.03046875,0.030420353982300884,-4.839601769911564e-05,0.011324612550115933
707,5de6c12e02a9e36835018cc3abb08e3288d1688130193055566a10d153a20ef7:707,0.5,1,elliptical,ballistic,edge,False,47.71413040161133,0.030811623246492986,0.03249336870026525,0.025614754098360656,-0.006878614601904594,0.006679504822631955
708,5de6c12e02a9e36835018cc3abb08e3288d1688130193055566a10d153a20ef7:708,0.5,0,circular,diffusive,inside,False,80.20829772949219,0.02630260521042084,0.025644329896907216,0.049107142857142856,0.02346281296023564,0.009207402780305162
709,5de6c12e02a9e36835018cc3abb08e3288d1688130193055566a10d153a20ef7:709,0.5,2,circular,ballistic,inside,False,6.870199203491211,0.08567134268537074,0.03343949044585987,0.10964912280701754,0.07620963236115766,0.02755055528029563
710,5de6c12e02a9e36835018cc3abb08e3288d1688130193055566a10d153a20ef7:710,0.5,1,elliptical,ballistic,outside,False,74.0545883178711,0.026803607214428857,0.025634765625,0.028034979423868314,0.0024002137988683135,0.006973652759055639
711,5de6c12e02a9e36835018cc3abb08e3288d1688130193055566a10d153a20ef7:711,0.5,1,circular,ballistic,outside,False,75.25536346435547,0.031187374749498998,0.02645985401459854,0.03297651933701658,0.006516665322418038,0.009603536731817422
712,5de6c12e02a9e36835018cc3abb08e3288d1688130193055566a10d153a20ef7:712,0.5,1,elliptical,diffusive,edge,False,79.26358032226562,0.029433867735470944,0.028396118721461187,0.036885245901639344,0.008489127180178156,0.005008454164111274
713,5de6c12e02a9e36835018cc3abb08e3288d1688130193055566a10d153a20ef7:713,0.5,0,elliptical,diffusive,edge,False,83.83525085449219,0.029183366733466935,0.029166666666666667,0.029605263157894735,0.00043859649122806807,0.009162140497433165
714,5de6c12e02a9e36835018cc3abb08e3288d1688130193055566a10d153a20ef7:714,0.5,2,circular,ballistic,outside,False,22.486696243286133,0.03582164328657315,0.02865612648221344,0.043191056910569105,0.014534930428355665,0.012042299941605125
715,5de6c12e02a9e36835018cc3abb08e3288d1688130193055566a10d153a20ef7:715,0.5,2,elliptical,ballistic,edge,False,46.28563690185547,0.02555110220440882,0.026973684210526316,0.02100840336134454,-0.005965280849181777,0.005864078111582979
716,5de6c12e02a9e36835018cc3abb08e3288d1688130193055566a10d153a20ef7:716,0.5,1,elliptical,diffusive,outside,False,83.83525085449219,0.03156312625250501,0.03156312625250501,,,0.009128690961066433
717,5de6c12e02a9e36835018cc3abb08e3288d1688130193055566a10d153a20ef7:717,0.5,1,circular,diffusive,edge,False,51.81602478027344,0.031187374749498998,0.041223404255319146,0.02723463687150838,-0.013988767383810767,0.00632608031020761
718,5de6c12e02a9e36835018cc3abb08e3288d1688130193055566a10d153a20ef7:718,0.5,1,circular,diffusive,outside,False,74.33949279785156,0.024173346693386773,0.023674242424242424,0.02514792899408284,0.0014736865698404163,0.007353601875293435
719,5de6c12e02a9e36835018cc3abb08e3288d1688130193055566a10d153a20ef7:719,0.5,2,circular,diffusive,inside,False,28.36909294128418,0.027680360721442886,0.028156996587030716,0.027002427184466018,-0.001154569402564698,0.00963615199545008
684,5de6c12e02a9e36835018cc3abb08e3288d1688130193055566a10d153a20ef7:684,1.0,0,elliptical,diffusive,outside,False,83.82119750976562,0.029717217217217217,0.02948778195488722,0.029978586723768737,0.0004908047688815184,0.009353260031291371
685,5de6c12e02a9e36835018cc3abb08e3288d1688130193055566a10d153a20ef7:685,1.0,0,circular,ballistic,inside,False,81.94775390625,0.03053053053053053,0.03145903010033445,0.02914588528678304,-0.0023131448135514064,0.005459815873191048
686,5de6c12e02a9e36835018cc3abb08e3288d1688130193055566a10d153a20ef7:686,1.0,0,circular,ballistic,outside,False,83.7467269897461,0.030655655655655655,0.030230978260869564,0.030903328050713153,0.000672349789843589,0.007700025746879599
687,5de6c12e02a9e36835018cc3abb08e3288d1688130193055566a10d153a20ef7:687,1.0,2,circular,diffusive,outside,False,20.951818466186523,0.035973473473473475,0.025,0.03661281779661017,0.011612817796610171,0.00926411926399749
688,5de6c12e02a9e36835018cc3abb08e3288d1688130193055566a10d153a20ef7:688,1.0,1,circular,ballistic,edge,False,49.96084976196289,0.03228228228228228,0.02127659574468085,0.03342541436464089,0.012148818619960037,0.00927277643325771
689,5de6c12e02a9e36835018cc3abb08e3288d1688130193055566a10d153a20ef7:689,1.0,0,elliptical,ballistic,inside,False,82.5313949584961,0.02959209209209209,0.030230978260869564,0.028803131991051455,-0.0014278462698181088,0.008561475818309999
690,5de6c12e02a9e36835018cc3abb08e3288d1688130193055566a10d153a20ef7:690,1.0,0,elliptical,ballistic,edge,False,82.30199432373047,0.028403403403403405,0.027966926070038912,0.02855458221024259,0.0005876561402036774,0.003554522700535984
691,5de6c12e02a9e36835018cc3abb08e3288d1688130193055566a10d153a20ef7:691,1.0,2,elliptical,diffusive,edge,False,19.506755828857425,0.03284534534534535,0.03144778481012658,0.035252043596730245,0.003804258786603662,0.007769605325694942
692,5de6c12e02a9e36835018cc3abb08e3288d1688130193055566a10d153a20ef7:692,1.0,1,elliptical,ballistic,inside,False,60.95193099975586,0.03071821821821822,0.03125,0.03011241970021413,-0.0011375802997858689,0.006848529152361838
693,5de6c12e02a9e36835018cc3abb08e3288d1688130193055566a10d153a20ef7:693,1.0,2,elliptical,diffusive,inside,False,21.301733016967773,0.03121871871871872,0.026468315301391036,0.03995028409090909,0.013481968789518052,0.010882109903948188
694,5de6c12e02a9e36835018cc3abb08e3288d1688130193055566a10d153a20ef7:694,1.0,2,elliptical,diffusive,outside,False,13.455368995666504,0.03447197197197197,0.027573529411764705,0.03923434856175973,0.011660819149995026,0.011805441171937917
695,5de6c12e02a9e36835018cc3abb08e3288d1688130193055566a10d153a20ef7:695,1.0,0,elliptical,diffusive,inside,False,83.8352279663086,0.031156156156156155,0.030906593406593408,0.03145695364238411,0.0005503602357906992,0.006911393633454193
696,5de6c12e02a9e36835018cc3abb08e3288d1688130193055566a10d153a20ef7:696,1.0,1,circular,diffusive,inside,False,76.04556274414062,0.028591091091091092,0.030934343434343436,0.028333333333333332,-0.002601010101010104,0.00924042907138609
697,5de6c12e02a9e36835018cc3abb08e3288d1688130193055566a10d153a20ef7:697,1.0,2,elliptical,ballistic,outside,False,36.33029556274414,0.042917917917917915,0.03476331360946745,0.04457831325301205,0.009814999643544597,0.011806270013652018
698,5de6c12e02a9e36835018cc3abb08e3288d1688130193055566a10d153a20ef7:698,1.0,1,elliptical,diffusive,inside,False,77.14686584472656,0.030968468468468468,0.03070388349514563,0.03125,0.0005461165048543694,0.007962668429801494
699,5de6c12e02a9e36835018cc3abb08e3288d1688130193055566a10d153a20ef7:699,1.0,0,elliptical,ballistic,outside,False,82.84137725830078,0.028966466466466466,0.03166666666666667,0.028747294372294372,-0.0029193722943722973,0.008029241353621942
700,5de6c12e02a9e36835018cc3abb08e3288d1688130193055566a10d153a20ef7:700,1.0,0,circular,ballistic,edge,False,83.20601654052734,0.03347097097097097,0.027294303797468354,0.03632869692532943,0.009034393127861078,0.00852849585201013
701,5de6c12e02a9e36835018cc3abb08e3288d1688130193055566a10d153a20ef7:701,1.0,2,elliptical,ballistic,inside,False,7.362767219543457,0.10835835835835836,0.028980446927374302,0.12568597560975608,0.09670552868238178,0.0383201696547567
702,5de6c12e02a9e36835018cc3abb08e3288d1688130193055566a10d153a20ef7:702,1.0,0,circular,diffusive,edge,False,83.39860534667969,0.02902902902902903,0.02802835051546392,0.030425659472422064,0.0023973089569581454,0.005367269917299103
703,5de6c12e02a9e36835018cc3abb08e3288d1688130193055566a10d153a20ef7:703,1.0,2,circular,ballistic,edge,False,9.6156587600708,0.07451201201201202,0.023674242424242424,0.0822520184544406,0.05857777603019818,0.03626853790859528
704,5de6c12e02a9e36835018cc3abb08e3288d1688130193055566a10d153a20ef7:704,1.0,1,circular,ballistic,inside,False,78.95965576171875,0.03003003003003003,0.03115558912386707,0.02947230538922156,-0.0016832837346455118,0.004552904253918981
705,5de6c12e02a9e36835018cc3abb08e3288d1688130193055566a10d153a20ef7:705,1.0,0,circular,diffusive,outside,False,82.8803939819336,0.024837337337337336,0.027624309392265192,0.024220660146699265,-0.003403649245565927,0.005372736498159931
706,5de6c12e02a9e36835018cc3abb08e3288d1688130193055566a10d153a20ef7:706,1.0,2,circular,diffusive,edge,False,19.64204978942871,0.03340840840840841,0.03046875,0.03396901072705602,0.003500260727056021,0.01498317862764554
707,5de6c12e02a9e36835018cc3abb08e3288d1688130193055566a10d153a20ef7:707,1.0,1,elliptical,ballistic,edge,False,47.71413040161133,0.03278278278278278,0.03249336870026525,0.03295819935691318,0.0004648306566479299,0.007733502072253475
708,5de6c12e02a9e36835018cc3abb08e3288d1688130193055566a10d153a20ef7:708,1.0,0,circular,diffusive,inside,False,80.20829772949219,0.031156156156156155,0.025644329896907216,0.036357003891050586,0.01071267399414337,0.008161957085735952
709,5de6c12e02a9e36835018cc3abb08e3288d1688130193055566a10d153a20ef7:709,1.0,2,circular,ballistic,inside,False,6.870199203491211,0.12268518518518519,0.03343949044585987,0.13932600950118765,0.10588651905532778,0.038630596648535555
710,5de6c12e02a9e36835018cc3abb08e3288d1688130193055566a10d153a20ef7:710,1.0,1,elliptical,ballistic,outside,False,74.0545883178711,0.030655655655655655,0.025634765625,0.032385598923283986,0.0067508332982839855,0.007230240346943776
711,5de6c12e02a9e36835018cc3abb08e3288d1688130193055566a10d153a20ef7:711,1.0,1,circular,ballistic,outside,False,75.25536346435547,0.030905905905905907,0.02645985401459854,0.031612529002320186,0.005152674987721647,0.00780504012700235
712,5de6c12e02a9e36835018cc3abb08e3288d1688130193055566a10d153a20ef7:712,1.0,1,elliptical,diffusive,edge,False,79.26358032226562,0.028716216216216218,0.028396118721461187,0.028966131907308377,0.0005700131858471895,0.003794717263293481
713,5de6c12e02a9e36835018cc3abb08e3288d1688130193055566a10d153a20ef7:713,1.0,0,elliptical,diffusive,edge,False,83.83525085449219,0.028653653653653653,0.029166666666666667,0.028179190751445087,-0.0009874759152215806,0.008403901206309801
714,5de6c12e02a9e36835018cc3abb08e3288d1688130193055566a10d153a20ef7:714,1.0,2,circular,ballistic,outside,False,22.486696243286133,0.04510760760760761,0.02865612648221344,0.05068699731903485,0.022030870836821412,0.01562298803630759
715,5de6c12e02a9e36835018cc3abb08e3288d1688130193055566a10d153a20ef7:715,1.0,2,elliptical,ballistic,edge,False,46.28563690185547,0.03146896896896897,0.026973684210526316,0.03422859450726979,0.007254910296743473,0.009481273276376953
716,5de6c12e02a9e36835018cc3abb08e3288d1688130193055566a10d153a20ef7:716,1.0,1,elliptical,diffusive,outside,False,83.83525085449219,0.030467967967967968,0.031128875968992248,0.02976190476190476,-0.0013669712070874876,0.007633401805710985
717,5de6c12e02a9e36835018cc3abb08e3288d1688130193055566a10d153a20ef7:717,1.0,1,circular,diffusive,edge,False,51.81602478027344,0.03171921921921922,0.041223404255319146,0.030157342657342656,-0.01106606159797649,0.007465420485380851
718,5de6c12e02a9e36835018cc3abb08e3288d1688130193055566a10d153a20ef7:718,1.0,1,circular,diffusive,outside,False,74.33949279785156,0.02715215215215215,0.023674242424242424,0.028867713004484305,0.005193470580241881,0.0061895846877035214
719,5de6c12e02a9e36835018cc3abb08e3288d1688130193055566a10d153a20ef7:719,1.0,2,circular,diffusive,inside,False,28.36909294128418,0.03053053053053053,0.028156996587030716,0.03151558073654391,0.0033585841495131948,0.012434692941746591
720,5de6c12e02a9e36835018cc3abb08e3288d1688130193055566a10d153a20ef7:720,0.25,1,elliptical,ballistic,edge,False,72.00979614257812,0.024849397590361446,0.023936170212765957,0.04017857142857143,0.016242401215805474,0.006501924621982239
721,5de6c12e02a9e36835018cc3abb08e3288d1688130193055566a10d153a20ef7:721,0.25,2,elliptical,ballistic,edge,False,14.506540298461914,0.02961847389558233,0.02961847389558233,,,0.0131962243253965
722,5de6c12e02a9e36835018cc3abb08e3288d1688130193055566a10d153a20ef7:722,0.25,0,elliptical,diffusive,outside,False,83.83525085449219,0.027610441767068273,0.027610441767068273,,,0.011783829913961347
723,5de6c12e02a9e36835018cc3abb08e3288d1688130193055566a10d153a20ef7:723,0.25,1,elliptical,diffusive,outside,False,53.9740104675293,0.0286144578313253,0.029307909604519775,0.026909722222222224,-0.002398187382297551,0.015284475248632861
724,5de6c12e02a9e36835018cc3abb08e3288d1688130193055566a10d153a20ef7:724,0.25,2,circular,ballistic,outside,False,20.60431480407715,0.033634538152610444,0.03305785123966942,0.0341796875,0.0011218362603305776,0.007953302970760471
725,5de6c12e02a9e36835018cc3abb08e3288d1688130193055566a10d153a20ef7:725,0.25,2,circular,ballistic,edge,False,45.64713668823242,0.02535140562248996,0.02535140562248996,,,0.008456265325262557
726,5de6c12e02a9e36835018cc3abb08e3288d1688130193055566a10d153a20ef7:726,0.25,1,elliptical,ballistic,inside,False,63.59231185913086,0.026606425702811246,0.026606425702811246,,,0.0071525134783007056
727,5de6c12e02a9e36835018cc3abb08e3288d1688130193055566a10d153a20ef7:727,0.25,1,circular,diffusive,edge,False,82.97027587890625,0.03162650602409638,0.03162650602409638,,,0.009773053380487845
728,5de6c12e02a9e36835018cc3abb08e3288d1688130193055566a10d153a20ef7:728,0.25,1,elliptical,diffusive,edge,False,60.53922271728516,0.022339357429718876,0.022339357429718876,,,0.006987656077848923
729,5de6c12e02a9e36835018cc3abb08e3288d1688130193055566a10d153a20ef7:729,0.25,1,circular,ballistic,inside,False,67.00166320800781,0.034889558232931724,0.03610248447204969,0.032670454545454544,-0.003432029926595144,0.010810670415340376
730,5de6c12e02a9e36835018cc3abb08e3288d1688130193055566a10d153a20ef7:730,0.25,2,circular,ballistic,inside,False,36.16183853149414,0.03413654618473896,0.02817622950819672,0.03986220472440945,0.011685975216212726,0.010813583950069284
731,5de6c12e02a9e36835018cc3abb08e3288d1688130193055566a10d153a20ef7:731,0.25,0,elliptical,diffusive,edge,False,83.83525085449219,0.02459839357429719,0.023305084745762712,0.027777777777777776,0.004472693032015064,0.010177276572647236
732,5de6c12e02a9e36835018cc3abb08e3288d1688130193055566a10d153a20ef7:732,0.25,0,elliptical,diffusive,inside,False,82.89228820800781,0.03162650602409638,0.03162650602409638,,,0.01649002781692454
733,5de6c12e02a9e36835018cc3abb08e3288d1688130193055566a10d153a20ef7:733,0.25,1,circular,ballistic,edge,False,77.27997589111328,0.02710843373493976,0.02710843373493976,,,0.009471868606482536
734,5de6c12e02a9e36835018cc3abb08e3288d1688130193055566a10d153a20ef7:734,0.25,1,elliptical,ballistic,outside,False,76.67416381835938,0.029367469879518073,0.029367469879518073,,,0.013800656419569552
735,5de6c12e02a9e36835018cc3abb08e3288d1688130193055566a10d153a20ef7:735,0.25,0,circular,ballistic,outside,False,83.53097534179688,0.030120481927710843,0.030120481927710843,,,0.00952493271135054
736,5de6c12e02a9e36835018cc3abb08e3288d1688130193055566a10d153a20ef7:736,0.25,2,circular,diffusive,edge,False,32.69947052001953,0.02961847389558233,0.02961847389558233,,,0.0069378890366893825
737,5de6c12e02a9e36835018cc3abb08e3288d1688130193055566a10d153a20ef7:737,0.25,0,circular,ballistic,inside,False,83.62227630615234,0.033383534136546184,0.03445512820512821,0.016666666666666666,-0.01778846153846154,0.010087114105125564
738,5de6c12e02a9e36835018cc3abb08e3288d1688130193055566a10d153a20ef7:738,0.25,1,circular,diffusive,outside,False,83.83525085449219,0.02710843373493976,0.02710843373493976,,,0.008459989732104777
739,5de6c12e02a9e36835018cc3abb08e3288d1688130193055566a10d153a20ef7:739,0.25,0,circular,diffusive,outside,False,83.83525085449219,0.03187751004016064,0.0428921568627451,0.02904040404040404,-0.013851752822341058,0.010406833555034077
740,5de6c12e02a9e36835018cc3abb08e3288d1688130193055566a10d153a20ef7:740,0.25,1,elliptical,diffusive,inside,False,62.653133392333984,0.02610441767068273,0.02610441767068273,,,0.007905630395594188
741,5de6c12e02a9e36835018cc3abb08e3288d1688130193055566a10d153a20ef7:741,0.25,2,circular,diffusive,inside,False,6.234801769256592,0.030120481927710843,0.030120481927710843,,,0.010288103178674296
742,5de6c12e02a9e36835018cc3abb08e3288d1688130193055566a10d153a20ef7:742,0.25,0,elliptical,ballistic,edge,False,83.55198669433594,0.026606425702811246,0.04025423728813559,0.02236842105263158,-0.01788581623550401,0.005918587410919476
743,5de6c12e02a9e36835018cc3abb08e3288d1688130193055566a10d153a20ef7:743,0.25,2,elliptical,ballistic,outside,False,22.111724853515625,0.026857429718875503,0.026857429718875503,,,0.008633224659598312
744,5de6c12e02a9e36835018cc3abb08e3288d1688130193055566a10d153a20ef7:744,0.25,2,circular,diffusive,outside,False,4.546448707580566,0.030873493975903613,0.027884615384615386,0.041666666666666664,0.013782051282051278,0.007305036250429342
745,5de6c12e02a9e36835018cc3abb08e3288d1688130193055566a10d153a20ef7:745,0.25,0,circular,ballistic,edge,False,83.40984344482422,0.02535140562248996,0.02535140562248996,,,0.007837597889556222
746,5de6c12e02a9e36835018cc3abb08e3288d1688130193055566a10d153a20ef7:746,0.25,0,elliptical,ballistic,outside,False,83.74720001220703,0.03288152610441767,0.03288152610441767,,,0.011749025841835795
747,5de6c12e02a9e36835018cc3abb08e3288d1688130193055566a10d153a20ef7:747,0.25,1,circular,diffusive,inside,False,58.11020660400391,0.02284136546184739,0.02284136546184739,,,0.010382589297161866
748,5de6c12e02a9e36835018cc3abb08e3288d1688130193055566a10d153a20ef7:748,0.25,2,elliptical,ballistic,inside,False,7.514840602874756,0.02786144578313253,0.02786144578313253,,,0.009859698464559415
749,5de6c12e02a9e36835018cc3abb08e3288d1688130193055566a10d153a20ef7:749,0.25,2,elliptical,diffusive,inside,False,8.922879219055176,0.02786144578313253,0.02786144578313253,,,0.007805377412382637
750,5de6c12e02a9e36835018cc3abb08e3288d1688130193055566a10d153a20ef7:750,0.25,0,elliptical,ballistic,inside,False,83.04002380371094,0.028112449799196786,0.028112449799196786,,,0.008980192680722048
751,5de6c12e02a9e36835018cc3abb08e3288d1688130193055566a10d153a20ef7:751,0.25,2,elliptical,diffusive,outside,False,15.631497383117676,0.03187751004016064,0.03187751004016064,,,0.01050325098037534
752,5de6c12e02a9e36835018cc3abb08e3288d1688130193055566a10d153a20ef7:752,0.25,0,circular,diffusive,edge,False,83.83525085449219,0.026857429718875503,0.026857429718875503,,,0.006265052195958176
753,5de6c12e02a9e36835018cc3abb08e3288d1688130193055566a10d153a20ef7:753,0.25,1,circular,ballistic,outside,False,79.80101013183594,0.02459839357429719,0.02459839357429719,,,0.006330080428171933
754,5de6c12e02a9e36835018cc3abb08e3288d1688130193055566a10d153a20ef7:754,0.25,2,elliptical,diffusive,edge,False,14.9516019821167,0.029116465863453816,0.027308558558558557,0.04398148148148148,0.016672922922922925,0.008459989732104777
755,5de6c12e02a9e36835018cc3abb08e3288d1688130193055566a10d153a20ef7:755,0.25,0,circular,diffusive,inside,False,83.83525085449219,0.03137550200803213,0.03137550200803213,,,0.012294073189014515
720,5de6c12e02a9e36835018cc3abb08e3288d1688130193055566a10d153a20ef7:720,0.5,1,elliptical,ballistic,edge,False,72.00979614257812,0.02555110220440882,0.023936170212765957,0.026988636363636364,0.0030524661508704067,0.006795921826778827
721,5de6c12e02a9e36835018cc3abb08e3288d1688130193055566a10d153a20ef7:721,0.5,2,elliptical,ballistic,edge,False,14.506540298461914,0.03344188376753507,0.03344188376753507,,,0.011619979803200375
722,5de6c12e02a9e36835018cc3abb08e3288d1688130193055566a10d153a20ef7:722,0.5,0,elliptical,diffusive,outside,False,83.83525085449219,0.023922845691382765,0.025775547445255474,0.021666666666666667,-0.004108880778588807,0.006949992183870282
723,5de6c12e02a9e36835018cc3abb08e3288d1688130193055566a10d153a20ef7:723,0.5,1,elliptical,diffusive,outside,False,53.9740104675293,0.029559118236472944,0.029307909604519775,0.0296972049689441,0.00038929536442432536,0.011056150546449857
724,5de6c12e02a9e36835018cc3abb08e3288d1688130193055566a10d153a20ef7:724,0.5,2,circular,ballistic,outside,False,20.60431480407715,0.03507014028056112,0.03305785123966942,0.03571428571428571,0.00265643447461629,0.007953160253701174
725,5de6c12e02a9e36835018cc3abb08e3288d1688130193055566a10d153a20ef7:725,0.5,2,circular,ballistic,edge,False,45.64713668823242,0.026678356713426853,0.026678356713426853,,,0.006868251438304207
726,5de6c12e02a9e36835018cc3abb08e3288d1688130193055566a10d153a20ef7:726,0.5,1,elliptical,ballistic,inside,False,63.59231185913086,0.02717935871743487,0.02696078431372549,0.0274077868852459,0.0004470025715204093,0.007302222368310826
727,5de6c12e02a9e36835018cc3abb08e3288d1688130193055566a10d153a20ef7:727,0.5,1,circular,diffusive,edge,False,82.97027587890625,0.029809619238476952,0.02878103837471783,0.03794642857142857,0.009165390196710737,0.008394587214486994
728,5de6c12e02a9e36835018cc3abb08e3288d1688130193055566a10d153a20ef7:728,0.5,1,elliptical,diffusive,edge,False,60.53922271728516,0.025676352705410823,0.02464788732394366,0.031678082191780824,0.007030194867837163,0.005905398413890923
729,5de6c12e02a9e36835018cc3abb08e3288d1688130193055566a10d153a20ef7:729,0.5,1,circular,ballistic,inside,False,67.00166320800781,0.033066132264529056,0.03610248447204969,0.0316198224852071,-0.004482661986842586,0.0055563810152351786
730,5de6c12e02a9e36835018cc3abb08e3288d1688130193055566a10d153a20ef7:730,0.5,2,circular,ballistic,inside,False,36.16183853149414,0.03995490981963928,0.02817622950819672,0.04376657824933687,0.01559034874114015,0.013400632990659179
731,5de6c12e02a9e36835018cc3abb08e3288d1688130193055566a10d153a20ef7:731,0.5,0,elliptical,diffusive,edge,False,83.83525085449219,0.029183366733466935,0.023305084745762712,0.03241459627329193,0.009109511527529215,0.012059873774613756
732,5de6c12e02a9e36835018cc3abb08e3288d1688130193055566a10d153a20ef7:732,0.5,0,elliptical,diffusive,inside,False,82.89228820800781,0.030811623246492986,0.030933062880324543,0.020833333333333332,-0.010099729546991211,0.011810796827781845
733,5de6c12e02a9e36835018cc3abb08e3288d1688130193055566a10d153a20ef7:733,0.5,1,circular,ballistic,edge,False,77.27997589111328,0.026427855711422844,0.026695344129554655,0.0,-0.026695344129554655,0.006664221239690896
734,5de6c12e02a9e36835018cc3abb08e3288d1688130193055566a10d153a20ef7:734,0.5,1,elliptical,ballistic,outside,False,76.67416381835938,0.031437875751503,0.031437875751503,,,0.012654020366223118
735,5de6c12e02a9e36835018cc3abb08e3288d1688130193055566a10d153a20ef7:735,0.5,0,circular,ballistic,outside,False,83.53097534179688,0.030185370741482965,0.03288327526132404,0.02653301886792453,-0.006350256393399513,0.007555626819566972
736,5de6c12e02a9e36835018cc3abb08e3288d1688130193055566a10d153a20ef7:736,0.5,2,circular,diffusive,edge,False,32.69947052001953,0.03319138276553106,0.03319138276553106,,,0.00797581186118886
737,5de6c12e02a9e36835018cc3abb08e3288d1688130193055566a10d153a20ef7:737,0.5,0,circular,ballistic,inside,False,83.62227630615234,0.031062124248496994,0.03445512820512821,0.028066037735849057,-0.00638909046927915,0.009412973060148266
738,5de6c12e02a9e36835018cc3abb08e3288d1688130193055566a10d153a20ef7:738,0.5,1,circular,diffusive,outside,False,83.83525085449219,0.02692885771543086,0.026001291989664083,0.030133928571428572,0.004132636581764489,0.00852347834711878
739,5de6c12e02a9e36835018cc3abb08e3288d1688130193055566a10d153a20ef7:739,0.5,0,circular,diffusive,outside,False,83.83525085449219,0.028807615230460923,0.0428921568627451,0.027204241071428572,-0.015687915791316526,0.008888374248101287
740,5de6c12e02a9e36835018cc3abb08e3288d1688130193055566a10d153a20ef7:740,0.5,1,elliptical,diffusive,inside,False,62.653133392333984,0.027304609218436873,0.027304609218436873,,,0.00639145832774202
741,5de6c12e02a9e36835018cc3abb08e3288d1688130193055566a10d153a20ef7:741,0.5,2,circular,diffusive,inside,False,6.234801769256592,0.031437875751503,0.02911931818181818,0.03404255319148936,0.004923235009671182,0.010242244366562382
742,5de6c12e02a9e36835018cc3abb08e3288d1688130193055566a10d153a20ef7:742,0.5,0,elliptical,ballistic,edge,False,83.55198669433594,0.026177354709418836,0.04025423728813559,0.024289772727272726,-0.015964464560862864,0.006266281438551597
743,5de6c12e02a9e36835018cc3abb08e3288d1688130193055566a10d153a20ef7:743,0.5,2,elliptical,ballistic,outside,False,22.111724853515625,0.02905811623246493,0.030201342281879196,0.02736318407960199,-0.0028381582022772057,0.006415956149732314
744,5de6c12e02a9e36835018cc3abb08e3288d1688130193055566a10d153a20ef7:744,0.5,2,circular,diffusive,outside,False,4.546448707580566,0.03206412825651302,0.027884615384615386,0.034745065789473686,0.0068604504048583,0.007663856984357894
745,5de6c12e02a9e36835018cc3abb08e3288d1688130193055566a10d153a20ef7:745,0.5,0,circular,ballistic,edge,False,83.40984344482422,0.02530060120240481,0.026041666666666668,0.02282608695652174,-0.0032155797101449286,0.006901291239456869
746,5de6c12e02a9e36835018cc3abb08e3288d1688130193055566a10d153a20ef7:746,0.5,0,elliptical,ballistic,outside,False,83.74720001220703,0.033316633266533065,0.033316633266533065,,,0.00840952421422571
747,5de6c12e02a9e36835018cc3abb08e3288d1688130193055566a10d153a20ef7:747,0.5,1,circular,diffusive,inside,False,58.11020660400391,0.023046092184368736,0.0229328165374677,0.0234375,0.0005046834625322995,0.00845788728263233
748,5de6c12e02a9e36835018cc3abb08e3288d1688130193055566a10d153a20ef7:748,0.5,2,elliptical,ballistic,inside,False,7.514840602874756,0.02780561122244489,0.026988636363636364,0.05416666666666667,0.027178030303030305,0.008274120523503879
749,5de6c12e02a9e36835018cc3abb08e3288d1688130193055566a10d153a20ef7:749,0.5,2,elliptical,diffusive,inside,False,8.922879219055176,0.02968436873747495,0.030967194570135748,0.019736842105263157,-0.01123035246487259,0.00677627204144488
750,5de6c12e02a9e36835018cc3abb08e3288d1688130193055566a10d153a20ef7:750,0.5,0,elliptical,ballistic,inside,False,83.04002380371094,0.02868236472945892,0.02868236472945892,,,0.009855073638271677
751,5de6c12e02a9e36835018cc3abb08e3288d1688130193055566a10d153a20ef7:751,0.5,2,elliptical,diffusive,outside,False,15.631497383117676,0.03256513026052104,0.03256513026052104,,,0.006814363982332387
752,5de6c12e02a9e36835018cc3abb08e3288d1688130193055566a10d153a20ef7:752,0.5,0,circular,diffusive,edge,False,83.83525085449219,0.024799599198396794,0.02773876404494382,0.017482517482517484,-0.010256246562426335,0.004154089166276803
753,5de6c12e02a9e36835018cc3abb08e3288d1688130193055566a10d153a20ef7:753,0.5,1,circular,ballistic,outside,False,79.80101013183594,0.02717935871743487,0.02717935871743487,,,0.006822416749196553
754,5de6c12e02a9e36835018cc3abb08e3288d1688130193055566a10d153a20ef7:754,0.5,2,elliptical,diffusive,edge,False,14.9516019821167,0.03168837675350701,0.027308558558558557,0.0351985559566787,0.007889997398120144,0.010508360283165968
755,5de6c12e02a9e36835018cc3abb08e3288d1688130193055566a10d153a20ef7:755,0.5,0,circular,diffusive,inside,False,83.83525085449219,0.03031062124248497,0.030854430379746837,0.02,-0.010854430379746836,0.008074529790223547
720,5de6c12e02a9e36835018cc3abb08e3288d1688130193055566a10d153a20ef7:720,1.0,1,elliptical,ballistic,edge,False,72.00979614257812,0.029654654654654656,0.023936170212765957,0.031413612565445025,0.007477442352679067,0.008022657708663885
721,5de6c12e02a9e36835018cc3abb08e3288d1688130193055566a10d153a20ef7:721,1.0,2,elliptical,ballistic,edge,False,14.506540298461914,0.038225725725725725,0.031724283305227655,0.04772167487684729,0.015997391571619633,0.013761346361556043
722,5de6c12e02a9e36835018cc3abb08e3288d1688130193055566a10d153a20ef7:722,1.0,0,elliptical,diffusive,outside,False,83.83525085449219,0.02702702702702703,0.025775547445255474,0.0275,0.001724452554744526,0.00763160694793639
723,5de6c12e02a9e36835018cc3abb08e3288d1688130193055566a10d153a20ef7:723,1.0,1,elliptical,diffusive,outside,False,53.9740104675293,0.029154154154154153,0.029307909604519775,0.02912104622871046,-0.00018686337580931314,0.009402718160537633
724,5de6c12e02a9e36835018cc3abb08e3288d1688130193055566a10d153a20ef7:724,1.0,2,circular,ballistic,outside,False,20.60431480407715,0.04104104104104104,0.03305785123966942,0.04214123006833713,0.009083378828667707,0.013501922883099308
725,5de6c12e02a9e36835018cc3abb08e3288d1688130193055566a10d153a20ef7:725,1.0,2,circular,ballistic,edge,False,45.64713668823242,0.03078078078078078,0.02690536013400335,0.03653606965174129,0.00963070951773794,0.00837871323462623
726,5de6c12e02a9e36835018cc3abb08e3288d1688130193055566a10d153a20ef7:726,1.0,1,elliptical,ballistic,inside,False,63.59231185913086,0.031343843843843845,0.02696078431372549,0.03284610215053763,0.0058853178368121414,0.007402237851304791
727,5de6c12e02a9e36835018cc3abb08e3288d1688130193055566a10d153a20ef7:727,1.0,1,circular,diffusive,edge,False,82.97027587890625,0.028653653653653653,0.02878103837471783,0.028552158273381294,-0.00022888010133653713,0.006030719508151096
728,5de6c12e02a9e36835018cc3abb08e3288d1688130193055566a10d153a20ef7:728,1.0,1,elliptical,diffusive,edge,False,60.53922271728516,0.026714214214214216,0.02464788732394366,0.02825043630017452,0.0036025489762308606,0.007082292094637598
729,5de6c12e02a9e36835018cc3abb08e3288d1688130193055566a10d153a20ef7:729,1.0,1,circular,ballistic,inside,False,67.00166320800781,0.031343843843843845,0.03610248447204969,0.030429594272076373,-0.0056728901999733156,0.007515584160698877
730,5de6c12e02a9e36835018cc3abb08e3288d1688130193055566a10d153a20ef7:730,1.0,2,circular,ballistic,inside,False,36.16183853149414,0.041791791791791794,0.02817622950819672,0.04368586088939567,0.015509631381198947,0.013246726994860908
731,5de6c12e02a9e36835018cc3abb08e3288d1688130193055566a10d153a20ef7:731,1.0,0,elliptical,diffusive,edge,False,83.83525085449219,0.02759009009009009,0.023305084745762712,0.028512773722627737,0.005207688976865025,0.007698754842923416
732,5de6c12e02a9e36835018cc3abb08e3288d1688130193055566a10d153a20ef7:732,1.0,0,elliptical,diffusive,inside,False,82.89228820800781,0.02927927927927928,0.030933062880324543,0.02766798418972332,-0.003265078690601223,0.010211314195747329
733,5de6c12e02a9e36835018cc3abb08e3288d1688130193055566a10d153a20ef7:733,1.0,1,circular,ballistic,edge,False,77.27997589111328,0.028465965965965966,0.026695344129554655,0.030198019801980197,0.0035026756724255426,0.006928079989173077
734,5de6c12e02a9e36835018cc3abb08e3288d1688130193055566a10d153a20ef7:734,1.0,1,elliptical,ballistic,outside,False,76.67416381835938,0.029779779779779778,0.03149529042386185,0.026761049723756907,-0.0047342407001049434,0.009313210243207406
735,5de6c12e02a9e36835018cc3abb08e3288d1688130193055566a10d153a20ef7:735,1.0,0,circular,ballistic,outside,False,83.53097534179688,0.02759009009009009,0.03288327526132404,0.025456460674157303,-0.007426814587166739,0.0057635707705645965
736,5de6c12e02a9e36835018cc3abb08e3288d1688130193055566a10d153a20ef7:736,1.0,2,circular,diffusive,edge,False,32.69947052001953,0.03190690690690691,0.03206623134328358,0.03172246220302376,-0.0003437691402598253,0.0058568717409752
737,5de6c12e02a9e36835018cc3abb08e3288d1688130193055566a10d153a20ef7:737,1.0,0,circular,ballistic,inside,False,83.62227630615234,0.028403403403403405,0.03445512820512821,0.026552287581699346,-0.007902840623428862,0.00799137254846635
738,5de6c12e02a9e36835018cc3abb08e3288d1688130193055566a10d153a20ef7:738,1.0,1,circular,diffusive,outside,False,83.83525085449219,0.027902902902902902,0.026001291989664083,0.029105392156862746,0.003104100167198663,0.006970042280883611
739,5de6c12e02a9e36835018cc3abb08e3288d1688130193055566a10d153a20ef7:739,1.0,0,circular,diffusive,outside,False,83.83525085449219,0.026776776776776777,0.0428921568627451,0.025909810126582278,-0.01698234673616282,0.0065735363045864355
740,5de6c12e02a9e36835018cc3abb08e3288d1688130193055566a10d153a20ef7:740,1.0,1,elliptical,diffusive,inside,False,62.653133392333984,0.02665165165165165,0.026785714285714284,0.026494565217391304,-0.0002911490683229802,0.0060047024778287425
741,5de6c12e02a9e36835018cc3abb08e3288d1688130193055566a10d153a20ef7:741,1.0,2,circular,diffusive,inside,False,6.234801769256592,0.04523273273273273,0.02911931818181818,0.05102040816326531,0.021901089981447127,0.032630499966390114
742,5de6c12e02a9e36835018cc3abb08e3288d1688130193055566a10d153a20ef7:742,1.0,0,elliptical,ballistic,edge,False,83.55198669433594,0.027527527527527528,0.04025423728813559,0.02672872340425532,-0.01352551388388027,0.007278798584709203
743,5de6c12e02a9e36835018cc3abb08e3288d1688130193055566a10d153a20ef7:743,1.0,2,elliptical,ballistic,outside,False,22.111724853515625,0.03453453453453453,0.030201342281879196,0.03637660485021398,0.006175262568334786,0.008139867851496793
744,5de6c12e02a9e36835018cc3abb08e3288d1688130193055566a10d153a20ef7:744,1.0,2,circular,diffusive,outside,False,4.546448707580566,0.04022772772772773,0.027884615384615386,0.04322139303482587,0.015336777650210482,0.027995540906025216
745,5de6c12e02a9e36835018cc3abb08e3288d1688130193055566a10d153a20ef7:745,1.0,0,circular,ballistic,edge,False,83.40984344482422,0.026213713713713713,0.026041666666666668,0.026321138211382114,0.00027947154471544625,0.00608852996001094
746,5de6c12e02a9e36835018cc3abb08e3288d1688130193055566a10d153a20ef7:746,1.0,0,elliptical,ballistic,outside,False,83.74720001220703,0.031093593593593594,0.031578947368421054,0.030448717948717948,-0.0011302294197031056,0.006941625738948432
747,5de6c12e02a9e36835018cc3abb08e3288d1688130193055566a10d153a20ef7:747,1.0,1,circular,diffusive,inside,False,58.11020660400391,0.027652652652652654,0.0229328165374677,0.030637254901960783,0.0077044383644930825,0.008448494406604001
748,5de6c12e02a9e36835018cc3abb08e3288d1688130193055566a10d153a20ef7:748,1.0,2,elliptical,ballistic,inside,False,7.514840602874756,0.061936936936936936,0.026988636363636364,0.09478155339805826,0.06779291703442189,0.02899638105762102
749,5de6c12e02a9e36835018cc3abb08e3288d1688130193055566a10d153a20ef7:749,1.0,2,elliptical,diffusive,inside,False,8.922879219055176,0.042917917917917915,0.030967194570135748,0.05240125673249551,0.02143406216235976,0.020406906728915163
750,5de6c12e02a9e36835018cc3abb08e3288d1688130193055566a10d153a20ef7:750,1.0,0,elliptical,ballistic,inside,False,83.04002380371094,0.031031031031031032,0.03055077452667814,0.031698564593301434,0.001147790066623293,0.008805111154033624
751,5de6c12e02a9e36835018cc3abb08e3288d1688130193055566a10d153a20ef7:751,1.0,2,elliptical,diffusive,outside,False,15.631497383117676,0.03178178178178178,0.02980769230769231,0.034571256038647344,0.0047635637309550345,0.006898923299344455
752,5de6c12e02a9e36835018cc3abb08e3288d1688130193055566a10d153a20ef7:752,1.0,0,circular,diffusive,edge,False,83.83525085449219,0.027214714714714715,0.02773876404494382,0.02692457231726283,-0.0008141917276809872,0.006195589238862386
753,5de6c12e02a9e36835018cc3abb08e3288d1688130193055566a10d153a20ef7:753,1.0,1,circular,ballistic,outside,False,79.80101013183594,0.028465965965965966,0.027894295302013424,0.029311414392059552,0.0014171190900461282,0.006313241475568612
754,5de6c12e02a9e36835018cc3abb08e3288d1688130193055566a10d153a20ef7:754,1.0,2,elliptical,diffusive,edge,False,14.9516019821167,0.035785785785785784,0.027308558558558557,0.03820785070785071,0.010899292149292153,0.01285565519423556
755,5de6c12e02a9e36835018cc3abb08e3288d1688130193055566a10d153a20ef7:755,1.0,0,circular,diffusive,inside,False,83.83525085449219,0.03003003003003003,0.030854430379746837,0.029285714285714286,-0.0015687160940325504,0.007578080044908268
756,5de6c12e02a9e36835018cc3abb08e3288d1688130193055566a10d153a20ef7:756,0.25,1,circular,ballistic,inside,False,71.35457611083984,0.03463855421686747,0.03463855421686747,,,0.011995786290510563
757,5de6c12e02a9e36835018cc3abb08e3288d1688130193055566a10d153a20ef7:757,0.25,0,circular,diffusive,inside,False,82.58673858642578,0.02359437751004016,0.015796703296703296,0.028085443037974684,0.012288739741271388,0.010613641823225892
758,5de6c12e02a9e36835018cc3abb08e3288d1688130193055566a10d153a20ef7:758,0.25,1,elliptical,diffusive,edge,False,73.0783462524414,0.03187751004016064,0.03187751004016064,,,0.012436736086182223
759,5de6c12e02a9e36835018cc3abb08e3288d1688130193055566a10d153a20ef7:759,0.25,1,elliptical,diffusive,inside,False,69.20532989501953,0.03263052208835342,0.03263052208835342,,,0.013646864677779305
760,5de6c12e02a9e36835018cc3abb08e3288d1688130193055566a10d153a20ef7:760,0.25,0,elliptical,diffusive,outside,False,83.83525085449219,0.028112449799196786,0.028112449799196786,,,0.008810205208225022
761,5de6c12e02a9e36835018cc3abb08e3288d1688130193055566a10d153a20ef7:761,0.25,2,elliptical,diffusive,outside,False,17.880443572998047,0.0286144578313253,0.0286144578313253,,,0.011214009991811585
762,5de6c12e02a9e36835018cc3abb08e3288d1688130193055566a10d153a20ef7:762,0.25,1,elliptical,ballistic,outside,False,67.17227935791016,0.033383534136546184,0.03355263157894737,0.03283898305084746,-0.0007136485280999083,0.00973106022840368
763,5de6c12e02a9e36835018cc3abb08e3288d1688130193055566a10d153a20ef7:763,0.25,1,elliptical,ballistic,edge,False,62.62712860107422,0.0303714859437751,0.0303714859437751,,,0.006224697172508656
764,5de6c12e02a9e36835018cc3abb08e3288d1688130193055566a10d153a20ef7:764,0.25,0,elliptical,ballistic,outside,False,83.77809143066406,0.027610441767068273,0.027610441767068273,,,0.011258866210846288
765,5de6c12e02a9e36835018cc3abb08e3288d1688130193055566a10d153a20ef7:765,0.25,0,elliptical,diffusive,inside,False,83.05191802978516,0.028363453815261043,0.028363453815261043,,,0.008183654812701358
766,5de6c12e02a9e36835018cc3abb08e3288d1688130193055566a10d153a20ef7:766,0.25,2,elliptical,ballistic,edge,False,8.66270923614502,0.03790160642570281,0.03790160642570281,,,0.01001188286906583
767,5de6c12e02a9e36835018cc3abb08e3288d1688130193055566a10d153a20ef7:767,0.25,2,circular,diffusive,edge,False,3.895285129547119,0.029367469879518073,0.029367469879518073,,,0.01043102146344385
768,5de6c12e02a9e36835018cc3abb08e3288d1688130193055566a10d153a20ef7:768,0.25,1,circular,ballistic,edge,False,82.40716552734375,0.0303714859437751,0.0303714859437751,,,0.013298476083282737
769,5de6c12e02a9e36835018cc3abb08e3288d1688130193055566a10d153a20ef7:769,0.25,1,elliptical,ballistic,inside,False,69.23919677734375,0.02786144578313253,0.02786144578313253,,,0.010309514446743398
770,5de6c12e02a9e36835018cc3abb08e3288d1688130193055566a10d153a20ef7:770,0.25,0,circular,diffusive,edge,False,83.83525085449219,0.03237951807228916,0.03237951807228916,,,0.009115973793842809
771,5de6c12e02a9e36835018cc3abb08e3288d1688130193055566a10d153a20ef7:771,0.25,1,elliptical,diffusive,outside,False,67.12130737304688,0.02610441767068273,0.02610441767068273,,,0.00875280912357565
772,5de6c12e02a9e36835018cc3abb08e3288d1688130193055566a10d153a20ef7:772,0.25,2,circular,ballistic,inside,False,6.845088958740234,0.029116465863453816,0.029116465863453816,,,0.01108971989677436
773,5de6c12e02a9e36835018cc3abb08e3288d1688130193055566a10d153a20ef7:773,0.25,1,circular,diffusive,edge,False,70.70088195800781,0.02961847389558233,0.02961847389558233,,,0.011911456343076979
774,5de6c12e02a9e36835018cc3abb08e3288d1688130193055566a10d153a20ef7:774,0.25,2,elliptical,diffusive,edge,False,7.546442985534668,0.03112449799196787,0.03112449799196787,,,0.009471868606482534
775,5de6c12e02a9e36835018cc3abb08e3288d1688130193055566a10d153a20ef7:775,0.25,1,circular,diffusive,inside,False,71.68357849121094,0.0303714859437751,0.030864197530864196,0.030133928571428572,-0.0007302689594356239,0.012396142796049945
776,5de6c12e02a9e36835018cc3abb08e3288d1688130193055566a10d153a20ef7:776,0.25,0,circular,diffusive,outside,False,83.83525085449219,0.03463855421686747,0.03481543624161074,0.034375,-0.0004404362416107338,0.010177276572647236
777,5de6c12e02a9e36835018cc3abb08e3288d1688130193055566a10d153a20ef7:777,0.25,2,circular,ballistic,edge,False,13.491328239440918,0.025602409638554216,0.02759009009009009,0.009259259259259259,-0.01833083083083083,0.008563615516682721
778,5de6c12e02a9e36835018cc3abb08e3288d1688130193055566a10d153a20ef7:778,0.25,1,circular,diffusive,outside,False,79.20606231689453,0.033383534136546184,0.033383534136546184,,,0.008574644002278475
779,5de6c12e02a9e36835018cc3abb08e3288d1688130193055566a10d153a20ef7:779,0.25,0,elliptical,ballistic,inside,False,83.70521545410156,0.025853413654618473,0.025853413654618473,,,0.007200797333223419
780,5de6c12e02a9e36835018cc3abb08e3288d1688130193055566a10d153a20ef7:780,0.25,0,elliptical,ballistic,edge,False,83.77349853515625,0.040160642570281124,0.03709349593495935,0.043154761904761904,0.006061265969802554,0.011922030207869395
781,5de6c12e02a9e36835018cc3abb08e3288d1688130193055566a10d153a20ef7:781,0.25,2,elliptical,diffusive,inside,False,7.7861785888671875,0.02710843373493976,0.02710843373493976,,,0.007377981152961381
782,5de6c12e02a9e36835018cc3abb08e3288d1688130193055566a10d153a20ef7:782,0.25,0,circular,ballistic,inside,False,80.97071838378906,0.027359437751004016,0.026827830188679246,0.030405405405405407,0.003577575216726161,0.008152802092827165
783,5de6c12e02a9e36835018cc3abb08e3288d1688130193055566a10d153a20ef7:783,0.25,0,circular,ballistic,edge,False,83.61331939697266,0.03237951807228916,0.030913978494623656,0.03325320512820513,0.002339226633581472,0.008603984187250308
784,5de6c12e02a9e36835018cc3abb08e3288d1688130193055566a10d153a20ef7:784,0.25,1,circular,ballistic,outside,False,72.68753814697266,0.02961847389558233,0.02935082872928177,0.030330882352941176,0.000980053623659407,0.014260916376849187
785,5de6c12e02a9e36835018cc3abb08e3288d1688130193055566a10d153a20ef7:785,0.25,0,circular,ballistic,outside,False,83.3138427734375,0.02961847389558233,0.02961847389558233,,,0.010801925096059243
786,5de6c12e02a9e36835018cc3abb08e3288d1688130193055566a10d153a20ef7:786,0.25,2,elliptical,ballistic,outside,False,4.67612886428833,0.03614457831325301,0.03614457831325301,,,0.00988841144758645
787,5de6c12e02a9e36835018cc3abb08e3288d1688130193055566a10d153a20ef7:787,0.25,2,elliptical,ballistic,inside,False,5.605499744415283,0.05245983935742972,0.017137096774193547,0.06417112299465241,0.047034026220458866,0.021237669178125033
788,5de6c12e02a9e36835018cc3abb08e3288d1688130193055566a10d153a20ef7:788,0.25,2,circular,ballistic,outside,False,5.070911884307861,0.025853413654618473,0.025853413654618473,,,0.010406833555034077
789,5de6c12e02a9e36835018cc3abb08e3288d1688130193055566a10d153a20ef7:789,0.25,2,circular,diffusive,outside,False,9.971993446350098,0.03288152610441767,0.03288152610441767,,,0.00802820561833307
790,5de6c12e02a9e36835018cc3abb08e3288d1688130193055566a10d153a20ef7:790,0.25,2,circular,diffusive,inside,False,32.3459358215332,0.02961847389558233,0.02961847389558233,,,0.005832806244288278
791,5de6c12e02a9e36835018cc3abb08e3288d1688130193055566a10d153a20ef7:791,0.25,0,elliptical,diffusive,edge,False,83.83525085449219,0.028363453815261043,0.028363453815261043,,,0.011813199423443868
756,5de6c12e02a9e36835018cc3abb08e3288d1688130193055566a10d153a20ef7:756,0.5,1,circular,ballistic,inside,False,71.35457611083984,0.02843186372745491,0.02843186372745491,,,0.009956430107218035
757,5de6c12e02a9e36835018cc3abb08e3288d1688130193055566a10d153a20ef7:757,0.5,0,circular,diffusive,inside,False,82.58673858642578,0.027304609218436873,0.015796703296703296,0.029871323529411766,0.01407462023270847,0.007821891280559115
758,5de6c12e02a9e36835018cc3abb08e3288d1688130193055566a10d153a20ef7:758,0.5,1,elliptical,diffusive,edge,False,73.0783462524414,0.03256513026052104,0.03256513026052104,,,0.011380577847295138
759,5de6c12e02a9e36835018cc3abb08e3288d1688130193055566a10d153a20ef7:759,0.5,1,elliptical,diffusive,inside,False,69.20532989501953,0.030561122244488977,0.03080448065173116,0.015625,-0.01517948065173116,0.010045058945773257
760,5de6c12e02a9e36835018cc3abb08e3288d1688130193055566a10d153a20ef7:760,0.5,0,elliptical,diffusive,outside,False,83.83525085449219,0.02780561122244489,0.02786377708978328,0.027698863636363636,-0.00016491345341964475,0.007443716411875565
761,5de6c12e02a9e36835018cc3abb08e3288d1688130193055566a10d153a20ef7:761,0.5,2,elliptical,diffusive,outside,False,17.880443572998047,0.028181362725450902,0.02943313953488372,0.025403225806451612,-0.004029913728432109,0.007336515353510757
762,5de6c12e02a9e36835018cc3abb08e3288d1688130193055566a10d153a20ef7:762,0.5,1,elliptical,ballistic,outside,False,67.17227935791016,0.032439879759519036,0.03355263157894737,0.03175566343042071,-0.0017969681485266592,0.006395138983577025
763,5de6c12e02a9e36835018cc3abb08e3288d1688130193055566a10d153a20ef7:763,0.5,1,elliptical,ballistic,edge,False,62.62712860107422,0.028932865731462927,0.029796511627906978,0.028008298755186723,-0.0017882128727202545,0.006540667028630716
764,5de6c12e02a9e36835018cc3abb08e3288d1688130193055566a10d153a20ef7:764,0.5,0,elliptical,ballistic,outside,False,83.77809143066406,0.030185370741482965,0.03020397489539749,0.02976190476190476,-0.00044207013349273003,0.007588774779409373
765,5de6c12e02a9e36835018cc3abb08e3288d1688130193055566a10d153a20ef7:765,0.5,0,elliptical,diffusive,inside,False,83.05191802978516,0.029809619238476952,0.029809619238476952,,,0.004302496001332081
766,5de6c12e02a9e36835018cc3abb08e3288d1688130193055566a10d153a20ef7:766,0.5,2,elliptical,ballistic,edge,False,8.66270923614502,0.033942885771543085,0.033942885771543085,,,0.010260607885325748
767,5de6c12e02a9e36835018cc3abb08e3288d1688130193055566a10d153a20ef7:767,0.5,2,circular,diffusive,edge,False,3.895285129547119,0.031813627254509015,0.031119246861924688,0.047619047619047616,0.01649980075712293,0.007610449664811278
768,5de6c12e02a9e36835018cc3abb08e3288d1688130193055566a10d153a20ef7:768,0.5,1,circular,ballistic,edge,False,82.40716552734375,0.03093687374749499,0.03093687374749499,,,0.007538998184675444
769,5de6c12e02a9e36835018cc3abb08e3288d1688130193055566a10d153a20ef7:769,0.5,1,elliptical,ballistic,inside,False,69.23919677734375,0.029809619238476952,0.029809619238476952,,,0.008498594916677042
770,5de6c12e02a9e36835018cc3abb08e3288d1688130193055566a10d153a20ef7:770,0.5,0,circular,diffusive,edge,False,83.83525085449219,0.03256513026052104,0.032525510204081634,0.034722222222222224,0.0021967120181405897,0.007138179783955414
771,5de6c12e02a9e36835018cc3abb08e3288d1688130193055566a10d153a20ef7:771,0.5,1,elliptical,diffusive,outside,False,67.12130737304688,0.024298597194388778,0.024355300859598854,0.024166666666666666,-0.0001886341929321876,0.006212222829477578
772,5de6c12e02a9e36835018cc3abb08e3288d1688130193055566a10d153a20ef7:772,0.5,2,circular,ballistic,inside,False,6.845088958740234,0.028056112224448898,0.028056112224448898,,,0.00729469928785623
773,5de6c12e02a9e36835018cc3abb08e3288d1688130193055566a10d153a20ef7:773,0.5,1,circular,diffusive,edge,False,70.70088195800781,0.02905811623246493,0.031581272084805656,0.025752314814814815,-0.005828957269990841,0.009766326998806576
774,5de6c12e02a9e36835018cc3abb08e3288d1688130193055566a10d153a20ef7:774,0.5,2,elliptical,diffusive,edge,False,7.546442985534668,0.029934869739478957,0.026173857868020303,0.04404761904761905,0.017873761179598747,0.007784699014659485
775,5de6c12e02a9e36835018cc3abb08e3288d1688130193055566a10d153a20ef7:775,0.5,1,circular,diffusive,inside,False,71.68357849121094,0.03031062124248497,0.030864197530864196,0.030203349282296652,-0.0006608482485675436,0.009542082642655766
776,5de6c12e02a9e36835018cc3abb08e3288d1688130193055566a10d153a20ef7:776,0.5,0,circular,diffusive,outside,False,83.83525085449219,0.03093687374749499,0.03481543624161074,0.029285714285714286,-0.00552972195589645,0.007003956052112132
777,5de6c12e02a9e36835018cc3abb08e3288d1688130193055566a10d153a20ef7:777,0.5,2,circular,ballistic,edge,False,13.491328239440918,0.03469438877755511,0.02759009009009009,0.040388086642599276,0.012797996552509187,0.011445867485623965
778,5de6c12e02a9e36835018cc3abb08e3288d1688130193055566a10d153a20ef7:778,0.5,1,circular,diffusive,outside,False,79.20606231689453,0.02930861723446894,0.02930861723446894,,,0.0059014123193335405
779,5de6c12e02a9e36835018cc3abb08e3288d1688130193055566a10d153a20ef7:779,0.5,0,elliptical,ballistic,inside,False,83.70521545410156,0.02717935871743487,0.026021400778210118,0.028409090909090908,0.00238769013088079,0.006986014412517205
780,5de6c12e02a9e36835018cc3abb08e3288d1688130193055566a10d153a20ef7:780,0.5,0,elliptical,ballistic,edge,False,83.77349853515625,0.033066132264529056,0.03709349593495935,0.03174867021276596,-0.005344825722193393,0.008920087081545519
781,5de6c12e02a9e36835018cc3abb08e3288d1688130193055566a10d153a20ef7:781,0.5,2,elliptical,diffusive,inside,False,7.7861785888671875,0.02592685370741483,0.02618421052631579,0.020833333333333332,-0.005350877192982457,0.005721905701653517
782,5de6c12e02a9e36835018cc3abb08e3288d1688130193055566a10d153a20ef7:782,0.5,0,circular,ballistic,inside,False,80.97071838378906,0.02467434869739479,0.026827830188679246,0.023083623693379792,-0.003744206495299454,0.005324251329366804
783,5de6c12e02a9e36835018cc3abb08e3288d1688130193055566a10d153a20ef7:783,0.5,0,circular,ballistic,edge,False,83.61331939697266,0.029433867735470944,0.030913978494623656,0.029094827586206896,-0.0018191509084167605,0.008030696443842907
784,5de6c12e02a9e36835018cc3abb08e3288d1688130193055566a10d153a20ef7:784,0.5,1,circular,ballistic,outside,False,72.68753814697266,0.031187374749498998,0.02935082872928177,0.03223270440251572,0.0028818756732339537,0.01030941735543232
785,5de6c12e02a9e36835018cc3abb08e3288d1688130193055566a10d153a20ef7:785,0.5,0,circular,ballistic,outside,False,83.3138427734375,0.028181362725450902,0.028836116910229644,0.0125,-0.016336116910229643,0.006840787477165018
786,5de6c12e02a9e36835018cc3abb08e3288d1688130193055566a10d153a20ef7:786,0.5,2,elliptical,ballistic,outside,False,4.67612886428833,0.034819639278557114,0.034819639278557114,,,0.008043383946894949
787,5de6c12e02a9e36835018cc3abb08e3288d1688130193055566a10d153a20ef7:787,0.5,2,elliptical,ballistic,inside,False,5.605499744415283,0.08254008016032065,0.017137096774193547,0.09181922196796338,0.07468212519376984,0.04587093337336904
788,5de6c12e02a9e36835018cc3abb08e3288d1688130193055566a10d153a20ef7:788,0.5,2,circular,ballistic,outside,False,5.070911884307861,0.024549098196392786,0.024549098196392786,,,0.008201756284441333
789,5de6c12e02a9e36835018cc3abb08e3288d1688130193055566a10d153a20ef7:789,0.5,2,circular,diffusive,outside,False,9.971993446350098,0.02968436873747495,0.032692307692307694,0.024066091954022987,-0.008626215738284707,0.007776634056250194
790,5de6c12e02a9e36835018cc3abb08e3288d1688130193055566a10d153a20ef7:790,0.5,2,circular,diffusive,inside,False,32.3459358215332,0.03031062124248497,0.029296875,0.03273809523809524,0.0034412202380952397,0.007341859163202827
791,5de6c12e02a9e36835018cc3abb08e3288d1688130193055566a10d153a20ef7:791,0.5,0,elliptical,diffusive,edge,False,83.83525085449219,0.029183366733466935,0.029183366733466935,,,0.009642661810072287
756,5de6c12e02a9e36835018cc3abb08e3288d1688130193055566a10d153a20ef7:756,1.0,1,circular,ballistic,inside,False,71.35457611083984,0.027652652652652654,0.027102803738317756,0.028286637931034482,0.0011838341927167262,0.008437368201943551
757,5de6c12e02a9e36835018cc3abb08e3288d1688130193055566a10d153a20ef7:757,1.0,0,circular,diffusive,inside,False,82.58673858642578,0.028966466466466466,0.015796703296703296,0.0302863436123348,0.014489640315631505,0.007608749700241811
758,5de6c12e02a9e36835018cc3abb08e3288d1688130193055566a10d153a20ef7:758,1.0,1,elliptical,diffusive,edge,False,73.0783462524414,0.03196946946946947,0.03316532258064516,0.030013192612137203,-0.003152129968507958,0.007124170169036826
759,5de6c12e02a9e36835018cc3abb08e3288d1688130193055566a10d153a20ef7:759,1.0,1,elliptical,diffusive,inside,False,69.20532989501953,0.02927927927927928,0.03080448065173116,0.02780511811023622,-0.002999362541494941,0.0083936485641884
760,5de6c12e02a9e36835018cc3abb08e3288d1688130193055566a10d153a20ef7:760,1.0,0,elliptical,diffusive,outside,False,83.83525085449219,0.026964464464464464,0.02786377708978328,0.026534763313609468,-0.0013290137761738131,0.006809554864664231
761,5de6c12e02a9e36835018cc3abb08e3288d1688130193055566a10d153a20ef7:761,1.0,2,elliptical,diffusive,outside,False,17.880443572998047,0.034597097097097095,0.02943313953488372,0.03730916030534351,0.007876020770459787,0.010104773849653973
762,5de6c12e02a9e36835018cc3abb08e3288d1688130193055566a10d153a20ef7:762,1.0,1,elliptical,ballistic,outside,False,67.17227935791016,0.031156156156156155,0.03355263157894737,0.030593325092707045,-0.002959306486240324,0.007447835930647212
763,5de6c12e02a9e36835018cc3abb08e3288d1688130193055566a10d153a20ef7:763,1.0,1,elliptical,ballistic,edge,False,62.62712860107422,0.03297047047047047,0.029796511627906978,0.03407557354925776,0.0042790619213507845,0.006679560778813492
764,5de6c12e02a9e36835018cc3abb08e3288d1688130193055566a10d153a20ef7:764,1.0,0,elliptical,ballistic,outside,False,83.77809143066406,0.02877877877877878,0.03020397489539749,0.027471209213051823,-0.0027327656823456677,0.007648001396364427
765,5de6c12e02a9e36835018cc3abb08e3288d1688130193055566a10d153a20ef7:765,1.0,0,elliptical,diffusive,inside,False,83.05191802978516,0.030593093093093094,0.029281496062992126,0.03195010183299389,0.0026686057700017647,0.004175787436427737
766,5de6c12e02a9e36835018cc3abb08e3288d1688130193055566a10d153a20ef7:766,1.0,2,elliptical,ballistic,edge,False,8.66270923614502,0.04717217217217217,0.0335162213740458,0.06223684210526316,0.02872062073121736,0.01294969484190266
767,5de6c12e02a9e36835018cc3abb08e3288d1688130193055566a10d153a20ef7:767,1.0,2,circular,diffusive,edge,False,3.895285129547119,0.036974474474474474,0.031119246861924688,0.042346449136276394,0.011227202274351707,0.01451114329528148
768,5de6c12e02a9e36835018cc3abb08e3288d1688130193055566a10d153a20ef7:768,1.0,1,circular,ballistic,edge,False,82.40716552734375,0.028591091091091092,0.03093687374749499,0.02625,-0.004686873747494991,0.008357899428758378
769,5de6c12e02a9e36835018cc3abb08e3288d1688130193055566a10d153a20ef7:769,1.0,1,elliptical,ballistic,inside,False,69.23919677734375,0.029779779779779778,0.029075091575091576,0.030629139072847682,0.0015540474977561065,0.007372832764092209
770,5de6c12e02a9e36835018cc3abb08e3288d1688130193055566a10d153a20ef7:770,1.0,0,circular,diffusive,edge,False,83.83525085449219,0.029779779779779778,0.032525510204081634,0.02713654223968566,-0.005388967964395974,0.00494837836168298
771,5de6c12e02a9e36835018cc3abb08e3288d1688130193055566a10d153a20ef7:771,1.0,1,elliptical,diffusive,outside,False,67.12130737304688,0.026776776776776777,0.024355300859598854,0.028076923076923076,0.003721622217324222,0.00574486500663113
772,5de6c12e02a9e36835018cc3abb08e3288d1688130193055566a10d153a20ef7:772,1.0,2,circular,ballistic,inside,False,6.845088958740234,0.05693193193193193,0.02730018587360595,0.09151301518438178,0.06421282931077582,0.021837471200248783
773,5de6c12e02a9e36835018cc3abb08e3288d1688130193055566a10d153a20ef7:773,1.0,1,circular,diffusive,edge,False,70.70088195800781,0.030968468468468468,0.031581272084805656,0.030726256983240222,-0.0008550151015654338,0.0077877198371502565
774,5de6c12e02a9e36835018cc3abb08e3288d1688130193055566a10d153a20ef7:774,1.0,2,elliptical,diffusive,edge,False,7.546442985534668,0.034597097097097095,0.026173857868020303,0.04008264462809917,0.013908786760078867,0.014635762386213802
775,5de6c12e02a9e36835018cc3abb08e3288d1688130193055566a10d153a20ef7:775,1.0,1,circular,diffusive,inside,False,71.68357849121094,0.03196946946946947,0.030864197530864196,0.032066993464052285,0.0012027959331880889,0.005747249121454162
776,5de6c12e02a9e36835018cc3abb08e3288d1688130193055566a10d153a20ef7:776,1.0,0,circular,diffusive,outside,False,83.83525085449219,0.030655655655655655,0.03481543624161074,0.029926470588235294,-0.004888965653375443,0.006741678575087185
777,5de6c12e02a9e36835018cc3abb08e3288d1688130193055566a10d153a20ef7:777,1.0,2,circular,ballistic,edge,False,13.491328239440918,0.05518018018018018,0.02759009009009009,0.06306306306306306,0.03547297297297297,0.02166905631205264
778,5de6c12e02a9e36835018cc3abb08e3288d1688130193055566a10d153a20ef7:778,1.0,1,circular,diffusive,outside,False,79.20606231689453,0.030655655655655655,0.02921455938697318,0.03223270440251572,0.003018145015542543,0.006833939842052739
779,5de6c12e02a9e36835018cc3abb08e3288d1688130193055566a10d153a20ef7:779,1.0,0,elliptical,ballistic,inside,False,83.70521545410156,0.02715215215215215,0.026021400778210118,0.02754380053908356,0.0015223997608734413,0.005577549821827495
780,5de6c12e02a9e36835018cc3abb08e3288d1688130193055566a10d153a20ef7:780,1.0,0,elliptical,ballistic,edge,False,83.77349853515625,0.03284534534534535,0.03709349593495935,0.032248858447488586,-0.004844637487470764,0.009109031764953406
781,5de6c12e02a9e36835018cc3abb08e3288d1688130193055566a10d153a20ef7:781,1.0,2,elliptical,diffusive,inside,False,7.7861785888671875,0.03684934934934935,0.02618421052631579,0.04651717557251908,0.020332965046203293,0.017643862792273434
782,5de6c12e02a9e36835018cc3abb08e3288d1688130193055566a10d153a20ef7:782,1.0,0,circular,ballistic,inside,False,80.97071838378906,0.028903903903903905,0.026827830188679246,0.02946315120711563,0.002635321018436384,0.006020326188047753
783,5de6c12e02a9e36835018cc3abb08e3288d1688130193055566a10d153a20ef7:783,1.0,0,circular,ballistic,edge,False,83.61331939697266,0.028653653653653653,0.030913978494623656,0.028421633554083885,-0.0024923449405397716,0.007485578584157169
784,5de6c12e02a9e36835018cc3abb08e3288d1688130193055566a10d153a20ef7:784,1.0,1,circular,ballistic,outside,False,72.68753814697266,0.029216716716716717,0.02935082872928177,0.029187041564792175,-0.00016378716448959413,0.008914451703885813
785,5de6c12e02a9e36835018cc3abb08e3288d1688130193055566a10d153a20ef7:785,1.0,0,circular,ballistic,outside,False,83.3138427734375,0.026276276276276277,0.028836116910229644,0.02391826923076923,-0.0049178476794604145,0.007152955919898124
786,5de6c12e02a9e36835018cc3abb08e3288d1688130193055566a10d153a20ef7:786,1.0,2,elliptical,ballistic,outside,False,4.67612886428833,0.041916916916916916,0.03390381282495667,0.05287322274881517,0.018969409923858496,0.01417563300857554
787,5de6c12e02a9e36835018cc3abb08e3288d1688130193055566a10d153a20ef7:787,1.0,2,elliptical,ballistic,inside,False,5.605499744415283,0.11742992992992993,0.017137096774193547,0.12406616862326574,0.10692907184907219,0.05924113104468296
788,5de6c12e02a9e36835018cc3abb08e3288d1688130193055566a10d153a20ef7:788,1.0,2,circular,ballistic,outside,False,5.070911884307861,0.049987487487487485,0.026542467948717948,0.089,0.062457532051282044,0.014957425218390979
789,5de6c12e02a9e36835018cc3abb08e3288d1688130193055566a10d153a20ef7:789,1.0,2,circular,diffusive,outside,False,9.971993446350098,0.031156156156156155,0.032692307692307694,0.030415430267062313,-0.0022768774252453806,0.009118694700201225
790,5de6c12e02a9e36835018cc3abb08e3288d1688130193055566a10d153a20ef7:790,1.0,2,circular,diffusive,inside,False,32.3459358215332,0.04135385385385385,0.029296875,0.04791344667697063,0.01861657167697063,0.009228561169878602
791,5de6c12e02a9e36835018cc3abb08e3288d1688130193055566a10d153a20ef7:791,1.0,0,elliptical,diffusive,edge,False,83.83525085449219,0.028716216216216218,0.031763980263157895,0.0239769820971867,-0.007786998165971195,0.008599792593945806
792,5de6c12e02a9e36835018cc3abb08e3288d1688130193055566a10d153a20ef7:792,0.25,2,elliptical,diffusive,inside,False,19.129297256469727,0.02710843373493976,0.02710843373493976,,,0.010238995007214428
793,5de6c12e02a9e36835018cc3abb08e3288d1688130193055566a10d153a20ef7:793,0.25,2,circular,diffusive,inside,False,35.44205856323242,0.02635542168674699,0.02635542168674699,,,0.008835198748392592
794,5de6c12e02a9e36835018cc3abb08e3288d1688130193055566a10d153a20ef7:794,0.25,2,elliptical,ballistic,outside,False,14.141169548034668,0.0338855421686747,0.0338855421686747,,,0.012108179814450136
795,5de6c12e02a9e36835018cc3abb08e3288d1688130193055566a10d153a20ef7:795,0.25,0,circular,diffusive,edge,False,79.23902893066406,0.02635542168674699,0.02635542168674699,,,0.009859698464559415
796,5de6c12e02a9e36835018cc3abb08e3288d1688130193055566a10d153a20ef7:796,0.25,2,elliptical,diffusive,edge,False,27.1084098815918,0.034889558232931724,0.034889558232931724,,,0.010285040787423634
797,5de6c12e02a9e36835018cc3abb08e3288d1688130193055566a10d153a20ef7:797,0.25,1,circular,ballistic,outside,False,61.55152893066406,0.03187751004016064,0.02926829268292683,0.04403409090909091,0.01476579822616408,0.009060514883423717
798,5de6c12e02a9e36835018cc3abb08e3288d1688130193055566a10d153a20ef7:798,0.25,2,circular,ballistic,edge,False,11.930586814880373,0.03263052208835342,0.03263052208835342,,,0.010986982243092013
799,5de6c12e02a9e36835018cc3abb08e3288d1688130193055566a10d153a20ef7:799,0.25,1,circular,diffusive,edge,False,77.15655517578125,0.025853413654618473,0.025853413654618473,,,0.007475538459756742
800,5de6c12e02a9e36835018cc3abb08e3288d1688130193055566a10d153a20ef7:800,0.25,0,circular,ballistic,outside,False,83.33331298828125,0.030873493975903613,0.030873493975903613,,,0.011311901947031877
801,5de6c12e02a9e36835018cc3abb08e3288d1688130193055566a10d153a20ef7:801,0.25,1,elliptical,diffusive,outside,False,49.80942916870117,0.025853413654618473,0.03409090909090909,0.021350931677018632,-0.012739977413890456,0.00830591973281842
802,5de6c12e02a9e36835018cc3abb08e3288d1688130193055566a10d153a20ef7:802,0.25,0,circular,ballistic,inside,False,82.41706085205078,0.025602409638554216,0.028139810426540283,0.011513157894736841,-0.01662665253180344,0.008385187293418707
803,5de6c12e02a9e36835018cc3abb08e3288d1688130193055566a10d153a20ef7:803,0.25,0,elliptical,diffusive,inside,False,82.12759399414062,0.03187751004016064,0.03187751004016064,,,0.005718265938702067
804,5de6c12e02a9e36835018cc3abb08e3288d1688130193055566a10d153a20ef7:804,0.25,1,circular,ballistic,inside,False,79.16301727294922,0.0338855421686747,0.041396103896103896,0.030523255813953487,-0.010872848082150409,0.00938835552673948
805,5de6c12e02a9e36835018cc3abb08e3288d1688130193055566a10d153a20ef7:805,0.25,2,elliptical,ballistic,inside,False,4.439767360687256,0.02284136546184739,0.02284136546184739,,,0.006184078812627971
806,5de6c12e02a9e36835018cc3abb08e3288d1688130193055566a10d153a20ef7:806,0.25,0,circular,diffusive,outside,False,83.83108520507812,0.029869477911646587,0.029869477911646587,,,0.011199955580985495
807,5de6c12e02a9e36835018cc3abb08e3288d1688130193055566a10d153a20ef7:807,0.25,1,elliptical,ballistic,edge,False,59.27810287475586,0.0286144578313253,0.03089080459770115,0.023333333333333334,-0.0075574712643678155,0.011524337633784134
808,5de6c12e02a9e36835018cc3abb08e3288d1688130193055566a10d153a20ef7:808,0.25,0,elliptical,ballistic,outside,False,83.56830596923828,0.036646586345381524,0.036646586345381524,,,0.010077740913596754
809,5de6c12e02a9e36835018cc3abb08e3288d1688130193055566a10d153a20ef7:809,0.25,1,circular,diffusive,inside,False,75.1676025390625,0.033634538152610444,0.03504335260115607,0.03042763157894737,-0.0046157210222087,0.009405117467467467
810,5de6c12e02a9e36835018cc3abb08e3288d1688130193055566a10d153a20ef7:810,0.25,2,circular,ballistic,outside,False,13.067144393920898,0.027610441767068273,0.027610441767068273,,,0.007695637408009986
811,5de6c12e02a9e36835018cc3abb08e3288d1688130193055566a10d153a20ef7:811,0.25,0,circular,ballistic,edge,False,82.04850769042969,0.02961847389558233,0.029774678111587984,0.02734375,-0.0024309281115879842,0.01338583496583673
812,5de6c12e02a9e36835018cc3abb08e3288d1688130193055566a10d153a20ef7:812,0.25,1,elliptical,ballistic,outside,False,66.4083480834961,0.02786144578313253,0.027439024390243903,0.0280688622754491,0.0006298378852051985,0.0154055951386116
813,5de6c12e02a9e36835018cc3abb08e3288d1688130193055566a10d153a20ef7:813,0.25,1,elliptical,diffusive,inside,False,79.95105743408203,0.029367469879518073,0.029367469879518073,,,0.010186558176557742
814,5de6c12e02a9e36835018cc3abb08e3288d1688130193055566a10d153a20ef7:814,0.25,1,elliptical,ballistic,inside,False,66.94483184814453,0.025853413654618473,0.025853413654618473,,,0.006384587019064711
815,5de6c12e02a9e36835018cc3abb08e3288d1688130193055566a10d153a20ef7:815,0.25,0,elliptical,ballistic,edge,False,80.6612777709961,0.0286144578313253,0.0286144578313253,,,0.011911456343076979
816,5de6c12e02a9e36835018cc3abb08e3288d1688130193055566a10d153a20ef7:816,0.25,0,elliptical,ballistic,inside,False,81.7435531616211,0.033383534136546184,0.033383534136546184,,,0.008152802092827165
817,5de6c12e02a9e36835018cc3abb08e3288d1688130193055566a10d153a20ef7:817,0.25,0,elliptical,diffusive,outside,False,83.83525085449219,0.029869477911646587,0.02707373271889401,0.048828125,0.02175439228110599,0.009548055522896705
818,5de6c12e02a9e36835018cc3abb08e3288d1688130193055566a10d153a20ef7:818,0.25,0,circular,diffusive,inside,False,83.13294982910156,0.025100401606425703,0.024671052631578948,0.02976190476190476,0.0050908521303258125,0.0075801550554927205
819,5de6c12e02a9e36835018cc3abb08e3288d1688130193055566a10d153a20ef7:819,0.25,1,elliptical,diffusive,edge,False,83.83525085449219,0.02786144578313253,0.02786144578313253,,,0.010551129295674548
820,5de6c12e02a9e36835018cc3abb08e3288d1688130193055566a10d153a20ef7:820,0.25,2,circular,diffusive,edge,False,10.413387298583984,0.03313253012048193,0.03313253012048193,,,0.014163389537817154
821,5de6c12e02a9e36835018cc3abb08e3288d1688130193055566a10d153a20ef7:821,0.25,0,elliptical,diffusive,edge,False,83.83525085449219,0.035391566265060244,0.035391566265060244,,,0.009834105433815125
822,5de6c12e02a9e36835018cc3abb08e3288d1688130193055566a10d153a20ef7:822,0.25,2,elliptical,diffusive,outside,False,27.420425415039062,0.028112449799196786,0.036585365853658534,0.01984126984126984,-0.016744096012388694,0.004918654101974253
823,5de6c12e02a9e36835018cc3abb08e3288d1688130193055566a10d153a20ef7:823,0.25,2,circular,diffusive,outside,False,8.113799095153809,0.0303714859437751,0.0303714859437751,,,0.012756833091940823
824,5de6c12e02a9e36835018cc3abb08e3288d1688130193055566a10d153a20ef7:824,0.25,2,circular,ballistic,inside,False,41.972389221191406,0.033634538152610444,0.033634538152610444,,,0.008966150150347265
825,5de6c12e02a9e36835018cc3abb08e3288d1688130193055566a10d153a20ef7:825,0.25,1,circular,diffusive,outside,False,53.41335678100586,0.02710843373493976,0.02710843373493976,,,0.011837174821838952
826,5de6c12e02a9e36835018cc3abb08e3288d1688130193055566a10d153a20ef7:826,0.25,1,circular,ballistic,edge,False,78.4397201538086,0.0338855421686747,0.0338855421686747,,,0.013709047996407002
827,5de6c12e02a9e36835018cc3abb08e3288d1688130193055566a10d153a20ef7:827,0.25,2,elliptical,ballistic,edge,False,25.18776512145996,0.02359437751004016,0.02359437751004016,,,0.008622271103071118
792,5de6c12e02a9e36835018cc3abb08e3288d1688130193055566a10d153a20ef7:792,0.5,2,elliptical,diffusive,inside,False,19.129297256469727,0.028932865731462927,0.028932865731462927,,,0.009524804444777128
793,5de6c12e02a9e36835018cc3abb08e3288d1688130193055566a10d153a20ef7:793,0.5,2,circular,diffusive,inside,False,35.44205856323242,0.027680360721442886,0.027680360721442886,,,0.00916898685781122
794,5de6c12e02a9e36835018cc3abb08e3288d1688130193055566a10d153a20ef7:794,0.5,2,elliptical,ballistic,outside,False,14.141169548034668,0.030185370741482965,0.033542471042471045,0.0265625,-0.0069799710424710455,0.009065748586772332
795,5de6c12e02a9e36835018cc3abb08e3288d1688130193055566a10d153a20ef7:795,0.5,0,circular,diffusive,edge,False,79.23902893066406,0.026803607214428857,0.026803607214428857,,,0.008364633194921844
796,5de6c12e02a9e36835018cc3abb08e3288d1688130193055566a10d153a20ef7:796,0.5,2,elliptical,diffusive,edge,False,27.1084098815918,0.03006012024048096,0.031725888324873094,0.023809523809523808,-0.007916364515349286,0.006851099364317307
797,5de6c12e02a9e36835018cc3abb08e3288d1688130193055566a10d153a20ef7:797,0.5,1,circular,ballistic,outside,False,61.55152893066406,0.02780561122244489,0.02926829268292683,0.026785714285714284,-0.0024825783972125468,0.007045271097407431
798,5de6c12e02a9e36835018cc3abb08e3288d1688130193055566a10d153a20ef7:798,0.5,2,circular,ballistic,edge,False,11.930586814880373,0.03168837675350701,0.029393564356435642,0.04144736842105263,0.012053804064616987,0.006134717883897023
799,5de6c12e02a9e36835018cc3abb08e3288d1688130193055566a10d153a20ef7:799,0.5,1,circular,diffusive,edge,False,77.15655517578125,0.02592685370741483,0.02576601671309192,0.026339285714285714,0.0005732690011937928,0.005721905701653518
800,5de6c12e02a9e36835018cc3abb08e3288d1688130193055566a10d153a20ef7:800,0.5,0,circular,ballistic,outside,False,83.33331298828125,0.031813627254509015,0.031534954407294834,0.03235294117647059,0.0008179867691757575,0.009382926252669361
801,5de6c12e02a9e36835018cc3abb08e3288d1688130193055566a10d153a20ef7:801,0.5,1,elliptical,diffusive,outside,False,49.80942916870117,0.025175350701402806,0.03409090909090909,0.023266423357664233,-0.010824485733244855,0.005721905701653518
802,5de6c12e02a9e36835018cc3abb08e3288d1688130193055566a10d153a20ef7:802,0.5,0,circular,ballistic,inside,False,82.41706085205078,0.02868236472945892,0.028139810426540283,0.029079861111111112,0.0009400506845708284,0.008647728528461858
803,5de6c12e02a9e36835018cc3abb08e3288d1688130193055566a10d153a20ef7:803,0.5,0,elliptical,diffusive,inside,False,82.12759399414062,0.02905811623246493,0.02905811623246493,,,0.005668190630753888
804,5de6c12e02a9e36835018cc3abb08e3288d1688130193055566a10d153a20ef7:804,0.5,1,circular,ballistic,inside,False,79.16301727294922,0.03193887775551102,0.041396103896103896,0.030213270142180094,-0.011182833753923802,0.007621778576463626
805,5de6c12e02a9e36835018cc3abb08e3288d1688130193055566a10d153a20ef7:805,0.5,2,elliptical,ballistic,inside,False,4.439767360687256,0.025425851703406815,0.023674242424242424,0.028846153846153848,0.005171911421911424,0.006395138983577027
806,5de6c12e02a9e36835018cc3abb08e3288d1688130193055566a10d153a20ef7:806,0.5,0,circular,diffusive,outside,False,83.83108520507812,0.02905811623246493,0.02905811623246493,,,0.006978150439471002
807,5de6c12e02a9e36835018cc3abb08e3288d1688130193055566a10d153a20ef7:807,0.5,1,elliptical,ballistic,edge,False,59.27810287475586,0.03193887775551102,0.03089080459770115,0.0325,0.0016091954022988512,0.012649060436442677
808,5de6c12e02a9e36835018cc3abb08e3288d1688130193055566a10d153a20ef7:808,0.5,0,elliptical,ballistic,outside,False,83.56830596923828,0.03231462925851703,0.034274193548387094,0.0291005291005291,-0.005173664447857995,0.008731675880728144
809,5de6c12e02a9e36835018cc3abb08e3288d1688130193055566a10d153a20ef7:809,0.5,1,circular,diffusive,inside,False,75.1676025390625,0.028056112224448898,0.03504335260115607,0.024348159509202456,-0.010695193091953614,0.007515030060120242
810,5de6c12e02a9e36835018cc3abb08e3288d1688130193055566a10d153a20ef7:810,0.5,2,circular,ballistic,outside,False,13.067144393920898,0.027680360721442886,0.027680360721442886,,,0.009141570651845052
811,5de6c12e02a9e36835018cc3abb08e3288d1688130193055566a10d153a20ef7:811,0.5,0,circular,ballistic,edge,False,82.04850769042969,0.02780561122244489,0.029774678111587984,0.026080827067669173,-0.003693851043918811,0.011121228898007571
812,5de6c12e02a9e36835018cc3abb08e3288d1688130193055566a10d153a20ef7:812,0.5,1,elliptical,ballistic,outside,False,66.4083480834961,0.028056112224448898,0.027439024390243903,0.02817745803357314,0.0007384336433292372,0.008078414577453457
813,5de6c12e02a9e36835018cc3abb08e3288d1688130193055566a10d153a20ef7:813,0.5,1,elliptical,diffusive,inside,False,79.95105743408203,0.03156312625250501,0.02727272727272727,0.036830357142857144,0.009557629870129872,0.00847271268801992
814,5de6c12e02a9e36835018cc3abb08e3288d1688130193055566a10d153a20ef7:814,0.5,1,elliptical,ballistic,inside,False,66.94483184814453,0.028306613226452906,0.028306613226452906,,,0.0076924611887695836
815,5de6c12e02a9e36835018cc3abb08e3288d1688130193055566a10d153a20ef7:815,0.5,0,elliptical,ballistic,edge,False,80.6612777709961,0.02905811623246493,0.029072745901639344,0.028409090909090908,-0.0006636549925484354,0.007793762117286597
816,5de6c12e02a9e36835018cc3abb08e3288d1688130193055566a10d153a20ef7:816,0.5,0,elliptical,ballistic,inside,False,81.7435531616211,0.02843186372745491,0.02844551282051282,0.028225806451612902,-0.00021970636889991763,0.005754711927685442
817,5de6c12e02a9e36835018cc3abb08e3288d1688130193055566a10d153a20ef7:817,0.5,0,elliptical,diffusive,outside,False,83.83525085449219,0.03093687374749499,0.02707373271889401,0.0339095744680851,0.006835841749191093,0.009284602606837047
818,5de6c12e02a9e36835018cc3abb08e3288d1688130193055566a10d153a20ef7:818,0.5,0,circular,diffusive,inside,False,83.13294982910156,0.025801603206412827,0.024671052631578948,0.026752767527675275,0.0020817148960963275,0.007741251072325875
819,5de6c12e02a9e36835018cc3abb08e3288d1688130193055566a10d153a20ef7:819,0.5,1,elliptical,diffusive,edge,False,83.83525085449219,0.023296593186372744,0.02294481981981982,0.026136363636363635,0.0031915438165438133,0.007527544690038437
820,5de6c12e02a9e36835018cc3abb08e3288d1688130193055566a10d153a20ef7:820,0.5,2,circular,diffusive,edge,False,10.413387298583984,0.030185370741482965,0.0324017199017199,0.020380434782608696,-0.012021285119111207,0.011506015776217854
821,5de6c12e02a9e36835018cc3abb08e3288d1688130193055566a10d153a20ef7:821,0.5,0,elliptical,diffusive,edge,False,83.83525085449219,0.03206412825651302,0.03206412825651302,,,0.008443035844866092
822,5de6c12e02a9e36835018cc3abb08e3288d1688130193055566a10d153a20ef7:822,0.5,2,elliptical,diffusive,outside,False,27.420425415039062,0.026678356713426853,0.036585365853658534,0.0234375,-0.013147865853658534,0.00795217393755009
823,5de6c12e02a9e36835018cc3abb08e3288d1688130193055566a10d153a20ef7:823,0.5,2,circular,diffusive,outside,False,8.113799095153809,0.03031062124248497,0.029066265060240962,0.036458333333333336,0.007392068273092373,0.009698627596495962
824,5de6c12e02a9e36835018cc3abb08e3288d1688130193055566a10d153a20ef7:824,0.5,2,circular,ballistic,inside,False,41.972389221191406,0.029934869739478957,0.029934869739478957,,,0.008508741394929254
825,5de6c12e02a9e36835018cc3abb08e3288d1688130193055566a10d153a20ef7:825,0.5,1,circular,diffusive,outside,False,53.41335678100586,0.028056112224448898,0.028056112224448898,,,0.008763955753775502
826,5de6c12e02a9e36835018cc3abb08e3288d1688130193055566a10d153a20ef7:826,0.5,1,circular,ballistic,edge,False,78.4397201538086,0.03093687374749499,0.03093687374749499,,,0.00846437659262172
827,5de6c12e02a9e36835018cc3abb08e3288d1688130193055566a10d153a20ef7:827,0.5,2,elliptical,ballistic,edge,False,25.18776512145996,0.026803607214428857,0.02456225680933852,0.02918388429752066,0.00462162748818214,0.00938292625266936
792,5de6c12e02a9e36835018cc3abb08e3288d1688130193055566a10d153a20ef7:792,1.0,2,elliptical,diffusive,inside,False,19.129297256469727,0.030405405405405407,0.025991100323624595,0.03756561679790026,0.011574516474275667,0.01161913286320184
793,5de6c12e02a9e36835018cc3abb08e3288d1688130193055566a10d153a20ef7:793,1.0,2,circular,diffusive,inside,False,35.44205856323242,0.02952952952952953,0.0274256993006993,0.03234777517564403,0.004922075874944729,0.008027535001173893
794,5de6c12e02a9e36835018cc3abb08e3288d1688130193055566a10d153a20ef7:794,1.0,2,elliptical,ballistic,outside,False,14.141169548034668,0.04273023023023023,0.033542471042471045,0.04594594594594595,0.012403474903474904,0.01303209864544518
795,5de6c12e02a9e36835018cc3abb08e3288d1688130193055566a10d153a20ef7:795,1.0,0,circular,diffusive,edge,False,79.23902893066406,0.028591091091091092,0.026216442953020135,0.032102977667493794,0.00588653471447366,0.006023900914446711
796,5de6c12e02a9e36835018cc3abb08e3288d1688130193055566a10d153a20ef7:796,1.0,2,elliptical,diffusive,edge,False,27.1084098815918,0.03171921921921922,0.031725888324873094,0.03171487603305785,-1.1012291815243325e-05,0.007295717614706011
797,5de6c12e02a9e36835018cc3abb08e3288d1688130193055566a10d153a20ef7:797,1.0,1,circular,ballistic,outside,False,61.55152893066406,0.03146896896896897,0.02926829268292683,0.032037153652392944,0.002768860969466113,0.006786524258861874
798,5de6c12e02a9e36835018cc3abb08e3288d1688130193055566a10d153a20ef7:798,1.0,2,circular,ballistic,edge,False,11.930586814880373,0.04723473473473473,0.029393564356435642,0.05934873949579832,0.029955175139362675,0.012504846250086278
799,5de6c12e02a9e36835018cc3abb08e3288d1688130193055566a10d153a20ef7:799,1.0,1,circular,diffusive,edge,False,77.15655517578125,0.026463963963963964,0.02576601671309192,0.02685546875,0.0010894520369080785,0.004007423933616315
800,5de6c12e02a9e36835018cc3abb08e3288d1688130193055566a10d153a20ef7:800,1.0,0,circular,ballistic,outside,False,83.33331298828125,0.032157157157157154,0.031534954407294834,0.03246268656716418,0.0009277321598693475,0.006906861571567858
801,5de6c12e02a9e36835018cc3abb08e3288d1688130193055566a10d153a20ef7:801,1.0,1,elliptical,diffusive,outside,False,49.80942916870117,0.032407407407407406,0.03409090909090909,0.032244785949506034,-0.001846123141403054,0.007868967809574636
802,5de6c12e02a9e36835018cc3abb08e3288d1688130193055566a10d153a20ef7:802,1.0,0,circular,ballistic,inside,False,82.41706085205078,0.029717217217217217,0.028139810426540283,0.030139593908629442,0.0019997834820891583,0.007308582015465278
803,5de6c12e02a9e36835018cc3abb08e3288d1688130193055566a10d153a20ef7:803,1.0,0,elliptical,diffusive,inside,False,82.12759399414062,0.026714214214214216,0.028237240075614366,0.025,-0.0032372400756143643,0.004426936829413034
804,5de6c12e02a9e36835018cc3abb08e3288d1688130193055566a10d153a20ef7:804,1.0,1,circular,ballistic,inside,False,79.16301727294922,0.02884134134134134,0.041396103896103896,0.02779284164859002,-0.013603262247513875,0.006966391205800755
805,5de6c12e02a9e36835018cc3abb08e3288d1688130193055566a10d153a20ef7:805,1.0,2,elliptical,ballistic,inside,False,4.439767360687256,0.05292792792792793,0.023674242424242424,0.06735799701046338,0.04368375458622096,0.030010994550798583
806,5de6c12e02a9e36835018cc3abb08e3288d1688130193055566a10d153a20ef7:806,1.0,0,circular,diffusive,outside,False,83.83108520507812,0.029654654654654656,0.0274830220713073,0.03277439024390244,0.005291368172595141,0.006046275990164949
807,5de6c12e02a9e36835018cc3abb08e3288d1688130193055566a10d153a20ef7:807,1.0,1,elliptical,ballistic,edge,False,59.27810287475586,0.03284534534534535,0.03089080459770115,0.03325757575757576,0.0023667711598746068,0.011500455749857324
808,5de6c12e02a9e36835018cc3abb08e3288d1688130193055566a10d153a20ef7:808,1.0,0,elliptical,ballistic,outside,False,83.56830596923828,0.030155155155155156,0.034274193548387094,0.02830188679245283,-0.005972306755934263,0.009681644992731388
809,5de6c12e02a9e36835018cc3abb08e3288d1688130193055566a10d153a20ef7:809,1.0,1,circular,diffusive,inside,False,75.1676025390625,0.02927927927927928,0.03504335260115607,0.028072033898305086,-0.006971318702850983,0.006221122569897924
810,5de6c12e02a9e36835018cc3abb08e3288d1688130193055566a10d153a20ef7:810,1.0,2,circular,ballistic,outside,False,13.067144393920898,0.03553553553553553,0.027901785714285716,0.04781331592689295,0.019911530212607238,0.010888043001905452
811,5de6c12e02a9e36835018cc3abb08e3288d1688130193055566a10d153a20ef7:811,1.0,0,circular,ballistic,edge,False,82.04850769042969,0.027965465465465467,0.029774678111587984,0.02741514360313316,-0.0023595345084548233,0.008126152005006463
812,5de6c12e02a9e36835018cc3abb08e3288d1688130193055566a10d153a20ef7:812,1.0,1,elliptical,ballistic,outside,False,66.4083480834961,0.029216716716716717,0.027439024390243903,0.02937568157033806,0.0019366571800941562,0.007873691751559452
813,5de6c12e02a9e36835018cc3abb08e3288d1688130193055566a10d153a20ef7:813,1.0,1,elliptical,diffusive,inside,False,79.95105743408203,0.030905905905905907,0.02727272727272727,0.03228591160220994,0.005013184329482671,0.007376017343938686
814,5de6c12e02a9e36835018cc3abb08e3288d1688130193055566a10d153a20ef7:814,1.0,1,elliptical,ballistic,inside,False,66.94483184814453,0.029216716716716717,0.02795169946332737,0.030823863636363635,0.002872164173036266,0.007317145717578893
815,5de6c12e02a9e36835018cc3abb08e3288d1688130193055566a10d153a20ef7:815,1.0,0,elliptical,ballistic,edge,False,80.6612777709961,0.028528528528528527,0.029072745901639344,0.028008806262230918,-0.0010639396394084254,0.007252941314409129
816,5de6c12e02a9e36835018cc3abb08e3288d1688130193055566a10d153a20ef7:816,1.0,0,elliptical,ballistic,inside,False,81.7435531616211,0.02784034034034034,0.02844551282051282,0.027306967984934087,-0.001138544835578733,0.004826246550776492
817,5de6c12e02a9e36835018cc3abb08e3288d1688130193055566a10d153a20ef7:817,1.0,0,elliptical,diffusive,outside,False,83.83525085449219,0.03171921921921922,0.02707373271889401,0.03300831202046036,0.005934579301566351,0.012074250411867975
818,5de6c12e02a9e36835018cc3abb08e3288d1688130193055566a10d153a20ef7:818,1.0,0,circular,diffusive,inside,False,83.13294982910156,0.028903903903903905,0.024671052631578948,0.030155642023346304,0.005484589391767356,0.007418347776667488
819,5de6c12e02a9e36835018cc3abb08e3288d1688130193055566a10d153a20ef7:819,1.0,1,elliptical,diffusive,edge,False,83.83525085449219,0.025025025025025027,0.02294481981981982,0.02668918918918919,0.0037443693693693693,0.008224062425002492
820,5de6c12e02a9e36835018cc3abb08e3288d1688130193055566a10d153a20ef7:820,1.0,2,circular,diffusive,edge,False,10.413387298583984,0.036223723723723726,0.0324017199017199,0.03885135135135135,0.0064496314496314475,0.013818114320574625
821,5de6c12e02a9e36835018cc3abb08e3288d1688130193055566a10d153a20ef7:821,1.0,0,elliptical,diffusive,edge,False,83.83525085449219,0.03297047047047047,0.03298045602605863,0.03295454545454545,-2.5910571513181047e-05,0.008316586186410032
822,5de6c12e02a9e36835018cc3abb08e3288d1688130193055566a10d153a20ef7:822,1.0,2,elliptical,diffusive,outside,False,27.420425415039062,0.034847347347347346,0.036585365853658534,0.0346033105022831,-0.001982055351375432,0.010087716095332187
823,5de6c12e02a9e36835018cc3abb08e3288d1688130193055566a10d153a20ef7:823,1.0,2,circular,diffusive,outside,False,8.113799095153809,0.03916416416416416,0.029066265060240962,0.046339897260273974,0.01727363220003301,0.010002969245582152
824,5de6c12e02a9e36835018cc3abb08e3288d1688130193055566a10d153a20ef7:824,1.0,2,circular,ballistic,inside,False,41.972389221191406,0.03265765765765766,0.029708059210526317,0.03724424552429668,0.007536186313770361,0.0075604986686790745
825,5de6c12e02a9e36835018cc3abb08e3288d1688130193055566a10d153a20ef7:825,1.0,1,circular,diffusive,outside,False,53.41335678100586,0.029154154154154153,0.027656794425087106,0.031176470588235295,0.0035196761631481888,0.006902326533934085
826,5de6c12e02a9e36835018cc3abb08e3288d1688130193055566a10d153a20ef7:826,1.0,1,circular,ballistic,edge,False,78.4397201538086,0.03265765765765766,0.030881112984822934,0.035252463054187194,0.00437135006936426,0.007195510681846784
827,5de6c12e02a9e36835018cc3abb08e3288d1688130193055566a10d153a20ef7:827,1.0,2,elliptical,ballistic,edge,False,25.18776512145996,0.03684934934934935,0.02456225680933852,0.04110512129380054,0.01654286448446202,0.01559189099411871
828,5de6c12e02a9e36835018cc3abb08e3288d1688130193055566a10d153a20ef7:828,0.25,2,elliptical,diffusive,edge,False,9.715347290039062,0.02459839357429719,0.02459839357429719,,,0.007695637408009985
829,5de6c12e02a9e36835018cc3abb08e3288d1688130193055566a10d153a20ef7:829,0.25,2,circular,diffusive,edge,False,7.707712650299072,0.020833333333333332,0.020833333333333332,,,0.006804940618336325
830,5de6c12e02a9e36835018cc3abb08e3288d1688130193055566a10d153a20ef7:830,0.25,1,circular,diffusive,outside,False,83.83525085449219,0.026606425702811246,0.026606425702811246,,,0.007629861522876838
831,5de6c12e02a9e36835018cc3abb08e3288d1688130193055566a10d153a20ef7:831,0.25,0,elliptical,ballistic,outside,False,83.63834381103516,0.02535140562248996,0.02535140562248996,,,0.009834105433815127
832,5de6c12e02a9e36835018cc3abb08e3288d1688130193055566a10d153a20ef7:832,0.25,1,circular,diffusive,edge,False,57.68746948242188,0.02886546184738956,0.02886546184738956,,,0.01293340665460668
833,5de6c12e02a9e36835018cc3abb08e3288d1688130193055566a10d153a20ef7:833,0.25,0,circular,diffusive,edge,False,83.83525085449219,0.03112449799196787,0.03112449799196787,,,0.013692953511029976
834,5de6c12e02a9e36835018cc3abb08e3288d1688130193055566a10d153a20ef7:834,0.25,1,circular,ballistic,edge,False,47.77450942993164,0.027359437751004016,0.027359437751004016,,,0.011532535148253156
835,5de6c12e02a9e36835018cc3abb08e3288d1688130193055566a10d153a20ef7:835,0.25,0,elliptical,diffusive,edge,False,83.83525085449219,0.024849397590361446,0.024849397590361446,,,0.00695149720086658
836,5de6c12e02a9e36835018cc3abb08e3288d1688130193055566a10d153a20ef7:836,0.25,1,elliptical,ballistic,inside,False,58.34880828857422,0.0373995983935743,0.041044776119402986,0.022135416666666668,-0.018909359452736318,0.014991055945420793
837,5de6c12e02a9e36835018cc3abb08e3288d1688130193055566a10d153a20ef7:837,0.25,2,circular,ballistic,edge,False,5.928542613983154,0.02610441767068273,0.02610441767068273,,,0.010998444929822613
838,5de6c12e02a9e36835018cc3abb08e3288d1688130193055566a10d153a20ef7:838,0.25,0,circular,ballistic,outside,False,83.83101654052734,0.02535140562248996,0.02535140562248996,,,0.007095027121035427
839,5de6c12e02a9e36835018cc3abb08e3288d1688130193055566a10d153a20ef7:839,0.25,0,circular,ballistic,edge,False,81.72338104248047,0.02535140562248996,0.031512605042016806,0.01971153846153846,-0.011801066580478345,0.010857193149539241
840,5de6c12e02a9e36835018cc3abb08e3288d1688130193055566a10d153a20ef7:840,0.25,1,circular,diffusive,inside,False,79.53812408447266,0.03237951807228916,0.03237951807228916,,,0.01271726158724237
841,5de6c12e02a9e36835018cc3abb08e3288d1688130193055566a10d153a20ef7:841,0.25,1,elliptical,ballistic,edge,False,66.5129165649414,0.0321285140562249,0.0321285140562249,,,0.013129213685363473
842,5de6c12e02a9e36835018cc3abb08e3288d1688130193055566a10d153a20ef7:842,0.25,1,elliptical,diffusive,outside,False,73.76661682128906,0.02384538152610442,0.02384538152610442,,,0.005629433105423144
843,5de6c12e02a9e36835018cc3abb08e3288d1688130193055566a10d153a20ef7:843,0.25,0,circular,ballistic,inside,False,83.25736999511719,0.027610441767068273,0.027610441767068273,,,0.010708197293022862
844,5de6c12e02a9e36835018cc3abb08e3288d1688130193055566a10d153a20ef7:844,0.25,2,elliptical,diffusive,outside,False,5.792542934417725,0.026606425702811246,0.026606425702811246,,,0.007695637408009987
845,5de6c12e02a9e36835018cc3abb08e3288d1688130193055566a10d153a20ef7:845,0.25,2,elliptical,ballistic,edge,False,21.617507934570312,0.03237951807228916,0.03237951807228916,,,0.01381890522941848
846,5de6c12e02a9e36835018cc3abb08e3288d1688130193055566a10d153a20ef7:846,0.25,0,elliptical,diffusive,inside,False,83.81266021728516,0.02635542168674699,0.02635542168674699,,,0.0054474232967396344
847,5de6c12e02a9e36835018cc3abb08e3288d1688130193055566a10d153a20ef7:847,0.25,0,circular,diffusive,outside,False,83.83525085449219,0.035140562248995984,0.035140562248995984,,,0.01350765466573666
848,5de6c12e02a9e36835018cc3abb08e3288d1688130193055566a10d153a20ef7:848,0.25,2,circular,ballistic,inside,False,7.414332866668701,0.025853413654618473,0.025853413654618473,,,0.009225891540908185
849,5de6c12e02a9e36835018cc3abb08e3288d1688130193055566a10d153a20ef7:849,0.25,1,elliptical,diffusive,inside,False,56.81852340698242,0.030120481927710843,0.02826086956521739,0.03171641791044776,0.0034555483452303713,0.0139482369371986
850,5de6c12e02a9e36835018cc3abb08e3288d1688130193055566a10d153a20ef7:850,0.25,2,elliptical,ballistic,outside,False,31.20562171936035,0.030622489959839357,0.030622489959839357,,,0.011783829913961347
851,5de6c12e02a9e36835018cc3abb08e3288d1688130193055566a10d153a20ef7:851,0.25,1,circular,ballistic,inside,False,72.04936218261719,0.03112449799196787,0.03138297872340425,0.026785714285714284,-0.004597264437689968,0.01217304784435958
852,5de6c12e02a9e36835018cc3abb08e3288d1688130193055566a10d153a20ef7:852,0.25,2,elliptical,diffusive,inside,False,22.52174186706543,0.027610441767068273,0.027610441767068273,,,0.009077882188767632
853,5de6c12e02a9e36835018cc3abb08e3288d1688130193055566a10d153a20ef7:853,0.25,1,circular,ballistic,outside,False,80.76041412353516,0.02710843373493976,0.02710843373493976,,,0.006506767769485804
854,5de6c12e02a9e36835018cc3abb08e3288d1688130193055566a10d153a20ef7:854,0.25,0,elliptical,diffusive,outside,False,83.83525085449219,0.038654618473895584,0.038654618473895584,,,0.0102266811182045
855,5de6c12e02a9e36835018cc3abb08e3288d1688130193055566a10d153a20ef7:855,0.25,1,elliptical,ballistic,outside,False,80.49562072753906,0.024849397590361446,0.024849397590361446,,,0.008863676497494767
856,5de6c12e02a9e36835018cc3abb08e3288d1688130193055566a10d153a20ef7:856,0.25,2,circular,diffusive,outside,False,35.76573181152344,0.033634538152610444,0.033634538152610444,,,0.00935137349909496
857,5de6c12e02a9e36835018cc3abb08e3288d1688130193055566a10d153a20ef7:857,0.25,2,circular,diffusive,inside,False,23.799894332885746,0.030120481927710843,0.02507716049382716,0.039511494252873564,0.014434333759046403,0.013839406377600623
858,5de6c12e02a9e36835018cc3abb08e3288d1688130193055566a10d153a20ef7:858,0.25,1,elliptical,diffusive,edge,False,78.36155700683594,0.02710843373493976,0.02710843373493976,,,0.011447544428706205
859,5de6c12e02a9e36835018cc3abb08e3288d1688130193055566a10d153a20ef7:859,0.25,2,elliptical,ballistic,inside,False,6.581986904144287,0.035391566265060244,0.035391566265060244,,,0.015158232075184989
860,5de6c12e02a9e36835018cc3abb08e3288d1688130193055566a10d153a20ef7:860,0.25,0,elliptical,ballistic,inside,False,83.14276123046875,0.03313253012048193,0.03313253012048193,,,0.010672837161380169
861,5de6c12e02a9e36835018cc3abb08e3288d1688130193055566a10d153a20ef7:861,0.25,0,elliptical,ballistic,edge,False,83.50531005859375,0.02710843373493976,0.0338855421686747,0.02371987951807229,-0.010165662650602408,0.009256570740253904
862,5de6c12e02a9e36835018cc3abb08e3288d1688130193055566a10d153a20ef7:862,0.25,2,circular,ballistic,outside,False,15.052360534667969,0.03187751004016064,0.03187751004016064,,,0.016662961677512803
863,5de6c12e02a9e36835018cc3abb08e3288d1688130193055566a10d153a20ef7:863,0.25,0,circular,diffusive,inside,False,83.83525085449219,0.02710843373493976,0.02710843373493976,,,0.006583773618777109
828,5de6c12e02a9e36835018cc3abb08e3288d1688130193055566a10d153a20ef7:828,0.5,2,elliptical,diffusive,edge,False,9.715347290039062,0.0344438877755511,0.02440239043824701,0.04460685483870968,0.02020446440046267,0.01363735829458383
829,5de6c12e02a9e36835018cc3abb08e3288d1688130193055566a10d153a20ef7:829,0.5,2,circular,diffusive,edge,False,7.707712650299072,0.02404809619238477,0.02404809619238477,,,0.005578922207244511
830,5de6c12e02a9e36835018cc3abb08e3288d1688130193055566a10d153a20ef7:830,0.5,1,circular,diffusive,outside,False,83.83525085449219,0.02780561122244489,0.02780561122244489,,,0.005901412319333541
831,5de6c12e02a9e36835018cc3abb08e3288d1688130193055566a10d153a20ef7:831,0.5,0,elliptical,ballistic,outside,False,83.63834381103516,0.025801603206412827,0.026598837209302326,0.020833333333333332,-0.0057655038759689935,0.010494168369565838
832,5de6c12e02a9e36835018cc3abb08e3288d1688130193055566a10d153a20ef7:832,0.5,1,circular,diffusive,edge,False,57.68746948242188,0.030185370741482965,0.028645833333333332,0.0341726618705036,0.005526828537170268,0.011839319756269596
833,5de6c12e02a9e36835018cc3abb08e3288d1688130193055566a10d153a20ef7:833,0.5,0,circular,diffusive,edge,False,83.83525085449219,0.03093687374749499,0.030303030303030304,0.03164893617021276,0.0013459058671824592,0.012276466048013886
834,5de6c12e02a9e36835018cc3abb08e3288d1688130193055566a10d153a20ef7:834,0.5,1,circular,ballistic,edge,False,47.77450942993164,0.025050100200400802,0.026041666666666668,0.018656716417910446,-0.007384950248756222,0.007380220372072263
835,5de6c12e02a9e36835018cc3abb08e3288d1688130193055566a10d153a20ef7:835,0.5,0,elliptical,diffusive,edge,False,83.83525085449219,0.024549098196392786,0.02489517819706499,0.017045454545454544,-0.007849723651610446,0.007311883526716645
836,5de6c12e02a9e36835018cc3abb08e3288d1688130193055566a10d153a20ef7:836,0.5,1,elliptical,ballistic,inside,False,58.34880828857422,0.03594689378757515,0.041044776119402986,0.032508389261744965,-0.008536386857658021,0.007572218937971865
837,5de6c12e02a9e36835018cc3abb08e3288d1688130193055566a10d153a20ef7:837,0.5,2,circular,ballistic,edge,False,5.928542613983154,0.033316633266533065,0.030608974358974358,0.0430045871559633,0.012395612796988944,0.010104230476001355
838,5de6c12e02a9e36835018cc3abb08e3288d1688130193055566a10d153a20ef7:838,0.5,0,circular,ballistic,outside,False,83.83101654052734,0.025050100200400802,0.025094696969696968,0.02487864077669903,-0.00021605619299793974,0.005970127899705905
839,5de6c12e02a9e36835018cc3abb08e3288d1688130193055566a10d153a20ef7:839,0.5,0,circular,ballistic,edge,False,81.72338104248047,0.024924849699398798,0.031512605042016806,0.02286184210526316,-0.008650762936753646,0.007233148656303061
840,5de6c12e02a9e36835018cc3abb08e3288d1688130193055566a10d153a20ef7:840,0.5,1,circular,diffusive,inside,False,79.53812408447266,0.03406813627254509,0.03406813627254509,,,0.009169842293448461
841,5de6c12e02a9e36835018cc3abb08e3288d1688130193055566a10d153a20ef7:841,0.5,1,elliptical,ballistic,edge,False,66.5129165649414,0.028807615230460923,0.028807615230460923,,,0.008673992832254902
842,5de6c12e02a9e36835018cc3abb08e3288d1688130193055566a10d153a20ef7:842,0.5,1,elliptical,diffusive,outside,False,73.76661682128906,0.02692885771543086,0.026927437641723357,0.02693965517241379,1.2217530690434436e-05,0.0036623726245524663
843,5de6c12e02a9e36835018cc3abb08e3288d1688130193055566a10d153a20ef7:843,0.5,0,circular,ballistic,inside,False,83.25736999511719,0.027930861723446894,0.027930861723446894,,,0.009642661810072289
844,5de6c12e02a9e36835018cc3abb08e3288d1688130193055566a10d153a20ef7:844,0.5,2,elliptical,diffusive,outside,False,5.792542934417725,0.03168837675350701,0.025980392156862746,0.03765368852459016,0.011673296367727414,0.009765523813888174
845,5de6c12e02a9e36835018cc3abb08e3288d1688130193055566a10d153a20ef7:845,0.5,2,elliptical,ballistic,edge,False,21.617507934570312,0.03406813627254509,0.03206928838951311,0.03636853448275862,0.004299246093245508,0.01075696921522239
846,5de6c12e02a9e36835018cc3abb08e3288d1688130193055566a10d153a20ef7:846,0.5,0,elliptical,diffusive,inside,False,83.81266021728516,0.027054108216432865,0.02586206896551724,0.04285714285714286,0.016995073891625617,0.008140319042721403
847,5de6c12e02a9e36835018cc3abb08e3288d1688130193055566a10d153a20ef7:847,0.5,0,circular,diffusive,outside,False,83.83525085449219,0.029934869739478957,0.0322242206235012,0.018292682926829267,-0.013931537696671933,0.007387656364257828
848,5de6c12e02a9e36835018cc3abb08e3288d1688130193055566a10d153a20ef7:848,0.5,2,circular,ballistic,inside,False,7.414332866668701,0.031062124248496994,0.027623456790123457,0.045877659574468085,0.018254202784344628,0.009101153369030538
849,5de6c12e02a9e36835018cc3abb08e3288d1688130193055566a10d153a20ef7:849,0.5,1,elliptical,diffusive,inside,False,56.81852340698242,0.029433867735470944,0.02826086956521739,0.02978515625,0.0015242866847826088,0.009086490078715464
850,5de6c12e02a9e36835018cc3abb08e3288d1688130193055566a10d153a20ef7:850,0.5,2,elliptical,ballistic,outside,False,31.20562171936035,0.026427855711422844,0.029005524861878452,0.019616788321167884,-0.009388736540710568,0.008292112909837392
851,5de6c12e02a9e36835018cc3abb08e3288d1688130193055566a10d153a20ef7:851,0.5,1,circular,ballistic,inside,False,72.04936218261719,0.031062124248496994,0.03138297872340425,0.030776515151515152,-0.0006064635718891001,0.010230750429189446
852,5de6c12e02a9e36835018cc3abb08e3288d1688130193055566a10d153a20ef7:852,0.5,2,elliptical,diffusive,inside,False,22.52174186706543,0.029559118236472944,0.029559118236472944,,,0.007447930234127509
853,5de6c12e02a9e36835018cc3abb08e3288d1688130193055566a10d153a20ef7:853,0.5,1,circular,ballistic,outside,False,80.76041412353516,0.028056112224448898,0.02590909090909091,0.030691964285714284,0.004782873376623375,0.005623733547255424
854,5de6c12e02a9e36835018cc3abb08e3288d1688130193055566a10d153a20ef7:854,0.5,0,elliptical,diffusive,outside,False,83.83525085449219,0.0344438877755511,0.0344438877755511,,,0.009072667686109445
855,5de6c12e02a9e36835018cc3abb08e3288d1688130193055566a10d153a20ef7:855,0.5,1,elliptical,ballistic,outside,False,80.49562072753906,0.027054108216432865,0.025,0.030726256983240222,0.005726256983240221,0.008031673117175049
856,5de6c12e02a9e36835018cc3abb08e3288d1688130193055566a10d153a20ef7:856,0.5,2,circular,diffusive,outside,False,35.76573181152344,0.030435871743486973,0.02910756501182033,0.03782894736842105,0.008721382356600721,0.0064925201316104394
857,5de6c12e02a9e36835018cc3abb08e3288d1688130193055566a10d153a20ef7:857,0.5,2,circular,diffusive,inside,False,23.799894332885746,0.03381763527054108,0.02507716049382716,0.038019287833827894,0.012942127340000734,0.014800772792307059
858,5de6c12e02a9e36835018cc3abb08e3288d1688130193055566a10d153a20ef7:858,0.5,1,elliptical,diffusive,edge,False,78.36155700683594,0.028056112224448898,0.028885135135135135,0.02567829457364341,-0.0032068405614917236,0.006996112246377225
859,5de6c12e02a9e36835018cc3abb08e3288d1688130193055566a10d153a20ef7:859,0.5,2,elliptical,ballistic,inside,False,6.581986904144287,0.04884769539078156,0.03245192307692308,0.07620320855614973,0.04375128547922665,0.019356775047045593
860,5de6c12e02a9e36835018cc3abb08e3288d1688130193055566a10d153a20ef7:860,0.5,0,elliptical,ballistic,inside,False,83.14276123046875,0.029934869739478957,0.031424581005586594,0.026152482269503546,-0.005272098736083048,0.007455298692100766
861,5de6c12e02a9e36835018cc3abb08e3288d1688130193055566a10d153a20ef7:861,0.5,0,elliptical,ballistic,edge,False,83.50531005859375,0.028807615230460923,0.0338855421686747,0.027794471153846152,-0.006091071014828545,0.009607619694772099
862,5de6c12e02a9e36835018cc3abb08e3288d1688130193055566a10d153a20ef7:862,0.5,2,circular,ballistic,outside,False,15.052360534667969,0.029809619238476952,0.03006152125279642,0.027644230769230768,-0.002417290483565652,0.01048220238121627
863,5de6c12e02a9e36835018cc3abb08e3288d1688130193055566a10d153a20ef7:863,0.5,0,circular,diffusive,inside,False,83.83525085449219,0.02717935871743487,0.025602409638554216,0.03031437125748503,0.0047119616189308135,0.006424508318252585
828,5de6c12e02a9e36835018cc3abb08e3288d1688130193055566a10d153a20ef7:828,1.0,2,elliptical,diffusive,edge,False,9.715347290039062,0.041791791791791794,0.02440239043824701,0.047627005347593586,0.023224614909346575,0.02789476577778773
829,5de6c12e02a9e36835018cc3abb08e3288d1688130193055566a10d153a20ef7:829,1.0,2,circular,diffusive,edge,False,7.707712650299072,0.030593093093093094,0.02532996894409938,0.04014084507042254,0.014810876126323157,0.007787719837150258
830,5de6c12e02a9e36835018cc3abb08e3288d1688130193055566a10d153a20ef7:830,1.0,1,circular,diffusive,outside,False,83.83525085449219,0.028653653653653653,0.030416012558869703,0.025552486187845305,-0.004863526371024399,0.007264803987484876
831,5de6c12e02a9e36835018cc3abb08e3288d1688130193055566a10d153a20ef7:831,1.0,0,elliptical,ballistic,outside,False,83.63834381103516,0.028653653653653653,0.026598837209302326,0.030206502636203867,0.0036076654269015414,0.008463306593136063
832,5de6c12e02a9e36835018cc3abb08e3288d1688130193055566a10d153a20ef7:832,1.0,1,circular,diffusive,edge,False,57.68746948242188,0.030217717717717717,0.028645833333333332,0.031103286384976527,0.002457453051643195,0.008227631122252249
833,5de6c12e02a9e36835018cc3abb08e3288d1688130193055566a10d153a20ef7:833,1.0,0,circular,diffusive,edge,False,83.83525085449219,0.03328328328328328,0.030303030303030304,0.03435374149659864,0.0040507111935683335,0.006889839788756859
834,5de6c12e02a9e36835018cc3abb08e3288d1688130193055566a10d153a20ef7:834,1.0,1,circular,ballistic,edge,False,47.77450942993164,0.02927927927927928,0.026041666666666668,0.031746031746031744,0.0057043650793650764,0.0057720533506860836
835,5de6c12e02a9e36835018cc3abb08e3288d1688130193055566a10d153a20ef7:835,1.0,0,elliptical,diffusive,edge,False,83.83525085449219,0.025025025025025027,0.02489517819706499,0.02514367816091954,0.000248499963854551,0.005085686044269663
836,5de6c12e02a9e36835018cc3abb08e3288d1688130193055566a10d153a20ef7:836,1.0,1,elliptical,ballistic,inside,False,58.34880828857422,0.03678678678678678,0.041044776119402986,0.03571428571428571,-0.005330490405117273,0.006375244846274774
837,5de6c12e02a9e36835018cc3abb08e3288d1688130193055566a10d153a20ef7:837,1.0,2,circular,ballistic,edge,False,5.928542613983154,0.06012262262262262,0.030608974358974358,0.07902298850574713,0.048414014146772766,0.03060780263391299
838,5de6c12e02a9e36835018cc3abb08e3288d1688130193055566a10d153a20ef7:838,1.0,0,circular,ballistic,outside,False,83.83101654052734,0.028403403403403405,0.025094696969696968,0.030576285240464345,0.005481588270767376,0.00439009128950171
839,5de6c12e02a9e36835018cc3abb08e3288d1688130193055566a10d153a20ef7:839,1.0,0,circular,ballistic,edge,False,81.72338104248047,0.028465965965965966,0.031512605042016806,0.028053977272727272,-0.0034586277692895337,0.006263446818752164
840,5de6c12e02a9e36835018cc3abb08e3288d1688130193055566a10d153a20ef7:840,1.0,1,circular,diffusive,inside,False,79.53812408447266,0.034847347347347346,0.033644400785854615,0.03609693877551021,0.0024525379896555913,0.009064233682676993
841,5de6c12e02a9e36835018cc3abb08e3288d1688130193055566a10d153a20ef7:841,1.0,1,elliptical,ballistic,edge,False,66.5129165649414,0.030405405405405407,0.02950507614213198,0.03170955882352941,0.0022044826813974287,0.007151861442664283
842,5de6c12e02a9e36835018cc3abb08e3288d1688130193055566a10d153a20ef7:842,1.0,1,elliptical,diffusive,outside,False,73.76661682128906,0.027965465465465467,0.026927437641723357,0.02878584229390681,0.001858404652183454,0.005703496380471644
843,5de6c12e02a9e36835018cc3abb08e3288d1688130193055566a10d153a20ef7:843,1.0,0,circular,ballistic,inside,False,83.25736999511719,0.028903903903903905,0.028044871794871796,0.030333333333333334,0.002288461538461538,0.00910494877989309
844,5de6c12e02a9e36835018cc3abb08e3288d1688130193055566a10d153a20ef7:844,1.0,2,elliptical,diffusive,outside,False,5.792542934417725,0.05855855855855856,0.025980392156862746,0.06972446236559139,0.04374407020872864,0.040450845547901404
845,5de6c12e02a9e36835018cc3abb08e3288d1688130193055566a10d153a20ef7:845,1.0,2,elliptical,ballistic,edge,False,21.617507934570312,0.04585835835835836,0.03206928838951311,0.050887978142076504,0.018818689752563393,0.011238820650679797
846,5de6c12e02a9e36835018cc3abb08e3288d1688130193055566a10d153a20ef7:846,1.0,0,elliptical,diffusive,inside,False,83.81266021728516,0.029341841841841843,0.02586206896551724,0.03235981308411215,0.006497744118594908,0.00789355102202595
847,5de6c12e02a9e36835018cc3abb08e3288d1688130193055566a10d153a20ef7:847,1.0,0,circular,diffusive,outside,False,83.83525085449219,0.031156156156156155,0.0322242206235012,0.030390893470790378,-0.0018333271527108223,0.007085883450834719
848,5de6c12e02a9e36835018cc3abb08e3288d1688130193055566a10d153a20ef7:848,1.0,2,circular,ballistic,inside,False,7.414332866668701,0.07107107107107107,0.027623456790123457,0.10069444444444445,0.07307098765432099,0.027796934479603328
849,5de6c12e02a9e36835018cc3abb08e3288d1688130193055566a10d153a20ef7:849,1.0,1,elliptical,diffusive,inside,False,56.81852340698242,0.03397147147147147,0.02826086956521739,0.034714366515837106,0.006453496950619714,0.01085473982543936
850,5de6c12e02a9e36835018cc3abb08e3288d1688130193055566a10d153a20ef7:850,1.0,2,elliptical,ballistic,outside,False,31.20562171936035,0.03397147147147147,0.029005524861878452,0.03679356357927786,0.007788038717399411,0.010656775493129149
851,5de6c12e02a9e36835018cc3abb08e3288d1688130193055566a10d153a20ef7:851,1.0,1,circular,ballistic,inside,False,72.04936218261719,0.03078078078078078,0.03138297872340425,0.030595549738219895,-0.0007874289851843574,0.010746201478270214
852,5de6c12e02a9e36835018cc3abb08e3288d1688130193055566a10d153a20ef7:852,1.0,2,elliptical,diffusive,inside,False,22.52174186706543,0.0381006006006006,0.028273809523809524,0.0499448123620309,0.02167100283822138,0.014731723391187973
853,5de6c12e02a9e36835018cc3abb08e3288d1688130193055566a10d153a20ef7:853,1.0,1,circular,ballistic,outside,False,80.76041412353516,0.027902902902902902,0.02590909090909091,0.028660220994475138,0.0027511300853842284,0.006077269491782227
854,5de6c12e02a9e36835018cc3abb08e3288d1688130193055566a10d153a20ef7:854,1.0,0,elliptical,diffusive,outside,False,83.83525085449219,0.0340965965965966,0.03438545150501672,0.03366583541147132,-0.0007196160935453999,0.006941625738948432
855,5de6c12e02a9e36835018cc3abb08e3288d1688130193055566a10d153a20ef7:855,1.0,1,elliptical,ballistic,outside,False,80.49562072753906,0.028215715715715715,0.025,0.02973122238586156,0.004731222385861558,0.007741342945691983
856,5de6c12e02a9e36835018cc3abb08e3288d1688130193055566a10d153a20ef7:856,1.0,2,circular,diffusive,outside,False,35.76573181152344,0.03453453453453453,0.02910756501182033,0.038519965277777776,0.009412400265957445,0.005528208717310941
857,5de6c12e02a9e36835018cc3abb08e3288d1688130193055566a10d153a20ef7:857,1.0,2,circular,diffusive,inside,False,23.799894332885746,0.043105605605605606,0.02507716049382716,0.04659498207885305,0.02151782158502589,0.019073990514866263
858,5de6c12e02a9e36835018cc3abb08e3288d1688130193055566a10d153a20ef7:858,1.0,1,elliptical,diffusive,edge,False,78.36155700683594,0.028966466466466466,0.028885135135135135,0.02901430842607313,0.0001291732909379957,0.006147388610872052
859,5de6c12e02a9e36835018cc3abb08e3288d1688130193055566a10d153a20ef7:859,1.0,2,elliptical,ballistic,inside,False,6.581986904144287,0.09284284284284285,0.03245192307692308,0.1202692867540029,0.08781736367707982,0.03651081684176841
860,5de6c12e02a9e36835018cc3abb08e3288d1688130193055566a10d153a20ef7:860,1.0,0,elliptical,ballistic,inside,False,83.14276123046875,0.030905905905905907,0.031424581005586594,0.03061622464898596,-0.0008083563566006341,0.005650061013451269
861,5de6c12e02a9e36835018cc3abb08e3288d1688130193055566a10d153a20ef7:861,1.0,0,elliptical,ballistic,edge,False,83.50531005859375,0.029404404404404404,0.0338855421686747,0.028998362445414847,-0.00488717972325985,0.008804222063189327
862,5de6c12e02a9e36835018cc3abb08e3288d1688130193055566a10d153a20ef7:862,1.0,2,circular,ballistic,outside,False,15.052360534667969,0.03878878878878879,0.03006152125279642,0.04585597826086957,0.015794457008073148,0.01115509964365499
863,5de6c12e02a9e36835018cc3abb08e3288d1688130193055566a10d153a20ef7:863,1.0,0,circular,diffusive,inside,False,83.83525085449219,0.027214714714714715,0.025602409638554216,0.028017241379310345,0.0024148317407561293,0.005640007207701471
864,5de6c12e02a9e36835018cc3abb08e3288d1688130193055566a10d153a20ef7:864,0.25,0,elliptical,diffusive,inside,False,83.83525085449219,0.033634538152610444,0.033634538152610444,,,0.010986982243092013
865,5de6c12e02a9e36835018cc3abb08e3288d1688130193055566a10d153a20ef7:865,0.25,0,circular,ballistic,outside,False,81.86161804199219,0.027610441767068273,0.028361344537815126,0.011363636363636364,-0.016997708174178762,0.006640942045844857
866,5de6c12e02a9e36835018cc3abb08e3288d1688130193055566a10d153a20ef7:866,0.25,2,circular,diffusive,outside,False,54.05246353149414,0.03162650602409638,0.03162650602409638,,,0.013535611207542935
867,5de6c12e02a9e36835018cc3abb08e3288d1688130193055566a10d153a20ef7:867,0.25,2,elliptical,ballistic,edge,False,2.555655002593994,0.03438755020080321,0.03438755020080321,,,0.013411696794570828
868,5de6c12e02a9e36835018cc3abb08e3288d1688130193055566a10d153a20ef7:868,0.25,0,circular,ballistic,inside,False,83.07440185546875,0.027359437751004016,0.027359437751004016,,,0.010527217357184121
869,5de6c12e02a9e36835018cc3abb08e3288d1688130193055566a10d153a20ef7:869,0.25,1,circular,ballistic,inside,False,73.42520141601562,0.0303714859437751,0.0303714859437751,,,0.010062099524511769
870,5de6c12e02a9e36835018cc3abb08e3288d1688130193055566a10d153a20ef7:870,0.25,0,elliptical,diffusive,outside,False,83.83525085449219,0.02208835341365462,0.02208835341365462,,,0.009418505541814115
871,5de6c12e02a9e36835018cc3abb08e3288d1688130193055566a10d153a20ef7:871,0.25,1,elliptical,diffusive,outside,False,76.98214721679688,0.029116465863453816,0.029116465863453816,,,0.012214382590960282
872,5de6c12e02a9e36835018cc3abb08e3288d1688130193055566a10d153a20ef7:872,0.25,0,circular,diffusive,outside,False,83.78861999511719,0.03162650602409638,0.03162650602409638,,,0.007760855840231078
873,5de6c12e02a9e36835018cc3abb08e3288d1688130193055566a10d153a20ef7:873,0.25,2,circular,ballistic,outside,False,58.56804656982422,0.03162650602409638,0.03162650602409638,,,0.012650203984291317
874,5de6c12e02a9e36835018cc3abb08e3288d1688130193055566a10d153a20ef7:874,0.25,0,elliptical,ballistic,outside,False,83.09674835205078,0.020080321285140562,0.020080321285140562,,,0.0047092527709070575
875,5de6c12e02a9e36835018cc3abb08e3288d1688130193055566a10d153a20ef7:875,0.25,0,elliptical,ballistic,inside,False,83.8352279663086,0.030873493975903613,0.030873493975903613,,,0.013945978296274199
876,5de6c12e02a9e36835018cc3abb08e3288d1688130193055566a10d153a20ef7:876,0.25,1,elliptical,diffusive,edge,False,78.74073791503906,0.02710843373493976,0.02710843373493976,,,0.010998444929822613
877,5de6c12e02a9e36835018cc3abb08e3288d1688130193055566a10d153a20ef7:877,0.25,2,circular,ballistic,inside,False,42.18343353271485,0.030873493975903613,0.030873493975903613,,,0.0044830750751736325
878,5de6c12e02a9e36835018cc3abb08e3288d1688130193055566a10d153a20ef7:878,0.25,1,circular,ballistic,outside,False,77.18165588378906,0.03463855421686747,0.03463855421686747,,,0.011611479423916042
879,5de6c12e02a9e36835018cc3abb08e3288d1688130193055566a10d153a20ef7:879,0.25,1,circular,diffusive,edge,False,56.98994064331055,0.026857429718875503,0.026857429718875503,,,0.006344992299078584
880,5de6c12e02a9e36835018cc3abb08e3288d1688130193055566a10d153a20ef7:880,0.25,2,elliptical,diffusive,edge,False,17.651689529418945,0.024849397590361446,0.024849397590361446,,,0.008214391652587135
881,5de6c12e02a9e36835018cc3abb08e3288d1688130193055566a10d153a20ef7:881,0.25,1,circular,diffusive,inside,False,67.8559341430664,0.028112449799196786,0.029367469879518073,0.025602409638554216,-0.003765060240963857,0.01237834137142365
882,5de6c12e02a9e36835018cc3abb08e3288d1688130193055566a10d153a20ef7:882,0.25,2,circular,diffusive,inside,False,17.63922691345215,0.025602409638554216,0.025602409638554216,,,0.007010160664542641
883,5de6c12e02a9e36835018cc3abb08e3288d1688130193055566a10d153a20ef7:883,0.25,0,circular,diffusive,edge,False,81.56037139892578,0.02359437751004016,0.02359437751004016,,,0.009022189134343085
884,5de6c12e02a9e36835018cc3abb08e3288d1688130193055566a10d153a20ef7:884,0.25,2,elliptical,ballistic,outside,False,27.95750617980957,0.026606425702811246,0.025669642857142856,0.02854938271604938,0.002879739858906525,0.005745744549327107
885,5de6c12e02a9e36835018cc3abb08e3288d1688130193055566a10d153a20ef7:885,0.25,1,elliptical,diffusive,inside,False,83.83525085449219,0.028363453815261043,0.028363453815261043,,,0.007805377412382637
886,5de6c12e02a9e36835018cc3abb08e3288d1688130193055566a10d153a20ef7:886,0.25,1,elliptical,ballistic,inside,False,58.546817779541016,0.03162650602409638,0.03024193548387097,0.03245192307692308,0.002209987593052111,0.01338583496583673
887,5de6c12e02a9e36835018cc3abb08e3288d1688130193055566a10d153a20ef7:887,0.25,2,elliptical,diffusive,outside,False,60.28866195678711,0.03137550200803213,0.03137550200803213,,,0.0068049406183363255
888,5de6c12e02a9e36835018cc3abb08e3288d1688130193055566a10d153a20ef7:888,0.25,1,circular,diffusive,outside,False,81.8946762084961,0.026857429718875503,0.023085585585585586,0.029891304347826088,0.006805718762240502,0.008574644002278475
889,5de6c12e02a9e36835018cc3abb08e3288d1688130193055566a10d153a20ef7:889,0.25,2,elliptical,ballistic,inside,False,6.536778926849365,0.028363453815261043,0.028363453815261043,,,0.005891914956980674
890,5de6c12e02a9e36835018cc3abb08e3288d1688130193055566a10d153a20ef7:890,0.25,2,circular,diffusive,edge,False,45.35764694213867,0.030622489959839357,0.030622489959839357,,,0.016732764369978875
891,5de6c12e02a9e36835018cc3abb08e3288d1688130193055566a10d153a20ef7:891,0.25,0,circular,diffusive,inside,False,82.42835998535156,0.022590361445783132,0.022590361445783132,,,0.011258866210846288
892,5de6c12e02a9e36835018cc3abb08e3288d1688130193055566a10d153a20ef7:892,0.25,1,elliptical,ballistic,outside,False,80.10455322265625,0.03765060240963856,0.030357142857142857,0.04296875,0.012611607142857143,0.010127631025016072
893,5de6c12e02a9e36835018cc3abb08e3288d1688130193055566a10d153a20ef7:893,0.25,2,elliptical,diffusive,inside,False,59.53057098388672,0.0303714859437751,0.0303714859437751,,,0.012796282225432616
894,5de6c12e02a9e36835018cc3abb08e3288d1688130193055566a10d153a20ef7:894,0.25,0,circular,ballistic,edge,False,83.45123291015625,0.025602409638554216,0.025602409638554216,,,0.014118836456250233
895,5de6c12e02a9e36835018cc3abb08e3288d1688130193055566a10d153a20ef7:895,0.25,0,elliptical,diffusive,edge,False,83.83293151855469,0.03187751004016064,0.027828467153284672,0.036830357142857144,0.009001889989572472,0.013855330742964439
896,5de6c12e02a9e36835018cc3abb08e3288d1688130193055566a10d153a20ef7:896,0.25,1,circular,ballistic,edge,False,59.52920150756836,0.029869477911646587,0.03212290502793296,0.024107142857142858,-0.008015762170790103,0.006767805603771467
897,5de6c12e02a9e36835018cc3abb08e3288d1688130193055566a10d153a20ef7:897,0.25,0,elliptical,ballistic,edge,False,82.76909637451172,0.03137550200803213,0.03137550200803213,,,0.00952162486867001
898,5de6c12e02a9e36835018cc3abb08e3288d1688130193055566a10d153a20ef7:898,0.25,2,circular,ballistic,edge,False,53.7257080078125,0.038654618473895584,0.051075268817204304,0.03125,-0.019825268817204304,0.006003142943323995
899,5de6c12e02a9e36835018cc3abb08e3288d1688130193055566a10d153a20ef7:899,0.25,1,elliptical,ballistic,edge,False,61.16168212890625,0.022339357429718876,0.022339357429718876,,,0.008777966089380376
864,5de6c12e02a9e36835018cc3abb08e3288d1688130193055566a10d153a20ef7:864,0.5,0,elliptical,diffusive,inside,False,83.83525085449219,0.033066132264529056,0.03345435684647303,0.022058823529411766,-0.011395533317061262,0.00857577293017219
865,5de6c12e02a9e36835018cc3abb08e3288d1688130193055566a10d153a20ef7:865,0.5,0,circular,ballistic,outside,False,81.86161804199219,0.027429859719438877,0.028361344537815126,0.02658045977011494,-0.0017808847677001846,0.005180891252491591
866,5de6c12e02a9e36835018cc3abb08e3288d1688130193055566a10d153a20ef7:866,0.5,2,circular,diffusive,outside,False,54.05246353149414,0.032439879759519036,0.032439879759519036,,,0.00729362392862759
867,5de6c12e02a9e36835018cc3abb08e3288d1688130193055566a10d153a20ef7:867,0.5,2,elliptical,ballistic,edge,False,2.555655002593994,0.027680360721442886,0.027960526315789474,0.0,-0.027960526315789474,0.010180793418210519
868,5de6c12e02a9e36835018cc3abb08e3288d1688130193055566a10d153a20ef7:868,0.5,0,circular,ballistic,inside,False,83.07440185546875,0.030561122244488977,0.029705882352941176,0.03547297297297297,0.005767090620031796,0.011358501050856347
869,5de6c12e02a9e36835018cc3abb08e3288d1688130193055566a10d153a20ef7:869,0.5,1,circular,ballistic,inside,False,73.42520141601562,0.033066132264529056,0.03276353276353276,0.033783783783783786,0.0010202510202510229,0.006376714459598125
870,5de6c12e02a9e36835018cc3abb08e3288d1688130193055566a10d153a20ef7:870,0.5,0,elliptical,diffusive,outside,False,83.83525085449219,0.02317134268537074,0.02332657200811359,0.010416666666666666,-0.012909905341446924,0.006083358940170786
871,5de6c12e02a9e36835018cc3abb08e3288d1688130193055566a10d153a20ef7:871,0.5,1,elliptical,diffusive,outside,False,76.98214721679688,0.02968436873747495,0.02968436873747495,,,0.01057977570125852
872,5de6c12e02a9e36835018cc3abb08e3288d1688130193055566a10d153a20ef7:872,0.5,0,circular,diffusive,outside,False,83.78861999511719,0.029433867735470944,0.030405405405405407,0.027484939759036143,-0.0029204656463692642,0.008933267535587078
873,5de6c12e02a9e36835018cc3abb08e3288d1688130193055566a10d153a20ef7:873,0.5,2,circular,ballistic,outside,False,58.56804656982422,0.028306613226452906,0.028306613226452906,,,0.005528075273224928
874,5de6c12e02a9e36835018cc3abb08e3288d1688130193055566a10d153a20ef7:874,0.5,0,elliptical,ballistic,outside,False,83.09674835205078,0.019914829659318636,0.019914829659318636,,,0.0036623726245524663
875,5de6c12e02a9e36835018cc3abb08e3288d1688130193055566a10d153a20ef7:875,0.5,0,elliptical,ballistic,inside,False,83.8352279663086,0.029433867735470944,0.029433867735470944,,,0.010400317724408206
876,5de6c12e02a9e36835018cc3abb08e3288d1688130193055566a10d153a20ef7:876,0.5,1,elliptical,diffusive,edge,False,78.74073791503906,0.028306613226452906,0.028306613226452906,,,0.008090057746470513
877,5de6c12e02a9e36835018cc3abb08e3288d1688130193055566a10d153a20ef7:877,0.5,2,circular,ballistic,inside,False,42.18343353271485,0.029934869739478957,0.02980769230769231,0.03125,0.0014423076923076907,0.005264992373993914
878,5de6c12e02a9e36835018cc3abb08e3288d1688130193055566a10d153a20ef7:878,0.5,1,circular,ballistic,outside,False,77.18165588378906,0.030185370741482965,0.032043147208121826,0.023214285714285715,-0.008828861493836111,0.008299676982479616
879,5de6c12e02a9e36835018cc3abb08e3288d1688130193055566a10d153a20ef7:879,0.5,1,circular,diffusive,edge,False,56.98994064331055,0.029433867735470944,0.027158774373259052,0.03526785714285714,0.00810908276959809,0.0062562593906523925
880,5de6c12e02a9e36835018cc3abb08e3288d1688130193055566a10d153a20ef7:880,0.5,2,elliptical,diffusive,edge,False,17.651689529418945,0.027930861723446894,0.02625,0.030464824120603015,0.004214824120603016,0.006986014412517205
881,5de6c12e02a9e36835018cc3abb08e3288d1688130193055566a10d153a20ef7:881,0.5,1,circular,diffusive,inside,False,67.8559341430664,0.026427855711422844,0.029367469879518073,0.024962462462462462,-0.004405007417055611,0.009905881507863779
882,5de6c12e02a9e36835018cc3abb08e3288d1688130193055566a10d153a20ef7:882,0.5,2,circular,diffusive,inside,False,17.63922691345215,0.024173346693386773,0.023818051575931233,0.025,0.0011819484240687683,0.006246221262420682
883,5de6c12e02a9e36835018cc3abb08e3288d1688130193055566a10d153a20ef7:883,0.5,0,circular,diffusive,edge,False,81.56037139892578,0.025175350701402806,0.023507882882882882,0.038636363636363635,0.015128480753480753,0.008968320711394312
884,5de6c12e02a9e36835018cc3abb08e3288d1688130193055566a10d153a20ef7:884,0.5,2,elliptical,ballistic,outside,False,27.95750617980957,0.029559118236472944,0.025669642857142856,0.03153323262839879,0.0058635897712559365,0.007067502995824592
885,5de6c12e02a9e36835018cc3abb08e3288d1688130193055566a10d153a20ef7:885,0.5,1,elliptical,diffusive,inside,False,83.83525085449219,0.031813627254509015,0.031813627254509015,,,0.008228490834497415
886,5de6c12e02a9e36835018cc3abb08e3288d1688130193055566a10d153a20ef7:886,0.5,1,elliptical,ballistic,inside,False,58.546817779541016,0.028557114228456915,0.03024193548387097,0.028171182266009853,-0.002070753217861116,0.009688917638183225
887,5de6c12e02a9e36835018cc3abb08e3288d1688130193055566a10d153a20ef7:887,0.5,2,elliptical,diffusive,outside,False,60.28866195678711,0.02968436873747495,0.02978395061728395,0.02925531914893617,-0.0005286314683477789,0.005926612306774038
888,5de6c12e02a9e36835018cc3abb08e3288d1688130193055566a10d153a20ef7:888,0.5,1,circular,diffusive,outside,False,81.8946762084961,0.029809619238476952,0.023085585585585586,0.03173324742268041,0.008647661837094825,0.007949214254820858
889,5de6c12e02a9e36835018cc3abb08e3288d1688130193055566a10d153a20ef7:889,0.5,2,elliptical,ballistic,inside,False,6.536778926849365,0.031062124248496994,0.030570652173913044,0.03685897435897436,0.006288322185061316,0.006493728154717295
890,5de6c12e02a9e36835018cc3abb08e3288d1688130193055566a10d153a20ef7:890,0.5,2,circular,diffusive,edge,False,45.35764694213867,0.028932865731462927,0.028932865731462927,,,0.010633022497156228
891,5de6c12e02a9e36835018cc3abb08e3288d1688130193055566a10d153a20ef7:891,0.5,0,circular,diffusive,inside,False,82.42835998535156,0.028807615230460923,0.029222595078299777,0.025240384615384616,-0.003982210462915161,0.012042299941605125
892,5de6c12e02a9e36835018cc3abb08e3288d1688130193055566a10d153a20ef7:892,0.5,1,elliptical,ballistic,outside,False,80.10455322265625,0.03281563126252505,0.030357142857142857,0.033470812182741116,0.0031136693255982596,0.008817492939277576
893,5de6c12e02a9e36835018cc3abb08e3288d1688130193055566a10d153a20ef7:893,0.5,2,elliptical,diffusive,inside,False,59.53057098388672,0.03294088176352705,0.029810855263157895,0.03782051282051282,0.008009657557354923,0.013173947485771378
894,5de6c12e02a9e36835018cc3abb08e3288d1688130193055566a10d153a20ef7:894,0.5,0,circular,ballistic,edge,False,83.45123291015625,0.028056112224448898,0.028056112224448898,,,0.008109425879879081
895,5de6c12e02a9e36835018cc3abb08e3288d1688130193055566a10d153a20ef7:895,0.5,0,elliptical,diffusive,edge,False,83.83293151855469,0.03093687374749499,0.027828467153284672,0.03211325966850829,0.004284792515223616,0.008640469153811213
896,5de6c12e02a9e36835018cc3abb08e3288d1688130193055566a10d153a20ef7:896,0.5,1,circular,ballistic,edge,False,59.52920150756836,0.032690380761523044,0.03212290502793296,0.0330078125,0.0008849074720670355,0.007310810695146538
897,5de6c12e02a9e36835018cc3abb08e3288d1688130193055566a10d153a20ef7:897,0.5,0,elliptical,ballistic,edge,False,82.76909637451172,0.031187374749498998,0.031524122807017545,0.027616279069767442,-0.003907843737250102,0.007285015340288511
898,5de6c12e02a9e36835018cc3abb08e3288d1688130193055566a10d153a20ef7:898,0.5,2,circular,ballistic,edge,False,53.7257080078125,0.038952905811623244,0.051075268817204304,0.03617610837438424,-0.014899160442820067,0.008464376592621722
899,5de6c12e02a9e36835018cc3abb08e3288d1688130193055566a10d153a20ef7:899,0.5,1,elliptical,ballistic,edge,False,61.16168212890625,0.023922845691382765,0.023504273504273504,0.02491554054054054,0.0014112670362670353,0.009010204515241833
864,5de6c12e02a9e36835018cc3abb08e3288d1688130193055566a10d153a20ef7:864,1.0,0,elliptical,diffusive,inside,False,83.83525085449219,0.03028028028028028,0.03345435684647303,0.027321083172147,-0.006133273674326027,0.007652094520230559
865,5de6c12e02a9e36835018cc3abb08e3288d1688130193055566a10d153a20ef7:865,1.0,0,circular,ballistic,outside,False,81.86161804199219,0.027527527527527528,0.028361344537815126,0.027266754270696452,-0.0010945902671186739,0.004728339246168964
866,5de6c12e02a9e36835018cc3abb08e3288d1688130193055566a10d153a20ef7:866,1.0,2,circular,diffusive,outside,False,54.05246353149414,0.030905905905905907,0.031828703703703706,0.0298202614379085,-0.002008442265795208,0.004064159601829759
867,5de6c12e02a9e36835018cc3abb08e3288d1688130193055566a10d153a20ef7:867,1.0,2,elliptical,ballistic,edge,False,2.555655002593994,0.07789039039039039,0.027960526315789474,0.12673267326732673,0.09877214695153726,0.033301094735883774
868,5de6c12e02a9e36835018cc3abb08e3288d1688130193055566a10d153a20ef7:868,1.0,0,circular,ballistic,inside,False,83.07440185546875,0.030405405405405407,0.029705882352941176,0.03092334494773519,0.0012174625947940151,0.009435961036588024
869,5de6c12e02a9e36835018cc3abb08e3288d1688130193055566a10d153a20ef7:869,1.0,1,circular,ballistic,inside,False,73.42520141601562,0.03121871871871872,0.03276353276353276,0.030381944444444444,-0.0023815883190883187,0.005814953766878509
870,5de6c12e02a9e36835018cc3abb08e3288d1688130193055566a10d153a20ef7:870,1.0,0,elliptical,diffusive,outside,False,83.83525085449219,0.025713213213213213,0.02332657200811359,0.028038537549407116,0.004711965541293526,0.005717205080406765
871,5de6c12e02a9e36835018cc3abb08e3288d1688130193055566a10d153a20ef7:871,1.0,1,elliptical,diffusive,outside,False,76.98214721679688,0.02902902902902903,0.03016826923076923,0.027792275574112735,-0.0023759936566564964,0.006935138368644153
872,5de6c12e02a9e36835018cc3abb08e3288d1688130193055566a10d153a20ef7:872,1.0,0,circular,diffusive,outside,False,83.78861999511719,0.03053053053053053,0.030405405405405407,0.030593093093093094,0.00018768768768768693,0.009225379675258638
873,5de6c12e02a9e36835018cc3abb08e3288d1688130193055566a10d153a20ef7:873,1.0,2,circular,ballistic,outside,False,58.56804656982422,0.028465965965965966,0.027147487844408427,0.030595549738219895,0.003448061893811468,0.005311189415496454
874,5de6c12e02a9e36835018cc3abb08e3288d1688130193055566a10d153a20ef7:874,1.0,0,elliptical,ballistic,outside,False,83.09674835205078,0.02902902902902903,0.023824257425742575,0.03705470737913486,0.013230449953392287,0.007360080665591964
875,5de6c12e02a9e36835018cc3abb08e3288d1688130193055566a10d153a20ef7:875,1.0,0,elliptical,ballistic,inside,False,83.8352279663086,0.029779779779779778,0.0285,0.031918449197860965,0.003418449197860964,0.009991223612451014
876,5de6c12e02a9e36835018cc3abb08e3288d1688130193055566a10d153a20ef7:876,1.0,1,elliptical,diffusive,edge,False,78.74073791503906,0.025087587587587588,0.028179190751445087,0.021744791666666666,-0.006434399084778421,0.005439346204994534
877,5de6c12e02a9e36835018cc3abb08e3288d1688130193055566a10d153a20ef7:877,1.0,2,circular,ballistic,inside,False,42.18343353271485,0.034784784784784785,0.02980769230769231,0.03894761029411765,0.009139917986425338,0.006912526184651218
878,5de6c12e02a9e36835018cc3abb08e3288d1688130193055566a10d153a20ef7:878,1.0,1,circular,ballistic,outside,False,77.18165588378906,0.029404404404404404,0.032043147208121826,0.02768595041322314,-0.004357196794898686,0.005139277471950162
879,5de6c12e02a9e36835018cc3abb08e3288d1688130193055566a10d153a20ef7:879,1.0,1,circular,diffusive,edge,False,56.98994064331055,0.03265765765765766,0.027158774373259052,0.0357421875,0.00858341312674095,0.00859182402407552
880,5de6c12e02a9e36835018cc3abb08e3288d1688130193055566a10d153a20ef7:880,1.0,2,elliptical,diffusive,edge,False,17.651689529418945,0.03209459459459459,0.02625,0.03460300429184549,0.008353004291845493,0.009253973750466254
881,5de6c12e02a9e36835018cc3abb08e3288d1688130193055566a10d153a20ef7:881,1.0,1,circular,diffusive,inside,False,67.8559341430664,0.028403403403403405,0.029367469879518073,0.028211284513805522,-0.001156185365712551,0.007156238347261664
882,5de6c12e02a9e36835018cc3abb08e3288d1688130193055566a10d153a20ef7:882,1.0,2,circular,diffusive,inside,False,17.63922691345215,0.03647397397397397,0.023818051575931233,0.04326923076923077,0.019451179193299535,0.01178951611125686
883,5de6c12e02a9e36835018cc3abb08e3288d1688130193055566a10d153a20ef7:883,1.0,0,circular,diffusive,edge,False,81.56037139892578,0.026026026026026026,0.023507882882882882,0.028040540540540542,0.00453265765765766,0.005712068173430093
884,5de6c12e02a9e36835018cc3abb08e3288d1688130193055566a10d153a20ef7:884,1.0,2,elliptical,ballistic,outside,False,27.95750617980957,0.0376001001001001,0.025669642857142856,0.04001203369434416,0.014342390837201305,0.012347352165703476
885,5de6c12e02a9e36835018cc3abb08e3288d1688130193055566a10d153a20ef7:885,1.0,1,elliptical,diffusive,inside,False,83.83525085449219,0.029779779779779778,0.03187250996015936,0.02766599597585513,-0.00420651398430423,0.00862183842690301
886,5de6c12e02a9e36835018cc3abb08e3288d1688130193055566a10d153a20ef7:886,1.0,1,elliptical,ballistic,inside,False,58.546817779541016,0.032407407407407406,0.03024193548387097,0.03262969094922737,0.0023877554653564045,0.00857358233890185
887,5de6c12e02a9e36835018cc3abb08e3288d1688130193055566a10d153a20ef7:887,1.0,2,elliptical,diffusive,outside,False,60.28866195678711,0.029717217217217217,0.02978395061728395,0.029671717171717172,-0.0001122334455667777,0.005134324684770853
888,5de6c12e02a9e36835018cc3abb08e3288d1688130193055566a10d153a20ef7:888,1.0,1,circular,diffusive,outside,False,81.8946762084961,0.031031031031031032,0.023085585585585586,0.032024211711711714,0.008938626126126129,0.0071178491758397845
889,5de6c12e02a9e36835018cc3abb08e3288d1688130193055566a10d153a20ef7:889,1.0,2,elliptical,ballistic,inside,False,6.536778926849365,0.07038288288288289,0.030570652173913044,0.10435992578849722,0.07378927361458418,0.02100304521822894
890,5de6c12e02a9e36835018cc3abb08e3288d1688130193055566a10d153a20ef7:890,1.0,2,circular,diffusive,edge,False,45.35764694213867,0.03028028028028028,0.029523809523809525,0.031118143459915613,0.0015943339361060883,0.007733502072253475
891,5de6c12e02a9e36835018cc3abb08e3288d1688130193055566a10d153a20ef7:891,1.0,0,circular,diffusive,inside,False,82.42835998535156,0.029842342342342343,0.029222595078299777,0.030344202898550724,0.0011216078202509472,0.008128078432344615
892,5de6c12e02a9e36835018cc3abb08e3288d1688130193055566a10d153a20ef7:892,1.0,1,elliptical,ballistic,outside,False,80.10455322265625,0.03028028028028028,0.030357142857142857,0.03027125279642058,-8.589006072227609e-05,0.008258258258258258
893,5de6c12e02a9e36835018cc3abb08e3288d1688130193055566a10d153a20ef7:893,1.0,2,elliptical,diffusive,inside,False,59.53057098388672,0.03246996996996997,0.029810855263157895,0.033633093525179854,0.0038222382620219583,0.011170352390066484
894,5de6c12e02a9e36835018cc3abb08e3288d1688130193055566a10d153a20ef7:894,1.0,0,circular,ballistic,edge,False,83.45123291015625,0.02583833833833834,0.02821869488536155,0.02271412037037037,-0.00550457451499118,0.007921270355920135
895,5de6c12e02a9e36835018cc3abb08e3288d1688130193055566a10d153a20ef7:895,1.0,0,elliptical,diffusive,edge,False,83.83293151855469,0.032344844844844844,0.027828467153284672,0.03306264501160093,0.005234177858316258,0.007655929836411671
896,5de6c12e02a9e36835018cc3abb08e3288d1688130193055566a10d153a20ef7:896,1.0,1,circular,ballistic,edge,False,59.52920150756836,0.033596096096096095,0.03212290502793296,0.03391768292682927,0.001794777898896309,0.007463323015230475
897,5de6c12e02a9e36835018cc3abb08e3288d1688130193055566a10d153a20ef7:897,1.0,0,elliptical,ballistic,edge,False,82.76909637451172,0.028528528528528527,0.031524122807017545,0.026012891344383057,-0.005511231462634488,0.006236204101289845
898,5de6c12e02a9e36835018cc3abb08e3288d1688130193055566a10d153a20ef7:898,1.0,2,circular,ballistic,edge,False,53.7257080078125,0.0376001001001001,0.051075268817204304,0.03621688741721854,-0.014858381399985764,0.0076375027538575745
899,5de6c12e02a9e36835018cc3abb08e3288d1688130193055566a10d153a20ef7:899,1.0,1,elliptical,ballistic,edge,False,61.16168212890625,0.02759009009009009,0.023504273504273504,0.02980324074074074,0.006298967236467237,0.009847395044229976
900,5de6c12e02a9e36835018cc3abb08e3288d1688130193055566a10d153a20ef7:900,0.25,2,circular,diffusive,outside,False,37.09272766113281,0.0321285140562249,0.0321285140562249,,,0.010530209318977425
901,5de6c12e02a9e36835018cc3abb08e3288d1688130193055566a10d153a20ef7:901,0.25,0,elliptical,ballistic,edge,False,83.75745391845703,0.03714859437751004,0.03714859437751004,,,0.01423438441642352
902,5de6c12e02a9e36835018cc3abb08e3288d1688130193055566a10d153a20ef7:902,0.25,1,circular,ballistic,outside,False,77.65486145019531,0.029367469879518073,0.029367469879518073,,,0.005584486812572036
903,5de6c12e02a9e36835018cc3abb08e3288d1688130193055566a10d153a20ef7:903,0.25,0,elliptical,diffusive,inside,False,82.0911636352539,0.03187751004016064,0.03187751004016064,,,0.008121832172371201
904,5de6c12e02a9e36835018cc3abb08e3288d1688130193055566a10d153a20ef7:904,0.25,1,elliptical,ballistic,edge,False,79.31729125976562,0.025853413654618473,0.025853413654618473,,,0.00894856599898388
905,5de6c12e02a9e36835018cc3abb08e3288d1688130193055566a10d153a20ef7:905,0.25,1,elliptical,diffusive,edge,False,58.84187316894531,0.025100401606425703,0.024655963302752295,0.028225806451612902,0.0035698431488606075,0.010719958084368786
906,5de6c12e02a9e36835018cc3abb08e3288d1688130193055566a10d153a20ef7:906,0.25,1,circular,diffusive,inside,False,54.03540802001953,0.025853413654618473,0.025853413654618473,,,0.009859698464559415
907,5de6c12e02a9e36835018cc3abb08e3288d1688130193055566a10d153a20ef7:907,0.25,0,circular,ballistic,outside,False,82.04695892333984,0.02961847389558233,0.029854910714285716,0.0275,-0.0023549107142857156,0.010275848137780482
908,5de6c12e02a9e36835018cc3abb08e3288d1688130193055566a10d153a20ef7:908,0.25,2,circular,ballistic,inside,False,6.020258903503418,0.05120481927710843,0.022916666666666665,0.06018518518518518,0.03726851851851852,0.02195101516975446
909,5de6c12e02a9e36835018cc3abb08e3288d1688130193055566a10d153a20ef7:909,0.25,0,circular,diffusive,edge,False,83.83525085449219,0.033383534136546184,0.033383534136546184,,,0.007165714068082428
910,5de6c12e02a9e36835018cc3abb08e3288d1688130193055566a10d153a20ef7:910,0.25,0,elliptical,ballistic,outside,False,80.57355499267578,0.02635542168674699,0.03042328042328042,0.013541666666666667,-0.016881613756613754,0.008183654812701358
911,5de6c12e02a9e36835018cc3abb08e3288d1688130193055566a10d153a20ef7:911,0.25,2,elliptical,diffusive,outside,False,5.235210418701172,0.0303714859437751,0.0303714859437751,,,0.013672232762446107
912,5de6c12e02a9e36835018cc3abb08e3288d1688130193055566a10d153a20ef7:912,0.25,2,elliptical,ballistic,edge,False,48.92350769042969,0.02710843373493976,0.02710843373493976,,,0.009036144578313253
913,5de6c12e02a9e36835018cc3abb08e3288d1688130193055566a10d153a20ef7:913,0.25,1,elliptical,ballistic,outside,False,74.10223388671875,0.030120481927710843,0.034274193548387094,0.027644230769230768,-0.006629962779156326,0.008695034174542558
914,5de6c12e02a9e36835018cc3abb08e3288d1688130193055566a10d153a20ef7:914,0.25,1,elliptical,diffusive,outside,False,74.01317596435547,0.021586345381526106,0.021586345381526106,,,0.006937889036689385
915,5de6c12e02a9e36835018cc3abb08e3288d1688130193055566a10d153a20ef7:915,0.25,2,elliptical,ballistic,inside,False,38.16416549682617,0.029116465863453816,0.029116465863453816,,,0.007969130455013828
916,5de6c12e02a9e36835018cc3abb08e3288d1688130193055566a10d153a20ef7:916,0.25,1,circular,ballistic,inside,False,72.01676940917969,0.033383534136546184,0.033383534136546184,,,0.010479229791741016
917,5de6c12e02a9e36835018cc3abb08e3288d1688130193055566a10d153a20ef7:917,0.25,2,circular,ballistic,outside,False,14.41830062866211,0.026857429718875503,0.026857429718875503,,,0.008806628912072708
918,5de6c12e02a9e36835018cc3abb08e3288d1688130193055566a10d153a20ef7:918,0.25,2,circular,ballistic,edge,False,7.669581890106201,0.026857429718875503,0.026857429718875503,,,0.010479229791741014
919,5de6c12e02a9e36835018cc3abb08e3288d1688130193055566a10d153a20ef7:919,0.25,1,circular,ballistic,edge,False,66.30049896240234,0.024347389558232933,0.024347389558232933,,,0.007996753173731923
920,5de6c12e02a9e36835018cc3abb08e3288d1688130193055566a10d153a20ef7:920,0.25,1,elliptical,ballistic,inside,False,71.29435729980469,0.020833333333333332,0.020833333333333332,,,0.008574644002278475
921,5de6c12e02a9e36835018cc3abb08e3288d1688130193055566a10d153a20ef7:921,0.25,0,elliptical,diffusive,edge,False,83.83525085449219,0.0338855421686747,0.0338855421686747,,,0.00975692355701647
922,5de6c12e02a9e36835018cc3abb08e3288d1688130193055566a10d153a20ef7:922,0.25,0,elliptical,diffusive,outside,False,83.83525085449219,0.03714859437751004,0.03308823529411765,0.043619791666666664,0.010531556372549017,0.015554149984768742
923,5de6c12e02a9e36835018cc3abb08e3288d1688130193055566a10d153a20ef7:923,0.25,0,circular,diffusive,outside,False,83.83525085449219,0.03162650602409638,0.032196969696969696,0.030982905982905984,-0.0012140637140637123,0.01261029787859485
924,5de6c12e02a9e36835018cc3abb08e3288d1688130193055566a10d153a20ef7:924,0.25,1,circular,diffusive,edge,False,74.2244644165039,0.0303714859437751,0.0303714859437751,,,0.009961413068767284
925,5de6c12e02a9e36835018cc3abb08e3288d1688130193055566a10d153a20ef7:925,0.25,1,circular,diffusive,outside,False,83.83525085449219,0.027610441767068273,0.027610441767068273,,,0.007222637836314337
926,5de6c12e02a9e36835018cc3abb08e3288d1688130193055566a10d153a20ef7:926,0.25,2,elliptical,diffusive,inside,False,6.747058391571045,0.033634538152610444,0.033634538152610444,,,0.010848485333822445
927,5de6c12e02a9e36835018cc3abb08e3288d1688130193055566a10d153a20ef7:927,0.25,0,elliptical,ballistic,inside,False,83.56349182128906,0.038654618473895584,0.038654618473895584,,,0.006168777975624752
928,5de6c12e02a9e36835018cc3abb08e3288d1688130193055566a10d153a20ef7:928,0.25,0,circular,ballistic,edge,False,82.01839447021484,0.03237951807228916,0.03237951807228916,,,0.013635318128053284
929,5de6c12e02a9e36835018cc3abb08e3288d1688130193055566a10d153a20ef7:929,0.25,1,elliptical,diffusive,inside,False,69.3554916381836,0.03589357429718876,0.03589357429718876,,,0.010787333808706978
930,5de6c12e02a9e36835018cc3abb08e3288d1688130193055566a10d153a20ef7:930,0.25,0,circular,diffusive,inside,False,83.40103912353516,0.03237951807228916,0.03183411214953271,0.03571428571428571,0.003880173564753002,0.010926605853252468
931,5de6c12e02a9e36835018cc3abb08e3288d1688130193055566a10d153a20ef7:931,0.25,2,elliptical,diffusive,edge,False,7.463344573974609,0.03313253012048193,0.03313253012048193,,,0.008578317013371015
932,5de6c12e02a9e36835018cc3abb08e3288d1688130193055566a10d153a20ef7:932,0.25,2,circular,diffusive,inside,False,39.81429672241211,0.0286144578313253,0.020833333333333332,0.038288288288288286,0.017454954954954954,0.01195369568252074
933,5de6c12e02a9e36835018cc3abb08e3288d1688130193055566a10d153a20ef7:933,0.25,0,circular,ballistic,inside,False,82.90847778320312,0.02610441767068273,0.02610441767068273,,,0.007028112449799197
934,5de6c12e02a9e36835018cc3abb08e3288d1688130193055566a10d153a20ef7:934,0.25,2,circular,diffusive,edge,False,40.5560188293457,0.033383534136546184,0.025735294117647058,0.036256906077348064,0.010521611959701006,0.01281596125624472
935,5de6c12e02a9e36835018cc3abb08e3288d1688130193055566a10d153a20ef7:935,0.25,2,elliptical,ballistic,outside,False,8.44457721710205,0.02886546184738956,0.0284375,0.030612244897959183,0.002174744897959182,0.006730465701702772
900,5de6c12e02a9e36835018cc3abb08e3288d1688130193055566a10d153a20ef7:900,0.5,2,circular,diffusive,outside,False,37.09272766113281,0.02780561122244489,0.027649769585253458,0.028846153846153848,0.0011963842609003898,0.006828162911041588
901,5de6c12e02a9e36835018cc3abb08e3288d1688130193055566a10d153a20ef7:901,0.5,0,elliptical,ballistic,edge,False,83.75745391845703,0.032690380761523044,0.032690380761523044,,,0.009905881507863779
902,5de6c12e02a9e36835018cc3abb08e3288d1688130193055566a10d153a20ef7:902,0.5,1,circular,ballistic,outside,False,77.65486145019531,0.03006012024048096,0.031112938596491228,0.0188953488372093,-0.012217589759281926,0.005842637169183667
903,5de6c12e02a9e36835018cc3abb08e3288d1688130193055566a10d153a20ef7:903,0.5,0,elliptical,diffusive,inside,False,82.0911636352539,0.03093687374749499,0.03015075376884422,0.03403465346534654,0.0038838996965023173,0.010174627910654453
904,5de6c12e02a9e36835018cc3abb08e3288d1688130193055566a10d153a20ef7:904,0.5,1,elliptical,ballistic,edge,False,79.31729125976562,0.028557114228456915,0.028557114228456915,,,0.008124887144402232
905,5de6c12e02a9e36835018cc3abb08e3288d1688130193055566a10d153a20ef7:905,0.5,1,elliptical,diffusive,edge,False,58.84187316894531,0.022795591182364728,0.024655963302752295,0.021352313167259787,-0.003303650135492508,0.007527544690038437
906,5de6c12e02a9e36835018cc3abb08e3288d1688130193055566a10d153a20ef7:906,0.5,1,circular,diffusive,inside,False,54.03540802001953,0.028807615230460923,0.028807615230460923,,,0.00996666646496882
907,5de6c12e02a9e36835018cc3abb08e3288d1688130193055566a10d153a20ef7:907,0.5,0,circular,ballistic,outside,False,82.04695892333984,0.029559118236472944,0.029854910714285716,0.02931818181818182,-0.0005367288961038962,0.009753468103172238
908,5de6c12e02a9e36835018cc3abb08e3288d1688130193055566a10d153a20ef7:908,0.5,2,circular,ballistic,inside,False,6.020258903503418,0.08792585170340682,0.022916666666666665,0.09681093394077449,0.07389426727410782,0.030146627361756228
909,5de6c12e02a9e36835018cc3abb08e3288d1688130193055566a10d153a20ef7:909,0.5,0,circular,diffusive,edge,False,83.83525085449219,0.03381763527054108,0.03286082474226804,0.037162162162162164,0.004301337419894122,0.007676128980984251
910,5de6c12e02a9e36835018cc3abb08e3288d1688130193055566a10d153a20ef7:910,0.5,0,elliptical,ballistic,outside,False,80.57355499267578,0.02755511022044088,0.03042328042328042,0.025806451612903226,-0.004616828810377196,0.00815572174153292
911,5de6c12e02a9e36835018cc3abb08e3288d1688130193055566a10d153a20ef7:911,0.5,2,elliptical,diffusive,outside,False,5.235210418701172,0.031312625250501,0.02889784946236559,0.034375,0.005477150537634413,0.007063062214364572
912,5de6c12e02a9e36835018cc3abb08e3288d1688130193055566a10d153a20ef7:912,0.5,2,elliptical,ballistic,edge,False,48.92350769042969,0.027930861723446894,0.027930861723446894,,,0.00547532389639138
913,5de6c12e02a9e36835018cc3abb08e3288d1688130193055566a10d153a20ef7:913,0.5,1,elliptical,ballistic,outside,False,74.10223388671875,0.029433867735470944,0.034274193548387094,0.02832512315270936,-0.005949070395677734,0.008734370426658889
914,5de6c12e02a9e36835018cc3abb08e3288d1688130193055566a10d153a20ef7:914,0.5,1,elliptical,diffusive,outside,False,74.01317596435547,0.02379759519038076,0.021177685950413222,0.03079044117647059,0.009612755226057368,0.009620673531899559
915,5de6c12e02a9e36835018cc3abb08e3288d1688130193055566a10d153a20ef7:915,0.5,2,elliptical,ballistic,inside,False,38.16416549682617,0.02843186372745491,0.02827726218097448,0.029411764705882353,0.0011345025249078731,0.009452057086536023
916,5de6c12e02a9e36835018cc3abb08e3288d1688130193055566a10d153a20ef7:916,0.5,1,circular,ballistic,inside,False,72.01676940917969,0.027680360721442886,0.027680360721442886,,,0.0061142260758812236
917,5de6c12e02a9e36835018cc3abb08e3288d1688130193055566a10d153a20ef7:917,0.5,2,circular,ballistic,outside,False,14.41830062866211,0.026803607214428857,0.027227722772277228,0.025,-0.0022277227722772262,0.008630477543563234
918,5de6c12e02a9e36835018cc3abb08e3288d1688130193055566a10d153a20ef7:918,0.5,2,circular,ballistic,edge,False,7.669581890106201,0.031437875751503,0.03368155619596542,0.02631578947368421,-0.00736576672228121,0.008123921677445653
919,5de6c12e02a9e36835018cc3abb08e3288d1688130193055566a10d153a20ef7:919,0.5,1,circular,ballistic,edge,False,66.30049896240234,0.028181362725450902,0.028181362725450902,,,0.006444013511726734
920,5de6c12e02a9e36835018cc3abb08e3288d1688130193055566a10d153a20ef7:920,0.5,1,elliptical,ballistic,inside,False,71.29435729980469,0.02317134268537074,0.02226027397260274,0.02971311475409836,0.0074528407814956205,0.0064634598434071475
921,5de6c12e02a9e36835018cc3abb08e3288d1688130193055566a10d153a20ef7:921,0.5,0,elliptical,diffusive,edge,False,83.83525085449219,0.030561122244488977,0.02968409586056645,0.040625,0.010940904139433553,0.005734230031192183
922,5de6c12e02a9e36835018cc3abb08e3288d1688130193055566a10d153a20ef7:922,0.5,0,elliptical,diffusive,outside,False,83.83525085449219,0.03532064128256513,0.03308823529411765,0.03630780346820809,0.0032195681740904425,0.010129041392362589
923,5de6c12e02a9e36835018cc3abb08e3288d1688130193055566a10d153a20ef7:923,0.5,0,circular,diffusive,outside,False,83.83525085449219,0.02930861723446894,0.032196969696969696,0.02826975476839237,-0.0039272149285773245,0.010337530201384443
924,5de6c12e02a9e36835018cc3abb08e3288d1688130193055566a10d153a20ef7:924,0.5,1,circular,diffusive,edge,False,74.2244644165039,0.028557114228456915,0.027925531914893616,0.03048780487804878,0.002562272963155164,0.008891903481612649
925,5de6c12e02a9e36835018cc3abb08e3288d1688130193055566a10d153a20ef7:925,0.5,1,circular,diffusive,outside,False,83.83525085449219,0.028181362725450902,0.028181362725450902,,,0.006246221262420682
926,5de6c12e02a9e36835018cc3abb08e3288d1688130193055566a10d153a20ef7:926,0.5,2,elliptical,diffusive,inside,False,6.747058391571045,0.03068637274549098,0.03068637274549098,,,0.006664221239690896
927,5de6c12e02a9e36835018cc3abb08e3288d1688130193055566a10d153a20ef7:927,0.5,0,elliptical,ballistic,inside,False,83.56349182128906,0.03657314629258517,0.036458333333333336,0.03680981595092025,0.00035148261758691235,0.00575607479613029
928,5de6c12e02a9e36835018cc3abb08e3288d1688130193055566a10d153a20ef7:928,0.5,0,circular,ballistic,edge,False,82.01839447021484,0.029559118236472944,0.029559118236472944,,,0.007173257045729635
929,5de6c12e02a9e36835018cc3abb08e3288d1688130193055566a10d153a20ef7:929,0.5,1,elliptical,diffusive,inside,False,69.3554916381836,0.02968436873747495,0.02968436873747495,,,0.007744290234023403
930,5de6c12e02a9e36835018cc3abb08e3288d1688130193055566a10d153a20ef7:930,0.5,0,circular,diffusive,inside,False,83.40103912353516,0.02717935871743487,0.03183411214953271,0.02368421052631579,-0.00814990162321692,0.007319388944732956
931,5de6c12e02a9e36835018cc3abb08e3288d1688130193055566a10d153a20ef7:931,0.5,2,elliptical,diffusive,edge,False,7.463344573974609,0.033316633266533065,0.03265881147540984,0.0625,0.02984118852459016,0.007307591255418248
932,5de6c12e02a9e36835018cc3abb08e3288d1688130193055566a10d153a20ef7:932,0.5,2,circular,diffusive,inside,False,39.81429672241211,0.03031062124248497,0.020833333333333332,0.03393351800554017,0.013100184672206836,0.010742375572340463
933,5de6c12e02a9e36835018cc3abb08e3288d1688130193055566a10d153a20ef7:933,0.5,0,circular,ballistic,inside,False,82.90847778320312,0.02780561122244489,0.028949386503067484,0.02565028901734104,-0.0032990974857264425,0.008409524214225712
934,5de6c12e02a9e36835018cc3abb08e3288d1688130193055566a10d153a20ef7:934,0.5,2,circular,diffusive,edge,False,40.5560188293457,0.03344188376753507,0.025735294117647058,0.034657772621809746,0.008922478504162688,0.012148007286291323
935,5de6c12e02a9e36835018cc3abb08e3288d1688130193055566a10d153a20ef7:935,0.5,2,elliptical,ballistic,outside,False,8.44457721710205,0.04396292585170341,0.0284375,0.05434782608695652,0.02591032608695652,0.01851293925240869
900,5de6c12e02a9e36835018cc3abb08e3288d1688130193055566a10d153a20ef7:900,1.0,2,circular,diffusive,outside,False,37.09272766113281,0.030843343343343342,0.027649769585253458,0.03329646017699115,0.005646690591737693,0.005278664080489953
901,5de6c12e02a9e36835018cc3abb08e3288d1688130193055566a10d153a20ef7:901,1.0,0,elliptical,ballistic,edge,False,83.75745391845703,0.030405405405405407,0.0326627486437613,0.027606502242152466,-0.005056246401608833,0.009426000483808412
902,5de6c12e02a9e36835018cc3abb08e3288d1688130193055566a10d153a20ef7:902,1.0,1,circular,ballistic,outside,False,77.65486145019531,0.028153153153153154,0.031112938596491228,0.025667587476979743,-0.005445351119511485,0.0030623719345646695
903,5de6c12e02a9e36835018cc3abb08e3288d1688130193055566a10d153a20ef7:903,1.0,0,elliptical,diffusive,inside,False,82.0911636352539,0.028653653653653653,0.03015075376884422,0.027662229617304492,-0.0024885241515397276,0.006408312325976917
904,5de6c12e02a9e36835018cc3abb08e3288d1688130193055566a10d153a20ef7:904,1.0,1,elliptical,ballistic,edge,False,79.31729125976562,0.029154154154154153,0.029809397163120567,0.028304597701149424,-0.001504799461971143,0.006004702477828742
905,5de6c12e02a9e36835018cc3abb08e3288d1688130193055566a10d153a20ef7:905,1.0,1,elliptical,diffusive,edge,False,58.84187316894531,0.0233983983983984,0.024655963302752295,0.023047375160051217,-0.0016085881427010777,0.004605896476302793
906,5de6c12e02a9e36835018cc3abb08e3288d1688130193055566a10d153a20ef7:906,1.0,1,circular,diffusive,inside,False,54.03540802001953,0.027214714714714715,0.02773037542662116,0.026483050847457626,-0.0012473245791635341,0.007721092193729036
907,5de6c12e02a9e36835018cc3abb08e3288d1688130193055566a10d153a20ef7:907,1.0,0,circular,ballistic,outside,False,82.04695892333984,0.027777777777777776,0.029854910714285716,0.02717741935483871,-0.0026774913594470075,0.007291692835001734
908,5de6c12e02a9e36835018cc3abb08e3288d1688130193055566a10d153a20ef7:908,1.0,2,circular,ballistic,inside,False,6.020258903503418,0.11805555555555555,0.022916666666666665,0.12413471778487753,0.10121805111821086,0.04678035869108502
909,5de6c12e02a9e36835018cc3abb08e3288d1688130193055566a10d153a20ef7:909,1.0,0,circular,diffusive,edge,False,83.83525085449219,0.03272022022022022,0.03286082474226804,0.03263093289689034,-0.0002298918453777013,0.006144841262327633
910,5de6c12e02a9e36835018cc3abb08e3288d1688130193055566a10d153a20ef7:910,1.0,0,elliptical,ballistic,outside,False,80.57355499267578,0.02715215215215215,0.03042328042328042,0.02638888888888889,-0.004034391534391533,0.00648119160984478
911,5de6c12e02a9e36835018cc3abb08e3288d1688130193055566a10d153a20ef7:911,1.0,2,elliptical,diffusive,outside,False,5.235210418701172,0.06406406406406406,0.02889784946236559,0.07769097222222222,0.04879312275985663,0.03235785088656972
912,5de6c12e02a9e36835018cc3abb08e3288d1688130193055566a10d153a20ef7:912,1.0,2,elliptical,ballistic,edge,False,48.92350769042969,0.02909159159159159,0.027358058608058608,0.03118101545253863,0.003822956844480023,0.008137703728431105
913,5de6c12e02a9e36835018cc3abb08e3288d1688130193055566a10d153a20ef7:913,1.0,1,elliptical,ballistic,outside,False,74.10223388671875,0.028653653653653653,0.034274193548387094,0.028076710816777043,-0.006197482731610051,0.0056777033556248396
914,5de6c12e02a9e36835018cc3abb08e3288d1688130193055566a10d153a20ef7:914,1.0,1,elliptical,diffusive,outside,False,74.01317596435547,0.02759009009009009,0.021177685950413222,0.03125,0.010072314049586778,0.008278849794414865
915,5de6c12e02a9e36835018cc3abb08e3288d1688130193055566a10d153a20ef7:915,1.0,2,elliptical,ballistic,inside,False,38.16416549682617,0.038163163163163163,0.02827726218097448,0.045664612676056336,0.017387350495081857,0.009822920035625585
916,5de6c12e02a9e36835018cc3abb08e3288d1688130193055566a10d153a20ef7:916,1.0,1,circular,ballistic,inside,False,72.01676940917969,0.028903903903903905,0.028963414634146343,0.028835836909871244,-0.00012757772427509848,0.007548063629557393
917,5de6c12e02a9e36835018cc3abb08e3288d1688130193055566a10d153a20ef7:917,1.0,2,circular,ballistic,outside,False,14.41830062866211,0.04948698698698699,0.027227722772277228,0.06460084033613446,0.037373117563857236,0.01538466714063301
918,5de6c12e02a9e36835018cc3abb08e3288d1688130193055566a10d153a20ef7:918,1.0,2,circular,ballistic,edge,False,7.669581890106201,0.05974724724724725,0.03368155619596542,0.0736196319018405,0.03993807570587508,0.02407732229568753
919,5de6c12e02a9e36835018cc3abb08e3288d1688130193055566a10d153a20ef7:919,1.0,1,circular,ballistic,edge,False,66.30049896240234,0.02927927927927928,0.028792134831460675,0.030086436170212765,0.00129430133875209,0.004202416322258925
920,5de6c12e02a9e36835018cc3abb08e3288d1688130193055566a10d153a20ef7:920,1.0,1,elliptical,ballistic,inside,False,71.29435729980469,0.02715215215215215,0.02226027397260274,0.030971479500891266,0.008711205528288527,0.004700110102851089
921,5de6c12e02a9e36835018cc3abb08e3288d1688130193055566a10d153a20ef7:921,1.0,0,elliptical,diffusive,edge,False,83.83525085449219,0.031281281281281284,0.02968409586056645,0.03263888888888889,0.0029547930283224423,0.004728339246168965
922,5de6c12e02a9e36835018cc3abb08e3288d1688130193055566a10d153a20ef7:922,1.0,0,elliptical,diffusive,outside,False,83.83525085449219,0.03071821821821822,0.03308823529411765,0.030289598108747044,-0.002798637185370604,0.008991396071323937
923,5de6c12e02a9e36835018cc3abb08e3288d1688130193055566a10d153a20ef7:923,1.0,0,circular,diffusive,outside,False,83.83525085449219,0.030342842842842842,0.032196969696969696,0.030060553633217992,-0.002136416063751704,0.008603432910567468
924,5de6c12e02a9e36835018cc3abb08e3288d1688130193055566a10d153a20ef7:924,1.0,1,circular,diffusive,edge,False,74.2244644165039,0.02827827827827828,0.027925531914893616,0.028491171749598716,0.0005656398347050999,0.006839664849207431
925,5de6c12e02a9e36835018cc3abb08e3288d1688130193055566a10d153a20ef7:925,1.0,1,circular,diffusive,outside,False,83.83525085449219,0.027777777777777776,0.028596698113207548,0.02634297520661157,-0.0022537229065959785,0.005343883009024679
926,5de6c12e02a9e36835018cc3abb08e3288d1688130193055566a10d153a20ef7:926,1.0,2,elliptical,diffusive,inside,False,6.747058391571045,0.04954954954954955,0.0305204280155642,0.06971649484536083,0.03919606682979662,0.017820559112492418
927,5de6c12e02a9e36835018cc3abb08e3288d1688130193055566a10d153a20ef7:927,1.0,0,elliptical,ballistic,inside,False,83.56349182128906,0.03347097097097097,0.036458333333333336,0.03195701357466063,-0.004501319758672705,0.006080810743011606
928,5de6c12e02a9e36835018cc3abb08e3288d1688130193055566a10d153a20ef7:928,1.0,0,circular,ballistic,edge,False,82.01839447021484,0.026964464464464464,0.02969942748091603,0.02394736842105263,-0.005752059059863399,0.00590313500682601
929,5de6c12e02a9e36835018cc3abb08e3288d1688130193055566a10d153a20ef7:929,1.0,1,elliptical,diffusive,inside,False,69.3554916381836,0.030843343343343342,0.029487179487179487,0.03275966183574879,0.0032724823485693055,0.007944952811570438
930,5de6c12e02a9e36835018cc3abb08e3288d1688130193055566a10d153a20ef7:930,1.0,0,circular,diffusive,inside,False,83.40103912353516,0.02952952952952953,0.03183411214953271,0.02890127388535032,-0.0029328382641823914,0.005097985182047889
931,5de6c12e02a9e36835018cc3abb08e3288d1688130193055566a10d153a20ef7:931,1.0,2,elliptical,diffusive,edge,False,7.463344573974609,0.041791791791791794,0.03265881147540984,0.05051369863013699,0.017854887154727148,0.01698201959692047
932,5de6c12e02a9e36835018cc3abb08e3288d1688130193055566a10d153a20ef7:932,1.0,2,circular,diffusive,inside,False,39.81429672241211,0.03415915915915916,0.020833333333333332,0.03629500580720093,0.015461672473867597,0.012086724400123563
933,5de6c12e02a9e36835018cc3abb08e3288d1688130193055566a10d153a20ef7:933,1.0,0,circular,ballistic,inside,False,82.90847778320312,0.03009259259259259,0.028949386503067484,0.03064635958395245,0.0016969730808849663,0.008013626891970417
934,5de6c12e02a9e36835018cc3abb08e3288d1688130193055566a10d153a20ef7:934,1.0,2,circular,diffusive,edge,False,40.5560188293457,0.033658658658658656,0.025735294117647058,0.03423737916219119,0.008502085044544132,0.011959108349905398
935,5de6c12e02a9e36835018cc3abb08e3288d1688130193055566a10d153a20ef7:935,1.0,2,elliptical,ballistic,outside,False,8.44457721710205,0.05974724724724725,0.0284375,0.06758448060075094,0.03914698060075093,0.035748086202741676
936,5de6c12e02a9e36835018cc3abb08e3288d1688130193055566a10d153a20ef7:936,0.25,1,circular,ballistic,inside,False,54.64289474487305,0.03589357429718876,0.03589357429718876,,,0.011378541121127649
937,5de6c12e02a9e36835018cc3abb08e3288d1688130193055566a10d153a20ef7:937,0.25,1,elliptical,diffusive,outside,False,83.83525085449219,0.02635542168674699,0.025978915662650603,0.02710843373493976,0.0011295180722891568,0.011597906678863375
938,5de6c12e02a9e36835018cc3abb08e3288d1688130193055566a10d153a20ef7:938,0.25,0,circular,ballistic,edge,False,83.53675842285156,0.029869477911646587,0.029774678111587984,0.03125,0.0014753218884120158,0.013891660745001718
939,5de6c12e02a9e36835018cc3abb08e3288d1688130193055566a10d153a20ef7:939,0.25,2,elliptical,ballistic,outside,False,14.468518257141112,0.02961847389558233,0.029017857142857144,0.035,0.0059821428571428595,0.009242948112209824
940,5de6c12e02a9e36835018cc3abb08e3288d1688130193055566a10d153a20ef7:940,0.25,2,circular,diffusive,edge,False,11.215648651123049,0.03463855421686747,0.03463855421686747,,,0.009511694438502217
941,5de6c12e02a9e36835018cc3abb08e3288d1688130193055566a10d153a20ef7:941,0.25,1,circular,ballistic,edge,False,77.27265167236328,0.030120481927710843,0.030120481927710843,,,0.014163389537817154
942,5de6c12e02a9e36835018cc3abb08e3288d1688130193055566a10d153a20ef7:942,0.25,2,circular,diffusive,inside,False,61.14625930786133,0.03463855421686747,0.03463855421686747,,,0.008141202178828742
943,5de6c12e02a9e36835018cc3abb08e3288d1688130193055566a10d153a20ef7:943,0.25,0,circular,ballistic,inside,False,82.09049224853516,0.0356425702811245,0.03696236559139785,0.031746031746031744,-0.005216333845366107,0.008909758709487374
944,5de6c12e02a9e36835018cc3abb08e3288d1688130193055566a10d153a20ef7:944,0.25,0,elliptical,diffusive,inside,False,83.83525085449219,0.02108433734939759,0.02108433734939759,,,0.010288103178674296
945,5de6c12e02a9e36835018cc3abb08e3288d1688130193055566a10d153a20ef7:945,0.25,0,elliptical,diffusive,outside,False,83.83525085449219,0.03589357429718876,0.03589357429718876,,,0.00866236642908504
946,5de6c12e02a9e36835018cc3abb08e3288d1688130193055566a10d153a20ef7:946,0.25,2,circular,diffusive,outside,False,5.793002128601074,0.03413654618473896,0.03491784037558685,0.029513888888888888,-0.005403951486697964,0.008156665064895543
947,5de6c12e02a9e36835018cc3abb08e3288d1688130193055566a10d153a20ef7:947,0.25,1,circular,diffusive,outside,False,80.72225952148438,0.028363453815261043,0.028363453815261043,,,0.009653054479432434
948,5de6c12e02a9e36835018cc3abb08e3288d1688130193055566a10d153a20ef7:948,0.25,0,circular,diffusive,outside,False,83.83525085449219,0.03112449799196787,0.030032467532467532,0.031613372093023256,0.0015809045605557244,0.008923889977224486
949,5de6c12e02a9e36835018cc3abb08e3288d1688130193055566a10d153a20ef7:949,0.25,1,elliptical,diffusive,inside,False,75.25019836425781,0.026857429718875503,0.026857429718875503,,,0.010479229791741014
950,5de6c12e02a9e36835018cc3abb08e3288d1688130193055566a10d153a20ef7:950,0.25,2,elliptical,diffusive,outside,False,14.309746742248535,0.02284136546184739,0.02284136546184739,,,0.008691410488544571
951,5de6c12e02a9e36835018cc3abb08e3288d1688130193055566a10d153a20ef7:951,0.25,0,circular,ballistic,outside,False,81.3434066772461,0.030622489959839357,0.030622489959839357,,,0.009188255631387112
952,5de6c12e02a9e36835018cc3abb08e3288d1688130193055566a10d153a20ef7:952,0.25,2,circular,ballistic,edge,False,4.035935401916504,0.02886546184738956,0.02886546184738956,,,0.011749025841835794
953,5de6c12e02a9e36835018cc3abb08e3288d1688130193055566a10d153a20ef7:953,0.25,1,elliptical,ballistic,edge,False,70.97575378417969,0.03438755020080321,0.03438755020080321,,,0.012477197310880088
954,5de6c12e02a9e36835018cc3abb08e3288d1688130193055566a10d153a20ef7:954,0.25,2,elliptical,ballistic,edge,False,27.7578067779541,0.024849397590361446,0.024849397590361446,,,0.009885225234696393
955,5de6c12e02a9e36835018cc3abb08e3288d1688130193055566a10d153a20ef7:955,0.25,2,circular,ballistic,outside,False,32.18977355957031,0.025602409638554216,0.025602409638554216,,,0.010613641823225892
956,5de6c12e02a9e36835018cc3abb08e3288d1688130193055566a10d153a20ef7:956,0.25,0,circular,diffusive,edge,False,83.83525085449219,0.030120481927710843,0.030120481927710843,,,0.008339983798110517
957,5de6c12e02a9e36835018cc3abb08e3288d1688130193055566a10d153a20ef7:957,0.25,0,elliptical,ballistic,edge,False,83.04512023925781,0.028112449799196786,0.032196969696969696,0.020089285714285716,-0.01210768398268398,0.006024096385542168
958,5de6c12e02a9e36835018cc3abb08e3288d1688130193055566a10d153a20ef7:958,0.25,2,elliptical,diffusive,edge,False,21.289342880249023,0.027359437751004016,0.027359437751004016,,,0.00998667985144466
959,5de6c12e02a9e36835018cc3abb08e3288d1688130193055566a10d153a20ef7:959,0.25,1,circular,ballistic,outside,False,63.99161148071289,0.02459839357429719,0.02217741935483871,0.02540106951871658,0.0032236501638778677,0.008385187293418707
960,5de6c12e02a9e36835018cc3abb08e3288d1688130193055566a10d153a20ef7:960,0.25,0,elliptical,ballistic,inside,False,82.93037414550781,0.03589357429718876,0.03589357429718876,,,0.005539175825982408
961,5de6c12e02a9e36835018cc3abb08e3288d1688130193055566a10d153a20ef7:961,0.25,0,elliptical,ballistic,outside,False,82.78713989257812,0.02133534136546185,0.02133534136546185,,,0.01253764432102628
962,5de6c12e02a9e36835018cc3abb08e3288d1688130193055566a10d153a20ef7:962,0.25,1,elliptical,diffusive,edge,False,83.8352279663086,0.027610441767068273,0.027184959349593495,0.0625,0.035315040650406505,0.008385187293418708
963,5de6c12e02a9e36835018cc3abb08e3288d1688130193055566a10d153a20ef7:963,0.25,0,circular,diffusive,inside,False,83.83525085449219,0.024849397590361446,0.024479166666666666,0.034722222222222224,0.010243055555555557,0.011877026269398575
964,5de6c12e02a9e36835018cc3abb08e3288d1688130193055566a10d153a20ef7:964,0.25,0,elliptical,diffusive,edge,False,83.83517456054688,0.03162650602409638,0.03162650602409638,,,0.011480518700832602
965,5de6c12e02a9e36835018cc3abb08e3288d1688130193055566a10d153a20ef7:965,0.25,1,elliptical,ballistic,inside,False,75.95862579345703,0.02886546184738956,0.02886546184738956,,,0.00833620577581105
966,5de6c12e02a9e36835018cc3abb08e3288d1688130193055566a10d153a20ef7:966,0.25,1,circular,diffusive,inside,False,56.66461563110352,0.029116465863453816,0.028225806451612902,0.029411764705882353,0.00118595825426945,0.01170873874466928
967,5de6c12e02a9e36835018cc3abb08e3288d1688130193055566a10d153a20ef7:967,0.25,2,elliptical,ballistic,inside,False,4.2944746017456055,0.024849397590361446,0.024849397590361446,,,0.010285040787423634
968,5de6c12e02a9e36835018cc3abb08e3288d1688130193055566a10d153a20ef7:968,0.25,2,circular,ballistic,inside,False,5.444591045379639,0.030120481927710843,0.030120481927710843,,,0.009524932711350539
969,5de6c12e02a9e36835018cc3abb08e3288d1688130193055566a10d153a20ef7:969,0.25,1,elliptical,ballistic,outside,False,63.29892349243164,0.02208835341365462,0.017099056603773585,0.025786713286713288,0.008687656682939703,0.0049186541019742526
970,5de6c12e02a9e36835018cc3abb08e3288d1688130193055566a10d153a20ef7:970,0.25,1,circular,diffusive,edge,False,83.83525085449219,0.0286144578313253,0.0286144578313253,,,0.008680530354312542
971,5de6c12e02a9e36835018cc3abb08e3288d1688130193055566a10d153a20ef7:971,0.25,2,elliptical,diffusive,inside,False,8.19306468963623,0.036646586345381524,0.036646586345381524,,,0.009824490858825767
936,5de6c12e02a9e36835018cc3abb08e3288d1688130193055566a10d153a20ef7:936,0.5,1,circular,ballistic,inside,False,54.64289474487305,0.031437875751503,0.030864197530864196,0.0339095744680851,0.0030453769372209075,0.008292112909837392
937,5de6c12e02a9e36835018cc3abb08e3288d1688130193055566a10d153a20ef7:937,0.5,1,elliptical,diffusive,outside,False,83.83525085449219,0.025175350701402806,0.025978915662650603,0.024774774774774775,-0.0012041408878758278,0.010112766094406039
938,5de6c12e02a9e36835018cc3abb08e3288d1688130193055566a10d153a20ef7:938,0.5,0,circular,ballistic,edge,False,83.53675842285156,0.03068637274549098,0.029774678111587984,0.03148496240601504,0.001710284294427055,0.008961321045382437
939,5de6c12e02a9e36835018cc3abb08e3288d1688130193055566a10d153a20ef7:939,0.5,2,elliptical,ballistic,outside,False,14.468518257141112,0.03319138276553106,0.029017857142857144,0.03659090909090909,0.007573051948051947,0.01075040452751574
940,5de6c12e02a9e36835018cc3abb08e3288d1688130193055566a10d153a20ef7:940,0.5,2,circular,diffusive,edge,False,11.215648651123049,0.03294088176352705,0.03294088176352705,,,0.005787332190454871
941,5de6c12e02a9e36835018cc3abb08e3288d1688130193055566a10d153a20ef7:941,0.5,1,circular,ballistic,edge,False,77.27265167236328,0.03193887775551102,0.03222222222222222,0.029336734693877552,-0.002885487528344669,0.01428020505203927
942,5de6c12e02a9e36835018cc3abb08e3288d1688130193055566a10d153a20ef7:942,0.5,2,circular,diffusive,inside,False,61.14625930786133,0.03256513026052104,0.03256513026052104,,,0.009359489825786277
943,5de6c12e02a9e36835018cc3abb08e3288d1688130193055566a10d153a20ef7:943,0.5,0,circular,ballistic,inside,False,82.09049224853516,0.033942885771543085,0.03696236559139785,0.03214856230031949,-0.004813803291078361,0.010248369195554427
944,5de6c12e02a9e36835018cc3abb08e3288d1688130193055566a10d153a20ef7:944,0.5,0,elliptical,diffusive,inside,False,83.83525085449219,0.024298597194388778,0.024298597194388778,,,0.007392963208103059
945,5de6c12e02a9e36835018cc3abb08e3288d1688130193055566a10d153a20ef7:945,0.5,0,elliptical,diffusive,outside,False,83.83525085449219,0.032439879759519036,0.037073490813648295,0.017478813559322032,-0.019594677254326263,0.005905398413890923
946,5de6c12e02a9e36835018cc3abb08e3288d1688130193055566a10d153a20ef7:946,0.5,2,circular,diffusive,outside,False,5.793002128601074,0.02692885771543086,0.03491784037558685,0.02097902097902098,-0.013938819396565872,0.006859109003052638
947,5de6c12e02a9e36835018cc3abb08e3288d1688130193055566a10d153a20ef7:947,0.5,1,circular,diffusive,outside,False,80.72225952148438,0.030185370741482965,0.028523489932885907,0.03264925373134328,0.004125763798457374,0.0069319108727563675
948,5de6c12e02a9e36835018cc3abb08e3288d1688130193055566a10d153a20ef7:948,0.5,0,circular,diffusive,outside,False,83.83525085449219,0.03168837675350701,0.030032467532467532,0.031990521327014215,0.001958053794546683,0.00942546429366192
949,5de6c12e02a9e36835018cc3abb08e3288d1688130193055566a10d153a20ef7:949,0.5,1,elliptical,diffusive,inside,False,75.25019836425781,0.028807615230460923,0.028772026431718063,0.029166666666666667,0.0003946402349486039,0.010601254493736887
950,5de6c12e02a9e36835018cc3abb08e3288d1688130193055566a10d153a20ef7:950,0.5,2,elliptical,diffusive,outside,False,14.309746742248535,0.027930861723446894,0.026873464373464374,0.03260869565217391,0.0057352312787095384,0.008582173102768487
951,5de6c12e02a9e36835018cc3abb08e3288d1688130193055566a10d153a20ef7:951,0.5,0,circular,ballistic,outside,False,81.3434066772461,0.02692885771543086,0.028733766233766233,0.020833333333333332,-0.0079004329004329,0.0071458676480941445
952,5de6c12e02a9e36835018cc3abb08e3288d1688130193055566a10d153a20ef7:952,0.5,2,circular,ballistic,edge,False,4.035935401916504,0.029559118236472944,0.028031115879828327,0.05113636363636364,0.023105247756535312,0.010328420905855864
953,5de6c12e02a9e36835018cc3abb08e3288d1688130193055566a10d153a20ef7:953,0.5,1,elliptical,ballistic,edge,False,70.97575378417969,0.029809619238476952,0.0349025974025974,0.012609649122807017,-0.022292948279790385,0.013262366224397845
954,5de6c12e02a9e36835018cc3abb08e3288d1688130193055566a10d153a20ef7:954,0.5,2,elliptical,ballistic,edge,False,27.7578067779541,0.02655310621242485,0.02655310621242485,,,0.008590394889520164
955,5de6c12e02a9e36835018cc3abb08e3288d1688130193055566a10d153a20ef7:955,0.5,2,circular,ballistic,outside,False,32.18977355957031,0.03031062124248497,0.027578796561604585,0.03666666666666667,0.009087870105062082,0.005028772520011205
956,5de6c12e02a9e36835018cc3abb08e3288d1688130193055566a10d153a20ef7:956,0.5,0,circular,diffusive,edge,False,83.83525085449219,0.03068637274549098,0.03068637274549098,,,0.010388243632136255
957,5de6c12e02a9e36835018cc3abb08e3288d1688130193055566a10d153a20ef7:957,0.5,0,elliptical,ballistic,edge,False,83.04512023925781,0.02630260521042084,0.032196969696969696,0.023390718562874252,-0.008806251134095444,0.005728755824663964
958,5de6c12e02a9e36835018cc3abb08e3288d1688130193055566a10d153a20ef7:958,0.5,2,elliptical,diffusive,edge,False,21.289342880249023,0.03218937875751503,0.03068524096385542,0.035179640718562874,0.004494399754707452,0.006165327892905294
959,5de6c12e02a9e36835018cc3abb08e3288d1688130193055566a10d153a20ef7:959,0.5,1,circular,ballistic,outside,False,63.99161148071289,0.02555110220440882,0.02217741935483871,0.02602974828375286,0.003852328928914149,0.00607432647944997
960,5de6c12e02a9e36835018cc3abb08e3288d1688130193055566a10d153a20ef7:960,0.5,0,elliptical,ballistic,inside,False,82.93037414550781,0.033316633266533065,0.03363163972286374,0.03125,-0.002381639722863739,0.006698267513587645
961,5de6c12e02a9e36835018cc3abb08e3288d1688130193055566a10d153a20ef7:961,0.5,0,elliptical,ballistic,outside,False,82.78713989257812,0.02530060120240481,0.02197802197802198,0.0293141592920354,0.007336137314013419,0.011454772910995668
962,5de6c12e02a9e36835018cc3abb08e3288d1688130193055566a10d153a20ef7:962,0.5,1,elliptical,diffusive,edge,False,83.8352279663086,0.031062124248496994,0.027184959349593495,0.03483201581027668,0.007647056460683185,0.009662976714421798
963,5de6c12e02a9e36835018cc3abb08e3288d1688130193055566a10d153a20ef7:963,0.5,0,circular,diffusive,inside,False,83.83525085449219,0.02755511022044088,0.024479166666666666,0.030405405405405407,0.005926238738738741,0.008308178332553607
964,5de6c12e02a9e36835018cc3abb08e3288d1688130193055566a10d153a20ef7:964,0.5,0,elliptical,diffusive,edge,False,83.83517456054688,0.02968436873747495,0.02968436873747495,,,0.010567906646111147
965,5de6c12e02a9e36835018cc3abb08e3288d1688130193055566a10d153a20ef7:965,0.5,1,elliptical,ballistic,inside,False,75.95862579345703,0.02755511022044088,0.026631773399014777,0.031586021505376344,0.004954248106361567,0.007663856984357893
966,5de6c12e02a9e36835018cc3abb08e3288d1688130193055566a10d153a20ef7:966,0.5,1,circular,diffusive,inside,False,56.66461563110352,0.029433867735470944,0.028225806451612902,0.029605263157894735,0.0013794567062818328,0.0087630606962484
967,5de6c12e02a9e36835018cc3abb08e3288d1688130193055566a10d153a20ef7:967,0.5,2,elliptical,ballistic,inside,False,4.2944746017456055,0.04421342685370742,0.024682971014492752,0.06838565022421525,0.0437026792097225,0.01808775091784856
968,5de6c12e02a9e36835018cc3abb08e3288d1688130193055566a10d153a20ef7:968,0.5,2,circular,ballistic,inside,False,5.444591045379639,0.034569138276553106,0.03355978260869565,0.046474358974358976,0.012914576365663323,0.009636965962761194
969,5de6c12e02a9e36835018cc3abb08e3288d1688130193055566a10d153a20ef7:969,0.5,1,elliptical,ballistic,outside,False,63.29892349243164,0.027429859719438877,0.017099056603773585,0.030216284987277353,0.013117228383503769,0.0059053984138909225
970,5de6c12e02a9e36835018cc3abb08e3288d1688130193055566a10d153a20ef7:970,0.5,1,circular,diffusive,edge,False,83.83525085449219,0.029183366733466935,0.029183366733466935,,,0.006124480550299426
971,5de6c12e02a9e36835018cc3abb08e3288d1688130193055566a10d153a20ef7:971,0.5,2,elliptical,diffusive,inside,False,8.19306468963623,0.03406813627254509,0.03406813627254509,,,0.010255255255740841
936,5de6c12e02a9e36835018cc3abb08e3288d1688130193055566a10d153a20ef7:936,1.0,1,circular,ballistic,inside,False,54.64289474487305,0.03666166166166166,0.030864197530864196,0.04061447811447812,0.009750280583613921,0.010002969245582154
937,5de6c12e02a9e36835018cc3abb08e3288d1688130193055566a10d153a20ef7:937,1.0,1,elliptical,diffusive,outside,False,83.83525085449219,0.027652652652652654,0.025978915662650603,0.027986194477791118,0.0020072788151405153,0.0069159227254431835
938,5de6c12e02a9e36835018cc3abb08e3288d1688130193055566a10d153a20ef7:938,1.0,0,circular,ballistic,edge,False,83.53675842285156,0.02927927927927928,0.029774678111587984,0.02912859007832898,-0.0006460880332590027,0.0065687711453486924
939,5de6c12e02a9e36835018cc3abb08e3288d1688130193055566a10d153a20ef7:939,1.0,2,elliptical,ballistic,outside,False,14.468518257141112,0.050112612612612614,0.029017857142857144,0.05620967741935484,0.027191820276497698,0.019544268177877598
940,5de6c12e02a9e36835018cc3abb08e3288d1688130193055566a10d153a20ef7:940,1.0,2,circular,diffusive,edge,False,11.215648651123049,0.03078078078078078,0.03169014084507042,0.029166666666666667,-0.002523474178403755,0.005471274051320182
941,5de6c12e02a9e36835018cc3abb08e3288d1688130193055566a10d153a20ef7:941,1.0,1,circular,ballistic,edge,False,77.27265167236328,0.030342842842842842,0.03222222222222222,0.028802367941712204,-0.003419854280510018,0.009221772654467822
942,5de6c12e02a9e36835018cc3abb08e3288d1688130193055566a10d153a20ef7:942,1.0,2,circular,diffusive,inside,False,61.14625930786133,0.03078078078078078,0.030448717948717948,0.03133333333333333,0.000884615384615383,0.009198186160905458
943,5de6c12e02a9e36835018cc3abb08e3288d1688130193055566a10d153a20ef7:943,1.0,0,circular,ballistic,inside,False,82.09049224853516,0.03184434434434434,0.03696236559139785,0.030673431734317344,-0.006288933857080507,0.008596150735715074
944,5de6c12e02a9e36835018cc3abb08e3288d1688130193055566a10d153a20ef7:944,1.0,0,elliptical,diffusive,inside,False,83.83525085449219,0.025275275275275275,0.02657563025210084,0.023360148514851485,-0.0032154817372493545,0.006365414085073525
945,5de6c12e02a9e36835018cc3abb08e3288d1688130193055566a10d153a20ef7:945,1.0,0,elliptical,diffusive,outside,False,83.83525085449219,0.027715215215215215,0.037073490813648295,0.0219457928802589,-0.015127697933389396,0.0042758204766871295
946,5de6c12e02a9e36835018cc3abb08e3288d1688130193055566a10d153a20ef7:946,1.0,2,circular,diffusive,outside,False,5.793002128601074,0.046483983983983984,0.03491784037558685,0.04961832061068702,0.01470048023510017,0.02060038035366728
947,5de6c12e02a9e36835018cc3abb08e3288d1688130193055566a10d153a20ef7:947,1.0,1,circular,diffusive,outside,False,80.72225952148438,0.027527527527527528,0.028523489932885907,0.02710413694721826,-0.001419352985667647,0.007826073959515461
948,5de6c12e02a9e36835018cc3abb08e3288d1688130193055566a10d153a20ef7:948,1.0,0,circular,diffusive,outside,False,83.83525085449219,0.030843343343343342,0.030032467532467532,0.03091106290672451,0.000878595374256979,0.00820858014184562
949,5de6c12e02a9e36835018cc3abb08e3288d1688130193055566a10d153a20ef7:949,1.0,1,elliptical,diffusive,inside,False,75.25019836425781,0.02834084084084084,0.028772026431718063,0.02798165137614679,-0.0007903750555712727,0.00840087331890966
950,5de6c12e02a9e36835018cc3abb08e3288d1688130193055566a10d153a20ef7:950,1.0,2,elliptical,diffusive,outside,False,14.309746742248535,0.03178178178178178,0.026873464373464374,0.03515625,0.008282785626535626,0.010387646436695326
951,5de6c12e02a9e36835018cc3abb08e3288d1688130193055566a10d153a20ef7:951,1.0,0,circular,ballistic,outside,False,81.3434066772461,0.027464964964964964,0.028733766233766233,0.026669381107491858,-0.002064385126274375,0.006646665019662969
952,5de6c12e02a9e36835018cc3abb08e3288d1688130193055566a10d153a20ef7:952,1.0,2,circular,ballistic,edge,False,4.035935401916504,0.05987237237237237,0.028031115879828327,0.0877110694183865,0.059679953538558164,0.02498362127941292
953,5de6c12e02a9e36835018cc3abb08e3288d1688130193055566a10d153a20ef7:953,1.0,1,elliptical,ballistic,edge,False,70.97575378417969,0.028403403403403405,0.0349025974025974,0.024328175895765473,-0.010574421506831928,0.00975253833090584
954,5de6c12e02a9e36835018cc3abb08e3288d1688130193055566a10d153a20ef7:954,1.0,2,elliptical,ballistic,edge,False,27.7578067779541,0.032407407407407406,0.026603159851301114,0.03918112798264642,0.012577968131345305,0.006737032345331232
955,5de6c12e02a9e36835018cc3abb08e3288d1688130193055566a10d153a20ef7:955,1.0,2,circular,ballistic,outside,False,32.18977355957031,0.03397147147147147,0.027578796561604585,0.037403846153846156,0.00982504959224157,0.007471709363001852
956,5de6c12e02a9e36835018cc3abb08e3288d1688130193055566a10d153a20ef7:956,1.0,0,circular,diffusive,edge,False,83.83525085449219,0.02784034034034034,0.028164808917197453,0.0272911051212938,-0.000873703795903652,0.005948051530097262
957,5de6c12e02a9e36835018cc3abb08e3288d1688130193055566a10d153a20ef7:957,1.0,0,elliptical,ballistic,edge,False,83.04512023925781,0.030467967967967968,0.032196969696969696,0.03012589928057554,-0.0020710704163941565,0.007871703068885424
958,5de6c12e02a9e36835018cc3abb08e3288d1688130193055566a10d153a20ef7:958,1.0,2,elliptical,diffusive,edge,False,21.289342880249023,0.03384634634634635,0.03068524096385542,0.03541979010494753,0.004734549141092108,0.00799210719592053
959,5de6c12e02a9e36835018cc3abb08e3288d1688130193055566a10d153a20ef7:959,1.0,1,circular,ballistic,outside,False,63.99161148071289,0.02959209209209209,0.02217741935483871,0.030082710779082176,0.007905291424243465,0.0077028209974779405
960,5de6c12e02a9e36835018cc3abb08e3288d1688130193055566a10d153a20ef7:960,1.0,0,elliptical,ballistic,inside,False,82.93037414550781,0.02927927927927928,0.03363163972286374,0.02594964664310954,-0.007681993079754198,0.005668043870323385
961,5de6c12e02a9e36835018cc3abb08e3288d1688130193055566a10d153a20ef7:961,1.0,0,elliptical,ballistic,outside,False,82.78713989257812,0.02902902902902903,0.02197802197802198,0.03168044077134986,0.009702418793327883,0.00800409689275249
962,5de6c12e02a9e36835018cc3abb08e3288d1688130193055566a10d153a20ef7:962,1.0,1,elliptical,diffusive,edge,False,83.8352279663086,0.030155155155155156,0.027184959349593495,0.031125498007968128,0.003940538658374633,0.008503907075848947
963,5de6c12e02a9e36835018cc3abb08e3288d1688130193055566a10d153a20ef7:963,1.0,0,circular,diffusive,inside,False,83.83525085449219,0.029779779779779778,0.024479166666666666,0.03145586297760211,0.006976696310935445,0.006639889470180981
964,5de6c12e02a9e36835018cc3abb08e3288d1688130193055566a10d153a20ef7:964,1.0,0,elliptical,diffusive,edge,False,83.83517456054688,0.028591091091091092,0.029475043029259896,0.02736244019138756,-0.0021126028378723356,0.007327836271482797
965,5de6c12e02a9e36835018cc3abb08e3288d1688130193055566a10d153a20ef7:965,1.0,1,elliptical,ballistic,inside,False,75.95862579345703,0.026839339339339338,0.026631773399014777,0.026981450252951095,0.00034967685393631764,0.0071087701074284354
966,5de6c12e02a9e36835018cc3abb08e3288d1688130193055566a10d153a20ef7:966,1.0,1,circular,diffusive,inside,False,56.66461563110352,0.03121871871871872,0.028225806451612902,0.03141675560298826,0.0031909491513753586,0.008112654205088766
967,5de6c12e02a9e36835018cc3abb08e3288d1688130193055566a10d153a20ef7:967,1.0,2,elliptical,ballistic,inside,False,4.2944746017456055,0.09584584584584585,0.024682971014492752,0.12301175656984785,0.0983287855553551,0.053964190493115884
968,5de6c12e02a9e36835018cc3abb08e3288d1688130193055566a10d153a20ef7:968,1.0,2,circular,ballistic,inside,False,5.444591045379639,0.07701451451451452,0.03355978260869565,0.11410018552875696,0.08054040292006132,0.03400958675256389
969,5de6c12e02a9e36835018cc3abb08e3288d1688130193055566a10d153a20ef7:969,1.0,1,elliptical,ballistic,outside,False,63.29892349243164,0.030905905905905907,0.017099056603773585,0.03254479283314669,0.015445736229373109,0.006987988991713314
970,5de6c12e02a9e36835018cc3abb08e3288d1688130193055566a10d153a20ef7:970,1.0,1,circular,diffusive,edge,False,83.83525085449219,0.029404404404404404,0.028058978873239437,0.031177494199535964,0.0031185153262965268,0.004766265504189417
971,5de6c12e02a9e36835018cc3abb08e3288d1688130193055566a10d153a20ef7:971,1.0,2,elliptical,diffusive,inside,False,8.19306468963623,0.04229229229229229,0.03144470404984424,0.061799719887955185,0.030355015838110948,0.015884485558116463
972,5de6c12e02a9e36835018cc3abb08e3288d1688130193055566a10d153a20ef7:972,0.25,2,elliptical,ballistic,outside,False,7.438038349151611,0.027610441767068273,0.027610441767068273,,,0.007563513641224581
973,5de6c12e02a9e36835018cc3abb08e3288d1688130193055566a10d153a20ef7:973,0.25,2,circular,diffusive,inside,False,22.590930938720703,0.026606425702811246,0.026606425702811246,,,0.011032761534054173
974,5de6c12e02a9e36835018cc3abb08e3288d1688130193055566a10d153a20ef7:974,0.25,2,elliptical,diffusive,edge,False,9.074238777160645,0.0303714859437751,0.02806122448979592,0.03370098039215686,0.005639755902360943,0.0058919149569806725
975,5de6c12e02a9e36835018cc3abb08e3288d1688130193055566a10d153a20ef7:975,0.25,0,circular,ballistic,outside,False,83.34562683105469,0.033383534136546184,0.03160112359550562,0.034375,0.002773876404494384,0.006018864863595281
976,5de6c12e02a9e36835018cc3abb08e3288d1688130193055566a10d153a20ef7:976,0.25,0,elliptical,ballistic,edge,False,83.35918426513672,0.02359437751004016,0.020579268292682928,0.025074850299401198,0.00449558200671827,0.00826409519736663
977,5de6c12e02a9e36835018cc3abb08e3288d1688130193055566a10d153a20ef7:977,0.25,1,elliptical,ballistic,edge,False,53.51396560668945,0.02635542168674699,0.029845505617977528,0.017605633802816902,-0.012239871815160626,0.011813199423443868
978,5de6c12e02a9e36835018cc3abb08e3288d1688130193055566a10d153a20ef7:978,0.25,0,elliptical,diffusive,outside,False,83.83525085449219,0.03263052208835342,0.03263052208835342,,,0.009242948112209824
979,5de6c12e02a9e36835018cc3abb08e3288d1688130193055566a10d153a20ef7:979,0.25,0,elliptical,diffusive,inside,False,83.27425384521484,0.040160642570281124,0.040160642570281124,,,0.014198931349127461
980,5de6c12e02a9e36835018cc3abb08e3288d1688130193055566a10d153a20ef7:980,0.25,1,circular,ballistic,outside,False,79.52180480957031,0.02961847389558233,0.02961847389558233,,,0.0078255307570883
981,5de6c12e02a9e36835018cc3abb08e3288d1688130193055566a10d153a20ef7:981,0.25,1,elliptical,diffusive,edge,False,83.83525085449219,0.023092369477911646,0.023092369477911646,,,0.006189170685711823
982,5de6c12e02a9e36835018cc3abb08e3288d1688130193055566a10d153a20ef7:982,0.25,1,elliptical,diffusive,inside,False,81.08541107177734,0.03288152610441767,0.04296875,0.024635036496350366,-0.018333713503649634,0.011961598953256882
983,5de6c12e02a9e36835018cc3abb08e3288d1688130193055566a10d153a20ef7:983,0.25,0,circular,ballistic,inside,False,80.74798583984375,0.029869477911646587,0.029869477911646587,,,0.005259118182669922
984,5de6c12e02a9e36835018cc3abb08e3288d1688130193055566a10d153a20ef7:984,0.25,2,circular,ballistic,inside,False,15.970973014831545,0.026606425702811246,0.026606425702811246,,,0.01165480599020472
985,5de6c12e02a9e36835018cc3abb08e3288d1688130193055566a10d153a20ef7:985,0.25,0,circular,diffusive,outside,False,83.83525085449219,0.02635542168674699,0.02635542168674699,,,0.010260508752996835
986,5de6c12e02a9e36835018cc3abb08e3288d1688130193055566a10d153a20ef7:986,0.25,2,circular,ballistic,edge,False,6.8092546463012695,0.038403614457831324,0.029829545454545456,0.04309006211180124,0.013260516657255784,0.008305919732818422
987,5de6c12e02a9e36835018cc3abb08e3288d1688130193055566a10d153a20ef7:987,0.25,1,circular,ballistic,inside,False,79.53907775878906,0.028112449799196786,0.028112449799196786,,,0.007240062802136525
988,5de6c12e02a9e36835018cc3abb08e3288d1688130193055566a10d153a20ef7:988,0.25,1,circular,diffusive,outside,False,56.16569519042969,0.02384538152610442,0.02384538152610442,,,0.010740508481593709
989,5de6c12e02a9e36835018cc3abb08e3288d1688130193055566a10d153a20ef7:989,0.25,0,circular,diffusive,inside,False,81.60587310791016,0.027359437751004016,0.02610759493670886,0.052083333333333336,0.025975738396624475,0.011791847034685086
990,5de6c12e02a9e36835018cc3abb08e3288d1688130193055566a10d153a20ef7:990,0.25,2,circular,diffusive,edge,False,36.797462463378906,0.03112449799196787,0.03112449799196787,,,0.012255577927443476
991,5de6c12e02a9e36835018cc3abb08e3288d1688130193055566a10d153a20ef7:991,0.25,0,elliptical,ballistic,outside,False,83.10523223876953,0.035140562248995984,0.03651685393258427,0.034375,-0.002141853932584266,0.010482235450713404
992,5de6c12e02a9e36835018cc3abb08e3288d1688130193055566a10d153a20ef7:992,0.25,0,circular,ballistic,edge,False,83.77275848388672,0.02786144578313253,0.021844660194174758,0.03210616438356165,0.01026150418938689,0.009060514883423718
993,5de6c12e02a9e36835018cc3abb08e3288d1688130193055566a10d153a20ef7:993,0.25,0,elliptical,diffusive,edge,False,82.98681640625,0.02786144578313253,0.02786144578313253,,,0.011813199423443868
994,5de6c12e02a9e36835018cc3abb08e3288d1688130193055566a10d153a20ef7:994,0.25,1,elliptical,diffusive,outside,False,62.6218147277832,0.028112449799196786,0.02690217391304348,0.04276315789473684,0.015860983981693364,0.01179451819725977
995,5de6c12e02a9e36835018cc3abb08e3288d1688130193055566a10d153a20ef7:995,0.25,2,elliptical,diffusive,inside,False,10.641470909118652,0.02886546184738956,0.03093112244897959,0.02122641509433962,-0.00970470735463997,0.009521624868670009
996,5de6c12e02a9e36835018cc3abb08e3288d1688130193055566a10d153a20ef7:996,0.25,2,elliptical,ballistic,edge,False,25.795055389404297,0.024096385542168676,0.02347285067873303,0.029017857142857144,0.005545006464124112,0.012620286234916199
997,5de6c12e02a9e36835018cc3abb08e3288d1688130193055566a10d153a20ef7:997,0.25,1,elliptical,ballistic,outside,False,77.74219512939453,0.0286144578313253,0.0286144578313253,,,0.011078351651964814
998,5de6c12e02a9e36835018cc3abb08e3288d1688130193055566a10d153a20ef7:998,0.25,1,circular,diffusive,inside,False,63.04054260253906,0.033634538152610444,0.033634538152610444,,,0.010708197293022862
999,5de6c12e02a9e36835018cc3abb08e3288d1688130193055566a10d153a20ef7:999,0.25,1,elliptical,ballistic,inside,False,79.63617706298828,0.03765060240963856,0.03765060240963856,,,0.01541581579596796
1000,5de6c12e02a9e36835018cc3abb08e3288d1688130193055566a10d153a20ef7:1000,0.25,1,circular,diffusive,edge,False,68.6701889038086,0.033383534136546184,0.031613372093023256,0.037337662337662336,0.00572429024463908,0.00757599812890892
1001,5de6c12e02a9e36835018cc3abb08e3288d1688130193055566a10d153a20ef7:1001,0.25,1,circular,ballistic,edge,False,44.71034622192383,0.033634538152610444,0.026260504201680673,0.04038461538461539,0.014124111182934714,0.010708197293022862
1002,5de6c12e02a9e36835018cc3abb08e3288d1688130193055566a10d153a20ef7:1002,0.25,2,elliptical,diffusive,outside,False,35.0383415222168,0.0356425702811245,0.0356425702811245,,,0.015803289396282325
1003,5de6c12e02a9e36835018cc3abb08e3288d1688130193055566a10d153a20ef7:1003,0.25,2,circular,diffusive,outside,False,5.201801776885986,0.025100401606425703,0.025100401606425703,,,0.01108971989677436
1004,5de6c12e02a9e36835018cc3abb08e3288d1688130193055566a10d153a20ef7:1004,0.25,0,circular,diffusive,edge,False,81.86210632324219,0.020582329317269075,0.020582329317269075,,,0.008738401197554825
1005,5de6c12e02a9e36835018cc3abb08e3288d1688130193055566a10d153a20ef7:1005,0.25,2,elliptical,ballistic,inside,False,4.979687213897705,0.034889558232931724,0.034889558232931724,,,0.00973106022840368
1006,5de6c12e02a9e36835018cc3abb08e3288d1688130193055566a10d153a20ef7:1006,0.25,2,circular,ballistic,outside,False,11.363757133483888,0.030873493975903613,0.023305084745762712,0.03769083969465649,0.014385754948893777,0.010857193149539241
1007,5de6c12e02a9e36835018cc3abb08e3288d1688130193055566a10d153a20ef7:1007,0.25,0,elliptical,ballistic,inside,False,83.43872833251953,0.0303714859437751,0.0303714859437751,,,0.01396403719447904
972,5de6c12e02a9e36835018cc3abb08e3288d1688130193055566a10d153a20ef7:972,0.5,2,elliptical,ballistic,outside,False,7.438038349151611,0.036698396793587176,0.029837570621468926,0.05344827586206897,0.023610705240600043,0.01166310175977492
973,5de6c12e02a9e36835018cc3abb08e3288d1688130193055566a10d153a20ef7:973,0.5,2,circular,diffusive,inside,False,22.590930938720703,0.031813627254509015,0.027715773809523808,0.040260736196319015,0.012544962386795207,0.010215405062176193
974,5de6c12e02a9e36835018cc3abb08e3288d1688130193055566a10d153a20ef7:974,0.5,2,elliptical,diffusive,edge,False,9.074238777160645,0.032690380761523044,0.02806122448979592,0.034623579545454544,0.006562355055658626,0.008322327951092293
975,5de6c12e02a9e36835018cc3abb08e3288d1688130193055566a10d153a20ef7:975,0.5,0,circular,ballistic,outside,False,83.34562683105469,0.030435871743486973,0.03160112359550562,0.030182926829268292,-0.001418196766237327,0.008261787366753749
976,5de6c12e02a9e36835018cc3abb08e3288d1688130193055566a10d153a20ef7:976,0.5,0,elliptical,ballistic,edge,False,83.35918426513672,0.024549098196392786,0.020579268292682928,0.025329736211031174,0.004750467918348246,0.006627633544750978
977,5de6c12e02a9e36835018cc3abb08e3288d1688130193055566a10d153a20ef7:977,0.5,1,elliptical,ballistic,edge,False,53.51396560668945,0.025801603206412827,0.029845505617977528,0.023559190031152647,-0.006286315586824881,0.009607619694772099
978,5de6c12e02a9e36835018cc3abb08e3288d1688130193055566a10d153a20ef7:978,0.5,0,elliptical,diffusive,outside,False,83.83525085449219,0.027304609218436873,0.027304609218436873,,,0.008586741733969243
979,5de6c12e02a9e36835018cc3abb08e3288d1688130193055566a10d153a20ef7:979,0.5,0,elliptical,diffusive,inside,False,83.27425384521484,0.031312625250501,0.031312625250501,,,0.0075939410777675935
980,5de6c12e02a9e36835018cc3abb08e3288d1688130193055566a10d153a20ef7:980,0.5,1,circular,ballistic,outside,False,79.52180480957031,0.026427855711422844,0.028728606356968216,0.01597222222222222,-0.012756384134745995,0.0046981461256290205
981,5de6c12e02a9e36835018cc3abb08e3288d1688130193055566a10d153a20ef7:981,0.5,1,elliptical,diffusive,edge,False,83.83525085449219,0.026678356713426853,0.026678356713426853,,,0.007824899121962563
982,5de6c12e02a9e36835018cc3abb08e3288d1688130193055566a10d153a20ef7:982,0.5,1,elliptical,diffusive,inside,False,81.08541107177734,0.028056112224448898,0.04296875,0.02374031007751938,-0.01922843992248062,0.007889787448909629
983,5de6c12e02a9e36835018cc3abb08e3288d1688130193055566a10d153a20ef7:983,0.5,0,circular,ballistic,inside,False,80.74798583984375,0.03156312625250501,0.032283057851239666,0.008333333333333333,-0.023949724517906334,0.0063173948962517495
984,5de6c12e02a9e36835018cc3abb08e3288d1688130193055566a10d153a20ef7:984,0.5,2,circular,ballistic,inside,False,15.970973014831545,0.022044088176352707,0.022044088176352707,,,0.008323270403725526
985,5de6c12e02a9e36835018cc3abb08e3288d1688130193055566a10d153a20ef7:985,0.5,0,circular,diffusive,outside,False,83.83525085449219,0.03294088176352705,0.03202639751552795,0.0346045197740113,0.002578122258483348,0.008640469153811213
986,5de6c12e02a9e36835018cc3abb08e3288d1688130193055566a10d153a20ef7:986,0.5,2,circular,ballistic,edge,False,6.8092546463012695,0.06500501002004008,0.029829545454545456,0.07253649635036497,0.04270695089581951,0.027761286865661622
987,5de6c12e02a9e36835018cc3abb08e3288d1688130193055566a10d153a20ef7:987,0.5,1,circular,ballistic,inside,False,79.53907775878906,0.02780561122244489,0.028309628008752735,0.022321428571428572,-0.005988199437324163,0.00485093104484897
988,5de6c12e02a9e36835018cc3abb08e3288d1688130193055566a10d153a20ef7:988,0.5,1,circular,diffusive,outside,False,56.16569519042969,0.02755511022044088,0.02755511022044088,,,0.012261761774068554
989,5de6c12e02a9e36835018cc3abb08e3288d1688130193055566a10d153a20ef7:989,0.5,0,circular,diffusive,inside,False,81.60587310791016,0.027680360721442886,0.02610759493670886,0.029103053435114504,0.0029954584984056426,0.006316153147857198
990,5de6c12e02a9e36835018cc3abb08e3288d1688130193055566a10d153a20ef7:990,0.5,2,circular,diffusive,edge,False,36.797462463378906,0.0343186372745491,0.031594922737306845,0.06114130434782609,0.029546381610519243,0.010577551267894494
991,5de6c12e02a9e36835018cc3abb08e3288d1688130193055566a10d153a20ef7:991,0.5,0,elliptical,ballistic,outside,False,83.10523223876953,0.033066132264529056,0.03651685393258427,0.03231707317073171,-0.00419978076185256,0.007598071587226003
992,5de6c12e02a9e36835018cc3abb08e3288d1688130193055566a10d153a20ef7:992,0.5,0,circular,ballistic,edge,False,83.77275848388672,0.02843186372745491,0.021844660194174758,0.03014520202020202,0.008300541826027262,0.0075139862334522274
993,5de6c12e02a9e36835018cc3abb08e3288d1688130193055566a10d153a20ef7:993,0.5,0,elliptical,diffusive,edge,False,82.98681640625,0.03006012024048096,0.03006012024048096,,,0.005533748004602836
994,5de6c12e02a9e36835018cc3abb08e3288d1688130193055566a10d153a20ef7:994,0.5,1,elliptical,diffusive,outside,False,62.6218147277832,0.030435871743486973,0.02690217391304348,0.03345724907063197,0.006555075157588488,0.007630007219698413
995,5de6c12e02a9e36835018cc3abb08e3288d1688130193055566a10d153a20ef7:995,0.5,2,elliptical,diffusive,inside,False,10.641470909118652,0.03519539078156313,0.03093112244897959,0.037953795379537955,0.007022672930558364,0.012982019573142736
996,5de6c12e02a9e36835018cc3abb08e3288d1688130193055566a10d153a20ef7:996,0.5,2,elliptical,ballistic,edge,False,25.795055389404297,0.03369238476953908,0.02347285067873303,0.041816546762589925,0.018343696083856893,0.01372907758500384
997,5de6c12e02a9e36835018cc3abb08e3288d1688130193055566a10d153a20ef7:997,0.5,1,elliptical,ballistic,outside,False,77.74219512939453,0.027054108216432865,0.027162447257383968,0.025,-0.002162447257383966,0.009714789293419498
998,5de6c12e02a9e36835018cc3abb08e3288d1688130193055566a10d153a20ef7:998,0.5,1,circular,diffusive,inside,False,63.04054260253906,0.027304609218436873,0.028225806451612902,0.014705882352941176,-0.013519924098671726,0.007837919763107222
999,5de6c12e02a9e36835018cc3abb08e3288d1688130193055566a10d153a20ef7:999,0.5,1,elliptical,ballistic,inside,False,79.63617706298828,0.031813627254509015,0.031813627254509015,,,0.011895501072729225
1000,5de6c12e02a9e36835018cc3abb08e3288d1688130193055566a10d153a20ef7:1000,0.5,1,circular,diffusive,edge,False,68.6701889038086,0.030435871743486973,0.031613372093023256,0.02981651376146789,-0.001796858331555365,0.009505019473899885
1001,5de6c12e02a9e36835018cc3abb08e3288d1688130193055566a10d153a20ef7:1001,0.5,1,circular,ballistic,edge,False,44.71034622192383,0.031813627254509015,0.026260504201680673,0.03355263157894737,0.007292127377266696,0.008228490834497417
1002,5de6c12e02a9e36835018cc3abb08e3288d1688130193055566a10d153a20ef7:1002,0.5,2,elliptical,diffusive,outside,False,35.0383415222168,0.03031062124248497,0.03203125,0.02723463687150838,-0.004796613128491618,0.01089319384025997
1003,5de6c12e02a9e36835018cc3abb08e3288d1688130193055566a10d153a20ef7:1003,0.5,2,circular,diffusive,outside,False,5.201801776885986,0.02780561122244489,0.028733766233766233,0.024671052631578948,-0.004062713602187285,0.007757446175952917
1004,5de6c12e02a9e36835018cc3abb08e3288d1688130193055566a10d153a20ef7:1004,0.5,0,circular,diffusive,edge,False,81.86210632324219,0.02467434869739479,0.02054794520547945,0.030495169082125604,0.009947223876646153,0.010496410473719093
1005,5de6c12e02a9e36835018cc3abb08e3288d1688130193055566a10d153a20ef7:1005,0.5,2,elliptical,ballistic,inside,False,4.979687213897705,0.03507014028056112,0.03507014028056112,,,0.009101153369030536
1006,5de6c12e02a9e36835018cc3abb08e3288d1688130193055566a10d153a20ef7:1006,0.5,2,circular,ballistic,outside,False,11.363757133483888,0.03795090180360722,0.023305084745762712,0.042486876640419946,0.019181791894657234,0.011965848419039755
1007,5de6c12e02a9e36835018cc3abb08e3288d1688130193055566a10d153a20ef7:1007,0.5,0,elliptical,ballistic,inside,False,83.43872833251953,0.028807615230460923,0.02680921052631579,0.0351890756302521,0.008379865103936311,0.008334571522852769
972,5de6c12e02a9e36835018cc3abb08e3288d1688130193055566a10d153a20ef7:972,1.0,2,elliptical,ballistic,outside,False,7.438038349151611,0.07463713713713714,0.029837570621468926,0.09922480620155039,0.06938723558008146,0.030273493291288988
973,5de6c12e02a9e36835018cc3abb08e3288d1688130193055566a10d153a20ef7:973,1.0,2,circular,diffusive,inside,False,22.590930938720703,0.04366866866866867,0.027715773809523808,0.05175339366515837,0.02403761985563456,0.015557335708855218
974,5de6c12e02a9e36835018cc3abb08e3288d1688130193055566a10d153a20ef7:974,1.0,2,elliptical,diffusive,edge,False,9.074238777160645,0.050112612612612614,0.02806122448979592,0.05391725352112676,0.02585602903133084,0.02453018961248867
975,5de6c12e02a9e36835018cc3abb08e3288d1688130193055566a10d153a20ef7:975,1.0,0,circular,ballistic,outside,False,83.34562683105469,0.027464964964964964,0.03160112359550562,0.02706043956043956,-0.004540684035066057,0.006039474959822489
976,5de6c12e02a9e36835018cc3abb08e3288d1688130193055566a10d153a20ef7:976,1.0,0,elliptical,ballistic,edge,False,83.35918426513672,0.027464964964964964,0.020579268292682928,0.02808069792802617,0.007501429635343244,0.004352034606966637
977,5de6c12e02a9e36835018cc3abb08e3288d1688130193055566a10d153a20ef7:977,1.0,1,elliptical,ballistic,edge,False,53.51396560668945,0.029904904904904904,0.029845505617977528,0.02991778319123021,7.22775732526805e-05,0.008839715946536568
978,5de6c12e02a9e36835018cc3abb08e3288d1688130193055566a10d153a20ef7:978,1.0,0,elliptical,diffusive,outside,False,83.83525085449219,0.028215715715715715,0.026467971530249112,0.030463386727688786,0.003995415197439674,0.00779374865155203
979,5de6c12e02a9e36835018cc3abb08e3288d1688130193055566a10d153a20ef7:979,1.0,0,elliptical,diffusive,inside,False,83.27425384521484,0.02909159159159159,0.030104166666666668,0.02756892230576441,-0.0025352443609022585,0.006382301352752322
980,5de6c12e02a9e36835018cc3abb08e3288d1688130193055566a10d153a20ef7:980,1.0,1,circular,ballistic,outside,False,79.52180480957031,0.02733983983983984,0.028728606356968216,0.026377118644067797,-0.0023514877129004186,0.006360185312745826
981,5de6c12e02a9e36835018cc3abb08e3288d1688130193055566a10d153a20ef7:981,1.0,1,elliptical,diffusive,edge,False,83.83525085449219,0.026276276276276277,0.02673611111111111,0.025735294117647058,-0.0010008169934640522,0.006807542797164887
982,5de6c12e02a9e36835018cc3abb08e3288d1688130193055566a10d153a20ef7:982,1.0,1,elliptical,diffusive,inside,False,81.08541107177734,0.02884134134134134,0.04296875,0.02705749718151071,-0.01591125281848929,0.006467589299188269
983,5de6c12e02a9e36835018cc3abb08e3288d1688130193055566a10d153a20ef7:983,1.0,0,circular,ballistic,inside,False,80.74798583984375,0.029404404404404404,0.032283057851239666,0.02669902912621359,-0.005584028725026075,0.007294912836410614
984,5de6c12e02a9e36835018cc3abb08e3288d1688130193055566a10d153a20ef7:984,1.0,2,circular,ballistic,inside,False,15.970973014831545,0.035785785785785784,0.02491961414790997,0.05371352785145889,0.028793913703548918,0.011104458324491386
985,5de6c12e02a9e36835018cc3abb08e3288d1688130193055566a10d153a20ef7:985,1.0,0,circular,diffusive,outside,False,83.83525085449219,0.031156156156156155,0.03202639751552795,0.030742245199409157,-0.0012841523161187945,0.006393636782302913
986,5de6c12e02a9e36835018cc3abb08e3288d1688130193055566a10d153a20ef7:986,1.0,2,circular,ballistic,edge,False,6.8092546463012695,0.10842092092092093,0.029829545454545456,0.1160126234906696,0.08618307803612414,0.04205242130506995
987,5de6c12e02a9e36835018cc3abb08e3288d1688130193055566a10d153a20ef7:987,1.0,1,circular,ballistic,inside,False,79.53907775878906,0.026714214214214216,0.028309628008752735,0.0253690036900369,-0.0029406243187158343,0.005572986546719882
988,5de6c12e02a9e36835018cc3abb08e3288d1688130193055566a10d153a20ef7:988,1.0,1,circular,diffusive,outside,False,56.16569519042969,0.02515015015015015,0.026752767527675275,0.02324945295404814,-0.003503314573627136,0.007760784388118472
989,5de6c12e02a9e36835018cc3abb08e3288d1688130193055566a10d153a20ef7:989,1.0,0,circular,diffusive,inside,False,81.60587310791016,0.028903903903903905,0.02610759493670886,0.029773622047244094,0.0036660271105352325,0.004953121975197569
990,5de6c12e02a9e36835018cc3abb08e3288d1688130193055566a10d153a20ef7:990,1.0,2,circular,diffusive,edge,False,36.797462463378906,0.03121871871871872,0.031594922737306845,0.030906593406593408,-0.0006883293307134372,0.008946008935311068
991,5de6c12e02a9e36835018cc3abb08e3288d1688130193055566a10d153a20ef7:991,1.0,0,elliptical,ballistic,outside,False,83.10523223876953,0.029466966966966966,0.03651685393258427,0.028777472527472526,-0.007739381405111743,0.008406462413048292
992,5de6c12e02a9e36835018cc3abb08e3288d1688130193055566a10d153a20ef7:992,1.0,0,circular,ballistic,edge,False,83.77275848388672,0.02996746746746747,0.021844660194174758,0.030901227678571428,0.00905656748439667,0.006702958909065093
993,5de6c12e02a9e36835018cc3abb08e3288d1688130193055566a10d153a20ef7:993,1.0,0,elliptical,diffusive,edge,False,82.98681640625,0.031406406406406406,0.029599659284497443,0.03398058252427184,0.0043809232397744,0.004639763818253043
994,5de6c12e02a9e36835018cc3abb08e3288d1688130193055566a10d153a20ef7:994,1.0,1,elliptical,diffusive,outside,False,62.6218147277832,0.029341841841841843,0.02690217391304348,0.03007152145643693,0.003169347543393451,0.007385297858332331
995,5de6c12e02a9e36835018cc3abb08e3288d1688130193055566a10d153a20ef7:995,1.0,2,elliptical,diffusive,inside,False,10.641470909118652,0.06381381381381382,0.03093112244897959,0.07183997509339975,0.04090885264442015,0.03160295072049428
996,5de6c12e02a9e36835018cc3abb08e3288d1688130193055566a10d153a20ef7:996,1.0,2,elliptical,ballistic,edge,False,25.795055389404297,0.04460710710710711,0.02347285067873303,0.050610539845758355,0.027137689167025324,0.01652682190557989
997,5de6c12e02a9e36835018cc3abb08e3288d1688130193055566a10d153a20ef7:997,1.0,1,elliptical,ballistic,outside,False,77.74219512939453,0.03071821821821822,0.027162447257383968,0.033928571428571426,0.006766124171187458,0.007239707733933566
998,5de6c12e02a9e36835018cc3abb08e3288d1688130193055566a10d153a20ef7:998,1.0,1,circular,diffusive,inside,False,63.04054260253906,0.02952952952952953,0.028225806451612902,0.030664794007490635,0.002438987555877733,0.00534388300902468
999,5de6c12e02a9e36835018cc3abb08e3288d1688130193055566a10d153a20ef7:999,1.0,1,elliptical,ballistic,inside,False,79.63617706298828,0.03203203203203203,0.03125,0.033179012345679014,0.001929012345679014,0.009925191198724696
1000,5de6c12e02a9e36835018cc3abb08e3288d1688130193055566a10d153a20ef7:1000,1.0,1,circular,diffusive,edge,False,68.6701889038086,0.0315940940940941,0.031613372093023256,0.031590084643288996,-2.3287449734260557e-05,0.008102999153521409
1001,5de6c12e02a9e36835018cc3abb08e3288d1688130193055566a10d153a20ef7:1001,1.0,1,circular,ballistic,edge,False,44.71034622192383,0.03453453453453453,0.026260504201680673,0.03565340909090909,0.009392904889228417,0.007929419178055485
1002,5de6c12e02a9e36835018cc3abb08e3288d1688130193055566a10d153a20ef7:1002,1.0,2,elliptical,diffusive,outside,False,35.0383415222168,0.030905905905905907,0.03203125,0.030375552282768777,-0.00165569771723122,0.00828381249651423
1003,5de6c12e02a9e36835018cc3abb08e3288d1688130193055566a10d153a20ef7:1003,1.0,2,circular,diffusive,outside,False,5.201801776885986,0.042042042042042045,0.028733766233766233,0.05038680781758958,0.021653041583823345,0.028603067191650747
1004,5de6c12e02a9e36835018cc3abb08e3288d1688130193055566a10d153a20ef7:1004,1.0,0,circular,diffusive,edge,False,81.86210632324219,0.028591091091091092,0.02054794520547945,0.03191301272984441,0.01136506752436496,0.007927197602760044
1005,5de6c12e02a9e36835018cc3abb08e3288d1688130193055566a10d153a20ef7:1005,1.0,2,elliptical,ballistic,inside,False,4.979687213897705,0.05411661661661662,0.03465804066543438,0.07710152838427947,0.04244348771884509,0.022196841003876026
1006,5de6c12e02a9e36835018cc3abb08e3288d1688130193055566a10d153a20ef7:1006,1.0,2,circular,ballistic,outside,False,11.363757133483888,0.05205205205205205,0.023305084745762712,0.05590238365493757,0.03259729890917486,0.018068345351536234
1007,5de6c12e02a9e36835018cc3abb08e3288d1688130193055566a10d153a20ef7:1007,1.0,0,elliptical,ballistic,inside,False,83.43872833251953,0.029779779779779778,0.02680921052631579,0.03160339256865913,0.004794182042343338,0.008070328076374925
1008,5de6c12e02a9e36835018cc3abb08e3288d1688130193055566a10d153a20ef7:1008,0.25,2,elliptical,diffusive,inside,False,6.047773361206055,0.03463855421686747,0.03463855421686747,,,0.010613641823225892
1009,5de6c12e02a9e36835018cc3abb08e3288d1688130193055566a10d153a20ef7:1009,0.25,2,elliptical,ballistic,inside,False,11.151942253112791,0.029116465863453816,0.029116465863453816,,,0.009682380282121442
1010,5de6c12e02a9e36835018cc3abb08e3288d1688130193055566a10d153a20ef7:1010,0.25,2,elliptical,diffusive,outside,False,26.96556854248047,0.026857429718875503,0.027230290456431536,0.015625,-0.011605290456431536,0.010087114105125562
1011,5de6c12e02a9e36835018cc3abb08e3288d1688130193055566a10d153a20ef7:1011,0.25,0,circular,ballistic,edge,False,83.50550842285156,0.02610441767068273,0.02610441767068273,,,0.011180249724558278
1012,5de6c12e02a9e36835018cc3abb08e3288d1688130193055566a10d153a20ef7:1012,0.25,1,elliptical,diffusive,inside,False,63.05405426025391,0.02208835341365462,0.02208835341365462,,,0.008094636293472438
1013,5de6c12e02a9e36835018cc3abb08e3288d1688130193055566a10d153a20ef7:1013,0.25,0,circular,diffusive,outside,False,82.4937973022461,0.03263052208835342,0.024764150943396228,0.03475765306122449,0.009993502117828262,0.008016425412987607
1014,5de6c12e02a9e36835018cc3abb08e3288d1688130193055566a10d153a20ef7:1014,0.25,1,circular,ballistic,edge,False,67.67649841308594,0.027610441767068273,0.027610441767068273,,,0.007429040455295552
1015,5de6c12e02a9e36835018cc3abb08e3288d1688130193055566a10d153a20ef7:1015,0.25,1,circular,ballistic,inside,False,65.88190460205078,0.03765060240963856,0.03765060240963856,,,0.013460931403405544
1016,5de6c12e02a9e36835018cc3abb08e3288d1688130193055566a10d153a20ef7:1016,0.25,1,elliptical,ballistic,edge,False,82.28022003173828,0.02535140562248996,0.02535140562248996,,,0.01204557786215043
1017,5de6c12e02a9e36835018cc3abb08e3288d1688130193055566a10d153a20ef7:1017,0.25,2,elliptical,ballistic,outside,False,49.344051361083984,0.02886546184738956,0.02886546184738956,,,0.010479229791741014
1018,5de6c12e02a9e36835018cc3abb08e3288d1688130193055566a10d153a20ef7:1018,0.25,1,elliptical,diffusive,outside,False,70.52436065673828,0.03614457831325301,0.03614457831325301,,,0.013013535538971608
1019,5de6c12e02a9e36835018cc3abb08e3288d1688130193055566a10d153a20ef7:1019,0.25,1,elliptical,ballistic,inside,False,80.42123413085938,0.02786144578313253,0.02786144578313253,,,0.012232422621497194
1020,5de6c12e02a9e36835018cc3abb08e3288d1688130193055566a10d153a20ef7:1020,0.25,2,circular,diffusive,outside,False,5.698226451873779,0.02635542168674699,0.02635542168674699,,,0.010260508752996835
1021,5de6c12e02a9e36835018cc3abb08e3288d1688130193055566a10d153a20ef7:1021,0.25,2,circular,ballistic,inside,False,31.19517517089844,0.02610441767068273,0.02610441767068273,,,0.010140065199158714
1022,5de6c12e02a9e36835018cc3abb08e3288d1688130193055566a10d153a20ef7:1022,0.25,2,circular,diffusive,inside,False,49.62997817993164,0.023343373493975902,0.023343373493975902,,,0.005934533342136992
1023,5de6c12e02a9e36835018cc3abb08e3288d1688130193055566a10d153a20ef7:1023,0.25,0,elliptical,diffusive,edge,False,83.83525085449219,0.02961847389558233,0.026918316831683168,0.041223404255319146,0.014305087423635978,0.014506208109236836
1024,5de6c12e02a9e36835018cc3abb08e3288d1688130193055566a10d153a20ef7:1024,0.25,2,circular,diffusive,edge,False,45.96248245239258,0.03790160642570281,0.03790160642570281,,,0.010161788393572872
1025,5de6c12e02a9e36835018cc3abb08e3288d1688130193055566a10d153a20ef7:1025,0.25,0,circular,ballistic,inside,False,82.47216033935547,0.02786144578313253,0.02786144578313253,,,0.009280362222558309
1026,5de6c12e02a9e36835018cc3abb08e3288d1688130193055566a10d153a20ef7:1026,0.25,2,circular,ballistic,edge,False,2.6225900650024414,0.026606425702811246,0.026606425702811246,,,0.010894846593479269
1027,5de6c12e02a9e36835018cc3abb08e3288d1688130193055566a10d153a20ef7:1027,0.25,2,circular,ballistic,outside,False,51.53514862060547,0.02535140562248996,0.027146464646464648,0.024166666666666666,-0.0029797979797979816,0.007707907897983979
1028,5de6c12e02a9e36835018cc3abb08e3288d1688130193055566a10d153a20ef7:1028,0.25,1,circular,diffusive,inside,False,83.83525085449219,0.02786144578313253,0.02786144578313253,,,0.01202463811948141
1029,5de6c12e02a9e36835018cc3abb08e3288d1688130193055566a10d153a20ef7:1029,0.25,2,elliptical,ballistic,edge,False,36.65013885498047,0.03890562248995984,0.038517441860465115,0.039110429447852764,0.0005929875873876486,0.010717019096490558
1030,5de6c12e02a9e36835018cc3abb08e3288d1688130193055566a10d153a20ef7:1030,0.25,0,elliptical,diffusive,outside,False,83.30986022949219,0.03313253012048193,0.032935684647302906,0.0390625,0.0061268153526970945,0.008923889977224486
1031,5de6c12e02a9e36835018cc3abb08e3288d1688130193055566a10d153a20ef7:1031,0.25,0,elliptical,diffusive,inside,False,83.83525085449219,0.022590361445783132,0.023255813953488372,0.021103896103896104,-0.002151917849592268,0.010127631025016072
1032,5de6c12e02a9e36835018cc3abb08e3288d1688130193055566a10d153a20ef7:1032,0.25,0,circular,diffusive,edge,False,80.30891418457031,0.024347389558232933,0.022786458333333332,0.029605263157894735,0.006818804824561403,0.007542660241624859
1033,5de6c12e02a9e36835018cc3abb08e3288d1688130193055566a10d153a20ef7:1033,0.25,1,circular,ballistic,outside,False,83.30960083007812,0.0286144578313253,0.0286144578313253,,,0.0102266811182045
1034,5de6c12e02a9e36835018cc3abb08e3288d1688130193055566a10d153a20ef7:1034,0.25,1,circular,diffusive,edge,False,54.70951461791992,0.030873493975903613,0.030873493975903613,,,0.009626912103797744
1035,5de6c12e02a9e36835018cc3abb08e3288d1688130193055566a10d153a20ef7:1035,0.25,2,elliptical,diffusive,edge,False,8.489980697631836,0.03288152610441767,0.03288152610441767,,,0.006655157421467295
1036,5de6c12e02a9e36835018cc3abb08e3288d1688130193055566a10d153a20ef7:1036,0.25,0,elliptical,ballistic,edge,False,83.8259048461914,0.0303714859437751,0.0303714859437751,,,0.011940511940026401
1037,5de6c12e02a9e36835018cc3abb08e3288d1688130193055566a10d153a20ef7:1037,0.25,1,circular,diffusive,outside,False,68.7814712524414,0.024849397590361446,0.024849397590361446,,,0.00770790789798398
1038,5de6c12e02a9e36835018cc3abb08e3288d1688130193055566a10d153a20ef7:1038,0.25,0,circular,ballistic,outside,False,83.82759094238281,0.024347389558232933,0.027777777777777776,0.022951977401129944,-0.004825800376647833,0.011154862471530608
1039,5de6c12e02a9e36835018cc3abb08e3288d1688130193055566a10d153a20ef7:1039,0.25,0,circular,diffusive,inside,False,83.14869689941406,0.030873493975903613,0.030873493975903613,,,0.0075091743482186704
1040,5de6c12e02a9e36835018cc3abb08e3288d1688130193055566a10d153a20ef7:1040,0.25,0,elliptical,ballistic,outside,False,83.83517456054688,0.028363453815261043,0.028363453815261043,,,0.00525911818266992
1041,5de6c12e02a9e36835018cc3abb08e3288d1688130193055566a10d153a20ef7:1041,0.25,0,elliptical,ballistic,inside,False,80.20182037353516,0.03237951807228916,0.03237951807228916,,,0.010211267874903611
1042,5de6c12e02a9e36835018cc3abb08e3288d1688130193055566a10d153a20ef7:1042,0.25,1,elliptical,diffusive,edge,False,57.62730026245117,0.034889558232931724,0.034889558232931724,,,0.010574987165130972
1043,5de6c12e02a9e36835018cc3abb08e3288d1688130193055566a10d153a20ef7:1043,0.25,1,elliptical,ballistic,outside,False,72.01891326904297,0.030622489959839357,0.030622489959839357,,,0.00885300807658052
1008,5de6c12e02a9e36835018cc3abb08e3288d1688130193055566a10d153a20ef7:1008,0.5,2,elliptical,diffusive,inside,False,6.047773361206055,0.03031062124248497,0.031117021276595744,0.017241379310344827,-0.013875641966250917,0.010789005745169354
1009,5de6c12e02a9e36835018cc3abb08e3288d1688130193055566a10d153a20ef7:1009,0.5,2,elliptical,ballistic,inside,False,11.151942253112791,0.02467434869739479,0.02467434869739479,,,0.006276287483150074
1010,5de6c12e02a9e36835018cc3abb08e3288d1688130193055566a10d153a20ef7:1010,0.5,2,elliptical,diffusive,outside,False,26.96556854248047,0.026678356713426853,0.027230290456431536,0.02616279069767442,-0.0010674997587571157,0.0062562593906523925
1011,5de6c12e02a9e36835018cc3abb08e3288d1688130193055566a10d153a20ef7:1011,0.5,0,circular,ballistic,edge,False,83.50550842285156,0.030185370741482965,0.02976190476190476,0.04296875,0.01320684523809524,0.008841478909675899
1012,5de6c12e02a9e36835018cc3abb08e3288d1688130193055566a10d153a20ef7:1012,0.5,1,elliptical,diffusive,inside,False,63.05405426025391,0.022545090180360723,0.022545090180360723,,,0.006758886554725472
1013,5de6c12e02a9e36835018cc3abb08e3288d1688130193055566a10d153a20ef7:1013,0.5,0,circular,diffusive,outside,False,82.4937973022461,0.03256513026052104,0.024764150943396228,0.03349215246636771,0.008728001522971485,0.007531711612411277
1014,5de6c12e02a9e36835018cc3abb08e3288d1688130193055566a10d153a20ef7:1014,0.5,1,circular,ballistic,edge,False,67.67649841308594,0.032439879759519036,0.03251008064516129,0.020833333333333332,-0.011676747311827957,0.009688108035705256
1015,5de6c12e02a9e36835018cc3abb08e3288d1688130193055566a10d153a20ef7:1015,0.5,1,circular,ballistic,inside,False,65.88190460205078,0.03381763527054108,0.03448795180722892,0.03050595238095238,-0.003981999426276538,0.012701660655398015
1016,5de6c12e02a9e36835018cc3abb08e3288d1688130193055566a10d153a20ef7:1016,0.5,1,elliptical,ballistic,edge,False,82.28022003173828,0.028807615230460923,0.02772781774580336,0.03429878048780488,0.006570962742001522,0.01110993830738311
1017,5de6c12e02a9e36835018cc3abb08e3288d1688130193055566a10d153a20ef7:1017,0.5,2,elliptical,ballistic,outside,False,49.344051361083984,0.02755511022044088,0.02757760532150776,0.02734375,-0.00023385532150775948,0.008140319042721403
1018,5de6c12e02a9e36835018cc3abb08e3288d1688130193055566a10d153a20ef7:1018,0.5,1,elliptical,diffusive,outside,False,70.52436065673828,0.0344438877755511,0.03591417910447761,0.03273809523809524,-0.0031760838663823718,0.006922852507733206
1019,5de6c12e02a9e36835018cc3abb08e3288d1688130193055566a10d153a20ef7:1019,0.5,1,elliptical,ballistic,inside,False,80.42123413085938,0.029809619238476952,0.03195701357466063,0.013157894736842105,-0.018799118837818526,0.007307591255418247
1020,5de6c12e02a9e36835018cc3abb08e3288d1688130193055566a10d153a20ef7:1020,0.5,2,circular,diffusive,outside,False,5.698226451873779,0.028306613226452906,0.026813271604938273,0.031071428571428573,0.0042581569664903,0.00802776571090284
1021,5de6c12e02a9e36835018cc3abb08e3288d1688130193055566a10d153a20ef7:1021,0.5,2,circular,ballistic,inside,False,31.19517517089844,0.02843186372745491,0.02843186372745491,,,0.0065884620890969
1022,5de6c12e02a9e36835018cc3abb08e3288d1688130193055566a10d153a20ef7:1022,0.5,2,circular,diffusive,inside,False,49.62997817993164,0.026803607214428857,0.026862850971922245,0.026041666666666668,-0.0008211843052555769,0.0053901389757890815
1023,5de6c12e02a9e36835018cc3abb08e3288d1688130193055566a10d153a20ef7:1023,0.5,0,elliptical,diffusive,edge,False,83.83525085449219,0.031312625250501,0.026918316831683168,0.034301346801346805,0.007383029969663637,0.011639539233956856
1024,5de6c12e02a9e36835018cc3abb08e3288d1688130193055566a10d153a20ef7:1024,0.5,2,circular,diffusive,edge,False,45.96248245239258,0.03356713426853707,0.03356713426853707,,,0.00866313450189909
1025,5de6c12e02a9e36835018cc3abb08e3288d1688130193055566a10d153a20ef7:1025,0.5,0,circular,ballistic,inside,False,82.47216033935547,0.02630260521042084,0.02754237288135593,0.02327586206896552,-0.004266510812390413,0.007805829885211865
1026,5de6c12e02a9e36835018cc3abb08e3288d1688130193055566a10d153a20ef7:1026,0.5,2,circular,ballistic,edge,False,2.6225900650024414,0.03319138276553106,0.02759308510638298,0.05030487804878049,0.022711792942397512,0.012509383990129122
1027,5de6c12e02a9e36835018cc3abb08e3288d1688130193055566a10d153a20ef7:1027,0.5,2,circular,ballistic,outside,False,51.53514862060547,0.02630260521042084,0.027146464646464648,0.02609375,-0.001052714646464649,0.007510853883048571
1028,5de6c12e02a9e36835018cc3abb08e3288d1688130193055566a10d153a20ef7:1028,0.5,1,circular,diffusive,inside,False,83.83525085449219,0.029433867735470944,0.031705539358600585,0.024439102564102564,-0.007266436794498021,0.009570810323024708
1029,5de6c12e02a9e36835018cc3abb08e3288d1688130193055566a10d153a20ef7:1029,0.5,2,elliptical,ballistic,edge,False,36.65013885498047,0.03682364729458918,0.038517441860465115,0.03647094430992736,-0.0020464975505377556,0.008439318901765037
1030,5de6c12e02a9e36835018cc3abb08e3288d1688130193055566a10d153a20ef7:1030,0.5,0,elliptical,diffusive,outside,False,83.30986022949219,0.031062124248496994,0.032935684647302906,0.02931201550387597,-0.0036236691434269365,0.009881304069797607
1031,5de6c12e02a9e36835018cc3abb08e3288d1688130193055566a10d153a20ef7:1031,0.5,0,elliptical,diffusive,inside,False,83.83525085449219,0.025425851703406815,0.023255813953488372,0.026567278287461773,0.003311464333973401,0.007711810760952977
1032,5de6c12e02a9e36835018cc3abb08e3288d1688130193055566a10d153a20ef7:1032,0.5,0,circular,diffusive,edge,False,80.30891418457031,0.026177354709418836,0.022786458333333332,0.028298045602605862,0.00551158726927253,0.007075267656562426
1033,5de6c12e02a9e36835018cc3abb08e3288d1688130193055566a10d153a20ef7:1033,0.5,1,circular,ballistic,outside,False,83.30960083007812,0.025425851703406815,0.025425851703406815,,,0.005666806626184177
1034,5de6c12e02a9e36835018cc3abb08e3288d1688130193055566a10d153a20ef7:1034,0.5,1,circular,diffusive,edge,False,54.70951461791992,0.030185370741482965,0.031394009216589865,0.022115384615384617,-0.009278624601205248,0.0032250483941843023
1035,5de6c12e02a9e36835018cc3abb08e3288d1688130193055566a10d153a20ef7:1035,0.5,2,elliptical,diffusive,edge,False,8.489980697631836,0.03381763527054108,0.032882462686567165,0.0349025974025974,0.002020134716030235,0.009568351330052243
1036,5de6c12e02a9e36835018cc3abb08e3288d1688130193055566a10d153a20ef7:1036,0.5,0,elliptical,ballistic,edge,False,83.8259048461914,0.027930861723446894,0.02806473829201102,0.027573529411764705,-0.0004912088802463133,0.006482847842989746
1037,5de6c12e02a9e36835018cc3abb08e3288d1688130193055566a10d153a20ef7:1037,0.5,1,circular,diffusive,outside,False,68.7814712524414,0.030435871743486973,0.027439024390243903,0.03449292452830189,0.007053900138057987,0.008170135399449115
1038,5de6c12e02a9e36835018cc3abb08e3288d1688130193055566a10d153a20ef7:1038,0.5,0,circular,ballistic,outside,False,83.82759094238281,0.02692885771543086,0.027777777777777776,0.026785714285714284,-0.000992063492063492,0.01005052352069623
1039,5de6c12e02a9e36835018cc3abb08e3288d1688130193055566a10d153a20ef7:1039,0.5,0,circular,diffusive,inside,False,83.14869689941406,0.027930861723446894,0.02845821325648415,0.026726973684210526,-0.0017312395722736233,0.007198363249249004
1040,5de6c12e02a9e36835018cc3abb08e3288d1688130193055566a10d153a20ef7:1040,0.5,0,elliptical,ballistic,outside,False,83.83517456054688,0.02592685370741483,0.027238175675675675,0.02401477832512315,-0.003223397350552524,0.00589476283855215
1041,5de6c12e02a9e36835018cc3abb08e3288d1688130193055566a10d153a20ef7:1041,0.5,0,elliptical,ballistic,inside,False,80.20182037353516,0.03156312625250501,0.03236342042755344,0.027243589743589744,-0.005119830683963697,0.008338335158864346
1042,5de6c12e02a9e36835018cc3abb08e3288d1688130193055566a10d153a20ef7:1042,0.5,1,elliptical,diffusive,edge,False,57.62730026245117,0.029183366733466935,0.029207021791767554,0.029069767441860465,-0.00013725434990708926,0.007145867648094145
1043,5de6c12e02a9e36835018cc3abb08e3288d1688130193055566a10d153a20ef7:1043,0.5,1,elliptical,ballistic,outside,False,72.01891326904297,0.025676352705410823,0.028501628664495113,0.021158854166666668,-0.007342774497828445,0.0064731611019151055
1008,5de6c12e02a9e36835018cc3abb08e3288d1688130193055566a10d153a20ef7:1008,1.0,2,elliptical,diffusive,inside,False,6.047773361206055,0.05067567567567568,0.031117021276595744,0.06805293005671077,0.03693590878011503,0.026412666189567984
1009,5de6c12e02a9e36835018cc3abb08e3288d1688130193055566a10d153a20ef7:1009,1.0,2,elliptical,ballistic,inside,False,11.151942253112791,0.04385635635635635,0.024615072933549434,0.074934554973822,0.05031948204027256,0.01498566011887323
1010,5de6c12e02a9e36835018cc3abb08e3288d1688130193055566a10d153a20ef7:1010,1.0,2,elliptical,diffusive,outside,False,26.96556854248047,0.03290790790790791,0.027230290456431536,0.03471306068601583,0.007482770229584296,0.007817066390108745
1011,5de6c12e02a9e36835018cc3abb08e3288d1688130193055566a10d153a20ef7:1011,1.0,0,circular,ballistic,edge,False,83.50550842285156,0.02759009009009009,0.02976190476190476,0.02555717054263566,-0.004204734219269101,0.00900009812617592
1012,5de6c12e02a9e36835018cc3abb08e3288d1688130193055566a10d153a20ef7:1012,1.0,1,elliptical,diffusive,inside,False,63.05405426025391,0.02702702702702703,0.02546672077922078,0.029536553524804176,0.004069832745583396,0.006606796187409453
1013,5de6c12e02a9e36835018cc3abb08e3288d1688130193055566a10d153a20ef7:1013,1.0,0,circular,diffusive,outside,False,82.4937973022461,0.03146896896896897,0.024764150943396228,0.0318446088794926,0.007080457936096372,0.007791739565058238
1014,5de6c12e02a9e36835018cc3abb08e3288d1688130193055566a10d153a20ef7:1014,1.0,1,circular,ballistic,edge,False,67.67649841308594,0.03415915915915916,0.03251008064516129,0.03578528827037773,0.0032752076252164433,0.009908614337815
1015,5de6c12e02a9e36835018cc3abb08e3288d1688130193055566a10d153a20ef7:1015,1.0,1,circular,ballistic,inside,False,65.88190460205078,0.03297047047047047,0.03448795180722892,0.031892123287671235,-0.002595828519557683,0.010900797203965602
1016,5de6c12e02a9e36835018cc3abb08e3288d1688130193055566a10d153a20ef7:1016,1.0,1,elliptical,ballistic,edge,False,82.28022003173828,0.029904904904904904,0.02772781774580336,0.031464776632302405,0.0037369588864990463,0.008287591608251196
1017,5de6c12e02a9e36835018cc3abb08e3288d1688130193055566a10d153a20ef7:1017,1.0,2,elliptical,ballistic,outside,False,49.344051361083984,0.03071821821821822,0.02757760532150776,0.0333029197080292,0.0057253143865214386,0.008042879140695751
1018,5de6c12e02a9e36835018cc3abb08e3288d1688130193055566a10d153a20ef7:1018,1.0,1,elliptical,diffusive,outside,False,70.52436065673828,0.03265765765765766,0.03591417910447761,0.03146374829001368,-0.004450430814463932,0.006633992062968749
1019,5de6c12e02a9e36835018cc3abb08e3288d1688130193055566a10d153a20ef7:1019,1.0,1,elliptical,ballistic,inside,False,80.42123413085938,0.0315940940940941,0.03195701357466063,0.03130610412926391,-0.0006509094453967176,0.008605252491386326
1020,5de6c12e02a9e36835018cc3abb08e3288d1688130193055566a10d153a20ef7:1020,1.0,2,circular,diffusive,outside,False,5.698226451873779,0.02827827827827828,0.026813271604938273,0.028981481481481483,0.0021682098765432103,0.006216087261448558
1021,5de6c12e02a9e36835018cc3abb08e3288d1688130193055566a10d153a20ef7:1021,1.0,2,circular,ballistic,inside,False,31.19517517089844,0.0355980980980981,0.02845427435387674,0.04284274193548387,0.014388467581607129,0.010030127120163693
1022,5de6c12e02a9e36835018cc3abb08e3288d1688130193055566a10d153a20ef7:1022,1.0,2,circular,diffusive,inside,False,49.62997817993164,0.030655655655655655,0.026862850971922245,0.033931902985074626,0.007069052013152381,0.007041554686382135
1023,5de6c12e02a9e36835018cc3abb08e3288d1688130193055566a10d153a20ef7:1023,1.0,0,elliptical,diffusive,edge,False,83.83525085449219,0.03203203203203203,0.026918316831683168,0.03332810539523212,0.006409788563548954,0.01059655423410417
1024,5de6c12e02a9e36835018cc3abb08e3288d1688130193055566a10d153a20ef7:1024,1.0,2,circular,diffusive,edge,False,45.96248245239258,0.03184434434434434,0.035375226039783,0.027466367713004484,-0.007908858326778515,0.006280919853688846
1025,5de6c12e02a9e36835018cc3abb08e3288d1688130193055566a10d153a20ef7:1025,1.0,0,circular,ballistic,inside,False,82.47216033935547,0.029216716716716717,0.02754237288135593,0.03013565891472868,0.002593286033372749,0.007300008267206406
1026,5de6c12e02a9e36835018cc3abb08e3288d1688130193055566a10d153a20ef7:1026,1.0,2,circular,ballistic,edge,False,2.6225900650024414,0.09772272272272273,0.02759308510638298,0.14004815409309793,0.11245506898671495,0.04809803950669269
1027,5de6c12e02a9e36835018cc3abb08e3288d1688130193055566a10d153a20ef7:1027,1.0,2,circular,ballistic,outside,False,51.53514862060547,0.03203203203203203,0.027146464646464648,0.03256944444444444,0.005422979797979795,0.0073685845166844115
1028,5de6c12e02a9e36835018cc3abb08e3288d1688130193055566a10d153a20ef7:1028,1.0,1,circular,diffusive,inside,False,83.83525085449219,0.029466966966966966,0.031705539358600585,0.028296493902439025,-0.0034090454561615594,0.006352796189934181
1029,5de6c12e02a9e36835018cc3abb08e3288d1688130193055566a10d153a20ef7:1029,1.0,2,elliptical,ballistic,edge,False,36.65013885498047,0.038413413413413415,0.038517441860465115,0.038403614457831324,-0.00011382740263379126,0.00829136899751217
1030,5de6c12e02a9e36835018cc3abb08e3288d1688130193055566a10d153a20ef7:1030,1.0,0,elliptical,diffusive,outside,False,83.30986022949219,0.03146896896896897,0.032935684647302906,0.03100263852242744,-0.001933046124875465,0.007546767134652769
1031,5de6c12e02a9e36835018cc3abb08e3288d1688130193055566a10d153a20ef7:1031,1.0,0,elliptical,diffusive,inside,False,83.83525085449219,0.026901901901901903,0.023255813953488372,0.027660217654171704,0.004404403700683332,0.007667424274200966
1032,5de6c12e02a9e36835018cc3abb08e3288d1688130193055566a10d153a20ef7:1032,1.0,0,circular,diffusive,edge,False,80.30891418457031,0.02784034034034034,0.022786458333333332,0.02904275092936803,0.006256292596034697,0.005979554174952699
1033,5de6c12e02a9e36835018cc3abb08e3288d1688130193055566a10d153a20ef7:1033,1.0,1,circular,ballistic,outside,False,83.30960083007812,0.026401401401401403,0.026913875598086126,0.025537634408602152,-0.001376241189483974,0.006943035234737278
1034,5de6c12e02a9e36835018cc3abb08e3288d1688130193055566a10d153a20ef7:1034,1.0,1,circular,diffusive,edge,False,54.70951461791992,0.03221971971971972,0.031394009216589865,0.03285398230088495,0.001459973084295088,0.004985808406130325
1035,5de6c12e02a9e36835018cc3abb08e3288d1688130193055566a10d153a20ef7:1035,1.0,2,elliptical,diffusive,edge,False,8.489980697631836,0.037037037037037035,0.032882462686567165,0.03856019151846785,0.005677728831900687,0.014310288744240035
1036,5de6c12e02a9e36835018cc3abb08e3288d1688130193055566a10d153a20ef7:1036,1.0,0,elliptical,ballistic,edge,False,83.8259048461914,0.028903903903903905,0.02806473829201102,0.029382861635220126,0.0013181233432091079,0.007975683949190834
1037,5de6c12e02a9e36835018cc3abb08e3288d1688130193055566a10d153a20ef7:1037,1.0,1,circular,diffusive,outside,False,68.7814712524414,0.02784034034034034,0.027439024390243903,0.028002106741573034,0.0005630823513291319,0.005499459210610324
1038,5de6c12e02a9e36835018cc3abb08e3288d1688130193055566a10d153a20ef7:1038,1.0,0,circular,ballistic,outside,False,83.82759094238281,0.028591091091091092,0.027777777777777776,0.02865426105717368,0.0008764832793959031,0.006411670740442463
1039,5de6c12e02a9e36835018cc3abb08e3288d1688130193055566a10d153a20ef7:1039,1.0,0,circular,diffusive,inside,False,83.14869689941406,0.02834084084084084,0.02845821325648415,0.028278374233128834,-0.0001798390233553153,0.005459457417629937
1040,5de6c12e02a9e36835018cc3abb08e3288d1688130193055566a10d153a20ef7:1040,1.0,0,elliptical,ballistic,outside,False,83.83517456054688,0.024336836836836837,0.027238175675675675,0.023115220483641535,-0.00412295519203414,0.005395998353378278
1041,5de6c12e02a9e36835018cc3abb08e3288d1688130193055566a10d153a20ef7:1041,1.0,0,elliptical,ballistic,inside,False,80.20182037353516,0.029904904904904904,0.03236342042755344,0.028114186851211073,-0.004249233576342368,0.007845055975684303
1042,5de6c12e02a9e36835018cc3abb08e3288d1688130193055566a10d153a20ef7:1042,1.0,1,elliptical,diffusive,edge,False,57.62730026245117,0.02996746746746747,0.029207021791767554,0.030503412969283276,0.0012963911775157218,0.00738741748178369
1043,5de6c12e02a9e36835018cc3abb08e3288d1688130193055566a10d153a20ef7:1043,1.0,1,elliptical,ballistic,outside,False,72.01891326904297,0.02834084084084084,0.028501628664495113,0.028269508670520232,-0.00023211999397488095,0.0064287409219047015
1044,5de6c12e02a9e36835018cc3abb08e3288d1688130193055566a10d153a20ef7:1044,0.25,2,circular,ballistic,edge,False,35.717464447021484,0.022590361445783132,0.02236842105263158,0.023305084745762712,0.0009366636931311331,0.006168777975624753
1045,5de6c12e02a9e36835018cc3abb08e3288d1688130193055566a10d153a20ef7:1045,0.25,2,elliptical,ballistic,inside,False,41.483375549316406,0.029116465863453816,0.029116465863453816,,,0.011708738744669277
1046,5de6c12e02a9e36835018cc3abb08e3288d1688130193055566a10d153a20ef7:1046,0.25,0,circular,diffusive,inside,False,83.83525085449219,0.029116465863453816,0.029116465863453816,,,0.016949741984070416
1047,5de6c12e02a9e36835018cc3abb08e3288d1688130193055566a10d153a20ef7:1047,0.25,1,circular,diffusive,outside,False,83.83525085449219,0.02284136546184739,0.02284136546184739,,,0.010285040787423634
1048,5de6c12e02a9e36835018cc3abb08e3288d1688130193055566a10d153a20ef7:1048,0.25,2,circular,ballistic,inside,False,39.67029571533203,0.03263052208835342,0.033783783783783786,0.023148148148148147,-0.010635635635635639,0.009875660428165664
1049,5de6c12e02a9e36835018cc3abb08e3288d1688130193055566a10d153a20ef7:1049,0.25,2,elliptical,diffusive,inside,False,24.609676361083984,0.03313253012048193,0.03381147540983607,0.03125,-0.0025614754098360684,0.006809568256149867
1050,5de6c12e02a9e36835018cc3abb08e3288d1688130193055566a10d153a20ef7:1050,0.25,2,circular,diffusive,inside,False,11.42961311340332,0.033634538152610444,0.030913978494623656,0.035256410256410256,0.0043424317617866,0.0154810682179812
1051,5de6c12e02a9e36835018cc3abb08e3288d1688130193055566a10d153a20ef7:1051,0.25,0,elliptical,ballistic,outside,False,83.63945007324219,0.027359437751004016,0.022203947368421052,0.029624277456647398,0.007420330088226346,0.007707907897983979
1052,5de6c12e02a9e36835018cc3abb08e3288d1688130193055566a10d153a20ef7:1052,0.25,0,circular,ballistic,outside,False,82.02959442138672,0.030120481927710843,0.0297029702970297,0.030405405405405407,0.0007024351083757055,0.01140343041325356
1053,5de6c12e02a9e36835018cc3abb08e3288d1688130193055566a10d153a20ef7:1053,0.25,1,circular,ballistic,edge,False,73.32145690917969,0.02786144578313253,0.030844155844155844,0.026526162790697673,-0.004317993053458171,0.00786968644909181
1054,5de6c12e02a9e36835018cc3abb08e3288d1688130193055566a10d153a20ef7:1054,0.25,0,elliptical,ballistic,edge,False,83.76377868652344,0.030120481927710843,0.030120481927710843,,,0.010952522203449513
1055,5de6c12e02a9e36835018cc3abb08e3288d1688130193055566a10d153a20ef7:1055,0.25,1,elliptical,ballistic,inside,False,79.52980041503906,0.020582329317269075,0.012276785714285714,0.02299222797927461,0.010715442264988896,0.008622271103071118
1056,5de6c12e02a9e36835018cc3abb08e3288d1688130193055566a10d153a20ef7:1056,0.25,0,circular,diffusive,edge,False,83.83525085449219,0.033634538152610444,0.03502747252747253,0.029850746268656716,-0.005176726258815812,0.012650203984291319
1057,5de6c12e02a9e36835018cc3abb08e3288d1688130193055566a10d153a20ef7:1057,0.25,1,elliptical,diffusive,edge,False,80.17164611816406,0.030873493975903613,0.030159883720930234,0.032467532467532464,0.0023076487466022304,0.010285040787423634
1058,5de6c12e02a9e36835018cc3abb08e3288d1688130193055566a10d153a20ef7:1058,0.25,1,circular,diffusive,inside,False,66.3463363647461,0.029869477911646587,0.03308823529411765,0.025995575221238937,-0.007092660072878711,0.0069151492539939316
1059,5de6c12e02a9e36835018cc3abb08e3288d1688130193055566a10d153a20ef7:1059,0.25,1,circular,diffusive,edge,False,80.42801666259766,0.027610441767068273,0.027807203389830507,0.02403846153846154,-0.0037687418513689674,0.011214009991811585
1060,5de6c12e02a9e36835018cc3abb08e3288d1688130193055566a10d153a20ef7:1060,0.25,2,circular,diffusive,edge,False,19.5203857421875,0.0321285140562249,0.0321285140562249,,,0.012048192771084338
1061,5de6c12e02a9e36835018cc3abb08e3288d1688130193055566a10d153a20ef7:1061,0.25,1,elliptical,diffusive,outside,False,65.8738784790039,0.02886546184738956,0.02886546184738956,,,0.010810670415340375
1062,5de6c12e02a9e36835018cc3abb08e3288d1688130193055566a10d153a20ef7:1062,0.25,0,elliptical,ballistic,inside,False,79.58808898925781,0.03162650602409638,0.03351449275362319,0.02927927927927928,-0.004235213474343913,0.009022189134343087
1063,5de6c12e02a9e36835018cc3abb08e3288d1688130193055566a10d153a20ef7:1063,0.25,2,elliptical,diffusive,outside,False,27.4299373626709,0.023343373493975902,0.02470238095238095,0.016025641025641024,-0.008676739926739927,0.010903517384022825
1064,5de6c12e02a9e36835018cc3abb08e3288d1688130193055566a10d153a20ef7:1064,0.25,1,elliptical,ballistic,outside,False,83.83447265625,0.02886546184738956,0.02886546184738956,,,0.009679126247318695
1065,5de6c12e02a9e36835018cc3abb08e3288d1688130193055566a10d153a20ef7:1065,0.25,2,circular,diffusive,outside,False,11.618989944458008,0.03413654618473896,0.041176470588235294,0.03048780487804878,-0.010688665710186514,0.010998444929822614
1066,5de6c12e02a9e36835018cc3abb08e3288d1688130193055566a10d153a20ef7:1066,0.25,1,circular,ballistic,inside,False,79.4893798828125,0.026606425702811246,0.026606425702811246,,,0.009351373499094958
1067,5de6c12e02a9e36835018cc3abb08e3288d1688130193055566a10d153a20ef7:1067,0.25,1,circular,ballistic,outside,False,83.44029235839844,0.027359437751004016,0.027359437751004016,,,0.013430474118144324
1068,5de6c12e02a9e36835018cc3abb08e3288d1688130193055566a10d153a20ef7:1068,0.25,0,circular,ballistic,edge,False,83.78522491455078,0.028363453815261043,0.028079710144927536,0.02976190476190476,0.0016821946169772242,0.007339453572898316
1069,5de6c12e02a9e36835018cc3abb08e3288d1688130193055566a10d153a20ef7:1069,0.25,1,elliptical,ballistic,edge,False,61.370262145996094,0.025602409638554216,0.025602409638554216,,,0.0075635136412245795
1070,5de6c12e02a9e36835018cc3abb08e3288d1688130193055566a10d153a20ef7:1070,0.25,2,elliptical,ballistic,outside,False,6.22754430770874,0.02459839357429719,0.02459839357429719,,,0.006564606842681737
1071,5de6c12e02a9e36835018cc3abb08e3288d1688130193055566a10d153a20ef7:1071,0.25,0,circular,ballistic,inside,False,83.70818328857422,0.02359437751004016,0.0196078431372549,0.02462121212121212,0.0050133689839572185,0.009824490858825766
1072,5de6c12e02a9e36835018cc3abb08e3288d1688130193055566a10d153a20ef7:1072,0.25,2,elliptical,ballistic,edge,False,15.963196754455566,0.026606425702811246,0.026606425702811246,,,0.010226681118204501
1073,5de6c12e02a9e36835018cc3abb08e3288d1688130193055566a10d153a20ef7:1073,0.25,1,elliptical,diffusive,inside,False,62.77338409423828,0.02961847389558233,0.028782894736842105,0.029985549132947976,0.0012026543961058712,0.00992656623156887
1074,5de6c12e02a9e36835018cc3abb08e3288d1688130193055566a10d153a20ef7:1074,0.25,0,elliptical,diffusive,outside,False,83.83490753173828,0.03112449799196787,0.031746031746031744,0.029166666666666667,-0.002579365079365077,0.010040160642570281
1075,5de6c12e02a9e36835018cc3abb08e3288d1688130193055566a10d153a20ef7:1075,0.25,0,elliptical,diffusive,inside,False,83.83525085449219,0.02208835341365462,0.02208835341365462,,,0.008810205208225022
1076,5de6c12e02a9e36835018cc3abb08e3288d1688130193055566a10d153a20ef7:1076,0.25,2,circular,ballistic,outside,False,17.39179801940918,0.03413654618473896,0.038392857142857145,0.028669724770642203,-0.009723132372214942,0.00875280912357565
1077,5de6c12e02a9e36835018cc3abb08e3288d1688130193055566a10d153a20ef7:1077,0.25,2,elliptical,diffusive,edge,False,2.108147621154785,0.026857429718875503,0.026857429718875503,,,0.008152802092827165
1078,5de6c12e02a9e36835018cc3abb08e3288d1688130193055566a10d153a20ef7:1078,0.25,0,circular,diffusive,outside,False,83.83525085449219,0.027610441767068273,0.027610441767068273,,,0.00992656623156887
1079,5de6c12e02a9e36835018cc3abb08e3288d1688130193055566a10d153a20ef7:1079,0.25,0,elliptical,diffusive,edge,False,83.83525085449219,0.03413654618473896,0.03602941176470588,0.03315548780487805,-0.0028739239598278288,0.008156665064895543
1044,5de6c12e02a9e36835018cc3abb08e3288d1688130193055566a10d153a20ef7:1044,0.5,2,circular,ballistic,edge,False,35.717464447021484,0.03256513026052104,0.02236842105263158,0.038834951456310676,0.016466530403679097,0.007414152598671716
1045,5de6c12e02a9e36835018cc3abb08e3288d1688130193055566a10d153a20ef7:1045,0.5,2,elliptical,ballistic,inside,False,41.483375549316406,0.03218937875751503,0.03218937875751503,,,0.009175828109916014
1046,5de6c12e02a9e36835018cc3abb08e3288d1688130193055566a10d153a20ef7:1046,0.5,0,circular,diffusive,inside,False,83.83525085449219,0.029183366733466935,0.030215231788079472,0.027601522842639593,-0.0026137089454398785,0.010272831994364018
1047,5de6c12e02a9e36835018cc3abb08e3288d1688130193055566a10d153a20ef7:1047,0.5,1,circular,diffusive,outside,False,83.83525085449219,0.025425851703406815,0.023830935251798562,0.02743212669683258,0.0036011914450340167,0.009209958144463796
1048,5de6c12e02a9e36835018cc3abb08e3288d1688130193055566a10d153a20ef7:1048,0.5,2,circular,ballistic,inside,False,39.67029571533203,0.031062124248496994,0.033783783783783786,0.02888086642599278,-0.004902917357791005,0.008619564395834296
1049,5de6c12e02a9e36835018cc3abb08e3288d1688130193055566a10d153a20ef7:1049,0.5,2,elliptical,diffusive,inside,False,24.609676361083984,0.03356713426853707,0.03381147540983607,0.0334256329113924,-0.00038584249844366564,0.008016032064128258
1050,5de6c12e02a9e36835018cc3abb08e3288d1688130193055566a10d153a20ef7:1050,0.5,2,circular,diffusive,inside,False,11.42961311340332,0.05085170340681363,0.030913978494623656,0.05541871921182266,0.024504740717199006,0.025564606042968865
1051,5de6c12e02a9e36835018cc3abb08e3288d1688130193055566a10d153a20ef7:1051,0.5,0,elliptical,ballistic,outside,False,83.63945007324219,0.028181362725450902,0.022203947368421052,0.02925531914893617,0.0070513717805151185,0.006463459843407148
1052,5de6c12e02a9e36835018cc3abb08e3288d1688130193055566a10d153a20ef7:1052,0.5,0,circular,ballistic,outside,False,82.02959442138672,0.026177354709418836,0.0297029702970297,0.025282663316582913,-0.004420306980446789,0.008770218598766139
1053,5de6c12e02a9e36835018cc3abb08e3288d1688130193055566a10d153a20ef7:1053,0.5,1,circular,ballistic,edge,False,73.32145690917969,0.02930861723446894,0.030844155844155844,0.029028436018957347,-0.0018157198251984967,0.007980727616269534
1054,5de6c12e02a9e36835018cc3abb08e3288d1688130193055566a10d153a20ef7:1054,0.5,0,elliptical,ballistic,edge,False,83.76377868652344,0.028932865731462927,0.02867111650485437,0.03017241379310345,0.0015012972882490795,0.008712790726171685
1055,5de6c12e02a9e36835018cc3abb08e3288d1688130193055566a10d153a20ef7:1055,0.5,1,elliptical,ballistic,inside,False,79.52980041503906,0.027304609218436873,0.012276785714285714,0.029204288939051918,0.016927503224766202,0.004876734051586119
1056,5de6c12e02a9e36835018cc3abb08e3288d1688130193055566a10d153a20ef7:1056,0.5,0,circular,diffusive,edge,False,83.83525085449219,0.03193887775551102,0.03502747252747253,0.030165615141955836,-0.004861857385516692,0.00943211952082382
1057,5de6c12e02a9e36835018cc3abb08e3288d1688130193055566a10d153a20ef7:1057,0.5,1,elliptical,diffusive,edge,False,80.17164611816406,0.029934869739478957,0.030159883720930234,0.02981651376146789,-0.00034336995946234253,0.007075267656562423
1058,5de6c12e02a9e36835018cc3abb08e3288d1688130193055566a10d153a20ef7:1058,0.5,1,circular,diffusive,inside,False,66.3463363647461,0.030185370741482965,0.03308823529411765,0.029097796143250688,-0.00399043915086696,0.007021851848902696
1059,5de6c12e02a9e36835018cc3abb08e3288d1688130193055566a10d153a20ef7:1059,0.5,1,circular,diffusive,edge,False,80.42801666259766,0.031312625250501,0.027807203389830507,0.03445817490494297,0.006650971515112462,0.010337530201384443
1060,5de6c12e02a9e36835018cc3abb08e3288d1688130193055566a10d153a20ef7:1060,0.5,2,circular,diffusive,edge,False,19.5203857421875,0.032690380761523044,0.033524904214559385,0.03177521008403361,-0.0017496941305257738,0.01079118659060722
1061,5de6c12e02a9e36835018cc3abb08e3288d1688130193055566a10d153a20ef7:1061,0.5,1,elliptical,diffusive,outside,False,65.8738784790039,0.028932865731462927,0.028932865731462927,,,0.009298109946376485
1062,5de6c12e02a9e36835018cc3abb08e3288d1688130193055566a10d153a20ef7:1062,0.5,0,elliptical,ballistic,inside,False,79.58808898925781,0.027304609218436873,0.03351449275362319,0.024930747922437674,-0.008583744831185517,0.009028467580631312
1063,5de6c12e02a9e36835018cc3abb08e3288d1688130193055566a10d153a20ef7:1063,0.5,2,elliptical,diffusive,outside,False,27.4299373626709,0.028181362725450902,0.02470238095238095,0.030709342560553632,0.0060069616081726805,0.007180907356324732
1064,5de6c12e02a9e36835018cc3abb08e3288d1688130193055566a10d153a20ef7:1064,0.5,1,elliptical,ballistic,outside,False,83.83447265625,0.03294088176352705,0.03294088176352705,,,0.006692409823342959
1065,5de6c12e02a9e36835018cc3abb08e3288d1688130193055566a10d153a20ef7:1065,0.5,2,circular,diffusive,outside,False,11.618989944458008,0.038952905811623244,0.041176470588235294,0.0384963768115942,-0.002680093776641093,0.01608237893088763
1066,5de6c12e02a9e36835018cc3abb08e3288d1688130193055566a10d153a20ef7:1066,0.5,1,circular,ballistic,inside,False,79.4893798828125,0.027054108216432865,0.026785714285714284,0.028125,0.0013392857142857165,0.00708523828844236
1067,5de6c12e02a9e36835018cc3abb08e3288d1688130193055566a10d153a20ef7:1067,0.5,1,circular,ballistic,outside,False,83.44029235839844,0.027680360721442886,0.027680360721442886,,,0.0097397869249577
1068,5de6c12e02a9e36835018cc3abb08e3288d1688130193055566a10d153a20ef7:1068,0.5,0,circular,ballistic,edge,False,83.78522491455078,0.028306613226452906,0.028079710144927536,0.028467465753424657,0.0003877556084971208,0.004154089166276803
1069,5de6c12e02a9e36835018cc3abb08e3288d1688130193055566a10d153a20ef7:1069,0.5,1,elliptical,ballistic,edge,False,61.370262145996094,0.028181362725450902,0.028181362725450902,,,0.009551120652954093
1070,5de6c12e02a9e36835018cc3abb08e3288d1688130193055566a10d153a20ef7:1070,0.5,2,elliptical,ballistic,outside,False,6.22754430770874,0.02692885771543086,0.02692885771543086,,,0.005241101190608135
1071,5de6c12e02a9e36835018cc3abb08e3288d1688130193055566a10d153a20ef7:1071,0.5,0,circular,ballistic,inside,False,83.70818328857422,0.022670340681362724,0.0196078431372549,0.023018973214285716,0.003411130077030814,0.007154643663250362
1072,5de6c12e02a9e36835018cc3abb08e3288d1688130193055566a10d153a20ef7:1072,0.5,2,elliptical,ballistic,edge,False,15.963196754455566,0.027429859719438877,0.025045955882352942,0.0302863436123348,0.005240387729981859,0.010266721759179946
1073,5de6c12e02a9e36835018cc3abb08e3288d1688130193055566a10d153a20ef7:1073,0.5,1,elliptical,diffusive,inside,False,62.77338409423828,0.027304609218436873,0.028782894736842105,0.027039007092198582,-0.0017438876446435221,0.006151317213330999
1074,5de6c12e02a9e36835018cc3abb08e3288d1688130193055566a10d153a20ef7:1074,0.5,0,elliptical,diffusive,outside,False,83.83490753173828,0.03156312625250501,0.031746031746031744,0.031451612903225803,-0.00029441884280594077,0.011056150546449853
1075,5de6c12e02a9e36835018cc3abb08e3288d1688130193055566a10d153a20ef7:1075,0.5,0,elliptical,diffusive,inside,False,83.83525085449219,0.026177354709418836,0.026177354709418836,,,0.007075267656562426
1076,5de6c12e02a9e36835018cc3abb08e3288d1688130193055566a10d153a20ef7:1076,0.5,2,circular,ballistic,outside,False,17.39179801940918,0.04008016032064128,0.038392857142857145,0.04073816155988858,0.0023453044170314366,0.01326473175839051
1077,5de6c12e02a9e36835018cc3abb08e3288d1688130193055566a10d153a20ef7:1077,0.5,2,elliptical,diffusive,edge,False,2.108147621154785,0.029809619238476952,0.028374233128834355,0.03251445086705202,0.004140217738217666,0.009125253306656806
1078,5de6c12e02a9e36835018cc3abb08e3288d1688130193055566a10d153a20ef7:1078,0.5,0,circular,diffusive,outside,False,83.83525085449219,0.02968436873747495,0.030208333333333334,0.01644736842105263,-0.013760964912280703,0.009385433827321763
1079,5de6c12e02a9e36835018cc3abb08e3288d1688130193055566a10d153a20ef7:1079,0.5,0,elliptical,diffusive,edge,False,83.83525085449219,0.0343186372745491,0.03602941176470588,0.033967391304347824,-0.002062020460358055,0.008105555955592906
1044,5de6c12e02a9e36835018cc3abb08e3288d1688130193055566a10d153a20ef7:1044,1.0,2,circular,ballistic,edge,False,35.717464447021484,0.04110360360360361,0.02236842105263158,0.04550370828182942,0.02313528722919784,0.008738850175353287
1045,5de6c12e02a9e36835018cc3abb08e3288d1688130193055566a10d153a20ef7:1045,1.0,2,elliptical,ballistic,inside,False,41.483375549316406,0.03440940940940941,0.03186936936936937,0.03758445945945946,0.005715090090090087,0.008860944032209815
1046,5de6c12e02a9e36835018cc3abb08e3288d1688130193055566a10d153a20ef7:1046,1.0,0,circular,diffusive,inside,False,83.83525085449219,0.029842342342342343,0.030215231788079472,0.02968077474892396,-0.0005344570391555108,0.008545001746204059
1047,5de6c12e02a9e36835018cc3abb08e3288d1688130193055566a10d153a20ef7:1047,1.0,1,circular,diffusive,outside,False,83.83525085449219,0.02464964964964965,0.023830935251798562,0.024965325936199722,0.0011343906844011598,0.0067323829090663685
1048,5de6c12e02a9e36835018cc3abb08e3288d1688130193055566a10d153a20ef7:1048,1.0,2,circular,ballistic,inside,False,39.67029571533203,0.034722222222222224,0.033783783783783786,0.03499034749034749,0.0012065637065637042,0.008288299999870831
1049,5de6c12e02a9e36835018cc3abb08e3288d1688130193055566a10d153a20ef7:1049,1.0,2,elliptical,diffusive,inside,False,24.609676361083984,0.037162162162162164,0.03381147540983607,0.03791360294117647,0.004102127531340399,0.009927557062140458
1050,5de6c12e02a9e36835018cc3abb08e3288d1688130193055566a10d153a20ef7:1050,1.0,2,circular,diffusive,inside,False,11.42961311340332,0.0772022022022022,0.030913978494623656,0.08195364238410596,0.051039663889482306,0.028662940913301568
1051,5de6c12e02a9e36835018cc3abb08e3288d1688130193055566a10d153a20ef7:1051,1.0,0,elliptical,ballistic,outside,False,83.63945007324219,0.027902902902902902,0.022203947368421052,0.028372156013001082,0.00616820864458003,0.007121147785351449
1052,5de6c12e02a9e36835018cc3abb08e3288d1688130193055566a10d153a20ef7:1052,1.0,0,circular,ballistic,outside,False,82.02959442138672,0.02759009009009009,0.0297029702970297,0.027352449888641425,-0.0023505204083882764,0.007604633246460971
1053,5de6c12e02a9e36835018cc3abb08e3288d1688130193055566a10d153a20ef7:1053,1.0,1,circular,ballistic,edge,False,73.32145690917969,0.030217717717717717,0.030844155844155844,0.030165401301518437,-0.0006787545426374074,0.008081717438103235
1054,5de6c12e02a9e36835018cc3abb08e3288d1688130193055566a10d153a20ef7:1054,1.0,0,elliptical,ballistic,edge,False,83.76377868652344,0.02809059059059059,0.02867111650485437,0.02768313458262351,-0.00098798192223086,0.006623068016022467
1055,5de6c12e02a9e36835018cc3abb08e3288d1688130193055566a10d153a20ef7:1055,1.0,1,elliptical,ballistic,inside,False,79.52980041503906,0.026088588588588587,0.012276785714285714,0.026908801696712618,0.014632015982426904,0.0037154999427680777
1056,5de6c12e02a9e36835018cc3abb08e3288d1688130193055566a10d153a20ef7:1056,1.0,0,circular,diffusive,edge,False,83.83525085449219,0.030155155155155156,0.03502747252747253,0.029069767441860465,-0.005957705085612063,0.006471521792285159
1057,5de6c12e02a9e36835018cc3abb08e3288d1688130193055566a10d153a20ef7:1057,1.0,1,elliptical,diffusive,edge,False,80.17164611816406,0.03184434434434434,0.030159883720930234,0.03219467956469166,0.0020347958437614243,0.006149934904285947
1058,5de6c12e02a9e36835018cc3abb08e3288d1688130193055566a10d153a20ef7:1058,1.0,1,circular,diffusive,inside,False,66.3463363647461,0.03009259259259259,0.03308823529411765,0.029620509849362688,-0.00346772544475496,0.0064067851919738725
1059,5de6c12e02a9e36835018cc3abb08e3288d1688130193055566a10d153a20ef7:1059,1.0,1,circular,diffusive,edge,False,80.42801666259766,0.031093593593593594,0.027807203389830507,0.03211009174311927,0.004302888353288761,0.008331632885994643
1060,5de6c12e02a9e36835018cc3abb08e3288d1688130193055566a10d153a20ef7:1060,1.0,2,circular,diffusive,edge,False,19.5203857421875,0.03935185185185185,0.033524904214559385,0.04141260162601626,0.007887697411456875,0.01156290888023786
1061,5de6c12e02a9e36835018cc3abb08e3288d1688130193055566a10d153a20ef7:1061,1.0,1,elliptical,diffusive,outside,False,65.8738784790039,0.03284534534534535,0.03065217391304348,0.03581957547169811,0.0051674015586546315,0.010513303111062092
1062,5de6c12e02a9e36835018cc3abb08e3288d1688130193055566a10d153a20ef7:1062,1.0,0,elliptical,ballistic,inside,False,79.58808898925781,0.03053053053053053,0.03351449275362319,0.03005226480836237,-0.0034622279452608228,0.007377078565056895
1063,5de6c12e02a9e36835018cc3abb08e3288d1688130193055566a10d153a20ef7:1063,1.0,2,elliptical,diffusive,outside,False,27.4299373626709,0.037099599599599596,0.02470238095238095,0.040399239543726234,0.015696858591345283,0.008237140089450319
1064,5de6c12e02a9e36835018cc3abb08e3288d1688130193055566a10d153a20ef7:1064,1.0,1,elliptical,ballistic,outside,False,83.83447265625,0.031031031031031032,0.03220785440613027,0.029743186582809226,-0.0024646678233210435,0.0059378431019542904
1065,5de6c12e02a9e36835018cc3abb08e3288d1688130193055566a10d153a20ef7:1065,1.0,2,circular,diffusive,outside,False,11.618989944458008,0.044356856856856856,0.041176470588235294,0.04465262582056893,0.003476155232333633,0.025702707863254723
1066,5de6c12e02a9e36835018cc3abb08e3288d1688130193055566a10d153a20ef7:1066,1.0,1,circular,ballistic,inside,False,79.4893798828125,0.027777777777777776,0.026785714285714284,0.0284375,0.0016517857142857167,0.00740673102449887
1067,5de6c12e02a9e36835018cc3abb08e3288d1688130193055566a10d153a20ef7:1067,1.0,1,circular,ballistic,outside,False,83.44029235839844,0.028153153153153154,0.0276,0.029077540106951873,0.0014775401069518738,0.006184523701830529
1068,5de6c12e02a9e36835018cc3abb08e3288d1688130193055566a10d153a20ef7:1068,1.0,0,circular,ballistic,edge,False,83.78522491455078,0.02884134134134134,0.028079710144927536,0.02904040404040404,0.000960693895476504,0.0040886441585321585
1069,5de6c12e02a9e36835018cc3abb08e3288d1688130193055566a10d153a20ef7:1069,1.0,1,elliptical,ballistic,edge,False,61.370262145996094,0.028153153153153154,0.026577102803738317,0.030987394957983194,0.004410292154244877,0.007768849637775468
1070,5de6c12e02a9e36835018cc3abb08e3288d1688130193055566a10d153a20ef7:1070,1.0,2,elliptical,ballistic,outside,False,6.22754430770874,0.03647397397397397,0.027156549520766772,0.0521112600536193,0.02495471053285253,0.011847803352018123
1071,5de6c12e02a9e36835018cc3abb08e3288d1688130193055566a10d153a20ef7:1071,1.0,0,circular,ballistic,inside,False,83.70818328857422,0.02546296296296296,0.0196078431372549,0.02577795358649789,0.0061701104492429895,0.006342930636176122
1072,5de6c12e02a9e36835018cc3abb08e3288d1688130193055566a10d153a20ef7:1072,1.0,2,elliptical,ballistic,edge,False,15.963196754455566,0.041854354354354355,0.025045955882352942,0.048143053645116916,0.023097097762763974,0.014912348159398861
1073,5de6c12e02a9e36835018cc3abb08e3288d1688130193055566a10d153a20ef7:1073,1.0,1,elliptical,diffusive,inside,False,62.77338409423828,0.029154154154154153,0.028782894736842105,0.02918472372697725,0.0004018289901351439,0.007695958115456346
1074,5de6c12e02a9e36835018cc3abb08e3288d1688130193055566a10d153a20ef7:1074,1.0,0,elliptical,diffusive,outside,False,83.83490753173828,0.030405405405405407,0.031746031746031744,0.03009259259259259,-0.0016534391534391533,0.0057489514552853576
1075,5de6c12e02a9e36835018cc3abb08e3288d1688130193055566a10d153a20ef7:1075,1.0,0,elliptical,diffusive,inside,False,83.83525085449219,0.02884134134134134,0.026485148514851484,0.03125,0.004764851485148516,0.007569553006439804
1076,5de6c12e02a9e36835018cc3abb08e3288d1688130193055566a10d153a20ef7:1076,1.0,2,circular,ballistic,outside,False,17.39179801940918,0.04517017017017017,0.038392857142857145,0.046274738067520374,0.007881880924663229,0.017126608628842077
1077,5de6c12e02a9e36835018cc3abb08e3288d1688130193055566a10d153a20ef7:1077,1.0,2,elliptical,diffusive,edge,False,2.108147621154785,0.05299049049049049,0.028374233128834355,0.0649145616641902,0.03654032853535584,0.04980384733879786
1078,5de6c12e02a9e36835018cc3abb08e3288d1688130193055566a10d153a20ef7:1078,1.0,0,circular,diffusive,outside,False,83.83525085449219,0.030405405405405407,0.030208333333333334,0.03058766859344894,0.0003793352601156076,0.008306461376778153
1079,5de6c12e02a9e36835018cc3abb08e3288d1688130193055566a10d153a20ef7:1079,1.0,0,elliptical,diffusive,edge,False,83.83525085449219,0.028591091091091092,0.03602941176470588,0.027899343544857767,-0.008130068219848113,0.0073363774982725324
1080,5de6c12e02a9e36835018cc3abb08e3288d1688130193055566a10d153a20ef7:1080,0.25,2,elliptical,diffusive,inside,False,17.45720672607422,0.03237951807228916,0.04800724637681159,0.02638888888888889,-0.021618357487922703,0.006915149253993931
1081,5de6c12e02a9e36835018cc3abb08e3288d1688130193055566a10d153a20ef7:1081,0.25,0,circular,ballistic,edge,False,83.78728485107422,0.034889558232931724,0.034889558232931724,,,0.009626912103797746
1082,5de6c12e02a9e36835018cc3abb08e3288d1688130193055566a10d153a20ef7:1082,0.25,1,circular,diffusive,inside,False,61.93327331542969,0.027359437751004016,0.029745989304812835,0.020161290322580645,-0.00958469898223219,0.006184078812627971
1083,5de6c12e02a9e36835018cc3abb08e3288d1688130193055566a10d153a20ef7:1083,0.25,0,circular,ballistic,outside,False,81.947021484375,0.027610441767068273,0.027610441767068273,,,0.01061364182322589
1084,5de6c12e02a9e36835018cc3abb08e3288d1688130193055566a10d153a20ef7:1084,0.25,0,elliptical,ballistic,inside,False,82.3406982421875,0.030622489959839357,0.030622489959839357,,,0.009721343740480465
1085,5de6c12e02a9e36835018cc3abb08e3288d1688130193055566a10d153a20ef7:1085,0.25,1,elliptical,ballistic,outside,False,79.46418762207031,0.025100401606425703,0.01875,0.03203781512605042,0.013287815126050418,0.008980192680722046
1086,5de6c12e02a9e36835018cc3abb08e3288d1688130193055566a10d153a20ef7:1086,0.25,2,circular,diffusive,outside,False,11.146669387817385,0.0321285140562249,0.0321285140562249,,,0.01140343041325356
1087,5de6c12e02a9e36835018cc3abb08e3288d1688130193055566a10d153a20ef7:1087,0.25,1,elliptical,diffusive,edge,False,75.49524688720703,0.02710843373493976,0.02710843373493976,,,0.00931086194326878
1088,5de6c12e02a9e36835018cc3abb08e3288d1688130193055566a10d153a20ef7:1088,0.25,2,elliptical,diffusive,outside,False,33.00126647949219,0.028112449799196786,0.028112449799196786,,,0.003756684123267009
1089,5de6c12e02a9e36835018cc3abb08e3288d1688130193055566a10d153a20ef7:1089,0.25,0,circular,diffusive,edge,False,83.83525085449219,0.02535140562248996,0.02535140562248996,,,0.007305036250429341
1090,5de6c12e02a9e36835018cc3abb08e3288d1688130193055566a10d153a20ef7:1090,0.25,0,elliptical,ballistic,outside,False,83.83525085449219,0.02961847389558233,0.030968468468468468,0.018518518518518517,-0.01244994994994995,0.008738401197554825
1091,5de6c12e02a9e36835018cc3abb08e3288d1688130193055566a10d153a20ef7:1091,0.25,1,circular,ballistic,edge,False,79.7342758178711,0.03187751004016064,0.036057692307692304,0.028879310344827585,-0.0071783819628647196,0.009705127976496588
1092,5de6c12e02a9e36835018cc3abb08e3288d1688130193055566a10d153a20ef7:1092,0.25,2,circular,ballistic,inside,False,23.823442459106445,0.03162650602409638,0.03153153153153153,0.03170289855072464,0.00017136701919311104,0.009077882188767632
1093,5de6c12e02a9e36835018cc3abb08e3288d1688130193055566a10d153a20ef7:1093,0.25,0,circular,diffusive,outside,False,83.83525085449219,0.0286144578313253,0.0286144578313253,,,0.006330080428171934
1094,5de6c12e02a9e36835018cc3abb08e3288d1688130193055566a10d153a20ef7:1094,0.25,1,circular,diffusive,outside,False,62.30057144165039,0.03162650602409638,0.03162650602409638,,,0.01440159466644684
1095,5de6c12e02a9e36835018cc3abb08e3288d1688130193055566a10d153a20ef7:1095,0.25,2,elliptical,diffusive,edge,False,6.071280956268311,0.028112449799196786,0.03293010752688172,0.013888888888888888,-0.01904121863799283,0.012857679191632224
1096,5de6c12e02a9e36835018cc3abb08e3288d1688130193055566a10d153a20ef7:1096,0.25,1,elliptical,diffusive,outside,False,83.83525085449219,0.025100401606425703,0.025100401606425703,,,0.008519358809476475
1097,5de6c12e02a9e36835018cc3abb08e3288d1688130193055566a10d153a20ef7:1097,0.25,0,circular,diffusive,inside,False,83.83525085449219,0.025853413654618473,0.025853413654618473,,,0.009495120642257899
1098,5de6c12e02a9e36835018cc3abb08e3288d1688130193055566a10d153a20ef7:1098,0.25,2,elliptical,ballistic,edge,False,39.73258972167969,0.02886546184738956,0.02886546184738956,,,0.01104132402004155
1099,5de6c12e02a9e36835018cc3abb08e3288d1688130193055566a10d153a20ef7:1099,0.25,1,circular,diffusive,edge,False,62.67728805541992,0.027610441767068273,0.027610441767068273,,,0.008202878834522184
1100,5de6c12e02a9e36835018cc3abb08e3288d1688130193055566a10d153a20ef7:1100,0.25,2,circular,diffusive,inside,False,28.945436477661133,0.0286144578313253,0.0286144578313253,,,0.008385187293418708
1101,5de6c12e02a9e36835018cc3abb08e3288d1688130193055566a10d153a20ef7:1101,0.25,2,elliptical,ballistic,outside,False,5.63947343826294,0.03263052208835342,0.03263052208835342,,,0.010275848137780482
1102,5de6c12e02a9e36835018cc3abb08e3288d1688130193055566a10d153a20ef7:1102,0.25,0,circular,ballistic,inside,False,83.28924560546875,0.03614457831325301,0.03614457831325301,,,0.013619136512299734
1103,5de6c12e02a9e36835018cc3abb08e3288d1688130193055566a10d153a20ef7:1103,0.25,1,elliptical,ballistic,edge,False,80.19705200195312,0.02610441767068273,0.02610441767068273,,,0.008923889977224486
1104,5de6c12e02a9e36835018cc3abb08e3288d1688130193055566a10d153a20ef7:1104,0.25,2,circular,ballistic,edge,False,22.2588005065918,0.028112449799196786,0.027529761904761904,0.029320987654320986,0.001791225749559082,0.0054067919750346435
1105,5de6c12e02a9e36835018cc3abb08e3288d1688130193055566a10d153a20ef7:1105,0.25,1,elliptical,diffusive,inside,False,83.52555084228516,0.03112449799196787,0.03112449799196787,,,0.008400201069619232
1106,5de6c12e02a9e36835018cc3abb08e3288d1688130193055566a10d153a20ef7:1106,0.25,1,circular,ballistic,outside,False,70.99262237548828,0.027610441767068273,0.027610441767068273,,,0.009875660428165664
1107,5de6c12e02a9e36835018cc3abb08e3288d1688130193055566a10d153a20ef7:1107,0.25,0,elliptical,diffusive,inside,False,81.52776336669922,0.028363453815261043,0.026092233009708737,0.029965753424657533,0.003873520414948796,0.010833956754471505
1108,5de6c12e02a9e36835018cc3abb08e3288d1688130193055566a10d153a20ef7:1108,0.25,2,circular,diffusive,edge,False,16.761369705200195,0.02359437751004016,0.02382286995515695,0.021634615384615384,-0.002188254570541566,0.006330080428171934
1109,5de6c12e02a9e36835018cc3abb08e3288d1688130193055566a10d153a20ef7:1109,0.25,2,elliptical,ballistic,inside,False,3.348418474197388,0.02610441767068273,0.02610441767068273,,,0.007969130455013827
1110,5de6c12e02a9e36835018cc3abb08e3288d1688130193055566a10d153a20ef7:1110,0.25,1,elliptical,ballistic,inside,False,76.6738510131836,0.03438755020080321,0.03438755020080321,,,0.0074078085157498535
1111,5de6c12e02a9e36835018cc3abb08e3288d1688130193055566a10d153a20ef7:1111,0.25,2,circular,ballistic,outside,False,21.258228302001957,0.028363453815261043,0.028363453815261043,,,0.008948565998983879
1112,5de6c12e02a9e36835018cc3abb08e3288d1688130193055566a10d153a20ef7:1112,0.25,0,elliptical,diffusive,outside,False,83.83525085449219,0.020582329317269075,0.020582329317269075,,,0.009773053380487843
1113,5de6c12e02a9e36835018cc3abb08e3288d1688130193055566a10d153a20ef7:1113,0.25,0,elliptical,diffusive,edge,False,83.52287292480469,0.026857429718875503,0.034782608695652174,0.02005597014925373,-0.014726638546398444,0.005584486812572036
1114,5de6c12e02a9e36835018cc3abb08e3288d1688130193055566a10d153a20ef7:1114,0.25,1,circular,ballistic,inside,False,55.80120468139648,0.026857429718875503,0.026857429718875503,,,0.008749209366432418
1115,5de6c12e02a9e36835018cc3abb08e3288d1688130193055566a10d153a20ef7:1115,0.25,0,elliptical,ballistic,edge,False,83.83250427246094,0.02635542168674699,0.02635542168674699,,,0.01189822579768206
1080,5de6c12e02a9e36835018cc3abb08e3288d1688130193055566a10d153a20ef7:1080,0.5,2,elliptical,diffusive,inside,False,17.45720672607422,0.033316633266533065,0.04800724637681159,0.030959302325581396,-0.017047944051230196,0.007186366877645818
1081,5de6c12e02a9e36835018cc3abb08e3288d1688130193055566a10d153a20ef7:1081,0.5,0,circular,ballistic,edge,False,83.78728485107422,0.028932865731462927,0.030283505154639175,0.02421171171171171,-0.0060717934429274645,0.006345888046539781
1082,5de6c12e02a9e36835018cc3abb08e3288d1688130193055566a10d153a20ef7:1082,0.5,1,circular,diffusive,inside,False,61.93327331542969,0.029183366733466935,0.029745989304812835,0.028846153846153848,-0.0008998354586589874,0.006463459843407148
1083,5de6c12e02a9e36835018cc3abb08e3288d1688130193055566a10d153a20ef7:1083,0.5,0,circular,ballistic,outside,False,81.947021484375,0.03031062124248497,0.030603448275862068,0.0283203125,-0.0022831357758620677,0.010482202381216272
1084,5de6c12e02a9e36835018cc3abb08e3288d1688130193055566a10d153a20ef7:1084,0.5,0,elliptical,ballistic,inside,False,82.3406982421875,0.028932865731462927,0.03136531365313653,0.026041666666666668,-0.005323646986469862,0.00792846554012949
1085,5de6c12e02a9e36835018cc3abb08e3288d1688130193055566a10d153a20ef7:1085,0.5,1,elliptical,ballistic,outside,False,79.46418762207031,0.02379759519038076,0.01875,0.02557588075880759,0.006825880758807589,0.006864824451926213
1086,5de6c12e02a9e36835018cc3abb08e3288d1688130193055566a10d153a20ef7:1086,0.5,2,circular,diffusive,outside,False,11.146669387817385,0.03319138276553106,0.03279467680608365,0.03363347457627119,0.000838797770187534,0.005633488513038333
1087,5de6c12e02a9e36835018cc3abb08e3288d1688130193055566a10d153a20ef7:1087,0.5,1,elliptical,diffusive,edge,False,75.49524688720703,0.03068637274549098,0.028359030837004404,0.05416666666666667,0.025807635829662265,0.006434268306132926
1088,5de6c12e02a9e36835018cc3abb08e3288d1688130193055566a10d153a20ef7:1088,0.5,2,elliptical,diffusive,outside,False,33.00126647949219,0.026177354709418836,0.026177354709418836,,,0.0041446373015466675
1089,5de6c12e02a9e36835018cc3abb08e3288d1688130193055566a10d153a20ef7:1089,0.5,0,circular,diffusive,edge,False,83.83525085449219,0.028807615230460923,0.029141104294478526,0.0125,-0.016641104294478525,0.006252496981136615
1090,5de6c12e02a9e36835018cc3abb08e3288d1688130193055566a10d153a20ef7:1090,0.5,0,elliptical,ballistic,outside,False,83.83525085449219,0.026052104208416832,0.030968468468468468,0.02211191335740072,-0.008856555111067747,0.007531711612411278
1091,5de6c12e02a9e36835018cc3abb08e3288d1688130193055566a10d153a20ef7:1091,0.5,1,circular,ballistic,edge,False,79.7342758178711,0.0343186372745491,0.036057692307692304,0.033860759493670886,-0.0021969328140214184,0.010636710293367808
1092,5de6c12e02a9e36835018cc3abb08e3288d1688130193055566a10d153a20ef7:1092,0.5,2,circular,ballistic,inside,False,23.823442459106445,0.04408817635270541,0.03153153153153153,0.04768041237113402,0.01614888083960249,0.01277309497392982
1093,5de6c12e02a9e36835018cc3abb08e3288d1688130193055566a10d153a20ef7:1093,0.5,0,circular,diffusive,outside,False,83.83525085449219,0.02843186372745491,0.02843186372745491,,,0.005156610433426578
1094,5de6c12e02a9e36835018cc3abb08e3288d1688130193055566a10d153a20ef7:1094,0.5,1,circular,diffusive,outside,False,62.30057144165039,0.031062124248496994,0.03171992481203008,0.03031115879828326,-0.0014087660137468185,0.011588209926072523
1095,5de6c12e02a9e36835018cc3abb08e3288d1688130193055566a10d153a20ef7:1095,0.5,2,elliptical,diffusive,edge,False,6.071280956268311,0.02755511022044088,0.03293010752688172,0.024361022364217253,-0.008569085162664466,0.01035269454898388
1096,5de6c12e02a9e36835018cc3abb08e3288d1688130193055566a10d153a20ef7:1096,0.5,1,elliptical,diffusive,outside,False,83.83525085449219,0.024298597194388778,0.024298597194388778,,,0.0045574662822295215
1097,5de6c12e02a9e36835018cc3abb08e3288d1688130193055566a10d153a20ef7:1097,0.5,0,circular,diffusive,inside,False,83.83525085449219,0.02780561122244489,0.02780561122244489,,,0.005573295456234215
1098,5de6c12e02a9e36835018cc3abb08e3288d1688130193055566a10d153a20ef7:1098,0.5,2,elliptical,ballistic,edge,False,39.73258972167969,0.03281563126252505,0.03281563126252505,,,0.011266977026076663
1099,5de6c12e02a9e36835018cc3abb08e3288d1688130193055566a10d153a20ef7:1099,0.5,1,circular,diffusive,edge,False,62.67728805541992,0.028807615230460923,0.027553763440860215,0.030397727272727274,0.0028439638318670593,0.0064500967883686046
1100,5de6c12e02a9e36835018cc3abb08e3288d1688130193055566a10d153a20ef7:1100,0.5,2,circular,diffusive,inside,False,28.945436477661133,0.03093687374749499,0.03093687374749499,,,0.006103954374254111
1101,5de6c12e02a9e36835018cc3abb08e3288d1688130193055566a10d153a20ef7:1101,0.5,2,elliptical,ballistic,outside,False,5.63947343826294,0.031062124248496994,0.03157620041753653,0.01875,-0.012826200417536533,0.008217043821070504
1102,5de6c12e02a9e36835018cc3abb08e3288d1688130193055566a10d153a20ef7:1102,0.5,0,circular,ballistic,inside,False,83.28924560546875,0.033316633266533065,0.0347877358490566,0.03073204419889503,-0.004055691650161574,0.01006689944760026
1103,5de6c12e02a9e36835018cc3abb08e3288d1688130193055566a10d153a20ef7:1103,0.5,1,elliptical,ballistic,edge,False,80.19705200195312,0.030435871743486973,0.028156996587030716,0.033677184466019416,0.005520187878988701,0.01000672336541777
1104,5de6c12e02a9e36835018cc3abb08e3288d1688130193055566a10d153a20ef7:1104,0.5,2,circular,ballistic,edge,False,22.2588005065918,0.030811623246492986,0.027529761904761904,0.0324773413897281,0.004947579484966193,0.0064306100465898975
1105,5de6c12e02a9e36835018cc3abb08e3288d1688130193055566a10d153a20ef7:1105,0.5,1,elliptical,diffusive,inside,False,83.52555084228516,0.03168837675350701,0.03296232876712329,0.022540983606557378,-0.01042134516056591,0.009943817047386668
1106,5de6c12e02a9e36835018cc3abb08e3288d1688130193055566a10d153a20ef7:1106,0.5,1,circular,ballistic,outside,False,70.99262237548828,0.028557114228456915,0.028557114228456915,,,0.007777642633396806
1107,5de6c12e02a9e36835018cc3abb08e3288d1688130193055566a10d153a20ef7:1107,0.5,0,elliptical,diffusive,inside,False,81.52776336669922,0.027054108216432865,0.026092233009708737,0.027304292929292928,0.0012120599195841915,0.004591759213382606
1108,5de6c12e02a9e36835018cc3abb08e3288d1688130193055566a10d153a20ef7:1108,0.5,2,circular,diffusive,edge,False,16.761369705200195,0.02930861723446894,0.02382286995515695,0.033740942028985504,0.009918072073828554,0.008986668895116281
1109,5de6c12e02a9e36835018cc3abb08e3288d1688130193055566a10d153a20ef7:1109,0.5,2,elliptical,ballistic,inside,False,3.348418474197388,0.02442384769539078,0.025078781512605043,0.010869565217391304,-0.014209216295213739,0.006994990984690984
1110,5de6c12e02a9e36835018cc3abb08e3288d1688130193055566a10d153a20ef7:1110,0.5,1,elliptical,ballistic,inside,False,76.6738510131836,0.031187374749498998,0.03382169576059851,0.02040816326530612,-0.013413532495292386,0.007039702152503205
1111,5de6c12e02a9e36835018cc3abb08e3288d1688130193055566a10d153a20ef7:1111,0.5,2,circular,ballistic,outside,False,21.258228302001957,0.02655310621242485,0.02655310621242485,,,0.010007507192103296
1112,5de6c12e02a9e36835018cc3abb08e3288d1688130193055566a10d153a20ef7:1112,0.5,0,elliptical,diffusive,outside,False,83.83525085449219,0.027930861723446894,0.027930861723446894,,,0.0111289845345338
1113,5de6c12e02a9e36835018cc3abb08e3288d1688130193055566a10d153a20ef7:1113,0.5,0,elliptical,diffusive,edge,False,83.52287292480469,0.028557114228456915,0.034782608695652174,0.026692708333333332,-0.008089900362318842,0.0030883837690225333
1114,5de6c12e02a9e36835018cc3abb08e3288d1688130193055566a10d153a20ef7:1114,0.5,1,circular,ballistic,inside,False,55.80120468139648,0.031187374749498998,0.029017857142857144,0.037037037037037035,0.008019179894179891,0.009511619036905658
1115,5de6c12e02a9e36835018cc3abb08e3288d1688130193055566a10d153a20ef7:1115,0.5,0,elliptical,ballistic,edge,False,83.83250427246094,0.028932865731462927,0.029428251121076235,0.024764150943396228,-0.004664100177680007,0.008640469153811213
1080,5de6c12e02a9e36835018cc3abb08e3288d1688130193055566a10d153a20ef7:1080,1.0,2,elliptical,diffusive,inside,False,17.45720672607422,0.043293293293293296,0.04800724637681159,0.042943548387096776,-0.005063697989714816,0.01575980630013392
1081,5de6c12e02a9e36835018cc3abb08e3288d1688130193055566a10d153a20ef7:1081,1.0,0,circular,ballistic,edge,False,83.78728485107422,0.029216716716716717,0.030283505154639175,0.028539279869067104,-0.0017442252855720715,0.007853782264604984
1082,5de6c12e02a9e36835018cc3abb08e3288d1688130193055566a10d153a20ef7:1082,1.0,1,circular,diffusive,inside,False,61.93327331542969,0.03228228228228228,0.029745989304812835,0.03286637931034483,0.003120390005531992,0.006078557458203764
1083,5de6c12e02a9e36835018cc3abb08e3288d1688130193055566a10d153a20ef7:1083,1.0,0,circular,ballistic,outside,False,81.947021484375,0.031031031031031032,0.030603448275862068,0.03136081560283688,0.0007573673269748102,0.007553247383777062
1084,5de6c12e02a9e36835018cc3abb08e3288d1688130193055566a10d153a20ef7:1084,1.0,0,elliptical,ballistic,inside,False,82.3406982421875,0.02827827827827828,0.03136531365313653,0.02712912087912088,-0.00423619277401565,0.006261259260859261
1085,5de6c12e02a9e36835018cc3abb08e3288d1688130193055566a10d153a20ef7:1085,1.0,1,elliptical,ballistic,outside,False,79.46418762207031,0.02834084084084084,0.01875,0.02977560414269275,0.011025604142692751,0.004839205114931854
1086,5de6c12e02a9e36835018cc3abb08e3288d1688130193055566a10d153a20ef7:1086,1.0,2,circular,diffusive,outside,False,11.146669387817385,0.04473223223223223,0.03279467680608365,0.048997961956521736,0.016203285150438083,0.012991188048552711
1087,5de6c12e02a9e36835018cc3abb08e3288d1688130193055566a10d153a20ef7:1087,1.0,1,elliptical,diffusive,edge,False,75.49524688720703,0.030655655655655655,0.028359030837004404,0.03256880733944954,0.0042097765024451395,0.0066716453887729135
1088,5de6c12e02a9e36835018cc3abb08e3288d1688130193055566a10d153a20ef7:1088,1.0,2,elliptical,diffusive,outside,False,33.00126647949219,0.02927927927927928,0.025499131944444444,0.034426713947990545,0.0089275820035461,0.005213380044043959
1089,5de6c12e02a9e36835018cc3abb08e3288d1688130193055566a10d153a20ef7:1089,1.0,0,circular,diffusive,edge,False,83.83525085449219,0.02809059059059059,0.029141104294478526,0.027083333333333334,-0.0020577709611451916,0.008195218104966833
1090,5de6c12e02a9e36835018cc3abb08e3288d1688130193055566a10d153a20ef7:1090,1.0,0,elliptical,ballistic,outside,False,83.83525085449219,0.02702702702702703,0.030968468468468468,0.0259009009009009,-0.005067567567567568,0.007038218773986603
1091,5de6c12e02a9e36835018cc3abb08e3288d1688130193055566a10d153a20ef7:1091,1.0,1,circular,ballistic,edge,False,79.7342758178711,0.03347097097097097,0.036057692307692304,0.03317039106145252,-0.0028873012462397873,0.010618509145365178
1092,5de6c12e02a9e36835018cc3abb08e3288d1688130193055566a10d153a20ef7:1092,1.0,2,circular,ballistic,inside,False,23.823442459106445,0.05098848848848849,0.03153153153153153,0.05342060810810811,0.02188907657657658,0.012859156044642538
1093,5de6c12e02a9e36835018cc3abb08e3288d1688130193055566a10d153a20ef7:1093,1.0,0,circular,diffusive,outside,False,83.83525085449219,0.026088588588588587,0.026412538699690402,0.025495750708215296,-0.0009167879914751056,0.004023020874818012
1094,5de6c12e02a9e36835018cc3abb08e3288d1688130193055566a10d153a20ef7:1094,1.0,1,circular,diffusive,outside,False,62.30057144165039,0.030342842842842842,0.03171992481203008,0.029843110504774898,-0.0018768143072551806,0.009269187856505816
1095,5de6c12e02a9e36835018cc3abb08e3288d1688130193055566a10d153a20ef7:1095,1.0,2,elliptical,diffusive,edge,False,6.071280956268311,0.03778778778778779,0.03293010752688172,0.038899138991389914,0.0059690314645081954,0.02090301258034193
1096,5de6c12e02a9e36835018cc3abb08e3288d1688130193055566a10d153a20ef7:1096,1.0,1,elliptical,diffusive,outside,False,83.83525085449219,0.02702702702702703,0.0245,0.03125,0.006749999999999999,0.004441501338663375
1097,5de6c12e02a9e36835018cc3abb08e3288d1688130193055566a10d153a20ef7:1097,1.0,0,circular,diffusive,inside,False,83.83525085449219,0.026401401401401403,0.028454472843450478,0.022955764075067026,-0.005498708768383452,0.005770696975775878
1098,5de6c12e02a9e36835018cc3abb08e3288d1688130193055566a10d153a20ef7:1098,1.0,2,elliptical,ballistic,edge,False,39.73258972167969,0.032407407407407406,0.03221153846153846,0.03262004175365345,0.0004085032921149895,0.00890324836197208
1099,5de6c12e02a9e36835018cc3abb08e3288d1688130193055566a10d153a20ef7:1099,1.0,1,circular,diffusive,edge,False,62.67728805541992,0.033783783783783786,0.027553763440860215,0.03619791666666667,0.008644153225806455,0.00849746088405888
1100,5de6c12e02a9e36835018cc3abb08e3288d1688130193055566a10d153a20ef7:1100,1.0,2,circular,diffusive,inside,False,28.945436477661133,0.033658658658658656,0.03130032206119163,0.037533068783068786,0.0062327467218771596,0.0067230743903952395
1101,5de6c12e02a9e36835018cc3abb08e3288d1688130193055566a10d153a20ef7:1101,1.0,2,elliptical,ballistic,outside,False,5.63947343826294,0.059246746746746744,0.03157620041753653,0.08473557692307693,0.053159376505540396,0.021428111501274667
1102,5de6c12e02a9e36835018cc3abb08e3288d1688130193055566a10d153a20ef7:1102,1.0,0,circular,ballistic,inside,False,83.28924560546875,0.030905905905905907,0.0347877358490566,0.02909324522760646,-0.005694490621450141,0.010545457654725948
1103,5de6c12e02a9e36835018cc3abb08e3288d1688130193055566a10d153a20ef7:1103,1.0,1,elliptical,ballistic,edge,False,80.19705200195312,0.028153153153153154,0.028156996587030716,0.028151558073654392,-5.438513376324061e-06,0.007329171494298034
1104,5de6c12e02a9e36835018cc3abb08e3288d1688130193055566a10d153a20ef7:1104,1.0,2,circular,ballistic,edge,False,22.2588005065918,0.04116616616616617,0.027529761904761904,0.043922984356197355,0.01639322245143545,0.009587393771016276
1105,5de6c12e02a9e36835018cc3abb08e3288d1688130193055566a10d153a20ef7:1105,1.0,1,elliptical,diffusive,inside,False,83.52555084228516,0.029654654654654656,0.03296232876712329,0.027072192513368985,-0.005890136253754303,0.007405674052531376
1106,5de6c12e02a9e36835018cc3abb08e3288d1688130193055566a10d153a20ef7:1106,1.0,1,circular,ballistic,outside,False,70.99262237548828,0.031031031031031032,0.028759057971014492,0.03383668903803132,0.005077631067016825,0.008780182579003419
1107,5de6c12e02a9e36835018cc3abb08e3288d1688130193055566a10d153a20ef7:1107,1.0,0,elliptical,diffusive,inside,False,81.52776336669922,0.028215715715715715,0.026092233009708737,0.028459821428571428,0.0023675884188626914,0.0042611489499143704
1108,5de6c12e02a9e36835018cc3abb08e3288d1688130193055566a10d153a20ef7:1108,1.0,2,circular,diffusive,edge,False,16.761369705200195,0.03403403403403404,0.02382286995515695,0.03696842783505155,0.013145557879894597,0.012512512512512512
1109,5de6c12e02a9e36835018cc3abb08e3288d1688130193055566a10d153a20ef7:1109,1.0,2,elliptical,ballistic,inside,False,3.348418474197388,0.09672172172172172,0.025078781512605043,0.1619263862332696,0.13684760472066457,0.03174308766653925
1110,5de6c12e02a9e36835018cc3abb08e3288d1688130193055566a10d153a20ef7:1110,1.0,1,elliptical,ballistic,inside,False,76.6738510131836,0.03265765765765766,0.03382169576059851,0.031877090301003344,-0.0019446054595951626,0.006041094947233888
1111,5de6c12e02a9e36835018cc3abb08e3288d1688130193055566a10d153a20ef7:1111,1.0,2,circular,ballistic,outside,False,21.258228302001957,0.0360985985985986,0.02765486725663717,0.04709101382488479,0.019436146568247624,0.013546925799902259
1112,5de6c12e02a9e36835018cc3abb08e3288d1688130193055566a10d153a20ef7:1112,1.0,0,elliptical,diffusive,outside,False,83.83525085449219,0.027902902902902902,0.026685393258426966,0.02992021276595745,0.003234819507530483,0.008433656205194628
1113,5de6c12e02a9e36835018cc3abb08e3288d1688130193055566a10d153a20ef7:1113,1.0,0,elliptical,diffusive,edge,False,83.52287292480469,0.028716216216216218,0.034782608695652174,0.027927036199095024,-0.00685557249655715,0.0029391090206572434
1114,5de6c12e02a9e36835018cc3abb08e3288d1688130193055566a10d153a20ef7:1114,1.0,1,circular,ballistic,inside,False,55.80120468139648,0.03228228228228228,0.029017857142857144,0.034153543307086615,0.005135686164229471,0.008174415901431968
1115,5de6c12e02a9e36835018cc3abb08e3288d1688130193055566a10d153a20ef7:1115,1.0,0,elliptical,ballistic,edge,False,83.83250427246094,0.026088588588588587,0.029428251121076235,0.02339511754068716,-0.006033133580389073,0.007839815540093893
1116,5de6c12e02a9e36835018cc3abb08e3288d1688130193055566a10d153a20ef7:1116,0.25,1,elliptical,diffusive,edge,False,63.65467834472656,0.026857429718875503,0.026857429718875503,,,0.008214391652587135
1117,5de6c12e02a9e36835018cc3abb08e3288d1688130193055566a10d153a20ef7:1117,0.25,2,elliptical,ballistic,edge,False,48.24069213867188,0.03187751004016064,0.03187751004016064,,,0.009225891540908185
1118,5de6c12e02a9e36835018cc3abb08e3288d1688130193055566a10d153a20ef7:1118,0.25,2,elliptical,diffusive,inside,False,40.24506759643555,0.029869477911646587,0.029869477911646587,,,0.009910686256224715
1119,5de6c12e02a9e36835018cc3abb08e3288d1688130193055566a10d153a20ef7:1119,0.25,1,circular,ballistic,inside,False,64.97311401367188,0.025853413654618473,0.025853413654618473,,,0.008486014811434222
1120,5de6c12e02a9e36835018cc3abb08e3288d1688130193055566a10d153a20ef7:1120,0.25,2,circular,ballistic,edge,False,21.171140670776367,0.024096385542168676,0.024096385542168676,,,0.006659889137259839
1121,5de6c12e02a9e36835018cc3abb08e3288d1688130193055566a10d153a20ef7:1121,0.25,0,elliptical,ballistic,outside,False,83.83285522460938,0.024096385542168676,0.024096385542168676,,,0.00988841144758645
1122,5de6c12e02a9e36835018cc3abb08e3288d1688130193055566a10d153a20ef7:1122,0.25,2,circular,diffusive,edge,False,11.052621841430664,0.0286144578313253,0.0286144578313253,,,0.010324781024700368
1123,5de6c12e02a9e36835018cc3abb08e3288d1688130193055566a10d153a20ef7:1123,0.25,2,circular,ballistic,outside,False,35.422386169433594,0.02886546184738956,0.02886546184738956,,,0.013011114641259473
1124,5de6c12e02a9e36835018cc3abb08e3288d1688130193055566a10d153a20ef7:1124,0.25,0,elliptical,diffusive,outside,False,83.36864471435547,0.029869477911646587,0.029869477911646587,,,0.010972637045378712
1125,5de6c12e02a9e36835018cc3abb08e3288d1688130193055566a10d153a20ef7:1125,0.25,2,elliptical,ballistic,outside,False,8.929971694946289,0.025602409638554216,0.025602409638554216,,,0.006716409719005849
1126,5de6c12e02a9e36835018cc3abb08e3288d1688130193055566a10d153a20ef7:1126,0.25,0,circular,diffusive,edge,False,83.83525085449219,0.0356425702811245,0.04147196261682243,0.03125,-0.010221962616822428,0.0102266811182045
1127,5de6c12e02a9e36835018cc3abb08e3288d1688130193055566a10d153a20ef7:1127,0.25,0,circular,diffusive,inside,False,82.39852905273438,0.035140562248995984,0.035140562248995984,,,0.010288103178674296
1128,5de6c12e02a9e36835018cc3abb08e3288d1688130193055566a10d153a20ef7:1128,0.25,0,elliptical,ballistic,inside,False,83.72981262207031,0.028112449799196786,0.028112449799196786,,,0.006956027339634046
1129,5de6c12e02a9e36835018cc3abb08e3288d1688130193055566a10d153a20ef7:1129,0.25,0,circular,diffusive,outside,False,83.527587890625,0.026606425702811246,0.026606425702811246,,,0.009875660428165664
1130,5de6c12e02a9e36835018cc3abb08e3288d1688130193055566a10d153a20ef7:1130,0.25,0,circular,ballistic,edge,False,83.76933288574219,0.030120481927710843,0.030120481927710843,,,0.012337555951249506
1131,5de6c12e02a9e36835018cc3abb08e3288d1688130193055566a10d153a20ef7:1131,0.25,1,circular,diffusive,outside,False,53.10276794433594,0.02786144578313253,0.028361344537815126,0.017045454545454544,-0.011315889992360582,0.009808445623785102
1132,5de6c12e02a9e36835018cc3abb08e3288d1688130193055566a10d153a20ef7:1132,0.25,1,circular,ballistic,outside,False,76.54863739013672,0.028112449799196786,0.020611702127659573,0.032661290322580645,0.012049588194921072,0.0049186541019742526
1133,5de6c12e02a9e36835018cc3abb08e3288d1688130193055566a10d153a20ef7:1133,0.25,2,circular,ballistic,inside,False,26.667251586914062,0.03137550200803213,0.030995934959349592,0.031746031746031744,0.0007500967866821522,0.010574987165130972
1134,5de6c12e02a9e36835018cc3abb08e3288d1688130193055566a10d153a20ef7:1134,0.25,2,circular,diffusive,outside,False,11.847994804382324,0.026606425702811246,0.026606425702811246,,,0.006791038784371828
1135,5de6c12e02a9e36835018cc3abb08e3288d1688130193055566a10d153a20ef7:1135,0.25,1,elliptical,ballistic,outside,False,80.98816680908203,0.028112449799196786,0.028112449799196786,,,0.012048192771084336
1136,5de6c12e02a9e36835018cc3abb08e3288d1688130193055566a10d153a20ef7:1136,0.25,1,circular,diffusive,edge,False,57.62056350708008,0.0321285140562249,0.0321285140562249,,,0.01221438259096028
1137,5de6c12e02a9e36835018cc3abb08e3288d1688130193055566a10d153a20ef7:1137,0.25,0,elliptical,ballistic,edge,False,80.34783172607422,0.03965863453815261,0.04111111111111111,0.026041666666666668,-0.015069444444444444,0.016398075272149672
1138,5de6c12e02a9e36835018cc3abb08e3288d1688130193055566a10d153a20ef7:1138,0.25,1,elliptical,diffusive,outside,False,81.02062225341797,0.030120481927710843,0.030120481927710843,,,0.01200628588664799
1139,5de6c12e02a9e36835018cc3abb08e3288d1688130193055566a10d153a20ef7:1139,0.25,2,elliptical,diffusive,outside,False,6.199949741363525,0.02459839357429719,0.02459839357429719,,,0.006864856591956498
1140,5de6c12e02a9e36835018cc3abb08e3288d1688130193055566a10d153a20ef7:1140,0.25,1,elliptical,ballistic,inside,False,53.70128631591797,0.025602409638554216,0.025602409638554216,,,0.009458556064968258
1141,5de6c12e02a9e36835018cc3abb08e3288d1688130193055566a10d153a20ef7:1141,0.25,0,circular,ballistic,inside,False,81.3668212890625,0.030120481927710843,0.030120481927710843,,,0.009630183781752448
1142,5de6c12e02a9e36835018cc3abb08e3288d1688130193055566a10d153a20ef7:1142,0.25,0,circular,ballistic,outside,False,83.53507995605469,0.02710843373493976,0.02710843373493976,,,0.008339983798110517
1143,5de6c12e02a9e36835018cc3abb08e3288d1688130193055566a10d153a20ef7:1143,0.25,1,elliptical,diffusive,inside,False,75.58500671386719,0.0321285140562249,0.05576923076923077,0.02377717391304348,-0.03199205685618729,0.011578878107099191
1144,5de6c12e02a9e36835018cc3abb08e3288d1688130193055566a10d153a20ef7:1144,0.25,1,circular,ballistic,edge,False,78.06183624267578,0.03237951807228916,0.03237951807228916,,,0.00381493076143842
1145,5de6c12e02a9e36835018cc3abb08e3288d1688130193055566a10d153a20ef7:1145,0.25,2,circular,diffusive,inside,False,38.84642028808594,0.03288152610441767,0.02635542168674699,0.04593373493975904,0.01957831325301205,0.006655157421467296
1146,5de6c12e02a9e36835018cc3abb08e3288d1688130193055566a10d153a20ef7:1146,0.25,0,elliptical,diffusive,inside,False,83.8211669921875,0.024096385542168676,0.024096385542168676,,,0.005217020504725534
1147,5de6c12e02a9e36835018cc3abb08e3288d1688130193055566a10d153a20ef7:1147,0.25,2,elliptical,ballistic,inside,False,21.73017120361328,0.027359437751004016,0.027359437751004016,,,0.007235710494678501
1148,5de6c12e02a9e36835018cc3abb08e3288d1688130193055566a10d153a20ef7:1148,0.25,1,circular,diffusive,inside,False,73.39360046386719,0.03162650602409638,0.03162650602409638,,,0.013757218479964578
1149,5de6c12e02a9e36835018cc3abb08e3288d1688130193055566a10d153a20ef7:1149,0.25,1,elliptical,ballistic,edge,False,70.52098083496094,0.03137550200803213,0.033314977973568284,0.011363636363636364,-0.02195134160993192,0.006730465701702771
1150,5de6c12e02a9e36835018cc3abb08e3288d1688130193055566a10d153a20ef7:1150,0.25,0,elliptical,diffusive,edge,False,83.83525085449219,0.025853413654618473,0.025853413654618473,,,0.010455153413483197
1151,5de6c12e02a9e36835018cc3abb08e3288d1688130193055566a10d153a20ef7:1151,0.25,2,elliptical,diffusive,edge,False,11.42572021484375,0.030120481927710843,0.030120481927710843,,,0.006883187349800245
1116,5de6c12e02a9e36835018cc3abb08e3288d1688130193055566a10d153a20ef7:1116,0.5,1,elliptical,diffusive,edge,False,63.65467834472656,0.02868236472945892,0.027609223300970875,0.033764367816091954,0.006155144515121079,0.010006723365417771
1117,5de6c12e02a9e36835018cc3abb08e3288d1688130193055566a10d153a20ef7:1117,0.5,2,elliptical,ballistic,edge,False,48.24069213867188,0.03168837675350701,0.030328418230563002,0.03571428571428571,0.00538586748372271,0.00795217393755009
1118,5de6c12e02a9e36835018cc3abb08e3288d1688130193055566a10d153a20ef7:1118,0.5,2,elliptical,diffusive,inside,False,40.24506759643555,0.032439879759519036,0.032439879759519036,,,0.008046308991156825
1119,5de6c12e02a9e36835018cc3abb08e3288d1688130193055566a10d153a20ef7:1119,0.5,1,circular,ballistic,inside,False,64.97311401367188,0.028557114228456915,0.028846153846153848,0.02787162162162162,-0.0009745322245322263,0.006684200432929025
1120,5de6c12e02a9e36835018cc3abb08e3288d1688130193055566a10d153a20ef7:1120,0.5,2,circular,ballistic,edge,False,21.171140670776367,0.026678356713426853,0.026991916859122403,0.02462121212121212,-0.0023707047379102827,0.008292112909837392
1121,5de6c12e02a9e36835018cc3abb08e3288d1688130193055566a10d153a20ef7:1121,0.5,0,elliptical,ballistic,outside,False,83.83285522460938,0.027054108216432865,0.027054108216432865,,,0.009031942072805584
1122,5de6c12e02a9e36835018cc3abb08e3288d1688130193055566a10d153a20ef7:1122,0.5,2,circular,diffusive,edge,False,11.052621841430664,0.03168837675350701,0.027684563758389263,0.03762437810945274,0.009939814351063475,0.007888793209418706
1123,5de6c12e02a9e36835018cc3abb08e3288d1688130193055566a10d153a20ef7:1123,0.5,2,circular,ballistic,outside,False,35.422386169433594,0.027930861723446894,0.026843817787418654,0.04111842105263158,0.014274603265212928,0.008419778030189532
1124,5de6c12e02a9e36835018cc3abb08e3288d1688130193055566a10d153a20ef7:1124,0.5,0,elliptical,diffusive,outside,False,83.36864471435547,0.03006012024048096,0.029288702928870293,0.047619047619047616,0.018330344690177323,0.008124887144402232
1125,5de6c12e02a9e36835018cc3abb08e3288d1688130193055566a10d153a20ef7:1125,0.5,2,elliptical,ballistic,outside,False,8.929971694946289,0.024924849699398798,0.025092364532019705,0.024193548387096774,-0.0008988161449229315,0.008855662161479727
1126,5de6c12e02a9e36835018cc3abb08e3288d1688130193055566a10d153a20ef7:1126,0.5,0,circular,diffusive,edge,False,83.83525085449219,0.02843186372745491,0.04147196261682243,0.024872448979591837,-0.01659951363723059,0.007276396567273453
1127,5de6c12e02a9e36835018cc3abb08e3288d1688130193055566a10d153a20ef7:1127,0.5,0,circular,diffusive,inside,False,82.39852905273438,0.03344188376753507,0.03344188376753507,,,0.005644616402426727
1128,5de6c12e02a9e36835018cc3abb08e3288d1688130193055566a10d153a20ef7:1128,0.5,0,elliptical,ballistic,inside,False,83.72981262207031,0.03319138276553106,0.031476997578692496,0.04142441860465116,0.009947421025958664,0.00709298353445279
1129,5de6c12e02a9e36835018cc3abb08e3288d1688130193055566a10d153a20ef7:1129,0.5,0,circular,diffusive,outside,False,83.527587890625,0.028181362725450902,0.028181362725450902,,,0.007075267656562425
1130,5de6c12e02a9e36835018cc3abb08e3288d1688130193055566a10d153a20ef7:1130,0.5,0,circular,ballistic,edge,False,83.76933288574219,0.03093687374749499,0.030637254901960783,0.03125,0.000612745098039217,0.009418804363988337
1131,5de6c12e02a9e36835018cc3abb08e3288d1688130193055566a10d153a20ef7:1131,0.5,1,circular,diffusive,outside,False,53.10276794433594,0.025676352705410823,0.028361344537815126,0.023227969348659006,-0.00513337518915612,0.006831608288223769
1132,5de6c12e02a9e36835018cc3abb08e3288d1688130193055566a10d153a20ef7:1132,0.5,1,circular,ballistic,outside,False,76.54863739013672,0.028306613226452906,0.020611702127659573,0.03009259259259259,0.009480890464933018,0.0051276276278704215
1133,5de6c12e02a9e36835018cc3abb08e3288d1688130193055566a10d153a20ef7:1133,0.5,2,circular,ballistic,inside,False,26.667251586914062,0.03945390781563126,0.030995934959349592,0.04222074468085106,0.011224809721501468,0.011032713682577015
1134,5de6c12e02a9e36835018cc3abb08e3288d1688130193055566a10d153a20ef7:1134,0.5,2,circular,diffusive,outside,False,11.847994804382324,0.024924849699398798,0.024924849699398798,,,0.006840787477165017
1135,5de6c12e02a9e36835018cc3abb08e3288d1688130193055566a10d153a20ef7:1135,0.5,1,elliptical,ballistic,outside,False,80.98816680908203,0.03068637274549098,0.030539772727272728,0.031037414965986394,0.0004976422387136664,0.009918542809095376
1136,5de6c12e02a9e36835018cc3abb08e3288d1688130193055566a10d153a20ef7:1136,0.5,1,circular,diffusive,edge,False,57.62056350708008,0.031437875751503,0.031586021505376344,0.031003937007874016,-0.0005820844975023276,0.009277841562716797
1137,5de6c12e02a9e36835018cc3abb08e3288d1688130193055566a10d153a20ef7:1137,0.5,0,elliptical,ballistic,edge,False,80.34783172607422,0.034819639278557114,0.04111111111111111,0.029653284671532845,-0.011457826439578267,0.012432019232141841
1138,5de6c12e02a9e36835018cc3abb08e3288d1688130193055566a10d153a20ef7:1138,0.5,1,elliptical,diffusive,outside,False,81.02062225341797,0.027429859719438877,0.027429859719438877,,,0.007066393062092451
1139,5de6c12e02a9e36835018cc3abb08e3288d1688130193055566a10d153a20ef7:1139,0.5,2,elliptical,diffusive,outside,False,6.199949741363525,0.02379759519038076,0.02379759519038076,,,0.0038726515114579927
1140,5de6c12e02a9e36835018cc3abb08e3288d1688130193055566a10d153a20ef7:1140,0.5,1,elliptical,ballistic,inside,False,53.70128631591797,0.029934869739478957,0.024709302325581394,0.03787878787878788,0.013169485553206486,0.00604195746252121
1141,5de6c12e02a9e36835018cc3abb08e3288d1688130193055566a10d153a20ef7:1141,0.5,0,circular,ballistic,inside,False,81.3668212890625,0.027054108216432865,0.02689873417721519,0.027644230769230768,0.0007454965920155772,0.005511022044088176
1142,5de6c12e02a9e36835018cc3abb08e3288d1688130193055566a10d153a20ef7:1142,0.5,0,circular,ballistic,outside,False,83.53507995605469,0.029433867735470944,0.030045351473922902,0.02478448275862069,-0.005260868715302212,0.007048610352400554
1143,5de6c12e02a9e36835018cc3abb08e3288d1688130193055566a10d153a20ef7:1143,0.5,1,elliptical,diffusive,inside,False,75.58500671386719,0.03168837675350701,0.05576923076923077,0.02808179723502304,-0.02768743353420773,0.009610068639888917
1144,5de6c12e02a9e36835018cc3abb08e3288d1688130193055566a10d153a20ef7:1144,0.5,1,circular,ballistic,edge,False,78.06183624267578,0.02868236472945892,0.029320987654320986,0.004807692307692308,-0.024513295346628678,0.004507278110081809
1145,5de6c12e02a9e36835018cc3abb08e3288d1688130193055566a10d153a20ef7:1145,0.5,2,circular,diffusive,inside,False,38.84642028808594,0.03006012024048096,0.02635542168674699,0.03190690690690691,0.00555148522015992,0.009101153369030536
1146,5de6c12e02a9e36835018cc3abb08e3288d1688130193055566a10d153a20ef7:1146,0.5,0,elliptical,diffusive,inside,False,83.8211669921875,0.02442384769539078,0.02438340807174888,0.024764150943396228,0.00038074287164734794,0.0036451984496130374
1147,5de6c12e02a9e36835018cc3abb08e3288d1688130193055566a10d153a20ef7:1147,0.5,2,elliptical,ballistic,inside,False,21.73017120361328,0.029934869739478957,0.029934869739478957,,,0.0086694701806975
1148,5de6c12e02a9e36835018cc3abb08e3288d1688130193055566a10d153a20ef7:1148,0.5,1,circular,diffusive,inside,False,73.39360046386719,0.029183366733466935,0.029183366733466935,,,0.00960353673181742
1149,5de6c12e02a9e36835018cc3abb08e3288d1688130193055566a10d153a20ef7:1149,0.5,1,elliptical,ballistic,edge,False,70.52098083496094,0.026678356713426853,0.033314977973568284,0.021139705882352942,-0.012175272091215342,0.005008454164111274
1150,5de6c12e02a9e36835018cc3abb08e3288d1688130193055566a10d153a20ef7:1150,0.5,0,elliptical,diffusive,edge,False,83.83525085449219,0.02717935871743487,0.02717935871743487,,,0.008069671176274858
1151,5de6c12e02a9e36835018cc3abb08e3288d1688130193055566a10d153a20ef7:1151,0.5,2,elliptical,diffusive,edge,False,11.42572021484375,0.029934869739478957,0.029934869739478957,,,0.00476446057154565
1116,5de6c12e02a9e36835018cc3abb08e3288d1688130193055566a10d153a20ef7:1116,1.0,1,elliptical,diffusive,edge,False,63.65467834472656,0.02733983983983984,0.027609223300970875,0.02715076660988075,-0.00045845669109012555,0.0075197493618004395
1117,5de6c12e02a9e36835018cc3abb08e3288d1688130193055566a10d153a20ef7:1117,1.0,2,elliptical,ballistic,edge,False,48.24069213867188,0.0340965965965966,0.030328418230563002,0.03634185303514377,0.006013434804580768,0.011006566750297108
1118,5de6c12e02a9e36835018cc3abb08e3288d1688130193055566a10d153a20ef7:1118,1.0,2,elliptical,diffusive,inside,False,40.24506759643555,0.032344844844844844,0.03192446043165468,0.03287246049661399,0.0009480000649593132,0.007708916207925243
1119,5de6c12e02a9e36835018cc3abb08e3288d1688130193055566a10d153a20ef7:1119,1.0,1,circular,ballistic,inside,False,64.97311401367188,0.02952952952952953,0.028846153846153848,0.029899691358024692,0.0010535375118708445,0.005847508231004966
1120,5de6c12e02a9e36835018cc3abb08e3288d1688130193055566a10d153a20ef7:1120,1.0,2,circular,ballistic,edge,False,21.171140670776367,0.034597097097097095,0.026991916859122403,0.040415194346289755,0.013423277487167352,0.011206734580555483
1121,5de6c12e02a9e36835018cc3abb08e3288d1688130193055566a10d153a20ef7:1121,1.0,0,elliptical,ballistic,outside,False,83.83285522460938,0.028153153153153154,0.0271875,0.029605263157894735,0.0024177631578947353,0.008920815956722238
1122,5de6c12e02a9e36835018cc3abb08e3288d1688130193055566a10d153a20ef7:1122,1.0,2,circular,diffusive,edge,False,11.052621841430664,0.04235485485485486,0.027684563758389263,0.04859129814550642,0.020906734387117154,0.020713310870142398
1123,5de6c12e02a9e36835018cc3abb08e3288d1688130193055566a10d153a20ef7:1123,1.0,2,circular,ballistic,outside,False,35.422386169433594,0.030655655655655655,0.026843817787418654,0.03392193308550186,0.007078115298083203,0.009541559971619805
1124,5de6c12e02a9e36835018cc3abb08e3288d1688130193055566a10d153a20ef7:1124,1.0,0,elliptical,diffusive,outside,False,83.36864471435547,0.029779779779779778,0.029288702928870293,0.030230326295585412,0.0009416233667151191,0.004878275447852334
1125,5de6c12e02a9e36835018cc3abb08e3288d1688130193055566a10d153a20ef7:1125,1.0,2,elliptical,ballistic,outside,False,8.929971694946289,0.06331331331331332,0.025092364532019705,0.0894814502529511,0.06438908572093138,0.02284416095030319
1126,5de6c12e02a9e36835018cc3abb08e3288d1688130193055566a10d153a20ef7:1126,1.0,0,circular,diffusive,edge,False,83.83525085449219,0.03078078078078078,0.04147196261682243,0.029498318385650223,-0.011973644231172205,0.0077335020722534755
1127,5de6c12e02a9e36835018cc3abb08e3288d1688130193055566a10d153a20ef7:1127,1.0,0,circular,diffusive,inside,False,82.39852905273438,0.033533533533533534,0.03315132605304212,0.034217877094972066,0.0010665510419299445,0.00688074428672048
1128,5de6c12e02a9e36835018cc3abb08e3288d1688130193055566a10d153a20ef7:1128,1.0,0,elliptical,ballistic,inside,False,83.72981262207031,0.03121871871871872,0.031476997578692496,0.031036689419795222,-0.0004403081588972742,0.007944952811570436
1129,5de6c12e02a9e36835018cc3abb08e3288d1688130193055566a10d153a20ef7:1129,1.0,0,circular,diffusive,outside,False,83.527587890625,0.028465965965965966,0.02820576540755467,0.028729838709677418,0.0005240733021227469,0.007115374215169119
1130,5de6c12e02a9e36835018cc3abb08e3288d1688130193055566a10d153a20ef7:1130,1.0,0,circular,ballistic,edge,False,83.76933288574219,0.03178178178178178,0.030637254901960783,0.032174059139784945,0.0015368042378241624,0.008970694859326788
1131,5de6c12e02a9e36835018cc3abb08e3288d1688130193055566a10d153a20ef7:1131,1.0,1,circular,diffusive,outside,False,53.10276794433594,0.028591091091091092,0.028361344537815126,0.02866294349540079,0.0003015989575856637,0.005185904363225856
1132,5de6c12e02a9e36835018cc3abb08e3288d1688130193055566a10d153a20ef7:1132,1.0,1,circular,ballistic,outside,False,76.54863739013672,0.028028028028028028,0.020611702127659573,0.028798342541436463,0.00818664041377689,0.005623674938499556
1133,5de6c12e02a9e36835018cc3abb08e3288d1688130193055566a10d153a20ef7:1133,1.0,2,circular,ballistic,inside,False,26.667251586914062,0.05092592592592592,0.030995934959349592,0.05372431506849315,0.022728380109143558,0.014766355252724074
1134,5de6c12e02a9e36835018cc3abb08e3288d1688130193055566a10d153a20ef7:1134,1.0,2,circular,diffusive,outside,False,11.847994804382324,0.027902902902902902,0.026342147435897436,0.0305,0.004157852564102563,0.006304866209881943
1135,5de6c12e02a9e36835018cc3abb08e3288d1688130193055566a10d153a20ef7:1135,1.0,1,elliptical,ballistic,outside,False,80.98816680908203,0.028966466466466466,0.030539772727272728,0.028110510046367852,-0.0024292626809048756,0.007110972158161165
1136,5de6c12e02a9e36835018cc3abb08e3288d1688130193055566a10d153a20ef7:1136,1.0,1,circular,diffusive,edge,False,57.62056350708008,0.031156156156156155,0.031586021505376344,0.030901116427432217,-0.0006849050779441264,0.006577107908384097
1137,5de6c12e02a9e36835018cc3abb08e3288d1688130193055566a10d153a20ef7:1137,1.0,0,elliptical,ballistic,edge,False,80.34783172607422,0.03121871871871872,0.04111111111111111,0.028343023255813952,-0.01276808785529716,0.01060523093220169
1138,5de6c12e02a9e36835018cc3abb08e3288d1688130193055566a10d153a20ef7:1138,1.0,1,elliptical,diffusive,outside,False,81.02062225341797,0.026463963963963964,0.02702702702702703,0.025760135135135136,-0.0012668918918918928,0.006188003574262213
1139,5de6c12e02a9e36835018cc3abb08e3288d1688130193055566a10d153a20ef7:1139,1.0,2,elliptical,diffusive,outside,False,6.199949741363525,0.029904904904904904,0.022613636363636364,0.03883630289532294,0.016222666531686573,0.007912618495376564
1140,5de6c12e02a9e36835018cc3abb08e3288d1688130193055566a10d153a20ef7:1140,1.0,1,elliptical,ballistic,inside,False,53.70128631591797,0.03178178178178178,0.024709302325581394,0.03483166189111748,0.010122359565536084,0.009598002457840394
1141,5de6c12e02a9e36835018cc3abb08e3288d1688130193055566a10d153a20ef7:1141,1.0,0,circular,ballistic,inside,False,81.3668212890625,0.028591091091091092,0.02689873417721519,0.029697847682119204,0.0027991135049040133,0.007035715801706883
1142,5de6c12e02a9e36835018cc3abb08e3288d1688130193055566a10d153a20ef7:1142,1.0,0,circular,ballistic,outside,False,83.53507995605469,0.03165665665665666,0.030045351473922902,0.03293010752688172,0.0028847560529588166,0.00756877734476307
1143,5de6c12e02a9e36835018cc3abb08e3288d1688130193055566a10d153a20ef7:1143,1.0,1,elliptical,diffusive,inside,False,75.58500671386719,0.03178178178178178,0.05576923076923077,0.03011241970021413,-0.02565681106901664,0.007222657502333239
1144,5de6c12e02a9e36835018cc3abb08e3288d1688130193055566a10d153a20ef7:1144,1.0,1,circular,ballistic,edge,False,78.06183624267578,0.02759009009009009,0.029320987654320986,0.025950292397660817,-0.0033706952566601688,0.004893896222873988
1145,5de6c12e02a9e36835018cc3abb08e3288d1688130193055566a10d153a20ef7:1145,1.0,2,circular,diffusive,inside,False,38.84642028808594,0.03315815815815816,0.02635542168674699,0.03451380552220888,0.008158383835461892,0.009965334488869836
1146,5de6c12e02a9e36835018cc3abb08e3288d1688130193055566a10d153a20ef7:1146,1.0,0,elliptical,diffusive,inside,False,83.8211669921875,0.026714214214214216,0.02438340807174888,0.028594032549728754,0.004210624477979874,0.004865018694248139
1147,5de6c12e02a9e36835018cc3abb08e3288d1688130193055566a10d153a20ef7:1147,1.0,2,elliptical,ballistic,inside,False,21.73017120361328,0.03891391391391391,0.031151729559748428,0.0525137741046832,0.02136204454493477,0.008558960998329673
1148,5de6c12e02a9e36835018cc3abb08e3288d1688130193055566a10d153a20ef7:1148,1.0,1,circular,diffusive,inside,False,73.39360046386719,0.030968468468468468,0.029404761904761906,0.03270042194092827,0.0032956600361663674,0.008728094111776134
1149,5de6c12e02a9e36835018cc3abb08e3288d1688130193055566a10d153a20ef7:1149,1.0,1,elliptical,ballistic,edge,False,70.52098083496094,0.03184434434434434,0.033314977973568284,0.031411917098445596,-0.0019030608751226877,0.006853099790496288
1150,5de6c12e02a9e36835018cc3abb08e3288d1688130193055566a10d153a20ef7:1150,1.0,0,elliptical,diffusive,edge,False,83.83525085449219,0.02759009009009009,0.026479007633587785,0.02881578947368421,0.002336781840096426,0.006096239402744638
1151,5de6c12e02a9e36835018cc3abb08e3288d1688130193055566a10d153a20ef7:1151,1.0,2,elliptical,diffusive,edge,False,11.42572021484375,0.02827827827827828,0.028369565217391306,0.02815448113207547,-0.00021508408531583506,0.004348885684930622
1152,5de6c12e02a9e36835018cc3abb08e3288d1688130193055566a10d153a20ef7:1152,0.25,1,elliptical,ballistic,inside,False,76.90027618408203,0.03112449799196787,0.03112449799196787,,,0.014375322352687101
1153,5de6c12e02a9e36835018cc3abb08e3288d1688130193055566a10d153a20ef7:1153,0.25,1,circular,diffusive,inside,False,69.22660064697266,0.021837349397590362,0.01641949152542373,0.026717557251908396,0.010298065726484666,0.0070594182281251165
1154,5de6c12e02a9e36835018cc3abb08e3288d1688130193055566a10d153a20ef7:1154,0.25,1,elliptical,diffusive,edge,False,75.96832275390625,0.0303714859437751,0.0303714859437751,,,0.010880379920528736
1155,5de6c12e02a9e36835018cc3abb08e3288d1688130193055566a10d153a20ef7:1155,0.25,1,elliptical,diffusive,outside,False,63.383060455322266,0.02635542168674699,0.0234375,0.0525,0.029062499999999998,0.010787333808706978
1156,5de6c12e02a9e36835018cc3abb08e3288d1688130193055566a10d153a20ef7:1156,0.25,2,elliptical,diffusive,inside,False,13.175904273986816,0.03413654618473896,0.030381944444444444,0.0356638418079096,0.005281897363465158,0.011535266358510097
1157,5de6c12e02a9e36835018cc3abb08e3288d1688130193055566a10d153a20ef7:1157,0.25,1,elliptical,diffusive,inside,False,72.63304138183594,0.02108433734939759,0.016346153846153847,0.026260504201680673,0.009914350355526826,0.009471868606482534
1158,5de6c12e02a9e36835018cc3abb08e3288d1688130193055566a10d153a20ef7:1158,0.25,0,elliptical,ballistic,outside,False,83.0395278930664,0.02384538152610442,0.02384538152610442,,,0.005259118182669921
1159,5de6c12e02a9e36835018cc3abb08e3288d1688130193055566a10d153a20ef7:1159,0.25,0,elliptical,diffusive,outside,False,83.83525085449219,0.029116465863453816,0.029116465863453816,,,0.014305026956601413
1160,5de6c12e02a9e36835018cc3abb08e3288d1688130193055566a10d153a20ef7:1160,0.25,0,elliptical,diffusive,edge,False,83.83523559570312,0.028112449799196786,0.028112449799196786,,,0.007309347278394095
1161,5de6c12e02a9e36835018cc3abb08e3288d1688130193055566a10d153a20ef7:1161,0.25,1,circular,ballistic,outside,False,70.89730834960938,0.022590361445783132,0.022590361445783132,,,0.013234363781590429
1162,5de6c12e02a9e36835018cc3abb08e3288d1688130193055566a10d153a20ef7:1162,0.25,0,circular,ballistic,edge,False,83.70242309570312,0.0338855421686747,0.03225806451612903,0.03442513368983957,0.0021670691737105396,0.011898225797682061
1163,5de6c12e02a9e36835018cc3abb08e3288d1688130193055566a10d153a20ef7:1163,0.25,0,circular,ballistic,inside,False,82.18255615234375,0.03162650602409638,0.02587890625,0.03770661157024793,0.011827705320247933,0.012729640896692738
1164,5de6c12e02a9e36835018cc3abb08e3288d1688130193055566a10d153a20ef7:1164,0.25,2,circular,ballistic,inside,False,12.041523933410645,0.02961847389558233,0.02961847389558233,,,0.011697972086075346
1165,5de6c12e02a9e36835018cc3abb08e3288d1688130193055566a10d153a20ef7:1165,0.25,1,elliptical,ballistic,edge,False,79.14898681640625,0.025853413654618473,0.025853413654618473,,,0.01206648126678907
1166,5de6c12e02a9e36835018cc3abb08e3288d1688130193055566a10d153a20ef7:1166,0.25,2,circular,ballistic,outside,False,8.233330726623535,0.03639558232931727,0.03639558232931727,,,0.006841874081545688
1167,5de6c12e02a9e36835018cc3abb08e3288d1688130193055566a10d153a20ef7:1167,0.25,0,elliptical,diffusive,inside,False,81.54691314697266,0.03162650602409638,0.029947916666666668,0.032679738562091505,0.0027318218954248373,0.011436531877404134
1168,5de6c12e02a9e36835018cc3abb08e3288d1688130193055566a10d153a20ef7:1168,0.25,2,elliptical,ballistic,outside,False,20.88804817199707,0.02710843373493976,0.02710843373493976,,,0.006428839595816112
1169,5de6c12e02a9e36835018cc3abb08e3288d1688130193055566a10d153a20ef7:1169,0.25,1,circular,diffusive,edge,False,41.46164321899414,0.030120481927710843,0.030120481927710843,,,0.007646358540024004
1170,5de6c12e02a9e36835018cc3abb08e3288d1688130193055566a10d153a20ef7:1170,0.25,2,circular,diffusive,inside,False,54.12979507446289,0.030873493975903613,0.031119246861924688,0.025,-0.006119246861924686,0.012933406654606678
1171,5de6c12e02a9e36835018cc3abb08e3288d1688130193055566a10d153a20ef7:1171,0.25,2,elliptical,diffusive,edge,False,51.36543655395508,0.033383534136546184,0.03308823529411765,0.03345959595959596,0.0003713606654783125,0.011749025841835794
1172,5de6c12e02a9e36835018cc3abb08e3288d1688130193055566a10d153a20ef7:1172,0.25,1,circular,diffusive,outside,False,60.2109603881836,0.02786144578313253,0.02786144578313253,,,0.009961413068767286
1173,5de6c12e02a9e36835018cc3abb08e3288d1688130193055566a10d153a20ef7:1173,0.25,0,circular,diffusive,inside,False,83.83525085449219,0.025853413654618473,0.025853413654618473,,,0.009961413068767284
1174,5de6c12e02a9e36835018cc3abb08e3288d1688130193055566a10d153a20ef7:1174,0.25,0,circular,ballistic,outside,False,83.83477783203125,0.03313253012048193,0.03759765625,0.028409090909090908,-0.009188565340909092,0.005939839139658249
1175,5de6c12e02a9e36835018cc3abb08e3288d1688130193055566a10d153a20ef7:1175,0.25,2,elliptical,ballistic,inside,False,4.797009944915772,0.033634538152610444,0.03377016129032258,0.0,-0.03377016129032258,0.015739372898183616
1176,5de6c12e02a9e36835018cc3abb08e3288d1688130193055566a10d153a20ef7:1176,0.25,2,circular,diffusive,outside,False,8.928360939025879,0.029869477911646587,0.025705645161290324,0.034,0.008294354838709678,0.00866236642908504
1177,5de6c12e02a9e36835018cc3abb08e3288d1688130193055566a10d153a20ef7:1177,0.25,0,circular,diffusive,edge,False,83.83525085449219,0.033383534136546184,0.04076086956521739,0.030555555555555555,-0.010205314009661837,0.010995580378418428
1178,5de6c12e02a9e36835018cc3abb08e3288d1688130193055566a10d153a20ef7:1178,0.25,2,elliptical,diffusive,outside,False,83.83525085449219,0.02108433734939759,0.02108433734939759,,,0.005406791975034643
1179,5de6c12e02a9e36835018cc3abb08e3288d1688130193055566a10d153a20ef7:1179,0.25,1,elliptical,ballistic,outside,False,58.12432098388672,0.03187751004016064,0.03346994535519126,0.027462121212121212,-0.006007824143070047,0.011422751258014813
1180,5de6c12e02a9e36835018cc3abb08e3288d1688130193055566a10d153a20ef7:1180,0.25,0,elliptical,ballistic,edge,False,82.63455963134766,0.024096385542168676,0.024096385542168676,,,0.008578317013371015
1181,5de6c12e02a9e36835018cc3abb08e3288d1688130193055566a10d153a20ef7:1181,0.25,2,circular,ballistic,edge,False,18.339439392089844,0.025602409638554216,0.02433206106870229,0.02701271186440678,0.0026806507957044916,0.011303544426905324
1182,5de6c12e02a9e36835018cc3abb08e3288d1688130193055566a10d153a20ef7:1182,0.25,0,elliptical,ballistic,inside,False,82.55156707763672,0.025853413654618473,0.025853413654618473,,,0.009004714414985992
1183,5de6c12e02a9e36835018cc3abb08e3288d1688130193055566a10d153a20ef7:1183,0.25,2,elliptical,ballistic,edge,False,6.687813758850098,0.025100401606425703,0.025100401606425703,,,0.009418505541814115
1184,5de6c12e02a9e36835018cc3abb08e3288d1688130193055566a10d153a20ef7:1184,0.25,0,circular,diffusive,outside,False,82.20281219482422,0.029367469879518073,0.029367469879518073,,,0.009626912103797746
1185,5de6c12e02a9e36835018cc3abb08e3288d1688130193055566a10d153a20ef7:1185,0.25,2,circular,diffusive,edge,False,5.625660419464111,0.033634538152610444,0.033634538152610444,,,0.009077882188767632
1186,5de6c12e02a9e36835018cc3abb08e3288d1688130193055566a10d153a20ef7:1186,0.25,1,circular,ballistic,inside,False,56.838497161865234,0.027610441767068273,0.027610441767068273,,,0.01116897362514407
1187,5de6c12e02a9e36835018cc3abb08e3288d1688130193055566a10d153a20ef7:1187,0.25,1,circular,ballistic,edge,False,75.1875,0.019829317269076305,0.01910828025477707,0.021059782608695652,0.0019515023539185827,0.015729362483828613
1152,5de6c12e02a9e36835018cc3abb08e3288d1688130193055566a10d153a20ef7:1152,0.5,1,elliptical,ballistic,inside,False,76.90027618408203,0.033066132264529056,0.033066132264529056,,,0.009197174223790492
1153,5de6c12e02a9e36835018cc3abb08e3288d1688130193055566a10d153a20ef7:1153,0.5,1,circular,diffusive,inside,False,69.22660064697266,0.02467434869739479,0.01641949152542373,0.027230971128608925,0.010811479603185195,0.0073961454866957035
1154,5de6c12e02a9e36835018cc3abb08e3288d1688130193055566a10d153a20ef7:1154,0.5,1,elliptical,diffusive,edge,False,75.96832275390625,0.03031062124248497,0.03031062124248497,,,0.008058971914902511
1155,5de6c12e02a9e36835018cc3abb08e3288d1688130193055566a10d153a20ef7:1155,0.5,1,elliptical,diffusive,outside,False,63.383060455322266,0.023922845691382765,0.0234375,0.02431818181818182,0.0008806818181818186,0.006748433764040177
1156,5de6c12e02a9e36835018cc3abb08e3288d1688130193055566a10d153a20ef7:1156,0.5,2,elliptical,diffusive,inside,False,13.175904273986816,0.04784569138276553,0.030381944444444444,0.0507903981264637,0.020408453682019257,0.021939941171991488
1157,5de6c12e02a9e36835018cc3abb08e3288d1688130193055566a10d153a20ef7:1157,0.5,1,elliptical,diffusive,inside,False,72.63304138183594,0.031312625250501,0.016346153846153847,0.036585365853658534,0.020239212007504687,0.007708758794303164
1158,5de6c12e02a9e36835018cc3abb08e3288d1688130193055566a10d153a20ef7:1158,0.5,0,elliptical,ballistic,outside,False,83.0395278930664,0.02692885771543086,0.02654494382022472,0.03009259259259259,0.0035476487723678715,0.006540667028630715
1159,5de6c12e02a9e36835018cc3abb08e3288d1688130193055566a10d153a20ef7:1159,0.5,0,elliptical,diffusive,outside,False,83.83525085449219,0.029809619238476952,0.031033487297921478,0.021780303030303032,-0.009253184267618446,0.00894467488544946
1160,5de6c12e02a9e36835018cc3abb08e3288d1688130193055566a10d153a20ef7:1160,0.5,0,elliptical,diffusive,edge,False,83.83523559570312,0.031062124248496994,0.030851063829787233,0.034482758620689655,0.0036316947909024212,0.007414152598671713
1161,5de6c12e02a9e36835018cc3abb08e3288d1688130193055566a10d153a20ef7:1161,0.5,1,circular,ballistic,outside,False,70.89730834960938,0.02655310621242485,0.023643092105263157,0.03108974358974359,0.0074466514844804335,0.009059690040092749
1162,5de6c12e02a9e36835018cc3abb08e3288d1688130193055566a10d153a20ef7:1162,0.5,0,circular,ballistic,edge,False,83.70242309570312,0.030811623246492986,0.03225806451612903,0.03060640732265446,-0.0016516571934745705,0.007255885950881883
1163,5de6c12e02a9e36835018cc3abb08e3288d1688130193055566a10d153a20ef7:1163,0.5,0,circular,ballistic,inside,False,82.18255615234375,0.03206412825651302,0.02587890625,0.03419811320754717,0.00831920695754717,0.010919085529911507
1164,5de6c12e02a9e36835018cc3abb08e3288d1688130193055566a10d153a20ef7:1164,0.5,2,circular,ballistic,inside,False,12.041523933410645,0.03231462925851703,0.02774390243902439,0.05337078651685393,0.02562688407782954,0.012340829595945492
1165,5de6c12e02a9e36835018cc3abb08e3288d1688130193055566a10d153a20ef7:1165,0.5,1,elliptical,ballistic,edge,False,79.14898681640625,0.02555110220440882,0.02555110220440882,,,0.006814363982332386
1166,5de6c12e02a9e36835018cc3abb08e3288d1688130193055566a10d153a20ef7:1166,0.5,2,circular,ballistic,outside,False,8.233330726623535,0.033316633266533065,0.033316633266533065,,,0.006973652759055638
1167,5de6c12e02a9e36835018cc3abb08e3288d1688130193055566a10d153a20ef7:1167,0.5,0,elliptical,diffusive,inside,False,81.54691314697266,0.030811623246492986,0.029947916666666668,0.031017369727047148,0.0010694530603804799,0.008424434729859839
1168,5de6c12e02a9e36835018cc3abb08e3288d1688130193055566a10d153a20ef7:1168,0.5,2,elliptical,ballistic,outside,False,20.88804817199707,0.02755511022044088,0.02602827763496144,0.03295454545454545,0.006926267819584012,0.004509018036072144
1169,5de6c12e02a9e36835018cc3abb08e3288d1688130193055566a10d153a20ef7:1169,0.5,1,circular,diffusive,edge,False,41.46164321899414,0.03193887775551102,0.03042763157894737,0.0342948717948718,0.0038672402159244286,0.007654640075449661
1170,5de6c12e02a9e36835018cc3abb08e3288d1688130193055566a10d153a20ef7:1170,0.5,2,circular,diffusive,inside,False,54.12979507446289,0.029809619238476952,0.031119246861924688,0.02860576923076923,-0.002513477631155458,0.010091802143528901
1171,5de6c12e02a9e36835018cc3abb08e3288d1688130193055566a10d153a20ef7:1171,0.5,2,elliptical,diffusive,edge,False,51.36543655395508,0.033066132264529056,0.03308823529411765,0.03306361607142857,-2.4619222689079012e-05,0.008648635521859753
1172,5de6c12e02a9e36835018cc3abb08e3288d1688130193055566a10d153a20ef7:1172,0.5,1,circular,diffusive,outside,False,60.2109603881836,0.03218937875751503,0.029710144927536233,0.037743506493506496,0.008033361565970263,0.011944853384257008
1173,5de6c12e02a9e36835018cc3abb08e3288d1688130193055566a10d153a20ef7:1173,0.5,0,circular,diffusive,inside,False,83.83525085449219,0.025801603206412827,0.025801603206412827,,,0.008319499952613033
1174,5de6c12e02a9e36835018cc3abb08e3288d1688130193055566a10d153a20ef7:1174,0.5,0,circular,ballistic,outside,False,83.83477783203125,0.03356713426853707,0.03759765625,0.03217654986522911,-0.005421106384770891,0.0059490691818827246
1175,5de6c12e02a9e36835018cc3abb08e3288d1688130193055566a10d153a20ef7:1175,0.5,2,elliptical,ballistic,inside,False,4.797009944915772,0.05999498997995992,0.03377016129032258,0.08590637450199202,0.05213621321166945,0.03353136273308623
1176,5de6c12e02a9e36835018cc3abb08e3288d1688130193055566a10d153a20ef7:1176,0.5,2,circular,diffusive,outside,False,8.928360939025879,0.030435871743486973,0.025705645161290324,0.032,0.006294354838709677,0.008848573377344722
1177,5de6c12e02a9e36835018cc3abb08e3288d1688130193055566a10d153a20ef7:1177,0.5,0,circular,diffusive,edge,False,83.83525085449219,0.028056112224448898,0.04076086956521739,0.026017441860465115,-0.014743427704752277,0.008502285946130832
1178,5de6c12e02a9e36835018cc3abb08e3288d1688130193055566a10d153a20ef7:1178,0.5,2,elliptical,diffusive,outside,False,83.83525085449219,0.02717935871743487,0.025582107843137254,0.034340659340659344,0.00875855149752209,0.007455298692100766
1179,5de6c12e02a9e36835018cc3abb08e3288d1688130193055566a10d153a20ef7:1179,0.5,1,elliptical,ballistic,outside,False,58.12432098388672,0.029809619238476952,0.03346994535519126,0.027689873417721517,-0.005780071937469742,0.009852685590830227
1180,5de6c12e02a9e36835018cc3abb08e3288d1688130193055566a10d153a20ef7:1180,0.5,0,elliptical,ballistic,edge,False,82.63455963134766,0.027930861723446894,0.024957337883959044,0.03216019417475728,0.007202856290798237,0.008552876074738999
1181,5de6c12e02a9e36835018cc3abb08e3288d1688130193055566a10d153a20ef7:1181,0.5,2,circular,ballistic,edge,False,18.339439392089844,0.03381763527054108,0.02433206106870229,0.03719429347826087,0.012862232409558583,0.010904708847534526
1182,5de6c12e02a9e36835018cc3abb08e3288d1688130193055566a10d153a20ef7:1182,0.5,0,elliptical,ballistic,inside,False,82.55156707763672,0.03006012024048096,0.03006012024048096,,,0.006960142279283469
1183,5de6c12e02a9e36835018cc3abb08e3288d1688130193055566a10d153a20ef7:1183,0.5,2,elliptical,ballistic,edge,False,6.687813758850098,0.024924849699398798,0.024924849699398798,,,0.005144427048575363
1184,5de6c12e02a9e36835018cc3abb08e3288d1688130193055566a10d153a20ef7:1184,0.5,0,circular,diffusive,outside,False,82.20281219482422,0.02780561122244489,0.026785714285714284,0.03076171875,0.003976004464285716,0.009248203878744856
1185,5de6c12e02a9e36835018cc3abb08e3288d1688130193055566a10d153a20ef7:1185,0.5,2,circular,diffusive,edge,False,5.625660419464111,0.03344188376753507,0.03344188376753507,,,0.004590050651755686
1186,5de6c12e02a9e36835018cc3abb08e3288d1688130193055566a10d153a20ef7:1186,0.5,1,circular,ballistic,inside,False,56.838497161865234,0.025676352705410823,0.025676352705410823,,,0.005862740349934093
1187,5de6c12e02a9e36835018cc3abb08e3288d1688130193055566a10d153a20ef7:1187,0.5,1,circular,ballistic,edge,False,75.1875,0.028181362725450902,0.01910828025477707,0.03234649122807018,0.01323821097329311,0.009912214180083458
1152,5de6c12e02a9e36835018cc3abb08e3288d1688130193055566a10d153a20ef7:1152,1.0,1,elliptical,ballistic,inside,False,76.90027618408203,0.033533533533533534,0.03286852589641434,0.03420523138832998,0.0013367054919156407,0.006380154546537519
1153,5de6c12e02a9e36835018cc3abb08e3288d1688130193055566a10d153a20ef7:1153,1.0,1,circular,diffusive,inside,False,69.22660064697266,0.02902902902902903,0.01641949152542373,0.030717934165720773,0.014298442640297043,0.006530524700049994
1154,5de6c12e02a9e36835018cc3abb08e3288d1688130193055566a10d153a20ef7:1154,1.0,1,elliptical,diffusive,edge,False,75.96832275390625,0.029904904904904904,0.030602636534839925,0.029113247863247864,-0.001489388671592061,0.006843097554492152
1155,5de6c12e02a9e36835018cc3abb08e3288d1688130193055566a10d153a20ef7:1155,1.0,1,elliptical,diffusive,outside,False,63.383060455322266,0.02708958958958959,0.0234375,0.02814516129032258,0.00470766129032258,0.006726275646698302
1156,5de6c12e02a9e36835018cc3abb08e3288d1688130193055566a10d153a20ef7:1156,1.0,2,elliptical,diffusive,inside,False,13.175904273986816,0.06475225225225226,0.030381944444444444,0.0674217907227616,0.03703984627831715,0.03194975189662457
1157,5de6c12e02a9e36835018cc3abb08e3288d1688130193055566a10d153a20ef7:1157,1.0,1,elliptical,diffusive,inside,False,72.63304138183594,0.031093593593593594,0.016346153846153847,0.03329976985040276,0.016953616004248915,0.006044657391289698
1158,5de6c12e02a9e36835018cc3abb08e3288d1688130193055566a10d153a20ef7:1158,1.0,0,elliptical,ballistic,outside,False,83.0395278930664,0.029341841841841843,0.02654494382022472,0.0315884476534296,0.005043503833204881,0.00740223785130479
1159,5de6c12e02a9e36835018cc3abb08e3288d1688130193055566a10d153a20ef7:1159,1.0,0,elliptical,diffusive,outside,False,83.83525085449219,0.027214714714714715,0.031033487297921478,0.02429328621908127,-0.006740201078840206,0.0066725253402469785
1160,5de6c12e02a9e36835018cc3abb08e3288d1688130193055566a10d153a20ef7:1160,1.0,0,elliptical,diffusive,edge,False,83.83523559570312,0.030467967967967968,0.030851063829787233,0.030127599243856332,-0.0007234645859309011,0.006411670740442465
1161,5de6c12e02a9e36835018cc3abb08e3288d1688130193055566a10d153a20ef7:1161,1.0,1,circular,ballistic,outside,False,70.89730834960938,0.029216716716716717,0.023643092105263157,0.031654676258992806,0.00801158415372965,0.007921270355920135
1162,5de6c12e02a9e36835018cc3abb08e3288d1688130193055566a10d153a20ef7:1162,1.0,0,circular,ballistic,edge,False,83.70242309570312,0.03422172172172172,0.03225806451612903,0.034351654215581645,0.0020935896994526138,0.009040019686921258
1163,5de6c12e02a9e36835018cc3abb08e3288d1688130193055566a10d153a20ef7:1163,1.0,0,circular,ballistic,inside,False,82.18255615234375,0.029404404404404404,0.02587890625,0.029922502870264066,0.004043596620264066,0.00635926214192846
1164,5de6c12e02a9e36835018cc3abb08e3288d1688130193055566a10d153a20ef7:1164,1.0,2,circular,ballistic,inside,False,12.041523933410645,0.06143643643643644,0.02774390243902439,0.08488964346349745,0.05714574102447306,0.02094902526270029
1165,5de6c12e02a9e36835018cc3abb08e3288d1688130193055566a10d153a20ef7:1165,1.0,1,elliptical,ballistic,edge,False,79.14898681640625,0.027715215215215215,0.02556376360808709,0.03160112359550562,0.006037359987418528,0.008231436027304357
1166,5de6c12e02a9e36835018cc3abb08e3288d1688130193055566a10d153a20ef7:1166,1.0,2,circular,ballistic,outside,False,8.233330726623535,0.044231731731731734,0.031026785714285715,0.06107630979498861,0.030049524080702897,0.014375646263796216
1167,5de6c12e02a9e36835018cc3abb08e3288d1688130193055566a10d153a20ef7:1167,1.0,0,elliptical,diffusive,inside,False,81.54691314697266,0.029717217217217217,0.029947916666666668,0.029692691029900332,-0.0002552256367663354,0.005879216747487569
1168,5de6c12e02a9e36835018cc3abb08e3288d1688130193055566a10d153a20ef7:1168,1.0,2,elliptical,ballistic,outside,False,20.88804817199707,0.04598348348348348,0.02602827763496144,0.05870901639344262,0.03268073875848118,0.012382804937993923
1169,5de6c12e02a9e36835018cc3abb08e3288d1688130193055566a10d153a20ef7:1169,1.0,1,circular,diffusive,edge,False,41.46164321899414,0.031093593593593594,0.03042763157894737,0.03138489208633093,0.0009572605073835637,0.006328103467239666
1170,5de6c12e02a9e36835018cc3abb08e3288d1688130193055566a10d153a20ef7:1170,1.0,2,circular,diffusive,inside,False,54.12979507446289,0.03178178178178178,0.031119246861924688,0.03199013157894737,0.0008708847170226797,0.008833514812173569
1171,5de6c12e02a9e36835018cc3abb08e3288d1688130193055566a10d153a20ef7:1171,1.0,2,elliptical,diffusive,edge,False,51.36543655395508,0.031156156156156155,0.03308823529411765,0.031052215189873417,-0.002036020104244231,0.007772879124373049
1172,5de6c12e02a9e36835018cc3abb08e3288d1688130193055566a10d153a20ef7:1172,1.0,1,circular,diffusive,outside,False,60.2109603881836,0.030342842842842842,0.029710144927536233,0.030676605504587156,0.0009664605770509233,0.008280740698292526
1173,5de6c12e02a9e36835018cc3abb08e3288d1688130193055566a10d153a20ef7:1173,1.0,0,circular,diffusive,inside,False,83.83525085449219,0.027214714714714715,0.025172117039586918,0.030053827751196173,0.004881710711609255,0.004871450716484174
1174,5de6c12e02a9e36835018cc3abb08e3288d1688130193055566a10d153a20ef7:1174,1.0,0,circular,ballistic,outside,False,83.83477783203125,0.03071821821821822,0.03759765625,0.02970723306544202,-0.00789042318455798,0.006320676839584921
1175,5de6c12e02a9e36835018cc3abb08e3288d1688130193055566a10d153a20ef7:1175,1.0,2,elliptical,ballistic,inside,False,4.797009944915772,0.1138013013013013,0.03377016129032258,0.14022969374167776,0.10645953245135518,0.049892104070936936
1176,5de6c12e02a9e36835018cc3abb08e3288d1688130193055566a10d153a20ef7:1176,1.0,2,circular,diffusive,outside,False,8.928360939025879,0.033783783783783786,0.025705645161290324,0.03492857142857143,0.009222926267281103,0.01270374389038744
1177,5de6c12e02a9e36835018cc3abb08e3288d1688130193055566a10d153a20ef7:1177,1.0,0,circular,diffusive,edge,False,83.83525085449219,0.024774774774774775,0.04076086956521739,0.023588709677419356,-0.017172159887798036,0.007308849783038155
1178,5de6c12e02a9e36835018cc3abb08e3288d1688130193055566a10d153a20ef7:1178,1.0,2,elliptical,diffusive,outside,False,83.83525085449219,0.025713213213213213,0.025582107843137254,0.025803722504230117,0.00022161466109286293,0.005140419745156774
1179,5de6c12e02a9e36835018cc3abb08e3288d1688130193055566a10d153a20ef7:1179,1.0,1,elliptical,ballistic,outside,False,58.12432098388672,0.033596096096096095,0.03346994535519126,0.03362438725490196,0.0001544418997107,0.007759523435604241
1180,5de6c12e02a9e36835018cc3abb08e3288d1688130193055566a10d153a20ef7:1180,1.0,0,elliptical,ballistic,edge,False,82.63455963134766,0.027902902902902902,0.024957337883959044,0.029125354107648726,0.0041680162236896814,0.006865938397557032
1181,5de6c12e02a9e36835018cc3abb08e3288d1688130193055566a10d153a20ef7:1181,1.0,2,circular,ballistic,edge,False,18.339439392089844,0.04854854854854855,0.02433206106870229,0.052203341013824886,0.027871279945122597,0.01685245461194508
1182,5de6c12e02a9e36835018cc3abb08e3288d1688130193055566a10d153a20ef7:1182,1.0,0,elliptical,ballistic,inside,False,82.55156707763672,0.029216716716716717,0.02909683426443203,0.029356060606060608,0.0002592263416285774,0.007389536497239758
1183,5de6c12e02a9e36835018cc3abb08e3288d1688130193055566a10d153a20ef7:1183,1.0,2,elliptical,ballistic,edge,False,6.687813758850098,0.04197947947947948,0.02607421875,0.07033426183844012,0.044260043088440115,0.01514879818456854
1184,5de6c12e02a9e36835018cc3abb08e3288d1688130193055566a10d153a20ef7:1184,1.0,0,circular,diffusive,outside,False,82.20281219482422,0.02633883883883884,0.026785714285714284,0.02607484076433121,-0.0007108735213830729,0.007837818262043496
1185,5de6c12e02a9e36835018cc3abb08e3288d1688130193055566a10d153a20ef7:1185,1.0,2,circular,diffusive,edge,False,5.625660419464111,0.04172922922922923,0.03253968253968254,0.05741869918699187,0.024879016647309328,0.010408537876849316
1186,5de6c12e02a9e36835018cc3abb08e3288d1688130193055566a10d153a20ef7:1186,1.0,1,circular,ballistic,inside,False,56.838497161865234,0.027715215215215215,0.026100187265917604,0.02956989247311828,0.0034697052072006768,0.0054422237855185265
1187,5de6c12e02a9e36835018cc3abb08e3288d1688130193055566a10d153a20ef7:1187,1.0,1,circular,ballistic,edge,False,75.1875,0.029404404404404404,0.01910828025477707,0.03132422802850356,0.012215947773726494,0.008377778892472822
1188,5de6c12e02a9e36835018cc3abb08e3288d1688130193055566a10d153a20ef7:1188,0.25,2,circular,ballistic,outside,False,56.99861907958984,0.035391566265060244,0.035391566265060244,,,0.006804940618336325
1189,5de6c12e02a9e36835018cc3abb08e3288d1688130193055566a10d153a20ef7:1189,0.25,0,elliptical,diffusive,inside,False,82.3673095703125,0.02786144578313253,0.02786144578313253,,,0.009334515051097917
1190,5de6c12e02a9e36835018cc3abb08e3288d1688130193055566a10d153a20ef7:1190,0.25,1,circular,diffusive,inside,False,74.53202819824219,0.030120481927710843,0.030120481927710843,,,0.011622326207620708
1191,5de6c12e02a9e36835018cc3abb08e3288d1688130193055566a10d153a20ef7:1191,0.25,1,circular,diffusive,outside,False,75.00296020507812,0.02635542168674699,0.02635542168674699,,,0.00720079733322342
1192,5de6c12e02a9e36835018cc3abb08e3288d1688130193055566a10d153a20ef7:1192,0.25,0,elliptical,ballistic,edge,False,82.68739318847656,0.029367469879518073,0.03985507246376811,0.025347222222222222,-0.01450785024154589,0.01033393014570226
1193,5de6c12e02a9e36835018cc3abb08e3288d1688130193055566a10d153a20ef7:1193,0.25,2,elliptical,diffusive,outside,False,53.12372970581055,0.030120481927710843,0.029079861111111112,0.03154761904761905,0.0024677579365079347,0.01217304784435958
1194,5de6c12e02a9e36835018cc3abb08e3288d1688130193055566a10d153a20ef7:1194,0.25,0,circular,ballistic,inside,False,82.99420928955078,0.03112449799196787,0.03112449799196787,,,0.011135076813664074
1195,5de6c12e02a9e36835018cc3abb08e3288d1688130193055566a10d153a20ef7:1195,0.25,0,elliptical,diffusive,edge,False,83.83525085449219,0.02710843373493976,0.02710843373493976,,,0.006506767769485804
1196,5de6c12e02a9e36835018cc3abb08e3288d1688130193055566a10d153a20ef7:1196,0.25,1,elliptical,ballistic,edge,False,75.07196044921875,0.024347389558232933,0.025423728813559324,0.004807692307692308,-0.020616036505867016,0.007542660241624859
1197,5de6c12e02a9e36835018cc3abb08e3288d1688130193055566a10d153a20ef7:1197,0.25,1,circular,diffusive,edge,False,69.66246795654297,0.029367469879518073,0.029367469879518073,,,0.007773023377109448
1198,5de6c12e02a9e36835018cc3abb08e3288d1688130193055566a10d153a20ef7:1198,0.25,1,circular,ballistic,inside,False,65.53162384033203,0.028363453815261043,0.02564102564102564,0.030776515151515152,0.005135489510489512,0.008305919732818422
1199,5de6c12e02a9e36835018cc3abb08e3288d1688130193055566a10d153a20ef7:1199,0.25,2,elliptical,diffusive,edge,False,3.7452809810638423,0.026857429718875503,0.026857429718875503,,,0.013049795112003975
1200,5de6c12e02a9e36835018cc3abb08e3288d1688130193055566a10d153a20ef7:1200,0.25,1,elliptical,ballistic,outside,False,77.4548110961914,0.025853413654618473,0.025914634146341462,0.025823353293413173,-9.128085292828964e-05,0.005539175825982407
1201,5de6c12e02a9e36835018cc3abb08e3288d1688130193055566a10d153a20ef7:1201,0.25,2,circular,ballistic,inside,False,17.29132843017578,0.03313253012048193,0.03313253012048193,,,0.006883187349800245
1202,5de6c12e02a9e36835018cc3abb08e3288d1688130193055566a10d153a20ef7:1202,0.25,1,circular,ballistic,outside,False,81.23284149169922,0.0373995983935743,0.0373995983935743,,,0.010235917923746828
1203,5de6c12e02a9e36835018cc3abb08e3288d1688130193055566a10d153a20ef7:1203,0.25,0,elliptical,ballistic,outside,False,83.57965850830078,0.03589357429718876,0.041015625,0.032679738562091505,-0.008335886437908495,0.014107676201201201
1204,5de6c12e02a9e36835018cc3abb08e3288d1688130193055566a10d153a20ef7:1204,0.25,2,elliptical,ballistic,edge,False,15.455130577087402,0.02961847389558233,0.02961847389558233,,,0.013081138775898978
1205,5de6c12e02a9e36835018cc3abb08e3288d1688130193055566a10d153a20ef7:1205,0.25,0,elliptical,ballistic,inside,False,82.98139190673828,0.035140562248995984,0.035140562248995984,,,0.01170873874466928
1206,5de6c12e02a9e36835018cc3abb08e3288d1688130193055566a10d153a20ef7:1206,0.25,2,elliptical,ballistic,inside,False,40.50736618041992,0.030120481927710843,0.030120481927710843,,,0.01423438441642352
1207,5de6c12e02a9e36835018cc3abb08e3288d1688130193055566a10d153a20ef7:1207,0.25,2,elliptical,diffusive,inside,False,10.299948692321776,0.026857429718875503,0.026857429718875503,,,0.009253166963437129
1208,5de6c12e02a9e36835018cc3abb08e3288d1688130193055566a10d153a20ef7:1208,0.25,0,elliptical,diffusive,outside,False,83.83525085449219,0.025853413654618473,0.025853413654618473,,,0.011378541121127649
1209,5de6c12e02a9e36835018cc3abb08e3288d1688130193055566a10d153a20ef7:1209,0.25,2,circular,diffusive,edge,False,5.054805278778076,0.03137550200803213,0.03137550200803213,,,0.006265052195958176
1210,5de6c12e02a9e36835018cc3abb08e3288d1688130193055566a10d153a20ef7:1210,0.25,1,elliptical,ballistic,inside,False,63.32170104980469,0.033634538152610444,0.033634538152610444,,,0.008795891299164273
1211,5de6c12e02a9e36835018cc3abb08e3288d1688130193055566a10d153a20ef7:1211,0.25,1,elliptical,diffusive,inside,False,64.93473815917969,0.030622489959839357,0.030622489959839357,,,0.009511694438502218
1212,5de6c12e02a9e36835018cc3abb08e3288d1688130193055566a10d153a20ef7:1212,0.25,2,circular,diffusive,inside,False,43.02507019042969,0.03614457831325301,0.03614457831325301,,,0.007170108863998844
1213,5de6c12e02a9e36835018cc3abb08e3288d1688130193055566a10d153a20ef7:1213,0.25,0,circular,diffusive,inside,False,80.8260269165039,0.02535140562248996,0.027,0.023689516129032258,-0.003310483870967742,0.007095027121035428
1214,5de6c12e02a9e36835018cc3abb08e3288d1688130193055566a10d153a20ef7:1214,0.25,1,elliptical,diffusive,outside,False,64.44232940673828,0.02284136546184739,0.02284136546184739,,,0.007773023377109449
1215,5de6c12e02a9e36835018cc3abb08e3288d1688130193055566a10d153a20ef7:1215,0.25,2,circular,ballistic,edge,False,4.771597385406494,0.02786144578313253,0.02786144578313253,,,0.00975692355701647
1216,5de6c12e02a9e36835018cc3abb08e3288d1688130193055566a10d153a20ef7:1216,0.25,1,elliptical,diffusive,edge,False,82.89212799072266,0.02359437751004016,0.02359437751004016,,,0.012926097579903347
1217,5de6c12e02a9e36835018cc3abb08e3288d1688130193055566a10d153a20ef7:1217,0.25,1,circular,ballistic,edge,False,75.2588119506836,0.029116465863453816,0.04137323943661972,0.02422752808988764,-0.017145711346732078,0.008032128514056226
1218,5de6c12e02a9e36835018cc3abb08e3288d1688130193055566a10d153a20ef7:1218,0.25,2,circular,diffusive,outside,False,15.805624008178713,0.03137550200803213,0.03137550200803213,,,0.008920359258994408
1219,5de6c12e02a9e36835018cc3abb08e3288d1688130193055566a10d153a20ef7:1219,0.25,0,circular,diffusive,edge,False,83.12178039550781,0.03463855421686747,0.03463855421686747,,,0.015350285995402266
1220,5de6c12e02a9e36835018cc3abb08e3288d1688130193055566a10d153a20ef7:1220,0.25,0,circular,diffusive,outside,False,81.85761260986328,0.03288152610441767,0.03288152610441767,,,0.011444792284315258
1221,5de6c12e02a9e36835018cc3abb08e3288d1688130193055566a10d153a20ef7:1221,0.25,2,elliptical,ballistic,outside,False,13.687163352966309,0.02786144578313253,0.02786144578313253,,,0.015041403882107063
1222,5de6c12e02a9e36835018cc3abb08e3288d1688130193055566a10d153a20ef7:1222,0.25,0,circular,ballistic,outside,False,82.0060806274414,0.030873493975903613,0.027083333333333334,0.0330188679245283,0.005935534591194967,0.00511334055910225
1223,5de6c12e02a9e36835018cc3abb08e3288d1688130193055566a10d153a20ef7:1223,0.25,0,circular,ballistic,edge,False,83.23966979980469,0.03313253012048193,0.03313253012048193,,,0.011751706737670307
1188,5de6c12e02a9e36835018cc3abb08e3288d1688130193055566a10d153a20ef7:1188,0.5,2,circular,ballistic,outside,False,56.99861907958984,0.028056112224448898,0.032852564102564104,0.020053475935828877,-0.012799088166735226,0.004752922334922415
1189,5de6c12e02a9e36835018cc3abb08e3288d1688130193055566a10d153a20ef7:1189,0.5,0,elliptical,diffusive,inside,False,82.3673095703125,0.027930861723446894,0.027930861723446894,,,0.007522332791130661
1190,5de6c12e02a9e36835018cc3abb08e3288d1688130193055566a10d153a20ef7:1190,0.5,1,circular,diffusive,inside,False,74.53202819824219,0.027429859719438877,0.027678571428571427,0.02610759493670886,-0.0015709764918625663,0.00874872732219455
1191,5de6c12e02a9e36835018cc3abb08e3288d1688130193055566a10d153a20ef7:1191,0.5,1,circular,diffusive,outside,False,75.00296020507812,0.02692885771543086,0.02692885771543086,,,0.004868685301998199
1192,5de6c12e02a9e36835018cc3abb08e3288d1688130193055566a10d153a20ef7:1192,0.5,0,elliptical,ballistic,edge,False,82.68739318847656,0.028056112224448898,0.03985507246376811,0.02616279069767442,-0.013692281766093693,0.008821050531893292
1193,5de6c12e02a9e36835018cc3abb08e3288d1688130193055566a10d153a20ef7:1193,0.5,2,elliptical,diffusive,outside,False,53.12372970581055,0.028181362725450902,0.029079861111111112,0.027816901408450705,-0.0012629597026604066,0.01005052352069623
1194,5de6c12e02a9e36835018cc3abb08e3288d1688130193055566a10d153a20ef7:1194,0.5,0,circular,ballistic,inside,False,82.99420928955078,0.028932865731462927,0.030885214007782102,0.026859504132231406,-0.004025709875550697,0.010727030879474096
1195,5de6c12e02a9e36835018cc3abb08e3288d1688130193055566a10d153a20ef7:1195,0.5,0,elliptical,diffusive,edge,False,83.83525085449219,0.026052104208416832,0.026286353467561523,0.02403846153846154,-0.002247891929099983,0.004070159521360701
1196,5de6c12e02a9e36835018cc3abb08e3288d1688130193055566a10d153a20ef7:1196,0.5,1,elliptical,ballistic,edge,False,75.07196044921875,0.02467434869739479,0.025423728813559324,0.02400190114068441,-0.0014218276728749125,0.0026950694878945408
1197,5de6c12e02a9e36835018cc3abb08e3288d1688130193055566a10d153a20ef7:1197,0.5,1,circular,diffusive,edge,False,69.66246795654297,0.026052104208416832,0.02937697160883281,0.020260989010989012,-0.009115982597843797,0.003912950739432192
1198,5de6c12e02a9e36835018cc3abb08e3288d1688130193055566a10d153a20ef7:1198,0.5,1,circular,ballistic,inside,False,65.53162384033203,0.03093687374749499,0.02564102564102564,0.03255890052356021,0.006917874882534571,0.008508741394929254
1199,5de6c12e02a9e36835018cc3abb08e3288d1688130193055566a10d153a20ef7:1199,0.5,2,elliptical,diffusive,edge,False,3.7452809810638423,0.02968436873747495,0.029605263157894735,0.030523255813953487,0.0009179926560587519,0.010388243632136253
1200,5de6c12e02a9e36835018cc3abb08e3288d1688130193055566a10d153a20ef7:1200,0.5,1,elliptical,ballistic,outside,False,77.4548110961914,0.02930861723446894,0.025914634146341462,0.02997601918465228,0.004061385038310817,0.004360444685753809
1201,5de6c12e02a9e36835018cc3abb08e3288d1688130193055566a10d153a20ef7:1201,0.5,2,circular,ballistic,inside,False,17.29132843017578,0.03344188376753507,0.03145032051282051,0.03676470588235294,0.00531438536953243,0.007362130265373545
1202,5de6c12e02a9e36835018cc3abb08e3288d1688130193055566a10d153a20ef7:1202,0.5,1,circular,ballistic,outside,False,81.23284149169922,0.03031062124248497,0.03772727272727273,0.021205357142857144,-0.016521915584415584,0.0077250220165878125
1203,5de6c12e02a9e36835018cc3abb08e3288d1688130193055566a10d153a20ef7:1203,0.5,0,elliptical,ballistic,outside,False,83.57965850830078,0.029809619238476952,0.041015625,0.027140198511166252,-0.013875426488833748,0.008274120523503879
1204,5de6c12e02a9e36835018cc3abb08e3288d1688130193055566a10d153a20ef7:1204,0.5,2,elliptical,ballistic,edge,False,15.455130577087402,0.029934869739478957,0.02891566265060241,0.034970238095238096,0.0060545754446356854,0.010808617513138817
1205,5de6c12e02a9e36835018cc3abb08e3288d1688130193055566a10d153a20ef7:1205,0.5,0,elliptical,ballistic,inside,False,82.98139190673828,0.03281563126252505,0.03281563126252505,,,0.008986668895116281
1206,5de6c12e02a9e36835018cc3abb08e3288d1688130193055566a10d153a20ef7:1206,0.5,2,elliptical,ballistic,inside,False,40.50736618041992,0.031312625250501,0.031312625250501,,,0.010016908328222548
1207,5de6c12e02a9e36835018cc3abb08e3288d1688130193055566a10d153a20ef7:1207,0.5,2,elliptical,diffusive,inside,False,10.299948692321776,0.029559118236472944,0.028453947368421054,0.03308823529411765,0.004634287925696593,0.010291903098283635
1208,5de6c12e02a9e36835018cc3abb08e3288d1688130193055566a10d153a20ef7:1208,0.5,0,elliptical,diffusive,outside,False,83.83525085449219,0.029809619238476952,0.02904501216545012,0.033380681818181816,0.004335669652731695,0.008304401029183756
1209,5de6c12e02a9e36835018cc3abb08e3288d1688130193055566a10d153a20ef7:1209,0.5,2,circular,diffusive,edge,False,5.054805278778076,0.030561122244488977,0.029411764705882353,0.03238341968911917,0.0029716549832368155,0.007260208790676072
1210,5de6c12e02a9e36835018cc3abb08e3288d1688130193055566a10d153a20ef7:1210,0.5,1,elliptical,ballistic,inside,False,63.32170104980469,0.032690380761523044,0.03390221402214022,0.03125,-0.00265221402214022,0.008108458571963684
1211,5de6c12e02a9e36835018cc3abb08e3288d1688130193055566a10d153a20ef7:1211,0.5,1,elliptical,diffusive,inside,False,64.93473815917969,0.02968436873747495,0.02968436873747495,,,0.006531066044330507
1212,5de6c12e02a9e36835018cc3abb08e3288d1688130193055566a10d153a20ef7:1212,0.5,2,circular,diffusive,inside,False,43.02507019042969,0.03006012024048096,0.03006012024048096,,,0.006740292608754365
1213,5de6c12e02a9e36835018cc3abb08e3288d1688130193055566a10d153a20ef7:1213,0.5,0,circular,diffusive,inside,False,80.8260269165039,0.02692885771543086,0.027,0.026905080213903743,-9.49197860962564e-05,0.0063853191866387205
1214,5de6c12e02a9e36835018cc3abb08e3288d1688130193055566a10d153a20ef7:1214,0.5,1,elliptical,diffusive,outside,False,64.44232940673828,0.024298597194388778,0.022231543624161073,0.02736318407960199,0.005131640455440917,0.007392963208103059
1215,5de6c12e02a9e36835018cc3abb08e3288d1688130193055566a10d153a20ef7:1215,0.5,2,circular,ballistic,edge,False,4.771597385406494,0.02843186372745491,0.02843186372745491,,,0.00629625186751343
1216,5de6c12e02a9e36835018cc3abb08e3288d1688130193055566a10d153a20ef7:1216,0.5,1,elliptical,diffusive,edge,False,82.89212799072266,0.023922845691382765,0.02264808362369338,0.02564858490566038,0.0030005012819669975,0.010808617513138816
1217,5de6c12e02a9e36835018cc3abb08e3288d1688130193055566a10d153a20ef7:1217,0.5,1,circular,ballistic,edge,False,75.2588119506836,0.03231462925851703,0.04137323943661972,0.03081191588785047,-0.01056132354876925,0.007659761949609546
1218,5de6c12e02a9e36835018cc3abb08e3288d1688130193055566a10d153a20ef7:1218,0.5,2,circular,diffusive,outside,False,15.805624008178713,0.03231462925851703,0.0313573883161512,0.03365384615384615,0.00229645783769495,0.0075773965241754376
1219,5de6c12e02a9e36835018cc3abb08e3288d1688130193055566a10d153a20ef7:1219,0.5,0,circular,diffusive,edge,False,83.12178039550781,0.033316633266533065,0.03447732997481108,0.028799019607843136,-0.0056783103669679445,0.013506162892493559
1220,5de6c12e02a9e36835018cc3abb08e3288d1688130193055566a10d153a20ef7:1220,0.5,0,circular,diffusive,outside,False,81.85761260986328,0.02930861723446894,0.033281733746130034,0.022017045454545456,-0.011264688291584578,0.00958145866678621
1221,5de6c12e02a9e36835018cc3abb08e3288d1688130193055566a10d153a20ef7:1221,0.5,2,elliptical,ballistic,outside,False,13.687163352966309,0.030435871743486973,0.030435871743486973,,,0.013197742226529207
1222,5de6c12e02a9e36835018cc3abb08e3288d1688130193055566a10d153a20ef7:1222,0.5,0,circular,ballistic,outside,False,82.0060806274414,0.028056112224448898,0.027083333333333334,0.028270171149144253,0.0011868378158109184,0.004591759213382604
1223,5de6c12e02a9e36835018cc3abb08e3288d1688130193055566a10d153a20ef7:1223,0.5,0,circular,ballistic,edge,False,83.23966979980469,0.03582164328657315,0.03296232876712329,0.03985507246376811,0.006892743696644825,0.011333613252368356
1188,5de6c12e02a9e36835018cc3abb08e3288d1688130193055566a10d153a20ef7:1188,1.0,2,circular,ballistic,outside,False,56.99861907958984,0.029216716716716717,0.032852564102564104,0.027565502183406112,-0.005287061919157992,0.004858578156995475
1189,5de6c12e02a9e36835018cc3abb08e3288d1688130193055566a10d153a20ef7:1189,1.0,0,elliptical,diffusive,inside,False,82.3673095703125,0.027527527527527528,0.028762975778546713,0.025831353919239904,-0.0029316218593068086,0.007385562844531385
1190,5de6c12e02a9e36835018cc3abb08e3288d1688130193055566a10d153a20ef7:1190,1.0,1,circular,diffusive,inside,False,74.53202819824219,0.028403403403403405,0.027678571428571427,0.028929188255613126,0.0012506168270416985,0.007904699935979522
1191,5de6c12e02a9e36835018cc3abb08e3288d1688130193055566a10d153a20ef7:1191,1.0,1,circular,diffusive,outside,False,75.00296020507812,0.029404404404404404,0.0272902397260274,0.03237951807228916,0.005089278346261758,0.006133684173561633
1192,5de6c12e02a9e36835018cc3abb08e3288d1688130193055566a10d153a20ef7:1192,1.0,0,elliptical,ballistic,edge,False,82.68739318847656,0.029466966966966966,0.03985507246376811,0.028696236559139787,-0.011158835904628326,0.007823823039390426
1193,5de6c12e02a9e36835018cc3abb08e3288d1688130193055566a10d153a20ef7:1193,1.0,2,elliptical,diffusive,outside,False,53.12372970581055,0.03053053053053053,0.029079861111111112,0.03077485380116959,0.0016949926900584784,0.008303633645163693
1194,5de6c12e02a9e36835018cc3abb08e3288d1688130193055566a10d153a20ef7:1194,1.0,0,circular,ballistic,inside,False,82.99420928955078,0.029154154154154153,0.030885214007782102,0.02855458221024259,-0.0023306317975395133,0.0057815390651390994
1195,5de6c12e02a9e36835018cc3abb08e3288d1688130193055566a10d153a20ef7:1195,1.0,0,elliptical,diffusive,edge,False,83.83525085449219,0.029654654654654656,0.026286353467561523,0.03238224637681159,0.00609589290925007,0.004318176658342692
1196,5de6c12e02a9e36835018cc3abb08e3288d1688130193055566a10d153a20ef7:1196,1.0,1,elliptical,ballistic,edge,False,75.07196044921875,0.02902902902902903,0.025423728813559324,0.03014416775884666,0.004720438945287335,0.0064387789440783815
1197,5de6c12e02a9e36835018cc3abb08e3288d1688130193055566a10d153a20ef7:1197,1.0,1,circular,diffusive,edge,False,69.66246795654297,0.02715215215215215,0.02937697160883281,0.026118035190615837,-0.003258936418216972,0.004739914145364317
1198,5de6c12e02a9e36835018cc3abb08e3288d1688130193055566a10d153a20ef7:1198,1.0,1,circular,ballistic,inside,False,65.53162384033203,0.03196946946946947,0.02564102564102564,0.03280895691609977,0.0071679312750741325,0.008820877604044245
1199,5de6c12e02a9e36835018cc3abb08e3288d1688130193055566a10d153a20ef7:1199,1.0,2,elliptical,diffusive,edge,False,3.7452809810638423,0.051426426426426426,0.029605263157894735,0.06975138121546962,0.040146118057574884,0.03818243987136425
1200,5de6c12e02a9e36835018cc3abb08e3288d1688130193055566a10d153a20ef7:1200,1.0,1,elliptical,ballistic,outside,False,77.4548110961914,0.02909159159159159,0.025914634146341462,0.02937568157033806,0.0034610474239965966,0.003698606419884247
1201,5de6c12e02a9e36835018cc3abb08e3288d1688130193055566a10d153a20ef7:1201,1.0,2,circular,ballistic,inside,False,17.29132843017578,0.05023773773773774,0.03145032051282051,0.05877001455604076,0.027319694043220245,0.014964750493104938
1202,5de6c12e02a9e36835018cc3abb08e3288d1688130193055566a10d153a20ef7:1202,1.0,1,circular,ballistic,outside,False,81.23284149169922,0.028903903903903905,0.03772727272727273,0.025552486187845305,-0.012174786539427423,0.00622489637829467
1203,5de6c12e02a9e36835018cc3abb08e3288d1688130193055566a10d153a20ef7:1203,1.0,0,elliptical,ballistic,outside,False,83.57965850830078,0.03028028028028028,0.041015625,0.029138981173864896,-0.011876643826135104,0.007741595744873884
1204,5de6c12e02a9e36835018cc3abb08e3288d1688130193055566a10d153a20ef7:1204,1.0,2,elliptical,ballistic,edge,False,15.455130577087402,0.04079079079079079,0.02891566265060241,0.04922945205479452,0.020313789404192113,0.012823951927246204
1205,5de6c12e02a9e36835018cc3abb08e3288d1688130193055566a10d153a20ef7:1205,1.0,0,elliptical,ballistic,inside,False,82.98139190673828,0.031343843843843845,0.03216911764705882,0.030357142857142857,-0.0018119747899159634,0.007325699408778914
1206,5de6c12e02a9e36835018cc3abb08e3288d1688130193055566a10d153a20ef7:1206,1.0,2,elliptical,ballistic,inside,False,40.50736618041992,0.03403403403403404,0.030977312390924956,0.03814553990610329,0.007168227515178333,0.009459989074792691
1207,5de6c12e02a9e36835018cc3abb08e3288d1688130193055566a10d153a20ef7:1207,1.0,2,elliptical,diffusive,inside,False,10.299948692321776,0.0386011011011011,0.028453947368421054,0.04483037156704362,0.016376424198622567,0.015643017837364794
1208,5de6c12e02a9e36835018cc3abb08e3288d1688130193055566a10d153a20ef7:1208,1.0,0,elliptical,diffusive,outside,False,83.83525085449219,0.029154154154154153,0.02904501216545012,0.02923044217687075,0.00018543001142062865,0.007564639139235155
1209,5de6c12e02a9e36835018cc3abb08e3288d1688130193055566a10d153a20ef7:1209,1.0,2,circular,diffusive,edge,False,5.054805278778076,0.04373123123123123,0.029411764705882353,0.05005411255411255,0.0206423478482302,0.03017559139131021
1210,5de6c12e02a9e36835018cc3abb08e3288d1688130193055566a10d153a20ef7:1210,1.0,1,elliptical,ballistic,inside,False,63.32170104980469,0.032407407407407406,0.03390221402214022,0.031850961538461536,-0.002051252483678684,0.007493940026120642
1211,5de6c12e02a9e36835018cc3abb08e3288d1688130193055566a10d153a20ef7:1211,1.0,1,elliptical,diffusive,inside,False,64.93473815917969,0.030905905905905907,0.029253194888178912,0.03367962466487936,0.004426429776700446,0.008496539600282764
1212,5de6c12e02a9e36835018cc3abb08e3288d1688130193055566a10d153a20ef7:1212,1.0,2,circular,diffusive,inside,False,43.02507019042969,0.03228228228228228,0.03125,0.03374697336561743,0.0024969733656174317,0.0066446036273031805
1213,5de6c12e02a9e36835018cc3abb08e3288d1688130193055566a10d153a20ef7:1213,1.0,0,circular,diffusive,inside,False,80.8260269165039,0.027214714714714715,0.027,0.027245423340961097,0.0002454233409610977,0.005884540317789371
1214,5de6c12e02a9e36835018cc3abb08e3288d1688130193055566a10d153a20ef7:1214,1.0,1,elliptical,diffusive,outside,False,64.44232940673828,0.02702702702702703,0.022231543624161073,0.02906562054208274,0.006834076917921667,0.004587162857813653
1215,5de6c12e02a9e36835018cc3abb08e3288d1688130193055566a10d153a20ef7:1215,1.0,2,circular,ballistic,edge,False,4.771597385406494,0.07807807807807808,0.027884615384615386,0.1325678496868476,0.10468323430223221,0.02389464033459392
1216,5de6c12e02a9e36835018cc3abb08e3288d1688130193055566a10d153a20ef7:1216,1.0,1,elliptical,diffusive,edge,False,82.89212799072266,0.026526526526526525,0.02264808362369338,0.028089887640449437,0.005441804016756056,0.009146980421670203
1217,5de6c12e02a9e36835018cc3abb08e3288d1688130193055566a10d153a20ef7:1217,1.0,1,circular,ballistic,edge,False,75.2588119506836,0.032532532532532535,0.04137323943661972,0.03185614224137931,-0.00951709719524041,0.007051552954757442
1218,5de6c12e02a9e36835018cc3abb08e3288d1688130193055566a10d153a20ef7:1218,1.0,2,circular,diffusive,outside,False,15.805624008178713,0.03853853853853854,0.0313573883161512,0.041490112994350285,0.010132724678199083,0.01495022725850235
1219,5de6c12e02a9e36835018cc3abb08e3288d1688130193055566a10d153a20ef7:1219,1.0,0,circular,diffusive,edge,False,83.12178039550781,0.030342842842842842,0.03447732997481108,0.027616279069767442,-0.006861050905043638,0.008797773467483255
1220,5de6c12e02a9e36835018cc3abb08e3288d1688130193055566a10d153a20ef7:1220,1.0,0,circular,diffusive,outside,False,81.85761260986328,0.02877877877877878,0.033281733746130034,0.026627218934911243,-0.00665451481121879,0.009201589745170288
1221,5de6c12e02a9e36835018cc3abb08e3288d1688130193055566a10d153a20ef7:1221,1.0,2,elliptical,ballistic,outside,False,13.687163352966309,0.034972472472472475,0.03114406779661017,0.04049511002444988,0.00935104222783971,0.009929725275083557
1222,5de6c12e02a9e36835018cc3abb08e3288d1688130193055566a10d153a20ef7:1222,1.0,0,circular,ballistic,outside,False,82.0060806274414,0.02959209209209209,0.027083333333333334,0.02984048404840484,0.0027571507150715054,0.006460323022988026
1223,5de6c12e02a9e36835018cc3abb08e3288d1688130193055566a10d153a20ef7:1223,1.0,0,circular,ballistic,edge,False,83.23966979980469,0.030342842842842842,0.03296232876712329,0.02926096181046676,-0.003701366956656526,0.0080739647245849
1224,5de6c12e02a9e36835018cc3abb08e3288d1688130193055566a10d153a20ef7:1224,0.25,0,elliptical,diffusive,edge,False,83.83525085449219,0.027359437751004016,0.03590425531914894,0.016203703703703703,-0.019700551615445237,0.01043102146344385
1225,5de6c12e02a9e36835018cc3abb08e3288d1688130193055566a10d153a20ef7:1225,0.25,2,elliptical,ballistic,edge,False,20.643497467041016,0.025100401606425703,0.0234375,0.026009316770186336,0.002571816770186336,0.009682380282121442
1226,5de6c12e02a9e36835018cc3abb08e3288d1688130193055566a10d153a20ef7:1226,0.25,2,circular,diffusive,inside,False,3.42110276222229,0.0321285140562249,0.0321285140562249,,,0.010385622924486547
1227,5de6c12e02a9e36835018cc3abb08e3288d1688130193055566a10d153a20ef7:1227,0.25,2,elliptical,diffusive,edge,False,29.757665634155277,0.0286144578313253,0.0286144578313253,,,0.01191145634307698
1228,5de6c12e02a9e36835018cc3abb08e3288d1688130193055566a10d153a20ef7:1228,0.25,2,elliptical,ballistic,inside,False,36.28659439086914,0.02384538152610442,0.02384538152610442,,,0.008183654812701358
1229,5de6c12e02a9e36835018cc3abb08e3288d1688130193055566a10d153a20ef7:1229,0.25,0,circular,ballistic,edge,False,81.4368896484375,0.038403614457831324,0.038403614457831324,,,0.014143358019057037
1230,5de6c12e02a9e36835018cc3abb08e3288d1688130193055566a10d153a20ef7:1230,0.25,1,circular,diffusive,edge,False,83.83525085449219,0.02710843373493976,0.02710843373493976,,,0.009147021665807529
1231,5de6c12e02a9e36835018cc3abb08e3288d1688130193055566a10d153a20ef7:1231,0.25,1,circular,ballistic,inside,False,63.70317077636719,0.02359437751004016,0.02359437751004016,,,0.006864856591956498
1232,5de6c12e02a9e36835018cc3abb08e3288d1688130193055566a10d153a20ef7:1232,0.25,0,elliptical,ballistic,edge,False,83.28097534179688,0.0303714859437751,0.0303714859437751,,,0.009910686256224715
1233,5de6c12e02a9e36835018cc3abb08e3288d1688130193055566a10d153a20ef7:1233,0.25,2,elliptical,diffusive,outside,False,2.8307998180389404,0.033634538152610444,0.03616898148148148,0.017045454545454544,-0.01912352693602694,0.008622271103071118
1234,5de6c12e02a9e36835018cc3abb08e3288d1688130193055566a10d153a20ef7:1234,0.25,1,circular,diffusive,inside,False,83.66157531738281,0.03639558232931727,0.03639558232931727,,,0.011289601477936255
1235,5de6c12e02a9e36835018cc3abb08e3288d1688130193055566a10d153a20ef7:1235,0.25,2,circular,ballistic,edge,False,42.61729049682617,0.02786144578313253,0.02786144578313253,,,0.010211267874903611
1236,5de6c12e02a9e36835018cc3abb08e3288d1688130193055566a10d153a20ef7:1236,0.25,0,elliptical,diffusive,inside,False,77.31509399414062,0.02710843373493976,0.02710843373493976,,,0.010998444929822613
1237,5de6c12e02a9e36835018cc3abb08e3288d1688130193055566a10d153a20ef7:1237,0.25,1,circular,ballistic,outside,False,73.19245910644531,0.023343373493975902,0.02215909090909091,0.024280575539568347,0.0021214846304774375,0.008336205775811052
1238,5de6c12e02a9e36835018cc3abb08e3288d1688130193055566a10d153a20ef7:1238,0.25,2,elliptical,ballistic,outside,False,46.41236114501953,0.027610441767068273,0.027610441767068273,,,0.010986982243092013
1239,5de6c12e02a9e36835018cc3abb08e3288d1688130193055566a10d153a20ef7:1239,0.25,1,circular,diffusive,outside,False,68.24085235595703,0.02961847389558233,0.02961847389558233,,,0.008141202178828742
1240,5de6c12e02a9e36835018cc3abb08e3288d1688130193055566a10d153a20ef7:1240,0.25,1,elliptical,diffusive,inside,False,78.58878326416016,0.0321285140562249,0.0321285140562249,,,0.009939251944389223
1241,5de6c12e02a9e36835018cc3abb08e3288d1688130193055566a10d153a20ef7:1241,0.25,2,circular,diffusive,outside,False,36.12767028808594,0.029116465863453816,0.029116465863453816,,,0.008810205208225022
1242,5de6c12e02a9e36835018cc3abb08e3288d1688130193055566a10d153a20ef7:1242,0.25,2,circular,diffusive,edge,False,36.96163558959961,0.02535140562248996,0.025605726872246697,0.022727272727272728,-0.0028784541449739694,0.007901644698141162
1243,5de6c12e02a9e36835018cc3abb08e3288d1688130193055566a10d153a20ef7:1243,0.25,0,circular,diffusive,inside,False,83.83525085449219,0.022590361445783132,0.02221563981042654,0.024671052631578948,0.002455412821152407,0.008079054688469419
1244,5de6c12e02a9e36835018cc3abb08e3288d1688130193055566a10d153a20ef7:1244,0.25,0,elliptical,ballistic,outside,False,83.28034210205078,0.0338855421686747,0.0338855421686747,,,0.009859698464559415
1245,5de6c12e02a9e36835018cc3abb08e3288d1688130193055566a10d153a20ef7:1245,0.25,0,elliptical,diffusive,outside,False,83.83525085449219,0.03263052208835342,0.03263052208835342,,,0.011697972086075346
1246,5de6c12e02a9e36835018cc3abb08e3288d1688130193055566a10d153a20ef7:1246,0.25,1,circular,ballistic,edge,False,80.64117431640625,0.023092369477911646,0.023092369477911646,,,0.010906406115662867
1247,5de6c12e02a9e36835018cc3abb08e3288d1688130193055566a10d153a20ef7:1247,0.25,0,circular,ballistic,inside,False,80.41285705566406,0.0286144578313253,0.03125,0.027624309392265192,-0.0036256906077348078,0.005476261101724758
1248,5de6c12e02a9e36835018cc3abb08e3288d1688130193055566a10d153a20ef7:1248,0.25,2,elliptical,diffusive,inside,False,5.856224060058594,0.0303714859437751,0.034375,0.023174157303370788,-0.011200842696629215,0.010406833555034077
1249,5de6c12e02a9e36835018cc3abb08e3288d1688130193055566a10d153a20ef7:1249,0.25,0,circular,ballistic,outside,False,83.33989715576172,0.02535140562248996,0.02108433734939759,0.027484939759036143,0.006400602409638554,0.010333930145702261
1250,5de6c12e02a9e36835018cc3abb08e3288d1688130193055566a10d153a20ef7:1250,0.25,2,circular,ballistic,inside,False,26.915395736694336,0.03438755020080321,0.03297244094488189,0.035860655737704916,0.0028882147928230295,0.01069347811452851
1251,5de6c12e02a9e36835018cc3abb08e3288d1688130193055566a10d153a20ef7:1251,0.25,1,elliptical,ballistic,inside,False,76.12882995605469,0.03413654618473896,0.03413654618473896,,,0.01448012560427305
1252,5de6c12e02a9e36835018cc3abb08e3288d1688130193055566a10d153a20ef7:1252,0.25,1,elliptical,ballistic,outside,False,77.27044677734375,0.0286144578313253,0.0286144578313253,,,0.012037729727190562
1253,5de6c12e02a9e36835018cc3abb08e3288d1688130193055566a10d153a20ef7:1253,0.25,0,circular,diffusive,edge,False,83.83525085449219,0.030120481927710843,0.030120481927710843,,,0.010766872785907239
1254,5de6c12e02a9e36835018cc3abb08e3288d1688130193055566a10d153a20ef7:1254,0.25,0,circular,diffusive,outside,False,80.06008911132812,0.016817269076305222,0.017361111111111112,0.016666666666666666,-0.0006944444444444454,0.005848986043037673
1255,5de6c12e02a9e36835018cc3abb08e3288d1688130193055566a10d153a20ef7:1255,0.25,1,elliptical,ballistic,edge,False,80.5379638671875,0.02710843373493976,0.02710843373493976,,,0.004815091890876224
1256,5de6c12e02a9e36835018cc3abb08e3288d1688130193055566a10d153a20ef7:1256,0.25,1,elliptical,diffusive,edge,False,65.452880859375,0.02359437751004016,0.02359437751004016,,,0.00499491685294488
1257,5de6c12e02a9e36835018cc3abb08e3288d1688130193055566a10d153a20ef7:1257,0.25,1,elliptical,diffusive,outside,False,70.06462097167969,0.027610441767068273,0.027610441767068273,,,0.011436531877404135
1258,5de6c12e02a9e36835018cc3abb08e3288d1688130193055566a10d153a20ef7:1258,0.25,0,elliptical,ballistic,inside,False,79.01778411865234,0.030873493975903613,0.030873493975903613,,,0.007305036250429341
1259,5de6c12e02a9e36835018cc3abb08e3288d1688130193055566a10d153a20ef7:1259,0.25,2,circular,ballistic,outside,False,4.976643562316895,0.04141566265060241,0.02598314606741573,0.05,0.02401685393258427,0.015124944673878342
1224,5de6c12e02a9e36835018cc3abb08e3288d1688130193055566a10d153a20ef7:1224,0.5,0,elliptical,diffusive,edge,False,83.83525085449219,0.025676352705410823,0.03590425531914894,0.02164804469273743,-0.014256210626411508,0.00584129449717486
1225,5de6c12e02a9e36835018cc3abb08e3288d1688130193055566a10d153a20ef7:1225,0.5,2,elliptical,ballistic,edge,False,20.643497467041016,0.031312625250501,0.0234375,0.032998783454987836,0.009561283454987836,0.012780461942709518
1226,5de6c12e02a9e36835018cc3abb08e3288d1688130193055566a10d153a20ef7:1226,0.5,2,circular,diffusive,inside,False,3.42110276222229,0.042334669338677355,0.031031468531468532,0.057511737089201875,0.026480268557733343,0.01915472910206003
1227,5de6c12e02a9e36835018cc3abb08e3288d1688130193055566a10d153a20ef7:1227,0.5,2,elliptical,diffusive,edge,False,29.757665634155277,0.028807615230460923,0.028807615230460923,,,0.009409639264024524
1228,5de6c12e02a9e36835018cc3abb08e3288d1688130193055566a10d153a20ef7:1228,0.5,2,elliptical,ballistic,inside,False,36.28659439086914,0.028932865731462927,0.026229016786570743,0.042682926829268296,0.016453910042697553,0.008611370458987523
1229,5de6c12e02a9e36835018cc3abb08e3288d1688130193055566a10d153a20ef7:1229,0.5,0,circular,ballistic,edge,False,81.4368896484375,0.036072144288577156,0.036370798319327734,0.029891304347826088,-0.006479493971501646,0.010930573261158032
1230,5de6c12e02a9e36835018cc3abb08e3288d1688130193055566a10d153a20ef7:1230,0.5,1,circular,diffusive,edge,False,83.83525085449219,0.026803607214428857,0.026803607214428857,,,0.005706806487923106
1231,5de6c12e02a9e36835018cc3abb08e3288d1688130193055566a10d153a20ef7:1231,0.5,1,circular,ballistic,inside,False,63.70317077636719,0.026803607214428857,0.026803607214428857,,,0.008760374974972802
1232,5de6c12e02a9e36835018cc3abb08e3288d1688130193055566a10d153a20ef7:1232,0.5,0,elliptical,ballistic,edge,False,83.28097534179688,0.02868236472945892,0.02868236472945892,,,0.006335991918808486
1233,5de6c12e02a9e36835018cc3abb08e3288d1688130193055566a10d153a20ef7:1233,0.5,2,elliptical,diffusive,outside,False,2.8307998180389404,0.044463927855711426,0.03616898148148148,0.05079505300353357,0.014626071522052086,0.02319232111063836
1234,5de6c12e02a9e36835018cc3abb08e3288d1688130193055566a10d153a20ef7:1234,0.5,1,circular,diffusive,inside,False,83.66157531738281,0.03156312625250501,0.03156312625250501,,,0.008062864198111763
1235,5de6c12e02a9e36835018cc3abb08e3288d1688130193055566a10d153a20ef7:1235,0.5,2,circular,ballistic,edge,False,42.61729049682617,0.02655310621242485,0.02655310621242485,,,0.008031673117175049
1236,5de6c12e02a9e36835018cc3abb08e3288d1688130193055566a10d153a20ef7:1236,0.5,0,elliptical,diffusive,inside,False,77.31509399414062,0.024799599198396794,0.025506756756756756,0.022771317829457363,-0.0027354389272993933,0.005858725232227705
1237,5de6c12e02a9e36835018cc3abb08e3288d1688130193055566a10d153a20ef7:1237,0.5,1,circular,ballistic,outside,False,73.19245910644531,0.030185370741482965,0.02215909090909091,0.03245501285347044,0.010295921944379529,0.008755896942182647
1238,5de6c12e02a9e36835018cc3abb08e3288d1688130193055566a10d153a20ef7:1238,0.5,2,elliptical,ballistic,outside,False,46.41236114501953,0.02592685370741483,0.02592685370741483,,,0.00826937917847899
1239,5de6c12e02a9e36835018cc3abb08e3288d1688130193055566a10d153a20ef7:1239,0.5,1,circular,diffusive,outside,False,68.24085235595703,0.028557114228456915,0.02870563674321503,0.025,-0.0037056367432150294,0.008338335158864348
1240,5de6c12e02a9e36835018cc3abb08e3288d1688130193055566a10d153a20ef7:1240,0.5,1,elliptical,diffusive,inside,False,78.58878326416016,0.03093687374749499,0.029145077720207253,0.03705752212389381,0.007912444403686554,0.008813043928984108
1241,5de6c12e02a9e36835018cc3abb08e3288d1688130193055566a10d153a20ef7:1241,0.5,2,circular,diffusive,outside,False,36.12767028808594,0.02592685370741483,0.02982456140350877,0.020735981308411214,-0.009088580095097557,0.006895606016282968
1242,5de6c12e02a9e36835018cc3abb08e3288d1688130193055566a10d153a20ef7:1242,0.5,2,circular,diffusive,edge,False,36.96163558959961,0.030185370741482965,0.025605726872246697,0.03400735294117647,0.00840162606892977,0.008100715950410887
1243,5de6c12e02a9e36835018cc3abb08e3288d1688130193055566a10d153a20ef7:1243,0.5,0,circular,diffusive,inside,False,83.83525085449219,0.02467434869739479,0.02221563981042654,0.026475694444444444,0.004260054634017903,0.007154643663250362
1244,5de6c12e02a9e36835018cc3abb08e3288d1688130193055566a10d153a20ef7:1244,0.5,0,elliptical,ballistic,outside,False,83.28034210205078,0.032439879759519036,0.03283898305084746,0.030523255813953487,-0.0023157272368939733,0.005926612306774037
1245,5de6c12e02a9e36835018cc3abb08e3288d1688130193055566a10d153a20ef7:1245,0.5,0,elliptical,diffusive,outside,False,83.83525085449219,0.03093687374749499,0.03093687374749499,,,0.009498415325474352
1246,5de6c12e02a9e36835018cc3abb08e3288d1688130193055566a10d153a20ef7:1246,0.5,1,circular,ballistic,edge,False,80.64117431640625,0.02379759519038076,0.02379759519038076,,,0.008483814740418887
1247,5de6c12e02a9e36835018cc3abb08e3288d1688130193055566a10d153a20ef7:1247,0.5,0,circular,ballistic,inside,False,80.41285705566406,0.029559118236472944,0.03125,0.029292343387470998,-0.001957656612529002,0.007937364487853135
1248,5de6c12e02a9e36835018cc3abb08e3288d1688130193055566a10d153a20ef7:1248,0.5,2,elliptical,diffusive,inside,False,5.856224060058594,0.04546593186372745,0.034375,0.050700589970501475,0.016325589970501472,0.025124825919445086
1249,5de6c12e02a9e36835018cc3abb08e3288d1688130193055566a10d153a20ef7:1249,0.5,0,circular,ballistic,outside,False,83.33989715576172,0.02868236472945892,0.02108433734939759,0.030198317307692308,0.009113979958294719,0.009398796259897098
1250,5de6c12e02a9e36835018cc3abb08e3288d1688130193055566a10d153a20ef7:1250,0.5,2,circular,ballistic,inside,False,26.915395736694336,0.04008016032064128,0.03297244094488189,0.042506720430107524,0.009534279485225637,0.008706486571634654
1251,5de6c12e02a9e36835018cc3abb08e3288d1688130193055566a10d153a20ef7:1251,0.5,1,elliptical,ballistic,inside,False,76.12882995605469,0.03006012024048096,0.03148263027295285,0.024088541666666668,-0.0073940886062861845,0.010206186767266215
1252,5de6c12e02a9e36835018cc3abb08e3288d1688130193055566a10d153a20ef7:1252,0.5,1,elliptical,ballistic,outside,False,77.27044677734375,0.027429859719438877,0.027429859719438877,,,0.009557688383249177
1253,5de6c12e02a9e36835018cc3abb08e3288d1688130193055566a10d153a20ef7:1253,0.5,0,circular,diffusive,edge,False,83.83525085449219,0.028807615230460923,0.028203342618384402,0.030357142857142857,0.002153800238758455,0.006546660493673336
1254,5de6c12e02a9e36835018cc3abb08e3288d1688130193055566a10d153a20ef7:1254,0.5,0,circular,diffusive,outside,False,80.06008911132812,0.018912825651302607,0.017361111111111112,0.019101123595505618,0.0017400124843945063,0.00476446057154565
1255,5de6c12e02a9e36835018cc3abb08e3288d1688130193055566a10d153a20ef7:1255,0.5,1,elliptical,ballistic,edge,False,80.5379638671875,0.031187374749498998,0.031187374749498998,,,0.006767005340300651
1256,5de6c12e02a9e36835018cc3abb08e3288d1688130193055566a10d153a20ef7:1256,0.5,1,elliptical,diffusive,edge,False,65.452880859375,0.027429859719438877,0.027429859719438877,,,0.005862740349934094
1257,5de6c12e02a9e36835018cc3abb08e3288d1688130193055566a10d153a20ef7:1257,0.5,1,elliptical,diffusive,outside,False,70.06462097167969,0.026427855711422844,0.026427855711422844,,,0.008092965921417889
1258,5de6c12e02a9e36835018cc3abb08e3288d1688130193055566a10d153a20ef7:1258,0.5,0,elliptical,ballistic,inside,False,79.01778411865234,0.03193887775551102,0.03155637254901961,0.03365384615384615,0.0020974736048265455,0.006502178032273253
1259,5de6c12e02a9e36835018cc3abb08e3288d1688130193055566a10d153a20ef7:1259,0.5,2,circular,ballistic,outside,False,4.976643562316895,0.07414829659318638,0.02598314606741573,0.08460365853658537,0.05862051246916964,0.03581375952036376
1224,5de6c12e02a9e36835018cc3abb08e3288d1688130193055566a10d153a20ef7:1224,1.0,0,elliptical,diffusive,edge,False,83.83525085449219,0.027777777777777776,0.03590425531914894,0.026442307692307692,-0.009461947626841247,0.007368584516684413
1225,5de6c12e02a9e36835018cc3abb08e3288d1688130193055566a10d153a20ef7:1225,1.0,2,elliptical,ballistic,edge,False,20.643497467041016,0.042104604604604606,0.0234375,0.043907793633369926,0.020470293633369926,0.01638410672626011
1226,5de6c12e02a9e36835018cc3abb08e3288d1688130193055566a10d153a20ef7:1226,1.0,2,circular,diffusive,inside,False,3.42110276222229,0.09046546546546547,0.031031468531468532,0.11430575035063113,0.0832742818191626,0.05778437595210529
1227,5de6c12e02a9e36835018cc3abb08e3288d1688130193055566a10d153a20ef7:1227,1.0,2,elliptical,diffusive,edge,False,29.757665634155277,0.03071821821821822,0.027632636655948555,0.03580901856763926,0.008176381911690705,0.00888278236202823
1228,5de6c12e02a9e36835018cc3abb08e3288d1688130193055566a10d153a20ef7:1228,1.0,2,elliptical,ballistic,inside,False,36.28659439086914,0.03347097097097097,0.026229016786570743,0.03865979381443299,0.012430777027862248,0.010352733685381175
1229,5de6c12e02a9e36835018cc3abb08e3288d1688130193055566a10d153a20ef7:1229,1.0,0,circular,ballistic,edge,False,81.4368896484375,0.03178178178178178,0.036370798319327734,0.027605162523900575,-0.008765635795427159,0.009640320462591704
1230,5de6c12e02a9e36835018cc3abb08e3288d1688130193055566a10d153a20ef7:1230,1.0,1,circular,diffusive,edge,False,83.83525085449219,0.02809059059059059,0.028029580152671756,0.028157894736842104,0.0001283145841703484,0.006132088646605535
1231,5de6c12e02a9e36835018cc3abb08e3288d1688130193055566a10d153a20ef7:1231,1.0,1,circular,ballistic,inside,False,63.70317077636719,0.029216716716716717,0.028491171749598716,0.030418882978723406,0.00192771122912469,0.009380003982672672
1232,5de6c12e02a9e36835018cc3abb08e3288d1688130193055566a10d153a20ef7:1232,1.0,0,elliptical,ballistic,edge,False,83.28097534179688,0.030405405405405407,0.027228860294117647,0.03420329670329671,0.006974436409179059,0.005139277471950162
1233,5de6c12e02a9e36835018cc3abb08e3288d1688130193055566a10d153a20ef7:1233,1.0,2,elliptical,diffusive,outside,False,2.8307998180389404,0.06537787787787788,0.03616898148148148,0.07343550446998723,0.037266522988505746,0.05627790269022193
1234,5de6c12e02a9e36835018cc3abb08e3288d1688130193055566a10d153a20ef7:1234,1.0,1,circular,diffusive,inside,False,83.66157531738281,0.030217717717717717,0.030245176848874598,0.03017241379310345,-7.276305577114811e-05,0.008200947358055754
1235,5de6c12e02a9e36835018cc3abb08e3288d1688130193055566a10d153a20ef7:1235,1.0,2,circular,ballistic,edge,False,42.61729049682617,0.031281281281281284,0.0252831715210356,0.04101049868766404,0.015727327166628443,0.009012484036721275
1236,5de6c12e02a9e36835018cc3abb08e3288d1688130193055566a10d153a20ef7:1236,1.0,0,elliptical,diffusive,inside,False,77.31509399414062,0.02583833833833834,0.025506756756756756,0.026033386327503974,0.0005266295707472175,0.004355630587424787
1237,5de6c12e02a9e36835018cc3abb08e3288d1688130193055566a10d153a20ef7:1237,1.0,1,circular,ballistic,outside,False,73.19245910644531,0.031093593593593594,0.02215909090909091,0.03219910011248594,0.010040009203395029,0.00569800366569756
1238,5de6c12e02a9e36835018cc3abb08e3288d1688130193055566a10d153a20ef7:1238,1.0,2,elliptical,ballistic,outside,False,46.41236114501953,0.029842342342342343,0.026022727272727274,0.034521158129175944,0.00849843085644867,0.0072397077339335664
1239,5de6c12e02a9e36835018cc3abb08e3288d1688130193055566a10d153a20ef7:1239,1.0,1,circular,diffusive,outside,False,68.24085235595703,0.02927927927927928,0.02870563674321503,0.02980769230769231,0.0011020555644772785,0.004961017918318071
1240,5de6c12e02a9e36835018cc3abb08e3288d1688130193055566a10d153a20ef7:1240,1.0,1,elliptical,diffusive,inside,False,78.58878326416016,0.03165665665665666,0.029145077720207253,0.03323817292006525,0.004093095199857996,0.00863544685084015
1241,5de6c12e02a9e36835018cc3abb08e3288d1688130193055566a10d153a20ef7:1241,1.0,2,circular,diffusive,outside,False,36.12767028808594,0.029842342342342343,0.02982456140350877,0.029849439775910366,2.4878372401594684e-05,0.006649020114083465
1242,5de6c12e02a9e36835018cc3abb08e3288d1688130193055566a10d153a20ef7:1242,1.0,2,circular,diffusive,edge,False,36.96163558959961,0.030843343343343342,0.025605726872246697,0.03238341968911917,0.006777692816872471,0.008408324618844639
1243,5de6c12e02a9e36835018cc3abb08e3288d1688130193055566a10d153a20ef7:1243,1.0,0,circular,diffusive,inside,False,83.83525085449219,0.025087587587587588,0.02221563981042654,0.025856598984771575,0.003640959174345034,0.006243417757954001
1244,5de6c12e02a9e36835018cc3abb08e3288d1688130193055566a10d153a20ef7:1244,1.0,0,elliptical,ballistic,outside,False,83.28034210205078,0.02996746746746747,0.03283898305084746,0.027943686006825938,-0.004895297044021522,0.004644401264506373
1245,5de6c12e02a9e36835018cc3abb08e3288d1688130193055566a10d153a20ef7:1245,1.0,0,elliptical,diffusive,outside,False,83.83525085449219,0.028153153153153154,0.031432748538011694,0.024691358024691357,-0.0067413905133203375,0.005941796832124007
1246,5de6c12e02a9e36835018cc3abb08e3288d1688130193055566a10d153a20ef7:1246,1.0,1,circular,ballistic,edge,False,80.64117431640625,0.026526526526526525,0.02394859813084112,0.029498922413793104,0.005550324282951984,0.008109034907917742
1247,5de6c12e02a9e36835018cc3abb08e3288d1688130193055566a10d153a20ef7:1247,1.0,0,circular,ballistic,inside,False,80.41285705566406,0.028653653653653653,0.03125,0.028464017185821696,-0.002785982814178304,0.0065149229464188255
1248,5de6c12e02a9e36835018cc3abb08e3288d1688130193055566a10d153a20ef7:1248,1.0,2,elliptical,diffusive,inside,False,5.856224060058594,0.08126876876876876,0.034375,0.09021156138259834,0.055836561382598335,0.051216963256553207
1249,5de6c12e02a9e36835018cc3abb08e3288d1688130193055566a10d153a20ef7:1249,1.0,0,circular,ballistic,outside,False,83.33989715576172,0.028966466466466466,0.02108433734939759,0.029680676855895198,0.00859633950649761,0.006362646446750194
1250,5de6c12e02a9e36835018cc3abb08e3288d1688130193055566a10d153a20ef7:1250,1.0,2,circular,ballistic,inside,False,26.915395736694336,0.04473223223223223,0.03297244094488189,0.046444954128440366,0.01347251318355848,0.010769305160470895
1251,5de6c12e02a9e36835018cc3abb08e3288d1688130193055566a10d153a20ef7:1251,1.0,1,elliptical,ballistic,inside,False,76.12882995605469,0.028403403403403405,0.03148263027295285,0.026321308724832213,-0.005161321548120639,0.0078450559756843
1252,5de6c12e02a9e36835018cc3abb08e3288d1688130193055566a10d153a20ef7:1252,1.0,1,elliptical,ballistic,outside,False,77.27044677734375,0.026776776776776777,0.027050395256916996,0.026495943204868155,-0.0005544520520488413,0.008534230683173138
1253,5de6c12e02a9e36835018cc3abb08e3288d1688130193055566a10d153a20ef7:1253,1.0,0,circular,diffusive,edge,False,83.83525085449219,0.026964464464464464,0.028203342618384402,0.02626953125,-0.0019338113683844034,0.007132955276243839
1254,5de6c12e02a9e36835018cc3abb08e3288d1688130193055566a10d153a20ef7:1254,1.0,0,circular,diffusive,outside,False,80.06008911132812,0.025025025025025027,0.017361111111111112,0.02546296296296296,0.00810185185185185,0.0056680438703233865
1255,5de6c12e02a9e36835018cc3abb08e3288d1688130193055566a10d153a20ef7:1255,1.0,1,elliptical,ballistic,edge,False,80.5379638671875,0.030155155155155156,0.03090018656716418,0.029292656587473,-0.0016075299796911788,0.004558059459481227
1256,5de6c12e02a9e36835018cc3abb08e3288d1688130193055566a10d153a20ef7:1256,1.0,1,elliptical,diffusive,edge,False,65.452880859375,0.031343843843843845,0.03008078231292517,0.03315085158150852,0.003070069268583348,0.005170787280013481
1257,5de6c12e02a9e36835018cc3abb08e3288d1688130193055566a10d153a20ef7:1257,1.0,1,elliptical,diffusive,outside,False,70.06462097167969,0.02633883883883884,0.0255,0.027740641711229946,0.002240641711229948,0.007308582015465278
1258,5de6c12e02a9e36835018cc3abb08e3288d1688130193055566a10d153a20ef7:1258,1.0,0,elliptical,ballistic,inside,False,79.01778411865234,0.030593093093093094,0.03155637254901961,0.02992808798646362,-0.0016282845625559851,0.005817645563697544
1259,5de6c12e02a9e36835018cc3abb08e3288d1688130193055566a10d153a20ef7:1259,1.0,2,circular,ballistic,outside,False,4.976643562316895,0.10648148148148148,0.02598314606741573,0.1143543956043956,0.08837124953697986,0.05087332776475549
1260,5de6c12e02a9e36835018cc3abb08e3288d1688130193055566a10d153a20ef7:1260,0.25,1,circular,ballistic,inside,False,81.83795928955078,0.02284136546184739,0.02284136546184739,,,0.013355206420103443
1261,5de6c12e02a9e36835018cc3abb08e3288d1688130193055566a10d153a20ef7:1261,0.25,1,elliptical,ballistic,inside,False,77.79837036132812,0.026606425702811246,0.022058823529411766,0.028314917127071824,0.006256093597660058,0.010986982243092013
1262,5de6c12e02a9e36835018cc3abb08e3288d1688130193055566a10d153a20ef7:1262,0.25,0,elliptical,ballistic,outside,False,82.36700439453125,0.03237951807228916,0.03237951807228916,,,0.011641283760346616
1263,5de6c12e02a9e36835018cc3abb08e3288d1688130193055566a10d153a20ef7:1263,0.25,2,circular,diffusive,outside,False,5.593038558959961,0.0409136546184739,0.04924242424242424,0.035416666666666666,-0.013825757575757575,0.01076394660762629
1264,5de6c12e02a9e36835018cc3abb08e3288d1688130193055566a10d153a20ef7:1264,0.25,0,elliptical,diffusive,outside,False,83.83525085449219,0.029367469879518073,0.03308823529411765,0.0125,-0.020588235294117647,0.003880427920115539
1265,5de6c12e02a9e36835018cc3abb08e3288d1688130193055566a10d153a20ef7:1265,0.25,0,circular,diffusive,edge,False,83.80736541748047,0.03187751004016064,0.031420765027322405,0.03314393939393939,0.0017231743666169877,0.00883519874839259
1266,5de6c12e02a9e36835018cc3abb08e3288d1688130193055566a10d153a20ef7:1266,0.25,1,elliptical,ballistic,edge,False,62.93928146362305,0.03162650602409638,0.03162650602409638,,,0.00826409519736663
1267,5de6c12e02a9e36835018cc3abb08e3288d1688130193055566a10d153a20ef7:1267,0.25,0,circular,ballistic,inside,False,82.67479705810547,0.02459839357429719,0.020988805970149255,0.028804347826086957,0.007815541855937701,0.007292087874665638
1268,5de6c12e02a9e36835018cc3abb08e3288d1688130193055566a10d153a20ef7:1268,0.25,2,circular,ballistic,outside,False,20.222427368164062,0.02961847389558233,0.02961847389558233,,,0.009773053380487843
1269,5de6c12e02a9e36835018cc3abb08e3288d1688130193055566a10d153a20ef7:1269,0.25,0,elliptical,ballistic,inside,False,82.44876861572266,0.029116465863453816,0.029116465863453816,,,0.010813583950069285
1270,5de6c12e02a9e36835018cc3abb08e3288d1688130193055566a10d153a20ef7:1270,0.25,2,circular,diffusive,inside,False,20.95783805847168,0.03162650602409638,0.02992021276595745,0.032661290322580645,0.002741077556623197,0.009133235641897717
1271,5de6c12e02a9e36835018cc3abb08e3288d1688130193055566a10d153a20ef7:1271,0.25,0,elliptical,diffusive,edge,False,83.83525085449219,0.03187751004016064,0.03369565217391304,0.03031716417910448,-0.003378487994808565,0.01006209952451177
1272,5de6c12e02a9e36835018cc3abb08e3288d1688130193055566a10d153a20ef7:1272,0.25,2,circular,diffusive,edge,False,43.00874328613281,0.0321285140562249,0.0321285140562249,,,0.010434041009451068
1273,5de6c12e02a9e36835018cc3abb08e3288d1688130193055566a10d153a20ef7:1273,0.25,2,elliptical,diffusive,edge,False,35.61415481567383,0.021586345381526106,0.02194940476190476,0.020833333333333332,-0.001116071428571428,0.009669357572418786
1274,5de6c12e02a9e36835018cc3abb08e3288d1688130193055566a10d153a20ef7:1274,0.25,2,elliptical,diffusive,inside,False,27.09507942199707,0.02384538152610442,0.024764150943396228,0.018581081081081082,-0.006183069862315146,0.007270456002992086
1275,5de6c12e02a9e36835018cc3abb08e3288d1688130193055566a10d153a20ef7:1275,0.25,2,elliptical,ballistic,edge,False,21.091707229614254,0.030873493975903613,0.030873493975903613,,,0.010622542153362866
1276,5de6c12e02a9e36835018cc3abb08e3288d1688130193055566a10d153a20ef7:1276,0.25,0,circular,diffusive,outside,False,83.83525085449219,0.025853413654618473,0.025853413654618473,,,0.010598791330681432
1277,5de6c12e02a9e36835018cc3abb08e3288d1688130193055566a10d153a20ef7:1277,0.25,0,elliptical,ballistic,edge,False,83.06615447998047,0.03463855421686747,0.03463855421686747,,,0.010801925096059244
1278,5de6c12e02a9e36835018cc3abb08e3288d1688130193055566a10d153a20ef7:1278,0.25,1,elliptical,diffusive,outside,False,83.83525085449219,0.030622489959839357,0.030622489959839357,,,0.009022189134343087
1279,5de6c12e02a9e36835018cc3abb08e3288d1688130193055566a10d153a20ef7:1279,0.25,1,circular,diffusive,outside,False,83.83525085449219,0.0286144578313253,0.018318965517241378,0.03759398496240601,0.019275019445164635,0.011740979481452309
1280,5de6c12e02a9e36835018cc3abb08e3288d1688130193055566a10d153a20ef7:1280,0.25,1,circular,diffusive,edge,False,83.83525085449219,0.03187751004016064,0.028761061946902654,0.034466911764705885,0.00570584981780323,0.01669318244444559
1281,5de6c12e02a9e36835018cc3abb08e3288d1688130193055566a10d153a20ef7:1281,0.25,2,elliptical,ballistic,inside,False,29.651691436767575,0.02786144578313253,0.029114906832298136,0.02556818181818182,-0.0035467250141163163,0.005629433105423144
1282,5de6c12e02a9e36835018cc3abb08e3288d1688130193055566a10d153a20ef7:1282,0.25,1,elliptical,diffusive,inside,False,80.9462661743164,0.03112449799196787,0.021059782608695652,0.03702229299363057,0.01596251038493492,0.00998983370588976
1283,5de6c12e02a9e36835018cc3abb08e3288d1688130193055566a10d153a20ef7:1283,0.25,1,elliptical,ballistic,outside,False,79.22810363769531,0.0356425702811245,0.03345070422535211,0.04861111111111111,0.015160406885759002,0.012121181192419313
1284,5de6c12e02a9e36835018cc3abb08e3288d1688130193055566a10d153a20ef7:1284,0.25,2,circular,ballistic,inside,False,37.25766754150391,0.03288152610441767,0.03161764705882353,0.03560126582278481,0.003983618763961284,0.01564904864534773
1285,5de6c12e02a9e36835018cc3abb08e3288d1688130193055566a10d153a20ef7:1285,0.25,1,elliptical,diffusive,edge,False,83.83525085449219,0.03187751004016064,0.03187751004016064,,,0.011554366753497898
1286,5de6c12e02a9e36835018cc3abb08e3288d1688130193055566a10d153a20ef7:1286,0.25,0,circular,ballistic,outside,False,83.73342895507812,0.022590361445783132,0.02132701421800948,0.029605263157894735,0.008278248939885255,0.004461944988612243
1287,5de6c12e02a9e36835018cc3abb08e3288d1688130193055566a10d153a20ef7:1287,0.25,0,circular,ballistic,edge,False,83.80564880371094,0.03288152610441767,0.029454022988505746,0.04083333333333333,0.011379310344827587,0.009032657738678004
1288,5de6c12e02a9e36835018cc3abb08e3288d1688130193055566a10d153a20ef7:1288,0.25,2,elliptical,diffusive,outside,False,31.60588836669922,0.03137550200803213,0.028814935064935064,0.035526315789473684,0.0067113807245386195,0.01013695808549632
1289,5de6c12e02a9e36835018cc3abb08e3288d1688130193055566a10d153a20ef7:1289,0.25,0,circular,diffusive,inside,False,83.24781799316406,0.02710843373493976,0.02710843373493976,,,0.00658377361877711
1290,5de6c12e02a9e36835018cc3abb08e3288d1688130193055566a10d153a20ef7:1290,0.25,2,elliptical,ballistic,outside,False,12.216744422912598,0.024849397590361446,0.024849397590361446,,,0.00998667985144466
1291,5de6c12e02a9e36835018cc3abb08e3288d1688130193055566a10d153a20ef7:1291,0.25,1,circular,diffusive,inside,False,58.371002197265625,0.029116465863453816,0.028273809523809524,0.03365384615384615,0.005380036630036628,0.007905630395594188
1292,5de6c12e02a9e36835018cc3abb08e3288d1688130193055566a10d153a20ef7:1292,0.25,1,circular,ballistic,outside,False,83.55963897705078,0.03137550200803213,0.03137550200803213,,,0.0061020310146301295
1293,5de6c12e02a9e36835018cc3abb08e3288d1688130193055566a10d153a20ef7:1293,0.25,1,circular,ballistic,edge,False,57.01778411865234,0.035140562248995984,0.041294642857142856,0.03335492227979275,-0.00793972057735011,0.009256570740253904
1294,5de6c12e02a9e36835018cc3abb08e3288d1688130193055566a10d153a20ef7:1294,0.25,2,circular,ballistic,edge,False,48.489017486572266,0.018323293172690762,0.018323293172690762,,,0.006841874081545687
1295,5de6c12e02a9e36835018cc3abb08e3288d1688130193055566a10d153a20ef7:1295,0.25,0,elliptical,diffusive,inside,False,82.89887237548828,0.029367469879518073,0.029367469879518073,,,0.008275522852326574
1260,5de6c12e02a9e36835018cc3abb08e3288d1688130193055566a10d153a20ef7:1260,0.5,1,circular,ballistic,inside,False,81.83795928955078,0.027429859719438877,0.022121993127147768,0.03485576923076923,0.012733776103621464,0.007207075341090081
1261,5de6c12e02a9e36835018cc3abb08e3288d1688130193055566a10d153a20ef7:1261,0.5,1,elliptical,ballistic,inside,False,77.79837036132812,0.02630260521042084,0.022058823529411766,0.02697215777262181,0.004913334243210044,0.008986668895116281
1262,5de6c12e02a9e36835018cc3abb08e3288d1688130193055566a10d153a20ef7:1262,0.5,0,elliptical,ballistic,outside,False,82.36700439453125,0.03369238476953908,0.03369238476953908,,,0.010496410473719093
1263,5de6c12e02a9e36835018cc3abb08e3288d1688130193055566a10d153a20ef7:1263,0.5,2,circular,diffusive,outside,False,5.593038558959961,0.03970440881763527,0.04924242424242424,0.03734375,-0.011898674242424238,0.013901677182535776
1264,5de6c12e02a9e36835018cc3abb08e3288d1688130193055566a10d153a20ef7:1264,0.5,0,elliptical,diffusive,outside,False,83.83525085449219,0.02717935871743487,0.03308823529411765,0.02309322033898305,-0.009995014955134596,0.005765605854951856
1265,5de6c12e02a9e36835018cc3abb08e3288d1688130193055566a10d153a20ef7:1265,0.5,0,circular,diffusive,edge,False,83.80736541748047,0.03218937875751503,0.031420765027322405,0.032634493670886076,0.0012137286435636718,0.00661697341777169
1266,5de6c12e02a9e36835018cc3abb08e3288d1688130193055566a10d153a20ef7:1266,0.5,1,elliptical,ballistic,edge,False,62.93928146362305,0.032690380761523044,0.03187086092715232,0.03394670050761421,0.00207583958046189,0.0066453624222857265
1267,5de6c12e02a9e36835018cc3abb08e3288d1688130193055566a10d153a20ef7:1267,0.5,0,circular,ballistic,inside,False,82.67479705810547,0.029809619238476952,0.020988805970149255,0.033047945205479455,0.0120591392353302,0.006679504822631955
1268,5de6c12e02a9e36835018cc3abb08e3288d1688130193055566a10d153a20ef7:1268,0.5,2,circular,ballistic,outside,False,20.222427368164062,0.02843186372745491,0.02843186372745491,,,0.005371187786170233
1269,5de6c12e02a9e36835018cc3abb08e3288d1688130193055566a10d153a20ef7:1269,0.5,0,elliptical,ballistic,inside,False,82.44876861572266,0.03281563126252505,0.034482758620689655,0.027663934426229508,-0.006818824194460147,0.009979250644810667
1270,5de6c12e02a9e36835018cc3abb08e3288d1688130193055566a10d153a20ef7:1270,0.5,2,circular,diffusive,inside,False,20.95783805847168,0.03218937875751503,0.02992021276595745,0.03271604938271605,0.002795836616758602,0.011495103132836785
1271,5de6c12e02a9e36835018cc3abb08e3288d1688130193055566a10d153a20ef7:1271,0.5,0,elliptical,diffusive,edge,False,83.83525085449219,0.028557114228456915,0.03369565217391304,0.027018229166666668,-0.006677423007246375,0.008171095405961969
1272,5de6c12e02a9e36835018cc3abb08e3288d1688130193055566a10d153a20ef7:1272,0.5,2,circular,diffusive,edge,False,43.00874328613281,0.035445891783567135,0.03350815850815851,0.04732142857142857,0.013813270063270058,0.008919207692074112
1273,5de6c12e02a9e36835018cc3abb08e3288d1688130193055566a10d153a20ef7:1273,0.5,2,elliptical,diffusive,edge,False,35.61415481567383,0.02692885771543086,0.02194940476190476,0.02945619335347432,0.007506788591569561,0.007472113596329988
1274,5de6c12e02a9e36835018cc3abb08e3288d1688130193055566a10d153a20ef7:1274,0.5,2,elliptical,diffusive,inside,False,27.09507942199707,0.026803607214428857,0.024764150943396228,0.028310104529616725,0.0035459535862204968,0.0073247452491049326
1275,5de6c12e02a9e36835018cc3abb08e3288d1688130193055566a10d153a20ef7:1275,0.5,2,elliptical,ballistic,edge,False,21.091707229614254,0.030435871743486973,0.029035433070866142,0.034957627118644065,0.005922194047777923,0.009855073638271677
1276,5de6c12e02a9e36835018cc3abb08e3288d1688130193055566a10d153a20ef7:1276,0.5,0,circular,diffusive,outside,False,83.83525085449219,0.02780561122244489,0.027472527472527472,0.02820796460176991,0.0007354371292424382,0.009111489719174954
1277,5de6c12e02a9e36835018cc3abb08e3288d1688130193055566a10d153a20ef7:1277,0.5,0,elliptical,ballistic,edge,False,83.06615447998047,0.031187374749498998,0.0319206008583691,0.020833333333333332,-0.011087267525035766,0.006326080310207612
1278,5de6c12e02a9e36835018cc3abb08e3288d1688130193055566a10d153a20ef7:1278,0.5,1,elliptical,diffusive,outside,False,83.83525085449219,0.02905811623246493,0.027661064425770307,0.032570422535211266,0.004909358109440959,0.00796892470971286
1279,5de6c12e02a9e36835018cc3abb08e3288d1688130193055566a10d153a20ef7:1279,0.5,1,circular,diffusive,outside,False,83.83525085449219,0.03031062124248497,0.018318965517241378,0.033942558746736295,0.015623593229494918,0.007494125902631057
1280,5de6c12e02a9e36835018cc3abb08e3288d1688130193055566a10d153a20ef7:1280,0.5,1,circular,diffusive,edge,False,83.83525085449219,0.03406813627254509,0.028761061946902654,0.03562176165803109,0.006860699711128435,0.012474849296581896
1281,5de6c12e02a9e36835018cc3abb08e3288d1688130193055566a10d153a20ef7:1281,0.5,2,elliptical,ballistic,inside,False,29.651691436767575,0.036322645290581164,0.029114906832298136,0.039755917159763315,0.01064101032746518,0.008902482787533497
1282,5de6c12e02a9e36835018cc3abb08e3288d1688130193055566a10d153a20ef7:1282,0.5,1,elliptical,diffusive,inside,False,80.9462661743164,0.029809619238476952,0.021059782608695652,0.03178746928746929,0.010727686678773638,0.006584889493033524
1283,5de6c12e02a9e36835018cc3abb08e3288d1688130193055566a10d153a20ef7:1283,0.5,1,elliptical,ballistic,outside,False,79.22810363769531,0.034193386773547094,0.03345070422535211,0.034746503496503496,0.0012957992711513863,0.013391264374297267
1284,5de6c12e02a9e36835018cc3abb08e3288d1688130193055566a10d153a20ef7:1284,0.5,2,circular,ballistic,inside,False,37.25766754150391,0.030435871743486973,0.03161764705882353,0.029825227963525835,-0.0017924190952976933,0.012433911904640004
1285,5de6c12e02a9e36835018cc3abb08e3288d1688130193055566a10d153a20ef7:1285,0.5,1,elliptical,diffusive,edge,False,83.83525085449219,0.03031062124248497,0.03226817042606516,0.0225,-0.009768170426065162,0.008105555955592904
1286,5de6c12e02a9e36835018cc3abb08e3288d1688130193055566a10d153a20ef7:1286,0.5,0,circular,ballistic,outside,False,83.73342895507812,0.02755511022044088,0.02132701421800948,0.03211805555555555,0.010791041337546072,0.00792153722487069
1287,5de6c12e02a9e36835018cc3abb08e3288d1688130193055566a10d153a20ef7:1287,0.5,0,circular,ballistic,edge,False,83.80564880371094,0.029559118236472944,0.029454022988505746,0.029615384615384616,0.00016136162687887048,0.007825901478864384
1288,5de6c12e02a9e36835018cc3abb08e3288d1688130193055566a10d153a20ef7:1288,0.5,2,elliptical,diffusive,outside,False,31.60588836669922,0.03494488977955912,0.028814935064935064,0.03768115942028986,0.008866224355354793,0.009284602606837045
1289,5de6c12e02a9e36835018cc3abb08e3288d1688130193055566a10d153a20ef7:1289,0.5,0,circular,diffusive,inside,False,83.24781799316406,0.02692885771543086,0.025824175824175823,0.03835227272727273,0.012528096903096905,0.007233148656303062
1290,5de6c12e02a9e36835018cc3abb08e3288d1688130193055566a10d153a20ef7:1290,0.5,2,elliptical,ballistic,outside,False,12.216744422912598,0.02692885771543086,0.02885928961748634,0.021616541353383457,-0.007242748264102882,0.0053594922082501675
1291,5de6c12e02a9e36835018cc3abb08e3288d1688130193055566a10d153a20ef7:1291,0.5,1,circular,diffusive,inside,False,58.371002197265625,0.029809619238476952,0.028273809523809524,0.03092560553633218,0.0026517960125226545,0.004474090956786512
1292,5de6c12e02a9e36835018cc3abb08e3288d1688130193055566a10d153a20ef7:1292,0.5,1,circular,ballistic,outside,False,83.55963897705078,0.027429859719438877,0.027454453441295545,0.025,-0.002454453441295544,0.005300627246868444
1293,5de6c12e02a9e36835018cc3abb08e3288d1688130193055566a10d153a20ef7:1293,0.5,1,circular,ballistic,edge,False,57.01778411865234,0.030561122244488977,0.041294642857142856,0.029204288939051918,-0.012090353918090938,0.008604992002664163
1294,5de6c12e02a9e36835018cc3abb08e3288d1688130193055566a10d153a20ef7:1294,0.5,2,circular,ballistic,edge,False,48.489017486572266,0.0217935871743487,0.02151639344262295,0.03409090909090909,0.012574515648286138,0.008197929945868524
1295,5de6c12e02a9e36835018cc3abb08e3288d1688130193055566a10d153a20ef7:1295,0.5,0,elliptical,diffusive,inside,False,82.89887237548828,0.029183366733466935,0.029146634615384616,0.029367469879518073,0.00022083526413345725,0.0059160148690478665
1260,5de6c12e02a9e36835018cc3abb08e3288d1688130193055566a10d153a20ef7:1260,1.0,1,circular,ballistic,inside,False,81.83795928955078,0.027777777777777776,0.022121993127147768,0.0301024011299435,0.007980408002795734,0.00576119341002069
1261,5de6c12e02a9e36835018cc3abb08e3288d1688130193055566a10d153a20ef7:1261,1.0,1,elliptical,ballistic,inside,False,77.79837036132812,0.029154154154154153,0.022058823529411766,0.029672395273899033,0.0076135717444872665,0.005383289480555293
1262,5de6c12e02a9e36835018cc3abb08e3288d1688130193055566a10d153a20ef7:1262,1.0,0,elliptical,ballistic,outside,False,82.36700439453125,0.03221971971971972,0.03407224958949097,0.029326923076923077,-0.004745326512567892,0.007507246825637691
1263,5de6c12e02a9e36835018cc3abb08e3288d1688130193055566a10d153a20ef7:1263,1.0,2,circular,diffusive,outside,False,5.593038558959961,0.04811061061061061,0.04924242424242424,0.04798611111111111,-0.001256313131313129,0.028580547971425806
1264,5de6c12e02a9e36835018cc3abb08e3288d1688130193055566a10d153a20ef7:1264,1.0,0,elliptical,diffusive,outside,False,83.83525085449219,0.026839339339339338,0.03308823529411765,0.025235849056603775,-0.007852386237513873,0.0057336122553482685
1265,5de6c12e02a9e36835018cc3abb08e3288d1688130193055566a10d153a20ef7:1265,1.0,0,circular,diffusive,edge,False,83.80736541748047,0.028153153153153154,0.031420765027322405,0.0274203431372549,-0.004000421890067503,0.004397218065767162
1266,5de6c12e02a9e36835018cc3abb08e3288d1688130193055566a10d153a20ef7:1266,1.0,1,elliptical,ballistic,edge,False,62.93928146362305,0.033596096096096095,0.03187086092715232,0.034343615494978476,0.0024727545678261548,0.007563345485674736
1267,5de6c12e02a9e36835018cc3abb08e3288d1688130193055566a10d153a20ef7:1267,1.0,0,circular,ballistic,inside,False,82.67479705810547,0.029216716716716717,0.020988805970149255,0.030491329479768785,0.00950252350961953,0.008116513009851875
1268,5de6c12e02a9e36835018cc3abb08e3288d1688130193055566a10d153a20ef7:1268,1.0,2,circular,ballistic,outside,False,20.222427368164062,0.037162162162162164,0.029425612052730695,0.045940170940170943,0.01651455888744025,0.010990374464658425
1269,5de6c12e02a9e36835018cc3abb08e3288d1688130193055566a10d153a20ef7:1269,1.0,0,elliptical,ballistic,inside,False,82.44876861572266,0.030155155155155156,0.034482758620689655,0.027532154340836012,-0.006950604279853643,0.008295144666650262
1270,5de6c12e02a9e36835018cc3abb08e3288d1688130193055566a10d153a20ef7:1270,1.0,2,circular,diffusive,inside,False,20.95783805847168,0.03691191191191191,0.02992021276595745,0.03763812154696133,0.007717908781003879,0.01617698993359457
1271,5de6c12e02a9e36835018cc3abb08e3288d1688130193055566a10d153a20ef7:1271,1.0,0,elliptical,diffusive,edge,False,83.83525085449219,0.02784034034034034,0.03369565217391304,0.027078619909502263,-0.00661703226441078,0.007222386539210999
1272,5de6c12e02a9e36835018cc3abb08e3288d1688130193055566a10d153a20ef7:1272,1.0,2,circular,diffusive,edge,False,43.00874328613281,0.030843343343343342,0.03350815850815851,0.028837719298245613,-0.004670439209912898,0.008254228625262691
1273,5de6c12e02a9e36835018cc3abb08e3288d1688130193055566a10d153a20ef7:1273,1.0,2,elliptical,diffusive,edge,False,35.61415481567383,0.02927927927927928,0.02194940476190476,0.030761131167268353,0.008811726405363592,0.00576119341002069
1274,5de6c12e02a9e36835018cc3abb08e3288d1688130193055566a10d153a20ef7:1274,1.0,2,elliptical,diffusive,inside,False,27.09507942199707,0.037287287287287287,0.024764150943396228,0.04066073697585769,0.01589658603246146,0.010220509437768836
1275,5de6c12e02a9e36835018cc3abb08e3288d1688130193055566a10d153a20ef7:1275,1.0,2,elliptical,ballistic,edge,False,21.091707229614254,0.038475975975975976,0.029035433070866142,0.04429611650485437,0.015260683433988228,0.010261595350037766
1276,5de6c12e02a9e36835018cc3abb08e3288d1688130193055566a10d153a20ef7:1276,1.0,0,circular,diffusive,outside,False,83.83525085449219,0.029466966966966966,0.027472527472527472,0.03021694214876033,0.0027444146762328585,0.00877460849638178
1277,5de6c12e02a9e36835018cc3abb08e3288d1688130193055566a10d153a20ef7:1277,1.0,0,elliptical,ballistic,edge,False,83.06615447998047,0.030593093093093094,0.0319206008583691,0.029432457786116323,-0.002488143072252775,0.0067029589090650925
1278,5de6c12e02a9e36835018cc3abb08e3288d1688130193055566a10d153a20ef7:1278,1.0,1,elliptical,diffusive,outside,False,83.83525085449219,0.02834084084084084,0.027661064425770307,0.028718847352024922,0.0010577829262546148,0.0068256300523833234
1279,5de6c12e02a9e36835018cc3abb08e3288d1688130193055566a10d153a20ef7:1279,1.0,1,circular,diffusive,outside,False,83.83525085449219,0.029216716716716717,0.018318965517241378,0.030648357870894677,0.0123293923536533,0.00937332514849744
1280,5de6c12e02a9e36835018cc3abb08e3288d1688130193055566a10d153a20ef7:1280,1.0,1,circular,diffusive,edge,False,83.83525085449219,0.029779779779779778,0.028761061946902654,0.029909706546275394,0.0011486445993727397,0.009360162266899421
1281,5de6c12e02a9e36835018cc3abb08e3288d1688130193055566a10d153a20ef7:1281,1.0,2,elliptical,ballistic,inside,False,29.651691436767575,0.041916916916916916,0.029114906832298136,0.044376491646778045,0.015261584814479909,0.00988013215528012
1282,5de6c12e02a9e36835018cc3abb08e3288d1688130193055566a10d153a20ef7:1282,1.0,1,elliptical,diffusive,inside,False,80.9462661743164,0.030342842842842842,0.021059782608695652,0.031284454244762956,0.010224671636067304,0.004398553050789804
1283,5de6c12e02a9e36835018cc3abb08e3288d1688130193055566a10d153a20ef7:1283,1.0,1,elliptical,ballistic,outside,False,79.22810363769531,0.03184434434434434,0.03345070422535211,0.031409033078880405,-0.0020416711464717047,0.008980942475496021
1284,5de6c12e02a9e36835018cc3abb08e3288d1688130193055566a10d153a20ef7:1284,1.0,2,circular,ballistic,inside,False,37.25766754150391,0.035848348348348345,0.03161764705882353,0.03671592279855247,0.005098275739728944,0.01240175580474531
1285,5de6c12e02a9e36835018cc3abb08e3288d1688130193055566a10d153a20ef7:1285,1.0,1,elliptical,diffusive,edge,False,83.83525085449219,0.030342842842842842,0.03226817042606516,0.0290625,-0.0032056704260651596,0.007157058718881769
1286,5de6c12e02a9e36835018cc3abb08e3288d1688130193055566a10d153a20ef7:1286,1.0,0,circular,ballistic,outside,False,83.73342895507812,0.028028028028028028,0.02132701421800948,0.02982233502538071,0.00849532080737123,0.007988433283039222
1287,5de6c12e02a9e36835018cc3abb08e3288d1688130193055566a10d153a20ef7:1287,1.0,0,circular,ballistic,edge,False,83.80564880371094,0.026463963963963964,0.029454022988505746,0.025833333333333333,-0.0036206896551724127,0.007097749606099972
1288,5de6c12e02a9e36835018cc3abb08e3288d1688130193055566a10d153a20ef7:1288,1.0,2,elliptical,diffusive,outside,False,31.60588836669922,0.03272022022022022,0.028814935064935064,0.03343195266272189,0.004617017597786828,0.007672272310799435
1289,5de6c12e02a9e36835018cc3abb08e3288d1688130193055566a10d153a20ef7:1289,1.0,0,circular,diffusive,inside,False,83.24781799316406,0.030968468468468468,0.025824175824175823,0.03527113970588235,0.00944696388170653,0.006080810743011606
1290,5de6c12e02a9e36835018cc3abb08e3288d1688130193055566a10d153a20ef7:1290,1.0,2,elliptical,ballistic,outside,False,12.216744422912598,0.0401026026026026,0.02885928961748634,0.04660347551342812,0.017744185895941778,0.014487387710382407
1291,5de6c12e02a9e36835018cc3abb08e3288d1688130193055566a10d153a20ef7:1291,1.0,1,circular,diffusive,inside,False,58.371002197265625,0.03078078078078078,0.028273809523809524,0.03144803548795944,0.003174225964149919,0.006281231430436004
1292,5de6c12e02a9e36835018cc3abb08e3288d1688130193055566a10d153a20ef7:1292,1.0,1,circular,ballistic,outside,False,83.55963897705078,0.02884134134134134,0.027454453441295545,0.030198019801980197,0.0027435663606846517,0.006723947611447572
1293,5de6c12e02a9e36835018cc3abb08e3288d1688130193055566a10d153a20ef7:1293,1.0,1,circular,ballistic,edge,False,57.01778411865234,0.028653653653653653,0.041294642857142856,0.027902969247083777,-0.01339167361005908,0.00718680204242962
1294,5de6c12e02a9e36835018cc3abb08e3288d1688130193055566a10d153a20ef7:1294,1.0,2,circular,ballistic,edge,False,48.489017486572266,0.03003003003003003,0.02151639344262295,0.03816046966731898,0.01664407622469603,0.010038123683749539
1295,5de6c12e02a9e36835018cc3abb08e3288d1688130193055566a10d153a20ef7:1295,1.0,0,elliptical,diffusive,inside,False,82.89887237548828,0.02665165165165165,0.029146634615384616,0.024871355060034305,-0.004275279555350311,0.006279985030695498
1296,5de6c12e02a9e36835018cc3abb08e3288d1688130193055566a10d153a20ef7:1296,0.25,2,circular,ballistic,inside,False,6.179956912994385,0.034889558232931724,0.02992021276595745,0.050204918032786885,0.020284705266829437,0.0075091743482186704
1297,5de6c12e02a9e36835018cc3abb08e3288d1688130193055566a10d153a20ef7:1297,0.25,0,elliptical,diffusive,edge,False,83.83525085449219,0.02459839357429719,0.02459839357429719,,,0.008324861421574799
1298,5de6c12e02a9e36835018cc3abb08e3288d1688130193055566a10d153a20ef7:1298,0.25,2,elliptical,diffusive,edge,False,10.359150886535645,0.03187751004016064,0.03187751004016064,,,0.01473673628823865
1299,5de6c12e02a9e36835018cc3abb08e3288d1688130193055566a10d153a20ef7:1299,0.25,1,elliptical,ballistic,edge,False,71.23707580566406,0.027359437751004016,0.027359437751004016,,,0.005400962548029622
1300,5de6c12e02a9e36835018cc3abb08e3288d1688130193055566a10d153a20ef7:1300,0.25,2,circular,ballistic,edge,False,42.852664947509766,0.030873493975903613,0.030873493975903613,,,0.010857193149539241
1301,5de6c12e02a9e36835018cc3abb08e3288d1688130193055566a10d153a20ef7:1301,0.25,0,elliptical,ballistic,outside,False,83.4959487915039,0.02886546184738956,0.02886546184738956,,,0.016030885895417436
1302,5de6c12e02a9e36835018cc3abb08e3288d1688130193055566a10d153a20ef7:1302,0.25,1,elliptical,diffusive,outside,False,83.83525085449219,0.02208835341365462,0.022935779816513763,0.02142857142857143,-0.001507208387942334,0.009734296902442428
1303,5de6c12e02a9e36835018cc3abb08e3288d1688130193055566a10d153a20ef7:1303,0.25,2,elliptical,diffusive,outside,False,83.83525085449219,0.029367469879518073,0.029367469879518073,,,0.011706048008394598
1304,5de6c12e02a9e36835018cc3abb08e3288d1688130193055566a10d153a20ef7:1304,0.25,1,elliptical,ballistic,outside,False,79.86658477783203,0.02459839357429719,0.02459839357429719,,,0.01182652508974874
1305,5de6c12e02a9e36835018cc3abb08e3288d1688130193055566a10d153a20ef7:1305,0.25,2,elliptical,diffusive,inside,False,38.483642578125,0.02886546184738956,0.02886546184738956,,,0.005493491121546006
1306,5de6c12e02a9e36835018cc3abb08e3288d1688130193055566a10d153a20ef7:1306,0.25,1,circular,diffusive,edge,False,76.8255615234375,0.0338855421686747,0.0338855421686747,,,0.009600698543627148
1307,5de6c12e02a9e36835018cc3abb08e3288d1688130193055566a10d153a20ef7:1307,0.25,1,circular,ballistic,inside,False,73.26616668701172,0.025100401606425703,0.025100401606425703,,,0.007841616140468528
1308,5de6c12e02a9e36835018cc3abb08e3288d1688130193055566a10d153a20ef7:1308,0.25,0,circular,ballistic,edge,False,83.54314422607422,0.03263052208835342,0.03263052208835342,,,0.014849597849145623
1309,5de6c12e02a9e36835018cc3abb08e3288d1688130193055566a10d153a20ef7:1309,0.25,2,circular,diffusive,outside,False,13.554974555969238,0.02384538152610442,0.02384538152610442,,,0.015729362483828613
1310,5de6c12e02a9e36835018cc3abb08e3288d1688130193055566a10d153a20ef7:1310,0.25,0,circular,diffusive,edge,False,82.37804412841797,0.027610441767068273,0.027610441767068273,,,0.012162692208419394
1311,5de6c12e02a9e36835018cc3abb08e3288d1688130193055566a10d153a20ef7:1311,0.25,0,circular,diffusive,outside,False,83.83525085449219,0.027359437751004016,0.027359437751004016,,,0.00796517653244098
1312,5de6c12e02a9e36835018cc3abb08e3288d1688130193055566a10d153a20ef7:1312,0.25,0,circular,ballistic,outside,False,80.61775207519531,0.02610441767068273,0.02610441767068273,,,0.01062550727335177
1313,5de6c12e02a9e36835018cc3abb08e3288d1688130193055566a10d153a20ef7:1313,0.25,0,circular,diffusive,inside,False,83.81853485107422,0.02961847389558233,0.02339572192513369,0.04838709677419355,0.024991374849059857,0.011783829913961348
1314,5de6c12e02a9e36835018cc3abb08e3288d1688130193055566a10d153a20ef7:1314,0.25,2,elliptical,ballistic,outside,False,6.097301959991455,0.02610441767068273,0.02610441767068273,,,0.011665612488576556
1315,5de6c12e02a9e36835018cc3abb08e3288d1688130193055566a10d153a20ef7:1315,0.25,1,elliptical,diffusive,edge,False,58.67159652709961,0.03438755020080321,0.03416313559322034,0.038461538461538464,0.0042984028683181255,0.011684499811553596
1316,5de6c12e02a9e36835018cc3abb08e3288d1688130193055566a10d153a20ef7:1316,0.25,1,circular,ballistic,outside,False,56.27644729614258,0.028112449799196786,0.028112449799196786,,,0.007377981152961378
1317,5de6c12e02a9e36835018cc3abb08e3288d1688130193055566a10d153a20ef7:1317,0.25,2,circular,diffusive,inside,False,9.477272033691406,0.029367469879518073,0.029367469879518073,,,0.011749025841835794
1318,5de6c12e02a9e36835018cc3abb08e3288d1688130193055566a10d153a20ef7:1318,0.25,2,elliptical,ballistic,edge,False,47.66861343383789,0.02961847389558233,0.02961847389558233,,,0.010324781024700368
1319,5de6c12e02a9e36835018cc3abb08e3288d1688130193055566a10d153a20ef7:1319,0.25,1,circular,ballistic,edge,False,82.48712921142578,0.027359437751004016,0.027359437751004016,,,0.008574644002278475
1320,5de6c12e02a9e36835018cc3abb08e3288d1688130193055566a10d153a20ef7:1320,0.25,2,circular,ballistic,outside,False,27.483379364013672,0.02635542168674699,0.02635542168674699,,,0.01006209952451177
1321,5de6c12e02a9e36835018cc3abb08e3288d1688130193055566a10d153a20ef7:1321,0.25,0,elliptical,diffusive,inside,False,81.34609985351562,0.03313253012048193,0.03313253012048193,,,0.009524932711350539
1322,5de6c12e02a9e36835018cc3abb08e3288d1688130193055566a10d153a20ef7:1322,0.25,2,circular,diffusive,edge,False,3.48553466796875,0.020080321285140562,0.020080321285140562,,,0.008519358809476477
1323,5de6c12e02a9e36835018cc3abb08e3288d1688130193055566a10d153a20ef7:1323,0.25,1,elliptical,ballistic,inside,False,71.00452423095703,0.02710843373493976,0.024305555555555556,0.027884615384615386,0.0035790598290598302,0.013129213685363475
1324,5de6c12e02a9e36835018cc3abb08e3288d1688130193055566a10d153a20ef7:1324,0.25,1,circular,diffusive,outside,False,83.83525085449219,0.03112449799196787,0.03112449799196787,,,0.004709252770907057
1325,5de6c12e02a9e36835018cc3abb08e3288d1688130193055566a10d153a20ef7:1325,0.25,0,elliptical,ballistic,edge,False,83.11492919921875,0.0321285140562249,0.0321285140562249,,,0.012499899194767803
1326,5de6c12e02a9e36835018cc3abb08e3288d1688130193055566a10d153a20ef7:1326,0.25,0,elliptical,diffusive,outside,False,83.83525085449219,0.029869477911646587,0.029869477911646587,,,0.01101847593757428
1327,5de6c12e02a9e36835018cc3abb08e3288d1688130193055566a10d153a20ef7:1327,0.25,0,circular,ballistic,inside,False,81.11022186279297,0.027610441767068273,0.025390625,0.02900326797385621,0.00361264297385621,0.010470207637858539
1328,5de6c12e02a9e36835018cc3abb08e3288d1688130193055566a10d153a20ef7:1328,0.25,1,circular,diffusive,inside,False,78.78519439697266,0.0321285140562249,0.0321285140562249,,,0.01273953568318225
1329,5de6c12e02a9e36835018cc3abb08e3288d1688130193055566a10d153a20ef7:1329,0.25,2,elliptical,ballistic,inside,False,33.8945198059082,0.02886546184738956,0.02886546184738956,,,0.011877026269398573
1330,5de6c12e02a9e36835018cc3abb08e3288d1688130193055566a10d153a20ef7:1330,0.25,0,elliptical,ballistic,inside,False,83.63269805908203,0.03237951807228916,0.03237951807228916,,,0.006143191892831535
1331,5de6c12e02a9e36835018cc3abb08e3288d1688130193055566a10d153a20ef7:1331,0.25,1,elliptical,diffusive,inside,False,75.50682830810547,0.028363453815261043,0.02109375,0.031804733727810654,0.010710983727810652,0.01651102815029486
1296,5de6c12e02a9e36835018cc3abb08e3288d1688130193055566a10d153a20ef7:1296,0.5,2,circular,ballistic,inside,False,6.179956912994385,0.07114228456913828,0.02992021276595745,0.09606109324758842,0.06614088048163097,0.020650765376277504
1297,5de6c12e02a9e36835018cc3abb08e3288d1688130193055566a10d153a20ef7:1297,0.5,0,elliptical,diffusive,edge,False,83.83525085449219,0.026427855711422844,0.025907494145199064,0.029513888888888888,0.003606394743689824,0.005644616402426729
1298,5de6c12e02a9e36835018cc3abb08e3288d1688130193055566a10d153a20ef7:1298,0.5,2,elliptical,diffusive,edge,False,10.359150886535645,0.02905811623246493,0.028949386503067484,0.02926300578034682,0.000313619277279336,0.008590394889520164
1299,5de6c12e02a9e36835018cc3abb08e3288d1688130193055566a10d153a20ef7:1299,0.5,1,elliptical,ballistic,edge,False,71.23707580566406,0.027304609218436873,0.02564794816414687,0.04861111111111111,0.022963162946964242,0.006901291239456869
1300,5de6c12e02a9e36835018cc3abb08e3288d1688130193055566a10d153a20ef7:1300,0.5,2,circular,ballistic,edge,False,42.852664947509766,0.03006012024048096,0.03125,0.010775862068965518,-0.020474137931034482,0.00872088937150762
1301,5de6c12e02a9e36835018cc3abb08e3288d1688130193055566a10d153a20ef7:1301,0.5,0,elliptical,ballistic,outside,False,83.4959487915039,0.02717935871743487,0.02798723897911833,0.022058823529411766,-0.005928415449706563,0.009093393396010348
1302,5de6c12e02a9e36835018cc3abb08e3288d1688130193055566a10d153a20ef7:1302,0.5,1,elliptical,diffusive,outside,False,83.83525085449219,0.026803607214428857,0.022935779816513763,0.027884615384615386,0.004948835568101623,0.00918010130351137
1303,5de6c12e02a9e36835018cc3abb08e3288d1688130193055566a10d153a20ef7:1303,0.5,2,elliptical,diffusive,outside,False,83.83525085449219,0.026678356713426853,0.026678356713426853,,,0.009358651725061444
1304,5de6c12e02a9e36835018cc3abb08e3288d1688130193055566a10d153a20ef7:1304,0.5,1,elliptical,ballistic,outside,False,79.86658477783203,0.02655310621242485,0.027139874739039668,0.0125,-0.014639874739039667,0.009804802500391247
1305,5de6c12e02a9e36835018cc3abb08e3288d1688130193055566a10d153a20ef7:1305,0.5,2,elliptical,diffusive,inside,False,38.483642578125,0.03031062124248497,0.030552738336713996,0.010416666666666666,-0.02013607167004733,0.006828162911041589
1306,5de6c12e02a9e36835018cc3abb08e3288d1688130193055566a10d153a20ef7:1306,0.5,1,circular,diffusive,edge,False,76.8255615234375,0.031062124248496994,0.03131443298969072,0.022321428571428572,-0.00899300441826215,0.009919333603819304
1307,5de6c12e02a9e36835018cc3abb08e3288d1688130193055566a10d153a20ef7:1307,0.5,1,circular,ballistic,inside,False,73.26616668701172,0.02530060120240481,0.02530060120240481,,,0.005964870190275881
1308,5de6c12e02a9e36835018cc3abb08e3288d1688130193055566a10d153a20ef7:1308,0.5,0,circular,ballistic,edge,False,83.54314422607422,0.03256513026052104,0.03134556574923547,0.03488372093023256,0.0035381551809970865,0.012624852874102357
1309,5de6c12e02a9e36835018cc3abb08e3288d1688130193055566a10d153a20ef7:1309,0.5,2,circular,diffusive,outside,False,13.554974555969238,0.028181362725450902,0.027127659574468086,0.04525862068965517,0.018130961115187087,0.01005052352069623
1310,5de6c12e02a9e36835018cc3abb08e3288d1688130193055566a10d153a20ef7:1310,0.5,0,circular,diffusive,edge,False,82.37804412841797,0.02755511022044088,0.026017441860465115,0.03713768115942029,0.011120239298955174,0.007548356299258197
1311,5de6c12e02a9e36835018cc3abb08e3288d1688130193055566a10d153a20ef7:1311,0.5,0,circular,diffusive,outside,False,83.83525085449219,0.025050100200400802,0.027439024390243903,0.02046783625730994,-0.006971188132933962,0.005970127899705904
1312,5de6c12e02a9e36835018cc3abb08e3288d1688130193055566a10d153a20ef7:1312,0.5,0,circular,ballistic,outside,False,80.61775207519531,0.028807615230460923,0.02728658536585366,0.03581460674157303,0.008528021375719372,0.009422967371645306
1313,5de6c12e02a9e36835018cc3abb08e3288d1688130193055566a10d153a20ef7:1313,0.5,0,circular,diffusive,inside,False,83.81853485107422,0.029934869739478957,0.02339572192513369,0.033854166666666664,0.010458444741532975,0.01216349396924326
1314,5de6c12e02a9e36835018cc3abb08e3288d1688130193055566a10d153a20ef7:1314,0.5,2,elliptical,ballistic,outside,False,6.097301959991455,0.0374498997995992,0.027156549520766772,0.054771505376344086,0.027614955855577314,0.011021332414626737
1315,5de6c12e02a9e36835018cc3abb08e3288d1688130193055566a10d153a20ef7:1315,0.5,1,elliptical,diffusive,edge,False,58.67159652709961,0.033316633266533065,0.03416313559322034,0.03255703422053232,-0.001606101372688018,0.011177510780221996
1316,5de6c12e02a9e36835018cc3abb08e3288d1688130193055566a10d153a20ef7:1316,0.5,1,circular,ballistic,outside,False,56.27644729614258,0.028557114228456915,0.030988857938718663,0.022321428571428572,-0.008667429367290092,0.007793762117286596
1317,5de6c12e02a9e36835018cc3abb08e3288d1688130193055566a10d153a20ef7:1317,0.5,2,circular,diffusive,inside,False,9.477272033691406,0.03369238476953908,0.028284671532846715,0.04027777777777778,0.011993106244931065,0.013692463595094009
1318,5de6c12e02a9e36835018cc3abb08e3288d1688130193055566a10d153a20ef7:1318,0.5,2,elliptical,ballistic,edge,False,47.66861343383789,0.026678356713426853,0.026755852842809364,0.0265625,-0.00019335284280936477,0.009264304671957588
1319,5de6c12e02a9e36835018cc3abb08e3288d1688130193055566a10d153a20ef7:1319,0.5,1,circular,ballistic,edge,False,82.48712921142578,0.028557114228456915,0.029938271604938272,0.022606382978723406,-0.007331888626214866,0.006454959281926416
1320,5de6c12e02a9e36835018cc3abb08e3288d1688130193055566a10d153a20ef7:1320,0.5,2,circular,ballistic,outside,False,27.483379364013672,0.02755511022044088,0.028255988023952096,0.026136363636363635,-0.002119624387588462,0.010218475979143857
1321,5de6c12e02a9e36835018cc3abb08e3288d1688130193055566a10d153a20ef7:1321,0.5,0,elliptical,diffusive,inside,False,81.34609985351562,0.033316633266533065,0.03195224719101124,0.03671328671328671,0.0047610395222754745,0.00834961588802553
1322,5de6c12e02a9e36835018cc3abb08e3288d1688130193055566a10d153a20ef7:1322,0.5,2,circular,diffusive,edge,False,3.48553466796875,0.03356713426853707,0.01986434108527132,0.04823651452282158,0.02837217343755026,0.014666614397098644
1323,5de6c12e02a9e36835018cc3abb08e3288d1688130193055566a10d153a20ef7:1323,0.5,1,elliptical,ballistic,inside,False,71.00452423095703,0.025801603206412827,0.024305555555555556,0.02598314606741573,0.0016775905118601754,0.009207402780305164
1324,5de6c12e02a9e36835018cc3abb08e3288d1688130193055566a10d153a20ef7:1324,0.5,1,circular,diffusive,outside,False,83.83525085449219,0.03206412825651302,0.03187361419068736,0.033854166666666664,0.001980552475979301,0.004619010249144733
1325,5de6c12e02a9e36835018cc3abb08e3288d1688130193055566a10d153a20ef7:1325,0.5,0,elliptical,ballistic,edge,False,83.11492919921875,0.03281563126252505,0.03281563126252505,,,0.008702882147314734
1326,5de6c12e02a9e36835018cc3abb08e3288d1688130193055566a10d153a20ef7:1326,0.5,0,elliptical,diffusive,outside,False,83.83525085449219,0.025801603206412827,0.025801603206412827,,,0.006973652759055639
1327,5de6c12e02a9e36835018cc3abb08e3288d1688130193055566a10d153a20ef7:1327,0.5,0,circular,ballistic,inside,False,81.11022186279297,0.031187374749498998,0.025390625,0.032568238213399506,0.007177613213399506,0.0048686853019981975
1328,5de6c12e02a9e36835018cc3abb08e3288d1688130193055566a10d153a20ef7:1328,0.5,1,circular,diffusive,inside,False,78.78519439697266,0.03156312625250501,0.03280386740331492,0.028284671532846715,-0.004519195870468201,0.007777642633396804
1329,5de6c12e02a9e36835018cc3abb08e3288d1688130193055566a10d153a20ef7:1329,0.5,2,elliptical,ballistic,inside,False,33.8945198059082,0.026177354709418836,0.026526915113871636,0.015625,-0.010901915113871636,0.010248369195554425
1330,5de6c12e02a9e36835018cc3abb08e3288d1688130193055566a10d153a20ef7:1330,0.5,0,elliptical,ballistic,inside,False,83.63269805908203,0.030811623246492986,0.03049698795180723,0.03143712574850299,0.0009401377966957621,0.006809758125785665
1331,5de6c12e02a9e36835018cc3abb08e3288d1688130193055566a10d153a20ef7:1331,0.5,1,elliptical,diffusive,inside,False,75.50682830810547,0.028306613226452906,0.02109375,0.02968377088305489,0.00859002088305489,0.00918010130351137
1296,5de6c12e02a9e36835018cc3abb08e3288d1688130193055566a10d153a20ef7:1296,1.0,2,circular,ballistic,inside,False,6.179956912994385,0.12869119119119118,0.02992021276595745,0.15158754623921086,0.12166733347325341,0.031350711237116316
1297,5de6c12e02a9e36835018cc3abb08e3288d1688130193055566a10d153a20ef7:1297,1.0,0,elliptical,diffusive,edge,False,83.83525085449219,0.029154154154154153,0.025907494145199064,0.0315777972027972,0.005670303057598136,0.004025452437974328
1298,5de6c12e02a9e36835018cc3abb08e3288d1688130193055566a10d153a20ef7:1298,1.0,2,elliptical,diffusive,edge,False,10.359150886535645,0.03440940940940941,0.028949386503067484,0.037054234769687965,0.00810484826662048,0.01414246065497662
1299,5de6c12e02a9e36835018cc3abb08e3288d1688130193055566a10d153a20ef7:1299,1.0,1,elliptical,ballistic,edge,False,71.23707580566406,0.027402402402402402,0.02564794816414687,0.028917910447761194,0.0032699622836143243,0.006442425256184184
1300,5de6c12e02a9e36835018cc3abb08e3288d1688130193055566a10d153a20ef7:1300,1.0,2,circular,ballistic,edge,False,42.852664947509766,0.03272022022022022,0.03125,0.034026465028355386,0.0027764650283553863,0.007964634399445624
1301,5de6c12e02a9e36835018cc3abb08e3288d1688130193055566a10d153a20ef7:1301,1.0,0,elliptical,ballistic,outside,False,83.4959487915039,0.026088588588588587,0.02798723897911833,0.02464788732394366,-0.003339351655174669,0.008110724114249557
1302,5de6c12e02a9e36835018cc3abb08e3288d1688130193055566a10d153a20ef7:1302,1.0,1,elliptical,diffusive,outside,False,83.83525085449219,0.027777777777777776,0.022935779816513763,0.028370786516853933,0.0054350067003401704,0.005302707732837111
1303,5de6c12e02a9e36835018cc3abb08e3288d1688130193055566a10d153a20ef7:1303,1.0,2,elliptical,diffusive,outside,False,83.83525085449219,0.03009259259259259,0.026996370235934663,0.033900669642857144,0.006904299406922481,0.008141550660621832
1304,5de6c12e02a9e36835018cc3abb08e3288d1688130193055566a10d153a20ef7:1304,1.0,1,elliptical,ballistic,outside,False,79.86658477783203,0.02927927927927928,0.027139874739039668,0.03125,0.004110125260960332,0.009157244476242235
1305,5de6c12e02a9e36835018cc3abb08e3288d1688130193055566a10d153a20ef7:1305,1.0,2,elliptical,diffusive,inside,False,38.483642578125,0.03290790790790791,0.030552738336713996,0.03520256916996047,0.004649830833246476,0.007805040127002349
1306,5de6c12e02a9e36835018cc3abb08e3288d1688130193055566a10d153a20ef7:1306,1.0,1,circular,diffusive,edge,False,76.8255615234375,0.03146896896896897,0.03131443298969072,0.0316147859922179,0.0003003530025271761,0.0076824687035116175
1307,5de6c12e02a9e36835018cc3abb08e3288d1688130193055566a10d153a20ef7:1307,1.0,1,circular,ballistic,inside,False,73.26616668701172,0.028591091091091092,0.026887175324675324,0.031331592689295036,0.004444417364619712,0.005553286494751977
1308,5de6c12e02a9e36835018cc3abb08e3288d1688130193055566a10d153a20ef7:1308,1.0,0,circular,ballistic,edge,False,83.54314422607422,0.031156156156156155,0.03134556574923547,0.031063988095238096,-0.0002815776539973752,0.008529643126703835
1309,5de6c12e02a9e36835018cc3abb08e3288d1688130193055566a10d153a20ef7:1309,1.0,2,circular,diffusive,outside,False,13.554974555969238,0.03171921921921922,0.027127659574468086,0.03579867674858223,0.008671017174114146,0.009848984808141408
1310,5de6c12e02a9e36835018cc3abb08e3288d1688130193055566a10d153a20ef7:1310,1.0,0,circular,diffusive,edge,False,82.37804412841797,0.025963463463463465,0.026017441860465115,0.02592267135325132,-9.477050721379623e-05,0.0053464459348041135
1311,5de6c12e02a9e36835018cc3abb08e3288d1688130193055566a10d153a20ef7:1311,1.0,0,circular,diffusive,outside,False,83.83525085449219,0.0254004004004004,0.027439024390243903,0.02440387481371088,-0.0030351495765330236,0.005498391527207165
1312,5de6c12e02a9e36835018cc3abb08e3288d1688130193055566a10d153a20ef7:1312,1.0,0,circular,ballistic,outside,False,80.61775207519531,0.02733983983983984,0.02728658536585366,0.02737691001697793,9.032465112427182e-05,0.006916771600031668
1313,5de6c12e02a9e36835018cc3abb08e3288d1688130193055566a10d153a20ef7:1313,1.0,0,circular,diffusive,inside,False,83.81853485107422,0.03003003003003003,0.02339572192513369,0.031557881773399014,0.008162159848265325,0.007453089395313028
1314,5de6c12e02a9e36835018cc3abb08e3288d1688130193055566a10d153a20ef7:1314,1.0,2,elliptical,ballistic,outside,False,6.097301959991455,0.07207207207207207,0.027156549520766772,0.09256559766763849,0.0654090481468717,0.0324728026406679
1315,5de6c12e02a9e36835018cc3abb08e3288d1688130193055566a10d153a20ef7:1315,1.0,1,elliptical,diffusive,edge,False,58.67159652709961,0.032532532532532535,0.03416313559322034,0.032028178243774574,-0.002134957349445764,0.006921579922892558
1316,5de6c12e02a9e36835018cc3abb08e3288d1688130193055566a10d153a20ef7:1316,1.0,1,circular,ballistic,outside,False,56.27644729614258,0.030593093093093094,0.030988857938718663,0.03037109375,-0.000617764188718662,0.007433896294367895
1317,5de6c12e02a9e36835018cc3abb08e3288d1688130193055566a10d153a20ef7:1317,1.0,2,circular,diffusive,inside,False,9.477272033691406,0.05799549549549549,0.028284671532846715,0.06922413793103448,0.04093946639818776,0.025014308891772658
1318,5de6c12e02a9e36835018cc3abb08e3288d1688130193055566a10d153a20ef7:1318,1.0,2,elliptical,ballistic,edge,False,47.66861343383789,0.028966466466466466,0.026755852842809364,0.029910714285714287,0.003154861442904923,0.00619306171637521
1319,5de6c12e02a9e36835018cc3abb08e3288d1688130193055566a10d153a20ef7:1319,1.0,1,circular,ballistic,edge,False,82.48712921142578,0.026901901901901903,0.029938271604938272,0.024831649831649833,-0.005106621773288439,0.00441852942517757
1320,5de6c12e02a9e36835018cc3abb08e3288d1688130193055566a10d153a20ef7:1320,1.0,2,circular,ballistic,outside,False,27.483379364013672,0.038288288288288286,0.028255988023952096,0.04332706766917293,0.015071079645220833,0.011291805978657135
1321,5de6c12e02a9e36835018cc3abb08e3288d1688130193055566a10d153a20ef7:1321,1.0,0,elliptical,diffusive,inside,False,81.34609985351562,0.029466966966966966,0.03195224719101124,0.028090979782270608,-0.0038612674087406297,0.006080810743011605
1322,5de6c12e02a9e36835018cc3abb08e3288d1688130193055566a10d153a20ef7:1322,1.0,2,circular,diffusive,edge,False,3.48553466796875,0.060810810810810814,0.01986434108527132,0.07506747638326586,0.05520313529799454,0.04498939950799646
1323,5de6c12e02a9e36835018cc3abb08e3288d1688130193055566a10d153a20ef7:1323,1.0,1,elliptical,ballistic,inside,False,71.00452423095703,0.028716216216216218,0.024305555555555556,0.02896825396825397,0.0046626984126984135,0.007797765271622339
1324,5de6c12e02a9e36835018cc3abb08e3288d1688130193055566a10d153a20ef7:1324,1.0,1,circular,diffusive,outside,False,83.83525085449219,0.029466966966966966,0.03187361419068736,0.027486313868613138,-0.004387300322074225,0.004835968729273119
1325,5de6c12e02a9e36835018cc3abb08e3288d1688130193055566a10d153a20ef7:1325,1.0,0,elliptical,ballistic,edge,False,83.11492919921875,0.029466966966966966,0.03054592720970537,0.027991706161137442,-0.00255422104856793,0.007438107239289242
1326,5de6c12e02a9e36835018cc3abb08e3288d1688130193055566a10d153a20ef7:1326,1.0,0,elliptical,diffusive,outside,False,83.83525085449219,0.02784034034034034,0.027263779527559054,0.028846153846153848,0.0015823743185947939,0.008223824456790374
1327,5de6c12e02a9e36835018cc3abb08e3288d1688130193055566a10d153a20ef7:1327,1.0,0,circular,ballistic,inside,False,81.11022186279297,0.030155155155155156,0.025390625,0.030661683277962346,0.005271058277962346,0.007225908267257713
1328,5de6c12e02a9e36835018cc3abb08e3288d1688130193055566a10d153a20ef7:1328,1.0,1,circular,diffusive,inside,False,78.78519439697266,0.03165665665665666,0.03280386740331492,0.031004709576138146,-0.0017991578271767707,0.00859182402407552
1329,5de6c12e02a9e36835018cc3abb08e3288d1688130193055566a10d153a20ef7:1329,1.0,2,elliptical,ballistic,inside,False,33.8945198059082,0.03541041041041041,0.026526915113871636,0.04372577519379845,0.017198860079926815,0.011044374560864545
1330,5de6c12e02a9e36835018cc3abb08e3288d1688130193055566a10d153a20ef7:1330,1.0,0,elliptical,ballistic,inside,False,83.63269805908203,0.032157157157157154,0.03049698795180723,0.03298350824587706,0.0024865202940698335,0.007527292914261777
1331,5de6c12e02a9e36835018cc3abb08e3288d1688130193055566a10d153a20ef7:1331,1.0,1,elliptical,diffusive,inside,False,75.50682830810547,0.02827827827827828,0.02109375,0.028903699673558214,0.007809949673558213,0.006625726874311174
1332,5de6c12e02a9e36835018cc3abb08e3288d1688130193055566a10d153a20ef7:1332,0.25,0,elliptical,diffusive,inside,False,81.53754425048828,0.027610441767068273,0.027610441767068273,,,0.0045735108329037644
1333,5de6c12e02a9e36835018cc3abb08e3288d1688130193055566a10d153a20ef7:1333,0.25,0,circular,ballistic,outside,False,82.38937377929688,0.029367469879518073,0.029367469879518073,,,0.007165714068082429
1334,5de6c12e02a9e36835018cc3abb08e3288d1688130193055566a10d153a20ef7:1334,0.25,0,circular,diffusive,outside,False,83.83525085449219,0.034889558232931724,0.034889558232931724,,,0.00973106022840368
1335,5de6c12e02a9e36835018cc3abb08e3288d1688130193055566a10d153a20ef7:1335,0.25,2,elliptical,ballistic,edge,False,19.433177947998047,0.02786144578313253,0.02786144578313253,,,0.006915149253993931
1336,5de6c12e02a9e36835018cc3abb08e3288d1688130193055566a10d153a20ef7:1336,0.25,2,elliptical,diffusive,inside,False,25.95347595214844,0.03137550200803213,0.028872282608695652,0.038461538461538464,0.009589255852842812,0.009307478020953391
1337,5de6c12e02a9e36835018cc3abb08e3288d1688130193055566a10d153a20ef7:1337,0.25,1,circular,diffusive,outside,False,66.5725326538086,0.03237951807228916,0.03237951807228916,,,0.00894856599898388
1338,5de6c12e02a9e36835018cc3abb08e3288d1688130193055566a10d153a20ef7:1338,0.25,0,circular,ballistic,edge,False,81.68851470947266,0.030120481927710843,0.02857142857142857,0.03125,0.0026785714285714295,0.013544917232160685
1339,5de6c12e02a9e36835018cc3abb08e3288d1688130193055566a10d153a20ef7:1339,0.25,1,elliptical,ballistic,edge,False,63.228660583496094,0.027610441767068273,0.027610441767068273,,,0.008016425412987607
1340,5de6c12e02a9e36835018cc3abb08e3288d1688130193055566a10d153a20ef7:1340,0.25,1,circular,ballistic,edge,False,79.49067687988281,0.030873493975903613,0.026041666666666668,0.03283898305084746,0.0067973163841807925,0.015745376091929913
1341,5de6c12e02a9e36835018cc3abb08e3288d1688130193055566a10d153a20ef7:1341,0.25,2,elliptical,ballistic,inside,False,4.185178756713867,0.02535140562248996,0.02535140562248996,,,0.008574644002278475
1342,5de6c12e02a9e36835018cc3abb08e3288d1688130193055566a10d153a20ef7:1342,0.25,1,circular,diffusive,inside,False,73.46902465820312,0.033634538152610444,0.033634538152610444,,,0.011258866210846288
1343,5de6c12e02a9e36835018cc3abb08e3288d1688130193055566a10d153a20ef7:1343,0.25,1,circular,diffusive,edge,False,83.83525085449219,0.028112449799196786,0.028112449799196786,,,0.007969130455013827
1344,5de6c12e02a9e36835018cc3abb08e3288d1688130193055566a10d153a20ef7:1344,0.25,0,circular,ballistic,inside,False,81.25868225097656,0.027610441767068273,0.02546296296296296,0.031609195402298854,0.006146232439335892,0.010566046777032725
1345,5de6c12e02a9e36835018cc3abb08e3288d1688130193055566a10d153a20ef7:1345,0.25,2,circular,diffusive,edge,False,6.139223098754883,0.029367469879518073,0.029367469879518073,,,0.01161961546094649
1346,5de6c12e02a9e36835018cc3abb08e3288d1688130193055566a10d153a20ef7:1346,0.25,2,elliptical,diffusive,outside,False,70.35629272460938,0.030120481927710843,0.030120481927710843,,,0.008695034174542557
1347,5de6c12e02a9e36835018cc3abb08e3288d1688130193055566a10d153a20ef7:1347,0.25,0,circular,diffusive,edge,False,82.9525146484375,0.025853413654618473,0.025853413654618473,,,0.01333632312127031
1348,5de6c12e02a9e36835018cc3abb08e3288d1688130193055566a10d153a20ef7:1348,0.25,0,circular,diffusive,inside,False,80.98873138427734,0.03589357429718876,0.03720238095238095,0.033179012345679014,-0.004023368606701938,0.011684499811553596
1349,5de6c12e02a9e36835018cc3abb08e3288d1688130193055566a10d153a20ef7:1349,0.25,2,elliptical,diffusive,edge,False,4.102702617645264,0.03187751004016064,0.03187751004016064,,,0.007933474211485497
1350,5de6c12e02a9e36835018cc3abb08e3288d1688130193055566a10d153a20ef7:1350,0.25,2,circular,ballistic,inside,False,20.21188163757324,0.029869477911646587,0.029869477911646587,,,0.006767805603771468
1351,5de6c12e02a9e36835018cc3abb08e3288d1688130193055566a10d153a20ef7:1351,0.25,0,elliptical,diffusive,outside,False,83.59098815917969,0.02886546184738956,0.0347877358490566,0.024475524475524476,-0.010312211373532127,0.00802820561833307
1352,5de6c12e02a9e36835018cc3abb08e3288d1688130193055566a10d153a20ef7:1352,0.25,1,elliptical,diffusive,edge,False,81.06195068359375,0.029367469879518073,0.029367469879518073,,,0.007707907897983979
1353,5de6c12e02a9e36835018cc3abb08e3288d1688130193055566a10d153a20ef7:1353,0.25,2,circular,ballistic,outside,False,10.247617721557615,0.03288152610441767,0.03288152610441767,,,0.003165040214085967
1354,5de6c12e02a9e36835018cc3abb08e3288d1688130193055566a10d153a20ef7:1354,0.25,1,elliptical,diffusive,inside,False,81.21761322021484,0.03288152610441767,0.03288152610441767,,,0.010527217357184121
1355,5de6c12e02a9e36835018cc3abb08e3288d1688130193055566a10d153a20ef7:1355,0.25,2,circular,diffusive,inside,False,11.624022483825684,0.03112449799196787,0.03112449799196787,,,0.011314686415245629
1356,5de6c12e02a9e36835018cc3abb08e3288d1688130193055566a10d153a20ef7:1356,0.25,1,elliptical,ballistic,outside,False,78.56356048583984,0.03714859437751004,0.03765368852459016,0.0125,-0.02515368852459016,0.015715337191263584
1357,5de6c12e02a9e36835018cc3abb08e3288d1688130193055566a10d153a20ef7:1357,0.25,1,elliptical,ballistic,inside,False,64.91100311279297,0.028112449799196786,0.028112449799196786,,,0.012418992848245963
1358,5de6c12e02a9e36835018cc3abb08e3288d1688130193055566a10d153a20ef7:1358,0.25,1,elliptical,diffusive,outside,False,79.13198852539062,0.025853413654618473,0.025853413654618473,,,0.011770455911338708
1359,5de6c12e02a9e36835018cc3abb08e3288d1688130193055566a10d153a20ef7:1359,0.25,0,elliptical,ballistic,edge,False,82.84677124023438,0.03263052208835342,0.03841743119266055,0.028125,-0.010292431192660548,0.01165480599020472
1360,5de6c12e02a9e36835018cc3abb08e3288d1688130193055566a10d153a20ef7:1360,0.25,1,circular,ballistic,outside,False,78.59038543701172,0.03112449799196787,0.03112449799196787,,,0.011922030207869394
1361,5de6c12e02a9e36835018cc3abb08e3288d1688130193055566a10d153a20ef7:1361,0.25,2,circular,ballistic,edge,False,48.94974899291992,0.033383534136546184,0.033383534136546184,,,0.010574987165130972
1362,5de6c12e02a9e36835018cc3abb08e3288d1688130193055566a10d153a20ef7:1362,0.25,0,elliptical,ballistic,outside,False,83.44454193115234,0.036646586345381524,0.036646586345381524,,,0.011783829913961348
1363,5de6c12e02a9e36835018cc3abb08e3288d1688130193055566a10d153a20ef7:1363,0.25,2,circular,diffusive,outside,False,46.34088897705078,0.02886546184738956,0.03485576923076923,0.02728426395939086,-0.00757150527137837,0.011791847034685086
1364,5de6c12e02a9e36835018cc3abb08e3288d1688130193055566a10d153a20ef7:1364,0.25,2,elliptical,ballistic,outside,False,33.1642951965332,0.027610441767068273,0.025193798449612403,0.030208333333333334,0.005014534883720931,0.009405117467467467
1365,5de6c12e02a9e36835018cc3abb08e3288d1688130193055566a10d153a20ef7:1365,0.25,0,elliptical,ballistic,inside,False,83.38528442382812,0.0286144578313253,0.0286144578313253,,,0.014260916376849187
1366,5de6c12e02a9e36835018cc3abb08e3288d1688130193055566a10d153a20ef7:1366,0.25,0,elliptical,diffusive,edge,False,82.62499237060547,0.03237951807228916,0.03237951807228916,,,0.009388355526739481
1367,5de6c12e02a9e36835018cc3abb08e3288d1688130193055566a10d153a20ef7:1367,0.25,1,circular,ballistic,inside,False,73.474853515625,0.030622489959839357,0.030622489959839357,,,0.0047888514127356705
1332,5de6c12e02a9e36835018cc3abb08e3288d1688130193055566a10d153a20ef7:1332,0.5,0,elliptical,diffusive,inside,False,81.53754425048828,0.026803607214428857,0.026803607214428857,,,0.007221210072845478
1333,5de6c12e02a9e36835018cc3abb08e3288d1688130193055566a10d153a20ef7:1333,0.5,0,circular,ballistic,outside,False,82.38937377929688,0.027930861723446894,0.02783964365256125,0.02875,0.0009103563474387524,0.0045488526546430055
1334,5de6c12e02a9e36835018cc3abb08e3288d1688130193055566a10d153a20ef7:1334,0.5,0,circular,diffusive,outside,False,83.83525085449219,0.029559118236472944,0.029559118236472944,,,0.007363195619588713
1335,5de6c12e02a9e36835018cc3abb08e3288d1688130193055566a10d153a20ef7:1335,0.5,2,elliptical,ballistic,edge,False,19.433177947998047,0.028557114228456915,0.02910958904109589,0.02459016393442623,-0.00451942510666966,0.007225553658244468
1336,5de6c12e02a9e36835018cc3abb08e3288d1688130193055566a10d153a20ef7:1336,0.5,2,elliptical,diffusive,inside,False,25.95347595214844,0.031437875751503,0.028872282608695652,0.03293650793650794,0.004064225327812285,0.013774708213793683
1337,5de6c12e02a9e36835018cc3abb08e3288d1688130193055566a10d153a20ef7:1337,0.5,1,circular,diffusive,outside,False,66.5725326538086,0.028306613226452906,0.03052805280528053,0.024872448979591837,-0.005655603825688693,0.0054365066167862495
1338,5de6c12e02a9e36835018cc3abb08e3288d1688130193055566a10d153a20ef7:1338,0.5,0,circular,ballistic,edge,False,81.68851470947266,0.03068637274549098,0.02857142857142857,0.03125,0.0026785714285714295,0.009072667686109447
1339,5de6c12e02a9e36835018cc3abb08e3288d1688130193055566a10d153a20ef7:1339,0.5,1,elliptical,ballistic,edge,False,63.228660583496094,0.027930861723446894,0.027450980392156862,0.028432377049180328,0.0009813966570234658,0.007832914385648582
1340,5de6c12e02a9e36835018cc3abb08e3288d1688130193055566a10d153a20ef7:1340,0.5,1,circular,ballistic,edge,False,79.49067687988281,0.02780561122244489,0.026041666666666668,0.02810304449648712,0.0020613778298204516,0.01314832011223518
1341,5de6c12e02a9e36835018cc3abb08e3288d1688130193055566a10d153a20ef7:1341,0.5,2,elliptical,ballistic,inside,False,4.185178756713867,0.05673847695390782,0.02561837455830389,0.09751157407407407,0.07189319951577018,0.023568070966041434
1342,5de6c12e02a9e36835018cc3abb08e3288d1688130193055566a10d153a20ef7:1342,0.5,1,circular,diffusive,inside,False,73.46902465820312,0.033942885771543085,0.03424134419551935,0.015625,-0.01861634419551935,0.009445415907366169
1343,5de6c12e02a9e36835018cc3abb08e3288d1688130193055566a10d153a20ef7:1343,0.5,1,circular,diffusive,edge,False,83.83525085449219,0.02780561122244489,0.02806712962962963,0.026119402985074626,-0.0019477266445550034,0.007255885950881884
1344,5de6c12e02a9e36835018cc3abb08e3288d1688130193055566a10d153a20ef7:1344,0.5,0,circular,ballistic,inside,False,81.25868225097656,0.028306613226452906,0.02546296296296296,0.02967359050445104,0.004210627541488078,0.009070073642400638
1345,5de6c12e02a9e36835018cc3abb08e3288d1688130193055566a10d153a20ef7:1345,0.5,2,circular,diffusive,edge,False,6.139223098754883,0.032439879759519036,0.029423076923076923,0.03807471264367816,0.00865163572060124,0.008560209731884658
1346,5de6c12e02a9e36835018cc3abb08e3288d1688130193055566a10d153a20ef7:1346,0.5,2,elliptical,diffusive,outside,False,70.35629272460938,0.02968436873747495,0.02953125,0.030303030303030304,0.0007717803030303054,0.005754711927685442
1347,5de6c12e02a9e36835018cc3abb08e3288d1688130193055566a10d153a20ef7:1347,0.5,0,circular,diffusive,edge,False,82.9525146484375,0.027054108216432865,0.02711038961038961,0.0268640350877193,-0.0002463545226703105,0.00841325432051436
1348,5de6c12e02a9e36835018cc3abb08e3288d1688130193055566a10d153a20ef7:1348,0.5,0,circular,diffusive,inside,False,80.98873138427734,0.031437875751503,0.03720238095238095,0.028512084592145014,-0.008690296360235938,0.008322327951092294
1349,5de6c12e02a9e36835018cc3abb08e3288d1688130193055566a10d153a20ef7:1349,0.5,2,elliptical,diffusive,edge,False,4.102702617645264,0.03707414829659319,0.03211805555555555,0.04383886255924171,0.011720807003686155,0.013102902635893808
1350,5de6c12e02a9e36835018cc3abb08e3288d1688130193055566a10d153a20ef7:1350,0.5,2,circular,ballistic,inside,False,20.21188163757324,0.02905811623246493,0.02905811623246493,,,0.008078414577453457
1351,5de6c12e02a9e36835018cc3abb08e3288d1688130193055566a10d153a20ef7:1351,0.5,0,elliptical,diffusive,outside,False,83.59098815917969,0.025801603206412827,0.0347877358490566,0.023377862595419848,-0.011409873253636755,0.005053667585629262
1352,5de6c12e02a9e36835018cc3abb08e3288d1688130193055566a10d153a20ef7:1352,0.5,1,elliptical,diffusive,edge,False,81.06195068359375,0.031062124248496994,0.030684754521963824,0.03236607142857143,0.001681316906607607,0.007049723085906959
1353,5de6c12e02a9e36835018cc3abb08e3288d1688130193055566a10d153a20ef7:1353,0.5,2,circular,ballistic,outside,False,10.247617721557615,0.03193887775551102,0.032432432432432434,0.030523255813953487,-0.0019091766184789472,0.005633488513038332
1354,5de6c12e02a9e36835018cc3abb08e3288d1688130193055566a10d153a20ef7:1354,0.5,1,elliptical,diffusive,inside,False,81.21761322021484,0.03168837675350701,0.033807829181494664,0.028956422018348624,-0.00485140716314604,0.00947857527179987
1355,5de6c12e02a9e36835018cc3abb08e3288d1688130193055566a10d153a20ef7:1355,0.5,2,circular,diffusive,inside,False,11.624022483825684,0.03168837675350701,0.03131898454746137,0.035326086956521736,0.004007102409060367,0.008077443555804724
1356,5de6c12e02a9e36835018cc3abb08e3288d1688130193055566a10d153a20ef7:1356,0.5,1,elliptical,ballistic,outside,False,78.56356048583984,0.033942885771543085,0.03765368852459016,0.030392156862745098,-0.007261531661845063,0.009912214180083458
1357,5de6c12e02a9e36835018cc3abb08e3288d1688130193055566a10d153a20ef7:1357,0.5,1,elliptical,ballistic,inside,False,64.91100311279297,0.026678356713426853,0.026678356713426853,,,0.008501363339004668
1358,5de6c12e02a9e36835018cc3abb08e3288d1688130193055566a10d153a20ef7:1358,0.5,1,elliptical,diffusive,outside,False,79.13198852539062,0.023922845691382765,0.024440298507462686,0.022865853658536585,-0.0015744448489261008,0.008582173102768487
1359,5de6c12e02a9e36835018cc3abb08e3288d1688130193055566a10d153a20ef7:1359,0.5,0,elliptical,ballistic,edge,False,82.84677124023438,0.03156312625250501,0.03841743119266055,0.029647435897435896,-0.008769995295224653,0.007873864551854565
1360,5de6c12e02a9e36835018cc3abb08e3288d1688130193055566a10d153a20ef7:1360,0.5,1,circular,ballistic,outside,False,78.59038543701172,0.03281563126252505,0.031177494199535964,0.043198529411764705,0.012021035212228741,0.009711559105701468
1361,5de6c12e02a9e36835018cc3abb08e3288d1688130193055566a10d153a20ef7:1361,0.5,2,circular,ballistic,edge,False,48.94974899291992,0.03156312625250501,0.03313758389261745,0.029228855721393034,-0.003908728171224417,0.0033608236134766386
1362,5de6c12e02a9e36835018cc3abb08e3288d1688130193055566a10d153a20ef7:1362,0.5,0,elliptical,ballistic,outside,False,83.44454193115234,0.030435871743486973,0.030435871743486973,,,0.010556024245562345
1363,5de6c12e02a9e36835018cc3abb08e3288d1688130193055566a10d153a20ef7:1363,0.5,2,circular,diffusive,outside,False,46.34088897705078,0.026427855711422844,0.03485576923076923,0.025447427293064876,-0.009408341937704356,0.009196321330551415
1364,5de6c12e02a9e36835018cc3abb08e3288d1688130193055566a10d153a20ef7:1364,0.5,2,elliptical,ballistic,outside,False,33.1642951965332,0.02930861723446894,0.025193798449612403,0.030743243243243245,0.005549444793630842,0.009476092344377624
1365,5de6c12e02a9e36835018cc3abb08e3288d1688130193055566a10d153a20ef7:1365,0.5,0,elliptical,ballistic,inside,False,83.38528442382812,0.028056112224448898,0.028056112224448898,,,0.009018036072144287
1366,5de6c12e02a9e36835018cc3abb08e3288d1688130193055566a10d153a20ef7:1366,0.5,0,elliptical,diffusive,edge,False,82.62499237060547,0.029559118236472944,0.029559118236472944,,,0.006074326479449971
1367,5de6c12e02a9e36835018cc3abb08e3288d1688130193055566a10d153a20ef7:1367,0.5,1,circular,ballistic,inside,False,73.474853515625,0.026427855711422844,0.027901785714285716,0.013480392156862746,-0.01442139355742297,0.005008454164111274
1332,5de6c12e02a9e36835018cc3abb08e3288d1688130193055566a10d153a20ef7:1332,1.0,0,elliptical,diffusive,inside,False,81.53754425048828,0.02902902902902903,0.026831345826235094,0.03216019417475728,0.005328848348522187,0.006380154546537519
1333,5de6c12e02a9e36835018cc3abb08e3288d1688130193055566a10d153a20ef7:1333,1.0,0,circular,ballistic,outside,False,82.38937377929688,0.028465965965965966,0.02783964365256125,0.028977272727272727,0.0011376290747114777,0.0054162705237817636
1334,5de6c12e02a9e36835018cc3abb08e3288d1688130193055566a10d153a20ef7:1334,1.0,0,circular,diffusive,outside,False,83.83525085449219,0.028903903903903905,0.02885492700729927,0.028963414634146343,0.00010848762684707164,0.005688722683518172
1335,5de6c12e02a9e36835018cc3abb08e3288d1688130193055566a10d153a20ef7:1335,1.0,2,elliptical,ballistic,edge,False,19.433177947998047,0.037224724724724725,0.02910958904109589,0.043560606060606064,0.014451017019510175,0.010879232085669325
1336,5de6c12e02a9e36835018cc3abb08e3288d1688130193055566a10d153a20ef7:1336,1.0,2,elliptical,diffusive,inside,False,25.95347595214844,0.039602102102102105,0.028872282608695652,0.042024539877300614,0.013152257268604962,0.018569913362018235
1337,5de6c12e02a9e36835018cc3abb08e3288d1688130193055566a10d153a20ef7:1337,1.0,1,circular,diffusive,outside,False,66.5725326538086,0.02827827827827828,0.03052805280528053,0.027298850574712645,-0.0032292022305678847,0.0069935878941351955
1338,5de6c12e02a9e36835018cc3abb08e3288d1688130193055566a10d153a20ef7:1338,1.0,0,circular,ballistic,edge,False,81.68851470947266,0.028403403403403405,0.02857142857142857,0.02838366890380313,-0.0001877596676254402,0.0063887374430529244
1339,5de6c12e02a9e36835018cc3abb08e3288d1688130193055566a10d153a20ef7:1339,1.0,1,elliptical,ballistic,edge,False,63.228660583496094,0.030467967967967968,0.027450980392156862,0.03150201612903226,0.0040510357368753955,0.009510949985731845
1340,5de6c12e02a9e36835018cc3abb08e3288d1688130193055566a10d153a20ef7:1340,1.0,1,circular,ballistic,edge,False,79.49067687988281,0.02827827827827828,0.026041666666666668,0.028451995685005393,0.0024103290183387256,0.009849183510587802
1341,5de6c12e02a9e36835018cc3abb08e3288d1688130193055566a10d153a20ef7:1341,1.0,2,elliptical,ballistic,inside,False,4.185178756713867,0.12043293293293293,0.02561837455830389,0.1579085195530726,0.1322901449947687,0.04687163638485957
1342,5de6c12e02a9e36835018cc3abb08e3288d1688130193055566a10d153a20ef7:1342,1.0,1,circular,diffusive,inside,False,73.46902465820312,0.032595095095095096,0.03424134419551935,0.031003937007874016,-0.0032374071876453345,0.006791136628272991
1343,5de6c12e02a9e36835018cc3abb08e3288d1688130193055566a10d153a20ef7:1343,1.0,1,circular,diffusive,edge,False,83.83525085449219,0.02959209209209209,0.02806712962962963,0.030753968253968252,0.002686838624338623,0.005919026817988381
1344,5de6c12e02a9e36835018cc3abb08e3288d1688130193055566a10d153a20ef7:1344,1.0,0,circular,ballistic,inside,False,81.25868225097656,0.02702702702702703,0.02546296296296296,0.027329749103942653,0.001866786140979692,0.004787569186613862
1345,5de6c12e02a9e36835018cc3abb08e3288d1688130193055566a10d153a20ef7:1345,1.0,2,circular,diffusive,edge,False,6.139223098754883,0.04097847847847848,0.029423076923076923,0.046550445103857564,0.01712736818078064,0.02172200642276164
1346,5de6c12e02a9e36835018cc3abb08e3288d1688130193055566a10d153a20ef7:1346,1.0,2,elliptical,diffusive,outside,False,70.35629272460938,0.03228228228228228,0.02953125,0.03411936560934892,0.004588115609348919,0.007615177204556025
1347,5de6c12e02a9e36835018cc3abb08e3288d1688130193055566a10d153a20ef7:1347,1.0,0,circular,diffusive,edge,False,82.9525146484375,0.027464964964964964,0.02711038961038961,0.02768729641693811,0.0005769068065485002,0.004737849273061858
1348,5de6c12e02a9e36835018cc3abb08e3288d1688130193055566a10d153a20ef7:1348,1.0,0,circular,diffusive,inside,False,80.98873138427734,0.03078078078078078,0.03720238095238095,0.029482551143200964,-0.007719829809179988,0.008246875402044085
1349,5de6c12e02a9e36835018cc3abb08e3288d1688130193055566a10d153a20ef7:1349,1.0,2,elliptical,diffusive,edge,False,4.102702617645264,0.05417917917917918,0.03211805555555555,0.06311533052039381,0.030997274964838256,0.030860787401001625
1350,5de6c12e02a9e36835018cc3abb08e3288d1688130193055566a10d153a20ef7:1350,1.0,2,circular,ballistic,inside,False,20.21188163757324,0.030593093093093094,0.027853260869565216,0.03556338028169014,0.007710119412124926,0.006941625738948433
1351,5de6c12e02a9e36835018cc3abb08e3288d1688130193055566a10d153a20ef7:1351,1.0,0,elliptical,diffusive,outside,False,83.59098815917969,0.02927927927927928,0.0347877358490566,0.02862541993281075,-0.0061623159162458516,0.007192246177777735
1352,5de6c12e02a9e36835018cc3abb08e3288d1688130193055566a10d153a20ef7:1352,1.0,1,elliptical,diffusive,edge,False,81.06195068359375,0.02784034034034034,0.030684754521963824,0.026041666666666668,-0.004643087855297157,0.006005680150486356
1353,5de6c12e02a9e36835018cc3abb08e3288d1688130193055566a10d153a20ef7:1353,1.0,2,circular,ballistic,outside,False,10.247617721557615,0.04986236236236236,0.032432432432432434,0.060115262321144676,0.027682829888712242,0.01863975932152831
1354,5de6c12e02a9e36835018cc3abb08e3288d1688130193055566a10d153a20ef7:1354,1.0,1,elliptical,diffusive,inside,False,81.21761322021484,0.0315940940940941,0.033807829181494664,0.030727715877437327,-0.0030801133040573372,0.007694686539664005
1355,5de6c12e02a9e36835018cc3abb08e3288d1688130193055566a10d153a20ef7:1355,1.0,2,circular,diffusive,inside,False,11.624022483825684,0.03428428428428428,0.03131898454746137,0.036744505494505496,0.005425520947044127,0.008636353316685386
1356,5de6c12e02a9e36835018cc3abb08e3288d1688130193055566a10d153a20ef7:1356,1.0,1,elliptical,ballistic,outside,False,78.56356048583984,0.03196946946946947,0.03765368852459016,0.030132450331125826,-0.007521238193464334,0.007124170169036826
1357,5de6c12e02a9e36835018cc3abb08e3288d1688130193055566a10d153a20ef7:1357,1.0,1,elliptical,ballistic,inside,False,64.91100311279297,0.028966466466466466,0.027216006884681582,0.031399521531100476,0.004183514646418893,0.008339146054752132
1358,5de6c12e02a9e36835018cc3abb08e3288d1688130193055566a10d153a20ef7:1358,1.0,1,elliptical,diffusive,outside,False,79.13198852539062,0.026213713713713713,0.024440298507462686,0.02710843373493976,0.002668135227477074,0.006667830923807812
1359,5de6c12e02a9e36835018cc3abb08e3288d1688130193055566a10d153a20ef7:1359,1.0,0,elliptical,ballistic,edge,False,82.84677124023438,0.03146896896896897,0.03841743119266055,0.03061797752808989,-0.00779945366457066,0.006288393434740559
1360,5de6c12e02a9e36835018cc3abb08e3288d1688130193055566a10d153a20ef7:1360,1.0,1,circular,ballistic,outside,False,78.59038543701172,0.033596096096096095,0.031177494199535964,0.035431338028169015,0.004253843828633051,0.007066800772389166
1361,5de6c12e02a9e36835018cc3abb08e3288d1688130193055566a10d153a20ef7:1361,1.0,2,circular,ballistic,edge,False,48.94974899291992,0.0360985985985986,0.03313758389261745,0.03735734664764622,0.004219762755028771,0.006162650590154398
1362,5de6c12e02a9e36835018cc3abb08e3288d1688130193055566a10d153a20ef7:1362,1.0,0,elliptical,ballistic,outside,False,83.44454193115234,0.03053053053053053,0.030217391304347824,0.030955188679245283,0.0007377973748974587,0.007368584516684413
1363,5de6c12e02a9e36835018cc3abb08e3288d1688130193055566a10d153a20ef7:1363,1.0,2,circular,diffusive,outside,False,46.34088897705078,0.027965465465465467,0.03485576923076923,0.02758711721224921,-0.007268652018520023,0.007831823371807939
1364,5de6c12e02a9e36835018cc3abb08e3288d1688130193055566a10d153a20ef7:1364,1.0,2,elliptical,ballistic,outside,False,33.1642951965332,0.03415915915915916,0.025193798449612403,0.035488505747126434,0.010294707297514031,0.00974290143296835
1365,5de6c12e02a9e36835018cc3abb08e3288d1688130193055566a10d153a20ef7:1365,1.0,0,elliptical,ballistic,inside,False,83.38528442382812,0.031156156156156155,0.028037383177570093,0.03676470588235294,0.00872732270478285,0.00472005408254755
1366,5de6c12e02a9e36835018cc3abb08e3288d1688130193055566a10d153a20ef7:1366,1.0,0,elliptical,diffusive,edge,False,82.62499237060547,0.030905905905905907,0.03055792163543441,0.031401699029126214,0.0008437773936918018,0.006447283797791917
1367,5de6c12e02a9e36835018cc3abb08e3288d1688130193055566a10d153a20ef7:1367,1.0,1,circular,ballistic,inside,False,73.474853515625,0.027277277277277277,0.027901785714285716,0.02676950998185118,-0.0011322757324345352,0.005612527900902353
1368,5de6c12e02a9e36835018cc3abb08e3288d1688130193055566a10d153a20ef7:1368,0.25,0,elliptical,ballistic,outside,False,81.74237823486328,0.03288152610441767,0.03288152610441767,,,0.011132247420450143
1369,5de6c12e02a9e36835018cc3abb08e3288d1688130193055566a10d153a20ef7:1369,0.25,0,circular,diffusive,outside,False,83.83525085449219,0.03288152610441767,0.03383977900552486,0.030330882352941176,-0.0035088966525836825,0.009468542225833342
1370,5de6c12e02a9e36835018cc3abb08e3288d1688130193055566a10d153a20ef7:1370,0.25,2,circular,ballistic,inside,False,26.356016159057617,0.0338855421686747,0.0338855421686747,,,0.010880379920528736
1371,5de6c12e02a9e36835018cc3abb08e3288d1688130193055566a10d153a20ef7:1371,0.25,2,elliptical,ballistic,edge,False,12.912328720092772,0.02535140562248996,0.02535140562248996,,,0.009253166963437129
1372,5de6c12e02a9e36835018cc3abb08e3288d1688130193055566a10d153a20ef7:1372,0.25,0,circular,ballistic,edge,False,82.36524200439453,0.03137550200803213,0.03372524752475248,0.02127659574468085,-0.012448651780071627,0.013982072768278567
1373,5de6c12e02a9e36835018cc3abb08e3288d1688130193055566a10d153a20ef7:1373,0.25,2,circular,ballistic,edge,False,21.265331268310547,0.023092369477911646,0.023092369477911646,,,0.009091752146724313
1374,5de6c12e02a9e36835018cc3abb08e3288d1688130193055566a10d153a20ef7:1374,0.25,1,circular,diffusive,edge,False,79.08965301513672,0.0286144578313253,0.0260989010989011,0.030063291139240507,0.003964390040339407,0.0074290404552955535
1375,5de6c12e02a9e36835018cc3abb08e3288d1688130193055566a10d153a20ef7:1375,0.25,1,circular,diffusive,inside,False,79.74813842773438,0.03639558232931727,0.03650442477876106,0.03630514705882353,-0.0001992777199375309,0.012436736086182223
1376,5de6c12e02a9e36835018cc3abb08e3288d1688130193055566a10d153a20ef7:1376,0.25,0,circular,ballistic,outside,False,83.72325897216797,0.0286144578313253,0.0286144578313253,,,0.01228638378566307
1377,5de6c12e02a9e36835018cc3abb08e3288d1688130193055566a10d153a20ef7:1377,0.25,1,elliptical,ballistic,inside,False,80.90174102783203,0.033383534136546184,0.033383534136546184,,,0.00845626532526256
1378,5de6c12e02a9e36835018cc3abb08e3288d1688130193055566a10d153a20ef7:1378,0.25,0,circular,ballistic,inside,False,81.57209014892578,0.029367469879518073,0.029367469879518073,,,0.004008212706493802
1379,5de6c12e02a9e36835018cc3abb08e3288d1688130193055566a10d153a20ef7:1379,0.25,2,elliptical,diffusive,outside,False,25.30165672302246,0.02284136546184739,0.02403846153846154,0.022151898734177215,-0.0018865628042843245,0.008574644002278475
1380,5de6c12e02a9e36835018cc3abb08e3288d1688130193055566a10d153a20ef7:1380,0.25,1,circular,diffusive,outside,False,82.74510192871094,0.03237951807228916,0.03237951807228916,,,0.011641283760346616
1381,5de6c12e02a9e36835018cc3abb08e3288d1688130193055566a10d153a20ef7:1381,0.25,1,elliptical,ballistic,edge,False,81.51673889160156,0.029869477911646587,0.029869477911646587,,,0.009808445623785102
1382,5de6c12e02a9e36835018cc3abb08e3288d1688130193055566a10d153a20ef7:1382,0.25,2,elliptical,ballistic,inside,False,47.83388519287109,0.025602409638554216,0.02598314606741573,0.025390625,-0.0005925210674157314,0.012729640896692738
1383,5de6c12e02a9e36835018cc3abb08e3288d1688130193055566a10d153a20ef7:1383,0.25,1,circular,ballistic,inside,False,50.662105560302734,0.029869477911646587,0.02195945945945946,0.03321428571428572,0.011254826254826256,0.010598791330681432
1384,5de6c12e02a9e36835018cc3abb08e3288d1688130193055566a10d153a20ef7:1384,0.25,1,elliptical,ballistic,outside,False,62.15064239501953,0.03237951807228916,0.02625,0.03391959798994975,0.007669597989949751,0.012717261587242372
1385,5de6c12e02a9e36835018cc3abb08e3288d1688130193055566a10d153a20ef7:1385,0.25,2,circular,diffusive,edge,False,7.998524665832519,0.024347389558232933,0.024347389558232933,,,0.014495346102390472
1386,5de6c12e02a9e36835018cc3abb08e3288d1688130193055566a10d153a20ef7:1386,0.25,2,elliptical,ballistic,outside,False,18.54296112060547,0.033383534136546184,0.033203125,0.033445945945945944,0.00024282094594594433,0.01670827232996247
1387,5de6c12e02a9e36835018cc3abb08e3288d1688130193055566a10d153a20ef7:1387,0.25,1,elliptical,diffusive,inside,False,80.34375,0.0338855421686747,0.0338855421686747,,,0.010880379920528736
1388,5de6c12e02a9e36835018cc3abb08e3288d1688130193055566a10d153a20ef7:1388,0.25,2,elliptical,diffusive,inside,False,54.989402770996094,0.0303714859437751,0.0303714859437751,,,0.013030469229334748
1389,5de6c12e02a9e36835018cc3abb08e3288d1688130193055566a10d153a20ef7:1389,0.25,0,elliptical,diffusive,edge,False,81.88909912109375,0.02384538152610442,0.02384538152610442,,,0.004755847219251108
1390,5de6c12e02a9e36835018cc3abb08e3288d1688130193055566a10d153a20ef7:1390,0.25,2,circular,diffusive,outside,False,5.963557243347168,0.02786144578313253,0.01953125,0.030743243243243245,0.011211993243243245,0.009600698543627148
1391,5de6c12e02a9e36835018cc3abb08e3288d1688130193055566a10d153a20ef7:1391,0.25,2,circular,ballistic,outside,False,40.50565719604492,0.025853413654618473,0.02478448275862069,0.026785714285714284,0.0020012315270935936,0.0069151492539939316
1392,5de6c12e02a9e36835018cc3abb08e3288d1688130193055566a10d153a20ef7:1392,0.25,1,elliptical,diffusive,edge,False,43.43922424316406,0.02535140562248996,0.02535140562248996,,,0.011132247420450143
1393,5de6c12e02a9e36835018cc3abb08e3288d1688130193055566a10d153a20ef7:1393,0.25,0,elliptical,diffusive,outside,False,83.83525085449219,0.02610441767068273,0.02610441767068273,,,0.0075801550554927205
1394,5de6c12e02a9e36835018cc3abb08e3288d1688130193055566a10d153a20ef7:1394,0.25,2,circular,diffusive,inside,False,4.364990711212158,0.04618473895582329,0.02412280701754386,0.052734375,0.02861156798245614,0.024263144525290308
1395,5de6c12e02a9e36835018cc3abb08e3288d1688130193055566a10d153a20ef7:1395,0.25,0,circular,diffusive,inside,False,83.10958862304688,0.030622489959839357,0.030622489959839357,,,0.0123273385118561
1396,5de6c12e02a9e36835018cc3abb08e3288d1688130193055566a10d153a20ef7:1396,0.25,0,circular,diffusive,edge,False,83.83468627929688,0.02786144578313253,0.02786144578313253,,,0.008777966089380378
1397,5de6c12e02a9e36835018cc3abb08e3288d1688130193055566a10d153a20ef7:1397,0.25,0,elliptical,ballistic,edge,False,83.41496276855469,0.027359437751004016,0.027359437751004016,,,0.004912245429412883
1398,5de6c12e02a9e36835018cc3abb08e3288d1688130193055566a10d153a20ef7:1398,0.25,1,elliptical,diffusive,outside,False,83.83525085449219,0.033383534136546184,0.02952755905511811,0.03739754098360656,0.007869981928488447,0.00757599812890892
1399,5de6c12e02a9e36835018cc3abb08e3288d1688130193055566a10d153a20ef7:1399,0.25,2,elliptical,diffusive,edge,False,35.64596176147461,0.025602409638554216,0.025602409638554216,,,0.006330080428171934
1400,5de6c12e02a9e36835018cc3abb08e3288d1688130193055566a10d153a20ef7:1400,0.25,0,elliptical,diffusive,inside,False,83.42322540283203,0.022339357429718876,0.022339357429718876,,,0.003944837762425128
1401,5de6c12e02a9e36835018cc3abb08e3288d1688130193055566a10d153a20ef7:1401,0.25,1,circular,ballistic,outside,False,78.81412506103516,0.03263052208835342,0.033903301886792456,0.02533783783783784,-0.008565464048954616,0.004347517087271279
1402,5de6c12e02a9e36835018cc3abb08e3288d1688130193055566a10d153a20ef7:1402,0.25,0,elliptical,ballistic,inside,False,81.65277099609375,0.033383534136546184,0.036585365853658534,0.03181137724550898,-0.004773988608149551,0.007575998128908921
1403,5de6c12e02a9e36835018cc3abb08e3288d1688130193055566a10d153a20ef7:1403,0.25,1,circular,ballistic,edge,False,59.5942497253418,0.02610441767068273,0.02610441767068273,,,0.008400201069619233
1368,5de6c12e02a9e36835018cc3abb08e3288d1688130193055566a10d153a20ef7:1368,0.5,0,elliptical,ballistic,outside,False,81.74237823486328,0.027930861723446894,0.031794425087108016,0.022700471698113206,-0.00909395338899481,0.008855662161479727
1369,5de6c12e02a9e36835018cc3abb08e3288d1688130193055566a10d153a20ef7:1369,0.5,0,circular,diffusive,outside,False,83.83525085449219,0.03256513026052104,0.03383977900552486,0.031839622641509434,-0.002000156364015425,0.008308178332553606
1370,5de6c12e02a9e36835018cc3abb08e3288d1688130193055566a10d153a20ef7:1370,0.5,2,circular,ballistic,inside,False,26.356016159057617,0.03093687374749499,0.030829596412556053,0.031839622641509434,0.0010100262289533812,0.008254188572442589
1371,5de6c12e02a9e36835018cc3abb08e3288d1688130193055566a10d153a20ef7:1371,0.5,2,elliptical,ballistic,edge,False,12.912328720092772,0.025050100200400802,0.025458248472505093,0.0,-0.025458248472505093,0.005623733547255423
1372,5de6c12e02a9e36835018cc3abb08e3288d1688130193055566a10d153a20ef7:1372,0.5,0,circular,ballistic,edge,False,82.36524200439453,0.02843186372745491,0.03372524752475248,0.024831649831649833,-0.008893597693102644,0.009465325465886312
1373,5de6c12e02a9e36835018cc3abb08e3288d1688130193055566a10d153a20ef7:1373,0.5,2,circular,ballistic,edge,False,21.265331268310547,0.02717935871743487,0.02626173708920188,0.032534246575342464,0.006272509486140585,0.009912214180083458
1374,5de6c12e02a9e36835018cc3abb08e3288d1688130193055566a10d153a20ef7:1374,0.5,1,circular,diffusive,edge,False,79.08965301513672,0.02968436873747495,0.0260989010989011,0.03048406862745098,0.00438516752854988,0.007137080841637463
1375,5de6c12e02a9e36835018cc3abb08e3288d1688130193055566a10d153a20ef7:1375,0.5,1,circular,diffusive,inside,False,79.74813842773438,0.03494488977955912,0.03650442477876106,0.034488341968911915,-0.0020160828098491484,0.00998789307111204
1376,5de6c12e02a9e36835018cc3abb08e3288d1688130193055566a10d153a20ef7:1376,0.5,0,circular,ballistic,outside,False,83.72325897216797,0.031187374749498998,0.03168767507002801,0.02992957746478873,-0.001758097605239279,0.011668480799267522
1377,5de6c12e02a9e36835018cc3abb08e3288d1688130193055566a10d153a20ef7:1377,0.5,1,elliptical,ballistic,inside,False,80.90174102783203,0.026427855711422844,0.026427855711422844,,,0.007856911116013124
1378,5de6c12e02a9e36835018cc3abb08e3288d1688130193055566a10d153a20ef7:1378,0.5,0,circular,ballistic,inside,False,81.57209014892578,0.03294088176352705,0.030453821656050956,0.037162162162162164,0.006708340506111209,0.006083358940170786
1379,5de6c12e02a9e36835018cc3abb08e3288d1688130193055566a10d153a20ef7:1379,0.5,2,elliptical,diffusive,outside,False,25.30165672302246,0.02755511022044088,0.02403846153846154,0.028339460784313725,0.004300999245852186,0.010521042084168337
1380,5de6c12e02a9e36835018cc3abb08e3288d1688130193055566a10d153a20ef7:1380,0.5,1,circular,diffusive,outside,False,82.74510192871094,0.03068637274549098,0.0306841046277666,0.03125,0.0005658953722334006,0.007310810695146538
1381,5de6c12e02a9e36835018cc3abb08e3288d1688130193055566a10d153a20ef7:1381,0.5,1,elliptical,ballistic,edge,False,81.51673889160156,0.030811623246492986,0.030616554054054054,0.031096059113300493,0.0004795050592464392,0.007837919763107224
1382,5de6c12e02a9e36835018cc3abb08e3288d1688130193055566a10d153a20ef7:1382,0.5,2,elliptical,ballistic,inside,False,47.83388519287109,0.031062124248496994,0.02598314606741573,0.032164634146341464,0.006181488078925733,0.011044793429383068
1383,5de6c12e02a9e36835018cc3abb08e3288d1688130193055566a10d153a20ef7:1383,0.5,1,circular,ballistic,inside,False,50.662105560302734,0.028807615230460923,0.02195945945945946,0.03,0.008040540540540538,0.005815724832787524
1384,5de6c12e02a9e36835018cc3abb08e3288d1688130193055566a10d153a20ef7:1384,0.5,1,elliptical,ballistic,outside,False,62.15064239501953,0.027680360721442886,0.02625,0.02783964365256125,0.0015896436525612498,0.007597039170401177
1385,5de6c12e02a9e36835018cc3abb08e3288d1688130193055566a10d153a20ef7:1385,0.5,2,circular,diffusive,edge,False,7.998524665832519,0.024924849699398798,0.02522935779816514,0.022817460317460316,-0.002411897480704823,0.009924867402634032
1386,5de6c12e02a9e36835018cc3abb08e3288d1688130193055566a10d153a20ef7:1386,0.5,2,elliptical,ballistic,outside,False,18.54296112060547,0.03657314629258517,0.033203125,0.03706896551724138,0.003865840517241377,0.015138221372483093
1387,5de6c12e02a9e36835018cc3abb08e3288d1688130193055566a10d153a20ef7:1387,0.5,1,elliptical,diffusive,inside,False,80.34375,0.030811623246492986,0.030811623246492986,,,0.007837919763107222
1388,5de6c12e02a9e36835018cc3abb08e3288d1688130193055566a10d153a20ef7:1388,0.5,2,elliptical,diffusive,inside,False,54.989402770996094,0.032439879759519036,0.0302734375,0.03967391304347826,0.00940047554347826,0.010732879063569142
1389,5de6c12e02a9e36835018cc3abb08e3288d1688130193055566a10d153a20ef7:1389,0.5,0,elliptical,diffusive,edge,False,81.88909912109375,0.025801603206412827,0.025801603206412827,,,0.006371792255499451
1390,5de6c12e02a9e36835018cc3abb08e3288d1688130193055566a10d153a20ef7:1390,0.5,2,circular,diffusive,outside,False,5.963557243347168,0.04133266533066132,0.01953125,0.04454022988505747,0.025008979885057472,0.011810796827781847
1391,5de6c12e02a9e36835018cc3abb08e3288d1688130193055566a10d153a20ef7:1391,0.5,2,circular,ballistic,outside,False,40.50565719604492,0.03193887775551102,0.02478448275862069,0.03410574412532637,0.009321261366705677,0.006748433764040177
1392,5de6c12e02a9e36835018cc3abb08e3288d1688130193055566a10d153a20ef7:1392,0.5,1,elliptical,diffusive,edge,False,43.43922424316406,0.026427855711422844,0.029023746701846966,0.018229166666666668,-0.010794580035180298,0.008061891303484016
1393,5de6c12e02a9e36835018cc3abb08e3288d1688130193055566a10d153a20ef7:1393,0.5,0,elliptical,diffusive,outside,False,83.83525085449219,0.02379759519038076,0.024466192170818506,0.022935779816513763,-0.0015304123543047436,0.004389132131246301
1394,5de6c12e02a9e36835018cc3abb08e3288d1688130193055566a10d153a20ef7:1394,0.5,2,circular,diffusive,inside,False,4.364990711212158,0.07615230460921844,0.02412280701754386,0.08286199095022624,0.05873918393268238,0.04788174469727601
1395,5de6c12e02a9e36835018cc3abb08e3288d1688130193055566a10d153a20ef7:1395,0.5,0,circular,diffusive,inside,False,83.10958862304688,0.03006012024048096,0.03006012024048096,,,0.009944605832304212
1396,5de6c12e02a9e36835018cc3abb08e3288d1688130193055566a10d153a20ef7:1396,0.5,0,circular,diffusive,edge,False,83.83468627929688,0.031813627254509015,0.031813627254509015,,,0.009801601977211348
1397,5de6c12e02a9e36835018cc3abb08e3288d1688130193055566a10d153a20ef7:1397,0.5,0,elliptical,ballistic,edge,False,83.41496276855469,0.02930861723446894,0.029978586723768737,0.01953125,-0.010447336723768737,0.006603921005242518
1398,5de6c12e02a9e36835018cc3abb08e3288d1688130193055566a10d153a20ef7:1398,0.5,1,elliptical,diffusive,outside,False,83.83525085449219,0.029809619238476952,0.02952755905511811,0.029905913978494625,0.000378354923376515,0.006069159037868596
1399,5de6c12e02a9e36835018cc3abb08e3288d1688130193055566a10d153a20ef7:1399,0.5,2,elliptical,diffusive,edge,False,35.64596176147461,0.03031062124248497,0.03031062124248497,,,0.007203809541356917
1400,5de6c12e02a9e36835018cc3abb08e3288d1688130193055566a10d153a20ef7:1400,0.5,0,elliptical,diffusive,inside,False,83.42322540283203,0.025801603206412827,0.021476833976833976,0.03046875,0.008991916023166024,0.006716977794484932
1401,5de6c12e02a9e36835018cc3abb08e3288d1688130193055566a10d153a20ef7:1401,0.5,1,circular,ballistic,outside,False,78.81412506103516,0.031062124248496994,0.033903301886792456,0.028963414634146343,-0.004939887252646113,0.0059067265143044065
1402,5de6c12e02a9e36835018cc3abb08e3288d1688130193055566a10d153a20ef7:1402,0.5,0,elliptical,ballistic,inside,False,81.65277099609375,0.03156312625250501,0.036585365853658534,0.030575539568345324,-0.00600982628531321,0.006115508825517886
1403,5de6c12e02a9e36835018cc3abb08e3288d1688130193055566a10d153a20ef7:1403,0.5,1,circular,ballistic,edge,False,59.5942497253418,0.026803607214428857,0.02536764705882353,0.029874213836477988,0.004506566777654458,0.008760374974972802
1368,5de6c12e02a9e36835018cc3abb08e3288d1688130193055566a10d153a20ef7:1368,1.0,0,elliptical,ballistic,outside,False,81.74237823486328,0.028653653653653653,0.031794425087108016,0.027387640449438203,-0.004406784637669813,0.00900814004262078
1369,5de6c12e02a9e36835018cc3abb08e3288d1688130193055566a10d153a20ef7:1369,1.0,0,circular,diffusive,outside,False,83.83525085449219,0.030905905905905907,0.03383977900552486,0.03025672371638142,-0.00358305528914344,0.00800311881528898
1370,5de6c12e02a9e36835018cc3abb08e3288d1688130193055566a10d153a20ef7:1370,1.0,2,circular,ballistic,inside,False,26.356016159057617,0.03666166166166166,0.030829596412556053,0.041365280289330925,0.010535683876774872,0.00895584776619239
1371,5de6c12e02a9e36835018cc3abb08e3288d1688130193055566a10d153a20ef7:1371,1.0,2,elliptical,ballistic,edge,False,12.912328720092772,0.03866366366366367,0.025458248472505093,0.05142716535433071,0.025968916881825614,0.013424590647333083
1372,5de6c12e02a9e36835018cc3abb08e3288d1688130193055566a10d153a20ef7:1372,1.0,0,circular,ballistic,edge,False,82.36524200439453,0.029842342342342343,0.03372524752475248,0.028858218318695106,-0.004867029206057371,0.008794213597440195
1373,5de6c12e02a9e36835018cc3abb08e3288d1688130193055566a10d153a20ef7:1373,1.0,2,circular,ballistic,edge,False,21.265331268310547,0.04129129129129129,0.02626173708920188,0.05246509598603839,0.026203358896836514,0.012569938293167526
1374,5de6c12e02a9e36835018cc3abb08e3288d1688130193055566a10d153a20ef7:1374,1.0,1,circular,diffusive,edge,False,79.08965301513672,0.027965465465465467,0.0260989010989011,0.028152533039647577,0.0020536319407464775,0.008895111615279817
1375,5de6c12e02a9e36835018cc3abb08e3288d1688130193055566a10d153a20ef7:1375,1.0,1,circular,diffusive,inside,False,79.74813842773438,0.03284534534534535,0.03650442477876106,0.03237866817155756,-0.004125756607203504,0.008704743712691613
1376,5de6c12e02a9e36835018cc3abb08e3288d1688130193055566a10d153a20ef7:1376,1.0,0,circular,ballistic,outside,False,83.72325897216797,0.030655655655655655,0.03168767507002801,0.03008177570093458,-0.0016058993690934303,0.009498801990317688
1377,5de6c12e02a9e36835018cc3abb08e3288d1688130193055566a10d153a20ef7:1377,1.0,1,elliptical,ballistic,inside,False,80.90174102783203,0.02665165165165165,0.02652391975308642,0.026887464387464387,0.0003635446343779672,0.0071998610514593595
1378,5de6c12e02a9e36835018cc3abb08e3288d1688130193055566a10d153a20ef7:1378,1.0,0,circular,ballistic,inside,False,81.57209014892578,0.03347097097097097,0.030453821656050956,0.034854014598540144,0.004400192942489188,0.00595068312032892
1379,5de6c12e02a9e36835018cc3abb08e3288d1688130193055566a10d153a20ef7:1379,1.0,2,elliptical,diffusive,outside,False,25.30165672302246,0.03228228228228228,0.02403846153846154,0.03310848017621145,0.009070018637749911,0.009740490718733015
1380,5de6c12e02a9e36835018cc3abb08e3288d1688130193055566a10d153a20ef7:1380,1.0,1,circular,diffusive,outside,False,82.74510192871094,0.030843343343343342,0.0306841046277666,0.031000996015936255,0.00031689138816965584,0.006601758599038847
1381,5de6c12e02a9e36835018cc3abb08e3288d1688130193055566a10d153a20ef7:1381,1.0,1,elliptical,ballistic,edge,False,81.51673889160156,0.031406406406406406,0.030616554054054054,0.03173897581792318,0.0011224217638691296,0.008344072895259865
1382,5de6c12e02a9e36835018cc3abb08e3288d1688130193055566a10d153a20ef7:1382,1.0,2,elliptical,ballistic,inside,False,47.83388519287109,0.03747497497497498,0.02598314606741573,0.0385989010989011,0.01261575503148537,0.01164252141124584
1383,5de6c12e02a9e36835018cc3abb08e3288d1688130193055566a10d153a20ef7:1383,1.0,1,circular,ballistic,inside,False,50.662105560302734,0.032595095095095096,0.02195945945945946,0.033445945945945944,0.011486486486486484,0.008064263351631414
1384,5de6c12e02a9e36835018cc3abb08e3288d1688130193055566a10d153a20ef7:1384,1.0,1,elliptical,ballistic,outside,False,62.15064239501953,0.02952952952952953,0.02625,0.02970231822971549,0.0034523182297154925,0.007909649964604158
1385,5de6c12e02a9e36835018cc3abb08e3288d1688130193055566a10d153a20ef7:1385,1.0,2,circular,diffusive,edge,False,7.998524665832519,0.0360985985985986,0.02522935779816514,0.044515985790408524,0.019286627992243385,0.01355847795907819
1386,5de6c12e02a9e36835018cc3abb08e3288d1688130193055566a10d153a20ef7:1386,1.0,2,elliptical,ballistic,outside,False,18.54296112060547,0.04723473473473473,0.033203125,0.0481951871657754,0.0149920621657754,0.018797004953263984
1387,5de6c12e02a9e36835018cc3abb08e3288d1688130193055566a10d153a20ef7:1387,1.0,1,elliptical,diffusive,inside,False,80.34375,0.03121871871871872,0.03055317324185249,0.032151442307692304,0.0015982690658398156,0.007282830490288828
1388,5de6c12e02a9e36835018cc3abb08e3288d1688130193055566a10d153a20ef7:1388,1.0,2,elliptical,diffusive,inside,False,54.989402770996094,0.03053053053053053,0.0302734375,0.030691056910569104,0.00041761941056910404,0.008212632172883852
1389,5de6c12e02a9e36835018cc3abb08e3288d1688130193055566a10d153a20ef7:1389,1.0,0,elliptical,diffusive,edge,False,81.88909912109375,0.02759009009009009,0.02640845070422535,0.029147331786542923,0.0027388810823175715,0.006060178094852008
1390,5de6c12e02a9e36835018cc3abb08e3288d1688130193055566a10d153a20ef7:1390,1.0,2,circular,diffusive,outside,False,5.963557243347168,0.06131131131131131,0.01953125,0.06417112299465241,0.04463987299465241,0.034591609710235054
1391,5de6c12e02a9e36835018cc3abb08e3288d1688130193055566a10d153a20ef7:1391,1.0,2,circular,ballistic,outside,False,40.50565719604492,0.034972472472472475,0.02478448275862069,0.036310872027180065,0.011526389268559374,0.008176091599855313
1392,5de6c12e02a9e36835018cc3abb08e3288d1688130193055566a10d153a20ef7:1392,1.0,1,elliptical,diffusive,edge,False,43.43922424316406,0.027777777777777776,0.029023746701846966,0.027016129032258064,-0.0020076176695889014,0.00634570687342641
1393,5de6c12e02a9e36835018cc3abb08e3288d1688130193055566a10d153a20ef7:1393,1.0,0,elliptical,diffusive,outside,False,83.83525085449219,0.025650650650650652,0.024466192170818506,0.026114206128133706,0.0016480139573151996,0.006349406634817455
1394,5de6c12e02a9e36835018cc3abb08e3288d1688130193055566a10d153a20ef7:1394,1.0,2,circular,diffusive,inside,False,4.364990711212158,0.128003003003003,0.02412280701754386,0.13428874734607218,0.11016594032852833,0.06286251916631687
1395,5de6c12e02a9e36835018cc3abb08e3288d1688130193055566a10d153a20ef7:1395,1.0,0,circular,diffusive,inside,False,83.10958862304688,0.027402402402402402,0.029750479846449136,0.024843096234309622,-0.004907383612139514,0.007821071035038494
1396,5de6c12e02a9e36835018cc3abb08e3288d1688130193055566a10d153a20ef7:1396,1.0,0,circular,diffusive,edge,False,83.83468627929688,0.028903903903903905,0.030211794019933555,0.02692065491183879,-0.0032911391080947643,0.00875428886371962
1397,5de6c12e02a9e36835018cc3abb08e3288d1688130193055566a10d153a20ef7:1397,1.0,0,elliptical,ballistic,edge,False,83.41496276855469,0.027652652652652654,0.029978586723768737,0.025610902255639098,-0.004367684468129639,0.006422954338193493
1398,5de6c12e02a9e36835018cc3abb08e3288d1688130193055566a10d153a20ef7:1398,1.0,1,elliptical,diffusive,outside,False,83.83525085449219,0.0259009009009009,0.02952755905511811,0.02537270642201835,-0.004154852633099761,0.006952049240785335
1399,5de6c12e02a9e36835018cc3abb08e3288d1688130193055566a10d153a20ef7:1399,1.0,2,elliptical,diffusive,edge,False,35.64596176147461,0.03053053053053053,0.02863128491620112,0.03273809523809524,0.004106810321894121,0.006325938268150419
1400,5de6c12e02a9e36835018cc3abb08e3288d1688130193055566a10d153a20ef7:1400,1.0,0,elliptical,diffusive,inside,False,83.42322540283203,0.027715215215215215,0.021476833976833976,0.02989864864864865,0.008421814671814673,0.006462746022800547
1401,5de6c12e02a9e36835018cc3abb08e3288d1688130193055566a10d153a20ef7:1401,1.0,1,circular,ballistic,outside,False,78.81412506103516,0.02959209209209209,0.033903301886792456,0.028430749682337993,-0.005472552204454462,0.005839135266099848
1402,5de6c12e02a9e36835018cc3abb08e3288d1688130193055566a10d153a20ef7:1402,1.0,0,elliptical,ballistic,inside,False,81.65277099609375,0.032157157157157154,0.036585365853658534,0.031761177753544166,-0.004824188100114368,0.0070237448451882815
1403,5de6c12e02a9e36835018cc3abb08e3288d1688130193055566a10d153a20ef7:1403,1.0,1,circular,ballistic,edge,False,59.5942497253418,0.02834084084084084,0.02536764705882353,0.029874810318664645,0.004507163259841115,0.007482179079288688
1404,5de6c12e02a9e36835018cc3abb08e3288d1688130193055566a10d153a20ef7:1404,0.25,2,elliptical,ballistic,inside,False,13.911266326904297,0.04066265060240964,0.010416666666666666,0.05445906432748538,0.044042397660818716,0.016459434046942775
1405,5de6c12e02a9e36835018cc3abb08e3288d1688130193055566a10d153a20ef7:1405,0.25,1,circular,diffusive,edge,False,69.32317352294922,0.03438755020080321,0.03438755020080321,,,0.009060514883423717
1406,5de6c12e02a9e36835018cc3abb08e3288d1688130193055566a10d153a20ef7:1406,0.25,2,circular,diffusive,edge,False,44.18135452270508,0.028363453815261043,0.028363453815261043,,,0.008892063044135718
1407,5de6c12e02a9e36835018cc3abb08e3288d1688130193055566a10d153a20ef7:1407,0.25,1,elliptical,ballistic,outside,False,82.55369567871094,0.034889558232931724,0.034889558232931724,,,0.0075759981289089205
1408,5de6c12e02a9e36835018cc3abb08e3288d1688130193055566a10d153a20ef7:1408,0.25,1,elliptical,diffusive,outside,False,83.83525085449219,0.02359437751004016,0.011075949367088608,0.029411764705882353,0.018335815338793745,0.008622271103071118
1409,5de6c12e02a9e36835018cc3abb08e3288d1688130193055566a10d153a20ef7:1409,0.25,0,circular,diffusive,inside,False,83.60049438476562,0.02635542168674699,0.02640845070422535,0.026334269662921347,-7.418104130400491e-05,0.01064623999018499
1410,5de6c12e02a9e36835018cc3abb08e3288d1688130193055566a10d153a20ef7:1410,0.25,2,circular,ballistic,edge,False,31.77373695373535,0.02786144578313253,0.02786144578313253,,,0.012108179814450136
1411,5de6c12e02a9e36835018cc3abb08e3288d1688130193055566a10d153a20ef7:1411,0.25,2,elliptical,ballistic,edge,False,7.76115608215332,0.029869477911646587,0.029285714285714286,0.03125,0.0019642857142857136,0.01092660585325247
1412,5de6c12e02a9e36835018cc3abb08e3288d1688130193055566a10d153a20ef7:1412,0.25,1,circular,diffusive,inside,False,67.05977630615234,0.033634538152610444,0.030357142857142857,0.041385135135135136,0.011027992277992279,0.01061364182322589
1413,5de6c12e02a9e36835018cc3abb08e3288d1688130193055566a10d153a20ef7:1413,0.25,2,elliptical,diffusive,outside,False,83.83525085449219,0.034889558232931724,0.034889558232931724,,,0.007441750542356222
1414,5de6c12e02a9e36835018cc3abb08e3288d1688130193055566a10d153a20ef7:1414,0.25,0,circular,ballistic,edge,False,83.62860107421875,0.0321285140562249,0.034505208333333336,0.02412280701754386,-0.010382401315789477,0.007905630395594188
1415,5de6c12e02a9e36835018cc3abb08e3288d1688130193055566a10d153a20ef7:1415,0.25,2,elliptical,ballistic,outside,False,47.76504898071289,0.03187751004016064,0.03187751004016064,,,0.010833956754471505
1416,5de6c12e02a9e36835018cc3abb08e3288d1688130193055566a10d153a20ef7:1416,0.25,0,elliptical,ballistic,edge,False,83.83403015136719,0.02710843373493976,0.02710843373493976,,,0.007905630395594188
1417,5de6c12e02a9e36835018cc3abb08e3288d1688130193055566a10d153a20ef7:1417,0.25,0,elliptical,diffusive,edge,False,83.83525085449219,0.02459839357429719,0.02459839357429719,,,0.009773053380487843
1418,5de6c12e02a9e36835018cc3abb08e3288d1688130193055566a10d153a20ef7:1418,0.25,1,elliptical,ballistic,edge,False,71.01583099365234,0.0373995983935743,0.0373995983935743,,,0.01706642737480881
1419,5de6c12e02a9e36835018cc3abb08e3288d1688130193055566a10d153a20ef7:1419,0.25,0,elliptical,ballistic,inside,False,83.83519744873047,0.03237951807228916,0.03237951807228916,,,0.007869686449091808
1420,5de6c12e02a9e36835018cc3abb08e3288d1688130193055566a10d153a20ef7:1420,0.25,2,elliptical,diffusive,inside,False,16.750947952270508,0.029869477911646587,0.026785714285714284,0.03143939393939394,0.004653679653679656,0.011109586333499363
1421,5de6c12e02a9e36835018cc3abb08e3288d1688130193055566a10d153a20ef7:1421,0.25,1,elliptical,diffusive,inside,False,75.07359313964844,0.027359437751004016,0.027359437751004016,,,0.006265052195958175
1422,5de6c12e02a9e36835018cc3abb08e3288d1688130193055566a10d153a20ef7:1422,0.25,2,circular,diffusive,inside,False,18.98965835571289,0.03162650602409638,0.03162650602409638,,,0.011995786290510563
1423,5de6c12e02a9e36835018cc3abb08e3288d1688130193055566a10d153a20ef7:1423,0.25,0,elliptical,diffusive,inside,False,81.32161712646484,0.03263052208835342,0.03263052208835342,,,0.010226681118204498
1424,5de6c12e02a9e36835018cc3abb08e3288d1688130193055566a10d153a20ef7:1424,0.25,0,circular,ballistic,outside,False,83.52400207519531,0.0321285140562249,0.033216783216783216,0.030660377358490566,-0.00255640585829265,0.009091752146724313
1425,5de6c12e02a9e36835018cc3abb08e3288d1688130193055566a10d153a20ef7:1425,0.25,1,elliptical,diffusive,edge,False,76.0722427368164,0.033383534136546184,0.033383534136546184,,,0.008976684107554048
1426,5de6c12e02a9e36835018cc3abb08e3288d1688130193055566a10d153a20ef7:1426,0.25,1,circular,diffusive,outside,False,70.33360290527344,0.03413654618473896,0.03303964757709251,0.045454545454545456,0.012414897877452945,0.010577965615313996
1427,5de6c12e02a9e36835018cc3abb08e3288d1688130193055566a10d153a20ef7:1427,0.25,0,circular,ballistic,inside,False,83.19606018066406,0.03438755020080321,0.03487569060773481,0.03308823529411765,-0.0017874553136171603,0.012108179814450138
1428,5de6c12e02a9e36835018cc3abb08e3288d1688130193055566a10d153a20ef7:1428,0.25,0,elliptical,diffusive,outside,False,83.83525085449219,0.0286144578313253,0.0286144578313253,,,0.006330080428171934
1429,5de6c12e02a9e36835018cc3abb08e3288d1688130193055566a10d153a20ef7:1429,0.25,1,circular,ballistic,outside,False,78.27674102783203,0.03187751004016064,0.03187751004016064,,,0.00938835552673948
1430,5de6c12e02a9e36835018cc3abb08e3288d1688130193055566a10d153a20ef7:1430,0.25,1,circular,ballistic,inside,False,79.12963104248047,0.027610441767068273,0.027610441767068273,,,0.007081694768908575
1431,5de6c12e02a9e36835018cc3abb08e3288d1688130193055566a10d153a20ef7:1431,0.25,2,elliptical,diffusive,edge,False,49.940216064453125,0.02886546184738956,0.02886546184738956,,,0.011619615460946494
1432,5de6c12e02a9e36835018cc3abb08e3288d1688130193055566a10d153a20ef7:1432,0.25,0,circular,diffusive,outside,False,83.55044555664062,0.02786144578313253,0.02786144578313253,,,0.01092660585325247
1433,5de6c12e02a9e36835018cc3abb08e3288d1688130193055566a10d153a20ef7:1433,0.25,0,circular,diffusive,edge,False,83.83525085449219,0.03413654618473896,0.03413654618473896,,,0.011089719896774358
1434,5de6c12e02a9e36835018cc3abb08e3288d1688130193055566a10d153a20ef7:1434,0.25,2,circular,ballistic,outside,False,17.934097290039062,0.03162650602409638,0.04044117647058824,0.023557692307692307,-0.01688348416289593,0.009926566231568871
1435,5de6c12e02a9e36835018cc3abb08e3288d1688130193055566a10d153a20ef7:1435,0.25,1,circular,ballistic,edge,False,73.17894744873047,0.03438755020080321,0.03438755020080321,,,0.009441888992873508
1436,5de6c12e02a9e36835018cc3abb08e3288d1688130193055566a10d153a20ef7:1436,0.25,1,elliptical,ballistic,inside,False,78.17556762695312,0.03589357429718876,0.03740157480314961,0.03432377049180328,-0.003077804311346327,0.010833956754471505
1437,5de6c12e02a9e36835018cc3abb08e3288d1688130193055566a10d153a20ef7:1437,0.25,2,circular,diffusive,outside,False,7.499264717102051,0.023343373493975902,0.023343373493975902,,,0.007642237624316431
1438,5de6c12e02a9e36835018cc3abb08e3288d1688130193055566a10d153a20ef7:1438,0.25,0,elliptical,ballistic,outside,False,82.72798156738281,0.026857429718875503,0.026857429718875503,,,0.0091435771084774
1439,5de6c12e02a9e36835018cc3abb08e3288d1688130193055566a10d153a20ef7:1439,0.25,2,circular,ballistic,inside,False,9.269087791442873,0.024849397590361446,0.024849397590361446,,,0.005674023371213512
1404,5de6c12e02a9e36835018cc3abb08e3288d1688130193055566a10d153a20ef7:1404,0.5,2,elliptical,ballistic,inside,False,13.911266326904297,0.061122244488977955,0.010416666666666666,0.0705166270783848,0.06009996041171813,0.02057770819430145
1405,5de6c12e02a9e36835018cc3abb08e3288d1688130193055566a10d153a20ef7:1405,0.5,1,circular,diffusive,edge,False,69.32317352294922,0.03256513026052104,0.0339080459770115,0.0234375,-0.010470545977011497,0.010255255255740841
1406,5de6c12e02a9e36835018cc3abb08e3288d1688130193055566a10d153a20ef7:1406,0.5,2,circular,diffusive,edge,False,44.18135452270508,0.02780561122244489,0.02780561122244489,,,0.007273161894267523
1407,5de6c12e02a9e36835018cc3abb08e3288d1688130193055566a10d153a20ef7:1407,0.5,1,elliptical,ballistic,outside,False,82.55369567871094,0.03644789579158317,0.03644789579158317,,,0.008139355406252479
1408,5de6c12e02a9e36835018cc3abb08e3288d1688130193055566a10d153a20ef7:1408,0.5,1,elliptical,diffusive,outside,False,83.83525085449219,0.025676352705410823,0.011075949367088608,0.028422619047619047,0.01734666968053044,0.006664221239690896
1409,5de6c12e02a9e36835018cc3abb08e3288d1688130193055566a10d153a20ef7:1409,0.5,0,circular,diffusive,inside,False,83.60049438476562,0.028807615230460923,0.02640845070422535,0.029205607476635514,0.002797156772410162,0.00524857886767459
1410,5de6c12e02a9e36835018cc3abb08e3288d1688130193055566a10d153a20ef7:1410,0.5,2,circular,ballistic,edge,False,31.77373695373535,0.02930861723446894,0.02909919028340081,0.05,0.020900809716599193,0.008542782016523011
1411,5de6c12e02a9e36835018cc3abb08e3288d1688130193055566a10d153a20ef7:1411,0.5,2,elliptical,ballistic,edge,False,7.76115608215332,0.034569138276553106,0.029285714285714286,0.03742283950617284,0.008137125220458553,0.014717866554677737
1412,5de6c12e02a9e36835018cc3abb08e3288d1688130193055566a10d153a20ef7:1412,0.5,1,circular,diffusive,inside,False,67.05977630615234,0.030811623246492986,0.030357142857142857,0.031057098765432098,0.0006999559082892411,0.007358933277338869
1413,5de6c12e02a9e36835018cc3abb08e3288d1688130193055566a10d153a20ef7:1413,0.5,2,elliptical,diffusive,outside,False,83.83525085449219,0.03356713426853707,0.032834101382488476,0.038461538461538464,0.005627437079049988,0.00962393422459847
1414,5de6c12e02a9e36835018cc3abb08e3288d1688130193055566a10d153a20ef7:1414,0.5,0,circular,ballistic,edge,False,83.62860107421875,0.032690380761523044,0.034505208333333336,0.031555374592833876,-0.0029498337404994593,0.007189640600484051
1415,5de6c12e02a9e36835018cc3abb08e3288d1688130193055566a10d153a20ef7:1415,0.5,2,elliptical,ballistic,outside,False,47.76504898071289,0.029809619238476952,0.029809619238476952,,,0.007510853883048571
1416,5de6c12e02a9e36835018cc3abb08e3288d1688130193055566a10d153a20ef7:1416,0.5,0,elliptical,ballistic,edge,False,83.83403015136719,0.02442384769539078,0.024544534412955465,0.0125,-0.012044534412955464,0.006550253940377196
1417,5de6c12e02a9e36835018cc3abb08e3288d1688130193055566a10d153a20ef7:1417,0.5,0,elliptical,diffusive,edge,False,83.83525085449219,0.024799599198396794,0.023617511520737326,0.032692307692307694,0.009074796171570369,0.0073247452491049326
1418,5de6c12e02a9e36835018cc3abb08e3288d1688130193055566a10d153a20ef7:1418,0.5,1,elliptical,ballistic,edge,False,71.01583099365234,0.031187374749498998,0.031187374749498998,,,0.010947065754875673
1419,5de6c12e02a9e36835018cc3abb08e3288d1688130193055566a10d153a20ef7:1419,0.5,0,elliptical,ballistic,inside,False,83.83519744873047,0.031062124248496994,0.031062124248496994,,,0.005325724355077479
1420,5de6c12e02a9e36835018cc3abb08e3288d1688130193055566a10d153a20ef7:1420,0.5,2,elliptical,diffusive,inside,False,16.750947952270508,0.03356713426853707,0.026785714285714284,0.03493975903614458,0.008154044750430297,0.010255255255740841
1421,5de6c12e02a9e36835018cc3abb08e3288d1688130193055566a10d153a20ef7:1421,0.5,1,elliptical,diffusive,inside,False,75.07359313964844,0.026427855711422844,0.026427855711422844,,,0.00503344972380013
1422,5de6c12e02a9e36835018cc3abb08e3288d1688130193055566a10d153a20ef7:1422,0.5,2,circular,diffusive,inside,False,18.98965835571289,0.028181362725450902,0.028181362725450902,,,0.007021851848902696
1423,5de6c12e02a9e36835018cc3abb08e3288d1688130193055566a10d153a20ef7:1423,0.5,0,elliptical,diffusive,inside,False,81.32161712646484,0.03093687374749499,0.03093687374749499,,,0.0050459010717644505
1424,5de6c12e02a9e36835018cc3abb08e3288d1688130193055566a10d153a20ef7:1424,0.5,0,circular,ballistic,outside,False,83.52400207519531,0.02968436873747495,0.033216783216783216,0.028265449438202247,-0.004951333778580969,0.007646437940679958
1425,5de6c12e02a9e36835018cc3abb08e3288d1688130193055566a10d153a20ef7:1425,0.5,1,elliptical,diffusive,edge,False,76.0722427368164,0.033066132264529056,0.03309572301425662,0.03125,-0.0018457230142566172,0.007138179783955415
1426,5de6c12e02a9e36835018cc3abb08e3288d1688130193055566a10d153a20ef7:1426,0.5,1,circular,diffusive,outside,False,70.33360290527344,0.031187374749498998,0.03303964757709251,0.029641544117647058,-0.0033981034594454534,0.009038019220079387
1427,5de6c12e02a9e36835018cc3abb08e3288d1688130193055566a10d153a20ef7:1427,0.5,0,circular,ballistic,inside,False,83.19606018066406,0.0344438877755511,0.03487569060773481,0.03419811320754717,-0.0006775774001876386,0.00903107357508034
1428,5de6c12e02a9e36835018cc3abb08e3288d1688130193055566a10d153a20ef7:1428,0.5,0,elliptical,diffusive,outside,False,83.83525085449219,0.02592685370741483,0.02592685370741483,,,0.0037969705388837967
1429,5de6c12e02a9e36835018cc3abb08e3288d1688130193055566a10d153a20ef7:1429,0.5,1,circular,ballistic,outside,False,78.27674102783203,0.03168837675350701,0.032506702412868634,0.029265873015873016,-0.0032408293969956176,0.008352433689744093
1430,5de6c12e02a9e36835018cc3abb08e3288d1688130193055566a10d153a20ef7:1430,0.5,1,circular,ballistic,inside,False,79.12963104248047,0.029433867735470944,0.029433867735470944,,,0.008777370664051595
1431,5de6c12e02a9e36835018cc3abb08e3288d1688130193055566a10d153a20ef7:1431,0.5,2,elliptical,diffusive,edge,False,49.940216064453125,0.031187374749498998,0.031187374749498998,,,0.011462302866810575
1432,5de6c12e02a9e36835018cc3abb08e3288d1688130193055566a10d153a20ef7:1432,0.5,0,circular,diffusive,outside,False,83.55044555664062,0.028932865731462927,0.02703168044077135,0.03400735294117647,0.006975672500405119,0.00877021859876614
1433,5de6c12e02a9e36835018cc3abb08e3288d1688130193055566a10d153a20ef7:1433,0.5,0,circular,diffusive,edge,False,83.83525085449219,0.029183366733466935,0.030773420479302833,0.0109375,-0.019835920479302833,0.00966865723870004
1434,5de6c12e02a9e36835018cc3abb08e3288d1688130193055566a10d153a20ef7:1434,0.5,2,circular,ballistic,outside,False,17.934097290039062,0.0344438877755511,0.04044117647058824,0.03256578947368421,-0.00787538699690403,0.010964248864085573
1435,5de6c12e02a9e36835018cc3abb08e3288d1688130193055566a10d153a20ef7:1435,0.5,1,circular,ballistic,edge,False,73.17894744873047,0.03168837675350701,0.03168837675350701,,,0.007597039170401177
1436,5de6c12e02a9e36835018cc3abb08e3288d1688130193055566a10d153a20ef7:1436,0.5,1,elliptical,ballistic,inside,False,78.17556762695312,0.03594689378757515,0.03740157480314961,0.035450268817204304,-0.001951305985945305,0.011341223651893714
1437,5de6c12e02a9e36835018cc3abb08e3288d1688130193055566a10d153a20ef7:1437,0.5,2,circular,diffusive,outside,False,7.499264717102051,0.023672344689378757,0.02073019801980198,0.03618421052631579,0.01545401250651381,0.007379157475779277
1438,5de6c12e02a9e36835018cc3abb08e3288d1688130193055566a10d153a20ef7:1438,0.5,0,elliptical,ballistic,outside,False,82.72798156738281,0.02755511022044088,0.02755511022044088,,,0.00719073151022411
1439,5de6c12e02a9e36835018cc3abb08e3288d1688130193055566a10d153a20ef7:1439,0.5,2,circular,ballistic,inside,False,9.269087791442873,0.0373246492985972,0.025735294117647058,0.05327380952380952,0.027538515406162464,0.01201099408290266
1404,5de6c12e02a9e36835018cc3abb08e3288d1688130193055566a10d153a20ef7:1404,1.0,2,elliptical,ballistic,inside,False,13.911266326904297,0.07982982982982983,0.010416666666666666,0.08570846905537459,0.07529180238870792,0.02514734868535169
1405,5de6c12e02a9e36835018cc3abb08e3288d1688130193055566a10d153a20ef7:1405,1.0,1,circular,diffusive,edge,False,69.32317352294922,0.03203203203203203,0.0339080459770115,0.030585106382978722,-0.003322939594032775,0.00846423149413802
1406,5de6c12e02a9e36835018cc3abb08e3288d1688130193055566a10d153a20ef7:1406,1.0,2,circular,diffusive,edge,False,44.18135452270508,0.029779779779779778,0.029513888888888888,0.03027065527065527,0.0007567663817663814,0.005091839326670622
1407,5de6c12e02a9e36835018cc3abb08e3288d1688130193055566a10d153a20ef7:1407,1.0,1,elliptical,ballistic,outside,False,82.55369567871094,0.03397147147147147,0.03549107142857143,0.03203302961275627,-0.0034580418158151605,0.007383177626362038
1408,5de6c12e02a9e36835018cc3abb08e3288d1688130193055566a10d153a20ef7:1408,1.0,1,elliptical,diffusive,outside,False,83.83525085449219,0.02658908908908909,0.011075949367088608,0.02792119565217391,0.016845246285085304,0.005659405398100637
1409,5de6c12e02a9e36835018cc3abb08e3288d1688130193055566a10d153a20ef7:1409,1.0,0,circular,diffusive,inside,False,83.60049438476562,0.029216716716716717,0.02640845070422535,0.02943157327586207,0.0030231225716367167,0.006925819788480297
1410,5de6c12e02a9e36835018cc3abb08e3288d1688130193055566a10d153a20ef7:1410,1.0,2,circular,ballistic,edge,False,31.77373695373535,0.03278278278278278,0.02909919028340081,0.036386138613861384,0.0072869483304605735,0.00801582451353702
1411,5de6c12e02a9e36835018cc3abb08e3288d1688130193055566a10d153a20ef7:1411,1.0,2,elliptical,ballistic,edge,False,7.76115608215332,0.04948698698698699,0.029285714285714286,0.05377730582524272,0.024491591539528432,0.026836860055681602
1412,5de6c12e02a9e36835018cc3abb08e3288d1688130193055566a10d153a20ef7:1412,1.0,1,circular,diffusive,inside,False,67.05977630615234,0.03397147147147147,0.030357142857142857,0.03473907766990291,0.004381934812760054,0.007159245916952196
1413,5de6c12e02a9e36835018cc3abb08e3288d1688130193055566a10d153a20ef7:1413,1.0,2,elliptical,diffusive,outside,False,83.83525085449219,0.030467967967967968,0.032834101382488476,0.028650442477876105,-0.004183658904612371,0.009270876771539467
1414,5de6c12e02a9e36835018cc3abb08e3288d1688130193055566a10d153a20ef7:1414,1.0,0,circular,ballistic,edge,False,83.62860107421875,0.030655655655655655,0.034505208333333336,0.02973977695167286,-0.004765431381660475,0.006553260448034783
1415,5de6c12e02a9e36835018cc3abb08e3288d1688130193055566a10d153a20ef7:1415,1.0,2,elliptical,ballistic,outside,False,47.76504898071289,0.030155155155155156,0.029891304347826088,0.030512971698113206,0.0006216673502871181,0.007975683949190834
1416,5de6c12e02a9e36835018cc3abb08e3288d1688130193055566a10d153a20ef7:1416,1.0,0,elliptical,ballistic,edge,False,83.83403015136719,0.026026026026026026,0.024544534412955465,0.027475247524752475,0.0029307131117970106,0.008467930087932249
1417,5de6c12e02a9e36835018cc3abb08e3288d1688130193055566a10d153a20ef7:1417,1.0,0,elliptical,diffusive,edge,False,83.83525085449219,0.029404404404404404,0.023617511520737326,0.033849557522123895,0.01023204600138657,0.008131207903343316
1418,5de6c12e02a9e36835018cc3abb08e3288d1688130193055566a10d153a20ef7:1418,1.0,1,elliptical,ballistic,edge,False,71.01583099365234,0.030593093093093094,0.02985873287671233,0.03162650602409638,0.0017677731473840531,0.007710946874067262
1419,5de6c12e02a9e36835018cc3abb08e3288d1688130193055566a10d153a20ef7:1419,1.0,0,elliptical,ballistic,inside,False,83.83519744873047,0.030405405405405407,0.030753968253968252,0.03005050505050505,-0.0007034632034632025,0.006524528440682527
1420,5de6c12e02a9e36835018cc3abb08e3288d1688130193055566a10d153a20ef7:1420,1.0,2,elliptical,diffusive,inside,False,16.750947952270508,0.04523273273273273,0.026785714285714284,0.04692622950819672,0.020140515222482436,0.01667488889129864
1421,5de6c12e02a9e36835018cc3abb08e3288d1688130193055566a10d153a20ef7:1421,1.0,1,elliptical,diffusive,inside,False,75.07359313964844,0.0259009009009009,0.026245551601423486,0.02545766590389016,-0.0007878856975333248,0.006778733769059829
1422,5de6c12e02a9e36835018cc3abb08e3288d1688130193055566a10d153a20ef7:1422,1.0,2,circular,diffusive,inside,False,18.98965835571289,0.032344844844844844,0.030459527824620573,0.035098522167487683,0.00463899434286711,0.007274226390124243
1423,5de6c12e02a9e36835018cc3abb08e3288d1688130193055566a10d153a20ef7:1423,1.0,0,elliptical,diffusive,inside,False,81.32161712646484,0.02827827827827828,0.0300187617260788,0.02628755364806867,-0.0037312080780101294,0.006424172999496214
1424,5de6c12e02a9e36835018cc3abb08e3288d1688130193055566a10d153a20ef7:1424,1.0,0,circular,ballistic,outside,False,83.52400207519531,0.029842342342342343,0.033216783216783216,0.029278621495327103,-0.003938161721456113,0.0050482212055478455
1425,5de6c12e02a9e36835018cc3abb08e3288d1688130193055566a10d153a20ef7:1425,1.0,1,elliptical,diffusive,edge,False,76.0722427368164,0.03196946946946947,0.03309572301425662,0.030880905511811024,-0.002214817502445593,0.0076987548429234155
1426,5de6c12e02a9e36835018cc3abb08e3288d1688130193055566a10d153a20ef7:1426,1.0,1,circular,diffusive,outside,False,70.33360290527344,0.029216716716716717,0.03303964757709251,0.02809261658031088,-0.004947030996781631,0.007610807092208094
1427,5de6c12e02a9e36835018cc3abb08e3288d1688130193055566a10d153a20ef7:1427,1.0,0,circular,ballistic,inside,False,83.19606018066406,0.03184434434434434,0.03487569060773481,0.03117359413202934,-0.0037020964757054665,0.007235381322710447
1428,5de6c12e02a9e36835018cc3abb08e3288d1688130193055566a10d153a20ef7:1428,1.0,0,elliptical,diffusive,outside,False,83.83525085449219,0.02996746746746747,0.027062908496732027,0.03456072351421188,0.007497815017479856,0.005328846833089923
1429,5de6c12e02a9e36835018cc3abb08e3288d1688130193055566a10d153a20ef7:1429,1.0,1,circular,ballistic,outside,False,78.27674102783203,0.031406406406406406,0.032506702412868634,0.03075079872204473,-0.0017559036908239047,0.008385250714597852
1430,5de6c12e02a9e36835018cc3abb08e3288d1688130193055566a10d153a20ef7:1430,1.0,1,circular,ballistic,inside,False,79.12963104248047,0.030217717717717717,0.030815972222222224,0.02940307328605201,-0.0014128989361702135,0.008548665394690609
1431,5de6c12e02a9e36835018cc3abb08e3288d1688130193055566a10d153a20ef7:1431,1.0,2,elliptical,diffusive,edge,False,49.940216064453125,0.03153153153153153,0.03056066176470588,0.032692307692307694,0.002131645927601813,0.007945199132326098
1432,5de6c12e02a9e36835018cc3abb08e3288d1688130193055566a10d153a20ef7:1432,1.0,0,circular,diffusive,outside,False,83.55044555664062,0.026714214214214216,0.02703168044077135,0.02653301886792453,-0.0004986615728468195,0.007091129084233825
1433,5de6c12e02a9e36835018cc3abb08e3288d1688130193055566a10d153a20ef7:1433,1.0,0,circular,diffusive,edge,False,83.83525085449219,0.029341841841841843,0.030773420479302833,0.028125,-0.002648420479302832,0.007086711966879742
1434,5de6c12e02a9e36835018cc3abb08e3288d1688130193055566a10d153a20ef7:1434,1.0,2,circular,ballistic,outside,False,17.934097290039062,0.04379379379379379,0.04044117647058824,0.044247159090909094,0.0038059826203208566,0.012998567480701252
1435,5de6c12e02a9e36835018cc3abb08e3288d1688130193055566a10d153a20ef7:1435,1.0,1,circular,ballistic,edge,False,73.17894744873047,0.029466966966966966,0.03153254972875226,0.026905829596412557,-0.0046267201323397025,0.005161695778862188
1436,5de6c12e02a9e36835018cc3abb08e3288d1688130193055566a10d153a20ef7:1436,1.0,1,elliptical,ballistic,inside,False,78.17556762695312,0.03453453453453453,0.03740157480314961,0.03411697247706422,-0.0032846023260853924,0.007692905980450149
1437,5de6c12e02a9e36835018cc3abb08e3288d1688130193055566a10d153a20ef7:1437,1.0,2,circular,diffusive,outside,False,7.499264717102051,0.04360610610610611,0.02073019801980198,0.05913865546218487,0.03840845744238289,0.016336257941270513
1438,5de6c12e02a9e36835018cc3abb08e3288d1688130193055566a10d153a20ef7:1438,1.0,0,elliptical,ballistic,outside,False,82.72798156738281,0.026714214214214216,0.02772727272727273,0.02547327394209354,-0.002253998785179189,0.0054537189244738505
1439,5de6c12e02a9e36835018cc3abb08e3288d1688130193055566a10d153a20ef7:1439,1.0,2,circular,ballistic,inside,False,9.269087791442873,0.06331331331331332,0.025735294117647058,0.07860915492957747,0.052873860811930413,0.018838708527418303
