horizon,model,domain,group,events,answer_rate,mean_mm,median_mm,p90_mm,p95_mm,within_1mm,over_3mm
2,SVR,ID,all,540,1.0,2.3506198529413407,2.23196781747677,4.429639399071739,4.989791074646353,0.26481481481481484,0.3592592592592593
2,SVR,ID,weak,180,1.0,3.356035874713996,3.36481857429441,5.0162712910522975,5.505272426217779,0.027777777777777776,0.6194444444444445
2,SVR,ID,medium,180,1.0,2.8243481809767315,2.8277021696681945,4.459189010454179,4.882541820494812,0.075,0.45555555555555555
2,SVR,ID,strong,180,1.0,0.8714755031332947,0.7598136946343121,1.5954034516471434,2.0229266413452374,0.6916666666666667,0.002777777777777778
2,SVR,ID,circular,270,1.0,2.3783320190373,2.3335376602388536,4.493010290730436,5.091220210610951,0.2777777777777778,0.37222222222222223
2,SVR,ID,elliptical,270,1.0,2.3229076868453817,2.1589762908615038,4.373666324913237,4.777590611965975,0.2518518518518518,0.34629629629629627
2,SVR,ID,ballistic,270,1.0,2.3808250113787213,2.243321263691735,4.43973055550398,4.997633822531192,0.2518518518518518,0.3648148148148148
2,SVR,ID,diffusive,270,1.0,2.32041469450396,2.229298932681817,4.403937178214558,4.966892309799129,0.2777777777777778,0.3537037037037037
2,SVR,ID,weak_circular,90,1.0,3.410555546666751,3.4460491023798916,5.153174953783383,5.505272426217779,0.011111111111111112,0.6222222222222222
2,SVR,ID,weak_elliptical,90,1.0,3.301516202761242,3.333099534095269,4.870148835044885,5.4767763025030085,0.044444444444444446,0.6166666666666667
2,SVR,ID,medium_circular,90,1.0,2.909184776082547,2.9697979334995015,4.621443634595369,5.033026974545659,0.08333333333333333,0.49444444444444446
2,SVR,ID,medium_elliptical,90,1.0,2.7395115858709165,2.7198285960488873,4.355497996272632,4.718173010201228,0.06666666666666667,0.4166666666666667
2,SVR,ID,strong_circular,90,1.0,0.8152557343626026,0.6877523126533381,1.5627925007896604,2.060766874499453,0.7388888888888889,0.0
2,SVR,ID,strong_elliptical,90,1.0,0.9276952719039867,0.835403998653655,1.6007365100536555,1.993560179186997,0.6444444444444445,0.005555555555555556
2,SVR,noise2,all,540,1.0,2.388784578845985,2.381215810474406,4.360089307587774,4.792212539337445,0.24814814814814815,0.37962962962962965
2,SVR,noise2,weak,180,1.0,3.350406858119699,3.488346116938312,4.760563204092371,5.017115707033815,0.030555555555555555,0.6555555555555556
2,SVR,noise2,medium,180,1.0,2.8672252481837615,2.852269165272074,4.360089307587774,4.793019222346992,0.06111111111111111,0.45555555555555555
2,SVR,noise2,strong,180,1.0,0.9487216302344966,0.7435361675560961,1.8123341816759944,2.491653476801491,0.6527777777777778,0.027777777777777776
2,SVR,noise2,circular,270,1.0,2.3694165116370947,2.381215810474406,4.385719144339644,4.77838604199021,0.2740740740740741,0.37962962962962965
2,SVR,noise2,elliptical,270,1.0,2.4081526460548757,2.379142163328445,4.346924008137409,4.792999869038414,0.2222222222222222,0.37962962962962965
2,SVR,noise2,ballistic,270,1.0,2.4265397896561023,2.4901576449252296,4.390966086743338,4.812636532818124,0.23148148148148148,0.3851851851851852
2,SVR,noise2,diffusive,270,1.0,2.351029368035868,2.298459415750872,4.346232553214331,4.682803710197317,0.26481481481481484,0.37407407407407406
2,SVR,noise2,weak_circular,90,1.0,3.316678698431827,3.4115331201680545,4.68340665067254,5.017536291318979,0.03888888888888889,0.6277777777777778
2,SVR,noise2,weak_elliptical,90,1.0,3.3841350178075698,3.5098719142787744,4.802933656006352,4.933530603598742,0.022222222222222223,0.6833333333333333
2,SVR,noise2,medium_circular,90,1.0,2.9338299880521617,2.955413952957486,4.408837070011465,4.809763231188202,0.06111111111111111,0.4888888888888889
2,SVR,noise2,medium_elliptical,90,1.0,2.8006205083153595,2.7740553690549747,4.32443485630449,4.657689473820064,0.06111111111111111,0.4222222222222222
2,SVR,noise2,strong_circular,90,1.0,0.8577408484272946,0.6665811199569778,1.6323696969344372,2.2299949449943584,0.7222222222222222,0.022222222222222223
2,SVR,noise2,strong_elliptical,90,1.0,1.0397024120416987,0.844059579622884,2.031902879207532,2.5453066915999014,0.5833333333333334,0.03333333333333333
2,SVR,slow,all,216,1.0,2.6347626484831266,2.554891946432318,4.522302263540455,5.081839867176851,0.16203703703703703,0.41898148148148145
2,SVR,slow,weak,72,1.0,3.5209508476590443,3.5205370224371233,5.037313417917018,5.369025109640319,0.020833333333333332,0.6666666666666666
2,SVR,slow,medium,72,1.0,2.9767932574234184,3.1198712181931194,4.594253450285523,5.249516536479192,0.06944444444444445,0.5138888888888888
2,SVR,slow,strong,72,1.0,1.4065438403669175,1.1380417229845543,2.7562104118814545,3.250300772076033,0.3958333333333333,0.0763888888888889
2,SVR,slow,circular,108,1.0,2.618931013112928,2.4979211142870703,4.518630379913948,4.957237891139899,0.1712962962962963,0.4166666666666667
2,SVR,slow,elliptical,108,1.0,2.6505942838533256,2.6193052680939415,4.524605583252239,5.101974731476924,0.1527777777777778,0.4212962962962963
2,SVR,slow,ballistic,108,1.0,2.3899314394676785,2.3606618993962964,4.444086888974164,4.870911093968219,0.24537037037037038,0.38425925925925924
2,SVR,slow,diffusive,108,1.0,2.879593857498575,2.7188875089139017,4.616143909227258,5.202533926728429,0.0787037037037037,0.4537037037037037
2,SVR,slow,weak_circular,36,1.0,3.622032408707508,3.7215411097719495,4.933493944823562,5.3183950360155245,0.027777777777777776,0.7222222222222222
2,SVR,slow,weak_elliptical,36,1.0,3.4198692866105804,3.3576860440312295,5.070455056479579,5.2901478875981045,0.013888888888888888,0.6111111111111112
2,SVR,slow,medium_circular,36,1.0,2.9362691986911122,2.736301300655202,4.612665622229075,5.045837283432628,0.06944444444444445,0.4722222222222222
2,SVR,slow,medium_elliptical,36,1.0,3.017317316155725,3.274744752042726,4.526220559587401,5.361590823660337,0.06944444444444445,0.5555555555555556
2,SVR,slow,strong_circular,36,1.0,1.2984914319401644,1.120922417015962,2.486684266636349,2.9790694880788116,0.4166666666666667,0.05555555555555555
2,SVR,slow,strong_elliptical,36,1.0,1.5145962487936704,1.1380417229845543,2.879595527501553,3.2749287032311987,0.375,0.09722222222222222
2,Ridge,ID,all,540,1.0,2.429998319454532,2.422361026176969,4.232651620075244,4.644035857275752,0.18703703703703703,0.3768518518518518
2,Ridge,ID,weak,180,1.0,3.2905336694842005,3.3335087058658406,4.669236397550426,4.918040704536185,0.030555555555555555,0.6333333333333333
2,Ridge,ID,medium,180,1.0,2.8798118159457644,2.935770410411669,4.261218255890435,4.6200191225974905,0.05277777777777778,0.48333333333333334
2,Ridge,ID,strong,180,1.0,1.1196494729336308,1.0374219342963151,2.0340779086447736,2.5372657871717963,0.4777777777777778,0.013888888888888888
2,Ridge,ID,circular,270,1.0,2.456036787889544,2.5294767308958623,4.261218255890435,4.723552367788787,0.1962962962962963,0.37962962962962965
2,Ridge,ID,elliptical,270,1.0,2.40395985101952,2.3872033823559864,4.156822533528334,4.550636418329418,0.17777777777777778,0.37407407407407406
2,Ridge,ID,ballistic,270,1.0,2.461173190203118,2.5157791270366436,4.212574840686618,4.626109487196231,0.1814814814814815,0.37777777777777777
2,Ridge,ID,diffusive,270,1.0,2.3988234487059463,2.363109683723669,4.245606527196057,4.644637244948708,0.1925925925925926,0.37592592592592594
2,Ridge,ID,weak_circular,90,1.0,3.3505574383919914,3.3505521900807427,4.790412438669483,4.974050444570194,0.005555555555555556,0.6166666666666667
2,Ridge,ID,weak_elliptical,90,1.0,3.2305099005764104,3.3213007557961296,4.535709045318225,4.782454972156331,0.05555555555555555,0.65
2,Ridge,ID,medium_circular,90,1.0,2.9676271318012897,3.02302109665634,4.285021407818855,4.654882397341962,0.05,0.5111111111111111
2,Ridge,ID,medium_elliptical,90,1.0,2.791996500090239,2.86043677406183,4.089071656856087,4.590574312000605,0.05555555555555555,0.45555555555555555
2,Ridge,ID,strong_circular,90,1.0,1.0499257934753505,0.9266243011649756,1.9735283127084504,2.5613674751394817,0.5333333333333333,0.011111111111111112
2,Ridge,ID,strong_elliptical,90,1.0,1.1893731523919107,1.1575370468218935,2.095405799273503,2.3440974113109685,0.4222222222222222,0.016666666666666666
2,Ridge,noise2,all,540,1.0,2.5136096955218656,2.569312442442239,4.2023649849620455,4.467119952136107,0.1712962962962963,0.4074074074074074
2,Ridge,noise2,weak,180,1.0,3.268951586913116,3.4088088295148005,4.444975078552665,4.684952694669635,0.03888888888888889,0.6611111111111111
2,Ridge,noise2,medium,180,1.0,2.9572045324964056,3.0434703957184013,4.240532992028615,4.564837355951016,0.04722222222222222,0.5166666666666667
2,Ridge,noise2,strong,180,1.0,1.3146729671560764,1.1827100822905323,2.3542848356378796,2.8231015686905,0.42777777777777776,0.044444444444444446
2,Ridge,noise2,circular,270,1.0,2.5202715017031703,2.5575143794726554,4.208545260449946,4.44557308868573,0.17407407407407408,0.4111111111111111
2,Ridge,noise2,elliptical,270,1.0,2.5069478893405623,2.582214201809081,4.1988696229809515,4.479268053718109,0.1685185185185185,0.40370370370370373
2,Ridge,noise2,ballistic,270,1.0,2.558492056001504,2.669247172033338,4.211453303961619,4.453250784885514,0.15185185185185185,0.40925925925925927
2,Ridge,noise2,diffusive,270,1.0,2.468727335042228,2.5314996679953192,4.1988696229809515,4.476278607271487,0.19074074074074074,0.40555555555555556
2,Ridge,noise2,weak_circular,90,1.0,3.2746435723303255,3.3759880399697653,4.4383416742019275,4.706982789052741,0.03888888888888889,0.6444444444444445
2,Ridge,noise2,weak_elliptical,90,1.0,3.263259601495906,3.4207621553558543,4.449869575090012,4.635546462433359,0.03888888888888889,0.6777777777777778
2,Ridge,noise2,medium_circular,90,1.0,3.0291685166917564,3.177163461531772,4.258772002453977,4.480582988899885,0.03333333333333333,0.5611111111111111
2,Ridge,noise2,medium_elliptical,90,1.0,2.8852405483010553,2.935681277809061,4.2393188703996865,4.598111829264202,0.06111111111111111,0.4722222222222222
2,Ridge,noise2,strong_circular,90,1.0,1.257002416087428,1.123612077830758,2.227827718067776,2.7326167637153254,0.45,0.027777777777777776
2,Ridge,noise2,strong_elliptical,90,1.0,1.3723435182247248,1.2287286658029397,2.504445393802085,3.1805026358249306,0.40555555555555556,0.06111111111111111
2,Ridge,slow,all,216,1.0,2.5556099847540366,2.695197144152697,4.263057442114814,4.699472544803726,0.1875,0.41898148148148145
2,Ridge,slow,weak,72,1.0,3.3853082391275002,3.4945901826626162,4.681102150617461,4.948101883050277,0.020833333333333332,0.6875
2,Ridge,slow,medium,72,1.0,2.9878574072821866,3.007428765179804,4.390592750567673,4.646072971394527,0.041666666666666664,0.5069444444444444
2,Ridge,slow,strong,72,1.0,1.293664307852424,0.9907336839128131,2.662381552712528,3.093386284087643,0.5,0.0625
2,Ridge,slow,circular,108,1.0,2.564199978541451,2.691798842223852,4.244174644419294,4.639278811701073,0.19444444444444445,0.4305555555555556
2,Ridge,slow,elliptical,108,1.0,2.547019990966623,2.695197144152697,4.282938435204768,4.745289497270468,0.18055555555555555,0.4074074074074074
2,Ridge,slow,ballistic,108,1.0,2.420163618392056,2.503405852646475,4.221046243312792,4.502709677793858,0.2175925925925926,0.38425925925925924
2,Ridge,slow,diffusive,108,1.0,2.691056351116018,2.8015753841956594,4.345972721086747,4.8088001504393,0.1574074074074074,0.4537037037037037
2,Ridge,slow,weak_circular,36,1.0,3.4627426907271146,3.7328137201717233,4.7109613285125995,4.973787264048857,0.027777777777777776,0.75
2,Ridge,slow,weak_elliptical,36,1.0,3.307873787527886,3.337316482862683,4.5708526854639,4.881977264004384,0.013888888888888888,0.625
2,Ridge,slow,medium_circular,36,1.0,2.980155677174898,2.8482226692651413,4.306673854404777,4.592541639544054,0.013888888888888888,0.4722222222222222
2,Ridge,slow,medium_elliptical,36,1.0,2.9955591373894754,3.138197033001818,4.445973461029567,4.742969295508052,0.06944444444444445,0.5416666666666666
2,Ridge,slow,strong_circular,36,1.0,1.2497015677223402,0.8884076128574161,2.600153086594709,3.2660477895917492,0.5416666666666666,0.06944444444444445
2,Ridge,slow,strong_elliptical,36,1.0,1.3376270479825076,1.0591610654289894,2.6659199605612782,2.966079934886751,0.4583333333333333,0.05555555555555555
2,SVR_noquiet,ID,all,540,1.0,2.370849271043386,2.3341045114509607,4.366195022289714,4.895382259903704,0.23425925925925925,0.3638888888888889
2,SVR_noquiet,ID,weak,180,1.0,3.334561031570832,3.340693044386204,4.949598111628756,5.263937219979398,0.025,0.6305555555555555
2,SVR_noquiet,ID,medium,180,1.0,2.8214025683211164,2.8156412066421663,4.377488713435739,4.7638537291474305,0.06388888888888888,0.4527777777777778
2,SVR_noquiet,ID,strong,180,1.0,0.9565842132382099,0.8420811990026327,1.7422258257338683,2.0833654442005525,0.6138888888888889,0.008333333333333333
2,SVR_noquiet,ID,circular,270,1.0,2.3991381659614195,2.3660428634723076,4.494204412495468,4.9842323822571535,0.2462962962962963,0.3648148148148148
2,SVR_noquiet,ID,elliptical,270,1.0,2.3425603761253533,2.2678456147717467,4.236567919014039,4.799133324832623,0.2222222222222222,0.362962962962963
2,SVR_noquiet,ID,ballistic,270,1.0,2.393565288964956,2.35076615421956,4.383766222083284,4.8223083326504135,0.21851851851851853,0.37407407407407406
2,SVR_noquiet,ID,diffusive,270,1.0,2.348133253121816,2.3056463150910664,4.351629673603507,4.9544690964245275,0.25,0.3537037037037037
2,SVR_noquiet,ID,weak_circular,90,1.0,3.4019870510565733,3.3845667191873154,5.0297741696040275,5.345335336922463,0.005555555555555556,0.6277777777777778
2,SVR_noquiet,ID,weak_elliptical,90,1.0,3.2671350120850913,3.31719810833472,4.720676232328537,5.087522622603989,0.044444444444444446,0.6333333333333333
2,SVR_noquiet,ID,medium_circular,90,1.0,2.8924698145617276,2.819113610872141,4.503680977665413,4.717379407945617,0.06111111111111111,0.45555555555555555
2,SVR_noquiet,ID,medium_elliptical,90,1.0,2.750335322080505,2.808223996821493,4.0287065840592025,4.845699588748239,0.06666666666666667,0.45
2,SVR_noquiet,ID,strong_circular,90,1.0,0.9029576322659576,0.7521626182193237,1.7296974478312284,2.3569940147603674,0.6722222222222223,0.011111111111111112
2,SVR_noquiet,ID,strong_elliptical,90,1.0,1.0102107942104621,0.9423921474509733,1.7552849434022335,1.9652344584185653,0.5555555555555556,0.005555555555555556
2,SVR_noquiet,noise2,all,540,1.0,2.409995604997836,2.4673792449990786,4.31813777228395,4.752051833649134,0.24166666666666667,0.3814814814814815
2,SVR_noquiet,noise2,weak,180,1.0,3.3247404800962626,3.407104729070811,4.701180882833867,5.004466341995719,0.03333333333333333,0.6333333333333333
2,SVR_noquiet,noise2,medium,180,1.0,2.920912743475481,2.968290269019241,4.353637084636376,4.859738566747034,0.058333333333333334,0.49166666666666664
2,SVR_noquiet,noise2,strong,180,1.0,0.9843335914217641,0.8327841496059325,1.8489564719367906,2.3697236887487474,0.6333333333333333,0.019444444444444445
2,SVR_noquiet,noise2,circular,270,1.0,2.4039706641732157,2.4414769777685574,4.278069160877863,4.743296311356372,0.2537037037037037,0.38333333333333336
2,SVR_noquiet,noise2,elliptical,270,1.0,2.4160205458224557,2.4885485626386092,4.355618492667886,4.752251653739998,0.22962962962962963,0.37962962962962965
2,SVR_noquiet,noise2,ballistic,270,1.0,2.4293574434873215,2.5213231766946276,4.377205899551397,4.788680031906101,0.24074074074074073,0.3888888888888889
2,SVR_noquiet,noise2,diffusive,270,1.0,2.390633766508351,2.394909026427997,4.278079956096657,4.731071535356992,0.24259259259259258,0.37407407407407406
2,SVR_noquiet,noise2,weak_circular,90,1.0,3.302097202115389,3.407898473775783,4.664738405717835,5.005272104834073,0.03333333333333333,0.6111111111111112
2,SVR_noquiet,noise2,weak_elliptical,90,1.0,3.347383758077137,3.407104729070811,4.708504200249816,4.964307821107153,0.03333333333333333,0.6555555555555556
2,SVR_noquiet,noise2,medium_circular,90,1.0,2.9834492421314205,3.076554325225489,4.395952009289698,4.8601588429139095,0.05555555555555555,0.5277777777777778
2,SVR_noquiet,noise2,medium_elliptical,90,1.0,2.858376244819542,2.8728136474197594,4.2135014643188935,4.757486670633124,0.06111111111111111,0.45555555555555555
2,SVR_noquiet,noise2,strong_circular,90,1.0,0.9263655482728395,0.8009152521224658,1.6950831334424479,2.23967035661972,0.6722222222222223,0.011111111111111112
2,SVR_noquiet,noise2,strong_elliptical,90,1.0,1.0423016345706888,0.8743640680852767,1.9511136449776811,2.7080620071515775,0.5944444444444444,0.027777777777777776
2,SVR_noquiet,slow,all,216,1.0,2.626761781057968,2.7191986194156534,4.4528486096338815,4.700101917058709,0.1574074074074074,0.4074074074074074
2,SVR_noquiet,slow,weak,72,1.0,3.472020253289535,3.5584229344891307,4.693036997114221,5.074016488973522,0.034722222222222224,0.6805555555555556
2,SVR_noquiet,slow,medium,72,1.0,2.928899232137482,2.90847627086435,4.368668622327479,4.731040290274576,0.0625,0.4513888888888889
2,SVR_noquiet,slow,strong,72,1.0,1.4793658577468873,1.2856215970191258,2.815521256398927,3.4422059924040656,0.375,0.09027777777777778
2,SVR_noquiet,slow,circular,108,1.0,2.6082782668790063,2.6815476243498937,4.421684464554317,4.677684101175526,0.17592592592592593,0.41203703703703703
2,SVR_noquiet,slow,elliptical,108,1.0,2.6452452952369296,2.7314528028481098,4.4624356710220985,4.73698507532252,0.1388888888888889,0.4027777777777778
2,SVR_noquiet,slow,ballistic,108,1.0,2.40426305649682,2.3592758919610626,4.128795425616092,4.632018312717279,0.23148148148148148,0.37962962962962965
2,SVR_noquiet,slow,diffusive,108,1.0,2.8492605056191165,2.819074179952274,4.5128683144564485,4.73698507532252,0.08333333333333333,0.4351851851851852
2,SVR_noquiet,slow,weak_circular,36,1.0,3.504634812906568,3.58719200695914,4.672695078867631,4.960734440842679,0.05555555555555555,0.7222222222222222
2,SVR_noquiet,slow,weak_elliptical,36,1.0,3.439405693672502,3.474820536292575,4.731751335434124,5.103063349587326,0.013888888888888888,0.6388888888888888
2,SVR_noquiet,slow,medium_circular,36,1.0,2.9431971604599494,2.8535650821350798,4.434488599552744,4.792964482423517,0.027777777777777776,0.4444444444444444
2,SVR_noquiet,slow,medium_elliptical,36,1.0,2.9146013038150147,2.942082933408974,4.185439582540814,4.704193962874282,0.09722222222222222,0.4583333333333333
2,SVR_noquiet,slow,strong_circular,36,1.0,1.3770028272705026,1.2563720122602309,2.7002997682093404,3.2193201795552087,0.4444444444444444,0.06944444444444445
2,SVR_noquiet,slow,strong_elliptical,36,1.0,1.581728888223272,1.3067782307427946,3.264869272281819,3.564303152225533,0.3055555555555556,0.1111111111111111
2,CNN_seed41,ID,all,540,1.0,2.511279702228518,2.518952828841684,4.443819287442555,4.7849663786995595,0.18611111111111112,0.39166666666666666
2,CNN_seed41,ID,weak,180,1.0,3.3328218556245224,3.3766136269898954,4.798912648390297,5.076871118451694,0.03611111111111111,0.6305555555555555
2,CNN_seed41,ID,medium,180,1.0,2.984656081524874,3.083663532702856,4.442103177528842,4.709418969040043,0.05277777777777778,0.5166666666666667
2,CNN_seed41,ID,strong,180,1.0,1.2163611695361567,1.051439406061143,2.2173400803487047,2.6414512845613722,0.46944444444444444,0.027777777777777776
2,CNN_seed41,ID,circular,270,1.0,2.522776412816467,2.533546161642887,4.530387452619203,4.878665866005153,0.21481481481481482,0.4
2,CNN_seed41,ID,elliptical,270,1.0,2.499782991640568,2.5019848712887383,4.32608883465721,4.637249139635563,0.1574074074074074,0.38333333333333336
2,CNN_seed41,ID,ballistic,270,1.0,2.538382336695536,2.5656236861655914,4.437703835180679,4.761285217449151,0.17592592592592593,0.3962962962962963
2,CNN_seed41,ID,diffusive,270,1.0,2.4841770677615,2.463241038123967,4.453027808507542,4.800591509640991,0.1962962962962963,0.387037037037037
2,CNN_seed41,ID,weak_circular,90,1.0,3.436533330548798,3.373301815526255,4.894353881433203,5.219518473282964,0.016666666666666666,0.6555555555555556
2,CNN_seed41,ID,weak_elliptical,90,1.0,3.2291103807002464,3.3788132766195895,4.612886725413818,4.911601905356013,0.05555555555555555,0.6055555555555555
2,CNN_seed41,ID,medium_circular,90,1.0,3.029077498531852,3.0736067049103837,4.508364409237529,4.710848802930906,0.06111111111111111,0.5111111111111111
2,CNN_seed41,ID,medium_elliptical,90,1.0,2.940234664517896,3.083663532702856,4.4367284929147335,4.709418969040042,0.044444444444444446,0.5222222222222223
2,CNN_seed41,ID,strong_circular,90,1.0,1.102718409368752,0.9077193235218033,2.1571641912107964,2.5054698447567003,0.5666666666666667,0.03333333333333333
2,CNN_seed41,ID,strong_elliptical,90,1.0,1.3300039297035613,1.1606639094279374,2.3064718890801355,2.6420094017610243,0.37222222222222223,0.022222222222222223
2,CNN_seed41,noise2,all,540,1.0,2.531852180060289,2.6647310083719393,4.191945239722393,4.524749696595225,0.15648148148148147,0.39537037037037037
2,CNN_seed41,noise2,weak,180,1.0,3.283760384538648,3.414711511674454,4.467288454184501,4.739902797368749,0.030555555555555555,0.6416666666666667
2,CNN_seed41,noise2,medium,180,1.0,2.981958343611575,3.0382524253650107,4.284436956679593,4.653432531196984,0.04722222222222222,0.5111111111111111
2,CNN_seed41,noise2,strong,180,1.0,1.3298378120306458,1.199795868106855,2.5214917127284844,2.8356665160985988,0.39166666666666666,0.03333333333333333
2,CNN_seed41,noise2,circular,270,1.0,2.524387947944139,2.6404810060889092,4.235803815293718,4.524749696595225,0.16296296296296298,0.39814814814814814
2,CNN_seed41,noise2,elliptical,270,1.0,2.53931641217644,2.7003362034209384,4.170108242453351,4.505688002358775,0.15,0.3925925925925926
2,CNN_seed41,noise2,ballistic,270,1.0,2.5458878389296804,2.696651944513711,4.189264756522383,4.524749696595225,0.1425925925925926,0.3925925925925926
2,CNN_seed41,noise2,diffusive,270,1.0,2.5178165211908987,2.6370280416496765,4.204715287177416,4.505525226380877,0.17037037037037037,0.39814814814814814
2,CNN_seed41,noise2,weak_circular,90,1.0,3.2876179916148462,3.4362580384115216,4.472427663424605,4.745708017276164,0.03333333333333333,0.6333333333333333
2,CNN_seed41,noise2,weak_elliptical,90,1.0,3.27990277746245,3.4078136898730005,4.455540451917835,4.7125348325294505,0.027777777777777776,0.65
2,CNN_seed41,noise2,medium_circular,90,1.0,3.0165201180219254,3.094198218362619,4.2667204791822275,4.556542725498987,0.03333333333333333,0.5444444444444444
2,CNN_seed41,noise2,medium_elliptical,90,1.0,2.9473965692012243,2.9733962377315004,4.284436956679593,4.814993414143823,0.06111111111111111,0.4777777777777778
2,CNN_seed41,noise2,strong_circular,90,1.0,1.2690257341956466,1.0927401744764862,2.4320819864845675,2.7449418924446043,0.4222222222222222,0.016666666666666666
2,CNN_seed41,noise2,strong_elliptical,90,1.0,1.390649889865645,1.2963452222683074,2.5856799497899017,2.9802291873444617,0.3611111111111111,0.05
2,CNN_seed41,slow,all,216,1.0,2.6711315113003895,2.8399037637006384,4.372334403391455,4.727873261589039,0.16435185185185186,0.47685185185185186
2,CNN_seed41,slow,weak,72,1.0,3.4707515393873662,3.6259991827813387,4.67683087452882,5.083056412784467,0.027777777777777776,0.7291666666666666
2,CNN_seed41,slow,medium,72,1.0,3.0525264315071485,3.1999134655359738,4.292839386088791,4.643246773533437,0.0625,0.5972222222222222
2,CNN_seed41,slow,strong,72,1.0,1.4901165630066524,1.2328028591978017,2.9833764501862867,3.386560876567858,0.4027777777777778,0.10416666666666667
2,CNN_seed41,slow,circular,108,1.0,2.701095588471579,2.985325240184582,4.425363947501734,4.76140902581768,0.1527777777777778,0.49537037037037035
2,CNN_seed41,slow,elliptical,108,1.0,2.6411674341291995,2.798689067818683,4.2897021088587435,4.693261781713323,0.17592592592592593,0.4583333333333333
2,CNN_seed41,slow,ballistic,108,1.0,2.5013738973772583,2.6524437209227236,4.415339704339756,4.693261781713323,0.22685185185185186,0.42592592592592593
2,CNN_seed41,slow,diffusive,108,1.0,2.8408891252235207,3.0382139352332684,4.33678321520666,4.76140902581768,0.10185185185185185,0.5277777777777778
2,CNN_seed41,slow,weak_circular,36,1.0,3.6014166638375227,3.850283291450559,4.775456468454067,5.144280316656217,0.05555555555555555,0.8055555555555556
2,CNN_seed41,slow,weak_elliptical,36,1.0,3.34008641493721,3.323005330006637,4.638501846318857,4.957284489907715,0.0,0.6527777777777778
2,CNN_seed41,slow,medium_circular,36,1.0,3.025984569406723,3.0827172284414774,4.236264658169727,4.68343080595089,0.013888888888888888,0.5694444444444444
2,CNN_seed41,slow,medium_elliptical,36,1.0,3.0790682936075746,3.276434955553877,4.2977704874216265,4.639496134192792,0.1111111111111111,0.625
2,CNN_seed41,slow,strong_circular,36,1.0,1.4758855321704891,1.27359495708146,3.0887852626607355,3.3098901181922336,0.3888888888888889,0.1111111111111111
2,CNN_seed41,slow,strong_elliptical,36,1.0,1.504347593842816,1.1436891905894218,2.8570538527746927,3.46766862247694,0.4166666666666667,0.09722222222222222
2,CNN_seed42,ID,all,540,1.0,2.47977033659838,2.4463950424046472,4.280695486340648,4.678418456451581,0.17314814814814813,0.38981481481481484
2,CNN_seed42,ID,weak,180,1.0,3.3017854205585966,3.4017898147374206,4.6478549721151845,4.977066144579866,0.041666666666666664,0.6444444444444445
2,CNN_seed42,ID,medium,180,1.0,2.8810254447127974,2.9929089748434623,4.3052126900315715,4.725469693225787,0.06111111111111111,0.49166666666666664
2,CNN_seed42,ID,strong,180,1.0,1.2565001445237458,1.104152142645569,2.162068558513222,2.5961572857272355,0.4166666666666667,0.03333333333333333
2,CNN_seed42,ID,circular,270,1.0,2.4983908548664324,2.5608990264689147,4.3302404568511195,4.749270384127441,0.19074074074074074,0.40555555555555556
2,CNN_seed42,ID,elliptical,270,1.0,2.4611498183303278,2.4130514071239055,4.222660913630895,4.620486382536711,0.15555555555555556,0.37407407407407406
2,CNN_seed42,ID,ballistic,270,1.0,2.500638514744645,2.451755496290118,4.281992592014581,4.620486382536711,0.15925925925925927,0.3888888888888889
2,CNN_seed42,ID,diffusive,270,1.0,2.4589021584521156,2.4327549777702866,4.267837875470709,4.7251986579144845,0.18703703703703703,0.3907407407407407
2,CNN_seed42,ID,weak_circular,90,1.0,3.3687862006688127,3.4579424900207125,4.654252177644048,4.980128723373203,0.011111111111111112,0.6666666666666666
2,CNN_seed42,ID,weak_elliptical,90,1.0,3.23478464044838,3.371619114326986,4.63595812986297,4.96963334056717,0.07222222222222222,0.6222222222222222
2,CNN_seed42,ID,medium_circular,90,1.0,3.0052984970622485,3.0824826558611234,4.414999579366692,4.852504197631743,0.05555555555555555,0.5333333333333333
2,CNN_seed42,ID,medium_elliptical,90,1.0,2.756752392363347,2.8887446313256238,4.14762879801217,4.501421940845625,0.06666666666666667,0.45
2,CNN_seed42,ID,strong_circular,90,1.0,1.1210878668682354,0.9839166303316282,1.996455111130971,2.4330118233116313,0.5055555555555555,0.016666666666666666
2,CNN_seed42,ID,strong_elliptical,90,1.0,1.3919124221792565,1.3253481288563125,2.2816321910746358,2.949838784281337,0.3277777777777778,0.05
2,CNN_seed42,noise2,all,540,1.0,2.534732889781149,2.5712275540039484,4.353492655778784,4.720012942220945,0.15925925925925927,0.3962962962962963
2,CNN_seed42,noise2,weak,180,1.0,3.3214976352266596,3.4954846343655666,4.667287973216667,4.843341732096328,0.027777777777777776,0.6555555555555556
2,CNN_seed42,noise2,medium,180,1.0,2.9460674594687157,2.9076881542539557,4.487347529949092,4.8540290555158645,0.04722222222222222,0.4722222222222222
2,CNN_seed42,noise2,strong,180,1.0,1.3366335746480722,1.177805576253124,2.5598450435943048,3.0443080020374356,0.4027777777777778,0.06111111111111111
2,CNN_seed42,noise2,circular,270,1.0,2.51524151520429,2.6247438986357823,4.335373825146055,4.703889949298051,0.1814814814814815,0.4148148148148148
2,CNN_seed42,noise2,elliptical,270,1.0,2.5542242643580084,2.5034888300220945,4.362401750231073,4.731310562983818,0.13703703703703704,0.37777777777777777
2,CNN_seed42,noise2,ballistic,270,1.0,2.5512174140850665,2.592539550127589,4.353492655778784,4.769718658524306,0.15,0.40185185185185185
2,CNN_seed42,noise2,diffusive,270,1.0,2.518248365477232,2.551661640164578,4.350025245542466,4.713408513579687,0.1685185185185185,0.3907407407407407
2,CNN_seed42,noise2,weak_circular,90,1.0,3.282290877068147,3.470371511500069,4.628293993059418,4.8080717702528935,0.03333333333333333,0.6444444444444445
2,CNN_seed42,noise2,weak_elliptical,90,1.0,3.3607043933851717,3.551215310899569,4.667287973216667,4.876230000004703,0.022222222222222223,0.6666666666666666
2,CNN_seed42,noise2,medium_circular,90,1.0,3.0498544711960784,3.1367878183270674,4.420267430646335,4.863865795024831,0.03888888888888889,0.5555555555555556
2,CNN_seed42,noise2,medium_elliptical,90,1.0,2.842280447741354,2.7399723785005135,4.643082258813387,4.840006306193695,0.05555555555555555,0.3888888888888889
2,CNN_seed42,noise2,strong_circular,90,1.0,1.2135791973486447,1.086062129605807,2.2076801593764714,2.9336382957013734,0.4722222222222222,0.044444444444444446
2,CNN_seed42,noise2,strong_elliptical,90,1.0,1.4596879519474997,1.255290124647011,2.800202678246348,3.2717438836548713,0.3333333333333333,0.07777777777777778
2,CNN_seed42,slow,all,216,1.0,2.61380555886934,2.6937391268444344,4.248706778282828,4.630676103754723,0.15046296296296297,0.4166666666666667
2,CNN_seed42,slow,weak,72,1.0,3.345832670538323,3.3977679823611915,4.637339733038135,4.944955892173284,0.034722222222222224,0.6458333333333334
2,CNN_seed42,slow,medium,72,1.0,2.988561721463299,3.050762608882379,4.383832341587501,4.5783325021530095,0.04861111111111111,0.5069444444444444
2,CNN_seed42,slow,strong,72,1.0,1.5070222846063979,1.2981361715254776,2.9621385504922912,3.410513301364991,0.3680555555555556,0.09722222222222222
2,CNN_seed42,slow,circular,108,1.0,2.610981009920043,2.7118864092223784,4.236631469404592,4.640809164754829,0.1527777777777778,0.41203703703703703
2,CNN_seed42,slow,elliptical,108,1.0,2.616630107818636,2.669261269392994,4.269049483811164,4.6090256515670855,0.14814814814814814,0.4212962962962963
2,CNN_seed42,slow,ballistic,108,1.0,2.4703378063802717,2.5460570017668442,4.134703628129873,4.551805344422864,0.2037037037037037,0.39351851851851855
2,CNN_seed42,slow,diffusive,108,1.0,2.7572733113584076,2.734954520132474,4.472945476428894,4.714513225030172,0.09722222222222222,0.4398148148148148
2,CNN_seed42,slow,weak_circular,36,1.0,3.3790833762748846,3.3603815311041165,4.698340908401464,4.907697325012365,0.05555555555555555,0.6805555555555556
2,CNN_seed42,slow,weak_elliptical,36,1.0,3.31258196480176,3.460301521502996,4.59080670585258,4.905747516517704,0.013888888888888888,0.6111111111111112
2,CNN_seed42,slow,medium_circular,36,1.0,2.9974580129324018,2.973022236656062,4.27898373366093,4.589260160257762,0.013888888888888888,0.4722222222222222
2,CNN_seed42,slow,medium_elliptical,36,1.0,2.979665429994196,3.1139813248926984,4.416390608989067,4.52790967480781,0.08333333333333333,0.5416666666666666
2,CNN_seed42,slow,strong_circular,36,1.0,1.4564016405528433,1.2155662725751635,2.8331872823766893,3.2666860265620024,0.3888888888888889,0.08333333333333333
2,CNN_seed42,slow,strong_elliptical,36,1.0,1.5576429286599525,1.3840394005649368,3.1080371380861904,3.413027340939715,0.3472222222222222,0.1111111111111111
2,CNN_seed43,ID,all,540,1.0,2.4788850705912155,2.439737951657432,4.459603891372386,4.784975168612242,0.1814814814814815,0.36944444444444446
2,CNN_seed43,ID,weak,180,1.0,3.3355700188357713,3.320995231987416,4.801721709280639,5.071613134864409,0.041666666666666664,0.5916666666666667
2,CNN_seed43,ID,medium,180,1.0,2.9192584889719533,2.9653631653549164,4.329335359480516,4.737005666077242,0.05,0.4888888888888889
2,CNN_seed43,ID,strong,180,1.0,1.1818267039659227,1.0806046063464019,2.0869192100743708,2.586689161121476,0.4527777777777778,0.027777777777777776
2,CNN_seed43,ID,circular,270,1.0,2.5228013723940204,2.5410071049083,4.565929641238758,4.8930604710833645,0.18518518518518517,0.37962962962962965
2,CNN_seed43,ID,elliptical,270,1.0,2.4349687687884107,2.3702198120412126,4.261579063630021,4.710721502591381,0.17777777777777778,0.3592592592592593
2,CNN_seed43,ID,ballistic,270,1.0,2.490191791610158,2.5410071049083,4.445618774628968,4.774042399547767,0.18888888888888888,0.37222222222222223
2,CNN_seed43,ID,diffusive,270,1.0,2.467578349572273,2.3939868137336298,4.495839097082314,4.784975168612242,0.17407407407407408,0.36666666666666664
2,CNN_seed43,ID,weak_circular,90,1.0,3.466758386266832,3.4807902603399064,4.924121123609625,5.164842263663031,0.011111111111111112,0.6166666666666667
2,CNN_seed43,ID,weak_elliptical,90,1.0,3.2043816514047103,3.167294125430823,4.711444399557108,4.85822188858424,0.07222222222222222,0.5666666666666667
2,CNN_seed43,ID,medium_circular,90,1.0,3.0101212725068787,2.9841941043044744,4.360687581190305,4.764840010971997,0.03888888888888889,0.49444444444444446
2,CNN_seed43,ID,medium_elliptical,90,1.0,2.828395705437028,2.935086237330591,4.274867933222501,4.646973803315919,0.06111111111111111,0.48333333333333334
2,CNN_seed43,ID,strong_circular,90,1.0,1.091524458408352,0.9850047342452319,1.822822615195593,2.4422929721626714,0.5055555555555555,0.027777777777777776
2,CNN_seed43,ID,strong_elliptical,90,1.0,1.2721289495234938,1.133518056091102,2.1486839760682472,2.587911046068101,0.4,0.027777777777777776
2,CNN_seed43,noise2,all,540,1.0,2.4945778724921843,2.5047638486514616,4.333190888938943,4.702470170930808,0.18888888888888888,0.39351851851851855
2,CNN_seed43,noise2,weak,180,1.0,3.3334634406787687,3.576331179117778,4.6037830597600395,4.836541995392834,0.03611111111111111,0.6638888888888889
2,CNN_seed43,noise2,medium,180,1.0,2.9385904219808854,2.9501285329166334,4.438416369886571,4.9233960764994436,0.041666666666666664,0.4777777777777778
2,CNN_seed43,noise2,strong,180,1.0,1.2116797548169003,1.0109020056981315,2.4139967787521055,2.8853313804591343,0.4888888888888889,0.03888888888888889
2,CNN_seed43,noise2,circular,270,1.0,2.474191583181668,2.4246396617958186,4.302531795679591,4.678171282774783,0.20555555555555555,0.39444444444444443
2,CNN_seed43,noise2,elliptical,270,1.0,2.5149641618027005,2.569473630705788,4.390034998559698,4.708361378698267,0.17222222222222222,0.3925925925925926
2,CNN_seed43,noise2,ballistic,270,1.0,2.4940495968469776,2.460388295807631,4.368234495920442,4.76415599065966,0.1925925925925926,0.40185185185185185
2,CNN_seed43,noise2,diffusive,270,1.0,2.495106148137392,2.5632968723702376,4.304153249534237,4.625636048167843,0.18518518518518517,0.3851851851851852
2,CNN_seed43,noise2,weak_circular,90,1.0,3.2821211767696696,3.531655177254369,4.566887348962422,4.774724926610524,0.03888888888888889,0.6666666666666666
2,CNN_seed43,noise2,weak_elliptical,90,1.0,3.384805704587867,3.5897602467333334,4.682784418371955,4.920050803678664,0.03333333333333333,0.6611111111111111
2,CNN_seed43,noise2,medium_circular,90,1.0,3.009433094489635,3.00864299670978,4.444399646567363,4.858174637818048,0.03333333333333333,0.5
2,CNN_seed43,noise2,medium_elliptical,90,1.0,2.867747749472135,2.8865199501449643,4.43176947673088,4.934781492047839,0.05,0.45555555555555555
2,CNN_seed43,noise2,strong_circular,90,1.0,1.1310204782857003,0.9298190618419158,2.2416433197248344,2.5730592273162576,0.5444444444444444,0.016666666666666666
2,CNN_seed43,noise2,strong_elliptical,90,1.0,1.2923390313481002,1.075086488416788,2.741886922746534,3.0141721727094173,0.43333333333333335,0.06111111111111111
2,CNN_seed43,slow,all,216,1.0,2.642700551409735,2.6986497999292407,4.3687641102724495,4.82874689897359,0.14583333333333334,0.4305555555555556
2,CNN_seed43,slow,weak,72,1.0,3.402418406416926,3.486106741043824,4.617462225723245,5.19510247729567,0.027777777777777776,0.6805555555555556
2,CNN_seed43,slow,medium,72,1.0,3.0394605248554627,3.0335576486283458,4.468770589246402,4.8174045278956905,0.034722222222222224,0.5069444444444444
2,CNN_seed43,slow,strong,72,1.0,1.4862227229568152,1.2187360091753408,3.0119635986214637,3.314508023472215,0.375,0.10416666666666667
2,CNN_seed43,slow,circular,108,1.0,2.63819561882281,2.6842846781025522,4.439145908438479,4.90832315023751,0.1574074074074074,0.4212962962962963
2,CNN_seed43,slow,elliptical,108,1.0,2.6472054839966597,2.703071745968875,4.320852364002226,4.674750641779314,0.13425925925925927,0.4398148148148148
2,CNN_seed43,slow,ballistic,108,1.0,2.4738828478964825,2.498575069363728,4.2625444867454,4.670891685110856,0.19444444444444445,0.38425925925925924
2,CNN_seed43,slow,diffusive,108,1.0,2.811518254922987,2.8976644200108774,4.474957908665879,4.878771596154374,0.09722222222222222,0.47685185185185186
2,CNN_seed43,slow,weak_circular,36,1.0,3.465658614880204,3.5971596576689038,4.883421386893975,5.254624159753878,0.05555555555555555,0.7083333333333334
2,CNN_seed43,slow,weak_elliptical,36,1.0,3.3391781979536472,3.386738010633189,4.425765401466362,4.840355821339122,0.0,0.6527777777777778
2,CNN_seed43,slow,medium_circular,36,1.0,3.0313377227914273,2.926451652097474,4.557215499027097,4.9179376807053385,0.0,0.4722222222222222
2,CNN_seed43,slow,medium_elliptical,36,1.0,3.0475833269194985,3.160087303268182,4.3483574618836105,4.746863227917567,0.06944444444444445,0.5416666666666666
2,CNN_seed43,slow,strong_circular,36,1.0,1.417590518796799,1.144534699400715,2.81081101889106,3.27151038737847,0.4166666666666667,0.08333333333333333
2,CNN_seed43,slow,strong_elliptical,36,1.0,1.554854927116832,1.342634066183087,3.1194094870378537,3.571400289997802,0.3333333333333333,0.125
2,CNN,ID,all,540,1.0,2.4419501923484765,2.522130420854781,4.3209075010243785,4.664651868360744,0.20462962962962963,0.3814814814814815
2,CNN,ID,weak,180,1.0,3.2999054629756768,3.333636892518996,4.684940455136178,4.893026971600434,0.041666666666666664,0.6222222222222222
2,CNN,ID,medium,180,1.0,2.905566967607686,2.9947063241348584,4.323119599205782,4.618608816187171,0.04722222222222222,0.49722222222222223
2,CNN,ID,strong,180,1.0,1.1203781464620675,0.9582722766873861,2.083349426942861,2.598494766492137,0.525,0.025
2,CNN,ID,circular,270,1.0,2.4677772306990327,2.5382184982763647,4.4164968632704635,4.751444135619714,0.21481481481481482,0.3907407407407407
2,CNN,ID,elliptical,270,1.0,2.416123153997921,2.4155538820026417,4.192686424833304,4.58141463977433,0.19444444444444445,0.37222222222222223
2,CNN,ID,ballistic,270,1.0,2.4674730852128026,2.564165783668094,4.3483547781105445,4.631297881028751,0.19444444444444445,0.37777777777777777
2,CNN,ID,diffusive,270,1.0,2.416427299484151,2.418975025970502,4.304232396907365,4.683827457119957,0.21481481481481482,0.3851851851851852
2,CNN,ID,weak_circular,90,1.0,3.4009958815707413,3.3978218963810565,4.768508843909973,4.931642770593764,0.011111111111111112,0.6388888888888888
2,CNN,ID,weak_elliptical,90,1.0,3.1988150443806136,3.2761402201490766,4.5820020400438475,4.840418340920825,0.07222222222222222,0.6055555555555555
2,CNN,ID,medium_circular,90,1.0,2.991071883294498,3.0262605984431783,4.4045549132620145,4.71187788892446,0.03888888888888889,0.5111111111111111
2,CNN,ID,medium_elliptical,90,1.0,2.820062051920873,2.8885893408022962,4.198674212738462,4.568997902356723,0.05555555555555555,0.48333333333333334
2,CNN,ID,strong_circular,90,1.0,1.01126392723186,0.880120959899411,1.8041322989509234,2.4486293762237494,0.5944444444444444,0.022222222222222223
2,CNN,ID,strong_elliptical,90,1.0,1.2294923656922747,1.1460268364382546,2.1122583010363294,2.5986827071845187,0.45555555555555555,0.027777777777777776
2,CNN,noise2,all,540,1.0,2.476712087389527,2.595507459070041,4.246717028982939,4.555405130186634,0.18796296296296297,0.39814814814814814
2,CNN,noise2,weak,180,1.0,3.2983276816357945,3.520205130065679,4.491599327564616,4.7116969816254715,0.030555555555555555,0.6638888888888889
2,CNN,noise2,medium,180,1.0,2.938097748812121,2.9667375823553708,4.423740375419245,4.749743091315413,0.041666666666666664,0.49166666666666664
2,CNN,noise2,strong,180,1.0,1.1937108317206653,1.004137961932869,2.438904214783537,2.8760654861577777,0.49166666666666664,0.03888888888888889
2,CNN,noise2,circular,270,1.0,2.4622364060304327,2.574922922479014,4.280824904482825,4.545085921090923,0.2,0.40555555555555556
2,CNN,noise2,elliptical,270,1.0,2.4911877687486212,2.604692302663638,4.229809597731944,4.55777592784106,0.17592592592592593,0.3907407407407407
2,CNN,noise2,ballistic,270,1.0,2.4873663553364933,2.621295507192892,4.244919307818297,4.574585924732935,0.17222222222222222,0.40185185185185185
2,CNN,noise2,diffusive,270,1.0,2.46605781944256,2.5839159072358777,4.248831376614119,4.520475934543375,0.2037037037037037,0.39444444444444443
2,CNN,noise2,weak_circular,90,1.0,3.2691870155968914,3.4904069870245973,4.479182528388802,4.616720789603852,0.03888888888888889,0.6555555555555556
2,CNN,noise2,weak_elliptical,90,1.0,3.3274683476746976,3.5372846860269718,4.50328614015733,4.765475988303557,0.022222222222222223,0.6722222222222223
2,CNN,noise2,medium_circular,90,1.0,3.0077465754639685,3.0880743157013546,4.348050970915957,4.693959222837937,0.03888888888888889,0.5444444444444444
2,CNN,noise2,medium_elliptical,90,1.0,2.868448922160274,2.8860375411202197,4.427393691962355,4.7934583287085575,0.044444444444444446,0.4388888888888889
2,CNN,noise2,strong_circular,90,1.0,1.1097756270304375,0.9311813131326954,2.20380354513731,2.7502390120998195,0.5222222222222223,0.016666666666666666
2,CNN,noise2,strong_elliptical,90,1.0,1.2776460364108926,1.0595916950495683,2.6934562144288208,3.2039138752327703,0.46111111111111114,0.06111111111111111
2,CNN,slow,all,216,1.0,2.593923549417938,2.7717548581657563,4.201074052893777,4.611190376710513,0.16435185185185186,0.42824074074074076
2,CNN,slow,weak,72,1.0,3.3812910305415103,3.477723962297726,4.593247286357201,4.901284295557882,0.027777777777777776,0.6944444444444444
2,CNN,slow,medium,72,1.0,2.9923938010518065,3.058374947061197,4.17994329807828,4.5904136681874075,0.04861111111111111,0.5138888888888888
2,CNN,slow,strong,72,1.0,1.4080858166604981,1.1201334994416252,2.86322773684851,3.26344605271859,0.4166666666666667,0.0763888888888889
2,CNN,slow,circular,108,1.0,2.598645951974563,2.8046949639949537,4.227612300600969,4.604588858567598,0.18055555555555555,0.42592592592592593
2,CNN,slow,elliptical,108,1.0,2.5892011468613134,2.7459104391519213,4.188337916126963,4.617950992961273,0.14814814814814814,0.4305555555555556
2,CNN,slow,ballistic,108,1.0,2.4307507235742483,2.61171370712457,4.193532981697009,4.531887663415257,0.2175925925925926,0.4027777777777778
2,CNN,slow,diffusive,108,1.0,2.757096375261629,2.8346760645733164,4.204955234015863,4.643415568141535,0.1111111111111111,0.4537037037037037
2,CNN,slow,weak_circular,36,1.0,3.4546326732834154,3.604279274125024,4.65110235789923,5.012946282358677,0.05555555555555555,0.7638888888888888
2,CNN,slow,weak_elliptical,36,1.0,3.307949387799605,3.354076982921543,4.297924044747892,4.7228632753023545,0.0,0.625
2,CNN,slow,medium_circular,36,1.0,2.9949733987390985,2.9053335464286425,4.150931448007279,4.556719855318007,0.0,0.4444444444444444
2,CNN,slow,medium_elliptical,36,1.0,2.9898142033645154,3.1035838084381018,4.177380403465531,4.666159291755409,0.09722222222222222,0.5833333333333334
2,CNN,slow,strong_circular,36,1.0,1.3463317839011752,1.0367639324831108,2.8831238835812005,3.1151627283561845,0.4861111111111111,0.06944444444444445
2,CNN,slow,strong_elliptical,36,1.0,1.4698398494198208,1.161177148169135,2.8216268301821077,3.3490251497240746,0.3472222222222222,0.08333333333333333
2,REI_full,ID,all,540,1.0,2.602820832218983,2.7498762408408175,4.130541316606546,4.436724528893576,0.1175925925925926,0.4324074074074074
2,REI_full,ID,weak,180,1.0,3.23896344949128,3.33932463476021,4.427762765730045,4.6782523227062125,0.05,0.6777777777777778
2,REI_full,ID,medium,180,1.0,3.0122091649433123,3.1418673903294216,4.26613173548838,4.436724528893577,0.03611111111111111,0.5583333333333333
2,REI_full,ID,strong,180,1.0,1.557289882222356,1.5431040694501164,2.688888054563902,3.0691840532921,0.26666666666666666,0.06111111111111111
2,REI_full,ID,circular,270,1.0,2.658135582872323,2.763590165770606,4.292779717388524,4.487025377615437,0.10740740740740741,0.4351851851851852
2,REI_full,ID,elliptical,270,1.0,2.5475060815656416,2.735417983941537,3.9923450943659353,4.350822695743669,0.12777777777777777,0.42962962962962964
2,REI_full,ID,ballistic,270,1.0,2.647106367403309,2.822405705877677,4.111867840683303,4.42613413990152,0.09074074074074075,0.4388888888888889
2,REI_full,ID,diffusive,270,1.0,2.558535297034656,2.6923898334028546,4.1786052533067375,4.442023621609237,0.14444444444444443,0.42592592592592593
2,REI_full,ID,weak_circular,90,1.0,3.3163288544976064,3.3125851901443903,4.495714950271742,4.721800891970293,0.03333333333333333,0.6777777777777778
2,REI_full,ID,weak_elliptical,90,1.0,3.1615980444849527,3.358174356785599,4.259868358898841,4.633873733012716,0.06666666666666667,0.6777777777777778
2,REI_full,ID,medium_circular,90,1.0,3.099087554565802,3.2532403788143736,4.383716267363846,4.451066614592893,0.016666666666666666,0.5722222222222222
2,REI_full,ID,medium_elliptical,90,1.0,2.925330775320822,3.076655150939054,4.084065477967367,4.382188543918105,0.05555555555555555,0.5444444444444444
2,REI_full,ID,strong_circular,90,1.0,1.558990339553561,1.6008720865073598,2.6652684036492027,3.057428962547923,0.2722222222222222,0.05555555555555555
2,REI_full,ID,strong_elliptical,90,1.0,1.5555894248911513,1.52596505708376,2.69653996368508,3.0749611238689476,0.2611111111111111,0.06666666666666667
2,REI_full,noise2,all,540,1.0,2.637662401834994,2.7801868471384554,4.1436261758388895,4.40291092093757,0.1111111111111111,0.43425925925925923
2,REI_full,noise2,weak,180,1.0,3.2208616882663743,3.3593120074456113,4.34063417981239,4.502902533550057,0.03611111111111111,0.6583333333333333
2,REI_full,noise2,medium,180,1.0,3.0506793398628727,3.1617346551324976,4.220107794687445,4.4396019625593555,0.04722222222222222,0.5833333333333334
2,REI_full,noise2,strong,180,1.0,1.6414461773757352,1.6331156745586335,2.7698999773983113,3.044249137848637,0.25,0.06111111111111111
2,REI_full,noise2,circular,270,1.0,2.671855775879885,2.7988702125028686,4.124548109461302,4.336833492637937,0.1,0.44074074074074077
2,REI_full,noise2,elliptical,270,1.0,2.603469027790103,2.7715870589084357,4.146921530674649,4.417384678757255,0.12222222222222222,0.42777777777777776
2,REI_full,noise2,ballistic,270,1.0,2.689629050640351,2.8290799204714077,4.146867978776343,4.434529686398793,0.09259259259259259,0.45
2,REI_full,noise2,diffusive,270,1.0,2.5856957530296376,2.7658010619307376,4.124485270109939,4.371016110755692,0.12962962962962962,0.4185185185185185
2,REI_full,noise2,weak_circular,90,1.0,3.25933101235841,3.4129472961759326,4.280323734658123,4.529607880203166,0.03333333333333333,0.6611111111111111
2,REI_full,noise2,weak_elliptical,90,1.0,3.1823923641743384,3.3088991873585694,4.343965439116226,4.491913335198823,0.03888888888888889,0.6555555555555556
2,REI_full,noise2,medium_circular,90,1.0,3.1034228495785277,3.2509380608771226,4.181816895868149,4.397040426265534,0.022222222222222223,0.6111111111111112
2,REI_full,noise2,medium_elliptical,90,1.0,2.9979358301472177,3.1009323322032674,4.319171026183194,4.551008330603899,0.07222222222222222,0.5555555555555556
2,REI_full,noise2,strong_circular,90,1.0,1.6528134657027174,1.7184574154949948,2.7410585672789907,2.980220916905919,0.24444444444444444,0.05
2,REI_full,noise2,strong_elliptical,90,1.0,1.630078889048753,1.5572905191735862,2.860426980179664,3.323084075363848,0.25555555555555554,0.07222222222222222
2,REI_full,slow,all,216,1.0,2.675390521407831,2.851165554062389,4.0878412026137525,4.348345472337317,0.11805555555555555,0.4652777777777778
2,REI_full,slow,weak,72,1.0,3.253330273631382,3.3892997778542004,4.278711676866839,4.593524710462041,0.041666666666666664,0.6666666666666666
2,REI_full,slow,medium,72,1.0,3.071524834268672,3.203878792228778,4.155770009667822,4.3640229572632,0.027777777777777776,0.6180555555555556
2,REI_full,slow,strong,72,1.0,1.701316456323437,1.45384662046339,3.0225865569734074,3.632046625963622,0.2847222222222222,0.1111111111111111
2,REI_full,slow,circular,108,1.0,2.744340529334213,2.913241718129318,4.1006616085463445,4.273253486883823,0.10185185185185185,0.4722222222222222
2,REI_full,slow,elliptical,108,1.0,2.6064405134814477,2.796089428885182,4.027222133150375,4.412061614456647,0.13425925925925927,0.4583333333333333
2,REI_full,slow,ballistic,108,1.0,2.5769447245016264,2.8180164709118376,4.032295224231735,4.245379391750384,0.1527777777777778,0.44907407407407407
2,REI_full,slow,diffusive,108,1.0,2.773836318314034,2.877661830440493,4.136381199401924,4.369887048990981,0.08333333333333333,0.48148148148148145
2,REI_full,slow,weak_circular,36,1.0,3.3263826459711208,3.5220575935709437,4.303682145651084,4.60852281670831,0.06944444444444445,0.7222222222222222
2,REI_full,slow,weak_elliptical,36,1.0,3.180277901291644,3.258143280267704,4.079202206088179,4.481082373886015,0.013888888888888888,0.6111111111111112
2,REI_full,slow,medium_circular,36,1.0,3.11415759094849,3.184290419441487,4.1455822513819935,4.213708419318314,0.013888888888888888,0.5833333333333334
2,REI_full,slow,medium_elliptical,36,1.0,3.028892077588855,3.222371318064414,4.195973232575892,4.507680404281765,0.041666666666666664,0.6527777777777778
2,REI_full,slow,strong_circular,36,1.0,1.7924813510830289,1.6824776365220713,3.009377830195187,3.5011414415475612,0.2222222222222222,0.1111111111111111
2,REI_full,slow,strong_elliptical,36,1.0,1.6101515615638446,1.288113628000335,3.1366359509808697,3.596149103970003,0.3472222222222222,0.1111111111111111
2,REI_1024,ID,all,540,1.0,2.5581000941653316,2.635007300942652,4.126356559161672,4.427090508889186,0.12037037037037036,0.40555555555555556
2,REI_1024,ID,weak,180,1.0,3.225664693443063,3.3152576015404587,4.418928050317115,4.73129069017169,0.027777777777777776,0.6388888888888888
2,REI_1024,ID,medium,180,1.0,2.945011561249621,3.090377834405209,4.155656148275243,4.4270905088891865,0.03888888888888889,0.525
2,REI_1024,ID,strong,180,1.0,1.503624027803311,1.4899112944074888,2.5561230250115243,3.010253459903404,0.29444444444444445,0.05277777777777778
2,REI_1024,ID,circular,270,1.0,2.590491325974577,2.6064633080879833,4.1939270298048585,4.544182408992897,0.11296296296296296,0.40555555555555556
2,REI_1024,ID,elliptical,270,1.0,2.525708862356085,2.6517276812174444,4.078657563429014,4.368079563975119,0.12777777777777777,0.40555555555555556
2,REI_1024,ID,ballistic,270,1.0,2.64833286307013,2.754253231760586,4.1723336364853845,4.448262813634452,0.08888888888888889,0.42962962962962964
2,REI_1024,ID,diffusive,270,1.0,2.467867325260533,2.5032462183391577,4.09027287440002,4.410566858957793,0.15185185185185185,0.3814814814814815
2,REI_1024,ID,weak_circular,90,1.0,3.269827429205377,3.3206212347568034,4.6064034922565265,4.800264509250454,0.0,0.6222222222222222
2,REI_1024,ID,weak_elliptical,90,1.0,3.1815019576807484,3.289480307925526,4.368731135403634,4.605757800381505,0.05555555555555555,0.6555555555555556
2,REI_1024,ID,medium_circular,90,1.0,3.0057913257385835,3.158179411002418,4.185678421533477,4.504713748553225,0.027777777777777776,0.5444444444444444
2,REI_1024,ID,medium_elliptical,90,1.0,2.8842317967606568,3.01626369680595,4.111247455816299,4.357728977544258,0.05,0.5055555555555555
2,REI_1024,ID,strong_circular,90,1.0,1.4958552229797717,1.4704117154117347,2.537161380708239,2.9793153075179446,0.3111111111111111,0.05
2,REI_1024,ID,strong_elliptical,90,1.0,1.5113928326268504,1.4959688817437045,2.5561230250115243,3.1002461579328418,0.2777777777777778,0.05555555555555555
2,REI_1024,noise2,all,540,1.0,2.6024429950761463,2.6930656639169657,4.1829998483693664,4.426949919078919,0.12037037037037036,0.41203703703703703
2,REI_1024,noise2,weak,180,1.0,3.2283971476258193,3.3690527769361127,4.377690732052669,4.599263465087493,0.03333333333333333,0.6611111111111111
2,REI_1024,noise2,medium,180,1.0,3.007262699028738,3.1019544333058997,4.292646476080899,4.557913189678346,0.041666666666666664,0.525
2,REI_1024,noise2,strong,180,1.0,1.5716691385738821,1.5530784904723616,2.5585076373952456,2.9917337875953907,0.2861111111111111,0.05
2,REI_1024,noise2,circular,270,1.0,2.610232814901597,2.684088497418168,4.188970572172668,4.400128401654836,0.12037037037037036,0.40185185185185185
2,REI_1024,noise2,elliptical,270,1.0,2.5946531752506945,2.7095457901615623,4.157668640333283,4.489694707475831,0.12037037037037036,0.4222222222222222
2,REI_1024,noise2,ballistic,270,1.0,2.6732728949416504,2.778604587744611,4.191736832638181,4.456777072541867,0.0962962962962963,0.4148148148148148
2,REI_1024,noise2,diffusive,270,1.0,2.5316130952106417,2.6354290792407378,4.0744447300486675,4.398849998405662,0.14444444444444443,0.40925925925925927
2,REI_1024,noise2,weak_circular,90,1.0,3.2326207194485375,3.3837717224397705,4.39891609867805,4.548852049200366,0.03333333333333333,0.6333333333333333
2,REI_1024,noise2,weak_elliptical,90,1.0,3.224173575803099,3.35404042977666,4.30844981793974,4.599786932497535,0.03333333333333333,0.6888888888888889
2,REI_1024,noise2,medium_circular,90,1.0,3.0404150877774434,3.1889916349303062,4.245860564827761,4.435565741512186,0.03333333333333333,0.5444444444444444
2,REI_1024,noise2,medium_elliptical,90,1.0,2.9741103102800315,3.019196687218168,4.362872380840321,4.58176408531544,0.05,0.5055555555555555
2,REI_1024,noise2,strong_circular,90,1.0,1.5576626374788096,1.5815547096212406,2.512591394860381,2.811073193100003,0.29444444444444445,0.027777777777777776
2,REI_1024,noise2,strong_elliptical,90,1.0,1.5856756396689549,1.5420983413861693,2.578814983056267,3.1475048261185874,0.2777777777777778,0.07222222222222222
2,REI_1024,slow,all,216,1.0,2.596444740570815,2.723081082516718,4.136212620627476,4.431557531187809,0.14351851851851852,0.4236111111111111
2,REI_1024,slow,weak,72,1.0,3.253664591192787,3.400572901395004,4.369869989874957,4.692546521575461,0.041666666666666664,0.6458333333333334
2,REI_1024,slow,medium,72,1.0,3.0264779113378,3.138761096835703,4.186578982295019,4.416731568148518,0.034722222222222224,0.5555555555555556
2,REI_1024,slow,strong,72,1.0,1.5091917191818582,1.3046072308952628,2.7219712587462075,3.2978821664343085,0.3541666666666667,0.06944444444444445
2,REI_1024,slow,circular,108,1.0,2.6487502630705735,2.7773325315142117,4.1379487094991685,4.429832272701907,0.125,0.4444444444444444
2,REI_1024,slow,elliptical,108,1.0,2.5441392180710563,2.698638526355368,4.099992531561238,4.428659367381151,0.16203703703703703,0.4027777777777778
2,REI_1024,slow,ballistic,108,1.0,2.507847987056126,2.6954622637555135,4.040276451586713,4.393369536341304,0.1527777777777778,0.3888888888888889
2,REI_1024,slow,diffusive,108,1.0,2.685041494085504,2.7589649994556122,4.193276059242672,4.433558208430229,0.13425925925925927,0.4583333333333333
2,REI_1024,slow,weak_circular,36,1.0,3.3095475316994523,3.4862570169913263,4.435439362781089,4.730991479162622,0.06944444444444445,0.7222222222222222
2,REI_1024,slow,weak_elliptical,36,1.0,3.1977816506861223,3.1992300038639474,4.165852801062019,4.578384936525103,0.013888888888888888,0.5694444444444444
2,REI_1024,slow,medium_circular,36,1.0,3.0432528588129752,3.1151975338352877,4.145004885393278,4.379437388434339,0.013888888888888888,0.5277777777777778
2,REI_1024,slow,medium_elliptical,36,1.0,3.0097029638626243,3.2084028639241575,4.238699852871829,4.436555606695388,0.05555555555555555,0.5833333333333334
2,REI_1024,slow,strong_circular,36,1.0,1.5934503986992938,1.4189475639111135,2.7735394647820297,3.2358785699086954,0.2916666666666667,0.08333333333333333
2,REI_1024,slow,strong_elliptical,36,1.0,1.4249330396644229,1.1419887769320107,2.5707597478073407,3.22563936746499,0.4166666666666667,0.05555555555555555
2,REI_valK,ID,all,540,1.0,2.5581000941653316,2.635007300942652,4.126356559161672,4.427090508889186,0.12037037037037036,0.40555555555555556
2,REI_valK,ID,weak,180,1.0,3.225664693443063,3.3152576015404587,4.418928050317115,4.73129069017169,0.027777777777777776,0.6388888888888888
2,REI_valK,ID,medium,180,1.0,2.945011561249621,3.090377834405209,4.155656148275243,4.4270905088891865,0.03888888888888889,0.525
2,REI_valK,ID,strong,180,1.0,1.503624027803311,1.4899112944074888,2.5561230250115243,3.010253459903404,0.29444444444444445,0.05277777777777778
2,REI_valK,ID,circular,270,1.0,2.590491325974577,2.6064633080879833,4.1939270298048585,4.544182408992897,0.11296296296296296,0.40555555555555556
2,REI_valK,ID,elliptical,270,1.0,2.525708862356085,2.6517276812174444,4.078657563429014,4.368079563975119,0.12777777777777777,0.40555555555555556
2,REI_valK,ID,ballistic,270,1.0,2.64833286307013,2.754253231760586,4.1723336364853845,4.448262813634452,0.08888888888888889,0.42962962962962964
2,REI_valK,ID,diffusive,270,1.0,2.467867325260533,2.5032462183391577,4.09027287440002,4.410566858957793,0.15185185185185185,0.3814814814814815
2,REI_valK,ID,weak_circular,90,1.0,3.269827429205377,3.3206212347568034,4.6064034922565265,4.800264509250454,0.0,0.6222222222222222
2,REI_valK,ID,weak_elliptical,90,1.0,3.1815019576807484,3.289480307925526,4.368731135403634,4.605757800381505,0.05555555555555555,0.6555555555555556
2,REI_valK,ID,medium_circular,90,1.0,3.0057913257385835,3.158179411002418,4.185678421533477,4.504713748553225,0.027777777777777776,0.5444444444444444
2,REI_valK,ID,medium_elliptical,90,1.0,2.8842317967606568,3.01626369680595,4.111247455816299,4.357728977544258,0.05,0.5055555555555555
2,REI_valK,ID,strong_circular,90,1.0,1.4958552229797717,1.4704117154117347,2.537161380708239,2.9793153075179446,0.3111111111111111,0.05
2,REI_valK,ID,strong_elliptical,90,1.0,1.5113928326268504,1.4959688817437045,2.5561230250115243,3.1002461579328418,0.2777777777777778,0.05555555555555555
2,REI_valK,noise2,all,540,1.0,2.6024429950761463,2.6930656639169657,4.1829998483693664,4.426949919078919,0.12037037037037036,0.41203703703703703
2,REI_valK,noise2,weak,180,1.0,3.2283971476258193,3.3690527769361127,4.377690732052669,4.599263465087493,0.03333333333333333,0.6611111111111111
2,REI_valK,noise2,medium,180,1.0,3.007262699028738,3.1019544333058997,4.292646476080899,4.557913189678346,0.041666666666666664,0.525
2,REI_valK,noise2,strong,180,1.0,1.5716691385738821,1.5530784904723616,2.5585076373952456,2.9917337875953907,0.2861111111111111,0.05
2,REI_valK,noise2,circular,270,1.0,2.610232814901597,2.684088497418168,4.188970572172668,4.400128401654836,0.12037037037037036,0.40185185185185185
2,REI_valK,noise2,elliptical,270,1.0,2.5946531752506945,2.7095457901615623,4.157668640333283,4.489694707475831,0.12037037037037036,0.4222222222222222
2,REI_valK,noise2,ballistic,270,1.0,2.6732728949416504,2.778604587744611,4.191736832638181,4.456777072541867,0.0962962962962963,0.4148148148148148
2,REI_valK,noise2,diffusive,270,1.0,2.5316130952106417,2.6354290792407378,4.0744447300486675,4.398849998405662,0.14444444444444443,0.40925925925925927
2,REI_valK,noise2,weak_circular,90,1.0,3.2326207194485375,3.3837717224397705,4.39891609867805,4.548852049200366,0.03333333333333333,0.6333333333333333
2,REI_valK,noise2,weak_elliptical,90,1.0,3.224173575803099,3.35404042977666,4.30844981793974,4.599786932497535,0.03333333333333333,0.6888888888888889
2,REI_valK,noise2,medium_circular,90,1.0,3.0404150877774434,3.1889916349303062,4.245860564827761,4.435565741512186,0.03333333333333333,0.5444444444444444
2,REI_valK,noise2,medium_elliptical,90,1.0,2.9741103102800315,3.019196687218168,4.362872380840321,4.58176408531544,0.05,0.5055555555555555
2,REI_valK,noise2,strong_circular,90,1.0,1.5576626374788096,1.5815547096212406,2.512591394860381,2.811073193100003,0.29444444444444445,0.027777777777777776
2,REI_valK,noise2,strong_elliptical,90,1.0,1.5856756396689549,1.5420983413861693,2.578814983056267,3.1475048261185874,0.2777777777777778,0.07222222222222222
2,REI_valK,slow,all,216,1.0,2.596444740570815,2.723081082516718,4.136212620627476,4.431557531187809,0.14351851851851852,0.4236111111111111
2,REI_valK,slow,weak,72,1.0,3.253664591192787,3.400572901395004,4.369869989874957,4.692546521575461,0.041666666666666664,0.6458333333333334
2,REI_valK,slow,medium,72,1.0,3.0264779113378,3.138761096835703,4.186578982295019,4.416731568148518,0.034722222222222224,0.5555555555555556
2,REI_valK,slow,strong,72,1.0,1.5091917191818582,1.3046072308952628,2.7219712587462075,3.2978821664343085,0.3541666666666667,0.06944444444444445
2,REI_valK,slow,circular,108,1.0,2.6487502630705735,2.7773325315142117,4.1379487094991685,4.429832272701907,0.125,0.4444444444444444
2,REI_valK,slow,elliptical,108,1.0,2.5441392180710563,2.698638526355368,4.099992531561238,4.428659367381151,0.16203703703703703,0.4027777777777778
2,REI_valK,slow,ballistic,108,1.0,2.507847987056126,2.6954622637555135,4.040276451586713,4.393369536341304,0.1527777777777778,0.3888888888888889
2,REI_valK,slow,diffusive,108,1.0,2.685041494085504,2.7589649994556122,4.193276059242672,4.433558208430229,0.13425925925925927,0.4583333333333333
2,REI_valK,slow,weak_circular,36,1.0,3.3095475316994523,3.4862570169913263,4.435439362781089,4.730991479162622,0.06944444444444445,0.7222222222222222
2,REI_valK,slow,weak_elliptical,36,1.0,3.1977816506861223,3.1992300038639474,4.165852801062019,4.578384936525103,0.013888888888888888,0.5694444444444444
2,REI_valK,slow,medium_circular,36,1.0,3.0432528588129752,3.1151975338352877,4.145004885393278,4.379437388434339,0.013888888888888888,0.5277777777777778
2,REI_valK,slow,medium_elliptical,36,1.0,3.0097029638626243,3.2084028639241575,4.238699852871829,4.436555606695388,0.05555555555555555,0.5833333333333334
2,REI_valK,slow,strong_circular,36,1.0,1.5934503986992938,1.4189475639111135,2.7735394647820297,3.2358785699086954,0.2916666666666667,0.08333333333333333
2,REI_valK,slow,strong_elliptical,36,1.0,1.4249330396644229,1.1419887769320107,2.5707597478073407,3.22563936746499,0.4166666666666667,0.05555555555555555
2,Prior,ID,all,540,1.0,3.215439474015066,3.3733907513305343,4.303194636380666,4.447777705169494,0.04259259259259259,0.687037037037037
2,Prior,ID,weak,180,1.0,3.2115195541327806,3.305255050666121,4.283308331725175,4.405007759786723,0.044444444444444446,0.7388888888888889
2,Prior,ID,medium,180,1.0,3.241648535587058,3.407252469097446,4.357055829347434,4.518536715485011,0.03888888888888889,0.6555555555555556
2,Prior,ID,strong,180,1.0,3.193150332325359,3.405710332931229,4.167148253360826,4.457660375602435,0.044444444444444446,0.6666666666666666
2,Prior,ID,circular,270,1.0,3.2681130131192417,3.416054754403154,4.303147474597115,4.437072739133225,0.022222222222222223,0.6888888888888889
2,Prior,ID,elliptical,270,1.0,3.162765934910889,3.305895107640838,4.304306767086358,4.455693140174048,0.06296296296296296,0.6851851851851852
2,Prior,ID,ballistic,270,1.0,3.221608087255115,3.3733907513305343,4.3133758831392415,4.490602213381808,0.04814814814814815,0.7
2,Prior,ID,diffusive,270,1.0,3.2092708607750167,3.3676822124341115,4.282808891335605,4.440206379177301,0.037037037037037035,0.674074074074074
2,Prior,ID,weak_circular,90,1.0,3.2711510293354586,3.286815624999063,4.311398617049467,4.4181872436202765,0.03333333333333333,0.7555555555555555
2,Prior,ID,weak_elliptical,90,1.0,3.1518880789301034,3.336860964197122,4.067476576972026,4.357722478445731,0.05555555555555555,0.7222222222222222
2,Prior,ID,medium_circular,90,1.0,3.30450701701526,3.5354576791911843,4.348863926519523,4.48391462947514,0.011111111111111112,0.6333333333333333
2,Prior,ID,medium_elliptical,90,1.0,3.1787900541588545,3.2760064804892277,4.392596804542046,4.6365167941875365,0.06666666666666667,0.6777777777777778
2,Prior,ID,strong_circular,90,1.0,3.228680993007008,3.476198014482057,4.086572627022311,4.319736267230959,0.022222222222222223,0.6777777777777778
2,Prior,ID,strong_elliptical,90,1.0,3.157619671643709,3.322168655933551,4.283371198476614,4.65125437795372,0.06666666666666667,0.6555555555555556
2,Prior,noise2,all,540,1.0,3.215439474015066,3.3733907513305343,4.303194636380666,4.447777705169494,0.04259259259259259,0.687037037037037
2,Prior,noise2,weak,180,1.0,3.2115195541327806,3.305255050666121,4.283308331725175,4.405007759786723,0.044444444444444446,0.7388888888888889
2,Prior,noise2,medium,180,1.0,3.241648535587058,3.407252469097446,4.357055829347434,4.518536715485011,0.03888888888888889,0.6555555555555556
2,Prior,noise2,strong,180,1.0,3.193150332325359,3.405710332931229,4.167148253360826,4.457660375602435,0.044444444444444446,0.6666666666666666
2,Prior,noise2,circular,270,1.0,3.2681130131192417,3.416054754403154,4.303147474597115,4.437072739133225,0.022222222222222223,0.6888888888888889
2,Prior,noise2,elliptical,270,1.0,3.162765934910889,3.305895107640838,4.304306767086358,4.455693140174048,0.06296296296296296,0.6851851851851852
2,Prior,noise2,ballistic,270,1.0,3.221608087255115,3.3733907513305343,4.3133758831392415,4.490602213381808,0.04814814814814815,0.7
2,Prior,noise2,diffusive,270,1.0,3.2092708607750167,3.3676822124341115,4.282808891335605,4.440206379177301,0.037037037037037035,0.674074074074074
2,Prior,noise2,weak_circular,90,1.0,3.2711510293354586,3.286815624999063,4.311398617049467,4.4181872436202765,0.03333333333333333,0.7555555555555555
2,Prior,noise2,weak_elliptical,90,1.0,3.1518880789301034,3.336860964197122,4.067476576972026,4.357722478445731,0.05555555555555555,0.7222222222222222
2,Prior,noise2,medium_circular,90,1.0,3.30450701701526,3.5354576791911843,4.348863926519523,4.48391462947514,0.011111111111111112,0.6333333333333333
2,Prior,noise2,medium_elliptical,90,1.0,3.1787900541588545,3.2760064804892277,4.392596804542046,4.6365167941875365,0.06666666666666667,0.6777777777777778
2,Prior,noise2,strong_circular,90,1.0,3.228680993007008,3.476198014482057,4.086572627022311,4.319736267230959,0.022222222222222223,0.6777777777777778
2,Prior,noise2,strong_elliptical,90,1.0,3.157619671643709,3.322168655933551,4.283371198476614,4.65125437795372,0.06666666666666667,0.6555555555555556
2,Prior,slow,all,216,1.0,3.2622880149202467,3.3840637172546195,4.215008073244798,4.494420462748797,0.013888888888888888,0.7129629629629629
2,Prior,slow,weak,72,1.0,3.2594010243157125,3.3607307116579204,4.245040379058318,4.382959797455239,0.0,0.7361111111111112
2,Prior,slow,medium,72,1.0,3.1936882501566495,3.3429583150115825,4.055934544533576,4.4633763636188535,0.013888888888888888,0.6666666666666666
2,Prior,slow,strong,72,1.0,3.333774770288377,3.4449701884252413,4.280317122906057,4.709821066146885,0.027777777777777776,0.7361111111111112
2,Prior,slow,circular,108,1.0,3.3152537530939328,3.460518513942712,4.299858662147395,4.578629314492278,0.009259259259259259,0.7129629629629629
2,Prior,slow,elliptical,108,1.0,3.2093222767465615,3.328646915072313,4.189466518498437,4.488695500102713,0.018518518518518517,0.7129629629629629
2,Prior,slow,ballistic,108,1.0,3.263856388645937,3.4338008731227223,4.203942734000638,4.5392340121088255,0.018518518518518517,0.7222222222222222
2,Prior,slow,diffusive,108,1.0,3.2607196411945574,3.37268267445289,4.2290370721462605,4.488695500102713,0.009259259259259259,0.7037037037037037
2,Prior,slow,weak_circular,36,1.0,3.3156122260066034,3.460518513942712,4.326311447967073,4.540945954708724,0.0,0.75
2,Prior,slow,weak_elliptical,36,1.0,3.2031898226248225,3.2751781854623965,4.143117050802917,4.266061075614348,0.0,0.7222222222222222
2,Prior,slow,medium_circular,36,1.0,3.2150019215113708,3.351346207847854,3.968797429967698,4.0791789690695,0.0,0.6388888888888888
2,Prior,slow,medium_elliptical,36,1.0,3.1723745788019286,3.334244213388509,4.243397302875643,4.5183149132216185,0.027777777777777776,0.6944444444444444
2,Prior,slow,strong_circular,36,1.0,3.415147111763824,3.525439325540973,4.440518391130672,4.6490222008320785,0.027777777777777776,0.75
2,Prior,slow,strong_elliptical,36,1.0,3.2524024288129305,3.3680542265692677,4.192019725459482,4.448212740720691,0.027777777777777776,0.7222222222222222
4,SVR,ID,all,540,1.0,2.2140112012269517,2.0751256334643076,4.209580785110473,4.627979976205898,0.2935185185185185,0.33796296296296297
4,SVR,ID,weak,180,1.0,3.2658632953829496,3.3153716404743,4.637329286704581,5.1115341115286785,0.027777777777777776,0.625
4,SVR,ID,medium,180,1.0,2.6337029798941387,2.601681292740097,4.246966778773187,4.61934512017809,0.075,0.3888888888888889
4,SVR,ID,strong,180,1.0,0.742467328403767,0.6205632936039952,1.3824739251144285,1.696585441247024,0.7777777777777778,0.0
4,SVR,ID,circular,270,1.0,2.217997859327745,2.158880733162557,4.262933872692295,4.724923902679548,0.32592592592592595,0.337037037037037
4,SVR,ID,elliptical,270,1.0,2.210024543126158,2.005227719509281,4.09609027406381,4.557363743072385,0.2611111111111111,0.3388888888888889
4,SVR,ID,ballistic,270,1.0,2.2539203480925605,2.2074034236984788,4.19567972115965,4.61934512017809,0.2759259259259259,0.3314814814814815
4,SVR,ID,diffusive,270,1.0,2.1741020543613434,1.9871600006345815,4.236967305566737,4.634670448468257,0.3111111111111111,0.34444444444444444
4,SVR,ID,weak_circular,90,1.0,3.319861444625245,3.3529474870684446,4.764734648980901,5.229669911990034,0.027777777777777776,0.6222222222222222
4,SVR,ID,weak_elliptical,90,1.0,3.2118651461406547,3.304832827733298,4.557697784164084,4.945248748159574,0.027777777777777776,0.6277777777777778
4,SVR,ID,medium_circular,90,1.0,2.681251097345751,2.7430073043265972,4.262933872692295,4.62133692198671,0.07222222222222222,0.3888888888888889
4,SVR,ID,medium_elliptical,90,1.0,2.586154862442527,2.4570091960043703,4.118236074174154,4.522709826155064,0.07777777777777778,0.3888888888888889
4,SVR,ID,strong_circular,90,1.0,0.6528810360122405,0.5555412254551642,1.099681104923277,1.4506122733758735,0.8777777777777778,0.0
4,SVR,ID,strong_elliptical,90,1.0,0.8320536207952934,0.6986668828065532,1.514604089765612,1.751775422982354,0.6777777777777778,0.0
4,SVR,noise2,all,540,1.0,2.2678490355248475,2.311864098907546,4.138484151742225,4.456390691492636,0.2740740740740741,0.35462962962962963
4,SVR,noise2,weak,180,1.0,3.22273305526668,3.37997120745227,4.434886311333313,4.8532648951855455,0.03888888888888889,0.6194444444444445
4,SVR,noise2,medium,180,1.0,2.740910874041433,2.775500672032504,4.265438324201337,4.522126895203485,0.06944444444444445,0.42777777777777776
4,SVR,noise2,strong,180,1.0,0.8399031772664303,0.6801785685683163,1.570318598019466,2.1897430990252973,0.7138888888888889,0.016666666666666666
4,SVR,noise2,circular,270,1.0,2.2727127760868746,2.354686594403561,4.144551705020625,4.545112719354405,0.30925925925925923,0.38333333333333336
4,SVR,noise2,elliptical,270,1.0,2.262985294962821,2.2665465604283304,4.127747058136076,4.433720209927949,0.2388888888888889,0.32592592592592595
4,SVR,noise2,ballistic,270,1.0,2.3065885909994104,2.4263913335608045,4.211088293577629,4.429930977015093,0.26666666666666666,0.37222222222222223
4,SVR,noise2,diffusive,270,1.0,2.229109480050285,2.23436695517532,4.098926461888578,4.472160768700874,0.2814814814814815,0.337037037037037
4,SVR,noise2,weak_circular,90,1.0,3.2709391083111097,3.425781351457535,4.555035245702102,5.044988209387475,0.03333333333333333,0.6611111111111111
4,SVR,noise2,weak_elliptical,90,1.0,3.1745270022222503,3.344313142949862,4.419140279151678,4.760365360418622,0.044444444444444446,0.5777777777777777
4,SVR,noise2,medium_circular,90,1.0,2.8187291384167037,2.963095088630922,4.265296465379558,4.545112719354406,0.08333333333333333,0.4777777777777778
4,SVR,noise2,medium_elliptical,90,1.0,2.6630926096661622,2.7010938588391253,4.267594040197631,4.4540509012965686,0.05555555555555555,0.37777777777777777
4,SVR,noise2,strong_circular,90,1.0,0.7284700815328108,0.5542508786716087,1.4335856995125675,1.9862305893417214,0.8111111111111111,0.011111111111111112
4,SVR,noise2,strong_elliptical,90,1.0,0.9513362730000501,0.8099194041849058,1.6405478489403367,2.259085116702392,0.6166666666666667,0.022222222222222223
4,SVR,slow,all,216,1.0,2.5079831673808237,2.4428373080719012,4.364878937053339,4.9697426313141495,0.17592592592592593,0.3773148148148148
4,SVR,slow,weak,72,1.0,3.4270451902203747,3.39512376903945,5.034248792111834,5.311731398770302,0.020833333333333332,0.6458333333333334
4,SVR,slow,medium,72,1.0,2.844373831633836,2.824434301518195,4.339323581495358,4.488799248839836,0.06944444444444445,0.4513888888888889
4,SVR,slow,strong,72,1.0,1.25253048028826,1.1007250165516087,2.287293462232523,2.6901394565756234,0.4375,0.034722222222222224
4,SVR,slow,circular,108,1.0,2.510058669782564,2.4227591403149074,4.440093443626505,5.0527276312796685,0.18055555555555555,0.3611111111111111
4,SVR,slow,elliptical,108,1.0,2.505907664979083,2.4675780154576823,4.264946425325984,4.593124832367145,0.1712962962962963,0.39351851851851855
4,SVR,slow,ballistic,108,1.0,2.250417004209768,2.2183682867312586,4.144965270783606,4.889163315016299,0.27314814814814814,0.33796296296296297
4,SVR,slow,diffusive,108,1.0,2.7655493305518792,2.6981057364893832,4.419973854978878,4.979833578561273,0.0787037037037037,0.4166666666666667
4,SVR,slow,weak_circular,36,1.0,3.549671931501889,3.492019263542694,5.199094494742419,5.570377905762953,0.027777777777777776,0.6666666666666666
4,SVR,slow,weak_elliptical,36,1.0,3.304418448938861,3.214809303223128,4.603602832806963,5.044477442690443,0.013888888888888888,0.625
4,SVR,slow,medium_circular,36,1.0,2.8450013219854737,2.7333817404092335,4.363707604769596,4.482809493365274,0.027777777777777776,0.4166666666666667
4,SVR,slow,medium_elliptical,36,1.0,2.8437463412821975,2.922441465476943,4.238202302026007,4.461277879280325,0.1111111111111111,0.4861111111111111
4,SVR,slow,strong_circular,36,1.0,1.1355027558603306,1.0446013137230428,2.2397511360270035,2.303610171132599,0.4861111111111111,0.0
4,SVR,slow,strong_elliptical,36,1.0,1.3695582047161896,1.1162432462530263,2.43950804775005,3.3997461591892173,0.3888888888888889,0.06944444444444445
4,Ridge,ID,all,540,1.0,2.3387229755821415,2.299299809287564,4.108100456395695,4.412991571480216,0.21203703703703702,0.362962962962963
4,Ridge,ID,weak,180,1.0,3.2244404461415734,3.3450854501978666,4.404157060342968,4.673425264096364,0.027777777777777776,0.6361111111111111
4,Ridge,ID,medium,180,1.0,2.754509311689473,2.8478424331057575,4.106055555979889,4.422068203840735,0.058333333333333334,0.4444444444444444
4,Ridge,ID,strong,180,1.0,1.0372191689153778,0.9489029328694011,1.8677448022984975,2.187162432306334,0.55,0.008333333333333333
4,Ridge,ID,circular,270,1.0,2.3365832782789484,2.3866082375184714,4.203522013729118,4.491437534934743,0.24444444444444444,0.37222222222222223
4,Ridge,ID,elliptical,270,1.0,2.340862672885334,2.264003798397827,3.980352487651919,4.298129575016962,0.17962962962962964,0.3537037037037037
4,Ridge,ID,ballistic,270,1.0,2.357339113928515,2.370732488840815,4.105442174979359,4.399282215668298,0.21851851851851853,0.37222222222222223
4,Ridge,ID,diffusive,270,1.0,2.3201068372357674,2.2337665114773078,4.1098110095304845,4.4601864096894355,0.20555555555555555,0.3537037037037037
4,Ridge,ID,weak_circular,90,1.0,3.2894468682027282,3.3645160867304615,4.5464461951951245,4.796162200879919,0.016666666666666666,0.6444444444444445
4,Ridge,ID,weak_elliptical,90,1.0,3.1594340240804186,3.3199681639392473,4.300184833683348,4.532918875098316,0.03888888888888889,0.6277777777777778
4,Ridge,ID,medium_circular,90,1.0,2.8145028740435682,2.9513181912957567,4.190780147162863,4.423256811821126,0.05,0.4722222222222222
4,Ridge,ID,medium_elliptical,90,1.0,2.6945157493353777,2.717669542865222,4.02203003897412,4.289700052498716,0.06666666666666667,0.4166666666666667
4,Ridge,ID,strong_circular,90,1.0,0.9058000925905487,0.7562877229603399,1.6736774892425448,2.035338799580517,0.6666666666666666,0.0
4,Ridge,ID,strong_elliptical,90,1.0,1.1686382452402064,1.1559825028055744,1.9382619286446716,2.231356065292456,0.43333333333333335,0.016666666666666666
4,Ridge,noise2,all,540,1.0,2.4274185452271775,2.558983780616241,4.0522002174204195,4.380627881771159,0.17777777777777778,0.39166666666666666
4,Ridge,noise2,weak,180,1.0,3.195761986091029,3.403107686987196,4.282705517252908,4.660995257890558,0.030555555555555555,0.6472222222222223
4,Ridge,noise2,medium,180,1.0,2.8917479659309264,2.9652111042634806,4.158310245755866,4.436459101942535,0.05277777777777778,0.49722222222222223
4,Ridge,noise2,strong,180,1.0,1.1947456836595771,1.1078093429765659,2.0960270858308707,2.8229066623472736,0.45,0.030555555555555555
4,Ridge,noise2,circular,270,1.0,2.4280204295703656,2.5309044589758294,4.0780101744635555,4.398955336523978,0.1925925925925926,0.40370370370370373
4,Ridge,noise2,elliptical,270,1.0,2.426816660883989,2.5723899552341782,4.009842148551062,4.303268153763532,0.16296296296296298,0.37962962962962965
4,Ridge,noise2,ballistic,270,1.0,2.4638415940066816,2.6314487953964854,4.068218144096637,4.380627881771159,0.17407407407407408,0.40185185185185185
4,Ridge,noise2,diffusive,270,1.0,2.3909954964476734,2.5039442441714304,4.0272966234424326,4.353904716025399,0.1814814814814815,0.3814814814814815
4,Ridge,noise2,weak_circular,90,1.0,3.240474762194012,3.43343973730542,4.355113275283878,4.796617705491218,0.022222222222222223,0.65
4,Ridge,noise2,weak_elliptical,90,1.0,3.1510492099880456,3.2744129730883778,4.180132185571216,4.427103823009132,0.03888888888888889,0.6444444444444445
4,Ridge,noise2,medium_circular,90,1.0,2.9595951151715125,3.1336720906035023,4.163828776470854,4.412100930934517,0.05,0.5444444444444444
4,Ridge,noise2,medium_elliptical,90,1.0,2.8239008166903403,2.8505575456645613,4.157401652130126,4.436459101942534,0.05555555555555555,0.45
4,Ridge,noise2,strong_circular,90,1.0,1.0839914113455733,0.9790688235254728,2.0359340946775437,2.3749333970627684,0.5055555555555555,0.016666666666666666
4,Ridge,noise2,strong_elliptical,90,1.0,1.3054999559735807,1.268229970725546,2.1847773147998923,2.837181718296408,0.39444444444444443,0.044444444444444446
4,Ridge,slow,all,216,1.0,2.4801892252053244,2.5303861881515965,4.188177757944514,4.676947719429889,0.17592592592592593,0.39814814814814814
4,Ridge,slow,weak,72,1.0,3.3515928496074796,3.3161348434969122,4.70798420134727,4.859609160104028,0.020833333333333332,0.6805555555555556
4,Ridge,slow,medium,72,1.0,2.894429760608583,2.9568143927823005,4.112687272505396,4.497943213182438,0.041666666666666664,0.4791666666666667
4,Ridge,slow,strong,72,1.0,1.1945450653999101,1.0827362483974459,2.2095120815848053,2.534642062682313,0.4652777777777778,0.034722222222222224
4,Ridge,slow,circular,108,1.0,2.461159918314781,2.5083273648222204,4.288576642938574,4.696648696999533,0.2037037037037037,0.39814814814814814
4,Ridge,slow,elliptical,108,1.0,2.4992185320958673,2.5700577878459283,4.0786467313387345,4.633046267572552,0.14814814814814814,0.39814814814814814
4,Ridge,slow,ballistic,108,1.0,2.346911974475655,2.4277790243608366,4.04789826061963,4.603576224382205,0.20833333333333334,0.36574074074074076
4,Ridge,slow,diffusive,108,1.0,2.6134664759349935,2.6238309688743233,4.287504212020329,4.6794312864807175,0.14351851851851852,0.4305555555555556
4,Ridge,slow,weak_circular,36,1.0,3.436113048859372,3.3816607927044835,4.782318289669868,5.029337878831668,0.027777777777777776,0.7222222222222222
4,Ridge,slow,weak_elliptical,36,1.0,3.267072650355588,3.248671498326825,4.3629610012914934,4.728746436123696,0.013888888888888888,0.6388888888888888
4,Ridge,slow,medium_circular,36,1.0,2.870840045118564,2.7750341372056355,4.0147860646785825,4.2904087222109375,0.0,0.4305555555555556
4,Ridge,slow,medium_elliptical,36,1.0,2.918019476098602,3.067683390389325,4.173664351566766,4.5923326562622195,0.08333333333333333,0.5277777777777778
4,Ridge,slow,strong_circular,36,1.0,1.0765266609664081,0.8983087943677754,2.362192943272058,2.6449341930413124,0.5833333333333334,0.041666666666666664
4,Ridge,slow,strong_elliptical,36,1.0,1.3125634698334123,1.2818245710360179,2.0939097877544217,2.228341427887665,0.3472222222222222,0.027777777777777776
4,SVR_noquiet,ID,all,540,1.0,2.257266800839623,2.2189803591306916,4.154862927973834,4.55701120359939,0.2611111111111111,0.3333333333333333
4,SVR_noquiet,ID,weak,180,1.0,3.235934351856023,3.296234497161161,4.598737055543198,4.899673772034525,0.030555555555555555,0.5972222222222222
4,SVR_noquiet,ID,medium,180,1.0,2.6696684248979636,2.6782509782478385,4.192139268190447,4.516495931407315,0.07777777777777778,0.4027777777777778
4,SVR_noquiet,ID,strong,180,1.0,0.8661976257648839,0.7730210218652503,1.5841704511856862,1.9932315093198558,0.675,0.0
4,SVR_noquiet,ID,circular,270,1.0,2.282012839322874,2.257261618789073,4.300266009430375,4.639716393531362,0.26666666666666666,0.3314814814814815
4,SVR_noquiet,ID,elliptical,270,1.0,2.2325207623563728,2.169795271534106,3.997031949276908,4.4670503773461565,0.25555555555555554,0.3351851851851852
4,SVR_noquiet,ID,ballistic,270,1.0,2.2768491319244917,2.2384442083716287,4.197003900684298,4.516495931407314,0.2518518518518518,0.3277777777777778
4,SVR_noquiet,ID,diffusive,270,1.0,2.2376844697547553,2.1942478588038727,4.1317833079590995,4.597612207410937,0.27037037037037037,0.3388888888888889
4,SVR_noquiet,ID,weak_circular,90,1.0,3.2907866004920625,3.330707576775103,4.724859778441568,4.9659845849771,0.016666666666666666,0.5777777777777777
4,SVR_noquiet,ID,weak_elliptical,90,1.0,3.1810821032199823,3.284542544092186,4.481363683929819,4.7593800510146025,0.044444444444444446,0.6166666666666667
4,SVR_noquiet,ID,medium_circular,90,1.0,2.74807231446777,2.7520215576432463,4.356927033687498,4.530728662468418,0.07222222222222222,0.4166666666666667
4,SVR_noquiet,ID,medium_elliptical,90,1.0,2.591264535328157,2.5350553798307076,3.97619239095009,4.444982307572915,0.08333333333333333,0.3888888888888889
4,SVR_noquiet,ID,strong_circular,90,1.0,0.8071796030087892,0.7270872345356916,1.364476580510138,1.6301436115220225,0.7111111111111111,0.0
4,SVR_noquiet,ID,strong_elliptical,90,1.0,0.9252156485209787,0.784708039430029,1.7007590737601492,2.154508117087947,0.6388888888888888,0.0
4,SVR_noquiet,noise2,all,540,1.0,2.3094646187485153,2.3835545431943546,4.14740681599807,4.531688567230885,0.24722222222222223,0.3712962962962963
4,SVR_noquiet,noise2,weak,180,1.0,3.2267910538051474,3.3115423434258675,4.524168893398541,4.754436285566046,0.03888888888888889,0.6305555555555555
4,SVR_noquiet,noise2,medium,180,1.0,2.7879010584412582,2.913047057425763,4.164659676745047,4.53211113955812,0.06111111111111111,0.46944444444444444
4,SVR_noquiet,noise2,strong,180,1.0,0.9137017439991407,0.8026613550098238,1.548869347137327,2.105581934195072,0.6416666666666667,0.013888888888888888
4,SVR_noquiet,noise2,circular,270,1.0,2.326751672227037,2.4338174036531046,4.1927788253361555,4.541808250207744,0.2611111111111111,0.3907407407407407
4,SVR_noquiet,noise2,elliptical,270,1.0,2.2921775652699927,2.3188758422515,4.097031725802695,4.48878456872815,0.23333333333333334,0.35185185185185186
4,SVR_noquiet,noise2,ballistic,270,1.0,2.3445504956949805,2.458232399692562,4.139519479785415,4.4825970939237045,0.24074074074074073,0.3888888888888889
4,SVR_noquiet,noise2,diffusive,270,1.0,2.2743787418020496,2.29905956719739,4.151940005206812,4.566170038796652,0.2537037037037037,0.3537037037037037
4,SVR_noquiet,noise2,weak_circular,90,1.0,3.2774058174933467,3.335619907744218,4.52635584749257,4.76026765447572,0.03333333333333333,0.6555555555555556
4,SVR_noquiet,noise2,weak_elliptical,90,1.0,3.176176290116947,3.2513017732755487,4.437627534359981,4.70057561550875,0.044444444444444446,0.6055555555555555
4,SVR_noquiet,noise2,medium_circular,90,1.0,2.8479953281169434,3.0192946122331583,4.222766545161835,4.545749840051263,0.07222222222222222,0.5111111111111111
4,SVR_noquiet,noise2,medium_elliptical,90,1.0,2.7278067887655726,2.7799407100113167,4.097031725802694,4.488784568728152,0.05,0.42777777777777776
4,SVR_noquiet,noise2,strong_circular,90,1.0,0.8548538710708218,0.7815473541236202,1.4280292120533318,1.6408512090005916,0.6777777777777778,0.005555555555555556
4,SVR_noquiet,noise2,strong_elliptical,90,1.0,0.9725496169274597,0.839267981039239,1.5977475571581177,2.365397438349905,0.6055555555555555,0.022222222222222223
4,SVR_noquiet,slow,all,216,1.0,2.52126238312864,2.575084695160304,4.267491757336653,4.679428473201788,0.17592592592592593,0.3888888888888889
4,SVR_noquiet,slow,weak,72,1.0,3.3709793024504338,3.3502998336867695,4.665763058572794,4.8530615614125745,0.034722222222222224,0.6666666666666666
4,SVR_noquiet,slow,medium,72,1.0,2.844658967471494,2.835280994365262,4.055177334002841,4.495106757525295,0.0625,0.4583333333333333
4,SVR_noquiet,slow,strong,72,1.0,1.3481488794639924,1.1722671287122601,2.4775961157036517,2.843312079843051,0.4305555555555556,0.041666666666666664
4,SVR_noquiet,slow,circular,108,1.0,2.5174555505448057,2.5795518229669945,4.3649245285761795,4.7281885968731485,0.17592592592592593,0.39351851851851855
4,SVR_noquiet,slow,elliptical,108,1.0,2.525069215712475,2.5705749972992034,4.13184920207148,4.5708875323963065,0.17592592592592593,0.38425925925925924
4,SVR_noquiet,slow,ballistic,108,1.0,2.2837651323774772,2.29848599573371,4.202250656106089,4.502845839575764,0.25925925925925924,0.35648148148148145
4,SVR_noquiet,slow,diffusive,108,1.0,2.758759633879803,2.7199460294772164,4.399058720659526,4.735299566970406,0.09259259259259259,0.4212962962962963
4,SVR_noquiet,slow,weak_circular,36,1.0,3.4435422196615586,3.4467728601925476,4.735266467038869,4.949659938719196,0.05555555555555555,0.6805555555555556
4,SVR_noquiet,slow,weak_elliptical,36,1.0,3.2984163852393085,3.3416332614280355,4.306973579319567,4.746246726307933,0.013888888888888888,0.6527777777777778
4,SVR_noquiet,slow,medium_circular,36,1.0,2.8784692358526462,2.8567386593623594,4.131686625067458,4.466521123764864,0.013888888888888888,0.4722222222222222
4,SVR_noquiet,slow,medium_elliptical,36,1.0,2.8108486990903425,2.8318357412258215,3.9668223683060697,4.4029861291967745,0.1111111111111111,0.4444444444444444
4,SVR_noquiet,slow,strong_circular,36,1.0,1.230355196120212,1.073091486475689,2.386632834276163,2.761832341997493,0.4583333333333333,0.027777777777777776
4,SVR_noquiet,slow,strong_elliptical,36,1.0,1.465942562807773,1.2899260712311376,2.5625538592426254,3.603258503726571,0.4027777777777778,0.05555555555555555
4,CNN_seed41,ID,all,540,1.0,2.406483100950816,2.277421168389094,4.308632617055463,4.637901804547471,0.1824074074074074,0.36574074074074076
4,CNN_seed41,ID,weak,180,1.0,3.29861741223078,3.3467429976715,4.653436292411394,4.942293895998188,0.030555555555555555,0.6361111111111111
4,CNN_seed41,ID,medium,180,1.0,2.809151670753073,2.8039602775800354,4.291575607832929,4.537856293892356,0.058333333333333334,0.4527777777777778
4,CNN_seed41,ID,strong,180,1.0,1.111680219868595,1.0693449427886161,1.8501157507269665,2.09908709878102,0.4583333333333333,0.008333333333333333
4,CNN_seed41,ID,circular,270,1.0,2.4080368014801707,2.250938604856354,4.439681996553295,4.778200505668708,0.19814814814814816,0.34629629629629627
4,CNN_seed41,ID,elliptical,270,1.0,2.4049294004214614,2.307273828842373,4.2253800296396635,4.491309610302953,0.16666666666666666,0.3851851851851852
4,CNN_seed41,ID,ballistic,270,1.0,2.4452753467018415,2.350167156729025,4.298713407185023,4.653597907768407,0.18333333333333332,0.37777777777777777
4,CNN_seed41,ID,diffusive,270,1.0,2.3676908551997906,2.147045742558059,4.316848423227205,4.607177995489527,0.1814814814814815,0.3537037037037037
4,CNN_seed41,ID,weak_circular,90,1.0,3.3612417632421674,3.3905732058128635,4.860598208055517,5.108344995860228,0.022222222222222223,0.6111111111111112
4,CNN_seed41,ID,weak_elliptical,90,1.0,3.235993061219392,3.3288967966148872,4.492486652579444,4.787852954232853,0.03888888888888889,0.6611111111111111
4,CNN_seed41,ID,medium_circular,90,1.0,2.841694205955953,2.8060505184645352,4.4260461443469525,4.609857412566901,0.06111111111111111,0.42777777777777776
4,CNN_seed41,ID,medium_elliptical,90,1.0,2.7766091355501916,2.751127105665425,4.215455457281559,4.485000180585657,0.05555555555555555,0.4777777777777778
4,CNN_seed41,ID,strong_circular,90,1.0,1.021174435242391,0.9858801542499238,1.6326453840045763,1.8845079023437763,0.5111111111111111,0.0
4,CNN_seed41,ID,strong_elliptical,90,1.0,1.2021860044947996,1.1220320587763921,1.9277456267190034,2.4110296319570375,0.40555555555555556,0.016666666666666666
4,CNN_seed41,noise2,all,540,1.0,2.3904415024177506,2.3955072322190487,4.1470976494558744,4.482927406001661,0.18425925925925926,0.3768518518518518
4,CNN_seed41,noise2,weak,180,1.0,3.2173808001324344,3.32387127182808,4.443919137347459,4.703917857379302,0.044444444444444446,0.6638888888888889
4,CNN_seed41,noise2,medium,180,1.0,2.7847740997219654,2.8353818969284252,4.1500743525513775,4.637061809782146,0.05555555555555555,0.45
4,CNN_seed41,noise2,strong,180,1.0,1.1691696073988516,1.069855268871221,1.933658220730397,2.364134911469151,0.4527777777777778,0.016666666666666666
4,CNN_seed41,noise2,circular,270,1.0,2.3734748798245837,2.449184530652703,4.161736920546284,4.516753006643049,0.21481481481481482,0.37777777777777777
4,CNN_seed41,noise2,elliptical,270,1.0,2.407408125010918,2.3350765062424172,4.138607412957696,4.405559277894464,0.1537037037037037,0.37592592592592594
4,CNN_seed41,noise2,ballistic,270,1.0,2.42180266501485,2.4494204875979833,4.175692958038814,4.485999439696572,0.17592592592592593,0.3814814814814815
4,CNN_seed41,noise2,diffusive,270,1.0,2.3590803398206517,2.3486636775106597,4.0988765174525295,4.4184420367302755,0.1925925925925926,0.37222222222222223
4,CNN_seed41,noise2,weak_circular,90,1.0,3.2205621309822434,3.3142216878854427,4.452872777608749,4.716055283009178,0.05,0.6666666666666666
4,CNN_seed41,noise2,weak_elliptical,90,1.0,3.214199469282626,3.3457715554988074,4.407555572177659,4.537323061431112,0.03888888888888889,0.6611111111111111
4,CNN_seed41,noise2,medium_circular,90,1.0,2.830759517399872,2.937602541180623,4.180620478317342,4.6490106784701855,0.06111111111111111,0.4666666666666667
4,CNN_seed41,noise2,medium_elliptical,90,1.0,2.7387886820440595,2.785105232188153,4.1468835193035245,4.387795157117653,0.05,0.43333333333333335
4,CNN_seed41,noise2,strong_circular,90,1.0,1.0691029910916359,0.9628975286439243,1.8093704721412636,2.2669127639500615,0.5333333333333333,0.0
4,CNN_seed41,noise2,strong_elliptical,90,1.0,1.269236223706068,1.191109221260167,1.9835035585107434,2.5959212595589705,0.37222222222222223,0.03333333333333333
4,CNN_seed41,slow,all,216,1.0,2.485103603075865,2.4474132190622138,4.316307921063592,4.563760890572707,0.19675925925925927,0.38425925925925924
4,CNN_seed41,slow,weak,72,1.0,3.354097950769761,3.446302500593074,4.564709770525728,4.902907529287723,0.04861111111111111,0.6458333333333334
4,CNN_seed41,slow,medium,72,1.0,2.8812189002493227,2.8975458771230707,4.1814887974108546,4.39053485699122,0.04861111111111111,0.4652777777777778
4,CNN_seed41,slow,strong,72,1.0,1.2199939582085095,1.0193492830768558,2.194864849036657,2.5944680890302547,0.4930555555555556,0.041666666666666664
4,CNN_seed41,slow,circular,108,1.0,2.514276728516222,2.5324730289081607,4.3939016429173865,4.601325815064662,0.2037037037037037,0.4027777777777778
4,CNN_seed41,slow,elliptical,108,1.0,2.455930477635507,2.354884835050699,4.12824209456374,4.439738062756787,0.18981481481481483,0.36574074074074076
4,CNN_seed41,slow,ballistic,108,1.0,2.353455887500286,2.224938050677228,4.080433449626042,4.595938761673344,0.2175925925925926,0.3472222222222222
4,CNN_seed41,slow,diffusive,108,1.0,2.6167513186514433,2.6490756037782983,4.358592006840626,4.56300178661029,0.17592592592592593,0.4212962962962963
4,CNN_seed41,slow,weak_circular,36,1.0,3.508146440166369,3.6914047070892577,4.750068743085745,5.029321353854509,0.06944444444444445,0.6944444444444444
4,CNN_seed41,slow,weak_elliptical,36,1.0,3.2000494613731525,3.1781954235901564,4.4209680710448165,4.658073447636689,0.027777777777777776,0.5972222222222222
4,CNN_seed41,slow,medium_circular,36,1.0,2.889648644626005,2.9652413949170806,4.217706346517913,4.399498760802185,0.027777777777777776,0.4722222222222222
4,CNN_seed41,slow,medium_elliptical,36,1.0,2.8727891558726415,2.813206575183723,4.1257821578056015,4.356997819450178,0.06944444444444445,0.4583333333333333
4,CNN_seed41,slow,strong_circular,36,1.0,1.1450351007562927,0.8912583428980632,2.2016360464527818,2.6058000140180226,0.5138888888888888,0.041666666666666664
4,CNN_seed41,slow,strong_elliptical,36,1.0,1.2949528156607264,1.2109719592156036,2.143247610192367,2.4053972427357255,0.4722222222222222,0.041666666666666664
4,CNN_seed42,ID,all,540,1.0,2.3923248726677286,2.4136577150161127,4.1001388771998375,4.415513861452336,0.18055555555555555,0.36574074074074076
4,CNN_seed42,ID,weak,180,1.0,3.2307811273803875,3.3007138592520135,4.442962257315154,4.748328141059679,0.03333333333333333,0.6416666666666667
4,CNN_seed42,ID,medium,180,1.0,2.7689114552860934,2.8006096962366986,4.063732760029494,4.3762006891894565,0.06666666666666667,0.4444444444444444
4,CNN_seed42,ID,strong,180,1.0,1.1772820353367053,1.0907842241334684,1.9699147900731344,2.36867835108689,0.44166666666666665,0.011111111111111112
4,CNN_seed42,ID,circular,270,1.0,2.4050637923716276,2.4812006334336667,4.1676751149147355,4.472568520936488,0.17777777777777778,0.3648148148148148
4,CNN_seed42,ID,elliptical,270,1.0,2.37958595296383,2.326960376933114,4.0560905848307325,4.312311723257331,0.18333333333333332,0.36666666666666664
4,CNN_seed42,ID,ballistic,270,1.0,2.4332150411324194,2.514064696975029,4.106552361969388,4.368054134891138,0.16666666666666666,0.37777777777777777
4,CNN_seed42,ID,diffusive,270,1.0,2.351434704203039,2.3120753930104474,4.093029061439859,4.452863205324601,0.19444444444444445,0.3537037037037037
4,CNN_seed42,ID,weak_circular,90,1.0,3.270528842898946,3.2809953709782835,4.474054156622235,4.8192863643776995,0.011111111111111112,0.6277777777777778
4,CNN_seed42,ID,weak_elliptical,90,1.0,3.1910334118618287,3.3336767868651602,4.354219405677286,4.6147743784162945,0.05555555555555555,0.6555555555555556
4,CNN_seed42,ID,medium_circular,90,1.0,2.893717158018403,2.8901536152776877,4.180244583445131,4.459213869109735,0.044444444444444446,0.4666666666666667
4,CNN_seed42,ID,medium_elliptical,90,1.0,2.6441057525537848,2.7570335946053097,4.044767797345492,4.300329892265861,0.08888888888888889,0.4222222222222222
4,CNN_seed42,ID,strong_circular,90,1.0,1.0509453761975331,1.0328686153344029,1.796718958176235,1.9549493444790216,0.4777777777777778,0.0
4,CNN_seed42,ID,strong_elliptical,90,1.0,1.3036186944758772,1.2052356485272766,2.277915954276635,2.576460145412532,0.40555555555555556,0.022222222222222223
4,CNN_seed42,noise2,all,540,1.0,2.415897663214153,2.4708574731561197,4.100076372869369,4.417652888032183,0.1824074074074074,0.37777777777777777
4,CNN_seed42,noise2,weak,180,1.0,3.218580826004893,3.373836552826413,4.36838458113653,4.6475309130878815,0.03888888888888889,0.6555555555555556
4,CNN_seed42,noise2,medium,180,1.0,2.813034592334049,2.8605044752916253,4.158707928375334,4.461991585688329,0.05,0.44722222222222224
4,CNN_seed42,noise2,strong,180,1.0,1.2160775713035177,1.0864649984830685,2.107809508695521,2.6203086882034543,0.4583333333333333,0.030555555555555555
4,CNN_seed42,noise2,circular,270,1.0,2.4159925810683953,2.524480922641957,4.128622519378547,4.438978762951834,0.2074074074074074,0.4
4,CNN_seed42,noise2,elliptical,270,1.0,2.4158027453599114,2.398634069683225,4.07358427428684,4.369254881824032,0.1574074074074074,0.35555555555555557
4,CNN_seed42,noise2,ballistic,270,1.0,2.4501962894681477,2.5142452304760905,4.146563603767783,4.374791565643996,0.1814814814814815,0.3814814814814815
4,CNN_seed42,noise2,diffusive,270,1.0,2.3815990369601585,2.4282388029868742,4.030153317929013,4.4361375269352905,0.18333333333333332,0.37407407407407406
4,CNN_seed42,noise2,weak_circular,90,1.0,3.2562177020710945,3.4033314501605596,4.420377619389476,4.67063369742409,0.03333333333333333,0.6611111111111111
4,CNN_seed42,noise2,weak_elliptical,90,1.0,3.1809439499386913,3.3553117478212298,4.309320884728728,4.55178919016128,0.044444444444444446,0.65
4,CNN_seed42,noise2,medium_circular,90,1.0,2.9105393422481862,3.024733783118086,4.1712386827384655,4.503011265586267,0.03888888888888889,0.5166666666666667
4,CNN_seed42,noise2,medium_elliptical,90,1.0,2.7155298424199126,2.699541790083285,4.154778192931355,4.447546215142381,0.06111111111111111,0.37777777777777777
4,CNN_seed42,noise2,strong_circular,90,1.0,1.0812206988859048,0.9044348469229883,1.9870052949069912,2.238321721890404,0.55,0.022222222222222223
4,CNN_seed42,noise2,strong_elliptical,90,1.0,1.3509344437211306,1.2376683250857892,2.322894274557868,2.8592513878068577,0.36666666666666664,0.03888888888888889
4,CNN_seed42,slow,all,216,1.0,2.465730721747146,2.519464037080484,4.236064302247493,4.577454445184473,0.1875,0.38657407407407407
4,CNN_seed42,slow,weak,72,1.0,3.326469161817437,3.4170099452405647,4.569351436195854,4.755998850632271,0.027777777777777776,0.6666666666666666
4,CNN_seed42,slow,medium,72,1.0,2.867408865836689,2.8564491958043954,4.155495179417904,4.538423347430007,0.0625,0.4652777777777778
4,CNN_seed42,slow,strong,72,1.0,1.2033141375873115,1.1508913447738558,2.077123420234661,2.583622352482874,0.4722222222222222,0.027777777777777776
4,CNN_seed42,slow,circular,108,1.0,2.4837471308729318,2.53580525581705,4.285782959589751,4.618906200444954,0.2037037037037037,0.39351851851851855
4,CNN_seed42,slow,elliptical,108,1.0,2.4477143126213603,2.479289211984965,4.031008500851321,4.441962327683326,0.1712962962962963,0.37962962962962965
4,CNN_seed42,slow,ballistic,108,1.0,2.3507974702258565,2.40991684169701,3.9692002550889853,4.48053185890904,0.2037037037037037,0.36574074074074076
4,CNN_seed42,slow,diffusive,108,1.0,2.5806639732684356,2.546656683496682,4.3121067602061345,4.596066756158008,0.1712962962962963,0.4074074074074074
4,CNN_seed42,slow,weak_circular,36,1.0,3.4262718701561647,3.5427169875625255,4.648085756156778,4.7523479451999044,0.041666666666666664,0.6944444444444444
4,CNN_seed42,slow,weak_elliptical,36,1.0,3.226666453478711,3.329002361429529,4.30157088454802,4.541958081704636,0.013888888888888888,0.6388888888888888
4,CNN_seed42,slow,medium_circular,36,1.0,2.9179551425005132,2.7814425202920656,4.191106402527591,4.316056782435065,0.013888888888888888,0.4583333333333333
4,CNN_seed42,slow,medium_elliptical,36,1.0,2.8168625891728656,2.899097048936973,4.063940254609823,4.590134032283037,0.1111111111111111,0.4722222222222222
4,CNN_seed42,slow,strong_circular,36,1.0,1.107014379962118,0.9209179341622546,2.097493477884047,2.239298078563805,0.5555555555555556,0.027777777777777776
4,CNN_seed42,slow,strong_elliptical,36,1.0,1.2996138952125051,1.2628540206900496,1.9821903991274572,2.6756313949326094,0.3888888888888889,0.027777777777777776
4,CNN_seed43,ID,all,540,1.0,2.401619672289541,2.291719200075473,4.323096339443195,4.738154147933282,0.19814814814814816,0.3648148148148148
4,CNN_seed43,ID,weak,180,1.0,3.324201476823901,3.4108300171939345,4.751210093150696,5.089125156516229,0.030555555555555555,0.6305555555555555
4,CNN_seed43,ID,medium,180,1.0,2.8474470167207944,2.7798767832573716,4.303192944566145,4.7071839148546575,0.03888888888888889,0.45555555555555555
4,CNN_seed43,ID,strong,180,1.0,1.0332105233239284,0.9476423648777073,1.8365531243347972,2.1315187995159213,0.525,0.008333333333333333
4,CNN_seed43,ID,circular,270,1.0,2.4253610995232058,2.299595607652141,4.4715501914249005,4.905709643081531,0.21296296296296297,0.362962962962963
4,CNN_seed43,ID,elliptical,270,1.0,2.377878245055877,2.2629106433216695,4.239980845732109,4.523446604494687,0.18333333333333332,0.36666666666666664
4,CNN_seed43,ID,ballistic,270,1.0,2.3912721731937836,2.3757816665201776,4.304749401150325,4.685468370263818,0.21666666666666667,0.37037037037037035
4,CNN_seed43,ID,diffusive,270,1.0,2.411967171385298,2.2181219396649103,4.346783196946611,4.828190190837734,0.17962962962962964,0.3592592592592593
4,CNN_seed43,ID,weak_circular,90,1.0,3.438932972339423,3.508884865202706,4.906132579731176,5.140652265578589,0.011111111111111112,0.6277777777777778
4,CNN_seed43,ID,weak_elliptical,90,1.0,3.2094699813083785,3.3416516329557155,4.51285798670646,4.803074545488944,0.05,0.6333333333333333
4,CNN_seed43,ID,medium_circular,90,1.0,2.9126226275107343,2.8011332995740283,4.361741116652554,4.8479634440110955,0.022222222222222223,0.46111111111111114
4,CNN_seed43,ID,medium_elliptical,90,1.0,2.782271405930855,2.763314039798952,4.283283604304135,4.529482932411211,0.05555555555555555,0.45
4,CNN_seed43,ID,strong_circular,90,1.0,0.9245276987194602,0.860995712652683,1.6525825788824935,2.029314390511325,0.6055555555555555,0.0
4,CNN_seed43,ID,strong_elliptical,90,1.0,1.1418933479283968,1.0655725049476095,1.9228540465936652,2.2649048246145207,0.4444444444444444,0.016666666666666666
4,CNN_seed43,noise2,all,540,1.0,2.382658384591918,2.462100585748521,4.10272247522875,4.433712254065022,0.21666666666666667,0.3888888888888889
4,CNN_seed43,noise2,weak,180,1.0,3.2429497625192854,3.410206859969308,4.417966926369405,4.64855686550314,0.041666666666666664,0.675
4,CNN_seed43,noise2,medium,180,1.0,2.845822066595395,2.892598109651504,4.116702160424037,4.566206085520385,0.04722222222222222,0.4722222222222222
4,CNN_seed43,noise2,strong,180,1.0,1.0592033246610733,0.9108410300633617,1.9425825874228033,2.294664037967349,0.5611111111111111,0.019444444444444445
4,CNN_seed43,noise2,circular,270,1.0,2.38018071318161,2.5032331293839207,4.141485369090181,4.4770950908623135,0.24074074074074073,0.3925925925925926
4,CNN_seed43,noise2,elliptical,270,1.0,2.3851360560022257,2.412319017042817,4.0033139746330475,4.41804414906779,0.1925925925925926,0.3851851851851852
4,CNN_seed43,noise2,ballistic,270,1.0,2.3979282729909808,2.5105436848486686,4.1029390454351224,4.476744098705457,0.22037037037037038,0.39444444444444443
4,CNN_seed43,noise2,diffusive,270,1.0,2.3673884961928553,2.406123964739356,4.093924020783483,4.41903894589326,0.21296296296296297,0.38333333333333336
4,CNN_seed43,noise2,weak_circular,90,1.0,3.303876862823967,3.4431992601327606,4.421581211814076,4.682505437298769,0.03333333333333333,0.6888888888888889
4,CNN_seed43,noise2,weak_elliptical,90,1.0,3.182022662214603,3.3579863763721076,4.402724298194225,4.596177085174766,0.05,0.6611111111111111
4,CNN_seed43,noise2,medium_circular,90,1.0,2.87766058299715,2.924536376531211,4.139009198202833,4.600138186909864,0.05,0.48333333333333334
4,CNN_seed43,noise2,medium_elliptical,90,1.0,2.8139835501936408,2.841696616007427,4.061408602493433,4.492272084331263,0.044444444444444446,0.46111111111111114
4,CNN_seed43,noise2,strong_circular,90,1.0,0.9590046937237143,0.8328534522065141,1.727926822768115,2.1574506256474684,0.6388888888888888,0.005555555555555556
4,CNN_seed43,noise2,strong_elliptical,90,1.0,1.159401955598432,1.0186373133223512,1.9588782348718985,2.665388080073392,0.48333333333333334,0.03333333333333333
4,CNN_seed43,slow,all,216,1.0,2.5521924412267603,2.5955390162437038,4.420326623099497,4.909234176950708,0.18287037037037038,0.39814814814814814
4,CNN_seed43,slow,weak,72,1.0,3.4780685182900815,3.4184442770589794,4.9186474449064175,5.283456212616053,0.034722222222222224,0.6736111111111112
4,CNN_seed43,slow,medium,72,1.0,2.942227697405912,2.997255358471387,4.041339017395114,4.666250850419748,0.041666666666666664,0.4930555555555556
4,CNN_seed43,slow,strong,72,1.0,1.2362811079842864,1.0927671892444364,2.1230106915738953,2.614327475266791,0.4722222222222222,0.027777777777777776
4,CNN_seed43,slow,circular,108,1.0,2.535936777550277,2.5728961061212923,4.628923686863165,5.0182177894196505,0.22685185185185186,0.4212962962962963
4,CNN_seed43,slow,elliptical,108,1.0,2.568448104903243,2.6265946792972463,4.184271912263746,4.760318269113453,0.1388888888888889,0.375
4,CNN_seed43,slow,ballistic,108,1.0,2.3785011515041674,2.335169833938699,4.144833261876787,4.807935397299513,0.24537037037037038,0.3611111111111111
4,CNN_seed43,slow,diffusive,108,1.0,2.725883730949352,2.6972196001882596,4.628923686863165,5.033484480927217,0.12037037037037036,0.4351851851851852
4,CNN_seed43,slow,weak_circular,36,1.0,3.594582643118995,3.579088856235292,5.148117838553315,5.313149521137128,0.05555555555555555,0.75
4,CNN_seed43,slow,weak_elliptical,36,1.0,3.3615543934611694,3.134463042222671,4.627742209452383,4.9991563050855765,0.013888888888888888,0.5972222222222222
4,CNN_seed43,slow,medium_circular,36,1.0,2.92606450319902,2.907499984877065,4.001687401813909,4.649678583995202,0.013888888888888888,0.4861111111111111
4,CNN_seed43,slow,medium_elliptical,36,1.0,2.958390891612804,3.0044240658700785,4.05067757304555,4.447634833518397,0.06944444444444445,0.5
4,CNN_seed43,slow,strong_circular,36,1.0,1.0871631863328173,0.8400017954752048,2.240925662090576,2.6514333419863023,0.6111111111111112,0.027777777777777776
4,CNN_seed43,slow,strong_elliptical,36,1.0,1.3853990296357552,1.24059360402922,2.0523769143032493,2.4524525044528613,0.3333333333333333,0.027777777777777776
4,CNN,ID,all,540,1.0,2.3545137514751473,2.320892464040481,4.1622146634873305,4.528702168825057,0.20555555555555555,0.36018518518518516
4,CNN,ID,weak,180,1.0,3.258834672850563,3.3951200960881134,4.55697520868975,4.828584322907389,0.027777777777777776,0.6277777777777778
4,CNN,ID,medium,180,1.0,2.7843406192404667,2.776249568711639,4.2081997699754545,4.451941852782243,0.05555555555555555,0.4444444444444444
4,CNN,ID,strong,180,1.0,1.0203659623344128,0.9266624656653396,1.7101736812498904,2.000943869378427,0.5333333333333333,0.008333333333333333
4,CNN,ID,circular,270,1.0,2.367581056860877,2.361732956672574,4.295911123766484,4.69432363622736,0.22592592592592592,0.3592592592592593
4,CNN,ID,elliptical,270,1.0,2.3414464460894187,2.237749913500995,4.0631649138890715,4.387145026711975,0.18518518518518517,0.3611111111111111
4,CNN,ID,ballistic,270,1.0,2.379603961655225,2.523773773243506,4.1301001015738334,4.459427906052885,0.19444444444444445,0.362962962962963
4,CNN,ID,diffusive,270,1.0,2.32942354129507,2.18844547649395,4.207645727871621,4.55804478732667,0.21666666666666667,0.3574074074074074
4,CNN,ID,weak_circular,90,1.0,3.3348142639071816,3.388207187834813,4.696239771804391,4.9566562435898165,0.016666666666666666,0.6222222222222222
4,CNN,ID,weak_elliptical,90,1.0,3.1828550817939445,3.4310521816428023,4.391344986982382,4.66085363615061,0.03888888888888889,0.6333333333333333
4,CNN,ID,medium_circular,90,1.0,2.8587928600466865,2.826777281581128,4.21827754394438,4.676051216921385,0.044444444444444446,0.45555555555555555
4,CNN,ID,medium_elliptical,90,1.0,2.709888378434248,2.7591188035789616,4.164836899110184,4.334576403697673,0.06666666666666667,0.43333333333333335
4,CNN,ID,strong_circular,90,1.0,0.9091360466287616,0.8237819183371349,1.4858136045436863,1.8032897853517038,0.6166666666666667,0.0
4,CNN,ID,strong_elliptical,90,1.0,1.1315958780400637,1.06006340219124,1.8870566854955364,2.3212895653195735,0.45,0.016666666666666666
4,CNN,noise2,all,540,1.0,2.3597568248201894,2.4003565771160753,4.053721361897081,4.420642001812508,0.2064814814814815,0.38796296296296295
4,CNN,noise2,weak,180,1.0,3.212374346680345,3.3605716905642327,4.401824453893078,4.562871057429501,0.044444444444444446,0.6777777777777778
4,CNN,noise2,medium,180,1.0,2.8003351121843694,2.8808683645614157,4.091359130940949,4.468768091940207,0.044444444444444446,0.46111111111111114
4,CNN,noise2,strong,180,1.0,1.0665610155958531,0.9551356695768183,1.8748859128279112,2.3408041607882706,0.5305555555555556,0.025
4,CNN,noise2,circular,270,1.0,2.349791131936821,2.4539545885310283,4.144652069921564,4.4551393332491696,0.24074074074074073,0.3962962962962963
4,CNN,noise2,elliptical,270,1.0,2.3697225177035577,2.3307746667892313,4.011213762097478,4.364398638445083,0.17222222222222222,0.37962962962962965
4,CNN,noise2,ballistic,270,1.0,2.387494872747956,2.4481928112098337,4.0558097069414,4.421241599550564,0.2,0.3962962962962963
4,CNN,noise2,diffusive,270,1.0,2.3320187768924234,2.3752833052607043,4.040787695949149,4.409059431870337,0.21296296296296297,0.37962962962962965
4,CNN,noise2,weak_circular,90,1.0,3.2464201269389985,3.422496722326445,4.425581494407292,4.5886460527147985,0.044444444444444446,0.6833333333333333
4,CNN,noise2,weak_elliptical,90,1.0,3.178328566421693,3.3160179519975945,4.3020537146722315,4.4740300074378,0.044444444444444446,0.6722222222222223
4,CNN,noise2,medium_circular,90,1.0,2.8596154921550387,2.988079540241791,4.187390493900949,4.49223754728802,0.03888888888888889,0.49444444444444446
4,CNN,noise2,medium_elliptical,90,1.0,2.7410547322137004,2.8140673717426137,4.040787695949149,4.443745157420088,0.05,0.42777777777777776
4,CNN,noise2,strong_circular,90,1.0,0.9433377767164266,0.7557417029107661,1.8027026998952487,2.18735606148754,0.6388888888888888,0.011111111111111112
4,CNN,noise2,strong_elliptical,90,1.0,1.1897842544752797,1.127651466614864,1.9501137220790097,2.765651639807549,0.4222222222222222,0.03888888888888889
4,CNN,slow,all,216,1.0,2.4515887525618347,2.51147128795997,4.194317219518401,4.58393371729983,0.19907407407407407,0.3819444444444444
4,CNN,slow,weak,72,1.0,3.3651459626890183,3.4103760653963464,4.640040013573454,4.883954753237508,0.027777777777777776,0.6597222222222222
4,CNN,slow,medium,72,1.0,2.870859127587308,2.8925315885655256,3.994052219586285,4.36745547816345,0.05555555555555555,0.4513888888888889
4,CNN,slow,strong,72,1.0,1.118761167409177,0.9899589981252317,1.935803331654194,2.3613253200861615,0.5138888888888888,0.034722222222222224
4,CNN,slow,circular,108,1.0,2.466397421366857,2.5118830016474165,4.366237942988252,4.64598354309141,0.21296296296296297,0.39351851851851855
4,CNN,slow,elliptical,108,1.0,2.4367800837568123,2.51147128795997,4.046921412171486,4.419282361727877,0.18518518518518517,0.37037037037037035
4,CNN,slow,ballistic,108,1.0,2.3087698291928267,2.3717595662765545,4.01731822971492,4.436888440738678,0.2361111111111111,0.35648148148148145
4,CNN,slow,diffusive,108,1.0,2.5944076759308423,2.6407841948889144,4.286661282371196,4.638479702995863,0.16203703703703703,0.4074074074074074
4,CNN,slow,weak_circular,36,1.0,3.488396845216761,3.609688344500268,4.73094453061849,4.914685151556688,0.041666666666666664,0.7222222222222222
4,CNN,slow,weak_elliptical,36,1.0,3.2418950801612754,3.2306102477868937,4.246672854949815,4.578256056582533,0.013888888888888888,0.5972222222222222
4,CNN,slow,medium_circular,36,1.0,2.883796560874207,2.823235066982679,4.025516197871044,4.366064009391795,0.027777777777777776,0.4166666666666667
4,CNN,slow,medium_elliptical,36,1.0,2.85792169430041,2.9729959242700366,3.901468102143101,4.322618106940161,0.08333333333333333,0.4861111111111111
4,CNN,slow,strong_circular,36,1.0,1.0269988580096034,0.8205019110455531,2.031095470529838,2.316288813779487,0.5694444444444444,0.041666666666666664
4,CNN,slow,strong_elliptical,36,1.0,1.2105234768087512,1.0588346507355824,1.6793027358604034,2.3283991321457083,0.4583333333333333,0.027777777777777776
4,REI_full,ID,all,540,1.0,2.5712999208128284,2.734841896340761,4.070922805392618,4.305399798487641,0.10648148148148148,0.4185185185185185
4,REI_full,ID,weak,180,1.0,3.1977282487796956,3.3164828774643516,4.30252007314203,4.488237024185933,0.044444444444444446,0.6722222222222223
4,REI_full,ID,medium,180,1.0,2.953960681284371,3.113504577981203,4.157845075504602,4.306612146099031,0.03611111111111111,0.5416666666666666
4,REI_full,ID,strong,180,1.0,1.5622108323744193,1.5803939334966115,2.5741392058447454,2.8887015747275306,0.2388888888888889,0.041666666666666664
4,REI_full,ID,circular,270,1.0,2.6185229878661653,2.7386879831613093,4.167513430026679,4.366154707275972,0.10185185185185185,0.42592592592592593
4,REI_full,ID,elliptical,270,1.0,2.5240768537594924,2.7291360081407534,3.941198694845558,4.2367484505028905,0.1111111111111111,0.4111111111111111
4,REI_full,ID,ballistic,270,1.0,2.6114309930002877,2.798599748462259,4.033431663463979,4.292320311516739,0.09444444444444444,0.4185185185185185
4,REI_full,ID,diffusive,270,1.0,2.531168848625369,2.6343432205392094,4.098690661707089,4.318843304697767,0.11851851851851852,0.4185185185185185
4,REI_full,ID,weak_circular,90,1.0,3.2679772888913887,3.2975145916386674,4.389204214160472,4.605633728366364,0.022222222222222223,0.6833333333333333
4,REI_full,ID,weak_elliptical,90,1.0,3.1274792086680026,3.3406605730605685,4.101358295274197,4.333175576788929,0.06666666666666667,0.6611111111111111
4,REI_full,ID,medium_circular,90,1.0,3.0314915759369248,3.1939575105351605,4.180314517666235,4.314689243765575,0.027777777777777776,0.5722222222222222
4,REI_full,ID,medium_elliptical,90,1.0,2.876429786631818,3.0214045195939407,4.025899791767957,4.251404727705385,0.044444444444444446,0.5111111111111111
4,REI_full,ID,strong_circular,90,1.0,1.5561000987701827,1.598687293323151,2.550939758486177,2.7971512793308024,0.25555555555555554,0.022222222222222223
4,REI_full,ID,strong_elliptical,90,1.0,1.568321565978656,1.5650349573241522,2.574139205844745,3.019406588423435,0.2222222222222222,0.06111111111111111
4,REI_full,noise2,all,540,1.0,2.602974249314381,2.737543427268709,4.054872805663794,4.3218265534547715,0.1,0.42407407407407405
4,REI_full,noise2,weak,180,1.0,3.176675357106603,3.284231302388454,4.280516183554719,4.470910812858038,0.03888888888888889,0.675
4,REI_full,noise2,medium,180,1.0,2.9962835779697463,3.1150197065600755,4.150489867419382,4.422359282562331,0.04722222222222222,0.55
4,REI_full,noise2,strong,180,1.0,1.6359638128667946,1.645051891877377,2.6271503777373164,2.9530982143118716,0.21388888888888888,0.04722222222222222
4,REI_full,noise2,circular,270,1.0,2.643853317401247,2.744581673765733,4.075715983722053,4.364919533927543,0.09259259259259259,0.42407407407407405
4,REI_full,noise2,elliptical,270,1.0,2.5620951812275155,2.730785847405431,4.028441919986721,4.297854298733594,0.10740740740740741,0.42407407407407405
4,REI_full,noise2,ballistic,270,1.0,2.6456679901319653,2.778695583155524,4.057597841107364,4.380938251929641,0.09444444444444444,0.4351851851851852
4,REI_full,noise2,diffusive,270,1.0,2.5602805084967963,2.6697277378101254,4.037914451935145,4.295056990076216,0.10555555555555556,0.412962962962963
4,REI_full,noise2,weak_circular,90,1.0,3.2457867085344887,3.353288213593303,4.3746767905186195,4.511671487076776,0.03333333333333333,0.6888888888888889
4,REI_full,noise2,weak_elliptical,90,1.0,3.1075640056787166,3.252704408475761,4.2062461050475175,4.321288210050647,0.044444444444444446,0.6611111111111111
4,REI_full,noise2,medium_circular,90,1.0,3.0432931302575152,3.2515940344138117,4.083149642887361,4.2796494977678305,0.027777777777777776,0.5611111111111111
4,REI_full,noise2,medium_elliptical,90,1.0,2.949274025681977,3.0511354881397503,4.215327006918635,4.484479322287104,0.06666666666666667,0.5388888888888889
4,REI_full,noise2,strong_circular,90,1.0,1.6424801134117366,1.6710218250444133,2.639122182720856,2.750198096040029,0.21666666666666667,0.022222222222222223
4,REI_full,noise2,strong_elliptical,90,1.0,1.6294475123218524,1.6303284418889552,2.5646745347755755,3.149409010474832,0.2111111111111111,0.07222222222222222
4,REI_full,slow,all,216,1.0,2.560564963855089,2.8056295058389114,3.9899268360212075,4.34995294698752,0.12731481481481483,0.4351851851851852
4,REI_full,slow,weak,72,1.0,3.230444426207552,3.3525290831527403,4.250188674430667,4.535880243313998,0.041666666666666664,0.6875
4,REI_full,slow,medium,72,1.0,3.0168976065806845,3.2073242209984842,4.010831712477395,4.370359395900787,0.020833333333333332,0.5625
4,REI_full,slow,strong,72,1.0,1.434352858777029,1.3061931914192637,2.702534436356388,3.0228885405829655,0.3194444444444444,0.05555555555555555
4,REI_full,slow,circular,108,1.0,2.629052161724162,2.8102126603703437,4.063155932346792,4.282094958390999,0.12037037037037036,0.4398148148148148
4,REI_full,slow,elliptical,108,1.0,2.4920777659860143,2.773276990182014,3.9428221485927635,4.379099366948548,0.13425925925925927,0.4305555555555556
4,REI_full,slow,ballistic,108,1.0,2.557922062550889,2.806995345266094,3.9276164371230537,4.2293541671847,0.09722222222222222,0.4074074074074074
4,REI_full,slow,diffusive,108,1.0,2.563207865159288,2.792020400942273,4.068336911784704,4.379099366948548,0.1574074074074074,0.46296296296296297
4,REI_full,slow,weak_circular,36,1.0,3.3005637141500177,3.5565125425638056,4.336637994935804,4.594117850591576,0.06944444444444445,0.7083333333333334
4,REI_full,slow,weak_elliptical,36,1.0,3.160325138265086,3.231924353448223,3.9741595431550025,4.327045746860206,0.013888888888888888,0.6666666666666666
4,REI_full,slow,medium_circular,36,1.0,3.0389763179308686,3.166143763489054,3.9597929514943657,4.123009798511981,0.0,0.5416666666666666
4,REI_full,slow,medium_elliptical,36,1.0,2.9948188952305,3.2223439902270012,4.0550843163547,4.430970126851494,0.041666666666666664,0.5833333333333334
4,REI_full,slow,strong_circular,36,1.0,1.5476164530916,1.4662920350866213,2.9218131707554758,3.0460542643698703,0.2916666666666667,0.06944444444444445
4,REI_full,slow,strong_elliptical,36,1.0,1.3210892644624583,1.182897069309169,2.236370989094779,2.89172370758818,0.3472222222222222,0.041666666666666664
4,REI_1024,ID,all,540,1.0,2.6456108175598216,2.718477366709817,4.096609942308519,4.347079161567769,0.08333333333333333,0.4101851851851852
4,REI_1024,ID,weak,180,1.0,3.1719887716613204,3.3264444069790207,4.32483712956426,4.507504819143818,0.041666666666666664,0.6333333333333333
4,REI_1024,ID,medium,180,1.0,3.0249780450222086,3.1271389481906047,4.158211443952278,4.471997003329748,0.03611111111111111,0.5444444444444444
4,REI_1024,ID,strong,180,1.0,1.7398656359959357,1.72799604343669,2.737446618097363,3.003515220633936,0.17222222222222222,0.05277777777777778
4,REI_1024,ID,circular,270,1.0,2.687585159515271,2.7247688786533772,4.158079452297995,4.490097098706895,0.07592592592592592,0.4074074074074074
4,REI_1024,ID,elliptical,270,1.0,2.6036364756043717,2.7094239918520806,3.983599129091481,4.208554227331536,0.09074074074074075,0.412962962962963
4,REI_1024,ID,ballistic,270,1.0,2.656199468820983,2.7273684159480824,4.088482537439759,4.325262318946166,0.08703703703703704,0.42407407407407405
4,REI_1024,ID,diffusive,270,1.0,2.63502216629866,2.7145750099444887,4.098079345717098,4.359347704404759,0.07962962962962963,0.3962962962962963
4,REI_1024,ID,weak_circular,90,1.0,3.2272636841622226,3.335307766203597,4.411669923528421,4.545219681574173,0.03333333333333333,0.6388888888888888
4,REI_1024,ID,weak_elliptical,90,1.0,3.116713859160419,3.299379346293361,4.208596188505765,4.364218584490427,0.05,0.6277777777777778
4,REI_1024,ID,medium_circular,90,1.0,3.1072683889720794,3.266395135447825,4.189823485172985,4.559799250386117,0.016666666666666666,0.5555555555555556
4,REI_1024,ID,medium_elliptical,90,1.0,2.9426877010723373,3.1094033198108435,4.029963324034503,4.2040229659736275,0.05555555555555555,0.5333333333333333
4,REI_1024,ID,strong_circular,90,1.0,1.7282234054115115,1.7126967199521634,2.671613805387159,2.8511341308003177,0.17777777777777778,0.027777777777777776
4,REI_1024,ID,strong_elliptical,90,1.0,1.7515078665803596,1.7865805895038132,2.786840012737238,3.212242645609463,0.16666666666666666,0.07777777777777778
4,REI_1024,noise2,all,540,1.0,2.679832831986677,2.7444473565693075,4.146046046355452,4.42832174962561,0.08796296296296297,0.4388888888888889
4,REI_1024,noise2,weak,180,1.0,3.1746052394567337,3.3147174578073413,4.365394394279869,4.634061082376646,0.05277777777777778,0.6472222222222223
4,REI_1024,noise2,medium,180,1.0,3.0580859314696,3.1963053270664568,4.293054351578399,4.520386076392751,0.044444444444444446,0.5888888888888889
4,REI_1024,noise2,strong,180,1.0,1.8068073250336982,1.7834619325861403,2.8335580442803225,3.1443269006845513,0.16666666666666666,0.08055555555555556
4,REI_1024,noise2,circular,270,1.0,2.73755538701981,2.825777175029243,4.18066602206643,4.454589657310556,0.07962962962962963,0.46296296296296297
4,REI_1024,noise2,elliptical,270,1.0,2.6221102769535443,2.6816628448285447,4.087960754499489,4.353365403907156,0.0962962962962963,0.4148148148148148
4,REI_1024,noise2,ballistic,270,1.0,2.699780975117642,2.7923165643914882,4.146046046355452,4.40337522953444,0.08518518518518518,0.46296296296296297
4,REI_1024,noise2,diffusive,270,1.0,2.6598846888557124,2.6953387612400155,4.127341933572403,4.443617891534589,0.09074074074074075,0.4148148148148148
4,REI_1024,noise2,weak_circular,90,1.0,3.251394525986185,3.3502128505738846,4.444072886101961,4.658751013067248,0.044444444444444446,0.6777777777777778
4,REI_1024,noise2,weak_elliptical,90,1.0,3.0978159529272813,3.289389016852593,4.233929475008313,4.445208747874013,0.06111111111111111,0.6166666666666667
4,REI_1024,noise2,medium_circular,90,1.0,3.1313513296455886,3.3264950300644984,4.25286189787905,4.460621351298633,0.03333333333333333,0.6333333333333333
4,REI_1024,noise2,medium_elliptical,90,1.0,2.984820533293611,3.107011207916816,4.329224006646174,4.595845796270742,0.05555555555555555,0.5444444444444444
4,REI_1024,noise2,strong_circular,90,1.0,1.8299203054276556,1.7630395630590514,2.9053552646942995,3.143656387955795,0.16111111111111112,0.07777777777777778
4,REI_1024,noise2,strong_elliptical,90,1.0,1.7836943446397406,1.8067888142289905,2.7243893917482636,3.250088319562456,0.17222222222222222,0.08333333333333333
4,REI_1024,slow,all,216,1.0,2.589317493585239,2.7305740897460518,4.1292741510546795,4.4491784379396995,0.13194444444444445,0.41435185185185186
4,REI_1024,slow,weak,72,1.0,3.230411281975024,3.3073810261968637,4.418698351659785,4.562819590017374,0.013888888888888888,0.6388888888888888
4,REI_1024,slow,medium,72,1.0,3.0308226772907476,3.084658950714492,4.110839099076255,4.376526599346288,0.027777777777777776,0.5416666666666666
4,REI_1024,slow,strong,72,1.0,1.5067185214899461,1.3813723536016145,2.70719508924378,3.140124972001759,0.3541666666666667,0.0625
4,REI_1024,slow,circular,108,1.0,2.6401443756866088,2.73611388815116,4.158611046922665,4.372434141965192,0.1111111111111111,0.4027777777777778
4,REI_1024,slow,elliptical,108,1.0,2.5384906114838697,2.7305740897460518,4.127328325230058,4.527599275688299,0.1527777777777778,0.42592592592592593
4,REI_1024,slow,ballistic,108,1.0,2.645351639904238,2.7035542273983797,4.05947407982983,4.312164360000515,0.06944444444444445,0.39814814814814814
4,REI_1024,slow,diffusive,108,1.0,2.5332833472662406,2.757355960370076,4.260520817517277,4.527377283534607,0.19444444444444445,0.4305555555555556
4,REI_1024,slow,weak_circular,36,1.0,3.2618595002751865,3.454585685056524,4.434895194056694,4.583732719630296,0.013888888888888888,0.625
4,REI_1024,slow,weak_elliptical,36,1.0,3.198963063674862,3.2589606291514306,4.269479206951838,4.554978150236496,0.013888888888888888,0.6527777777777778
4,REI_1024,slow,medium_circular,36,1.0,3.0239049798067716,3.013009464481647,4.0692708846849,4.334688987011106,0.027777777777777776,0.5
4,REI_1024,slow,medium_elliptical,36,1.0,3.037740374774723,3.186289588535364,4.120912417583197,4.490767462490719,0.027777777777777776,0.5833333333333334
4,REI_1024,slow,strong_circular,36,1.0,1.6346686469778677,1.7140700603150196,2.825247925610429,3.2985430643762785,0.2916666666666667,0.08333333333333333
4,REI_1024,slow,strong_elliptical,36,1.0,1.378768396002024,1.1360029221724584,2.3965843991088485,2.8205027864246826,0.4166666666666667,0.041666666666666664
4,REI_valK,ID,all,540,1.0,2.5712999208128284,2.734841896340761,4.070922805392618,4.305399798487641,0.10648148148148148,0.4185185185185185
4,REI_valK,ID,weak,180,1.0,3.1977282487796956,3.3164828774643516,4.30252007314203,4.488237024185933,0.044444444444444446,0.6722222222222223
4,REI_valK,ID,medium,180,1.0,2.953960681284371,3.113504577981203,4.157845075504602,4.306612146099031,0.03611111111111111,0.5416666666666666
4,REI_valK,ID,strong,180,1.0,1.5622108323744193,1.5803939334966115,2.5741392058447454,2.8887015747275306,0.2388888888888889,0.041666666666666664
4,REI_valK,ID,circular,270,1.0,2.6185229878661653,2.7386879831613093,4.167513430026679,4.366154707275972,0.10185185185185185,0.42592592592592593
4,REI_valK,ID,elliptical,270,1.0,2.5240768537594924,2.7291360081407534,3.941198694845558,4.2367484505028905,0.1111111111111111,0.4111111111111111
4,REI_valK,ID,ballistic,270,1.0,2.6114309930002877,2.798599748462259,4.033431663463979,4.292320311516739,0.09444444444444444,0.4185185185185185
4,REI_valK,ID,diffusive,270,1.0,2.531168848625369,2.6343432205392094,4.098690661707089,4.318843304697767,0.11851851851851852,0.4185185185185185
4,REI_valK,ID,weak_circular,90,1.0,3.2679772888913887,3.2975145916386674,4.389204214160472,4.605633728366364,0.022222222222222223,0.6833333333333333
4,REI_valK,ID,weak_elliptical,90,1.0,3.1274792086680026,3.3406605730605685,4.101358295274197,4.333175576788929,0.06666666666666667,0.6611111111111111
4,REI_valK,ID,medium_circular,90,1.0,3.0314915759369248,3.1939575105351605,4.180314517666235,4.314689243765575,0.027777777777777776,0.5722222222222222
4,REI_valK,ID,medium_elliptical,90,1.0,2.876429786631818,3.0214045195939407,4.025899791767957,4.251404727705385,0.044444444444444446,0.5111111111111111
4,REI_valK,ID,strong_circular,90,1.0,1.5561000987701827,1.598687293323151,2.550939758486177,2.7971512793308024,0.25555555555555554,0.022222222222222223
4,REI_valK,ID,strong_elliptical,90,1.0,1.568321565978656,1.5650349573241522,2.574139205844745,3.019406588423435,0.2222222222222222,0.06111111111111111
4,REI_valK,noise2,all,540,1.0,2.602974249314381,2.737543427268709,4.054872805663794,4.3218265534547715,0.1,0.42407407407407405
4,REI_valK,noise2,weak,180,1.0,3.176675357106603,3.284231302388454,4.280516183554719,4.470910812858038,0.03888888888888889,0.675
4,REI_valK,noise2,medium,180,1.0,2.9962835779697463,3.1150197065600755,4.150489867419382,4.422359282562331,0.04722222222222222,0.55
4,REI_valK,noise2,strong,180,1.0,1.6359638128667946,1.645051891877377,2.6271503777373164,2.9530982143118716,0.21388888888888888,0.04722222222222222
4,REI_valK,noise2,circular,270,1.0,2.643853317401247,2.744581673765733,4.075715983722053,4.364919533927543,0.09259259259259259,0.42407407407407405
4,REI_valK,noise2,elliptical,270,1.0,2.5620951812275155,2.730785847405431,4.028441919986721,4.297854298733594,0.10740740740740741,0.42407407407407405
4,REI_valK,noise2,ballistic,270,1.0,2.6456679901319653,2.778695583155524,4.057597841107364,4.380938251929641,0.09444444444444444,0.4351851851851852
4,REI_valK,noise2,diffusive,270,1.0,2.5602805084967963,2.6697277378101254,4.037914451935145,4.295056990076216,0.10555555555555556,0.412962962962963
4,REI_valK,noise2,weak_circular,90,1.0,3.2457867085344887,3.353288213593303,4.3746767905186195,4.511671487076776,0.03333333333333333,0.6888888888888889
4,REI_valK,noise2,weak_elliptical,90,1.0,3.1075640056787166,3.252704408475761,4.2062461050475175,4.321288210050647,0.044444444444444446,0.6611111111111111
4,REI_valK,noise2,medium_circular,90,1.0,3.0432931302575152,3.2515940344138117,4.083149642887361,4.2796494977678305,0.027777777777777776,0.5611111111111111
4,REI_valK,noise2,medium_elliptical,90,1.0,2.949274025681977,3.0511354881397503,4.215327006918635,4.484479322287104,0.06666666666666667,0.5388888888888889
4,REI_valK,noise2,strong_circular,90,1.0,1.6424801134117366,1.6710218250444133,2.639122182720856,2.750198096040029,0.21666666666666667,0.022222222222222223
4,REI_valK,noise2,strong_elliptical,90,1.0,1.6294475123218524,1.6303284418889552,2.5646745347755755,3.149409010474832,0.2111111111111111,0.07222222222222222
4,REI_valK,slow,all,216,1.0,2.560564963855089,2.8056295058389114,3.9899268360212075,4.34995294698752,0.12731481481481483,0.4351851851851852
4,REI_valK,slow,weak,72,1.0,3.230444426207552,3.3525290831527403,4.250188674430667,4.535880243313998,0.041666666666666664,0.6875
4,REI_valK,slow,medium,72,1.0,3.0168976065806845,3.2073242209984842,4.010831712477395,4.370359395900787,0.020833333333333332,0.5625
4,REI_valK,slow,strong,72,1.0,1.434352858777029,1.3061931914192637,2.702534436356388,3.0228885405829655,0.3194444444444444,0.05555555555555555
4,REI_valK,slow,circular,108,1.0,2.629052161724162,2.8102126603703437,4.063155932346792,4.282094958390999,0.12037037037037036,0.4398148148148148
4,REI_valK,slow,elliptical,108,1.0,2.4920777659860143,2.773276990182014,3.9428221485927635,4.379099366948548,0.13425925925925927,0.4305555555555556
4,REI_valK,slow,ballistic,108,1.0,2.557922062550889,2.806995345266094,3.9276164371230537,4.2293541671847,0.09722222222222222,0.4074074074074074
4,REI_valK,slow,diffusive,108,1.0,2.563207865159288,2.792020400942273,4.068336911784704,4.379099366948548,0.1574074074074074,0.46296296296296297
4,REI_valK,slow,weak_circular,36,1.0,3.3005637141500177,3.5565125425638056,4.336637994935804,4.594117850591576,0.06944444444444445,0.7083333333333334
4,REI_valK,slow,weak_elliptical,36,1.0,3.160325138265086,3.231924353448223,3.9741595431550025,4.327045746860206,0.013888888888888888,0.6666666666666666
4,REI_valK,slow,medium_circular,36,1.0,3.0389763179308686,3.166143763489054,3.9597929514943657,4.123009798511981,0.0,0.5416666666666666
4,REI_valK,slow,medium_elliptical,36,1.0,2.9948188952305,3.2223439902270012,4.0550843163547,4.430970126851494,0.041666666666666664,0.5833333333333334
4,REI_valK,slow,strong_circular,36,1.0,1.5476164530916,1.4662920350866213,2.9218131707554758,3.0460542643698703,0.2916666666666667,0.06944444444444445
4,REI_valK,slow,strong_elliptical,36,1.0,1.3210892644624583,1.182897069309169,2.236370989094779,2.89172370758818,0.3472222222222222,0.041666666666666664
4,Prior,ID,all,540,1.0,3.215439474015066,3.3733907513305343,4.303194636380666,4.447777705169494,0.04259259259259259,0.687037037037037
4,Prior,ID,weak,180,1.0,3.2115195541327806,3.305255050666121,4.283308331725175,4.405007759786723,0.044444444444444446,0.7388888888888889
4,Prior,ID,medium,180,1.0,3.241648535587058,3.407252469097446,4.357055829347434,4.518536715485011,0.03888888888888889,0.6555555555555556
4,Prior,ID,strong,180,1.0,3.193150332325359,3.405710332931229,4.167148253360826,4.457660375602435,0.044444444444444446,0.6666666666666666
4,Prior,ID,circular,270,1.0,3.2681130131192417,3.416054754403154,4.303147474597115,4.437072739133225,0.022222222222222223,0.6888888888888889
4,Prior,ID,elliptical,270,1.0,3.162765934910889,3.305895107640838,4.304306767086358,4.455693140174048,0.06296296296296296,0.6851851851851852
4,Prior,ID,ballistic,270,1.0,3.221608087255115,3.3733907513305343,4.3133758831392415,4.490602213381808,0.04814814814814815,0.7
4,Prior,ID,diffusive,270,1.0,3.2092708607750167,3.3676822124341115,4.282808891335605,4.440206379177301,0.037037037037037035,0.674074074074074
4,Prior,ID,weak_circular,90,1.0,3.2711510293354586,3.286815624999063,4.311398617049467,4.4181872436202765,0.03333333333333333,0.7555555555555555
4,Prior,ID,weak_elliptical,90,1.0,3.1518880789301034,3.336860964197122,4.067476576972026,4.357722478445731,0.05555555555555555,0.7222222222222222
4,Prior,ID,medium_circular,90,1.0,3.30450701701526,3.5354576791911843,4.348863926519523,4.48391462947514,0.011111111111111112,0.6333333333333333
4,Prior,ID,medium_elliptical,90,1.0,3.1787900541588545,3.2760064804892277,4.392596804542046,4.6365167941875365,0.06666666666666667,0.6777777777777778
4,Prior,ID,strong_circular,90,1.0,3.228680993007008,3.476198014482057,4.086572627022311,4.319736267230959,0.022222222222222223,0.6777777777777778
4,Prior,ID,strong_elliptical,90,1.0,3.157619671643709,3.322168655933551,4.283371198476614,4.65125437795372,0.06666666666666667,0.6555555555555556
4,Prior,noise2,all,540,1.0,3.215439474015066,3.3733907513305343,4.303194636380666,4.447777705169494,0.04259259259259259,0.687037037037037
4,Prior,noise2,weak,180,1.0,3.2115195541327806,3.305255050666121,4.283308331725175,4.405007759786723,0.044444444444444446,0.7388888888888889
4,Prior,noise2,medium,180,1.0,3.241648535587058,3.407252469097446,4.357055829347434,4.518536715485011,0.03888888888888889,0.6555555555555556
4,Prior,noise2,strong,180,1.0,3.193150332325359,3.405710332931229,4.167148253360826,4.457660375602435,0.044444444444444446,0.6666666666666666
4,Prior,noise2,circular,270,1.0,3.2681130131192417,3.416054754403154,4.303147474597115,4.437072739133225,0.022222222222222223,0.6888888888888889
4,Prior,noise2,elliptical,270,1.0,3.162765934910889,3.305895107640838,4.304306767086358,4.455693140174048,0.06296296296296296,0.6851851851851852
4,Prior,noise2,ballistic,270,1.0,3.221608087255115,3.3733907513305343,4.3133758831392415,4.490602213381808,0.04814814814814815,0.7
4,Prior,noise2,diffusive,270,1.0,3.2092708607750167,3.3676822124341115,4.282808891335605,4.440206379177301,0.037037037037037035,0.674074074074074
4,Prior,noise2,weak_circular,90,1.0,3.2711510293354586,3.286815624999063,4.311398617049467,4.4181872436202765,0.03333333333333333,0.7555555555555555
4,Prior,noise2,weak_elliptical,90,1.0,3.1518880789301034,3.336860964197122,4.067476576972026,4.357722478445731,0.05555555555555555,0.7222222222222222
4,Prior,noise2,medium_circular,90,1.0,3.30450701701526,3.5354576791911843,4.348863926519523,4.48391462947514,0.011111111111111112,0.6333333333333333
4,Prior,noise2,medium_elliptical,90,1.0,3.1787900541588545,3.2760064804892277,4.392596804542046,4.6365167941875365,0.06666666666666667,0.6777777777777778
4,Prior,noise2,strong_circular,90,1.0,3.228680993007008,3.476198014482057,4.086572627022311,4.319736267230959,0.022222222222222223,0.6777777777777778
4,Prior,noise2,strong_elliptical,90,1.0,3.157619671643709,3.322168655933551,4.283371198476614,4.65125437795372,0.06666666666666667,0.6555555555555556
4,Prior,slow,all,216,1.0,3.2622880149202467,3.3840637172546195,4.215008073244798,4.494420462748797,0.013888888888888888,0.7129629629629629
4,Prior,slow,weak,72,1.0,3.2594010243157125,3.3607307116579204,4.245040379058318,4.382959797455239,0.0,0.7361111111111112
4,Prior,slow,medium,72,1.0,3.1936882501566495,3.3429583150115825,4.055934544533576,4.4633763636188535,0.013888888888888888,0.6666666666666666
4,Prior,slow,strong,72,1.0,3.333774770288377,3.4449701884252413,4.280317122906057,4.709821066146885,0.027777777777777776,0.7361111111111112
4,Prior,slow,circular,108,1.0,3.3152537530939328,3.460518513942712,4.299858662147395,4.578629314492278,0.009259259259259259,0.7129629629629629
4,Prior,slow,elliptical,108,1.0,3.2093222767465615,3.328646915072313,4.189466518498437,4.488695500102713,0.018518518518518517,0.7129629629629629
4,Prior,slow,ballistic,108,1.0,3.263856388645937,3.4338008731227223,4.203942734000638,4.5392340121088255,0.018518518518518517,0.7222222222222222
4,Prior,slow,diffusive,108,1.0,3.2607196411945574,3.37268267445289,4.2290370721462605,4.488695500102713,0.009259259259259259,0.7037037037037037
4,Prior,slow,weak_circular,36,1.0,3.3156122260066034,3.460518513942712,4.326311447967073,4.540945954708724,0.0,0.75
4,Prior,slow,weak_elliptical,36,1.0,3.2031898226248225,3.2751781854623965,4.143117050802917,4.266061075614348,0.0,0.7222222222222222
4,Prior,slow,medium_circular,36,1.0,3.2150019215113708,3.351346207847854,3.968797429967698,4.0791789690695,0.0,0.6388888888888888
4,Prior,slow,medium_elliptical,36,1.0,3.1723745788019286,3.334244213388509,4.243397302875643,4.5183149132216185,0.027777777777777776,0.6944444444444444
4,Prior,slow,strong_circular,36,1.0,3.415147111763824,3.525439325540973,4.440518391130672,4.6490222008320785,0.027777777777777776,0.75
4,Prior,slow,strong_elliptical,36,1.0,3.2524024288129305,3.3680542265692677,4.192019725459482,4.448212740720691,0.027777777777777776,0.7222222222222222
8,SVR,ID,all,540,1.0,2.1377657028467376,2.0483096048634533,4.127122890822746,4.511441388076779,0.3138888888888889,0.3212962962962963
8,SVR,ID,weak,180,1.0,3.2373789904870724,3.3003394857258126,4.555474991188907,4.842349538072858,0.027777777777777776,0.6166666666666667
8,SVR,ID,medium,180,1.0,2.4846140125822123,2.4785360750663896,3.9504651443561833,4.406518450891777,0.10833333333333334,0.3472222222222222
8,SVR,ID,strong,180,1.0,0.6913041054709295,0.5911999921768212,1.2863729029284419,1.5291984737267903,0.8055555555555556,0.0
8,SVR,ID,circular,270,1.0,2.1485711418085676,2.0877001141427494,4.206627172241648,4.6089020180086395,0.3425925925925926,0.3314814814814815
8,SVR,ID,elliptical,270,1.0,2.126960263884909,1.9585265734633328,3.9479508274821553,4.391428539643516,0.2851851851851852,0.3111111111111111
8,SVR,ID,ballistic,270,1.0,2.1618875974818272,2.0483096048634533,4.084152514025267,4.476591723416459,0.30925925925925923,0.32592592592592595
8,SVR,ID,diffusive,270,1.0,2.1136438082116484,2.0291781437868046,4.194535757619328,4.554086641406938,0.31851851851851853,0.31666666666666665
8,SVR,ID,weak_circular,90,1.0,3.329043507278524,3.4314783299339493,4.684917206765865,5.194899389612224,0.022222222222222223,0.6222222222222222
8,SVR,ID,weak_elliptical,90,1.0,3.145714473695621,3.245051879291062,4.400088746800532,4.730815450894,0.03333333333333333,0.6111111111111112
8,SVR,ID,medium_circular,90,1.0,2.5232063389904433,2.536870928011991,4.000227892238788,4.446751887354241,0.1111111111111111,0.37222222222222223
8,SVR,ID,medium_elliptical,90,1.0,2.4460216861739807,2.3421238711199095,3.866719374908426,4.335067121729778,0.10555555555555556,0.32222222222222224
8,SVR,ID,strong_circular,90,1.0,0.5934635791567341,0.5260234174515876,1.0138697487953774,1.2644582438394871,0.8944444444444445,0.0
8,SVR,ID,strong_elliptical,90,1.0,0.789144631785125,0.6773020448371817,1.439301074511894,1.6578000307623648,0.7166666666666667,0.0
8,SVR,noise2,all,540,1.0,2.2309740494528536,2.2577766781278177,4.065750289107178,4.423597812312484,0.26944444444444443,0.3574074074074074
8,SVR,noise2,weak,180,1.0,3.195701581182754,3.3559364276149095,4.424130455322563,4.685071459157797,0.041666666666666664,0.6444444444444445
8,SVR,noise2,medium,180,1.0,2.67638586697806,2.7247763597407793,4.021825118642648,4.416481839330382,0.06111111111111111,0.41388888888888886
8,SVR,noise2,strong,180,1.0,0.8208347001977467,0.6369221397074407,1.5791512196767818,2.0133393761221354,0.7055555555555556,0.013888888888888888
8,SVR,noise2,circular,270,1.0,2.232761932223379,2.257739880923083,4.0933272292436556,4.487394478692675,0.3055555555555556,0.387037037037037
8,SVR,noise2,elliptical,270,1.0,2.229186166682328,2.2577766781278177,3.9966116763301884,4.285309580708883,0.23333333333333334,0.3277777777777778
8,SVR,noise2,ballistic,270,1.0,2.263168070440607,2.3058986748529415,4.08145468254422,4.436975024461674,0.2574074074074074,0.362962962962963
8,SVR,noise2,diffusive,270,1.0,2.1987800284651002,2.1903350911951933,4.033368747580175,4.419896107760264,0.2814814814814815,0.35185185185185186
8,SVR,noise2,weak_circular,90,1.0,3.2246297899670213,3.4075994873418045,4.473136272380388,4.685071459157797,0.05,0.6777777777777778
8,SVR,noise2,weak_elliptical,90,1.0,3.1667733723984863,3.326612595562934,4.276506055736151,4.606508086606541,0.03333333333333333,0.6111111111111112
8,SVR,noise2,medium_circular,90,1.0,2.7648370781124907,2.8430089700476002,4.00202908488874,4.532447356104051,0.07222222222222222,0.4666666666666667
8,SVR,noise2,medium_elliptical,90,1.0,2.5879346558436294,2.5145352253645807,4.022707652455045,4.2853095807088835,0.05,0.3611111111111111
8,SVR,noise2,strong_circular,90,1.0,0.7088189285906257,0.5234737365181001,1.4548485574430217,1.8430476947385408,0.7944444444444444,0.016666666666666666
8,SVR,noise2,strong_elliptical,90,1.0,0.9328504718048679,0.8252575953827153,1.6601354722825963,2.488462983008765,0.6166666666666667,0.011111111111111112
8,SVR,slow,all,216,1.0,2.42493847660121,2.411856846207832,4.348054815155908,4.737098946562392,0.2013888888888889,0.37962962962962965
8,SVR,slow,weak,72,1.0,3.3026273767588927,3.3015740363826067,4.777557810812399,5.044215918667382,0.041666666666666664,0.6388888888888888
8,SVR,slow,medium,72,1.0,2.7564254254486937,2.6832791572550354,4.186411433139491,4.63947231958379,0.04861111111111111,0.4513888888888889
8,SVR,slow,strong,72,1.0,1.2157626275960427,0.9931512317501532,2.3096598260852153,2.9353852517697523,0.5138888888888888,0.04861111111111111
8,SVR,slow,circular,108,1.0,2.394389059973962,2.3239956830527095,4.446302221141531,4.730177568963371,0.2175925925925926,0.35185185185185186
8,SVR,slow,elliptical,108,1.0,2.4554878932284576,2.4337666829038826,4.183133585179836,4.821673187157339,0.18518518518518517,0.4074074074074074
8,SVR,slow,ballistic,108,1.0,2.160878666889727,2.157005839990786,4.052990477566148,4.621416723768897,0.30092592592592593,0.3101851851851852
8,SVR,slow,diffusive,108,1.0,2.688998286312693,2.568150204535272,4.439253484273374,4.831341645218806,0.10185185185185185,0.44907407407407407
8,SVR,slow,weak_circular,36,1.0,3.3764630044109842,3.3119773359363016,4.787341956354651,5.0713190524178975,0.05555555555555555,0.625
8,SVR,slow,weak_elliptical,36,1.0,3.2287917491068012,3.256094306878799,4.598550586064343,4.969572789414837,0.027777777777777776,0.6527777777777778
8,SVR,slow,medium_circular,36,1.0,2.735397578356684,2.638288453293279,4.409625495507919,4.668902248026901,0.027777777777777776,0.4027777777777778
8,SVR,slow,medium_elliptical,36,1.0,2.7774532725407033,2.983045612929443,4.137462562006445,4.485165977029816,0.06944444444444445,0.5
8,SVR,slow,strong_circular,36,1.0,1.0713065971542168,0.8866663217544843,2.2512407976022066,2.3497506617920396,0.5694444444444444,0.027777777777777776
8,SVR,slow,strong_elliptical,36,1.0,1.3602186580378686,1.122118629618385,2.4272576491020503,3.4723266192429674,0.4583333333333333,0.06944444444444445
8,Ridge,ID,all,540,1.0,2.311806444810353,2.3126578747256863,4.050761151171388,4.362938551482843,0.20833333333333334,0.35462962962962963
8,Ridge,ID,weak,180,1.0,3.2188033509928857,3.289679474903748,4.390976090464043,4.655380602717322,0.027777777777777776,0.65
8,Ridge,ID,medium,180,1.0,2.689577603462347,2.765187276268858,3.9905364565407737,4.272151121296788,0.06388888888888888,0.40555555555555556
8,Ridge,ID,strong,180,1.0,1.0270383799758254,0.9321830543265708,1.8214597711158635,2.0310451039436392,0.5333333333333333,0.008333333333333333
8,Ridge,ID,circular,270,1.0,2.301072583112097,2.3638833129765304,4.11953050781921,4.461184509449452,0.24259259259259258,0.3611111111111111
8,Ridge,ID,elliptical,270,1.0,2.3225403065086083,2.2704862872781435,3.931142053951001,4.243773273770477,0.17407407407407408,0.34814814814814815
8,Ridge,ID,ballistic,270,1.0,2.3210234677741446,2.3833163482940827,4.015678814716165,4.378513811309129,0.2222222222222222,0.3611111111111111
8,Ridge,ID,diffusive,270,1.0,2.302589421846561,2.241117257764413,4.070095094053003,4.359356623472785,0.19444444444444445,0.34814814814814815
8,Ridge,ID,weak_circular,90,1.0,3.3020443621147604,3.313214277662271,4.549650427739175,4.800171528952045,0.016666666666666666,0.65
8,Ridge,ID,weak_elliptical,90,1.0,3.1355623398710097,3.2380427484725463,4.244462662955514,4.4572326873427555,0.03888888888888889,0.65
8,Ridge,ID,medium_circular,90,1.0,2.7362355396735967,2.7863917839115637,4.008351041807181,4.2960327991637755,0.06666666666666667,0.43333333333333335
8,Ridge,ID,medium_elliptical,90,1.0,2.642919667251098,2.749005255817104,3.928557501014666,4.23276805105826,0.06111111111111111,0.37777777777777777
8,Ridge,ID,strong_circular,90,1.0,0.864937847547933,0.7411924064717577,1.626437404401893,1.7920287104100496,0.6444444444444445,0.0
8,Ridge,ID,strong_elliptical,90,1.0,1.189138912403718,1.1351741720852258,1.9149431602272313,2.258408741460728,0.4222222222222222,0.016666666666666666
8,Ridge,noise2,all,540,1.0,2.4090686852642302,2.5548175241488567,4.006945671885187,4.347650379378392,0.18518518518518517,0.38333333333333336
8,Ridge,noise2,weak,180,1.0,3.1788144217094554,3.3303729053216813,4.2860164612330465,4.551157247986148,0.03333333333333333,0.6416666666666667
8,Ridge,noise2,medium,180,1.0,2.865230340741704,2.948339846266992,4.096824079149298,4.435676039827974,0.05277777777777778,0.48055555555555557
8,Ridge,noise2,strong,180,1.0,1.1831612933415312,1.0678430145083029,2.145779016377413,2.6519798284409797,0.46944444444444444,0.027777777777777776
8,Ridge,noise2,circular,270,1.0,2.4016966749461974,2.545631787538155,4.084778675564945,4.405545361920803,0.2222222222222222,0.4
8,Ridge,noise2,elliptical,270,1.0,2.4164406955822635,2.5642339106305023,3.9570213180899865,4.1884644505046,0.14814814814814814,0.36666666666666664
8,Ridge,noise2,ballistic,270,1.0,2.428981828963108,2.5949775088594915,4.012200589895259,4.347650379378392,0.17592592592592593,0.3888888888888889
8,Ridge,noise2,diffusive,270,1.0,2.3891555415653523,2.5159782831974615,3.9956559844453783,4.339284200244245,0.19444444444444445,0.37777777777777777
8,Ridge,noise2,weak_circular,90,1.0,3.2122789002301992,3.394342683582381,4.341012510322479,4.584944068132789,0.03333333333333333,0.6555555555555556
8,Ridge,noise2,weak_elliptical,90,1.0,3.145349943188711,3.2147562700853705,4.146475355918236,4.483632272679539,0.03333333333333333,0.6277777777777778
8,Ridge,noise2,medium_circular,90,1.0,2.9405106554815044,3.180443453404694,4.143063379378481,4.437384411312044,0.05555555555555555,0.5277777777777778
8,Ridge,noise2,medium_elliptical,90,1.0,2.789950026001906,2.8335673946139472,3.995741298797303,4.402528588090356,0.05,0.43333333333333335
8,Ridge,noise2,strong_circular,90,1.0,1.0523004691268896,0.927032631229999,2.082860267996539,2.5197850550378518,0.5777777777777777,0.016666666666666666
8,Ridge,noise2,strong_elliptical,90,1.0,1.3140221175561726,1.2531282031831812,2.259549652996328,2.727465965545278,0.3611111111111111,0.03888888888888889
8,Ridge,slow,all,216,1.0,2.497800033047078,2.563285333620864,4.168669750412637,4.555047536982316,0.1527777777777778,0.3912037037037037
8,Ridge,slow,weak,72,1.0,3.2741764072742856,3.3312737775860146,4.549300589629334,4.685916102744973,0.034722222222222224,0.6666666666666666
8,Ridge,slow,medium,72,1.0,2.8515037893736723,2.9303211026649834,4.099524990676192,4.5049609179719905,0.027777777777777776,0.4652777777777778
8,Ridge,slow,strong,72,1.0,1.3677199024932747,1.22094723181953,2.536463767543028,2.857397291780023,0.3958333333333333,0.041666666666666664
8,Ridge,slow,circular,108,1.0,2.420571312690865,2.444699479234015,4.20561353360854,4.547150151032387,0.19907407407407407,0.3888888888888889
8,Ridge,slow,elliptical,108,1.0,2.5750287534032905,2.65768878717302,4.087496812459653,4.524210207685618,0.10648148148148148,0.39351851851851855
8,Ridge,slow,ballistic,108,1.0,2.3452230672652594,2.4017281130730006,4.0300624018967,4.477849702823825,0.19907407407407407,0.3425925925925926
8,Ridge,slow,diffusive,108,1.0,2.650376998828896,2.7512482948774606,4.246549779504729,4.616229601807678,0.10648148148148148,0.4398148148148148
8,Ridge,slow,weak_circular,36,1.0,3.327122347707976,3.3312737775860146,4.60894906504697,4.735742866109857,0.041666666666666664,0.7083333333333334
8,Ridge,slow,weak_elliptical,36,1.0,3.2212304668405958,3.3402689812103934,4.428307910058345,4.63161859747687,0.027777777777777776,0.625
8,Ridge,slow,medium_circular,36,1.0,2.8161329631818615,2.7913852613811945,4.0928071983726255,4.483252640321921,0.013888888888888888,0.4305555555555556
8,Ridge,slow,medium_elliptical,36,1.0,2.8868746155654836,3.0151285731414017,4.168022882179636,4.504788975045173,0.041666666666666664,0.5
8,Ridge,slow,strong_circular,36,1.0,1.1184586271827572,0.8846120054229112,2.052465691067972,2.2679262737755983,0.5416666666666666,0.027777777777777776
8,Ridge,slow,strong_elliptical,36,1.0,1.616981177803792,1.5106844054091715,2.7396541455906016,2.9690994398865316,0.25,0.05555555555555555
8,SVR_noquiet,ID,all,540,1.0,2.2094928569973296,2.1521722034854642,4.062256031636262,4.505804064407335,0.27037037037037037,0.33055555555555555
8,SVR_noquiet,ID,weak,180,1.0,3.217786308903606,3.2629235571169857,4.509156621267527,4.793065931607495,0.019444444444444445,0.6055555555555555
8,SVR_noquiet,ID,medium,180,1.0,2.588640173502414,2.653427208722916,3.9229788891415143,4.373378007657393,0.08611111111111111,0.3861111111111111
8,SVR_noquiet,ID,strong,180,1.0,0.8220520885859688,0.7182579464588656,1.5391926306029844,1.7937986891149018,0.7055555555555556,0.0
8,SVR_noquiet,ID,circular,270,1.0,2.2221369490056304,2.25692786006271,4.2032293140325825,4.575701648086265,0.28888888888888886,0.3333333333333333
8,SVR_noquiet,ID,elliptical,270,1.0,2.196848764989028,2.0970973803394033,3.9968726146357176,4.368591480884545,0.2518518518518518,0.3277777777777778
8,SVR_noquiet,ID,ballistic,270,1.0,2.2212320867837367,2.15961202115379,4.0527004936603195,4.47470174502884,0.2722222222222222,0.3277777777777778
8,SVR_noquiet,ID,diffusive,270,1.0,2.197753627210923,2.1453719362855965,4.062256031636262,4.508230686410616,0.26851851851851855,0.3333333333333333
8,SVR_noquiet,ID,weak_circular,90,1.0,3.2957922202465877,3.28494461039618,4.630875176217387,4.961183115821471,0.011111111111111112,0.6
8,SVR_noquiet,ID,weak_elliptical,90,1.0,3.139780397560623,3.256694695156587,4.420246215132764,4.605623977109851,0.027777777777777776,0.6111111111111112
8,SVR_noquiet,ID,medium_circular,90,1.0,2.643641923662646,2.6959900247806248,3.922978889141514,4.548831342689844,0.08333333333333333,0.4
8,SVR_noquiet,ID,medium_elliptical,90,1.0,2.5336384233421825,2.597898120078505,3.889314564813936,4.282219615548712,0.08888888888888889,0.37222222222222223
8,SVR_noquiet,ID,strong_circular,90,1.0,0.7269767031076587,0.6736468034052197,1.2175668427621031,1.492316632265743,0.7722222222222223,0.0
8,SVR_noquiet,ID,strong_elliptical,90,1.0,0.9171274740642789,0.784870169018383,1.6942920664189813,1.9678859035009624,0.6388888888888888,0.0
8,SVR_noquiet,noise2,all,540,1.0,2.277296099603647,2.3135489617242264,4.087642643342515,4.455994640304408,0.25277777777777777,0.362962962962963
8,SVR_noquiet,noise2,weak,180,1.0,3.2093703196775563,3.3171662701720463,4.45173400190741,4.598567003677291,0.03888888888888889,0.6305555555555555
8,SVR_noquiet,noise2,medium,180,1.0,2.71992892509943,2.775398064977302,4.100782172220791,4.473410972697332,0.058333333333333334,0.4444444444444444
8,SVR_noquiet,noise2,strong,180,1.0,0.9025890540339554,0.7660620656225179,1.614401083965271,2.087126907893404,0.6611111111111111,0.013888888888888888
8,SVR_noquiet,noise2,circular,270,1.0,2.292472115493231,2.2776649535078386,4.164881839443882,4.488281139832434,0.2796296296296296,0.3888888888888889
8,SVR_noquiet,noise2,elliptical,270,1.0,2.2621200837140627,2.323921124932343,4.001473672471421,4.330129293450242,0.22592592592592592,0.337037037037037
8,SVR_noquiet,noise2,ballistic,270,1.0,2.307594432109909,2.386122621999362,4.0590649596022175,4.387541834545592,0.24074074074074073,0.37777777777777777
8,SVR_noquiet,noise2,diffusive,270,1.0,2.2469977670973846,2.2150921611596956,4.0949669793686425,4.474551346271267,0.26481481481481484,0.34814814814814815
8,SVR_noquiet,noise2,weak_circular,90,1.0,3.2610843812376675,3.433415560601616,4.494963993561698,4.590207690306732,0.03888888888888889,0.6666666666666666
8,SVR_noquiet,noise2,weak_elliptical,90,1.0,3.157656258117444,3.2458974235935676,4.254141318291504,4.6255626879360765,0.03888888888888889,0.5944444444444444
8,SVR_noquiet,noise2,medium_circular,90,1.0,2.7836756016750828,2.948273732184309,4.1759584430203684,4.4411692918037495,0.07222222222222222,0.4888888888888889
8,SVR_noquiet,noise2,medium_elliptical,90,1.0,2.656182248523777,2.5967819192155996,3.9989219820155224,4.478167900414291,0.044444444444444446,0.4
8,SVR_noquiet,noise2,strong_circular,90,1.0,0.8326563635669427,0.7114846587325017,1.4662085571127164,1.6937956513032035,0.7277777777777777,0.011111111111111112
8,SVR_noquiet,noise2,strong_elliptical,90,1.0,0.9725217445009681,0.8303509356263672,1.7411738712423734,2.189031220907871,0.5944444444444444,0.016666666666666666
8,SVR_noquiet,slow,all,216,1.0,2.504064964058668,2.5397830867289404,4.257785876139945,4.577681975826798,0.16435185185185186,0.3912037037037037
8,SVR_noquiet,slow,weak,72,1.0,3.3005170362467826,3.451975096604521,4.5564269282032575,4.767321993129522,0.034722222222222224,0.6597222222222222
8,SVR_noquiet,slow,medium,72,1.0,2.825787947748585,2.800998553934373,4.223794767897471,4.5025368938211185,0.034722222222222224,0.4513888888888889
8,SVR_noquiet,slow,strong,72,1.0,1.3858899081806368,1.1380378946131464,2.7009417807041722,3.4049218527327207,0.4236111111111111,0.0625
8,SVR_noquiet,slow,circular,108,1.0,2.4774919155153787,2.5218036999726743,4.301822983283424,4.56840795423112,0.18055555555555555,0.39814814814814814
8,SVR_noquiet,slow,elliptical,108,1.0,2.5306380126019574,2.556097837192366,4.173227181606967,4.61514537023653,0.14814814814814814,0.38425925925925924
8,SVR_noquiet,slow,ballistic,108,1.0,2.2433778864998666,2.323734766942365,4.063275992169643,4.408380696059146,0.25,0.3425925925925926
8,SVR_noquiet,slow,diffusive,108,1.0,2.764752041617469,2.8438707164756254,4.364842504913675,4.677795221986158,0.0787037037037037,0.4398148148148148
8,SVR_noquiet,slow,weak_circular,36,1.0,3.3494620017151124,3.503348626865068,4.565349895583104,4.758621750794419,0.05555555555555555,0.7083333333333334
8,SVR_noquiet,slow,weak_elliptical,36,1.0,3.251572070778453,3.326419986728398,4.397468050083726,4.744296145625584,0.013888888888888888,0.6111111111111112
8,SVR_noquiet,slow,medium_circular,36,1.0,2.849173493909505,2.816055951523351,4.290575075830534,4.541450529487621,0.013888888888888888,0.4444444444444444
8,SVR_noquiet,slow,medium_elliptical,36,1.0,2.802402401587665,2.800998553934373,4.129518066942483,4.364854963828524,0.05555555555555555,0.4583333333333333
8,SVR_noquiet,slow,strong_circular,36,1.0,1.2338402509215183,1.0255170269436737,2.6100777083931854,2.91622693301309,0.4722222222222222,0.041666666666666664
8,SVR_noquiet,slow,strong_elliptical,36,1.0,1.5379395654397554,1.3137121419928253,2.889440743229524,4.055247666540278,0.375,0.08333333333333333
8,CNN_seed41,ID,all,540,1.0,2.2869153278992957,2.256933907429331,4.114384236074784,4.476953965262299,0.225,0.32592592592592595
8,CNN_seed41,ID,weak,180,1.0,3.246348413008319,3.3183900052040927,4.4792993291421235,5.020550116235571,0.03333333333333333,0.6194444444444445
8,CNN_seed41,ID,medium,180,1.0,2.6242084746670367,2.667586642350432,3.976264509785786,4.410615204190262,0.08333333333333333,0.35833333333333334
8,CNN_seed41,ID,strong,180,1.0,0.9901890960225319,0.8898484141256979,1.760063572979159,2.1560200693619973,0.5583333333333333,0.0
8,CNN_seed41,ID,circular,270,1.0,2.294620890149411,2.2626824172621207,4.20898818638867,4.674676608587475,0.25,0.337037037037037
8,CNN_seed41,ID,elliptical,270,1.0,2.2792097656491808,2.2506872936542113,4.02915805119747,4.318148977629292,0.2,0.3148148148148148
8,CNN_seed41,ID,ballistic,270,1.0,2.3145686325578287,2.3173668026711196,4.152949743513191,4.473099881684885,0.21296296296296297,0.3333333333333333
8,CNN_seed41,ID,diffusive,270,1.0,2.259262023240763,2.21159368955741,4.073690015962327,4.481866298016604,0.23703703703703705,0.31851851851851853
8,CNN_seed41,ID,weak_circular,90,1.0,3.372782738814483,3.353198489848876,4.913218453719308,5.2447358677175275,0.016666666666666666,0.6333333333333333
8,CNN_seed41,ID,weak_elliptical,90,1.0,3.1199140872021545,3.2904440556394094,4.302385999381636,4.456632270452593,0.05,0.6055555555555555
8,CNN_seed41,ID,medium_circular,90,1.0,2.6505028938911184,2.748844882327373,3.967218471841471,4.391167309271267,0.08888888888888889,0.37777777777777777
8,CNN_seed41,ID,medium_elliptical,90,1.0,2.597914055442956,2.549981996220903,4.02915805119747,4.502640699820774,0.07777777777777778,0.3388888888888889
8,CNN_seed41,ID,strong_circular,90,1.0,0.8605770377426316,0.727351004839567,1.6368024440909827,1.7852578944654816,0.6444444444444445,0.0
8,CNN_seed41,ID,strong_elliptical,90,1.0,1.119801154302432,1.0361564829529741,2.012312667352212,2.3156272962965954,0.4722222222222222,0.0
8,CNN_seed41,noise2,all,540,1.0,2.3488162641643493,2.3253194482156125,4.028792938854249,4.405534731887117,0.19074074074074074,0.3611111111111111
8,CNN_seed41,noise2,weak,180,1.0,3.1833785298436106,3.3187608087066476,4.327813338900901,4.658685367684173,0.03888888888888889,0.6444444444444445
8,CNN_seed41,noise2,medium,180,1.0,2.7261319108536326,2.7558999798080626,4.04245807426231,4.451001510034759,0.05277777777777778,0.4222222222222222
8,CNN_seed41,noise2,strong,180,1.0,1.1369383517958047,1.023162043276248,2.075702536479992,2.3023701772843594,0.48055555555555557,0.016666666666666666
8,CNN_seed41,noise2,circular,270,1.0,2.335867901395758,2.300614959454835,4.0550240705996705,4.334063554032656,0.21851851851851853,0.37037037037037035
8,CNN_seed41,noise2,elliptical,270,1.0,2.361764626932941,2.4030814883211837,3.9994690578526746,4.407355151109394,0.16296296296296298,0.35185185185185186
8,CNN_seed41,noise2,ballistic,270,1.0,2.4064919010313823,2.4156575986317312,4.055743352331464,4.326360406526773,0.17037037037037037,0.38333333333333336
8,CNN_seed41,noise2,diffusive,270,1.0,2.291140627297316,2.2539610736174556,3.9854278373185505,4.451001510034759,0.2111111111111111,0.3388888888888889
8,CNN_seed41,noise2,weak_circular,90,1.0,3.1742647948295724,3.3336362995149873,4.310190444301536,4.654543257953486,0.044444444444444446,0.6222222222222222
8,CNN_seed41,noise2,weak_elliptical,90,1.0,3.192492264857649,3.3104158127383467,4.356076160869676,4.680197079725794,0.03333333333333333,0.6666666666666666
8,CNN_seed41,noise2,medium_circular,90,1.0,2.7804446824622495,2.903261207086537,4.023181795880008,4.418492574431862,0.06111111111111111,0.48333333333333334
8,CNN_seed41,noise2,medium_elliptical,90,1.0,2.6718191392450157,2.6157555292963233,4.056002750158927,4.456158265208151,0.044444444444444446,0.3611111111111111
8,CNN_seed41,noise2,strong_circular,90,1.0,1.0528942268954518,0.9390542232065301,2.0702048741938577,2.225519474925581,0.55,0.005555555555555556
8,CNN_seed41,noise2,strong_elliptical,90,1.0,1.2209824766961581,1.140436482760002,2.1370938183940957,2.497413253432134,0.4111111111111111,0.027777777777777776
8,CNN_seed41,slow,all,216,1.0,2.3884545641000643,2.4311682338239446,4.107073672933917,4.468731447289802,0.21064814814814814,0.3819444444444444
8,CNN_seed41,slow,weak,72,1.0,3.28678302774532,3.3815125024507156,4.438348908128777,4.637662141598092,0.034722222222222224,0.6875
8,CNN_seed41,slow,medium,72,1.0,2.804797394945245,2.8355895660911568,4.0231538692455056,4.4478205514172044,0.034722222222222224,0.4375
8,CNN_seed41,slow,strong,72,1.0,1.073783269609629,0.9247501746553257,1.6289350372016826,2.133685757291079,0.5625,0.020833333333333332
8,CNN_seed41,slow,circular,108,1.0,2.3565731120188866,2.4047944479363847,4.111409129614227,4.4987593773942365,0.2222222222222222,0.3888888888888889
8,CNN_seed41,slow,elliptical,108,1.0,2.420336016181242,2.4476874096952677,4.077061113520626,4.444880049231467,0.19907407407407407,0.375
8,CNN_seed41,slow,ballistic,108,1.0,2.234855062484208,2.2607709747053177,3.920717383328771,4.429077757235462,0.2361111111111111,0.32407407407407407
8,CNN_seed41,slow,diffusive,108,1.0,2.5420540657159205,2.6904453822235963,4.173934802150753,4.570239515000729,0.18518518518518517,0.4398148148148148
8,CNN_seed41,slow,weak_circular,36,1.0,3.361114248048897,3.4820455249423485,4.500112631702467,4.769080973610691,0.041666666666666664,0.7083333333333334
8,CNN_seed41,slow,weak_elliptical,36,1.0,3.2124518074417425,3.3218672055512792,4.3016529997820445,4.465719500112359,0.027777777777777776,0.6666666666666666
8,CNN_seed41,slow,medium_circular,36,1.0,2.776123438557698,2.9294284152111816,3.9870525649356585,4.285268920026505,0.013888888888888888,0.4444444444444444
8,CNN_seed41,slow,medium_elliptical,36,1.0,2.8334713513327916,2.8135550092692823,4.133326232224297,4.54509106460144,0.05555555555555555,0.4305555555555556
8,CNN_seed41,slow,strong_circular,36,1.0,0.9324816494500653,0.8425670198550766,1.4271597816948858,1.715577697523232,0.6111111111111112,0.013888888888888888
8,CNN_seed41,slow,strong_elliptical,36,1.0,1.2150848897691928,0.9880448979518532,1.9793076768725506,2.216473949096916,0.5138888888888888,0.027777777777777776
8,CNN_seed42,ID,all,540,1.0,2.3547368659168115,2.2282277497198066,4.284647963040358,4.723738959593708,0.2101851851851852,0.34814814814814815
8,CNN_seed42,ID,weak,180,1.0,3.331039632414311,3.3436481232023043,4.729845365830562,5.224938767571093,0.03333333333333333,0.6388888888888888
8,CNN_seed42,ID,medium,180,1.0,2.70608473361859,2.7476544154769917,4.153816328037028,4.678995949972702,0.06666666666666667,0.4
8,CNN_seed42,ID,strong,180,1.0,1.0270862317175327,0.94688035348382,1.7816119781658093,2.085023669454878,0.5305555555555556,0.005555555555555556
8,CNN_seed42,ID,circular,270,1.0,2.3680099553641054,2.3216324321498285,4.335270089497308,4.867337611388528,0.24814814814814815,0.3537037037037037
8,CNN_seed42,ID,elliptical,270,1.0,2.341463776469517,2.187970540355354,4.094008177543305,4.535889886128414,0.17222222222222222,0.3425925925925926
8,CNN_seed42,ID,ballistic,270,1.0,2.3580313089008156,2.258214360871453,4.300685495838244,4.687227675330482,0.21296296296296297,0.35555555555555557
8,CNN_seed42,ID,diffusive,270,1.0,2.3514424229328066,2.2010471746266713,4.232082684857395,4.806879395648568,0.2074074074074074,0.34074074074074073
8,CNN_seed42,ID,weak_circular,90,1.0,3.4705662180382646,3.3462579803763433,5.0498562732953385,5.37396553912959,0.022222222222222223,0.6388888888888888
8,CNN_seed42,ID,weak_elliptical,90,1.0,3.1915130467903574,3.3357507786951723,4.520677595032175,4.781559215236718,0.044444444444444446,0.6388888888888888
8,CNN_seed42,ID,medium_circular,90,1.0,2.7570187599797875,2.81592332978925,4.195638356175592,4.655499515332764,0.05555555555555555,0.4166666666666667
8,CNN_seed42,ID,medium_elliptical,90,1.0,2.655150707257393,2.605843118327625,4.1111942576495,4.678995949972701,0.07777777777777778,0.38333333333333336
8,CNN_seed42,ID,strong_circular,90,1.0,0.8764448880742635,0.786717888815246,1.4688400358507827,1.763188427510614,0.6666666666666666,0.005555555555555556
8,CNN_seed42,ID,strong_elliptical,90,1.0,1.1777275753608016,1.160559049729714,1.9389000442841098,2.169937354747695,0.39444444444444443,0.005555555555555556
8,CNN_seed42,noise2,all,540,1.0,2.3363473095789575,2.348252662695275,4.04285416172526,4.388598348519991,0.2111111111111111,0.3675925925925926
8,CNN_seed42,noise2,weak,180,1.0,3.2147811212418604,3.398269711013157,4.375627735293218,4.679039672704644,0.041666666666666664,0.6611111111111111
8,CNN_seed42,noise2,medium,180,1.0,2.724596510255244,2.8207132862824698,4.084621347837468,4.43795625099374,0.06666666666666667,0.425
8,CNN_seed42,noise2,strong,180,1.0,1.069664297239769,0.9586444324068544,1.9282428863222207,2.4929705783263048,0.525,0.016666666666666666
8,CNN_seed42,noise2,circular,270,1.0,2.327466336538896,2.3519936611166004,4.088116334154297,4.3948849571348205,0.24074074074074073,0.3814814814814815
8,CNN_seed42,noise2,elliptical,270,1.0,2.3452282826190203,2.292117271886813,3.9832420636957075,4.353235573462139,0.1814814814814815,0.3537037037037037
8,CNN_seed42,noise2,ballistic,270,1.0,2.344314078045928,2.4073074216957537,4.052528963219675,4.404022652701694,0.23333333333333334,0.37777777777777777
8,CNN_seed42,noise2,diffusive,270,1.0,2.328380541111987,2.300338438304447,4.035305984706631,4.351585741021797,0.18888888888888888,0.3574074074074074
8,CNN_seed42,noise2,weak_circular,90,1.0,3.273017141061454,3.4624161097669326,4.377982765036953,4.693304221657538,0.027777777777777776,0.6722222222222223
8,CNN_seed42,noise2,weak_elliptical,90,1.0,3.156545101422267,3.2792897354193524,4.333932805352327,4.673633545916938,0.05555555555555555,0.65
8,CNN_seed42,noise2,medium_circular,90,1.0,2.7748844280741456,2.8839567457357704,4.127963679311547,4.475163691478362,0.06666666666666667,0.45555555555555555
8,CNN_seed42,noise2,medium_elliptical,90,1.0,2.674308592436342,2.725965147152588,3.9972230613794815,4.381137036129665,0.06666666666666667,0.39444444444444443
8,CNN_seed42,noise2,strong_circular,90,1.0,0.9344974404810866,0.7912064002655547,1.7558380881260238,2.178910624467654,0.6277777777777778,0.016666666666666666
8,CNN_seed42,noise2,strong_elliptical,90,1.0,1.2048311539984513,1.1238126697816484,1.9783569699831853,2.586581661162939,0.4222222222222222,0.016666666666666666
8,CNN_seed42,slow,all,216,1.0,2.4464474308219613,2.473041940529525,4.301708857383471,4.637180541117293,0.19675925925925927,0.37962962962962965
8,CNN_seed42,slow,weak,72,1.0,3.401178531421408,3.48994534361013,4.572597492574145,5.052438032160044,0.041666666666666664,0.6666666666666666
8,CNN_seed42,slow,medium,72,1.0,2.8275358095693215,2.7732225452301167,4.360234657828803,4.61578598983765,0.041666666666666664,0.4513888888888889
8,CNN_seed42,slow,strong,72,1.0,1.1106279514751531,0.9710225142945905,1.6863697244300342,2.2865397094911666,0.5069444444444444,0.020833333333333332
8,CNN_seed42,slow,circular,108,1.0,2.381334412534164,2.4281493360640765,4.382772385027551,4.673917191851594,0.2638888888888889,0.38425925925925924
8,CNN_seed42,slow,elliptical,108,1.0,2.511560449109758,2.496046258524091,4.233968658801553,4.60691349470585,0.12962962962962962,0.375
8,CNN_seed42,slow,ballistic,108,1.0,2.2670464331347207,2.341585779364221,4.03262868929146,4.549820917464997,0.2361111111111111,0.32407407407407407
8,CNN_seed42,slow,diffusive,108,1.0,2.6258484285092014,2.637548760800149,4.458761329564735,4.791925972077238,0.1574074074074074,0.4351851851851852
8,CNN_seed42,slow,weak_circular,36,1.0,3.4595339196691945,3.551028714797906,4.654878232248999,5.1220351831226605,0.06944444444444445,0.7222222222222222
8,CNN_seed42,slow,weak_elliptical,36,1.0,3.3428231431736224,3.445012774154563,4.4306521895571125,4.830888903963241,0.013888888888888888,0.6111111111111112
8,CNN_seed42,slow,medium_circular,36,1.0,2.7824589146891907,2.7125179604359357,4.36688818923078,4.619237136441936,0.041666666666666664,0.4166666666666667
8,CNN_seed42,slow,medium_elliptical,36,1.0,2.8726127044494523,2.9633517464974495,4.308858205231488,4.609870993083117,0.041666666666666664,0.4861111111111111
8,CNN_seed42,slow,strong_circular,36,1.0,0.9020104032441059,0.8013834430938127,1.4715605392677409,1.7613691350844933,0.6805555555555556,0.013888888888888888
8,CNN_seed42,slow,strong_elliptical,36,1.0,1.3192454997062004,1.209654137424745,1.9102241734126462,2.376577255432653,0.3333333333333333,0.027777777777777776
8,CNN_seed43,ID,all,540,1.0,2.2708965351109174,2.2367516329982484,4.099816026507955,4.517003248116438,0.23333333333333334,0.3351851851851852
8,CNN_seed43,ID,weak,180,1.0,3.256323416745382,3.3630152690555866,4.578612758367357,4.961714679895277,0.03611111111111111,0.6305555555555555
8,CNN_seed43,ID,medium,180,1.0,2.592469684656621,2.638938458063468,3.9533936653238535,4.348334254639146,0.06388888888888888,0.36666666666666664
8,CNN_seed43,ID,strong,180,1.0,0.9638965039307494,0.8425417240377422,1.8043318467334915,2.086829545757508,0.6,0.008333333333333333
8,CNN_seed43,ID,circular,270,1.0,2.293017305576554,2.2681744834595055,4.24123475942065,4.646687734352053,0.2574074074074074,0.34814814814814815
8,CNN_seed43,ID,elliptical,270,1.0,2.2487757646452806,2.209696764324306,4.00524637898718,4.223437577064654,0.20925925925925926,0.32222222222222224
8,CNN_seed43,ID,ballistic,270,1.0,2.265371465834763,2.290077775397137,4.03772873558798,4.391993860026125,0.24074074074074073,0.34814814814814815
8,CNN_seed43,ID,diffusive,270,1.0,2.2764216043870724,2.129996231849251,4.141880690457243,4.56964312641483,0.22592592592592592,0.32222222222222224
8,CNN_seed43,ID,weak_circular,90,1.0,3.353805824280759,3.411979535276253,4.868425570675296,5.129715156457674,0.027777777777777776,0.6444444444444445
8,CNN_seed43,ID,weak_elliptical,90,1.0,3.158841009210005,3.3434774872202384,4.212385181667428,4.466116407323974,0.044444444444444446,0.6166666666666667
8,CNN_seed43,ID,medium_circular,90,1.0,2.6746778189575124,2.7824123053714107,3.9467834798703176,4.243033540703104,0.05,0.4
8,CNN_seed43,ID,medium_elliptical,90,1.0,2.510261550355729,2.465627367308045,4.00919232892035,4.358685280751461,0.07777777777777778,0.3333333333333333
8,CNN_seed43,ID,strong_circular,90,1.0,0.8505682734913903,0.7779535796794341,1.5340118688093456,1.782959439926672,0.6944444444444444,0.0
8,CNN_seed43,ID,strong_elliptical,90,1.0,1.0772247343701085,0.973599189249085,1.9483684484234827,2.2155962788153705,0.5055555555555555,0.016666666666666666
8,CNN_seed43,noise2,all,540,1.0,2.328974992776855,2.356328172224286,4.013688770537347,4.338453670195689,0.21666666666666667,0.35833333333333334
8,CNN_seed43,noise2,weak,180,1.0,3.1907324872084564,3.3148962381420466,4.327677557304962,4.561827420030435,0.03611111111111111,0.6277777777777778
8,CNN_seed43,noise2,medium,180,1.0,2.7321977244827944,2.813344913132844,4.000977509298755,4.351284114043849,0.06944444444444445,0.42777777777777776
8,CNN_seed43,noise2,strong,180,1.0,1.0639947666393157,0.9108919072845049,2.003371985137492,2.292550500342598,0.5444444444444444,0.019444444444444445
8,CNN_seed43,noise2,circular,270,1.0,2.335230339224339,2.389774483591371,4.044807359477541,4.371614867950148,0.2351851851851852,0.362962962962963
8,CNN_seed43,noise2,elliptical,270,1.0,2.322719646329371,2.353808561344751,3.951056549866695,4.321220595848536,0.19814814814814816,0.3537037037037037
8,CNN_seed43,noise2,ballistic,270,1.0,2.353552241327378,2.433133112290431,4.017557552937778,4.331785125644486,0.22407407407407406,0.37037037037037035
8,CNN_seed43,noise2,diffusive,270,1.0,2.3043977442263333,2.3200869084197118,4.001892804423842,4.338977872093259,0.20925925925925926,0.34629629629629627
8,CNN_seed43,noise2,weak_circular,90,1.0,3.2212129398390377,3.385539839399078,4.373657638904443,4.588628362925883,0.03333333333333333,0.6166666666666667
8,CNN_seed43,noise2,weak_elliptical,90,1.0,3.1602520345778746,3.2630647996257114,4.273835436992969,4.5093684658992075,0.03888888888888889,0.6388888888888888
8,CNN_seed43,noise2,medium_circular,90,1.0,2.797236576217722,2.886192586824421,3.98925699528263,4.359827207196905,0.06111111111111111,0.4666666666666667
8,CNN_seed43,noise2,medium_elliptical,90,1.0,2.667158872747867,2.8033175140849185,4.005451114411571,4.34801144837738,0.07777777777777778,0.3888888888888889
8,CNN_seed43,noise2,strong_circular,90,1.0,0.9872415016162593,0.8625754843562203,2.0055713525406786,2.1882447347952523,0.6111111111111112,0.005555555555555556
8,CNN_seed43,noise2,strong_elliptical,90,1.0,1.140748031662372,1.0416492211638415,1.9859949828581094,2.6006116561799937,0.4777777777777778,0.03333333333333333
8,CNN_seed43,slow,all,216,1.0,2.4543052688728215,2.4829314823330115,4.210203196632068,4.498005058657792,0.1712962962962963,0.3611111111111111
8,CNN_seed43,slow,weak,72,1.0,3.2813583817176286,3.3500962982893956,4.494928354408383,4.698587700537171,0.04861111111111111,0.6319444444444444
8,CNN_seed43,slow,medium,72,1.0,2.802852462707931,2.783204819938515,4.055099680068604,4.433662522775232,0.034722222222222224,0.4236111111111111
8,CNN_seed43,slow,strong,72,1.0,1.2787049621929052,1.1094229640221858,2.3877950942279824,2.9372618798991903,0.4305555555555556,0.027777777777777776
8,CNN_seed43,slow,circular,108,1.0,2.398689615701888,2.4599614398948892,4.202762071940397,4.497956989919358,0.19907407407407407,0.35185185185185186
8,CNN_seed43,slow,elliptical,108,1.0,2.509920922043755,2.491319971091901,4.130712162920581,4.50142396737223,0.14351851851851852,0.37037037037037035
8,CNN_seed43,slow,ballistic,108,1.0,2.253992603434498,2.279079188347359,3.940463606275898,4.333312908060867,0.22685185185185186,0.3101851851851852
8,CNN_seed43,slow,diffusive,108,1.0,2.6546179343111445,2.6628487253373105,4.421111924950061,4.6642489073919,0.11574074074074074,0.41203703703703703
8,CNN_seed43,slow,weak_circular,36,1.0,3.3005009553684865,3.414196426991354,4.49663199927273,4.734576990170616,0.05555555555555555,0.625
8,CNN_seed43,slow,weak_elliptical,36,1.0,3.26221580806677,3.345769266975757,4.488013673221005,4.654448719709088,0.041666666666666664,0.6388888888888888
8,CNN_seed43,slow,medium_circular,36,1.0,2.840908853648133,2.783204819938515,4.209369707845716,4.523654380405863,0.0,0.4166666666666667
8,CNN_seed43,slow,medium_elliptical,36,1.0,2.7647960717677287,2.788711207384311,4.019378168414995,4.417796722329077,0.06944444444444445,0.4305555555555556
8,CNN_seed43,slow,strong_circular,36,1.0,1.0546590380890442,0.9611306868854459,1.9145616087510597,2.9222146420349397,0.5416666666666666,0.013888888888888888
8,CNN_seed43,slow,strong_elliptical,36,1.0,1.5027508862967665,1.356385642868719,2.484540811270487,2.825636572899446,0.3194444444444444,0.041666666666666664
8,CNN,ID,all,540,1.0,2.261227714940571,2.2510347420274033,4.051082034847005,4.546216241413676,0.2490740740740741,0.3435185185185185
8,CNN,ID,weak,180,1.0,3.25894533344892,3.3348387312563306,4.562342756346571,4.929304478077839,0.03333333333333333,0.6472222222222223
8,CNN,ID,medium,180,1.0,2.6193191273567114,2.6706007177900064,3.9746334257809792,4.408219458503406,0.07777777777777778,0.38333333333333336
8,CNN,ID,strong,180,1.0,0.9054186840160812,0.8116723739737255,1.6814706868136746,1.9171084159826997,0.6361111111111111,0.0
8,CNN,ID,circular,270,1.0,2.272602320639694,2.3318545571642124,4.242309124536804,4.736102436651936,0.2796296296296296,0.3574074074074074
8,CNN,ID,elliptical,270,1.0,2.2498531092414473,2.1711630660109806,3.9746975892606082,4.3028239732387235,0.21851851851851853,0.3296296296296296
8,CNN,ID,ballistic,270,1.0,2.269483229289962,2.311012433230119,4.029485515045673,4.418737629772866,0.24814814814814815,0.34444444444444444
8,CNN,ID,diffusive,270,1.0,2.25297220059118,2.2006849788319434,4.063162415906337,4.5901597103099565,0.25,0.3425925925925926
8,CNN,ID,weak_circular,90,1.0,3.3834720123112803,3.3433890020977506,4.855976178500585,5.162309169626905,0.016666666666666666,0.6555555555555556
8,CNN,ID,weak_elliptical,90,1.0,3.134418654586559,3.3156950511999748,4.2827807172903665,4.546216241413676,0.05,0.6388888888888888
8,CNN,ID,medium_circular,90,1.0,2.674303875045577,2.7434352022726665,3.8466129979079016,4.403628210908179,0.07777777777777778,0.4166666666666667
8,CNN,ID,medium_elliptical,90,1.0,2.564334379667846,2.5122973773295816,4.0131296743562075,4.416763045612241,0.07777777777777778,0.35
8,CNN,ID,strong_circular,90,1.0,0.7600310745622251,0.6481162543803332,1.3571923455236672,1.6526351270485462,0.7444444444444445,0.0
8,CNN,ID,strong_elliptical,90,1.0,1.0508062934699371,0.9742072634282279,1.789117076087662,2.048042700024994,0.5277777777777778,0.0
8,CNN,noise2,all,540,1.0,2.298230045367202,2.414798754120083,4.006273988786894,4.303428222010852,0.225,0.36018518518518516
8,CNN,noise2,weak,180,1.0,3.1858051816204056,3.3290928477241533,4.2964084315926225,4.595830289687641,0.03888888888888889,0.6416666666666667
8,CNN,noise2,medium,180,1.0,2.716434951546915,2.806674314573706,3.979450421630454,4.34263504150241,0.06111111111111111,0.4166666666666667
8,CNN,noise2,strong,180,1.0,0.9924500029342863,0.8400948810692743,1.8707587531228664,2.32844337362507,0.575,0.022222222222222223
8,CNN,noise2,circular,270,1.0,2.290075835170954,2.4243765083959774,4.023252052449433,4.359506975353177,0.24444444444444444,0.36666666666666664
8,CNN,noise2,elliptical,270,1.0,2.3063842555634504,2.413371448531681,3.9795638189654667,4.268702308675786,0.20555555555555555,0.3537037037037037
8,CNN,noise2,ballistic,270,1.0,2.329684269533438,2.4289885220237117,4.011249881442591,4.270556731415866,0.23148148148148148,0.3814814814814815
8,CNN,noise2,diffusive,270,1.0,2.2667758212009663,2.321208857885599,3.981144620562647,4.359506975353177,0.21851851851851853,0.3388888888888889
8,CNN,noise2,weak_circular,90,1.0,3.211756656449658,3.377920570968266,4.3517291141215795,4.561839582685271,0.03333333333333333,0.6444444444444445
8,CNN,noise2,weak_elliptical,90,1.0,3.159853706791153,3.3137809367654136,4.253000072153172,4.608657819445688,0.044444444444444446,0.6388888888888888
8,CNN,noise2,medium_circular,90,1.0,2.7735380219738888,2.8908953468332212,3.979450421630454,4.3807905568526655,0.05,0.4444444444444444
8,CNN,noise2,medium_elliptical,90,1.0,2.6593318811199413,2.736149421476731,3.9804024117507013,4.282278639758555,0.07222222222222222,0.3888888888888889
8,CNN,noise2,strong_circular,90,1.0,0.8849328270893154,0.6558999181556415,1.847894008185013,2.2174415332914053,0.65,0.011111111111111112
8,CNN,noise2,strong_elliptical,90,1.0,1.0999671787792573,0.9988848234207743,1.922441252780426,2.485251949757859,0.5,0.03333333333333333
8,CNN,slow,all,216,1.0,2.3778969548151867,2.497958848336281,4.160798091550723,4.4633397769689305,0.20601851851851852,0.37037037037037035
8,CNN,slow,weak,72,1.0,3.303012116861332,3.350146524213721,4.410780615866529,4.586362525883073,0.041666666666666664,0.6736111111111112
8,CNN,slow,medium,72,1.0,2.789473846399444,2.7645208632519633,4.133515723897204,4.429046457732314,0.034722222222222224,0.4166666666666667
8,CNN,slow,strong,72,1.0,1.0412049011847846,0.9674146601395712,1.7133545988224264,1.854757041594761,0.5416666666666666,0.020833333333333332
8,CNN,slow,circular,108,1.0,2.3200949562738673,2.4622976192781567,4.212743821099949,4.467918388624643,0.25,0.375
8,CNN,slow,elliptical,108,1.0,2.4356989533565065,2.531978971639493,4.103836013688401,4.2896064757892685,0.16203703703703703,0.36574074074074076
8,CNN,slow,ballistic,108,1.0,2.200362430381411,2.266557829315334,3.9424592095367954,4.30373160723844,0.24074074074074073,0.3101851851851852
8,CNN,slow,diffusive,108,1.0,2.5554314792489627,2.7232465658057206,4.2470142657879055,4.484848747612221,0.1712962962962963,0.4305555555555556
8,CNN,slow,weak_circular,36,1.0,3.3526815744673986,3.3705934962660553,4.469725571507398,4.592790985847768,0.05555555555555555,0.7083333333333334
8,CNN,slow,weak_elliptical,36,1.0,3.253342659255265,3.2765354297543556,4.2427778266347715,4.513073699704076,0.027777777777777776,0.6388888888888888
8,CNN,slow,medium_circular,36,1.0,2.7822932008755683,2.6679104248328196,4.140293731018817,4.445009986013497,0.027777777777777776,0.4027777777777778
8,CNN,slow,medium_elliptical,36,1.0,2.79665449192332,2.8613176947529744,4.096301312040998,4.232696626436424,0.041666666666666664,0.4305555555555556
8,CNN,slow,strong_circular,36,1.0,0.8253100934786347,0.7230229072929011,1.3974460880438444,1.5920621675117337,0.6666666666666666,0.013888888888888888
8,CNN,slow,strong_elliptical,36,1.0,1.2570997088909341,1.09366283735226,1.7735255046646035,1.8735339019894486,0.4166666666666667,0.027777777777777776
8,REI_full,ID,all,540,1.0,2.605586935545706,2.7754465713764924,3.9823331391418892,4.31830086741708,0.08888888888888889,0.4185185185185185
8,REI_full,ID,weak,180,1.0,3.1857887632742257,3.2829707016863265,4.347178526819852,4.531132776571827,0.05,0.6583333333333333
8,REI_full,ID,medium,180,1.0,2.951697115756028,3.1472690673697423,4.020061026991501,4.309907695129684,0.041666666666666664,0.5472222222222223
8,REI_full,ID,strong,180,1.0,1.6792749276068644,1.6604930309985484,2.738099242776787,2.991788651611026,0.175,0.05
8,REI_full,ID,circular,270,1.0,2.656234574449398,2.734736406702561,4.106692790246044,4.394829448477739,0.07222222222222222,0.42407407407407405
8,REI_full,ID,elliptical,270,1.0,2.554939296642014,2.787455360415854,3.8678329460234844,4.231802046924861,0.10555555555555556,0.412962962962963
8,REI_full,ID,ballistic,270,1.0,2.624920208267662,2.8029868103076985,3.987624415449468,4.363652878809496,0.09259259259259259,0.42962962962962964
8,REI_full,ID,diffusive,270,1.0,2.58625366282375,2.687676321552046,3.97408804701792,4.304506642800782,0.08518518518518518,0.4074074074074074
8,REI_full,ID,weak_circular,90,1.0,3.2660455792974705,3.2619319430004996,4.417932879591055,4.588357934600479,0.03333333333333333,0.6666666666666666
8,REI_full,ID,weak_elliptical,90,1.0,3.10553194725098,3.3035883239526536,4.047173527077472,4.405818810429242,0.06666666666666667,0.65
8,REI_full,ID,medium_circular,90,1.0,3.013194906602933,3.2695157824070944,4.032431736325309,4.25405449820678,0.022222222222222223,0.5777777777777777
8,REI_full,ID,medium_elliptical,90,1.0,2.890199324909123,3.047087003811968,4.011138422385279,4.320361190745688,0.06111111111111111,0.5166666666666667
8,REI_full,ID,strong_circular,90,1.0,1.6894632374477891,1.6815173209999563,2.716366243214613,2.892672758981373,0.16111111111111112,0.027777777777777776
8,REI_full,ID,strong_elliptical,90,1.0,1.6690866177659396,1.6398454692325917,2.7877150336910823,3.1275464177287366,0.18888888888888888,0.07222222222222222
8,REI_full,noise2,all,540,1.0,2.635326986926519,2.820064261665962,4.04079340836519,4.321778763117513,0.08703703703703704,0.42592592592592593
8,REI_full,noise2,weak,180,1.0,3.181355547033872,3.291028405141562,4.286083838324906,4.409831983902148,0.03611111111111111,0.6555555555555556
8,REI_full,noise2,medium,180,1.0,2.9876163774274853,3.154555903164578,4.166790108254198,4.384256643799698,0.05277777777777778,0.5583333333333333
8,REI_full,noise2,strong,180,1.0,1.7370090363181987,1.7342326311642768,2.8215006834790124,3.081265582683344,0.17222222222222222,0.06388888888888888
8,REI_full,noise2,circular,270,1.0,2.6795813040161764,2.850087927609499,4.077844995695829,4.318104634464322,0.07037037037037037,0.42962962962962964
8,REI_full,noise2,elliptical,270,1.0,2.5910726698368602,2.755403498803135,3.974971846626193,4.327515006186531,0.1037037037037037,0.4222222222222222
8,REI_full,noise2,ballistic,270,1.0,2.6579028656570887,2.8628384494372625,4.066588488223531,4.321859706296429,0.09074074074074075,0.43703703703703706
8,REI_full,noise2,diffusive,270,1.0,2.6127511081959485,2.7628966516067583,4.025968464303875,4.318296740579021,0.08333333333333333,0.4148148148148148
8,REI_full,noise2,weak_circular,90,1.0,3.242442789071272,3.308045144425832,4.3258541367774646,4.404035570729151,0.022222222222222223,0.6722222222222223
8,REI_full,noise2,weak_elliptical,90,1.0,3.1202683049964715,3.2506179832493274,4.11317674446196,4.411223227692254,0.05,0.6388888888888888
8,REI_full,noise2,medium_circular,90,1.0,3.0356730226557307,3.2662325588472823,4.068973633617774,4.265127747459432,0.03333333333333333,0.5722222222222222
8,REI_full,noise2,medium_elliptical,90,1.0,2.9395597321992404,3.102785157169304,4.22171757209254,4.44465373515747,0.07222222222222222,0.5444444444444444
8,REI_full,noise2,strong_circular,90,1.0,1.7606281003215278,1.7364101724305339,2.8304199951523388,2.966975502262444,0.15555555555555556,0.044444444444444446
8,REI_full,noise2,strong_elliptical,90,1.0,1.71338997231487,1.724825239304089,2.7013252168603232,3.2633522632564196,0.18888888888888888,0.08333333333333333
8,REI_full,slow,all,216,1.0,2.5337019431321077,2.8200253771044785,3.9761484871988895,4.206046144882184,0.16666666666666666,0.4351851851851852
8,REI_full,slow,weak,72,1.0,3.215293845639323,3.381717638325001,4.188865721268924,4.4516939211537405,0.034722222222222224,0.6736111111111112
8,REI_full,slow,medium,72,1.0,3.0077567203840263,3.187747787419692,4.006781503738795,4.235197126655664,0.034722222222222224,0.5763888888888888
8,REI_full,slow,strong,72,1.0,1.3780552633729755,1.1857941944813581,2.5830571026966047,3.0137449135197922,0.4305555555555556,0.05555555555555555
8,REI_full,slow,circular,108,1.0,2.5835918729128733,2.8666425353800804,3.9733382417706355,4.234761024855317,0.1574074074074074,0.4305555555555556
8,REI_full,slow,elliptical,108,1.0,2.4838120133513435,2.7449220285524327,3.973985816181359,4.204538150085401,0.17592592592592593,0.4398148148148148
8,REI_full,slow,ballistic,108,1.0,2.5980573246287437,2.8528234586357755,3.9233786795180157,4.188506135821106,0.09722222222222222,0.4212962962962963
8,REI_full,slow,diffusive,108,1.0,2.469346561635473,2.7142717229935602,4.005845303856074,4.372586369215805,0.2361111111111111,0.44907407407407407
8,REI_full,slow,weak_circular,36,1.0,3.272902087570068,3.4609811529391674,4.3487848727731,4.66432153249354,0.06944444444444445,0.6944444444444444
8,REI_full,slow,weak_elliptical,36,1.0,3.157685603708578,3.230026869483468,4.107841899626657,4.195269729757286,0.0,0.6527777777777778
8,REI_full,slow,medium_circular,36,1.0,3.0175907491917773,3.1355527329606545,3.960838342380349,4.064884634159307,0.0,0.5277777777777778
8,REI_full,slow,medium_elliptical,36,1.0,2.9979226915762758,3.1971098206841253,4.1007083544553815,4.25079507774996,0.06944444444444445,0.625
8,REI_full,slow,strong_circular,36,1.0,1.4602827819767745,1.5136025710761822,2.608395607279773,3.1166135547313747,0.4027777777777778,0.06944444444444445
8,REI_full,slow,strong_elliptical,36,1.0,1.2958277447691762,1.070312243547785,2.196620698513162,2.8141656315021213,0.4583333333333333,0.041666666666666664
8,REI_1024,ID,all,540,1.0,2.7788581224378825,2.8486093586839134,4.179535303006133,4.56405711551584,0.07314814814814814,0.46574074074074073
8,REI_1024,ID,weak,180,1.0,3.2253294631767244,3.306446910063202,4.4543977938672565,4.759142295489762,0.044444444444444446,0.6694444444444444
8,REI_1024,ID,medium,180,1.0,3.093465820107278,3.2595905211033136,4.346587699511005,4.686349018006143,0.05277777777777778,0.6027777777777777
8,REI_1024,ID,strong,180,1.0,2.017779084029645,1.986258850155881,3.1202625687685233,3.554747624366493,0.12222222222222222,0.125
8,REI_1024,ID,circular,270,1.0,2.8419011342773848,2.8837906633365695,4.227622862717709,4.637007967717534,0.06296296296296296,0.4703703703703704
8,REI_1024,ID,elliptical,270,1.0,2.7158151105983803,2.8216681199848006,4.145774778996107,4.495326940987078,0.08333333333333333,0.46111111111111114
8,REI_1024,ID,ballistic,270,1.0,2.7640497180567394,2.8871759425513774,4.152682968274996,4.514372747175444,0.07777777777777778,0.4666666666666667
8,REI_1024,ID,diffusive,270,1.0,2.7936665268190257,2.8229167557945747,4.2475043375133525,4.617312099516352,0.06851851851851852,0.4648148148148148
8,REI_1024,ID,weak_circular,90,1.0,3.3112106327774047,3.3504951336650697,4.601841171350633,4.845476675981084,0.03333333333333333,0.6833333333333333
8,REI_1024,ID,weak_elliptical,90,1.0,3.139448293576044,3.2756955461292394,4.197375085697664,4.712216280693161,0.05555555555555555,0.6555555555555556
8,REI_1024,ID,medium_circular,90,1.0,3.1546124809103717,3.304142758788063,4.27046986354383,4.71708257476563,0.03888888888888889,0.6222222222222222
8,REI_1024,ID,medium_elliptical,90,1.0,3.0323191593041847,3.219027486191714,4.427547145542192,4.635046885597904,0.06666666666666667,0.5833333333333334
8,REI_1024,ID,strong_circular,90,1.0,2.059880289144378,2.1277395304432685,3.0119399485972096,3.446709690338418,0.11666666666666667,0.10555555555555556
8,REI_1024,ID,strong_elliptical,90,1.0,1.975677878914912,1.9210309219294903,3.131895235440637,3.903257823608851,0.12777777777777777,0.14444444444444443
8,REI_1024,noise2,all,540,1.0,2.78884841463136,2.850763168341868,4.2097684920016825,4.487603499826688,0.06666666666666667,0.46296296296296297
8,REI_1024,noise2,weak,180,1.0,3.199306657358324,3.2918280047721673,4.350220996637062,4.5867311467446985,0.03888888888888889,0.6583333333333333
8,REI_1024,noise2,medium,180,1.0,3.1059965312785436,3.211813699992761,4.385162446060915,4.61804867267596,0.044444444444444446,0.5861111111111111
8,REI_1024,noise2,strong,180,1.0,2.061242055257212,2.0023551126374555,3.2470197041980082,3.5561549854892065,0.11666666666666667,0.14444444444444443
8,REI_1024,noise2,circular,270,1.0,2.8192636093885306,2.8630763557872676,4.242501524190741,4.510970858514704,0.05555555555555555,0.4648148148148148
8,REI_1024,noise2,elliptical,270,1.0,2.758433219874189,2.831402229126608,4.170990432142052,4.460653995031387,0.07777777777777778,0.46111111111111114
8,REI_1024,noise2,ballistic,270,1.0,2.762885943539001,2.838644709368261,4.1515318068238605,4.505108249150075,0.07222222222222222,0.45555555555555555
8,REI_1024,noise2,diffusive,270,1.0,2.8148108857237193,2.8642889797188613,4.24991196231258,4.452720260704615,0.06111111111111111,0.4703703703703704
8,REI_1024,noise2,weak_circular,90,1.0,3.231697465467734,3.3046635033976663,4.3959290367443,4.666663142015877,0.022222222222222223,0.6611111111111111
8,REI_1024,noise2,weak_elliptical,90,1.0,3.166915849248914,3.2813284422236775,4.268971976498572,4.486191773810381,0.05555555555555555,0.6555555555555556
8,REI_1024,noise2,medium_circular,90,1.0,3.1398201310278187,3.2922765134096865,4.375562671196297,4.523049938541019,0.027777777777777776,0.5944444444444444
8,REI_1024,noise2,medium_elliptical,90,1.0,3.0721729315292685,3.1828318518143024,4.389011985423582,4.645806504386654,0.06111111111111111,0.5777777777777777
8,REI_1024,noise2,strong_circular,90,1.0,2.0862732316700408,2.0592440173616278,3.198174647382401,3.4398035975438597,0.11666666666666667,0.1388888888888889
8,REI_1024,noise2,strong_elliptical,90,1.0,2.036210878844384,1.9691401043187922,3.291941396566474,3.9447403336750906,0.11666666666666667,0.15
8,REI_1024,slow,all,216,1.0,2.66109452758488,2.829868505129479,4.108738184644333,4.578404936209165,0.125,0.44212962962962965
8,REI_1024,slow,weak,72,1.0,3.2571775980943785,3.359001494861899,4.352499157527103,4.6498557437796055,0.013888888888888888,0.6527777777777778
8,REI_1024,slow,medium,72,1.0,3.1126019571093266,3.2888194031524858,4.279888009177203,4.63060339806684,0.027777777777777776,0.5833333333333334
8,REI_1024,slow,strong,72,1.0,1.613504027550934,1.3568399416310415,2.9150106543904215,3.279458446860282,0.3333333333333333,0.09027777777777778
8,REI_1024,slow,circular,108,1.0,2.7284379354131736,2.857294486417066,4.288420803350347,4.641396904171581,0.12962962962962962,0.46296296296296297
8,REI_1024,slow,elliptical,108,1.0,2.5937511197565866,2.8000178842422936,4.017622148193714,4.3434666287728465,0.12037037037037036,0.4212962962962963
8,REI_1024,slow,ballistic,108,1.0,2.7730521998106803,2.857294486417066,4.056889253640266,4.505193502515924,0.06481481481481481,0.44907407407407407
8,REI_1024,slow,diffusive,108,1.0,2.54913685535908,2.781721730559669,4.287611789859879,4.591929529647353,0.18518518518518517,0.4351851851851852
8,REI_1024,slow,weak_circular,36,1.0,3.336555321491365,3.4034944615785125,4.582728783849964,4.833516807163253,0.027777777777777776,0.6666666666666666
8,REI_1024,slow,weak_elliptical,36,1.0,3.177799874697392,3.2432034067398483,4.062483400151127,4.412938925709881,0.0,0.6388888888888888
8,REI_1024,slow,medium_circular,36,1.0,3.1494040860740387,3.275918614063788,4.339896811086372,4.6048208191205156,0.0,0.5972222222222222
8,REI_1024,slow,medium_elliptical,36,1.0,3.0757998281446146,3.3884256377280497,4.068698034008656,4.546720214526317,0.05555555555555555,0.5694444444444444
8,REI_1024,slow,strong_circular,36,1.0,1.699354398674116,1.522365988617533,3.1796840940163213,3.536454516683064,0.3611111111111111,0.125
8,REI_1024,slow,strong_elliptical,36,1.0,1.5276536564277523,1.3207306736058642,2.63049082074943,3.05318612456325,0.3055555555555556,0.05555555555555555
8,REI_valK,ID,all,540,1.0,2.605586935545706,2.7754465713764924,3.9823331391418892,4.31830086741708,0.08888888888888889,0.4185185185185185
8,REI_valK,ID,weak,180,1.0,3.1857887632742257,3.2829707016863265,4.347178526819852,4.531132776571827,0.05,0.6583333333333333
8,REI_valK,ID,medium,180,1.0,2.951697115756028,3.1472690673697423,4.020061026991501,4.309907695129684,0.041666666666666664,0.5472222222222223
8,REI_valK,ID,strong,180,1.0,1.6792749276068644,1.6604930309985484,2.738099242776787,2.991788651611026,0.175,0.05
8,REI_valK,ID,circular,270,1.0,2.656234574449398,2.734736406702561,4.106692790246044,4.394829448477739,0.07222222222222222,0.42407407407407405
8,REI_valK,ID,elliptical,270,1.0,2.554939296642014,2.787455360415854,3.8678329460234844,4.231802046924861,0.10555555555555556,0.412962962962963
8,REI_valK,ID,ballistic,270,1.0,2.624920208267662,2.8029868103076985,3.987624415449468,4.363652878809496,0.09259259259259259,0.42962962962962964
8,REI_valK,ID,diffusive,270,1.0,2.58625366282375,2.687676321552046,3.97408804701792,4.304506642800782,0.08518518518518518,0.4074074074074074
8,REI_valK,ID,weak_circular,90,1.0,3.2660455792974705,3.2619319430004996,4.417932879591055,4.588357934600479,0.03333333333333333,0.6666666666666666
8,REI_valK,ID,weak_elliptical,90,1.0,3.10553194725098,3.3035883239526536,4.047173527077472,4.405818810429242,0.06666666666666667,0.65
8,REI_valK,ID,medium_circular,90,1.0,3.013194906602933,3.2695157824070944,4.032431736325309,4.25405449820678,0.022222222222222223,0.5777777777777777
8,REI_valK,ID,medium_elliptical,90,1.0,2.890199324909123,3.047087003811968,4.011138422385279,4.320361190745688,0.06111111111111111,0.5166666666666667
8,REI_valK,ID,strong_circular,90,1.0,1.6894632374477891,1.6815173209999563,2.716366243214613,2.892672758981373,0.16111111111111112,0.027777777777777776
8,REI_valK,ID,strong_elliptical,90,1.0,1.6690866177659396,1.6398454692325917,2.7877150336910823,3.1275464177287366,0.18888888888888888,0.07222222222222222
8,REI_valK,noise2,all,540,1.0,2.635326986926519,2.820064261665962,4.04079340836519,4.321778763117513,0.08703703703703704,0.42592592592592593
8,REI_valK,noise2,weak,180,1.0,3.181355547033872,3.291028405141562,4.286083838324906,4.409831983902148,0.03611111111111111,0.6555555555555556
8,REI_valK,noise2,medium,180,1.0,2.9876163774274853,3.154555903164578,4.166790108254198,4.384256643799698,0.05277777777777778,0.5583333333333333
8,REI_valK,noise2,strong,180,1.0,1.7370090363181987,1.7342326311642768,2.8215006834790124,3.081265582683344,0.17222222222222222,0.06388888888888888
8,REI_valK,noise2,circular,270,1.0,2.6795813040161764,2.850087927609499,4.077844995695829,4.318104634464322,0.07037037037037037,0.42962962962962964
8,REI_valK,noise2,elliptical,270,1.0,2.5910726698368602,2.755403498803135,3.974971846626193,4.327515006186531,0.1037037037037037,0.4222222222222222
8,REI_valK,noise2,ballistic,270,1.0,2.6579028656570887,2.8628384494372625,4.066588488223531,4.321859706296429,0.09074074074074075,0.43703703703703706
8,REI_valK,noise2,diffusive,270,1.0,2.6127511081959485,2.7628966516067583,4.025968464303875,4.318296740579021,0.08333333333333333,0.4148148148148148
8,REI_valK,noise2,weak_circular,90,1.0,3.242442789071272,3.308045144425832,4.3258541367774646,4.404035570729151,0.022222222222222223,0.6722222222222223
8,REI_valK,noise2,weak_elliptical,90,1.0,3.1202683049964715,3.2506179832493274,4.11317674446196,4.411223227692254,0.05,0.6388888888888888
8,REI_valK,noise2,medium_circular,90,1.0,3.0356730226557307,3.2662325588472823,4.068973633617774,4.265127747459432,0.03333333333333333,0.5722222222222222
8,REI_valK,noise2,medium_elliptical,90,1.0,2.9395597321992404,3.102785157169304,4.22171757209254,4.44465373515747,0.07222222222222222,0.5444444444444444
8,REI_valK,noise2,strong_circular,90,1.0,1.7606281003215278,1.7364101724305339,2.8304199951523388,2.966975502262444,0.15555555555555556,0.044444444444444446
8,REI_valK,noise2,strong_elliptical,90,1.0,1.71338997231487,1.724825239304089,2.7013252168603232,3.2633522632564196,0.18888888888888888,0.08333333333333333
8,REI_valK,slow,all,216,1.0,2.5337019431321077,2.8200253771044785,3.9761484871988895,4.206046144882184,0.16666666666666666,0.4351851851851852
8,REI_valK,slow,weak,72,1.0,3.215293845639323,3.381717638325001,4.188865721268924,4.4516939211537405,0.034722222222222224,0.6736111111111112
8,REI_valK,slow,medium,72,1.0,3.0077567203840263,3.187747787419692,4.006781503738795,4.235197126655664,0.034722222222222224,0.5763888888888888
8,REI_valK,slow,strong,72,1.0,1.3780552633729755,1.1857941944813581,2.5830571026966047,3.0137449135197922,0.4305555555555556,0.05555555555555555
8,REI_valK,slow,circular,108,1.0,2.5835918729128733,2.8666425353800804,3.9733382417706355,4.234761024855317,0.1574074074074074,0.4305555555555556
8,REI_valK,slow,elliptical,108,1.0,2.4838120133513435,2.7449220285524327,3.973985816181359,4.204538150085401,0.17592592592592593,0.4398148148148148
8,REI_valK,slow,ballistic,108,1.0,2.5980573246287437,2.8528234586357755,3.9233786795180157,4.188506135821106,0.09722222222222222,0.4212962962962963
8,REI_valK,slow,diffusive,108,1.0,2.469346561635473,2.7142717229935602,4.005845303856074,4.372586369215805,0.2361111111111111,0.44907407407407407
8,REI_valK,slow,weak_circular,36,1.0,3.272902087570068,3.4609811529391674,4.3487848727731,4.66432153249354,0.06944444444444445,0.6944444444444444
8,REI_valK,slow,weak_elliptical,36,1.0,3.157685603708578,3.230026869483468,4.107841899626657,4.195269729757286,0.0,0.6527777777777778
8,REI_valK,slow,medium_circular,36,1.0,3.0175907491917773,3.1355527329606545,3.960838342380349,4.064884634159307,0.0,0.5277777777777778
8,REI_valK,slow,medium_elliptical,36,1.0,2.9979226915762758,3.1971098206841253,4.1007083544553815,4.25079507774996,0.06944444444444445,0.625
8,REI_valK,slow,strong_circular,36,1.0,1.4602827819767745,1.5136025710761822,2.608395607279773,3.1166135547313747,0.4027777777777778,0.06944444444444445
8,REI_valK,slow,strong_elliptical,36,1.0,1.2958277447691762,1.070312243547785,2.196620698513162,2.8141656315021213,0.4583333333333333,0.041666666666666664
8,Prior,ID,all,540,1.0,3.215439474015066,3.3733907513305343,4.303194636380666,4.447777705169494,0.04259259259259259,0.687037037037037
8,Prior,ID,weak,180,1.0,3.2115195541327806,3.305255050666121,4.283308331725175,4.405007759786723,0.044444444444444446,0.7388888888888889
8,Prior,ID,medium,180,1.0,3.241648535587058,3.407252469097446,4.357055829347434,4.518536715485011,0.03888888888888889,0.6555555555555556
8,Prior,ID,strong,180,1.0,3.193150332325359,3.405710332931229,4.167148253360826,4.457660375602435,0.044444444444444446,0.6666666666666666
8,Prior,ID,circular,270,1.0,3.2681130131192417,3.416054754403154,4.303147474597115,4.437072739133225,0.022222222222222223,0.6888888888888889
8,Prior,ID,elliptical,270,1.0,3.162765934910889,3.305895107640838,4.304306767086358,4.455693140174048,0.06296296296296296,0.6851851851851852
8,Prior,ID,ballistic,270,1.0,3.221608087255115,3.3733907513305343,4.3133758831392415,4.490602213381808,0.04814814814814815,0.7
8,Prior,ID,diffusive,270,1.0,3.2092708607750167,3.3676822124341115,4.282808891335605,4.440206379177301,0.037037037037037035,0.674074074074074
8,Prior,ID,weak_circular,90,1.0,3.2711510293354586,3.286815624999063,4.311398617049467,4.4181872436202765,0.03333333333333333,0.7555555555555555
8,Prior,ID,weak_elliptical,90,1.0,3.1518880789301034,3.336860964197122,4.067476576972026,4.357722478445731,0.05555555555555555,0.7222222222222222
8,Prior,ID,medium_circular,90,1.0,3.30450701701526,3.5354576791911843,4.348863926519523,4.48391462947514,0.011111111111111112,0.6333333333333333
8,Prior,ID,medium_elliptical,90,1.0,3.1787900541588545,3.2760064804892277,4.392596804542046,4.6365167941875365,0.06666666666666667,0.6777777777777778
8,Prior,ID,strong_circular,90,1.0,3.228680993007008,3.476198014482057,4.086572627022311,4.319736267230959,0.022222222222222223,0.6777777777777778
8,Prior,ID,strong_elliptical,90,1.0,3.157619671643709,3.322168655933551,4.283371198476614,4.65125437795372,0.06666666666666667,0.6555555555555556
8,Prior,noise2,all,540,1.0,3.215439474015066,3.3733907513305343,4.303194636380666,4.447777705169494,0.04259259259259259,0.687037037037037
8,Prior,noise2,weak,180,1.0,3.2115195541327806,3.305255050666121,4.283308331725175,4.405007759786723,0.044444444444444446,0.7388888888888889
8,Prior,noise2,medium,180,1.0,3.241648535587058,3.407252469097446,4.357055829347434,4.518536715485011,0.03888888888888889,0.6555555555555556
8,Prior,noise2,strong,180,1.0,3.193150332325359,3.405710332931229,4.167148253360826,4.457660375602435,0.044444444444444446,0.6666666666666666
8,Prior,noise2,circular,270,1.0,3.2681130131192417,3.416054754403154,4.303147474597115,4.437072739133225,0.022222222222222223,0.6888888888888889
8,Prior,noise2,elliptical,270,1.0,3.162765934910889,3.305895107640838,4.304306767086358,4.455693140174048,0.06296296296296296,0.6851851851851852
8,Prior,noise2,ballistic,270,1.0,3.221608087255115,3.3733907513305343,4.3133758831392415,4.490602213381808,0.04814814814814815,0.7
8,Prior,noise2,diffusive,270,1.0,3.2092708607750167,3.3676822124341115,4.282808891335605,4.440206379177301,0.037037037037037035,0.674074074074074
8,Prior,noise2,weak_circular,90,1.0,3.2711510293354586,3.286815624999063,4.311398617049467,4.4181872436202765,0.03333333333333333,0.7555555555555555
8,Prior,noise2,weak_elliptical,90,1.0,3.1518880789301034,3.336860964197122,4.067476576972026,4.357722478445731,0.05555555555555555,0.7222222222222222
8,Prior,noise2,medium_circular,90,1.0,3.30450701701526,3.5354576791911843,4.348863926519523,4.48391462947514,0.011111111111111112,0.6333333333333333
8,Prior,noise2,medium_elliptical,90,1.0,3.1787900541588545,3.2760064804892277,4.392596804542046,4.6365167941875365,0.06666666666666667,0.6777777777777778
8,Prior,noise2,strong_circular,90,1.0,3.228680993007008,3.476198014482057,4.086572627022311,4.319736267230959,0.022222222222222223,0.6777777777777778
8,Prior,noise2,strong_elliptical,90,1.0,3.157619671643709,3.322168655933551,4.283371198476614,4.65125437795372,0.06666666666666667,0.6555555555555556
8,Prior,slow,all,216,1.0,3.2622880149202467,3.3840637172546195,4.215008073244798,4.494420462748797,0.013888888888888888,0.7129629629629629
8,Prior,slow,weak,72,1.0,3.2594010243157125,3.3607307116579204,4.245040379058318,4.382959797455239,0.0,0.7361111111111112
8,Prior,slow,medium,72,1.0,3.1936882501566495,3.3429583150115825,4.055934544533576,4.4633763636188535,0.013888888888888888,0.6666666666666666
8,Prior,slow,strong,72,1.0,3.333774770288377,3.4449701884252413,4.280317122906057,4.709821066146885,0.027777777777777776,0.7361111111111112
8,Prior,slow,circular,108,1.0,3.3152537530939328,3.460518513942712,4.299858662147395,4.578629314492278,0.009259259259259259,0.7129629629629629
8,Prior,slow,elliptical,108,1.0,3.2093222767465615,3.328646915072313,4.189466518498437,4.488695500102713,0.018518518518518517,0.7129629629629629
8,Prior,slow,ballistic,108,1.0,3.263856388645937,3.4338008731227223,4.203942734000638,4.5392340121088255,0.018518518518518517,0.7222222222222222
8,Prior,slow,diffusive,108,1.0,3.2607196411945574,3.37268267445289,4.2290370721462605,4.488695500102713,0.009259259259259259,0.7037037037037037
8,Prior,slow,weak_circular,36,1.0,3.3156122260066034,3.460518513942712,4.326311447967073,4.540945954708724,0.0,0.75
8,Prior,slow,weak_elliptical,36,1.0,3.2031898226248225,3.2751781854623965,4.143117050802917,4.266061075614348,0.0,0.7222222222222222
8,Prior,slow,medium_circular,36,1.0,3.2150019215113708,3.351346207847854,3.968797429967698,4.0791789690695,0.0,0.6388888888888888
8,Prior,slow,medium_elliptical,36,1.0,3.1723745788019286,3.334244213388509,4.243397302875643,4.5183149132216185,0.027777777777777776,0.6944444444444444
8,Prior,slow,strong_circular,36,1.0,3.415147111763824,3.525439325540973,4.440518391130672,4.6490222008320785,0.027777777777777776,0.75
8,Prior,slow,strong_elliptical,36,1.0,3.2524024288129305,3.3680542265692677,4.192019725459482,4.448212740720691,0.027777777777777776,0.7222222222222222
