event,run_id,epicenter_row,epicenter_col,epicenter_region,geometry,initial_beta,late_beta,beta_transition_ms,axis_ratio,angle_degrees,source_count,secondary_epicenter_row,secondary_epicenter_col,secondary_source_strength,reflection_enabled,reflection_coefficient,reflection_boundary_margin_mm,halo_enabled,halo_strength,halo_lambda_multiplier,halo_beta,halo_front_width_multiplier,propagation_law,apparent_speed_m_per_s,diffusion_coefficient_mm2_per_ms,front_width_ms,arrival_jitter_sd_us,arrival_jitter_correlation_length_mm,initial_lambda_mm,maximum_lambda_mm,maximum_distance_mm,spread_time_ms,cutoff_width_mm,maximum_amplitude,prompt_fraction,rise_time_ms,peak_time_ms,decay_time_ms,baseline_total_errors,baseline_drift_fraction,temporal_backend,qp_trapping_rate_per_us,qp_recombination_rate_per_us,qp_generation_scale_per_us,qp_baseline_t1_us,qp_baseline_t2_us,qp_measurement_exposure_us,qp_al_gap_uev,qp_qubit_frequency_ghz,qp_maximum_radiation_probability,qp_source_decay_mode,qp_dephasing_enabled,qp_charging_energy_ghz,qp_frequency_shift_enabled,qp_frequency_shift_coefficient_a,qp_source_lifetime_ms,event_onset_ms,is_control,global_spatial_mixing_fraction,qp_hardware_mode,qp_device_id,qp_baseline_t1_min_us,qp_baseline_t1_max_us,qp_baseline_t2_min_us,qp_baseline_t2_max_us,qp_baseline_t1_by_qubit_us,qp_baseline_t2_by_qubit_us,qp_qubit_frequency_by_qubit_ghz,qp_peak_density,qp_minimum_t1_us,qp_peak_generation_rate_per_us,qp_relaxation_coefficient_per_us,qp_generation_event_scale,achieved_peak_error_fraction,spatial_residual_enabled,low_rank_spatial_coefficients,missing_qubits,strength_band,generation_seed,event_uid,device_seed,syndrome_seed,circuit_id,fraction_round_qubits_below_30us
288,0,3.0,-0.0480193932392341,edge,circular,1.915397061536479,1.4738360271299777,3.5688710620581823,1.0,60.14216650621975,1,,,,False,0.35945382394812525,0.23201094918913034,False,0.31152980694999405,1.5878706077818745,0.8494114944258668,1.9650060595875685,ballistic,37.17896151691471,,0.09593529180499905,17.486332793267778,0.42253234772131204,3.2749236293084665,6.222099299060261,6.9567337158690865,0.20852316444069519,0.3314921657073926,0.8538897019799581,0.31492273098864426,0.47021787079107147,0.5303367565037359,21.63224840370887,3.2537888427931465,0.02190032237897645,qp_ode,0.05,100.0,2.993091755589021e-07,100.00000000000001,188.48033507752348,1.750675740666926,191.0,5.0,0.999,independent_lognormal,False,0.0,False,0.0,19.813990431983015,0.10921430493778173,False,0.0,fixed_device,0,83.8352488853537,118.05332671712425,167.6704977707074,204.94395774055712,107.50854;83.835249;108.17078;117.03402;89.487233;118.05333;86.697402;85.209342;102.47198;92.587643;100.74184;98.930132;99.136065;93.433459;94.419352;116.50486;105.77879,198.80062;167.6705;194.33474;189.94553;178.97447;197.9976;173.3948;170.41868;204.94396;185.17529;198.89142;197.86026;196.57891;186.86692;188.8387;189.8481;183.62519,4.9457111;5.0272209;5.0049862;5.0861229;5.0349499;4.97517;4.9890876;5.0206058;4.8965438;5.0073491;4.9351045;5.0695225;5.0068295;5.0800369;4.971503;4.9932767;4.9559796,8.703460480319336e-06,2.6319282054901123,4.4411700628188555e-07,42980.199123443395,1.0,0.3910824856287034,True,,,2,6315254262336893870,1cebbe2c85286d125a19176074641cec80e768fcc76265a176a2887e861b48e2:288,123,1147951885629960939,3eabdfa943524b1077c76342cd49dd883c1d02e6abf0a6e9273162f3d53c340b,0.8858283547794118
289,0,0.7956441937654724,-3.322017552837162,outside,circular,1.8310714018213594,1.625620485894038,7.298646260683891,1.0,42.26844399521748,1,,,,False,0.27217283789748553,0.30192369489714,False,0.21734746473868738,2.9905536858010366,1.245211092107724,1.2649500344258344,diffusive,,11.596694947661184,0.11307007872656546,7.123158266819916,1.4702774096712483,2.748250644864827,3.9401969854028454,9.232266047651322,0.3760017877178732,0.39270918166145974,0.8503895425776797,4.0396671035658474e-05,0.36481447301627484,0.6339647388929041,28.923587855562033,2.8446354762724275,0.03157373470085796,qp_ode,0.05,100.0,6.421259525049269e-09,100.00000000000001,188.48033507752348,1.4316939082369688,191.0,5.0,0.999,independent_lognormal,False,0.0,False,0.0,45.32565857306021,0.2902383746820921,False,0.0,fixed_device,0,83.8352488853537,118.05332671712425,167.6704977707074,204.94395774055712,107.50854;83.835249;108.17078;117.03402;89.487233;118.05333;86.697402;85.209342;102.47198;92.587643;100.74184;98.930132;99.136065;93.433459;94.419352;116.50486;105.77879,198.80062;167.6705;194.33474;189.94553;178.97447;197.9976;173.3948;170.41868;204.94396;185.17529;198.89142;197.86026;196.57891;186.86692;188.8387;189.8481;183.62519,4.9457111;5.0272209;5.0049862;5.0861229;5.0349499;4.97517;4.9890876;5.0206058;4.8965438;5.0073491;4.9351045;5.0695225;5.0068295;5.0800369;4.971503;4.9932767;4.9559796,2.122097271239909e-07,56.35811996459961,1.0660835769726873e-08,42980.199123443395,1.0,0.17289900074107045,True,,,1,3314383430123438584,1cebbe2c85286d125a19176074641cec80e768fcc76265a176a2887e861b48e2:289,123,4779175530153257071,3eabdfa943524b1077c76342cd49dd883c1d02e6abf0a6e9273162f3d53c340b,0.0
290,0,-1.8479809223983792,3.0,edge,elliptical,1.9785175617864095,1.3377914562151214,7.356379259664389,2.3085985566929024,1.0167434380379126,1,,,,False,0.30381638427393115,0.327763252832899,False,0.16695156986799367,1.858033636983921,1.2310885848007156,2.637873050683641,ballistic,31.358191631111943,,0.09817873801519889,71.03101569210581,1.656156694344539,3.2135701009382496,5.034922992311182,8.522690476554988,0.3387227032537974,0.17198588248250216,0.900730676862047,0.5413000812323022,0.2840277805172211,0.9113263739642881,24.594598412483748,3.184066200160369,0.0078102979104895985,qp_ode,0.05,100.0,1.3222842944845469e-10,100.00000000000001,188.48033507752348,0.7292296398906024,191.0,5.0,0.999,independent_lognormal,False,0.0,False,0.0,10.544151430259488,0.11348861723406664,False,0.0,fixed_device,0,83.8352488853537,118.05332671712425,167.6704977707074,204.94395774055712,107.50854;83.835249;108.17078;117.03402;89.487233;118.05333;86.697402;85.209342;102.47198;92.587643;100.74184;98.930132;99.136065;93.433459;94.419352;116.50486;105.77879,198.80062;167.6705;194.33474;189.94553;178.97447;197.9976;173.3948;170.41868;204.94396;185.17529;198.89142;197.86026;196.57891;186.86692;188.8387;189.8481;183.62519,4.9457111;5.0272209;5.0049862;5.0861229;5.0349499;4.97517;4.9890876;5.0206058;4.8965438;5.0073491;4.9351045;5.0695225;5.0068295;5.0800369;4.971503;4.9932767;4.9559796,3.5717828694714626e-09,83.83464050292969,1.7865735280064854e-10,42980.199123443395,1.0,0.18878296242554526,True,,,0,2033741032352481084,1cebbe2c85286d125a19176074641cec80e768fcc76265a176a2887e861b48e2:290,123,5586402357899972811,3eabdfa943524b1077c76342cd49dd883c1d02e6abf0a6e9273162f3d53c340b,0.0
291,0,0.04927557589033693,-3.990620638790066,outside,elliptical,2.462562984392923,1.3063438553383804,3.6678726372442574,1.3076108032373972,91.3903016612355,1,,,,False,0.3565457546877755,0.25621313059730455,False,0.37786898674973746,3.3652330915400626,0.8490019718683719,1.7072429443229902,ballistic,25.048358613008936,,0.06947624948767868,62.67346716844238,0.4443915782991173,3.1245714555803437,6.356361913389989,8.732515247657933,0.35137021247624484,0.36751605571608925,0.8053173011816765,0.6390752471240078,0.2678385155835984,0.5041877264112037,22.1276404895264,3.0373012938893384,0.032482040105422924,qp_ode,0.05,100.0,1.86469174582653e-09,100.00000000000001,188.48033507752348,1.666171399501551,191.0,5.0,0.999,independent_lognormal,False,0.0,False,0.0,16.06535105111468,0.5369416539644958,False,0.0,fixed_device,0,83.8352488853537,118.05332671712425,167.6704977707074,204.94395774055712,107.50854;83.835249;108.17078;117.03402;89.487233;118.05333;86.697402;85.209342;102.47198;92.587643;100.74184;98.930132;99.136065;93.433459;94.419352;116.50486;105.77879,198.80062;167.6705;194.33474;189.94553;178.97447;197.9976;173.3948;170.41868;204.94396;185.17529;198.89142;197.86026;196.57891;186.86692;188.8387;189.8481;183.62519,4.9457111;5.0272209;5.0049862;5.0861229;5.0349499;4.97517;4.9890876;5.0206058;4.8965438;5.0073491;4.9351045;5.0695225;5.0068295;5.0800369;4.971503;4.9932767;4.9559796,2.4868318959647695e-08,77.01345825195312,1.2462347820374475e-09,42980.199123443395,1.0,0.184451637203583,True,,,1,13695819109251609617,1cebbe2c85286d125a19176074641cec80e768fcc76265a176a2887e861b48e2:291,123,1218805102307053371,3eabdfa943524b1077c76342cd49dd883c1d02e6abf0a6e9273162f3d53c340b,0.0
292,0,2.7959802859164897,1.1543612717593197,inside,circular,1.9371132663537296,1.2682743831282741,5.301118763522552,1.0,66.39467623902041,1,,,,False,0.3159590794548263,0.9907950245118651,False,0.28322871996273813,1.797742734500921,1.050045105189724,2.195547709229201,diffusive,,7.515475376965478,0.0498224162281411,19.875697101370324,0.9698069717679699,3.3015105402588896,5.384224327448104,6.711136537419646,0.2460187590753577,0.13140649264244242,0.8278019889487024,0.5746784835039359,0.19456052716650385,0.7815434370834422,21.55738192744118,2.886524950865229,0.026154725338869537,qp_ode,0.05,100.0,1.6315872313005194e-07,100.00000000000001,188.48033507752348,0.4177831651827426,191.0,5.0,0.999,independent_lognormal,False,0.0,False,0.0,11.818305516873435,0.5312870382717632,False,0.0,fixed_device,0,83.8352488853537,118.05332671712425,167.6704977707074,204.94395774055712,107.50854;83.835249;108.17078;117.03402;89.487233;118.05333;86.697402;85.209342;102.47198;92.587643;100.74184;98.930132;99.136065;93.433459;94.419352;116.50486;105.77879,198.80062;167.6705;194.33474;189.94553;178.97447;197.9976;173.3948;170.41868;204.94396;185.17529;198.89142;197.86026;196.57891;186.86692;188.8387;189.8481;183.62519,4.9457111;5.0272209;5.0049862;5.0861229;5.0349499;4.97517;4.9890876;5.0206058;4.8965438;5.0073491;4.9351045;5.0695225;5.0068295;5.0800369;4.971503;4.9932767;4.9559796,2.970685955006047e-06,7.334890365600586,1.4946313342534268e-07,42980.199123443395,1.0,0.1865000764885132,True,,,2,678349462341805992,1cebbe2c85286d125a19176074641cec80e768fcc76265a176a2887e861b48e2:292,123,3046763236463057690,3eabdfa943524b1077c76342cd49dd883c1d02e6abf0a6e9273162f3d53c340b,0.1943646599264706
293,0,-2.0203994620964734,-3.0,edge,elliptical,2.0797870412778776,1.258172229288685,9.702300038015217,1.134762504282392,10.067621012192093,1,,,,False,0.2247156897323942,0.28744664266676523,False,0.24794086632532172,3.3216977367526566,0.5603606633990197,1.1072662623269667,ballistic,18.984018541494407,,0.032151478670933,40.133290534583,1.626783554765864,3.1152508697926615,5.198820705245884,7.083683974123573,0.5743417622605549,0.31173097774023684,0.8643523733317668,0.7446866899821529,0.25398655676212645,0.5047454686967698,31.346283466822143,2.820202194624535,0.003650767012409606,qp_ode,0.05,100.0,1.4637971270983466e-08,100.00000000000001,188.48033507752348,0.4405356774647234,191.0,5.0,0.999,independent_lognormal,False,0.0,False,0.0,10.783651001140196,0.5060671728114166,False,0.0,fixed_device,0,83.8352488853537,118.05332671712425,167.6704977707074,204.94395774055712,107.50854;83.835249;108.17078;117.03402;89.487233;118.05333;86.697402;85.209342;102.47198;92.587643;100.74184;98.930132;99.136065;93.433459;94.419352;116.50486;105.77879,198.80062;167.6705;194.33474;189.94553;178.97447;197.9976;173.3948;170.41868;204.94396;185.17529;198.89142;197.86026;196.57891;186.86692;188.8387;189.8481;183.62519,4.9457111;5.0272209;5.0049862;5.0861229;5.0349499;4.97517;4.9890876;5.0206058;4.8965438;5.0073491;4.9351045;5.0695225;5.0068295;5.0800369;4.971503;4.9932767;4.9559796,2.6827606802726223e-07,42.5709342956543,1.344552824633638e-08,42980.199123443395,1.0,0.16769723799833713,True,,,2,18391913600426991272,1cebbe2c85286d125a19176074641cec80e768fcc76265a176a2887e861b48e2:293,123,5003130288639543580,3eabdfa943524b1077c76342cd49dd883c1d02e6abf0a6e9273162f3d53c340b,0.0
294,0,0.46881935581120615,2.0534857717898864,inside,circular,1.9319546187405607,1.393859862111342,5.323744762312638,1.0,2.1070394821605753,1,,,,False,0.39844890580256853,0.5709819441881059,False,0.3529017108597675,2.3444069236549296,1.1397547928466119,1.0410068493747242,ballistic,15.390129865816503,,0.11688873907220618,14.12033996808594,1.2427968535635028,3.2706857813788677,5.900617821011943,9.590812489887487,0.329166753097222,0.15878262868362297,0.8216817103369054,0.25847129082937464,0.3600703657039466,1.1254525384322527,34.075770282192536,3.3183275777033368,0.05063929184929784,qp_ode,0.05,100.0,1.6443887540395686e-10,100.00000000000001,188.48033507752348,1.9428059967676323,191.0,5.0,0.999,independent_lognormal,False,0.0,False,0.0,13.089807668016066,0.2584367017119851,False,0.0,fixed_device,0,83.8352488853537,118.05332671712425,167.6704977707074,204.94395774055712,107.50854;83.835249;108.17078;117.03402;89.487233;118.05333;86.697402;85.209342;102.47198;92.587643;100.74184;98.930132;99.136065;93.433459;94.419352;116.50486;105.77879,198.80062;167.6705;194.33474;189.94553;178.97447;197.9976;173.3948;170.41868;204.94396;185.17529;198.89142;197.86026;196.57891;186.86692;188.8387;189.8481;183.62519,4.9457111;5.0272209;5.0049862;5.0861229;5.0349499;4.97517;4.9890876;5.0206058;4.8965438;5.0073491;4.9351045;5.0695225;5.0068295;5.0800369;4.971503;4.9932767;4.9559796,2.986216385281182e-09,83.44178009033203,1.4932637071307653e-10,42980.199123443395,1.0,0.20512703728930393,True,,,0,6889154084890736425,1cebbe2c85286d125a19176074641cec80e768fcc76265a176a2887e861b48e2:294,123,8535082126996944640,3eabdfa943524b1077c76342cd49dd883c1d02e6abf0a6e9273162f3d53c340b,0.0
295,0,-1.134226442113573,3.0,edge,elliptical,1.792287241448763,1.5991829141125273,2.7936243549619197,1.1106622963073538,6.376930065712109,1,,,,False,0.35361934782217685,0.324326588015732,False,0.2570698659130818,3.90854201920253,0.77652780899891,2.326754174962776,diffusive,,11.880273336238982,0.044581433887080836,43.27151541892411,1.4835865005433138,3.707806390813203,5.0670271135777565,5.818885859486467,0.24620615675010105,0.3110741321043109,0.9948956791075556,0.498183195429757,0.21029315905886803,1.0928296480271387,28.309825025270406,3.1153427218194025,0.0002751500718346378,qp_ode,0.05,100.0,3.989622269109171e-10,100.00000000000001,188.48033507752348,0.8735755086558308,191.0,5.0,0.999,independent_lognormal,False,0.0,False,0.0,15.114885484587283,0.46741692109252975,False,0.0,fixed_device,0,83.8352488853537,118.05332671712425,167.6704977707074,204.94395774055712,107.50854;83.835249;108.17078;117.03402;89.487233;118.05333;86.697402;85.209342;102.47198;92.587643;100.74184;98.930132;99.136065;93.433459;94.419352;116.50486;105.77879,198.80062;167.6705;194.33474;189.94553;178.97447;197.9976;173.3948;170.41868;204.94396;185.17529;198.89142;197.86026;196.57891;186.86692;188.8387;189.8481;183.62519,4.9457111;5.0272209;5.0049862;5.0861229;5.0349499;4.97517;4.9890876;5.0206058;4.8965438;5.0073491;4.9351045;5.0695225;5.0068295;5.0800369;4.971503;4.9932767;4.9559796,9.105662002184545e-09,83.83525085449219,4.555148480633875e-10,42980.199123443395,1.0,0.18335038398473003,True,,,0,6097677930932425706,1cebbe2c85286d125a19176074641cec80e768fcc76265a176a2887e861b48e2:295,123,4942885448397027308,3eabdfa943524b1077c76342cd49dd883c1d02e6abf0a6e9273162f3d53c340b,0.0
296,0,-3.5231447696968474,-1.6757321243451013,outside,circular,1.9446795125380358,1.229645413894703,3.9620016481503315,1.0,43.4997419912993,1,,,,False,0.38399343554898374,0.1829839100454208,False,0.35385605339214443,3.81126107196508,0.5881976453971131,1.4790105569481395,ballistic,29.244785324073664,,0.022614664514440122,79.42603887765404,1.6531512919627587,2.0902702079238287,5.284529272637722,5.851691164991445,0.1748765586177662,0.4561002122312502,0.869074838889218,0.16346009849716384,0.24303462259390723,0.5116188460903627,29.86328639527279,3.0195017179561727,0.043855639642625024,qp_ode,0.05,100.0,5.527660952397366e-08,100.00000000000001,188.48033507752348,1.7514101656946186,191.0,5.0,0.999,independent_lognormal,False,0.0,False,0.0,9.759116024036688,0.18450801914859305,False,0.0,fixed_device,0,83.8352488853537,118.05332671712425,167.6704977707074,204.94395774055712,107.50854;83.835249;108.17078;117.03402;89.487233;118.05333;86.697402;85.209342;102.47198;92.587643;100.74184;98.930132;99.136065;93.433459;94.419352;116.50486;105.77879,198.80062;167.6705;194.33474;189.94553;178.97447;197.9976;173.3948;170.41868;204.94396;185.17529;198.89142;197.86026;196.57891;186.86692;188.8387;189.8481;183.62519,4.9457111;5.0272209;5.0049862;5.0861229;5.0349499;4.97517;4.9890876;5.0206058;4.8965438;5.0073491;4.9351045;5.0695225;5.0068295;5.0800369;4.971503;4.9932767;4.9559796,7.499267553612299e-07,23.83852195739746,3.763721068139603e-08,42980.199123443395,1.0,0.20717438175401298,True,,,2,14812103313963040577,1cebbe2c85286d125a19176074641cec80e768fcc76265a176a2887e861b48e2:296,123,3128138569210540026,3eabdfa943524b1077c76342cd49dd883c1d02e6abf0a6e9273162f3d53c340b,0.17244944852941177
297,0,3.8755221017229746,-0.14385620497918294,outside,circular,2.1193646434278968,1.4025974452556769,7.647748202000721,1.0,147.46436281997055,1,,,,False,0.22737096577984028,0.9848315405205235,False,0.2336476453384327,3.8735304679245797,0.8820744956419327,2.4206492478090595,ballistic,15.655043306121161,,0.11018887550245271,0.23884642915033893,0.8453858854986713,2.1585596306518813,4.051619198186228,9.255838189185859,0.21237265768816682,0.49241045248952864,0.8080288165847157,0.5872061169784609,0.3459186441653877,1.0083192549833897,33.14011019520003,2.9908968708936117,0.013228165162848199,qp_ode,0.05,100.0,6.20143536775088e-10,100.00000000000001,188.48033507752348,1.4512043631006375,191.0,5.0,0.999,independent_lognormal,False,0.0,False,0.0,17.190658649224158,0.5297557780472736,False,0.0,fixed_device,0,83.8352488853537,118.05332671712425,167.6704977707074,204.94395774055712,107.50854;83.835249;108.17078;117.03402;89.487233;118.05333;86.697402;85.209342;102.47198;92.587643;100.74184;98.930132;99.136065;93.433459;94.419352;116.50486;105.77879,198.80062;167.6705;194.33474;189.94553;178.97447;197.9976;173.3948;170.41868;204.94396;185.17529;198.89142;197.86026;196.57891;186.86692;188.8387;189.8481;183.62519,4.9457111;5.0272209;5.0049862;5.0861229;5.0349499;4.97517;4.9890876;5.0206058;4.8965438;5.0073491;4.9351045;5.0695225;5.0068295;5.0800369;4.971503;4.9932767;4.9559796,9.246354792935563e-09,83.42874145507812,4.636739048269334e-10,42980.199123443395,1.0,0.17825909133532505,True,,,0,8495685290459684288,1cebbe2c85286d125a19176074641cec80e768fcc76265a176a2887e861b48e2:297,123,1593901579367188028,3eabdfa943524b1077c76342cd49dd883c1d02e6abf0a6e9273162f3d53c340b,0.0
298,0,-3.0,2.3185344626232824,edge,elliptical,1.9655993211370935,1.2609546141919536,4.09378463451952,1.9463337361624482,81.19099461663787,1,,,,False,0.07361230752892842,0.40827852844398715,False,0.3629303039865316,1.9981766881187177,0.6751847181127024,2.4608823510974176,diffusive,,7.040984826221743,0.10745374947998013,16.530047873504266,0.772761153722038,2.0589644364408257,4.169107094174803,5.4487035187007,0.27446074082294103,0.48631590409076997,0.8302491245705522,0.6200297675955213,0.09136784589828484,0.6063365136715747,30.260156685924294,3.136138705438679,0.01955881805036264,qp_ode,0.05,100.0,6.48571074638654e-09,100.00000000000001,188.48033507752348,1.7849604670524746,191.0,5.0,0.999,independent_lognormal,False,0.0,False,0.0,49.94460009711072,0.5180120108481295,False,0.0,fixed_device,0,83.8352488853537,118.05332671712425,167.6704977707074,204.94395774055712,107.50854;83.835249;108.17078;117.03402;89.487233;118.05333;86.697402;85.209342;102.47198;92.587643;100.74184;98.930132;99.136065;93.433459;94.419352;116.50486;105.77879,198.80062;167.6705;194.33474;189.94553;178.97447;197.9976;173.3948;170.41868;204.94396;185.17529;198.89142;197.86026;196.57891;186.86692;188.8387;189.8481;183.62519,4.9457111;5.0272209;5.0049862;5.0861229;5.0349499;4.97517;4.9890876;5.0206058;4.8965438;5.0073491;4.9351045;5.0695225;5.0068295;5.0800369;4.971503;4.9932767;4.9559796,1.0299537223090738e-07,68.65476989746094,5.1511648280211375e-09,42980.199123443395,1.0,0.1881139465089007,True,,,1,5389901897203657375,1cebbe2c85286d125a19176074641cec80e768fcc76265a176a2887e861b48e2:298,123,7687390126826772969,3eabdfa943524b1077c76342cd49dd883c1d02e6abf0a6e9273162f3d53c340b,0.0
299,0,-3.4038631631720633,-0.1625485490758436,outside,circular,2.026700207875183,1.1482671335214434,4.698969130825656,1.0,23.819606945215433,1,,,,False,0.17403445637918008,0.9380393190212314,False,0.27031635104527957,2.7126712360551437,0.9862146714889302,1.5496986163272413,diffusive,,5.375849842462221,0.02251313338298228,72.6470339807288,1.3004649813630196,2.5881862560799185,5.8111728504675675,9.91288275297137,0.5196077136303618,0.4684128894294992,0.9204533943383189,0.5733803013470044,0.2424256948630612,1.0745922889666604,27.50677283450324,2.8837176430700495,0.058438870969660155,qp_ode,0.05,100.0,2.439062523530203e-10,100.00000000000001,188.48033507752348,0.45139924093417994,191.0,5.0,0.999,independent_lognormal,False,0.0,False,0.0,28.290118059232935,0.5347770700150102,False,0.0,fixed_device,0,83.8352488853537,118.05332671712425,167.6704977707074,204.94395774055712,107.50854;83.835249;108.17078;117.03402;89.487233;118.05333;86.697402;85.209342;102.47198;92.587643;100.74184;98.930132;99.136065;93.433459;94.419352;116.50486;105.77879,198.80062;167.6705;194.33474;189.94553;178.97447;197.9976;173.3948;170.41868;204.94396;185.17529;198.89142;197.86026;196.57891;186.86692;188.8387;189.8481;183.62519,4.9457111;5.0272209;5.0049862;5.0861229;5.0349499;4.97517;4.9890876;5.0206058;4.8965438;5.0073491;4.9351045;5.0695225;5.0068295;5.0800369;4.971503;4.9932767;4.9559796,3.832830497429995e-09,83.83525085449219,1.919324144061818e-10,42980.199123443395,1.0,0.1795177590349285,True,,,0,6498777784820258722,1cebbe2c85286d125a19176074641cec80e768fcc76265a176a2887e861b48e2:299,123,2019348330382033302,3eabdfa943524b1077c76342cd49dd883c1d02e6abf0a6e9273162f3d53c340b,0.0
300,0,3.420229760865298,-0.351304796967848,outside,elliptical,2.4828910690825152,0.8595027007137402,5.167107326933019,1.1232744261210068,69.16862116126813,1,,,,False,0.36396799647315375,0.31660488115896335,False,0.2486090574396128,3.190835525273932,0.9545240158543797,2.928362357948804,diffusive,,13.505061036221665,0.10730670251193498,48.788879069052,1.1570727818481377,2.8270902962850624,5.72933139012963,5.349128633559403,0.39366573024032575,0.24880010237724692,0.8871549759655426,0.7105860716281239,0.1365956269344094,0.521328485360861,28.346573543746977,3.191942145603092,0.01932245068495589,qp_ode,0.05,100.0,1.5157678995548345e-09,100.00000000000001,188.48033507752348,0.7018004086370464,191.0,5.0,0.999,independent_lognormal,False,0.0,False,0.0,25.8176613540055,0.5113349302050245,False,0.0,fixed_device,0,83.8352488853537,118.05332671712425,167.6704977707074,204.94395774055712,107.50854;83.835249;108.17078;117.03402;89.487233;118.05333;86.697402;85.209342;102.47198;92.587643;100.74184;98.930132;99.136065;93.433459;94.419352;116.50486;105.77879,198.80062;167.6705;194.33474;189.94553;178.97447;197.9976;173.3948;170.41868;204.94396;185.17529;198.89142;197.86026;196.57891;186.86692;188.8387;189.8481;183.62519,4.9457111;5.0272209;5.0049862;5.0861229;5.0349499;4.97517;4.9890876;5.0206058;4.8965438;5.0073491;4.9351045;5.0695225;5.0068295;5.0800369;4.971503;4.9932767;4.9559796,4.455444369000361e-08,78.63510131835938,2.2295856272336323e-09,42980.199123443395,1.0,0.1913990290458004,True,,,1,14940368201249703314,1cebbe2c85286d125a19176074641cec80e768fcc76265a176a2887e861b48e2:300,123,6283174100355792589,3eabdfa943524b1077c76342cd49dd883c1d02e6abf0a6e9273162f3d53c340b,0.0
301,0,3.384414384760795,0.1548985810747956,outside,elliptical,2.395617258392034,1.4050371527832053,6.71162929103259,1.0098449343546836,19.253563330583233,1,,,,False,0.25021725758489893,0.4876247955771883,False,0.362714451364208,2.981803683120913,0.7812289173156757,1.8074629198133925,diffusive,,6.124617646027679,0.049852987554824146,26.654354055940345,0.7164156343411836,2.148239152687957,6.143566256174465,6.109440723767046,0.5418632362308488,0.4509374163883274,0.9804616587716344,0.032657738241483526,0.35437502018849204,0.9603620669147477,23.30006051679277,3.2899118092960418,0.01189578346242457,qp_ode,0.05,100.0,6.961018889689533e-08,100.00000000000001,188.48033507752348,1.8278805309123225,191.0,5.0,0.999,independent_lognormal,False,0.0,False,0.0,63.85951746175726,0.4525960224955378,False,0.0,fixed_device,0,83.8352488853537,118.05332671712425,167.6704977707074,204.94395774055712,107.50854;83.835249;108.17078;117.03402;89.487233;118.05333;86.697402;85.209342;102.47198;92.587643;100.74184;98.930132;99.136065;93.433459;94.419352;116.50486;105.77879,198.80062;167.6705;194.33474;189.94553;178.97447;197.9976;173.3948;170.41868;204.94396;185.17529;198.89142;197.86026;196.57891;186.86692;188.8387;189.8481;183.62519,4.9457111;5.0272209;5.0049862;5.0861229;5.0349499;4.97517;4.9890876;5.0206058;4.8965438;5.0073491;4.9351045;5.0695225;5.0068295;5.0800369;4.971503;4.9932767;4.9559796,1.3733269952354021e-06,14.312182426452637,6.885662173772289e-08,42980.199123443395,1.0,0.2162147609098164,True,,,2,15668085825657567170,1cebbe2c85286d125a19176074641cec80e768fcc76265a176a2887e861b48e2:301,123,2141559050301024387,3eabdfa943524b1077c76342cd49dd883c1d02e6abf0a6e9273162f3d53c340b,0.1357709099264706
302,0,3.0,1.4229052258087211,edge,elliptical,2.3726520550370065,0.9862285700550137,8.665910716459688,1.727373906999468,28.53426326586403,1,,,,False,0.2524892251409265,0.3421172319568455,False,0.2704957170826706,3.892262325136281,0.5399787333593873,1.092068050532569,ballistic,26.62087681529849,,0.08496521778812788,75.31144086088405,1.587029867738269,3.512930143066125,5.037587623536457,5.297718074320105,0.3611195095263956,0.28003487316265524,0.9299907343222119,0.6681568051703763,0.1856780741989399,0.7295799972875927,30.200777874050903,3.2087745051919865,0.045257842635764496,qp_ode,0.05,100.0,8.87957866904417e-09,100.00000000000001,188.48033507752348,0.700547391984464,191.0,5.0,0.999,independent_lognormal,False,0.0,False,0.0,21.238186947557672,0.33591328603957527,False,0.0,fixed_device,0,83.8352488853537,118.05332671712425,167.6704977707074,204.94395774055712,107.50854;83.835249;108.17078;117.03402;89.487233;118.05333;86.697402;85.209342;102.47198;92.587643;100.74184;98.930132;99.136065;93.433459;94.419352;116.50486;105.77879,198.80062;167.6705;194.33474;189.94553;178.97447;197.9976;173.3948;170.41868;204.94396;185.17529;198.89142;197.86026;196.57891;186.86692;188.8387;189.8481;183.62519,4.9457111;5.0272209;5.0049862;5.0861229;5.0349499;4.97517;4.9890876;5.0206058;4.8965438;5.0073491;4.9351045;5.0695225;5.0068295;5.0800369;4.971503;4.9932767;4.9559796,1.841804646574019e-07,55.60358810424805,9.218215524242623e-09,42980.199123443395,1.0,0.1986545787319063,True,,,1,12000348007822388132,1cebbe2c85286d125a19176074641cec80e768fcc76265a176a2887e861b48e2:302,123,8717389554984115063,3eabdfa943524b1077c76342cd49dd883c1d02e6abf0a6e9273162f3d53c340b,0.0
303,0,-0.5603056466261007,0.1816180439590731,inside,elliptical,2.1281219769344,1.3593527551191475,3.4486691877964315,2.0504065580368147,39.66334473425751,1,,,,False,0.05817752629637788,0.18653088777829718,False,0.31034880310973056,2.8475646425834293,1.1636709119702262,2.2331536857668626,diffusive,,10.66836575460517,0.04722573475788409,78.47129295738854,1.8137957645761609,3.1305655662127956,4.620639745258982,5.68538905536833,0.5500926554702515,0.3047670588730309,0.9357314875422562,0.17359292320533237,0.38431988621683943,0.8668192548981639,28.149274001543944,2.9605309480742568,0.03886250543978224,qp_ode,0.05,100.0,1.2512034976864658e-07,100.00000000000001,188.48033507752348,0.6670225937261742,191.0,5.0,0.999,independent_lognormal,False,0.0,False,0.0,9.098577993987643,0.2303377177609583,False,0.0,fixed_device,0,83.8352488853537,118.05332671712425,167.6704977707074,204.94395774055712,107.50854;83.835249;108.17078;117.03402;89.487233;118.05333;86.697402;85.209342;102.47198;92.587643;100.74184;98.930132;99.136065;93.433459;94.419352;116.50486;105.77879,198.80062;167.6705;194.33474;189.94553;178.97447;197.9976;173.3948;170.41868;204.94396;185.17529;198.89142;197.86026;196.57891;186.86692;188.8387;189.8481;183.62519,4.9457111;5.0272209;5.0049862;5.0861229;5.0349499;4.97517;4.9890876;5.0206058;4.8965438;5.0073491;4.9351045;5.0695225;5.0068295;5.0800369;4.971503;4.9932767;4.9559796,2.6002055619755993e-06,8.336691856384277,1.3095318251998833e-07,42980.199123443395,1.0,0.20510488030859034,True,,,2,12645572283318568783,1cebbe2c85286d125a19176074641cec80e768fcc76265a176a2887e861b48e2:303,123,3344408692101743139,3eabdfa943524b1077c76342cd49dd883c1d02e6abf0a6e9273162f3d53c340b,0.5459558823529411
304,0,-0.8247525052209177,-3.0,edge,elliptical,2.476690425139787,0.915266114292951,4.3970990944656085,2.3255575516986324,141.194243935039,1,,,,False,0.3714262131476118,0.9765438421117653,False,0.24119851103045586,3.5663417238045163,0.6617346389355594,1.9377172972255434,diffusive,,18.160722785538383,0.1178855775647602,55.57787982808325,0.5298549140859466,3.443461359020863,4.940920192460845,9.031484517329261,0.16198630652080168,0.3446742095629321,0.8336871364286926,0.28141958610170725,0.31162166452408213,1.0684524039948868,20.67197395817507,3.2950133882687274,0.06598175757606935,qp_ode,0.05,100.0,1.6459681400292978e-08,100.00000000000001,188.48033507752348,1.9479274953104122,191.0,5.0,0.999,independent_lognormal,False,0.0,False,0.0,13.38749948371522,0.4211317314288361,False,0.0,fixed_device,0,83.8352488853537,118.05332671712425,167.6704977707074,204.94395774055712,107.50854;83.835249;108.17078;117.03402;89.487233;118.05333;86.697402;85.209342;102.47198;92.587643;100.74184;98.930132;99.136065;93.433459;94.419352;116.50486;105.77879,198.80062;167.6705;194.33474;189.94553;178.97447;197.9976;173.3948;170.41868;204.94396;185.17529;198.89142;197.86026;196.57891;186.86692;188.8387;189.8481;183.62519,4.9457111;5.0272209;5.0049862;5.0861229;5.0349499;4.97517;4.9890876;5.0206058;4.8965438;5.0073491;4.9351045;5.0695225;5.0068295;5.0800369;4.971503;4.9932767;4.9559796,2.806382326525636e-07,41.626800537109375,1.4055570929372152e-08,42980.199123443395,1.0,0.2071905245733486,True,,,2,14483825533217533784,1cebbe2c85286d125a19176074641cec80e768fcc76265a176a2887e861b48e2:304,123,701076953938632096,3eabdfa943524b1077c76342cd49dd883c1d02e6abf0a6e9273162f3d53c340b,0.0
305,0,-3.9026851106157094,0.5605485440890634,outside,circular,1.7550349683040898,1.625954355812085,4.939467481077974,1.0,89.90951180864879,1,,,,False,0.2574478998561069,0.6484543003270221,False,0.31199516263780136,3.5251492276081358,1.163352827967202,2.8976157397998237,ballistic,33.07700206178522,,0.09126361297429236,15.691072543785518,1.7993837672859678,3.3592229698871834,5.889894206531165,9.269376843001403,0.566193520579144,0.22007605246392623,0.8784924984520013,0.7476000780099535,0.46589966802709404,1.1780097575903437,26.7784408389231,3.31632734039252,0.07853080204222404,qp_ode,0.05,100.0,3.0196626032811255e-09,100.00000000000001,188.48033507752348,0.3203413209975118,191.0,5.0,0.999,independent_lognormal,False,0.0,False,0.0,13.142727191851469,0.36544414679341086,False,0.0,fixed_device,0,83.8352488853537,118.05332671712425,167.6704977707074,204.94395774055712,107.50854;83.835249;108.17078;117.03402;89.487233;118.05333;86.697402;85.209342;102.47198;92.587643;100.74184;98.930132;99.136065;93.433459;94.419352;116.50486;105.77879,198.80062;167.6705;194.33474;189.94553;178.97447;197.9976;173.3948;170.41868;204.94396;185.17529;198.89142;197.86026;196.57891;186.86692;188.8387;189.8481;183.62519,4.9457111;5.0272209;5.0049862;5.0861229;5.0349499;4.97517;4.9890876;5.0206058;4.8965438;5.0073491;4.9351045;5.0695225;5.0068295;5.0800369;4.971503;4.9932767;4.9559796,4.410878062799384e-08,76.89037322998047,2.2071109384569354e-09,42980.199123443395,1.0,0.21048153685574783,True,,,1,11200657284074385457,1cebbe2c85286d125a19176074641cec80e768fcc76265a176a2887e861b48e2:305,123,7540347127430583868,3eabdfa943524b1077c76342cd49dd883c1d02e6abf0a6e9273162f3d53c340b,0.0
306,0,-1.7931844762867775,-1.6654778180280292,inside,circular,2.199419362926515,1.436374182843394,7.408116245267155,1.0,96.44838894544299,1,,,,False,0.17526764808624207,0.3507510078684304,False,0.26107310985896215,2.1067001746472265,1.2664261811536375,1.5703311416918113,ballistic,16.698568540874703,,0.07729144761256307,78.15631829645484,1.5967706015678007,2.236332297866657,3.6198396712227954,5.658534321156258,0.20358777293967373,0.2665416870148305,0.8391082050754758,0.299644614945419,0.15602722303932615,1.1478712650425442,32.746236588069465,3.38722198809909,0.009030935988728048,qp_ode,0.05,100.0,5.734995354336588e-09,100.00000000000001,188.48033507752348,1.5824907564970292,191.0,5.0,0.999,independent_lognormal,False,0.0,False,0.0,6.7822133455171265,0.44438361550906347,False,0.0,fixed_device,0,83.8352488853537,118.05332671712425,167.6704977707074,204.94395774055712,107.50854;83.835249;108.17078;117.03402;89.487233;118.05333;86.697402;85.209342;102.47198;92.587643;100.74184;98.930132;99.136065;93.433459;94.419352;116.50486;105.77879,198.80062;167.6705;194.33474;189.94553;178.97447;197.9976;173.3948;170.41868;204.94396;185.17529;198.89142;197.86026;196.57891;186.86692;188.8387;189.8481;183.62519,4.9457111;5.0272209;5.0049862;5.0861229;5.0349499;4.97517;4.9890876;5.0206058;4.8965438;5.0073491;4.9351045;5.0695225;5.0068295;5.0800369;4.971503;4.9932767;4.9559796,1.508876010802851e-07,54.84136199951172,7.553523140302332e-09,42980.199123443395,1.0,0.20236369393792852,True,,,1,12761475338817973015,1cebbe2c85286d125a19176074641cec80e768fcc76265a176a2887e861b48e2:306,123,1449800898403503455,3eabdfa943524b1077c76342cd49dd883c1d02e6abf0a6e9273162f3d53c340b,0.0
307,0,2.735641228756166,2.4213030230536727,inside,circular,1.9987386431238365,0.8476222533779314,8.370424878170903,1.0,28.809817950075058,1,,,,False,0.38820707792646275,0.42149208493099055,False,0.1653743064565908,1.8519973007634727,0.7893980756742054,2.0868406715385146,diffusive,,9.368122044172733,0.09202032521651209,4.362531986566447,1.2039480617485678,2.4010050297469125,6.287032846133782,6.348770009643777,0.20436049149808333,0.40568304218462203,0.8588944597874284,0.05422684569271086,0.4730045255032763,0.9440644841103121,31.606088205432357,2.928043981285427,0.05167971009430574,qp_ode,0.05,100.0,2.9324513993469875e-10,100.00000000000001,188.48033507752348,0.5340536655027874,191.0,5.0,0.999,independent_lognormal,False,0.0,False,0.0,11.80019561061714,0.07929555755010102,False,0.0,fixed_device,0,83.8352488853537,118.05332671712425,167.6704977707074,204.94395774055712,107.50854;83.835249;108.17078;117.03402;89.487233;118.05333;86.697402;85.209342;102.47198;92.587643;100.74184;98.930132;99.136065;93.433459;94.419352;116.50486;105.77879,198.80062;167.6705;194.33474;189.94553;178.97447;197.9976;173.3948;170.41868;204.94396;185.17529;198.89142;197.86026;196.57891;186.86692;188.8387;189.8481;183.62519,4.9457111;5.0272209;5.0049862;5.0861229;5.0349499;4.97517;4.9890876;5.0206058;4.8965438;5.0073491;4.9351045;5.0695225;5.0068295;5.0800369;4.971503;4.9932767;4.9559796,6.25375840002107e-09,83.83525085449219,3.135091908301746e-10,42980.199123443395,1.0,0.18114804583726343,True,,,0,690029473941409143,1cebbe2c85286d125a19176074641cec80e768fcc76265a176a2887e861b48e2:307,123,477638459297028744,3eabdfa943524b1077c76342cd49dd883c1d02e6abf0a6e9273162f3d53c340b,0.0
308,0,2.360729041854823,-2.3589389989041867,inside,elliptical,2.3153811272849447,1.5249788008143268,4.1575976833963155,1.8169262225681655,24.03416430040338,1,,,,False,0.22311547218954342,0.860062539448019,False,0.38238114558496084,1.5484164930203672,1.295969194121867,2.563878304650457,diffusive,,10.062600915456025,0.07899903039084306,12.65979388181587,1.8149756849438172,2.944059388440869,5.834145908030351,8.663079286101734,0.32693586044950596,0.2750404139825847,0.9198530898185154,0.3282268484393712,0.4507095590281756,0.8130139157776588,23.951214590385632,3.2702337025622694,0.015490831234429719,qp_ode,0.05,100.0,3.9274635950827305e-09,100.00000000000001,188.48033507752348,1.8456134997641334,191.0,5.0,0.999,independent_lognormal,False,0.0,False,0.0,4.273371146794401,0.3707650483679575,False,0.0,fixed_device,0,83.8352488853537,118.05332671712425,167.6704977707074,204.94395774055712,107.50854;83.835249;108.17078;117.03402;89.487233;118.05333;86.697402;85.209342;102.47198;92.587643;100.74184;98.930132;99.136065;93.433459;94.419352;116.50486;105.77879,198.80062;167.6705;194.33474;189.94553;178.97447;197.9976;173.3948;170.41868;204.94396;185.17529;198.89142;197.86026;196.57891;186.86692;188.8387;189.8481;183.62519,4.9457111;5.0272209;5.0049862;5.0861229;5.0349499;4.97517;4.9890876;5.0206058;4.8965438;5.0073491;4.9351045;5.0695225;5.0068295;5.0800369;4.971503;4.9932767;4.9559796,1.2571000240768626e-07,61.699241638183594,6.312085076842777e-09,42980.199123443395,1.0,0.1954993380617079,True,,,1,18353951376626527664,1cebbe2c85286d125a19176074641cec80e768fcc76265a176a2887e861b48e2:308,123,193593769809166142,3eabdfa943524b1077c76342cd49dd883c1d02e6abf0a6e9273162f3d53c340b,0.0
309,0,3.481902737615953,0.2679174968117284,outside,circular,2.1705415974320275,1.378087706412067,2.552285814812702,1.0,120.52640703027993,1,,,,False,0.3845814391232682,0.816180146109902,False,0.2081986144779716,2.415697559739743,0.5743982619112967,2.96735083532188,diffusive,,6.190545661986629,0.11331691526941234,33.937805645671524,0.5211586702054384,3.027667730328183,4.848381317206217,6.54488923915935,0.18351675790715033,0.26884082857531055,0.804774774892535,0.642406816020304,0.1338250867719961,1.0351838044611839,33.765278184066524,3.004091055492193,0.06896367771331145,qp_ode,0.05,100.0,1.5396331580224184e-08,100.00000000000001,188.48033507752348,0.9195329368675136,191.0,5.0,0.999,independent_lognormal,False,0.0,False,0.0,9.783637307558887,0.3685199514969239,False,0.0,fixed_device,0,83.8352488853537,118.05332671712425,167.6704977707074,204.94395774055712,107.50854;83.835249;108.17078;117.03402;89.487233;118.05333;86.697402;85.209342;102.47198;92.587643;100.74184;98.930132;99.136065;93.433459;94.419352;116.50486;105.77879,198.80062;167.6705;194.33474;189.94553;178.97447;197.9976;173.3948;170.41868;204.94396;185.17529;198.89142;197.86026;196.57891;186.86692;188.8387;189.8481;183.62519,4.9457111;5.0272209;5.0049862;5.0861229;5.0349499;4.97517;4.9890876;5.0206058;4.8965438;5.0073491;4.9351045;5.0695225;5.0068295;5.0800369;4.971503;4.9932767;4.9559796,3.0219274549381225e-07,42.01930236816406,1.5119368867999583e-08,42980.199123443395,1.0,0.1889815179010282,True,,,2,16176481557701214994,1cebbe2c85286d125a19176074641cec80e768fcc76265a176a2887e861b48e2:309,123,3582933405389454457,3eabdfa943524b1077c76342cd49dd883c1d02e6abf0a6e9273162f3d53c340b,0.0
310,0,-2.360763357662943,-3.0,edge,circular,2.043506091818909,1.1291852784632062,7.847298176108458,1.0,117.41220516669462,1,,,,False,0.3477125814349591,0.7195155565472579,False,0.12918779018404003,2.8194679502114477,1.0723269548107552,1.8408928354566019,diffusive,,13.606916127792987,0.06407151028555733,53.24749992820016,1.5953087604725171,2.225006809515227,6.404899603461721,9.721224811889938,0.34152600497640306,0.45595422632114124,0.9201405431869769,0.5736003334881774,0.26792246734571756,1.1347046532925291,32.65564209364424,2.917614281131354,0.01808598757103584,qp_ode,0.05,100.0,1.0622531648258181e-10,100.00000000000001,188.48033507752348,0.7616393458726534,191.0,5.0,0.999,independent_lognormal,False,0.0,False,0.0,41.76334672702142,0.17057153958026244,False,0.0,fixed_device,0,83.8352488853537,118.05332671712425,167.6704977707074,204.94395774055712,107.50854;83.835249;108.17078;117.03402;89.487233;118.05333;86.697402;85.209342;102.47198;92.587643;100.74184;98.930132;99.136065;93.433459;94.419352;116.50486;105.77879,198.80062;167.6705;194.33474;189.94553;178.97447;197.9976;173.3948;170.41868;204.94396;185.17529;198.89142;197.86026;196.57891;186.86692;188.8387;189.8481;183.62519,4.9457111;5.0272209;5.0049862;5.0861229;5.0349499;4.97517;4.9890876;5.0206058;4.8965438;5.0073491;4.9351045;5.0695225;5.0068295;5.0800369;4.971503;4.9932767;4.9559796,1.4457384178712118e-09,83.462890625,7.246516581238538e-11,42980.199123443395,1.0,0.17473073364545566,True,,,0,12591621243243703317,1cebbe2c85286d125a19176074641cec80e768fcc76265a176a2887e861b48e2:310,123,2219162903649007999,3eabdfa943524b1077c76342cd49dd883c1d02e6abf0a6e9273162f3d53c340b,0.0
311,0,1.248344720537851,-2.2881683674628164,inside,elliptical,2.2611235755472743,0.9787382602403686,3.9913006239318296,1.1353718261930785,45.15807356128418,1,,,,False,0.2907925012509457,0.14458058794727713,False,0.17719243584078428,3.439378733449473,0.9207099079450443,2.7412748075067697,ballistic,30.001686471853688,,0.06298227198382159,37.42486752136979,1.023844042972365,2.1757918442285393,5.692748494291179,6.84248605002207,0.22809411213464803,0.40409779703665283,0.8688474234169192,0.5189588499073928,0.49773617767673195,0.9202152124004228,34.73128719337015,3.0128462798850135,0.04116968230965265,qp_ode,0.05,100.0,3.0656057271092303e-09,100.00000000000001,188.48033507752348,1.6320136801495733,191.0,5.0,0.999,independent_lognormal,False,0.0,False,0.0,19.73635320537322,0.27471846871579525,False,0.0,fixed_device,0,83.8352488853537,118.05332671712425,167.6704977707074,204.94395774055712,107.50854;83.835249;108.17078;117.03402;89.487233;118.05333;86.697402;85.209342;102.47198;92.587643;100.74184;98.930132;99.136065;93.433459;94.419352;116.50486;105.77879,198.80062;167.6705;194.33474;189.94553;178.97447;197.9976;173.3948;170.41868;204.94396;185.17529;198.89142;197.86026;196.57891;186.86692;188.8387;189.8481;183.62519,4.9457111;5.0272209;5.0049862;5.0861229;5.0349499;4.97517;4.9890876;5.0206058;4.8965438;5.0073491;4.9351045;5.0695225;5.0068295;5.0800369;4.971503;4.9932767;4.9559796,6.863610479967974e-08,72.62284088134766,3.4357781064642268e-09,42980.199123443395,1.0,0.18572550818382508,True,,,1,17362242150638617832,1cebbe2c85286d125a19176074641cec80e768fcc76265a176a2887e861b48e2:311,123,5318668736306114692,3eabdfa943524b1077c76342cd49dd883c1d02e6abf0a6e9273162f3d53c340b,0.0
312,0,-1.6150668220302125,2.3824512010137173,inside,circular,1.7772116730900918,1.0850713760548096,3.8504505572942023,1.0,67.65071016775104,1,,,,False,0.39034134284176913,0.9571617809143538,False,0.29836568359439214,1.837357036719813,1.2108229571796119,2.060595931914297,diffusive,,17.78600315416076,0.10361752650842701,22.323380195688536,0.45919822047948994,2.1212683814382816,5.328535153148941,9.45417032919618,0.40083896690134424,0.12408072045685442,0.8918891128611038,0.40737054273434153,0.3462179784823453,0.6337058125781566,24.721648621174488,3.3755813316226626,0.03815528343226947,qp_ode,0.05,100.0,7.132660253687223e-09,100.00000000000001,188.48033507752348,0.9383084078467854,191.0,5.0,0.999,independent_lognormal,False,0.0,False,0.0,3.9315909652474836,0.055365698027779554,False,0.0,fixed_device,0,83.8352488853537,118.05332671712425,167.6704977707074,204.94395774055712,107.50854;83.835249;108.17078;117.03402;89.487233;118.05333;86.697402;85.209342;102.47198;92.587643;100.74184;98.930132;99.136065;93.433459;94.419352;116.50486;105.77879,198.80062;167.6705;194.33474;189.94553;178.97447;197.9976;173.3948;170.41868;204.94396;185.17529;198.89142;197.86026;196.57891;186.86692;188.8387;189.8481;183.62519,4.9457111;5.0272209;5.0049862;5.0861229;5.0349499;4.97517;4.9890876;5.0206058;4.8965438;5.0073491;4.9351045;5.0695225;5.0068295;5.0800369;4.971503;4.9932767;4.9559796,1.3354542716115247e-07,62.94140625,6.679624853234145e-09,42980.199123443395,1.0,0.20718599147035802,True,,,1,11306411332942897709,1cebbe2c85286d125a19176074641cec80e768fcc76265a176a2887e861b48e2:312,123,5172756284600825192,3eabdfa943524b1077c76342cd49dd883c1d02e6abf0a6e9273162f3d53c340b,0.0
313,0,0.4648626383511836,3.0,edge,circular,2.3724616977968984,0.86190979023153,2.3994657276063487,1.0,90.84543064713945,1,,,,False,0.061904916626682904,0.5513745888024155,False,0.2783657858637528,2.6689176565414163,0.5756897315106857,2.809351548177844,diffusive,,14.32769141771764,0.10300647733717282,65.36984684961342,1.178070300040023,3.225980954164907,4.305716791114516,9.463804887308491,0.18338493650943272,0.390058412022503,0.8256993733543788,0.11169208137334818,0.25885282615733796,0.9532320790237188,34.612576790445026,3.3153512529004425,0.05845433279479049,qp_ode,0.05,100.0,1.5093708773892782e-07,100.00000000000001,188.48033507752348,0.7539189703094791,191.0,5.0,0.999,independent_lognormal,False,0.0,False,0.0,21.40722547134043,0.3120922641225436,False,0.0,fixed_device,0,83.8352488853537,118.05332671712425,167.6704977707074,204.94395774055712,107.50854;83.835249;108.17078;117.03402;89.487233;118.05333;86.697402;85.209342;102.47198;92.587643;100.74184;98.930132;99.136065;93.433459;94.419352;116.50486;105.77879,198.80062;167.6705;194.33474;189.94553;178.97447;197.9976;173.3948;170.41868;204.94396;185.17529;198.89142;197.86026;196.57891;186.86692;188.8387;189.8481;183.62519,4.9457111;5.0272209;5.0049862;5.0861229;5.0349499;4.97517;4.9890876;5.0206058;4.8965438;5.0073491;4.9351045;5.0695225;5.0068295;5.0800369;4.971503;4.9932767;4.9559796,4.309521045797737e-06,5.158284664154053,2.1749299605744454e-07,42980.199123443395,1.0,0.22530416724790917,True,,,2,4524654944303151470,1cebbe2c85286d125a19176074641cec80e768fcc76265a176a2887e861b48e2:313,123,8797782712506801461,3eabdfa943524b1077c76342cd49dd883c1d02e6abf0a6e9273162f3d53c340b,0.3850241268382353
314,0,3.411072655128941,-0.9875996407505276,outside,elliptical,2.2069536564362284,0.8375661260807514,9.031934778878641,1.6987808498646189,69.15298066672942,1,,,,False,0.2190729426893418,0.9085306755312652,False,0.11557207825543687,3.8919125311360627,1.0517881291270128,2.1233858212520778,diffusive,,14.702302130496694,0.02134046723971798,1.5452733757078008,1.8402834086605862,2.1184292869705725,4.80407527166496,7.45882713855584,0.45557194746744534,0.44093810453856674,0.8642067371627113,0.28288540945406304,0.09416592394641092,1.1157359260657236,25.76097738430493,3.3692979915071892,0.05174122057478026,qp_ode,0.05,100.0,1.9596927651986424e-10,100.00000000000001,188.48033507752348,0.7161069270433775,191.0,5.0,0.999,independent_lognormal,False,0.0,False,0.0,9.415610499510937,0.608217112496798,False,0.0,fixed_device,0,83.8352488853537,118.05332671712425,167.6704977707074,204.94395774055712,107.50854;83.835249;108.17078;117.03402;89.487233;118.05333;86.697402;85.209342;102.47198;92.587643;100.74184;98.930132;99.136065;93.433459;94.419352;116.50486;105.77879,198.80062;167.6705;194.33474;189.94553;178.97447;197.9976;173.3948;170.41868;204.94396;185.17529;198.89142;197.86026;196.57891;186.86692;188.8387;189.8481;183.62519,4.9457111;5.0272209;5.0049862;5.0861229;5.0349499;4.97517;4.9890876;5.0206058;4.8965438;5.0073491;4.9351045;5.0695225;5.0068295;5.0800369;4.971503;4.9932767;4.9559796,3.945586080078556e-09,83.83525085449219,1.973846364133891e-10,42980.199123443395,1.0,0.20799433155377556,True,,,0,10145778501471011094,1cebbe2c85286d125a19176074641cec80e768fcc76265a176a2887e861b48e2:314,123,2997108245805777612,3eabdfa943524b1077c76342cd49dd883c1d02e6abf0a6e9273162f3d53c340b,0.0
315,0,1.6312518559868572,3.2990776916107984,outside,elliptical,1.7279610297893158,0.8680843741196564,9.820623277650135,1.0266282340726431,137.98641256005317,1,,,,False,0.3792244078589791,0.5804517673594964,False,0.2536422193693697,3.3939689072205974,0.8882948145577274,1.07547949228501,ballistic,21.072867540392966,,0.059680815646043356,37.48039973574337,1.3891848991480762,3.7392815044927508,5.989162910086086,8.633658085756732,0.18028152825862692,0.10750374635174942,0.9267213879573074,0.7691433017781718,0.22506953759839382,0.923771087105445,24.66170502310281,3.1646469547693217,0.06650622160479143,qp_ode,0.05,100.0,1.3138534285023827e-08,100.00000000000001,188.48033507752348,0.7423581437033944,191.0,5.0,0.999,independent_lognormal,False,0.0,False,0.0,7.814547510836786,0.6022624565315402,False,0.0,fixed_device,0,83.8352488853537,118.05332671712425,167.6704977707074,204.94395774055712,107.50854;83.835249;108.17078;117.03402;89.487233;118.05333;86.697402;85.209342;102.47198;92.587643;100.74184;98.930132;99.136065;93.433459;94.419352;116.50486;105.77879,198.80062;167.6705;194.33474;189.94553;178.97447;197.9976;173.3948;170.41868;204.94396;185.17529;198.89142;197.86026;196.57891;186.86692;188.8387;189.8481;183.62519,4.9457111;5.0272209;5.0049862;5.0861229;5.0349499;4.97517;4.9890876;5.0206058;4.8965438;5.0073491;4.9351045;5.0695225;5.0068295;5.0800369;4.971503;4.9932767;4.9559796,4.085290470356995e-07,37.12627029418945,2.0450844573360882e-08,42980.199123443395,1.0,0.1981308692783624,True,,,2,15069612797999853399,1cebbe2c85286d125a19176074641cec80e768fcc76265a176a2887e861b48e2:315,123,5887589087393235290,3eabdfa943524b1077c76342cd49dd883c1d02e6abf0a6e9273162f3d53c340b,0.0
316,0,-0.17549972069890574,-3.0,edge,circular,2.1023378703630726,1.4619094874992777,8.696243672439905,1.0,163.04452029085428,1,,,,False,0.23821756847925118,0.8185536525367006,False,0.3819451386534737,1.508635272413491,0.6357671666907816,2.7231388635158673,diffusive,,9.628372613553111,0.023345555070596297,79.57171474473215,1.43548827656593,2.6430956422627387,5.917218303194248,5.820939016278145,0.4981958277006776,0.35412689582771895,0.9794558850172335,0.16333310982097393,0.30674460380619073,0.6369935929089423,27.940085845235977,2.9418513347476027,0.009880127536095165,qp_ode,0.05,100.0,6.369414814921439e-09,100.00000000000001,188.48033507752348,0.9323502263778436,191.0,5.0,0.999,independent_lognormal,False,0.0,False,0.0,14.402404487039759,0.4511676966934267,False,0.0,fixed_device,0,83.8352488853537,118.05332671712425,167.6704977707074,204.94395774055712,107.50854;83.835249;108.17078;117.03402;89.487233;118.05333;86.697402;85.209342;102.47198;92.587643;100.74184;98.930132;99.136065;93.433459;94.419352;116.50486;105.77879,198.80062;167.6705;194.33474;189.94553;178.97447;197.9976;173.3948;170.41868;204.94396;185.17529;198.89142;197.86026;196.57891;186.86692;188.8387;189.8481;183.62519,4.9457111;5.0272209;5.0049862;5.0861229;5.0349499;4.97517;4.9890876;5.0206058;4.8965438;5.0073491;4.9351045;5.0695225;5.0068295;5.0800369;4.971503;4.9932767;4.9559796,1.485255438637978e-07,61.735843658447266,7.4288664109189995e-09,42980.199123443395,1.0,0.17481635155417796,True,,,1,10970106312644371896,1cebbe2c85286d125a19176074641cec80e768fcc76265a176a2887e861b48e2:316,123,714417817867791028,3eabdfa943524b1077c76342cd49dd883c1d02e6abf0a6e9273162f3d53c340b,0.0
317,0,1.7168212986282203,1.7259261322705504,inside,circular,1.993750651180894,0.8359712199483473,8.11341186284769,1.0,80.17162820826199,1,,,,False,0.30008491615611027,0.7044281857534507,False,0.3472414452296038,3.4833105015736012,0.6226315710295304,1.1806826014966159,ballistic,14.254496968748866,,0.061918385681494464,28.00443489311233,1.022663738462013,2.4656187071064153,4.297962165400042,9.412280198878701,0.504533760380262,0.3234464240770776,0.9804269864523345,0.3886223705432224,0.4417847207336515,1.1716018938097832,32.50175534736745,3.3219188564686353,0.02666381776400499,qp_ode,0.05,100.0,2.5903508765762065e-07,100.00000000000001,188.48033507752348,0.6801394731653455,191.0,5.0,0.999,independent_lognormal,False,0.0,False,0.0,29.370581820926898,0.1523786560803694,False,0.0,fixed_device,0,83.8352488853537,118.05332671712425,167.6704977707074,204.94395774055712,107.50854;83.835249;108.17078;117.03402;89.487233;118.05333;86.697402;85.209342;102.47198;92.587643;100.74184;98.930132;99.136065;93.433459;94.419352;116.50486;105.77879,198.80062;167.6705;194.33474;189.94553;178.97447;197.9976;173.3948;170.41868;204.94396;185.17529;198.89142;197.86026;196.57891;186.86692;188.8387;189.8481;183.62519,4.9457111;5.0272209;5.0049862;5.0861229;5.0349499;4.97517;4.9890876;5.0206058;4.8965438;5.0073491;4.9351045;5.0695225;5.0068295;5.0800369;4.971503;4.9932767;4.9559796,6.901604137965478e-06,3.2810440063476562,3.5013880506085115e-07,42980.199123443395,1.0,0.26071046067472503,True,,,2,1274969868896848561,1cebbe2c85286d125a19176074641cec80e768fcc76265a176a2887e861b48e2:317,123,425317367139781280,3eabdfa943524b1077c76342cd49dd883c1d02e6abf0a6e9273162f3d53c340b,0.7900103400735294
318,0,-0.7246058737084771,0.6656608232842225,inside,elliptical,1.9604992869022009,1.497179377509999,9.410843901265626,2.1131322094328002,131.95319658666378,1,,,,False,0.25395794627035884,0.21469887325882608,False,0.2628902157652323,3.351962596903408,0.7707434611468227,2.2412699133624114,diffusive,,10.246501476405609,0.057394008466832264,44.726768736127134,1.0419873093753087,2.440397609288694,5.258492636338706,9.205292715369964,0.359328314747271,0.2893638178239868,0.9003548949442038,0.5338283602436746,0.1681372920234995,0.7516297683475697,21.350418385730393,3.2036472392290998,0.01844416881618513,qp_ode,0.05,100.0,6.193879391038069e-10,100.00000000000001,188.48033507752348,0.6225370350464031,191.0,5.0,0.999,independent_lognormal,False,0.0,False,0.0,31.657311210771237,0.5647870615051488,False,0.0,fixed_device,0,83.8352488853537,118.05332671712425,167.6704977707074,204.94395774055712,107.50854;83.835249;108.17078;117.03402;89.487233;118.05333;86.697402;85.209342;102.47198;92.587643;100.74184;98.930132;99.136065;93.433459;94.419352;116.50486;105.77879,198.80062;167.6705;194.33474;189.94553;178.97447;197.9976;173.3948;170.41868;204.94396;185.17529;198.89142;197.86026;196.57891;186.86692;188.8387;189.8481;183.62519,4.9457111;5.0272209;5.0049862;5.0861229;5.0349499;4.97517;4.9890876;5.0206058;4.8965438;5.0073491;4.9351045;5.0695225;5.0068295;5.0800369;4.971503;4.9932767;4.9559796,1.1376326547463123e-08,81.95709228515625,5.691197513257862e-10,42980.199123443395,1.0,0.19187909847743853,True,,,0,10415402446551236415,1cebbe2c85286d125a19176074641cec80e768fcc76265a176a2887e861b48e2:318,123,7173403677022066601,3eabdfa943524b1077c76342cd49dd883c1d02e6abf0a6e9273162f3d53c340b,0.0
319,0,-1.2619722994409244,-3.914027836102707,outside,elliptical,1.7730618438812162,1.10381480033506,8.700633254585345,2.449951856026006,122.00150675090393,1,,,,False,0.3620592968348906,0.25296260407543525,False,0.12361409951520781,2.570229948098455,0.636605371250933,2.3295049000006145,ballistic,14.590155263166624,,0.1024644970306578,32.00792043937969,1.367083113888961,3.2633000629901643,5.582357367703834,6.788008995807811,0.31616437477512954,0.34577602504702964,0.8207740885251177,0.6799156910610783,0.23456657134670128,1.0167126468752974,25.54324499323677,3.3732453070680752,0.07849268618456583,qp_ode,0.05,100.0,1.1896432582416386e-10,100.00000000000001,188.48033507752348,1.463458363672782,191.0,5.0,0.999,independent_lognormal,False,0.0,False,0.0,8.454175061087346,0.09469489411965915,False,0.0,fixed_device,0,83.8352488853537,118.05332671712425,167.6704977707074,204.94395774055712,107.50854;83.835249;108.17078;117.03402;89.487233;118.05333;86.697402;85.209342;102.47198;92.587643;100.74184;98.930132;99.136065;93.433459;94.419352;116.50486;105.77879,198.80062;167.6705;194.33474;189.94553;178.97447;197.9976;173.3948;170.41868;204.94396;185.17529;198.89142;197.86026;196.57891;186.86692;188.8387;189.8481;183.62519,4.9457111;5.0272209;5.0049862;5.0861229;5.0349499;4.97517;4.9890876;5.0206058;4.8965438;5.0073491;4.9351045;5.0695225;5.0068295;5.0800369;4.971503;4.9932767;4.9559796,1.6125709656478193e-09,83.34962463378906,8.067858187077448e-11,42980.199123443395,1.0,0.21402393927081698,True,,,0,7581285117289258186,1cebbe2c85286d125a19176074641cec80e768fcc76265a176a2887e861b48e2:319,123,7845505321222932683,3eabdfa943524b1077c76342cd49dd883c1d02e6abf0a6e9273162f3d53c340b,0.0
320,0,-0.837338200501887,-3.0,edge,circular,1.9275045705920892,1.3353966047716566,6.905008851526158,1.0,178.12467459750496,1,,,,False,0.060581393247420234,0.7917964519814586,False,0.10220837382988474,3.448869809978122,0.9514638101487412,2.1337446137867673,ballistic,20.304993951247777,,0.10906440398999778,44.01942695324862,1.6498561395850722,3.780897693818212,3.780897693818212,9.096403614781277,0.2478090382699718,0.14866280180432875,0.807738800864518,0.7670069540348835,0.32977802052275673,0.809789469019268,23.433770175151654,3.285008575864002,0.03460768909675302,qp_ode,0.05,100.0,1.0533300145491047e-10,100.00000000000001,188.48033507752348,1.6362877575679797,191.0,5.0,0.999,independent_lognormal,False,0.0,False,0.0,19.68236479735129,0.48899113169041175,False,0.0,fixed_device,0,83.8352488853537,118.05332671712425,167.6704977707074,204.94395774055712,107.50854;83.835249;108.17078;117.03402;89.487233;118.05333;86.697402;85.209342;102.47198;92.587643;100.74184;98.930132;99.136065;93.433459;94.419352;116.50486;105.77879,198.80062;167.6705;194.33474;189.94553;178.97447;197.9976;173.3948;170.41868;204.94396;185.17529;198.89142;197.86026;196.57891;186.86692;188.8387;189.8481;183.62519,4.9457111;5.0272209;5.0049862;5.0861229;5.0349499;4.97517;4.9890876;5.0206058;4.8965438;5.0073491;4.9351045;5.0695225;5.0068295;5.0800369;4.971503;4.9932767;4.9559796,1.6580897765905434e-09,83.33599853515625,8.293619957466802e-11,42980.199123443395,1.0,0.19992982179646224,True,,,0,9424142888573446631,1cebbe2c85286d125a19176074641cec80e768fcc76265a176a2887e861b48e2:320,123,1421023862759340171,3eabdfa943524b1077c76342cd49dd883c1d02e6abf0a6e9273162f3d53c340b,0.0
321,0,0.9244821196872985,-3.0,edge,circular,2.290223640852785,1.6743766668444988,9.884503182159026,1.0,75.94342562391056,1,,,,False,0.05537937817978674,0.5763997204210519,False,0.13313949858513952,3.366642537457843,1.142025873397344,2.9841117599163924,ballistic,28.744742075973328,,0.06620694924057448,62.004027034457216,0.5740976796487708,3.2156219317488945,4.001278352637573,8.652652495601327,0.285249072775555,0.35583626179022554,0.9870679996516767,0.38230543782000137,0.37351174695630013,0.7943340188469799,25.81937280581665,3.085311744025897,0.0033777142809151076,qp_ode,0.05,100.0,5.593584039065911e-09,100.00000000000001,188.48033507752348,1.9881294139086467,191.0,5.0,0.999,independent_lognormal,False,0.0,False,0.0,10.587318641703755,0.5100010434204993,False,0.0,fixed_device,0,83.8352488853537,118.05332671712425,167.6704977707074,204.94395774055712,107.50854;83.835249;108.17078;117.03402;89.487233;118.05333;86.697402;85.209342;102.47198;92.587643;100.74184;98.930132;99.136065;93.433459;94.419352;116.50486;105.77879,198.80062;167.6705;194.33474;189.94553;178.97447;197.9976;173.3948;170.41868;204.94396;185.17529;198.89142;197.86026;196.57891;186.86692;188.8387;189.8481;183.62519,4.9457111;5.0272209;5.0049862;5.0861229;5.0349499;4.97517;4.9890876;5.0206058;4.8965438;5.0073491;4.9351045;5.0695225;5.0068295;5.0800369;4.971503;4.9932767;4.9559796,1.231122155331832e-07,61.637603759765625,6.171683608613421e-09,42980.199123443395,1.0,0.18493978904110903,True,,,1,2288943573674669250,1cebbe2c85286d125a19176074641cec80e768fcc76265a176a2887e861b48e2:321,123,8794398396088604270,3eabdfa943524b1077c76342cd49dd883c1d02e6abf0a6e9273162f3d53c340b,0.0
322,0,-2.6299099226263927,1.4278138208940119,inside,elliptical,2.0488857331147954,0.9070045464416426,3.4672922064040224,2.1978731375294727,162.02763805730797,1,,,,False,0.30120686729585355,0.4180942036119797,False,0.2227203632979135,3.0259686322952954,1.0073758946505484,1.4603851213229024,ballistic,32.007962349244075,,0.08119933602010124,63.834949419892304,1.046764991486051,2.2793508909046682,4.865885725546455,8.288862959995523,0.325251642116948,0.11033911817059111,0.8193418011366543,0.2331006895970118,0.2877694658055885,0.535956864411777,29.183200108894017,3.088240845319665,0.028111877782338823,qp_ode,0.05,100.0,1.1560264707049293e-10,100.00000000000001,188.48033507752348,1.8891765797846438,191.0,5.0,0.999,independent_lognormal,False,0.0,False,0.0,23.48826042039854,0.25281479271952184,False,0.0,fixed_device,0,83.8352488853537,118.05332671712425,167.6704977707074,204.94395774055712,107.50854;83.835249;108.17078;117.03402;89.487233;118.05333;86.697402;85.209342;102.47198;92.587643;100.74184;98.930132;99.136065;93.433459;94.419352;116.50486;105.77879,198.80062;167.6705;194.33474;189.94553;178.97447;197.9976;173.3948;170.41868;204.94396;185.17529;198.89142;197.86026;196.57891;186.86692;188.8387;189.8481;183.62519,4.9457111;5.0272209;5.0049862;5.0861229;5.0349499;4.97517;4.9890876;5.0206058;4.8965438;5.0073491;4.9351045;5.0695225;5.0068295;5.0800369;4.971503;4.9932767;4.9559796,1.670611871062988e-09,83.70994567871094,8.354134745092168e-11,42980.199123443395,1.0,0.1868044542225191,True,,,0,10732905563192634235,1cebbe2c85286d125a19176074641cec80e768fcc76265a176a2887e861b48e2:322,123,6781431294932887702,3eabdfa943524b1077c76342cd49dd883c1d02e6abf0a6e9273162f3d53c340b,0.0
323,0,0.13370752318797496,-0.13759789193799454,inside,elliptical,2.082672705888694,1.095513314178896,7.363454192975784,2.316799233359915,127.95452729426336,1,,,,False,0.1460337700650609,0.015414857483197375,False,0.26054187443340526,3.508662743616009,0.6038575168382014,1.8897826395322919,ballistic,32.314564997001646,,0.09574030726234535,0.9735821384982835,0.9973854153289446,2.8834506047810704,5.586200001183456,8.516707772913875,0.18776160620214571,0.38556021985994393,0.8926918855857536,0.28384777068283434,0.483066629997268,0.6034177213782097,27.148521232672575,3.34970348874441,0.0250756902255407,qp_ode,0.05,100.0,7.976711788421013e-08,100.00000000000001,188.48033507752348,0.5679249918349836,191.0,5.0,0.999,independent_lognormal,False,0.0,False,0.0,23.154674878948434,0.5585022207978715,False,0.0,fixed_device,0,83.8352488853537,118.05332671712425,167.6704977707074,204.94395774055712,107.50854;83.835249;108.17078;117.03402;89.487233;118.05333;86.697402;85.209342;102.47198;92.587643;100.74184;98.930132;99.136065;93.433459;94.419352;116.50486;105.77879,198.80062;167.6705;194.33474;189.94553;178.97447;197.9976;173.3948;170.41868;204.94396;185.17529;198.89142;197.86026;196.57891;186.86692;188.8387;189.8481;183.62519,4.9457111;5.0272209;5.0049862;5.0861229;5.0349499;4.97517;4.9890876;5.0206058;4.8965438;5.0073491;4.9351045;5.0695225;5.0068295;5.0800369;4.971503;4.9932767;4.9559796,1.5240996162901865e-06,13.096611976623535,7.66025891607569e-08,42980.199123443395,1.0,0.21765233174540893,True,,,2,6615439405220185659,1cebbe2c85286d125a19176074641cec80e768fcc76265a176a2887e861b48e2:323,123,460666127713870337,3eabdfa943524b1077c76342cd49dd883c1d02e6abf0a6e9273162f3d53c340b,0.6021082261029411
324,0,3.0,0.6685739657371776,edge,circular,2.3984572754132305,1.242197702161702,3.028713928782744,1.0,102.24364845937639,1,,,,False,0.3956533140436213,0.04029619378515803,False,0.1481901086187141,2.9837328773355862,0.8611217951436185,2.5889780586552513,diffusive,,14.026647665567703,0.022510776026340232,36.43778272730863,1.4848903081065212,3.2100607258181686,4.222884989613482,5.895566974182774,0.25714725184338694,0.21326104862980355,0.8600236257219337,0.2994326148544647,0.34916170255334233,0.8676677814125611,26.597456125576578,3.0523988563052997,0.04918415332229726,qp_ode,0.05,100.0,1.0692536512171786e-10,100.00000000000001,188.48033507752348,0.4862880365230776,191.0,5.0,0.999,independent_lognormal,False,0.0,False,0.0,5.568134582664269,0.3728527294348772,False,0.0,fixed_device,0,83.8352488853537,118.05332671712425,167.6704977707074,204.94395774055712,107.50854;83.835249;108.17078;117.03402;89.487233;118.05333;86.697402;85.209342;102.47198;92.587643;100.74184;98.930132;99.136065;93.433459;94.419352;116.50486;105.77879,198.80062;167.6705;194.33474;189.94553;178.97447;197.9976;173.3948;170.41868;204.94396;185.17529;198.89142;197.86026;196.57891;186.86692;188.8387;189.8481;183.62519,4.9457111;5.0272209;5.0049862;5.0861229;5.0349499;4.97517;4.9890876;5.0206058;4.8965438;5.0073491;4.9351045;5.0695225;5.0068295;5.0800369;4.971503;4.9932767;4.9559796,1.8771213472490444e-09,83.83525085449219,9.410189988345863e-11,42980.199123443395,1.0,0.18838495972778954,True,,,0,7203476852900835266,1cebbe2c85286d125a19176074641cec80e768fcc76265a176a2887e861b48e2:324,123,368330309402058340,3eabdfa943524b1077c76342cd49dd883c1d02e6abf0a6e9273162f3d53c340b,0.0
325,0,0.8463955825232885,2.618107060314834,inside,elliptical,2.4224383282613555,1.4071766052241705,8.190151984796831,2.0480217696454157,93.39517073556489,1,,,,False,0.09891266076427768,0.7692289142741344,False,0.294374387102734,2.794898159623336,0.5683976114474297,2.607140942386112,diffusive,,8.667664174014037,0.060914355310696264,51.24463646170551,1.8056614849082377,3.030816158539576,4.148146789863268,6.7986110867425955,0.3043616162120833,0.20386569841783958,0.8211499261646621,0.23077060194789994,0.2948815840163437,0.7803720857063492,24.171720667669,2.885152286976574,0.02015571477317029,qp_ode,0.05,100.0,1.2203355387401958e-10,100.00000000000001,188.48033507752348,1.1180582436132238,191.0,5.0,0.999,independent_lognormal,False,0.0,False,0.0,15.207639963397863,0.3453950652305771,False,0.0,fixed_device,0,83.8352488853537,118.05332671712425,167.6704977707074,204.94395774055712,107.50854;83.835249;108.17078;117.03402;89.487233;118.05333;86.697402;85.209342;102.47198;92.587643;100.74184;98.930132;99.136065;93.433459;94.419352;116.50486;105.77879,198.80062;167.6705;194.33474;189.94553;178.97447;197.9976;173.3948;170.41868;204.94396;185.17529;198.89142;197.86026;196.57891;186.86692;188.8387;189.8481;183.62519,4.9457111;5.0272209;5.0049862;5.0861229;5.0349499;4.97517;4.9890876;5.0206058;4.8965438;5.0073491;4.9351045;5.0695225;5.0068295;5.0800369;4.971503;4.9932767;4.9559796,2.258372377994533e-09,83.83525085449219,1.1302798974544004e-10,42980.199123443395,1.0,0.17313996188335773,True,,,0,17006320509539453056,1cebbe2c85286d125a19176074641cec80e768fcc76265a176a2887e861b48e2:325,123,923831254385220607,3eabdfa943524b1077c76342cd49dd883c1d02e6abf0a6e9273162f3d53c340b,0.0
326,0,-3.0,-1.1064480602557725,edge,circular,2.2695372398071756,0.975559070339977,4.477101866449571,1.0,59.251309992635356,1,,,,False,0.19781766040073956,0.37625045273327884,False,0.22933730049738213,3.4789312347129475,0.9720127972554702,1.9628611372451674,ballistic,28.65651420957247,,0.04553073818495645,17.668104364033297,1.8633233094621766,3.1186150137538498,6.252536205399438,9.479945304640879,0.3080008034262838,0.14988852585859141,0.8418555570323308,0.0690406780425139,0.33022034779041204,1.0353113243389742,20.041426064753033,3.3194292679926045,0.06011374217148774,qp_ode,0.05,100.0,2.524679377048502e-09,100.00000000000001,188.48033507752348,1.9698358873920983,191.0,5.0,0.999,independent_lognormal,False,0.0,False,0.0,6.684212846884223,0.2975061988687668,False,0.0,fixed_device,0,83.8352488853537,118.05332671712425,167.6704977707074,204.94395774055712,107.50854;83.835249;108.17078;117.03402;89.487233;118.05333;86.697402;85.209342;102.47198;92.587643;100.74184;98.930132;99.136065;93.433459;94.419352;116.50486;105.77879,198.80062;167.6705;194.33474;189.94553;178.97447;197.9976;173.3948;170.41868;204.94396;185.17529;198.89142;197.86026;196.57891;186.86692;188.8387;189.8481;183.62519,4.9457111;5.0272209;5.0049862;5.0861229;5.0349499;4.97517;4.9890876;5.0206058;4.8965438;5.0073491;4.9351045;5.0695225;5.0068295;5.0800369;4.971503;4.9932767;4.9559796,4.330371794480925e-08,75.64593505859375,2.169404877960801e-09,42980.199123443395,1.0,0.20769021245450844,True,,,1,1914563533449831613,1cebbe2c85286d125a19176074641cec80e768fcc76265a176a2887e861b48e2:326,123,4466497373573275373,3eabdfa943524b1077c76342cd49dd883c1d02e6abf0a6e9273162f3d53c340b,0.0
327,0,-0.7281875349966569,-1.0419513013399586,inside,elliptical,2.243643169479362,1.6156980944710226,3.3652434932148294,1.4099873072083127,47.60565963918539,1,,,,False,0.3692120290616245,0.5825724835944737,False,0.16910951499501622,2.3692652137603964,0.6851210601768051,1.3372411460677343,ballistic,32.53667589150568,,0.11171543647243384,12.167865338591799,1.873481970222429,3.534662524744334,6.185191246450979,7.814356683540096,0.5753038669931846,0.2611873326901116,0.8813090781317285,0.37306880731543557,0.35073507183334385,1.035437906473842,20.84874817654517,2.9546552744477768,0.043131807930821504,qp_ode,0.05,100.0,1.8154821833331082e-09,100.00000000000001,188.48033507752348,1.1586145623042856,191.0,5.0,0.999,independent_lognormal,False,0.0,False,0.0,7.324756285647831,0.4713122258707553,False,0.0,fixed_device,0,83.8352488853537,118.05332671712425,167.6704977707074,204.94395774055712,107.50854;83.835249;108.17078;117.03402;89.487233;118.05333;86.697402;85.209342;102.47198;92.587643;100.74184;98.930132;99.136065;93.433459;94.419352;116.50486;105.77879,198.80062;167.6705;194.33474;189.94553;178.97447;197.9976;173.3948;170.41868;204.94396;185.17529;198.89142;197.86026;196.57891;186.86692;188.8387;189.8481;183.62519,4.9457111;5.0272209;5.0049862;5.0861229;5.0349499;4.97517;4.9890876;5.0206058;4.8965438;5.0073491;4.9351045;5.0695225;5.0068295;5.0800369;4.971503;4.9932767;4.9559796,4.2014598022888094e-08,75.40507507324219,2.101043561353322e-09,42980.199123443395,1.0,0.18145422206837505,True,,,1,4769303274641325877,1cebbe2c85286d125a19176074641cec80e768fcc76265a176a2887e861b48e2:327,123,6031399273737329664,3eabdfa943524b1077c76342cd49dd883c1d02e6abf0a6e9273162f3d53c340b,0.0
328,0,-2.179820616952841,3.0,edge,elliptical,2.0030015503670295,1.5521690553862373,7.905195740501646,2.2909758923621055,115.7473669830356,1,,,,False,0.3175692860626525,0.968581109549271,False,0.34168547653382386,2.2220997103949873,1.0742346812391297,1.5137353276051457,diffusive,,19.56697513000664,0.04426511791846072,45.35382066258629,1.365380235115413,3.394528451521775,6.25573987202546,8.028478752492493,0.570480927113073,0.10270554564945265,0.9358120557447183,0.07968889369637573,0.35066302624210627,0.7768712568348652,20.22009302531163,2.97246093739929,0.03997842258517827,qp_ode,0.05,100.0,3.6999948611181e-08,100.00000000000001,188.48033507752348,1.9803689073980688,191.0,5.0,0.999,independent_lognormal,False,0.0,False,0.0,19.383840677672218,0.36673164016282533,False,0.0,fixed_device,0,83.8352488853537,118.05332671712425,167.6704977707074,204.94395774055712,107.50854;83.835249;108.17078;117.03402;89.487233;118.05333;86.697402;85.209342;102.47198;92.587643;100.74184;98.930132;99.136065;93.433459;94.419352;116.50486;105.77879,198.80062;167.6705;194.33474;189.94553;178.97447;197.9976;173.3948;170.41868;204.94396;185.17529;198.89142;197.86026;196.57891;186.86692;188.8387;189.8481;183.62519,4.9457111;5.0272209;5.0049862;5.0861229;5.0349499;4.97517;4.9890876;5.0206058;4.8965438;5.0073491;4.9351045;5.0695225;5.0068295;5.0800369;4.971503;4.9932767;4.9559796,7.275248776750232e-07,23.684537887573242,3.652876756632395e-08,42980.199123443395,1.0,0.20428002205909415,True,,,2,16371374645844134303,1cebbe2c85286d125a19176074641cec80e768fcc76265a176a2887e861b48e2:328,123,3128453262535610408,3eabdfa943524b1077c76342cd49dd883c1d02e6abf0a6e9273162f3d53c340b,0.1323529411764706
329,0,0.262822002110882,-3.0,edge,elliptical,2.268026204400791,0.8267905786454862,6.844447892841476,2.273702546424545,85.24895531677909,1,,,,False,0.17262973737874085,0.7432698532894638,False,0.1497241397594642,2.977397934805997,1.2192637165946845,1.767190724309649,ballistic,12.724369730587357,,0.03811801416200472,17.163900544218002,1.1301996717153577,3.287852922034479,4.5492135682062855,5.112333858899284,0.3734717824575052,0.18045792170916508,0.8000138272929551,0.043098894230273826,0.467804914365527,0.7638480903369316,20.300958269885427,2.954576301521501,0.030524977285814058,qp_ode,0.05,100.0,5.991573726970323e-10,100.00000000000001,188.48033507752348,1.5413494901234475,191.0,5.0,0.999,independent_lognormal,False,0.0,False,0.0,12.175110568341847,0.552573421836436,False,0.0,fixed_device,0,83.8352488853537,118.05332671712425,167.6704977707074,204.94395774055712,107.50854;83.835249;108.17078;117.03402;89.487233;118.05333;86.697402;85.209342;102.47198;92.587643;100.74184;98.930132;99.136065;93.433459;94.419352;116.50486;105.77879,198.80062;167.6705;194.33474;189.94553;178.97447;197.9976;173.3948;170.41868;204.94396;185.17529;198.89142;197.86026;196.57891;186.86692;188.8387;189.8481;183.62519,4.9457111;5.0272209;5.0049862;5.0861229;5.0349499;4.97517;4.9890876;5.0206058;4.8965438;5.0073491;4.9351045;5.0695225;5.0068295;5.0800369;4.971503;4.9932767;4.9559796,1.7768309490406864e-08,80.50236511230469,8.902470427507581e-10,42980.199123443395,1.0,0.17906096499384574,True,,,0,15713724860107218560,1cebbe2c85286d125a19176074641cec80e768fcc76265a176a2887e861b48e2:329,123,3743742428985206132,3eabdfa943524b1077c76342cd49dd883c1d02e6abf0a6e9273162f3d53c340b,0.0
330,0,-3.4102595072662885,1.9186418603924027,outside,elliptical,1.897172021922465,0.8166793181293148,8.456476658476308,2.1793133344241697,163.42112948426555,1,,,,False,0.07024513758594465,0.91756208977304,False,0.395622089365008,2.063103366505554,0.8269978069187474,2.222087723497618,ballistic,26.65330927000171,,0.0829860690795891,39.25626622929671,1.3346841972164172,2.0014757679430906,3.530327523381209,5.644634467744663,0.49936857602523754,0.20234355235572396,0.8539789854698518,0.09977448800639391,0.4725399342480646,0.5938013839998203,33.69578553014444,3.154517313527288,0.07998484774238601,qp_ode,0.05,100.0,1.338314556576254e-08,100.00000000000001,188.48033507752348,1.758378403997557,191.0,5.0,0.999,independent_lognormal,False,0.0,False,0.0,32.381610901410404,0.4701846123504265,False,0.0,fixed_device,0,83.8352488853537,118.05332671712425,167.6704977707074,204.94395774055712,107.50854;83.835249;108.17078;117.03402;89.487233;118.05333;86.697402;85.209342;102.47198;92.587643;100.74184;98.930132;99.136065;93.433459;94.419352;116.50486;105.77879,198.80062;167.6705;194.33474;189.94553;178.97447;197.9976;173.3948;170.41868;204.94396;185.17529;198.89142;197.86026;196.57891;186.86692;188.8387;189.8481;183.62519,4.9457111;5.0272209;5.0049862;5.0861229;5.0349499;4.97517;4.9890876;5.0206058;4.8965438;5.0073491;4.9351045;5.0695225;5.0068295;5.0800369;4.971503;4.9932767;4.9559796,1.730581971060019e-07,56.29460144042969,8.656535044337943e-09,42980.199123443395,1.0,0.20064392929826935,True,,,2,14556119336389675157,1cebbe2c85286d125a19176074641cec80e768fcc76265a176a2887e861b48e2:330,123,5322144102789475732,3eabdfa943524b1077c76342cd49dd883c1d02e6abf0a6e9273162f3d53c340b,0.0
331,0,2.6848936182899514,-1.0862394534698714,inside,circular,1.9160940706103926,0.8602215733015474,4.804306694803343,1.0,52.34044943714972,1,,,,False,0.29908995112145786,0.5168193796408691,False,0.35019997147862403,3.165564088085989,1.1918590219840755,1.6334795516237515,ballistic,37.22523368723154,,0.11210797928698853,27.248271854284916,0.8283265177264346,2.317219844029839,3.5157345828908166,6.35112123313584,0.2671647537376029,0.1800049684054407,0.8583989192496053,0.41444868414245556,0.23499890804134071,0.5384816203130586,25.91094041475563,3.219412544290861,0.03721987473387659,qp_ode,0.05,100.0,1.4701241152763343e-08,100.00000000000001,188.48033507752348,1.6538719536083486,191.0,5.0,0.999,independent_lognormal,False,0.0,False,0.0,15.39439139645575,0.14966862589122265,False,0.0,fixed_device,0,83.8352488853537,118.05332671712425,167.6704977707074,204.94395774055712,107.50854;83.835249;108.17078;117.03402;89.487233;118.05333;86.697402;85.209342;102.47198;92.587643;100.74184;98.930132;99.136065;93.433459;94.419352;116.50486;105.77879,198.80062;167.6705;194.33474;189.94553;178.97447;197.9976;173.3948;170.41868;204.94396;185.17529;198.89142;197.86026;196.57891;186.86692;188.8387;189.8481;183.62519,4.9457111;5.0272209;5.0049862;5.0861229;5.0349499;4.97517;4.9890876;5.0206058;4.8965438;5.0073491;4.9351045;5.0695225;5.0068295;5.0800369;4.971503;4.9932767;4.9559796,2.9908295573477517e-07,42.256805419921875,1.496649026933028e-08,42980.199123443395,1.0,0.2016300842202428,True,,,2,16013055434613735204,1cebbe2c85286d125a19176074641cec80e768fcc76265a176a2887e861b48e2:331,123,6274773200253587350,3eabdfa943524b1077c76342cd49dd883c1d02e6abf0a6e9273162f3d53c340b,0.0
332,0,-1.7373890432255434,-3.0,edge,circular,2.051140552305173,0.9107620917045315,7.5085122614259845,1.0,158.12262408250996,1,,,,False,0.22354892035242024,0.40295219351106837,False,0.13936673795520282,1.5676852729538848,0.7813215059884381,2.5933435353480645,diffusive,,16.97102797450235,0.09425281461173045,33.77076319557443,1.674157845706295,2.228146490400041,5.624748329704131,8.788699069639883,0.2904663047437487,0.4921006916893168,0.8740840486658672,0.34353651238043476,0.22084486778194473,0.7841354435353698,21.671443867891977,3.1740049557530234,0.005224278729821039,qp_ode,0.05,100.0,1.5088498687056307e-09,100.00000000000001,188.48033507752348,0.9506093152588075,191.0,5.0,0.999,independent_lognormal,False,0.0,False,0.0,43.198876081251264,0.5278472225918975,False,0.0,fixed_device,0,83.8352488853537,118.05332671712425,167.6704977707074,204.94395774055712,107.50854;83.835249;108.17078;117.03402;89.487233;118.05333;86.697402;85.209342;102.47198;92.587643;100.74184;98.930132;99.136065;93.433459;94.419352;116.50486;105.77879,198.80062;167.6705;194.33474;189.94553;178.97447;197.9976;173.3948;170.41868;204.94396;185.17529;198.89142;197.86026;196.57891;186.86692;188.8387;189.8481;183.62519,4.9457111;5.0272209;5.0049862;5.0861229;5.0349499;4.97517;4.9890876;5.0206058;4.8965438;5.0073491;4.9351045;5.0695225;5.0068295;5.0800369;4.971503;4.9932767;4.9559796,2.7371681809995607e-08,78.50895690917969,1.3687506683623951e-09,42980.199123443395,1.0,0.1876817847525733,True,,,1,13564204984638760488,1cebbe2c85286d125a19176074641cec80e768fcc76265a176a2887e861b48e2:332,123,4409153154651323708,3eabdfa943524b1077c76342cd49dd883c1d02e6abf0a6e9273162f3d53c340b,0.0
333,0,-0.9233440004923885,3.77231772151541,outside,circular,2.282197231080665,1.2149954417374176,6.611393381934001,1.0,67.11033193077179,1,,,,False,0.39116476054582633,0.1546132680094593,False,0.1639354199431436,1.7429267336553176,0.5014898170624247,1.5293543566363255,ballistic,23.182160445879614,,0.09342424275802196,70.25631061893253,0.5748070849285698,2.579937860603962,5.749520258600797,6.937073296237255,0.35741276984048165,0.24718964048801093,0.8860840875706948,0.030285751074371172,0.22415944749686378,1.1564525102007903,25.637093772406033,3.031161908062415,0.013397916289726402,qp_ode,0.05,100.0,1.856241058429405e-09,100.00000000000001,188.48033507752348,1.0341477485682988,191.0,5.0,0.999,independent_lognormal,False,0.0,False,0.0,34.040685169059685,0.08120763939157709,False,0.0,fixed_device,0,83.8352488853537,118.05332671712425,167.6704977707074,204.94395774055712,107.50854;83.835249;108.17078;117.03402;89.487233;118.05333;86.697402;85.209342;102.47198;92.587643;100.74184;98.930132;99.136065;93.433459;94.419352;116.50486;105.77879,198.80062;167.6705;194.33474;189.94553;178.97447;197.9976;173.3948;170.41868;204.94396;185.17529;198.89142;197.86026;196.57891;186.86692;188.8387;189.8481;183.62519,4.9457111;5.0272209;5.0049862;5.0861229;5.0349499;4.97517;4.9890876;5.0206058;4.8965438;5.0073491;4.9351045;5.0695225;5.0068295;5.0800369;4.971503;4.9932767;4.9559796,3.639752677031538e-08,81.4354248046875,1.8205105201118954e-09,42980.199123443395,1.0,0.1812035750913129,True,,,1,2428917007862843025,1cebbe2c85286d125a19176074641cec80e768fcc76265a176a2887e861b48e2:333,123,710066594420337940,3eabdfa943524b1077c76342cd49dd883c1d02e6abf0a6e9273162f3d53c340b,0.0
334,0,-0.34318016024059705,3.0,edge,elliptical,2.13892941684482,0.926598300565816,5.823298023775161,1.908867797246575,164.4233438639581,1,,,,False,0.3409087738933611,0.5186244174913351,False,0.15194223454761432,2.012936711601558,0.6915573929620351,2.5401451165000783,diffusive,,13.308920678787002,0.06061577346670856,62.009839868703324,0.4979078164663502,2.270372703958854,6.11590211446601,9.0963223594758,0.15209005208672088,0.38643559176221054,0.9192115221923487,0.7647409792876929,0.28719864998562566,0.7715889725283069,29.443595887727277,3.175296793446646,0.07421977908664389,qp_ode,0.05,100.0,1.0822747662995577e-09,100.00000000000001,188.48033507752348,1.6465943880500389,191.0,5.0,0.999,independent_lognormal,False,0.0,False,0.0,5.443558154435141,0.11944317313890325,False,0.0,fixed_device,0,83.8352488853537,118.05332671712425,167.6704977707074,204.94395774055712,107.50854;83.835249;108.17078;117.03402;89.487233;118.05333;86.697402;85.209342;102.47198;92.587643;100.74184;98.930132;99.136065;93.433459;94.419352;116.50486;105.77879,198.80062;167.6705;194.33474;189.94553;178.97447;197.9976;173.3948;170.41868;204.94396;185.17529;198.89142;197.86026;196.57891;186.86692;188.8387;189.8481;183.62519,4.9457111;5.0272209;5.0049862;5.0861229;5.0349499;4.97517;4.9890876;5.0206058;4.8965438;5.0073491;4.9351045;5.0695225;5.0068295;5.0800369;4.971503;4.9932767;4.9559796,2.803295906517178e-08,83.83525085449219,1.4036857232113675e-09,42980.199123443395,1.0,0.20089129537465644,True,,,1,3663013011031664639,1cebbe2c85286d125a19176074641cec80e768fcc76265a176a2887e861b48e2:334,123,217568228271196303,3eabdfa943524b1077c76342cd49dd883c1d02e6abf0a6e9273162f3d53c340b,0.0
335,0,-3.51639585061579,1.5801846003174145,outside,circular,2.4005457937355086,0.8455128833554613,7.307901117719373,1.0,50.71570968438885,1,,,,False,0.3528325791259035,0.04317239784910121,False,0.32651248291518853,2.695494252749529,1.104649356197367,2.234292206692973,diffusive,,14.998325533664476,0.05988423228992899,23.706768757668478,0.934551060686086,3.5807690173304003,6.032182524684206,7.712768383393275,0.31528676055493865,0.25633485761726466,0.8744636201482201,0.4167212927709842,0.37673521306460367,0.957683914691382,33.44576988129888,3.0302222163507517,0.07277759658282384,qp_ode,0.05,100.0,8.683067155964806e-09,100.00000000000001,188.48033507752348,0.9623046512859013,191.0,5.0,0.999,independent_lognormal,False,0.0,False,0.0,30.91771031011339,0.4425589656848945,False,0.0,fixed_device,0,83.8352488853537,118.05332671712425,167.6704977707074,204.94395774055712,107.50854;83.835249;108.17078;117.03402;89.487233;118.05333;86.697402;85.209342;102.47198;92.587643;100.74184;98.930132;99.136065;93.433459;94.419352;116.50486;105.77879,198.80062;167.6705;194.33474;189.94553;178.97447;197.9976;173.3948;170.41868;204.94396;185.17529;198.89142;197.86026;196.57891;186.86692;188.8387;189.8481;183.62519,4.9457111;5.0272209;5.0049862;5.0861229;5.0349499;4.97517;4.9890876;5.0206058;4.8965438;5.0073491;4.9351045;5.0695225;5.0068295;5.0800369;4.971503;4.9932767;4.9559796,1.3915861529767426e-07,61.99350357055664,6.9654197965007825e-09,42980.199123443395,1.0,0.19128771497282976,True,,,1,4720211407684091427,1cebbe2c85286d125a19176074641cec80e768fcc76265a176a2887e861b48e2:335,123,6667737122575581069,3eabdfa943524b1077c76342cd49dd883c1d02e6abf0a6e9273162f3d53c340b,0.0
336,0,3.6498047417186212,0.8967295743162813,outside,elliptical,1.8213001930077117,1.2542943126360082,3.367482137407203,1.7112746499596816,152.40601216290247,1,,,,False,0.39485534912712406,0.6875424228226416,False,0.30704703706141867,1.913252677920485,0.8238848590541406,1.2428769650064373,diffusive,,18.69026249084634,0.05037836560852336,56.49658728382172,0.7807903455154293,3.166831634410683,5.126901835222607,5.370322102766135,0.2630036182417456,0.3848863204836257,0.8843162834151516,0.6389664715854563,0.2198580240911227,0.507493682677455,31.37285729930085,2.904418071722708,0.01776807296605642,qp_ode,0.05,100.0,2.1000680098713531e-10,100.00000000000001,188.48033507752348,1.086951853153924,191.0,5.0,0.999,independent_lognormal,False,0.0,False,0.0,92.29254148370191,0.2761972025754297,False,0.0,fixed_device,0,83.8352488853537,118.05332671712425,167.6704977707074,204.94395774055712,107.50854;83.835249;108.17078;117.03402;89.487233;118.05333;86.697402;85.209342;102.47198;92.587643;100.74184;98.930132;99.136065;93.433459;94.419352;116.50486;105.77879,198.80062;167.6705;194.33474;189.94553;178.97447;197.9976;173.3948;170.41868;204.94396;185.17529;198.89142;197.86026;196.57891;186.86692;188.8387;189.8481;183.62519,4.9457111;5.0272209;5.0049862;5.0861229;5.0349499;4.97517;4.9890876;5.0206058;4.8965438;5.0073491;4.9351045;5.0695225;5.0068295;5.0800369;4.971503;4.9932767;4.9559796,3.7059537660866226e-09,83.83525085449219,1.853123349215835e-10,42980.199123443395,1.0,0.1738924005541767,True,,,0,1691941271365459485,1cebbe2c85286d125a19176074641cec80e768fcc76265a176a2887e861b48e2:336,123,2596650637368658279,3eabdfa943524b1077c76342cd49dd883c1d02e6abf0a6e9273162f3d53c340b,0.0
337,0,-1.1021318317726396,0.5172564079455286,inside,circular,2.213758090903653,1.1125921688899938,9.319781203991358,1.0,136.129814686412,1,,,,False,0.09899960476033226,0.12779462896796834,False,0.25394638860984386,2.637388799911854,0.952964692303691,2.1597066407636176,diffusive,,11.597397457955232,0.11089186415088181,9.997147182322745,1.8115760011357676,2.71829109494954,4.609079014400001,9.978045313499177,0.41744882079924184,0.1037299550400353,0.8581997258485784,0.05803581771349551,0.24842740621919335,0.9490231953883163,32.896396411291846,3.109144122422821,0.06967882937611558,qp_ode,0.05,100.0,7.964962741023537e-10,100.00000000000001,188.48033507752348,0.21802836226859013,191.0,5.0,0.999,independent_lognormal,False,0.0,False,0.0,6.805925844948859,0.5180275994991583,False,0.0,fixed_device,0,83.8352488853537,118.05332671712425,167.6704977707074,204.94395774055712,107.50854;83.835249;108.17078;117.03402;89.487233;118.05333;86.697402;85.209342;102.47198;92.587643;100.74184;98.930132;99.136065;93.433459;94.419352;116.50486;105.77879,198.80062;167.6705;194.33474;189.94553;178.97447;197.9976;173.3948;170.41868;204.94396;185.17529;198.89142;197.86026;196.57891;186.86692;188.8387;189.8481;183.62519,4.9457111;5.0272209;5.0049862;5.0861229;5.0349499;4.97517;4.9890876;5.0206058;4.8965438;5.0073491;4.9351045;5.0695225;5.0068295;5.0800369;4.971503;4.9932767;4.9559796,2.326980563793768e-08,81.90567779541016,1.1637822927568209e-09,42980.199123443395,1.0,0.1956311081884531,True,,,0,670717176700650890,1cebbe2c85286d125a19176074641cec80e768fcc76265a176a2887e861b48e2:337,123,4584545165486849841,3eabdfa943524b1077c76342cd49dd883c1d02e6abf0a6e9273162f3d53c340b,0.0
338,0,2.3915849093717316,-1.4914611036351952,inside,circular,1.7935916540375252,1.3763022515570857,2.1988190013879203,1.0,80.1390933580059,1,,,,False,0.053374438790245914,0.4537039243971147,False,0.2166487237026688,2.387039467307265,0.590921735321458,1.1668014628440848,ballistic,14.644536741394315,,0.03717567201703639,8.870786744672694,0.9952016087560737,3.5232758604477685,4.624929411601395,8.229899354429985,0.35948192159945713,0.4685366535987422,0.9430998299464766,0.5421767377066797,0.27113574819416536,1.0938844407190267,20.025931801842617,3.1861668413963593,0.06595601421476614,qp_ode,0.05,100.0,2.476935830939104e-09,100.00000000000001,188.48033507752348,1.8518081000301674,191.0,5.0,0.999,independent_lognormal,False,0.0,False,0.0,31.290562573416718,0.17476766368050412,False,0.0,fixed_device,0,83.8352488853537,118.05332671712425,167.6704977707074,204.94395774055712,107.50854;83.835249;108.17078;117.03402;89.487233;118.05333;86.697402;85.209342;102.47198;92.587643;100.74184;98.930132;99.136065;93.433459;94.419352;116.50486;105.77879,198.80062;167.6705;194.33474;189.94553;178.97447;197.9976;173.3948;170.41868;204.94396;185.17529;198.89142;197.86026;196.57891;186.86692;188.8387;189.8481;183.62519,4.9457111;5.0272209;5.0049862;5.0861229;5.0349499;4.97517;4.9890876;5.0206058;4.8965438;5.0073491;4.9351045;5.0695225;5.0068295;5.0800369;4.971503;4.9932767;4.9559796,6.050326106787907e-08,70.69247436523438,3.0256277483431404e-09,42980.199123443395,1.0,0.2011726000071651,True,,,1,12281018204209307201,1cebbe2c85286d125a19176074641cec80e768fcc76265a176a2887e861b48e2:338,123,6054524922725372438,3eabdfa943524b1077c76342cd49dd883c1d02e6abf0a6e9273162f3d53c340b,0.0
339,0,-0.7616443502816033,-0.8953439675128294,inside,circular,2.4322632225314567,0.9964693610966332,9.819660517445023,1.0,34.9660588104301,1,,,,False,0.3241909783806336,0.2142455333532879,False,0.1271857075502669,3.4990656834245772,1.1991949328829055,2.665712685651977,ballistic,17.20990812624353,,0.0952195714521571,61.902434204398496,1.9030448017318733,3.3699324028556186,4.356229046970059,5.859607683625714,0.38161135289543974,0.1636353104427118,0.889598216714086,0.5503756868796895,0.31737974483132764,1.1226585964107032,31.932407121314103,3.2899325849300785,0.011829073039985226,qp_ode,0.05,100.0,4.684700070953151e-10,100.00000000000001,188.48033507752348,1.0459462111633648,191.0,5.0,0.999,independent_lognormal,False,0.0,False,0.0,39.101261752818104,0.05543037040372883,False,0.0,fixed_device,0,83.8352488853537,118.05332671712425,167.6704977707074,204.94395774055712,107.50854;83.835249;108.17078;117.03402;89.487233;118.05333;86.697402;85.209342;102.47198;92.587643;100.74184;98.930132;99.136065;93.433459;94.419352;116.50486;105.77879,198.80062;167.6705;194.33474;189.94553;178.97447;197.9976;173.3948;170.41868;204.94396;185.17529;198.89142;197.86026;196.57891;186.86692;188.8387;189.8481;183.62519,4.9457111;5.0272209;5.0049862;5.0861229;5.0349499;4.97517;4.9890876;5.0206058;4.8965438;5.0073491;4.9351045;5.0695225;5.0068295;5.0800369;4.971503;4.9932767;4.9559796,8.245933713624254e-09,82.09801483154297,4.1246894788571353e-10,42980.199123443395,1.0,0.19600056154253417,True,,,0,4702400902686275001,1cebbe2c85286d125a19176074641cec80e768fcc76265a176a2887e861b48e2:339,123,2670590474687102811,3eabdfa943524b1077c76342cd49dd883c1d02e6abf0a6e9273162f3d53c340b,0.0
340,0,2.843855803240513,2.5549374941471976,inside,circular,1.7183766170182948,1.0546001839617762,9.317146111781188,1.0,73.93473995950032,1,,,,False,0.11281330407238609,0.9735442305527277,False,0.31543486503345697,2.9387314369460853,1.0160304952481614,2.9749670278360485,diffusive,,6.303631920971242,0.03332410290877598,51.97021632954047,1.5012392613897911,2.8786036398021433,5.9101305929769525,7.713568249125615,0.38021560084744177,0.10178207738712791,0.8122343271302449,0.002475662693684111,0.088633482251399,0.6932702087738581,30.252584620346695,2.903140080087595,0.01661667068076527,qp_ode,0.05,100.0,1.151449526201166e-09,100.00000000000001,188.48033507752348,1.8910020843530975,191.0,5.0,0.999,independent_lognormal,False,0.0,False,0.0,4.909749119129538,0.44488441855623534,False,0.0,fixed_device,0,83.8352488853537,118.05332671712425,167.6704977707074,204.94395774055712,107.50854;83.835249;108.17078;117.03402;89.487233;118.05333;86.697402;85.209342;102.47198;92.587643;100.74184;98.930132;99.136065;93.433459;94.419352;116.50486;105.77879,198.80062;167.6705;194.33474;189.94553;178.97447;197.9976;173.3948;170.41868;204.94396;185.17529;198.89142;197.86026;196.57891;186.86692;188.8387;189.8481;183.62519,4.9457111;5.0272209;5.0049862;5.0861229;5.0349499;4.97517;4.9890876;5.0206058;4.8965438;5.0073491;4.9351045;5.0695225;5.0068295;5.0800369;4.971503;4.9932767;4.9559796,2.7462890628271452e-08,83.83525085449219,1.3732995851611918e-09,42980.199123443395,1.0,0.17361101164372753,True,,,1,1068944607570013954,1cebbe2c85286d125a19176074641cec80e768fcc76265a176a2887e861b48e2:340,123,5903301239070735135,3eabdfa943524b1077c76342cd49dd883c1d02e6abf0a6e9273162f3d53c340b,0.0
341,0,1.3300093625295046,-2.246017778574036,inside,elliptical,2.0537814737157625,1.1796445210616406,8.903402401090613,1.3364285392063489,98.4554321785773,1,,,,False,0.17687564531360267,0.24943400512099367,False,0.12391713915986602,3.217688034687722,0.7309374688323143,1.9937644449943406,ballistic,35.60869293712938,,0.06561685343915971,0.7946712133831735,0.5088052923961487,2.650636249082237,5.347333402926956,6.634781088942853,0.40563153916977046,0.14389981491488535,0.814199988469612,0.45994523601028564,0.3555868498351537,1.1476522116358572,22.634963307152354,2.8173376400516053,0.07495932607859894,qp_ode,0.05,100.0,2.4746793596991657e-08,100.00000000000001,188.48033507752348,0.24063440256930613,191.0,5.0,0.999,independent_lognormal,False,0.0,False,0.0,4.4094826494992985,0.40811604255524114,False,0.0,fixed_device,0,83.8352488853537,118.05332671712425,167.6704977707074,204.94395774055712,107.50854;83.835249;108.17078;117.03402;89.487233;118.05333;86.697402;85.209342;102.47198;92.587643;100.74184;98.930132;99.136065;93.433459;94.419352;116.50486;105.77879,198.80062;167.6705;194.33474;189.94553;178.97447;197.9976;173.3948;170.41868;204.94396;185.17529;198.89142;197.86026;196.57891;186.86692;188.8387;189.8481;183.62519,4.9457111;5.0272209;5.0049862;5.0861229;5.0349499;4.97517;4.9890876;5.0206058;4.8965438;5.0073491;4.9351045;5.0695225;5.0068295;5.0800369;4.971503;4.9932767;4.9559796,5.532570526156633e-07,30.270109176635742,2.7739522678871253e-08,42980.199123443395,1.0,0.17874199060781515,True,,,2,13010818437049802758,1cebbe2c85286d125a19176074641cec80e768fcc76265a176a2887e861b48e2:341,123,6839713809830968205,3eabdfa943524b1077c76342cd49dd883c1d02e6abf0a6e9273162f3d53c340b,0.0
342,0,3.0,-2.2244289300418023,edge,elliptical,2.0721105621408387,0.9374617417275822,5.926714416990292,1.1673065734182893,132.651461229539,1,,,,False,0.207360921832208,0.4224509918723407,False,0.3325906624307211,2.403816403656287,0.9694162958562385,1.7364594605783121,ballistic,15.508081816372012,,0.02687566416738331,52.320493085490234,1.6331957063787992,2.199653888003063,3.6538664582488765,6.592164337526511,0.3110767421801195,0.3994893113793577,0.819381322295734,0.6337938917408517,0.18247848831238217,0.8651834582811949,24.169975560086076,2.9949998428187072,0.02210727787100968,qp_ode,0.05,100.0,1.1295617832733212e-09,100.00000000000001,188.48033507752348,1.521553684473414,191.0,5.0,0.999,independent_lognormal,False,0.0,False,0.0,11.7589413860221,0.29015067553287116,False,0.0,fixed_device,0,83.8352488853537,118.05332671712425,167.6704977707074,204.94395774055712,107.50854;83.835249;108.17078;117.03402;89.487233;118.05333;86.697402;85.209342;102.47198;92.587643;100.74184;98.930132;99.136065;93.433459;94.419352;116.50486;105.77879,198.80062;167.6705;194.33474;189.94553;178.97447;197.9976;173.3948;170.41868;204.94396;185.17529;198.89142;197.86026;196.57891;186.86692;188.8387;189.8481;183.62519,4.9457111;5.0272209;5.0049862;5.0861229;5.0349499;4.97517;4.9890876;5.0206058;4.8965438;5.0073491;4.9351045;5.0695225;5.0068295;5.0800369;4.971503;4.9932767;4.9559796,3.0805225037511264e-08,81.2812271118164,1.5406711462162548e-09,42980.199123443395,1.0,0.18029602740557274,True,,,1,1344406351016538831,1cebbe2c85286d125a19176074641cec80e768fcc76265a176a2887e861b48e2:342,123,8497634420383819688,3eabdfa943524b1077c76342cd49dd883c1d02e6abf0a6e9273162f3d53c340b,0.0
343,0,-3.0,-0.3460836987600997,edge,elliptical,1.726655089192852,1.1469073486919128,7.858757209353717,1.7212467574147792,152.21642927679264,1,,,,False,0.23813328726759114,0.4878900016256127,False,0.16074809555494826,2.678625332824735,0.6744941827606399,2.9964783840674203,ballistic,37.412309949125145,,0.06913219287347924,59.382331937811365,1.6106087733511276,2.6696059515550727,3.704782291466592,6.765371827331406,0.5922153770976619,0.3404298386976172,0.9001674839995714,0.4167632373255177,0.33314591252949904,0.7153275455115123,34.10168580277263,3.167706775228827,0.008933329599430335,qp_ode,0.05,100.0,8.80463385413997e-08,100.00000000000001,188.48033507752348,0.7296565618319601,191.0,5.0,0.999,independent_lognormal,False,0.0,False,0.0,16.100228678779644,0.08921993358196874,False,0.0,fixed_device,0,83.8352488853537,118.05332671712425,167.6704977707074,204.94395774055712,107.50854;83.835249;108.17078;117.03402;89.487233;118.05333;86.697402;85.209342;102.47198;92.587643;100.74184;98.930132;99.136065;93.433459;94.419352;116.50486;105.77879,198.80062;167.6705;194.33474;189.94553;178.97447;197.9976;173.3948;170.41868;204.94396;185.17529;198.89142;197.86026;196.57891;186.86692;188.8387;189.8481;183.62519,4.9457111;5.0272209;5.0049862;5.0861229;5.0349499;4.97517;4.9890876;5.0206058;4.8965438;5.0073491;4.9351045;5.0695225;5.0068295;5.0800369;4.971503;4.9932767;4.9559796,1.3186230489736772e-06,15.38337516784668,6.623553616691424e-08,42980.199123443395,1.0,0.20250826491350035,True,,,2,13349473252466415759,1cebbe2c85286d125a19176074641cec80e768fcc76265a176a2887e861b48e2:343,123,3671047419782754015,3eabdfa943524b1077c76342cd49dd883c1d02e6abf0a6e9273162f3d53c340b,0.47819967830882354
344,0,-2.9971884597668845,-2.025395406174569,inside,elliptical,2.3355364202716746,0.9885973874855754,5.982580818296689,1.2684968825691647,76.10647781463913,1,,,,False,0.22736415877563398,0.7868740847687561,False,0.365972542716824,3.0234805978213957,0.7690687141787859,2.8599067169919214,diffusive,,18.42289728379779,0.06627848111645415,37.56160948629608,1.7302645705074537,2.1202691139337566,4.474890958522751,9.020768658987613,0.3099912373978758,0.17331854958443693,0.9986196869304278,0.4883184090835455,0.1308687815488288,1.0890758945972847,20.096092929604968,3.3816423972388816,0.07698154938221234,qp_ode,0.05,100.0,1.595138313076983e-08,100.00000000000001,188.48033507752348,0.5818295686432865,191.0,5.0,0.999,independent_lognormal,False,0.0,False,0.0,3.1470223627603247,0.6343833704541446,False,0.0,fixed_device,0,83.8352488853537,118.05332671712425,167.6704977707074,204.94395774055712,107.50854;83.835249;108.17078;117.03402;89.487233;118.05333;86.697402;85.209342;102.47198;92.587643;100.74184;98.930132;99.136065;93.433459;94.419352;116.50486;105.77879,198.80062;167.6705;194.33474;189.94553;178.97447;197.9976;173.3948;170.41868;204.94396;185.17529;198.89142;197.86026;196.57891;186.86692;188.8387;189.8481;183.62519,4.9457111;5.0272209;5.0049862;5.0861229;5.0349499;4.97517;4.9890876;5.0206058;4.8965438;5.0073491;4.9351045;5.0695225;5.0068295;5.0800369;4.971503;4.9932767;4.9559796,2.887308312438108e-07,41.03110122680664,1.4479453191995617e-08,42980.199123443395,1.0,0.2131500612702494,True,,,2,6576217557476478946,1cebbe2c85286d125a19176074641cec80e768fcc76265a176a2887e861b48e2:344,123,4279925090965011870,3eabdfa943524b1077c76342cd49dd883c1d02e6abf0a6e9273162f3d53c340b,0.0
345,0,-1.505276007682462,3.3932056312691445,outside,elliptical,1.8773520665135912,0.8153038074952523,5.729613355667084,1.394591102894723,108.44574407845501,1,,,,False,0.1107167343728166,0.682227980436436,False,0.10637264230357778,3.7800950759160985,0.8238212553182367,2.1857106518815854,ballistic,19.49409212832378,,0.025862275183897047,73.63278930061576,0.5706850001231406,3.3341111388727596,6.2876057341896985,6.752603282048043,0.4365054981710399,0.3382167946025012,0.9360084838201285,0.6559413353818859,0.4190581195839512,0.5022831166717682,20.043920274485867,3.169526186211304,0.0412954616789773,qp_ode,0.05,100.0,1.7622661694678053e-09,100.00000000000001,188.48033507752348,1.5468643786018985,191.0,5.0,0.999,independent_lognormal,False,0.0,False,0.0,31.92175205206841,0.5919451473811231,False,0.0,fixed_device,0,83.8352488853537,118.05332671712425,167.6704977707074,204.94395774055712,107.50854;83.835249;108.17078;117.03402;89.487233;118.05333;86.697402;85.209342;102.47198;92.587643;100.74184;98.930132;99.136065;93.433459;94.419352;116.50486;105.77879,198.80062;167.6705;194.33474;189.94553;178.97447;197.9976;173.3948;170.41868;204.94396;185.17529;198.89142;197.86026;196.57891;186.86692;188.8387;189.8481;183.62519,4.9457111;5.0272209;5.0049862;5.0861229;5.0349499;4.97517;4.9890876;5.0206058;4.8965438;5.0073491;4.9351045;5.0695225;5.0068295;5.0800369;4.971503;4.9932767;4.9559796,3.459077291267931e-08,79.57164764404297,1.7297023813256374e-09,42980.199123443395,1.0,0.19391453502142306,True,,,1,6139537469894923254,1cebbe2c85286d125a19176074641cec80e768fcc76265a176a2887e861b48e2:345,123,2043525018465169394,3eabdfa943524b1077c76342cd49dd883c1d02e6abf0a6e9273162f3d53c340b,0.0
346,0,2.3356218241632822,3.0,edge,circular,2.1600926344256015,1.2906241583583336,6.065629894348075,1.0,13.222353408913403,1,,,,False,0.0660225251437046,0.1489488942369227,False,0.23865158661923916,1.8635773886392748,0.7960199903597643,1.8672468952043484,ballistic,23.816791736171588,,0.08106448005039057,10.967497551979495,0.7170908673541331,3.2157189563009627,4.675064371912556,7.376961081610217,0.4939166093028361,0.31251130828599033,0.9965549767689634,0.1074926585574561,0.3911933860466117,0.9050885678260772,24.01368043275135,3.07553940850873,0.06444870086902292,qp_ode,0.05,100.0,1.2689155876386414e-08,100.00000000000001,188.48033507752348,0.9115424476776488,191.0,5.0,0.999,independent_lognormal,False,0.0,False,0.0,11.547618520760373,0.6288128017380369,False,0.0,fixed_device,0,83.8352488853537,118.05332671712425,167.6704977707074,204.94395774055712,107.50854;83.835249;108.17078;117.03402;89.487233;118.05333;86.697402;85.209342;102.47198;92.587643;100.74184;98.930132;99.136065;93.433459;94.419352;116.50486;105.77879,198.80062;167.6705;194.33474;189.94553;178.97447;197.9976;173.3948;170.41868;204.94396;185.17529;198.89142;197.86026;196.57891;186.86692;188.8387;189.8481;183.62519,4.9457111;5.0272209;5.0049862;5.0861229;5.0349499;4.97517;4.9890876;5.0206058;4.8965438;5.0073491;4.9351045;5.0695225;5.0068295;5.0800369;4.971503;4.9932767;4.9559796,2.898306945553486e-07,45.75429916381836,1.4537233639089209e-08,42980.199123443395,1.0,0.19182789570077674,True,,,2,15603459566951656388,1cebbe2c85286d125a19176074641cec80e768fcc76265a176a2887e861b48e2:346,123,754693142433605453,3eabdfa943524b1077c76342cd49dd883c1d02e6abf0a6e9273162f3d53c340b,0.0
347,0,0.2338966580561852,3.0,edge,circular,2.170048049963108,0.9725719649240974,5.591962209478065,1.0,177.0623951479764,1,,,,False,0.36011797930552836,0.8111077802544209,False,0.15297903373233143,1.880963211554128,0.8712205871421164,1.9507533526080527,ballistic,16.438461213334108,,0.11387345963517008,72.42208570332421,0.7744427631569718,3.5708813270469904,3.7165589812748996,6.623801115367105,0.5640784875845852,0.40575980726880523,0.891375008143987,0.11271235698302845,0.2407816308260169,0.569265897530995,25.729055967235396,2.824631489282285,0.033876138450878494,qp_ode,0.05,100.0,4.254795241466669e-10,100.00000000000001,188.48033507752348,0.8749379246044009,191.0,5.0,0.999,independent_lognormal,False,0.0,False,0.0,20.1968102153311,0.5600747201139042,False,0.0,fixed_device,0,83.8352488853537,118.05332671712425,167.6704977707074,204.94395774055712,107.50854;83.835249;108.17078;117.03402;89.487233;118.05333;86.697402;85.209342;102.47198;92.587643;100.74184;98.930132;99.136065;93.433459;94.419352;116.50486;105.77879,198.80062;167.6705;194.33474;189.94553;178.97447;197.9976;173.3948;170.41868;204.94396;185.17529;198.89142;197.86026;196.57891;186.86692;188.8387;189.8481;183.62519,4.9457111;5.0272209;5.0049862;5.0861229;5.0349499;4.97517;4.9890876;5.0206058;4.8965438;5.0073491;4.9351045;5.0695225;5.0068295;5.0800369;4.971503;4.9932767;4.9559796,9.395233924180957e-09,83.72766876220703,4.69778382861108e-10,42980.199123443395,1.0,0.17171897690551696,True,,,0,15249335599022388876,1cebbe2c85286d125a19176074641cec80e768fcc76265a176a2887e861b48e2:347,123,1709315124261850378,3eabdfa943524b1077c76342cd49dd883c1d02e6abf0a6e9273162f3d53c340b,0.0
348,0,-3.559369944692843,0.9681520123266583,outside,circular,2.3158795764920646,1.5715491095562353,7.470864286368854,1.0,164.86193931545117,1,,,,False,0.2138335199513936,0.5333953931497148,False,0.11548663816172564,2.607496824327867,0.8579016342069998,1.985039424361595,ballistic,30.682979630876677,,0.10621188245888777,35.376233637933716,1.5954235663757586,2.4132060270142817,5.5675768384283835,8.085064704485806,0.2556605916159807,0.103854298813684,0.8099830680924808,0.48411876995677083,0.3670806109429407,1.1380544583932939,21.881194629987736,2.814528941112489,0.07139370701313018,qp_ode,0.05,100.0,7.266977625240115e-08,100.00000000000001,188.48033507752348,1.74347760024323,191.0,5.0,0.999,independent_lognormal,False,0.0,False,0.0,2.0531392105340753,0.5890894595473355,False,0.0,fixed_device,0,83.8352488853537,118.05332671712425,167.6704977707074,204.94395774055712,107.50854;83.835249;108.17078;117.03402;89.487233;118.05333;86.697402;85.209342;102.47198;92.587643;100.74184;98.930132;99.136065;93.433459;94.419352;116.50486;105.77879,198.80062;167.6705;194.33474;189.94553;178.97447;197.9976;173.3948;170.41868;204.94396;185.17529;198.89142;197.86026;196.57891;186.86692;188.8387;189.8481;183.62519,4.9457111;5.0272209;5.0049862;5.0861229;5.0349499;4.97517;4.9890876;5.0206058;4.8965438;5.0073491;4.9351045;5.0695225;5.0068295;5.0800369;4.971503;4.9932767;4.9559796,1.1442741651990218e-06,16.7699031829834,5.734700891935063e-08,42980.199123443395,1.0,0.20160039734484034,True,,,2,7564653915531947524,1cebbe2c85286d125a19176074641cec80e768fcc76265a176a2887e861b48e2:348,123,1619553370388293,3eabdfa943524b1077c76342cd49dd883c1d02e6abf0a6e9273162f3d53c340b,0.3676183363970588
349,0,-2.917213075703362,-3.5071025346954317,outside,elliptical,1.7939190864753816,1.3985636068920502,4.391233819224938,2.1903151753572514,141.60758534431437,1,,,,False,0.12518665958242986,0.6355571218356303,False,0.32222867744666117,3.216827922069719,0.5511020085870897,2.054441312700863,ballistic,19.298491321156543,,0.08891096922160859,53.06400156823286,1.664930958726957,2.6798592464506017,5.021740452458378,9.912740865015834,0.47636432867569656,0.4784343459220235,0.8510815412856,0.45792595266494623,0.2897318848797702,0.583159029842427,29.62847001910353,2.841783416533895,0.0654665928858922,qp_ode,0.05,100.0,1.7844340411303527e-10,100.00000000000001,188.48033507752348,1.1895862724265605,191.0,5.0,0.999,independent_lognormal,False,0.0,False,0.0,22.346291467250662,0.6091850952265394,False,0.0,fixed_device,0,83.8352488853537,118.05332671712425,167.6704977707074,204.94395774055712,107.50854;83.835249;108.17078;117.03402;89.487233;118.05333;86.697402;85.209342;102.47198;92.587643;100.74184;98.930132;99.136065;93.433459;94.419352;116.50486;105.77879,198.80062;167.6705;194.33474;189.94553;178.97447;197.9976;173.3948;170.41868;204.94396;185.17529;198.89142;197.86026;196.57891;186.86692;188.8387;189.8481;183.62519,4.9457111;5.0272209;5.0049862;5.0861229;5.0349499;4.97517;4.9890876;5.0206058;4.8965438;5.0073491;4.9351045;5.0695225;5.0068295;5.0800369;4.971503;4.9932767;4.9559796,1.879009392524722e-09,83.26992797851562,9.39548022715897e-11,42980.199123443395,1.0,0.1776223670834514,True,,,0,5509439397017811485,1cebbe2c85286d125a19176074641cec80e768fcc76265a176a2887e861b48e2:349,123,3634412857515556913,3eabdfa943524b1077c76342cd49dd883c1d02e6abf0a6e9273162f3d53c340b,0.0
350,0,-1.9623899583577586,-2.2358223366551186,inside,elliptical,2.3035240109273567,1.6257938382291812,7.651060809770367,2.459286055887144,14.45607267158363,1,,,,False,0.357130499789076,0.15109835871956734,False,0.10321901210081609,1.660466340643791,0.9812219659072957,2.8626454845172633,diffusive,,19.643003023068214,0.06445951098190619,60.558406107697216,0.8119473224975258,3.27994280021025,5.549196825156445,6.686596608317519,0.47292593266910044,0.18055015272042302,0.9573090696124574,0.48403921765584057,0.1822755238054789,0.6843717207088875,26.296635321171983,3.211330367279749,0.034220968704565376,qp_ode,0.05,100.0,4.676668127316015e-09,100.00000000000001,188.48033507752348,0.41102889380294166,191.0,5.0,0.999,independent_lognormal,False,0.0,False,0.0,14.364970179179508,0.23585723982475454,False,0.0,fixed_device,0,83.8352488853537,118.05332671712425,167.6704977707074,204.94395774055712,107.50854;83.835249;108.17078;117.03402;89.487233;118.05333;86.697402;85.209342;102.47198;92.587643;100.74184;98.930132;99.136065;93.433459;94.419352;116.50486;105.77879,198.80062;167.6705;194.33474;189.94553;178.97447;197.9976;173.3948;170.41868;204.94396;185.17529;198.89142;197.86026;196.57891;186.86692;188.8387;189.8481;183.62519,4.9457111;5.0272209;5.0049862;5.0861229;5.0349499;4.97517;4.9890876;5.0206058;4.8965438;5.0073491;4.9351045;5.0695225;5.0068295;5.0800369;4.971503;4.9932767;4.9559796,1.1338560312879054e-07,63.6851806640625,5.671453973121743e-09,42980.199123443395,1.0,0.19555393035185842,True,,,1,14151613118189359617,1cebbe2c85286d125a19176074641cec80e768fcc76265a176a2887e861b48e2:350,123,8919970386795953374,3eabdfa943524b1077c76342cd49dd883c1d02e6abf0a6e9273162f3d53c340b,0.0
351,0,3.0,0.9085522155489496,edge,elliptical,1.7139488961482883,1.4278752679324604,3.417119779891901,1.4644369045157246,18.596479214950605,1,,,,False,0.07128646615418735,0.8781863440158145,False,0.21396301149370187,2.928430654031459,0.5493075935192853,2.4755565699989566,diffusive,,8.728669397772553,0.02478405733164724,25.73856319063969,1.5189029689550115,2.108125800983614,5.964477453532254,7.344816782812049,0.3918917934966859,0.3102727914836595,0.9833579046336521,0.45105472833017113,0.12962185527441245,0.7495264623386187,21.799189840570417,3.287426113599143,0.03856772039971441,qp_ode,0.05,100.0,7.300271258422416e-10,100.00000000000001,188.48033507752348,1.0727146859618697,191.0,5.0,0.999,independent_lognormal,False,0.0,False,0.0,12.512259285461141,0.2941166431261031,False,0.0,fixed_device,0,83.8352488853537,118.05332671712425,167.6704977707074,204.94395774055712,107.50854;83.835249;108.17078;117.03402;89.487233;118.05333;86.697402;85.209342;102.47198;92.587643;100.74184;98.930132;99.136065;93.433459;94.419352;116.50486;105.77879,198.80062;167.6705;194.33474;189.94553;178.97447;197.9976;173.3948;170.41868;204.94396;185.17529;198.89142;197.86026;196.57891;186.86692;188.8387;189.8481;183.62519,4.9457111;5.0272209;5.0049862;5.0861229;5.0349499;4.97517;4.9890876;5.0206058;4.8965438;5.0073491;4.9351045;5.0695225;5.0068295;5.0800369;4.971503;4.9932767;4.9559796,1.672918870099238e-08,81.3621597290039,8.370437676319398e-10,42980.199123443395,1.0,0.2008567929365774,True,,,0,3486910870477645275,1cebbe2c85286d125a19176074641cec80e768fcc76265a176a2887e861b48e2:351,123,7697536111484589730,3eabdfa943524b1077c76342cd49dd883c1d02e6abf0a6e9273162f3d53c340b,0.0
352,0,-1.1955529093624675,2.380832482015804,inside,circular,2.1562422205672958,0.8730797311578063,2.8263762644845567,1.0,166.79768678398176,1,,,,False,0.17397671918582014,0.765473371385599,False,0.171379510496654,3.927003518790457,0.5742099877146073,2.3637292273182857,diffusive,,12.867528755874712,0.023004226434107183,16.348481682768696,1.6798356574953526,3.0508044584730585,4.634316519620986,5.980056015506663,0.5699966023612181,0.4602104122262717,0.8672960767973952,0.7942431843373168,0.17052570368118844,0.6216242965086284,33.508087692693806,3.0312128730820422,0.07927046269127802,qp_ode,0.05,100.0,2.3666336593153217e-08,100.00000000000001,188.48033507752348,0.4256371495523029,191.0,5.0,0.999,independent_lognormal,False,0.0,False,0.0,13.78362068949214,0.22265816209842842,False,0.0,fixed_device,0,83.8352488853537,118.05332671712425,167.6704977707074,204.94395774055712,107.50854;83.835249;108.17078;117.03402;89.487233;118.05333;86.697402;85.209342;102.47198;92.587643;100.74184;98.930132;99.136065;93.433459;94.419352;116.50486;105.77879,198.80062;167.6705;194.33474;189.94553;178.97447;197.9976;173.3948;170.41868;204.94396;185.17529;198.89142;197.86026;196.57891;186.86692;188.8387;189.8481;183.62519,4.9457111;5.0272209;5.0049862;5.0861229;5.0349499;4.97517;4.9890876;5.0206058;4.8965438;5.0073491;4.9351045;5.0695225;5.0068295;5.0800369;4.971503;4.9932767;4.9559796,3.9786900174476614e-07,34.94499206542969,1.9995242794834667e-08,42980.199123443395,1.0,0.19298390215935712,True,,,2,17581466431841344165,1cebbe2c85286d125a19176074641cec80e768fcc76265a176a2887e861b48e2:352,123,342455283152434024,3eabdfa943524b1077c76342cd49dd883c1d02e6abf0a6e9273162f3d53c340b,0.0
353,0,-3.27350157403983,-0.5787567350131786,outside,circular,2.153532011508203,1.3418638028913783,6.941831767794065,1.0,158.01421734532477,1,,,,False,0.09350671798818966,0.9094939753180735,False,0.36774844763226955,1.542437662696507,0.888053547443586,1.4320999666037142,diffusive,,16.68639416279118,0.07834860885653336,9.922182989385924,1.394578071750988,3.4181549495517203,5.8108594615802485,7.882134047756643,0.4451563895635279,0.36291069288140754,0.8831286887385833,0.08353692660246903,0.38832754451921697,0.7499832482783144,28.442828324105648,2.90161250054727,0.0637116090085767,qp_ode,0.05,100.0,8.544667829045262e-10,100.00000000000001,188.48033507752348,1.6634204918158522,191.0,5.0,0.999,independent_lognormal,False,0.0,False,0.0,12.35413401589443,0.45212899857845656,False,0.0,fixed_device,0,83.8352488853537,118.05332671712425,167.6704977707074,204.94395774055712,107.50854;83.835249;108.17078;117.03402;89.487233;118.05333;86.697402;85.209342;102.47198;92.587643;100.74184;98.930132;99.136065;93.433459;94.419352;116.50486;105.77879,198.80062;167.6705;194.33474;189.94553;178.97447;197.9976;173.3948;170.41868;204.94396;185.17529;198.89142;197.86026;196.57891;186.86692;188.8387;189.8481;183.62519,4.9457111;5.0272209;5.0049862;5.0861229;5.0349499;4.97517;4.9890876;5.0206058;4.8965438;5.0073491;4.9351045;5.0695225;5.0068295;5.0800369;4.971503;4.9932767;4.9559796,1.4029752470889889e-08,81.55791473388672,7.034021698437698e-10,42980.199123443395,1.0,0.18156105774541795,True,,,0,8117066933427671340,1cebbe2c85286d125a19176074641cec80e768fcc76265a176a2887e861b48e2:353,123,2334901400296039725,3eabdfa943524b1077c76342cd49dd883c1d02e6abf0a6e9273162f3d53c340b,0.0
354,0,-2.3199418344730227,2.262898257998848,inside,elliptical,2.261635943566601,0.8529919876134674,2.5790004984268693,2.427074093552187,58.78870038873021,1,,,,False,0.35855666052914126,0.728848201169776,False,0.2478477865198236,2.158668474087528,1.120214116867655,1.7779168459295842,ballistic,30.654649490428277,,0.03454680564940896,28.841504810147587,1.566692827166364,2.733389654515724,4.763635209722817,7.195560106186783,0.15349506904491164,0.3152778532882068,0.8970931571379873,0.21731278190574177,0.27002562163392163,0.7993801500435405,34.33341748877205,3.1821133737548406,0.018511023236332705,qp_ode,0.05,100.0,1.1917563964397553e-10,100.00000000000001,188.48033507752348,1.939184223492972,191.0,5.0,0.999,independent_lognormal,False,0.0,False,0.0,16.636278506308553,0.5337388919883286,False,0.0,fixed_device,0,83.8352488853537,118.05332671712425,167.6704977707074,204.94395774055712,107.50854;83.835249;108.17078;117.03402;89.487233;118.05333;86.697402;85.209342;102.47198;92.587643;100.74184;98.930132;99.136065;93.433459;94.419352;116.50486;105.77879,198.80062;167.6705;194.33474;189.94553;178.97447;197.9976;173.3948;170.41868;204.94396;185.17529;198.89142;197.86026;196.57891;186.86692;188.8387;189.8481;183.62519,4.9457111;5.0272209;5.0049862;5.0861229;5.0349499;4.97517;4.9890876;5.0206058;4.8965438;5.0073491;4.9351045;5.0695225;5.0068295;5.0800369;4.971503;4.9932767;4.9559796,1.9680406193600675e-09,83.74409484863281,9.85435760769704e-11,42980.199123443395,1.0,0.1906405786626382,True,,,0,11305537029641927350,1cebbe2c85286d125a19176074641cec80e768fcc76265a176a2887e861b48e2:354,123,4862909289754352859,3eabdfa943524b1077c76342cd49dd883c1d02e6abf0a6e9273162f3d53c340b,0.0
355,0,2.1801251755679623,-3.675487212418841,outside,circular,2.3601600226241404,1.2118716635061748,5.759872862887742,1.0,113.82857325176428,1,,,,False,0.3794175636314094,0.9215905354532352,False,0.23413624410715717,2.886258318226054,0.9373528183449622,1.912924224368574,diffusive,,13.75944059579864,0.022815825950688356,32.336774940588384,1.55573002607454,3.246221530310179,3.8289690352880905,7.692054898148346,0.2871707079419358,0.31643092304453446,0.8168843376691679,0.18994079224023894,0.3548707002805999,1.0598702969261735,30.927434711489152,3.365073068896434,0.0774286467158497,qp_ode,0.05,100.0,1.6697178847687338e-07,100.00000000000001,188.48033507752348,1.3515479412091596,191.0,5.0,0.999,independent_lognormal,False,0.0,False,0.0,8.858980544104494,0.6072901611821281,False,0.0,fixed_device,0,83.8352488853537,118.05332671712425,167.6704977707074,204.94395774055712,107.50854;83.835249;108.17078;117.03402;89.487233;118.05333;86.697402;85.209342;102.47198;92.587643;100.74184;98.930132;99.136065;93.433459;94.419352;116.50486;105.77879,198.80062;167.6705;194.33474;189.94553;178.97447;197.9976;173.3948;170.41868;204.94396;185.17529;198.89142;197.86026;196.57891;186.86692;188.8387;189.8481;183.62519,4.9457111;5.0272209;5.0049862;5.0861229;5.0349499;4.97517;4.9890876;5.0206058;4.8965438;5.0073491;4.9351045;5.0695225;5.0068295;5.0800369;4.971503;4.9932767;4.9559796,2.4060457235464128e-06,8.861715316772461,1.2095496515485138e-07,42980.199123443395,1.0,0.22960776376262604,True,,,2,17770278004836819706,1cebbe2c85286d125a19176074641cec80e768fcc76265a176a2887e861b48e2:355,123,1671050000984728904,3eabdfa943524b1077c76342cd49dd883c1d02e6abf0a6e9273162f3d53c340b,0.15148207720588236
356,0,3.0,-1.5271070245681981,edge,circular,1.792099038042423,1.1419978292376745,9.3251322596896,1.0,167.79649173254012,1,,,,False,0.30110513252702426,0.6090652164674476,False,0.19649044900445853,1.5823753130239977,0.8576912292439345,2.4880557433203645,diffusive,,10.422542068936462,0.030265443337358536,52.28274245714627,1.242471060004914,3.3781749440731206,6.345877419334036,6.000016613648784,0.42000951697017075,0.3449437909693572,0.849221451121729,0.7886994090669825,0.39250205913110425,0.966359368055393,27.112416362939005,3.3485057631043795,0.057444782484566796,qp_ode,0.05,100.0,4.645368370292822e-08,100.00000000000001,188.48033507752348,1.2569212602564341,191.0,5.0,0.999,independent_lognormal,False,0.0,False,0.0,9.61618593123544,0.11382454634286994,False,0.0,fixed_device,0,83.8352488853537,118.05332671712425,167.6704977707074,204.94395774055712,107.50854;83.835249;108.17078;117.03402;89.487233;118.05333;86.697402;85.209342;102.47198;92.587643;100.74184;98.930132;99.136065;93.433459;94.419352;116.50486;105.77879,198.80062;167.6705;194.33474;189.94553;178.97447;197.9976;173.3948;170.41868;204.94396;185.17529;198.89142;197.86026;196.57891;186.86692;188.8387;189.8481;183.62519,4.9457111;5.0272209;5.0049862;5.0861229;5.0349499;4.97517;4.9890876;5.0206058;4.8965438;5.0073491;4.9351045;5.0695225;5.0068295;5.0800369;4.971503;4.9932767;4.9559796,9.481706797487277e-07,19.386009216308594,4.755278482093672e-08,42980.199123443395,1.0,0.21477707636885388,True,,,2,16032033210004923269,1cebbe2c85286d125a19176074641cec80e768fcc76265a176a2887e861b48e2:356,123,4086046537174533050,3eabdfa943524b1077c76342cd49dd883c1d02e6abf0a6e9273162f3d53c340b,0.23112936580882354
357,0,1.9766173399206064,3.6383386577241024,outside,elliptical,2.413219050796629,0.9022964257155679,4.4879250612067,2.218353199173433,156.3720810143013,1,,,,False,0.29809003999131806,0.9728262211357942,False,0.196408228621958,3.2325517031492446,1.0040363782866881,2.8101884151648684,diffusive,,9.398021026189566,0.09096030570718248,19.78452083777797,0.4557614486615176,3.751470822740924,4.24342015017282,6.887676450429944,0.5304406186513063,0.3861058038539945,0.8727022409049616,0.11454239860412718,0.126699979364281,1.1808763640641273,24.354847181403848,2.909823112395452,0.04153904284933331,qp_ode,0.05,100.0,1.9790192761654863e-07,100.00000000000001,188.48033507752348,1.4618803854355087,191.0,5.0,0.999,independent_lognormal,False,0.0,False,0.0,23.330657025508707,0.4123078910699312,False,0.0,fixed_device,0,83.8352488853537,118.05332671712425,167.6704977707074,204.94395774055712,107.50854;83.835249;108.17078;117.03402;89.487233;118.05333;86.697402;85.209342;102.47198;92.587643;100.74184;98.930132;99.136065;93.433459;94.419352;116.50486;105.77879,198.80062;167.6705;194.33474;189.94553;178.97447;197.9976;173.3948;170.41868;204.94396;185.17529;198.89142;197.86026;196.57891;186.86692;188.8387;189.8481;183.62519,4.9457111;5.0272209;5.0049862;5.0861229;5.0349499;4.97517;4.9890876;5.0206058;4.8965438;5.0073491;4.9351045;5.0695225;5.0068295;5.0800369;4.971503;4.9932767;4.9559796,4.875028935202863e-06,4.585859775543213,2.461524672980886e-07,42980.199123443395,1.0,0.19651091232760726,True,,,2,18448290425217962,1cebbe2c85286d125a19176074641cec80e768fcc76265a176a2887e861b48e2:357,123,6300395192536608773,3eabdfa943524b1077c76342cd49dd883c1d02e6abf0a6e9273162f3d53c340b,0.08878102022058823
358,0,1.3313387670207693,-3.531492467305911,outside,elliptical,1.8907152637964961,0.8275621448561703,3.3911278198660506,1.3858951358777192,132.7702704264364,1,,,,False,0.34759876207255574,0.9505674916868939,False,0.36239428367482185,2.1072996167311446,0.6502722105716064,2.769633385435416,diffusive,,5.174759480491843,0.06497513400733752,46.80475500189456,1.6167001991711918,3.008702966271022,5.855024834043404,5.386345715259242,0.5036323203785732,0.2044904937743419,0.9084548390635258,0.2104162909655597,0.209297048726597,0.5641304246043155,24.629930887611913,3.1100000804241743,0.011274302271596275,qp_ode,0.05,100.0,3.137182741538699e-09,100.00000000000001,188.48033507752348,0.3401893321886829,191.0,5.0,0.999,independent_lognormal,False,0.0,False,0.0,10.949333940167293,0.4100830361054733,False,0.0,fixed_device,0,83.8352488853537,118.05332671712425,167.6704977707074,204.94395774055712,107.50854;83.835249;108.17078;117.03402;89.487233;118.05333;86.697402;85.209342;102.47198;92.587643;100.74184;98.930132;99.136065;93.433459;94.419352;116.50486;105.77879,198.80062;167.6705;194.33474;189.94553;178.97447;197.9976;173.3948;170.41868;204.94396;185.17529;198.89142;197.86026;196.57891;186.86692;188.8387;189.8481;183.62519,4.9457111;5.0272209;5.0049862;5.0861229;5.0349499;4.97517;4.9890876;5.0206058;4.8965438;5.0073491;4.9351045;5.0695225;5.0068295;5.0800369;4.971503;4.9932767;4.9559796,7.92139971395045e-08,73.95726776123047,3.96408594838249e-09,42980.199123443395,1.0,0.18500372752204644,True,,,1,2772624680512893027,1cebbe2c85286d125a19176074641cec80e768fcc76265a176a2887e861b48e2:358,123,3989917295055299415,3eabdfa943524b1077c76342cd49dd883c1d02e6abf0a6e9273162f3d53c340b,0.0
359,0,-3.7066084041996135,-2.965421101704372,outside,circular,1.872317538133298,1.2603083369037982,4.0937782343392275,1.0,54.7442195715335,1,,,,False,0.31633885299913417,0.9651221267861042,False,0.3320530233487713,2.898978871692375,0.5151521201368628,1.7218763700920554,ballistic,13.012868544162217,,0.07917713815223293,58.80296545389164,1.5052829813223956,3.6439422021450887,5.738033886063533,5.794990467627884,0.16563095621446308,0.4265198592407681,0.9504062689629038,0.5826798552773774,0.3377422376707734,0.8562972822770725,29.278984869356577,3.39483331732145,0.05515035968555389,qp_ode,0.05,100.0,4.065843421780949e-10,100.00000000000001,188.48033507752348,1.0900946312174682,191.0,5.0,0.999,independent_lognormal,False,0.0,False,0.0,14.01364892594166,0.14862649287239146,False,0.0,fixed_device,0,83.8352488853537,118.05332671712425,167.6704977707074,204.94395774055712,107.50854;83.835249;108.17078;117.03402;89.487233;118.05333;86.697402;85.209342;102.47198;92.587643;100.74184;98.930132;99.136065;93.433459;94.419352;116.50486;105.77879,198.80062;167.6705;194.33474;189.94553;178.97447;197.9976;173.3948;170.41868;204.94396;185.17529;198.89142;197.86026;196.57891;186.86692;188.8387;189.8481;183.62519,4.9457111;5.0272209;5.0049862;5.0861229;5.0349499;4.97517;4.9890876;5.0206058;4.8965438;5.0073491;4.9351045;5.0695225;5.0068295;5.0800369;4.971503;4.9932767;4.9559796,5.018670812262371e-09,82.4724349975586,2.509420726770628e-10,42980.199123443395,1.0,0.21075148579905337,True,,,0,8271031680205013343,1cebbe2c85286d125a19176074641cec80e768fcc76265a176a2887e861b48e2:359,123,3799102467180472898,3eabdfa943524b1077c76342cd49dd883c1d02e6abf0a6e9273162f3d53c340b,0.0
