event,run_id,epicenter_row,epicenter_col,epicenter_region,geometry,initial_beta,late_beta,beta_transition_ms,axis_ratio,angle_degrees,source_count,secondary_epicenter_row,secondary_epicenter_col,secondary_source_strength,reflection_enabled,reflection_coefficient,reflection_boundary_margin_mm,halo_enabled,halo_strength,halo_lambda_multiplier,halo_beta,halo_front_width_multiplier,propagation_law,apparent_speed_m_per_s,diffusion_coefficient_mm2_per_ms,front_width_ms,arrival_jitter_sd_us,arrival_jitter_correlation_length_mm,initial_lambda_mm,maximum_lambda_mm,maximum_distance_mm,spread_time_ms,cutoff_width_mm,maximum_amplitude,prompt_fraction,rise_time_ms,peak_time_ms,decay_time_ms,baseline_total_errors,baseline_drift_fraction,temporal_backend,qp_trapping_rate_per_us,qp_recombination_rate_per_us,qp_generation_scale_per_us,qp_baseline_t1_us,qp_baseline_t2_us,qp_measurement_exposure_us,qp_al_gap_uev,qp_qubit_frequency_ghz,qp_maximum_radiation_probability,qp_source_decay_mode,qp_dephasing_enabled,qp_charging_energy_ghz,qp_frequency_shift_enabled,qp_frequency_shift_coefficient_a,qp_source_lifetime_ms,event_onset_ms,is_control,global_spatial_mixing_fraction,qp_hardware_mode,qp_device_id,qp_baseline_t1_min_us,qp_baseline_t1_max_us,qp_baseline_t2_min_us,qp_baseline_t2_max_us,qp_baseline_t1_by_qubit_us,qp_baseline_t2_by_qubit_us,qp_qubit_frequency_by_qubit_ghz,qp_peak_density,qp_minimum_t1_us,qp_peak_generation_rate_per_us,qp_relaxation_coefficient_per_us,qp_generation_event_scale,achieved_peak_error_fraction,spatial_residual_enabled,low_rank_spatial_coefficients,missing_qubits,strength_band,generation_seed,event_uid,device_seed,syndrome_seed,circuit_id,fraction_round_qubits_below_30us
648,0,1.2443771849502276,-3.3231578523653265,outside,elliptical,2.2637830585595564,1.141517102878772,2.9751898081540284,1.744051150849086,64.19662601188725,1,,,,False,0.34163769433941554,0.6229174394822917,False,0.12897929284924034,1.9267632556586571,1.245432328443476,1.0834071968222767,ballistic,17.84156998849513,,0.020150863996099295,57.341656088718864,1.1431016127101858,2.9231727649180956,6.359216820490508,7.694763105719353,0.36047438234416546,0.18174709406393652,0.9401577351604589,0.4784041611598581,0.09673104131949614,0.6554125043587218,29.943285667575815,2.8632560553262016,0.0720436943468268,qp_ode,0.05,100.0,1.1216143306573032e-09,100.00000000000001,188.48033507752348,1.1264569984203447,191.0,5.0,0.999,independent_lognormal,False,0.0,False,0.0,17.543687390789206,0.4728149507378249,False,0.0,fixed_device,0,83.8352488853537,118.05332671712425,167.6704977707074,204.94395774055712,107.50854;83.835249;108.17078;117.03402;89.487233;118.05333;86.697402;85.209342;102.47198;92.587643;100.74184;98.930132;99.136065;93.433459;94.419352;116.50486;105.77879,198.80062;167.6705;194.33474;189.94553;178.97447;197.9976;173.3948;170.41868;204.94396;185.17529;198.89142;197.86026;196.57891;186.86692;188.8387;189.8481;183.62519,4.9457111;5.0272209;5.0049862;5.0861229;5.0349499;4.97517;4.9890876;5.0206058;4.8965438;5.0073491;4.9351045;5.0695225;5.0068295;5.0800369;4.971503;4.9932767;4.9559796,4.411461063114075e-08,79.47051239013672,2.2099926333396525e-09,42980.199123443395,1.0,0.18057350828248714,True,,,1,8768320096939877818,1cebbe2c85286d125a19176074641cec80e768fcc76265a176a2887e861b48e2:648,123,5749619625594339771,3eabdfa943524b1077c76342cd49dd883c1d02e6abf0a6e9273162f3d53c340b,0.0
649,0,-3.0,0.7669507763716279,edge,elliptical,2.266145493699415,1.24193676010534,9.824651004152575,1.0780685268826753,165.85358294905856,1,,,,False,0.1779929581914299,0.09047620870980111,False,0.19218810628715827,1.5468656285751856,0.7051549952553002,2.5926647997768884,diffusive,,8.03134359634741,0.10996572977464862,47.542355285869704,0.6648611480991775,3.1819657646865913,4.255634430886749,7.810745164218876,0.5235853772124534,0.11171484375279311,0.962637323435157,0.5074704716930267,0.21827461060434267,0.6650322263921595,24.541567074216523,3.2353071441170402,0.02560411347268655,qp_ode,0.05,100.0,1.7257725947294467e-07,100.00000000000001,188.48033507752348,0.22273635650731455,191.0,5.0,0.999,independent_lognormal,False,0.0,False,0.0,15.878594802078856,0.5045163953431665,False,0.0,fixed_device,0,83.8352488853537,118.05332671712425,167.6704977707074,204.94395774055712,107.50854;83.835249;108.17078;117.03402;89.487233;118.05333;86.697402;85.209342;102.47198;92.587643;100.74184;98.930132;99.136065;93.433459;94.419352;116.50486;105.77879,198.80062;167.6705;194.33474;189.94553;178.97447;197.9976;173.3948;170.41868;204.94396;185.17529;198.89142;197.86026;196.57891;186.86692;188.8387;189.8481;183.62519,4.9457111;5.0272209;5.0049862;5.0861229;5.0349499;4.97517;4.9890876;5.0206058;4.8965438;5.0073491;4.9351045;5.0695225;5.0068295;5.0800369;4.971503;4.9932767;4.9559796,3.4413453704473795e-06,6.374505519866943,1.7325447743132827e-07,42980.199123443395,1.0,0.19828962655621774,True,,,2,2112015091837707101,1cebbe2c85286d125a19176074641cec80e768fcc76265a176a2887e861b48e2:649,123,4809886852670109949,3eabdfa943524b1077c76342cd49dd883c1d02e6abf0a6e9273162f3d53c340b,0.22190946691176472
650,0,-3.0,-0.4091974882711473,edge,elliptical,1.9781099792505235,1.0202520539012045,8.59666894002635,1.21017291397352,86.7619644498819,1,,,,False,0.17551063962078278,0.47729441148573515,False,0.2814141698853696,2.8952063189145214,1.1148051411360078,1.5661999218978813,ballistic,13.60200515476863,,0.05560826963388679,26.674025931938587,0.49058053603878754,2.258274508737041,6.220239827831838,7.998627721170421,0.5312604507210315,0.4385501137935407,0.8182247476567653,0.5923635046975627,0.3362811470914956,1.1988136726217868,31.608839318459957,3.3081991665254935,0.055403552795600566,qp_ode,0.05,100.0,5.346497936971425e-08,100.00000000000001,188.48033507752348,1.780697569444621,191.0,5.0,0.999,independent_lognormal,False,0.0,False,0.0,18.560005324174774,0.6221060753938766,False,0.0,fixed_device,0,83.8352488853537,118.05332671712425,167.6704977707074,204.94395774055712,107.50854;83.835249;108.17078;117.03402;89.487233;118.05333;86.697402;85.209342;102.47198;92.587643;100.74184;98.930132;99.136065;93.433459;94.419352;116.50486;105.77879,198.80062;167.6705;194.33474;189.94553;178.97447;197.9976;173.3948;170.41868;204.94396;185.17529;198.89142;197.86026;196.57891;186.86692;188.8387;189.8481;183.62519,4.9457111;5.0272209;5.0049862;5.0861229;5.0349499;4.97517;4.9890876;5.0206058;4.8965438;5.0073491;4.9351045;5.0695225;5.0068295;5.0800369;4.971503;4.9932767;4.9559796,1.6197095646930393e-06,12.696337699890137,8.126178840939247e-08,42980.199123443395,1.0,0.2290597994060174,True,,,2,3365437407068423434,1cebbe2c85286d125a19176074641cec80e768fcc76265a176a2887e861b48e2:650,123,8501439990254816161,3eabdfa943524b1077c76342cd49dd883c1d02e6abf0a6e9273162f3d53c340b,0.16951976102941177
651,0,2.1025102859908404,-0.5143735727571617,inside,elliptical,2.311766402725784,1.4452695467518106,2.1475943567099582,1.6511048452656314,17.309571208539055,1,,,,False,0.3524967606218087,0.4106479605500535,False,0.3158138399563184,2.0147500499843978,1.2540511247093784,2.565023304536381,ballistic,16.129488409555186,,0.05055838835658503,51.94615078912591,1.9566455058653145,2.826548091479286,5.340572930121212,8.169204797539889,0.1578809789404385,0.24832577571264794,0.9471717894363689,0.40827792290202186,0.15147294364662298,0.9336336553361915,30.81912183478974,3.0022922986856915,0.030431619048168726,qp_ode,0.05,100.0,2.891734089759403e-10,100.00000000000001,188.48033507752348,0.33187318139336675,191.0,5.0,0.999,independent_lognormal,False,0.0,False,0.0,21.477127022180596,0.3123055676433072,False,0.0,fixed_device,0,83.8352488853537,118.05332671712425,167.6704977707074,204.94395774055712,107.50854;83.835249;108.17078;117.03402;89.487233;118.05333;86.697402;85.209342;102.47198;92.587643;100.74184;98.930132;99.136065;93.433459;94.419352;116.50486;105.77879,198.80062;167.6705;194.33474;189.94553;178.97447;197.9976;173.3948;170.41868;204.94396;185.17529;198.89142;197.86026;196.57891;186.86692;188.8387;189.8481;183.62519,4.9457111;5.0272209;5.0049862;5.0861229;5.0349499;4.97517;4.9890876;5.0206058;4.8965438;5.0073491;4.9351045;5.0695225;5.0068295;5.0800369;4.971503;4.9932767;4.9559796,7.1972627857519456e-09,83.02153778076172,3.6018507620916296e-10,42980.199123443395,1.0,0.18200110359985525,True,,,0,230402556126799689,1cebbe2c85286d125a19176074641cec80e768fcc76265a176a2887e861b48e2:651,123,6362877991563445373,3eabdfa943524b1077c76342cd49dd883c1d02e6abf0a6e9273162f3d53c340b,0.0
652,0,3.0,-0.19198422061552467,edge,circular,2.1440375160997007,0.8624473889744642,6.0867291391584475,1.0,0.061991447157252466,1,,,,False,0.22812338330405757,0.4699944739403241,False,0.10050311268636847,3.1820985079322925,1.2800764595357255,2.123961534992267,ballistic,19.29524638855011,,0.11790528546130943,69.60502676996762,1.9285205945518253,2.765121812976063,5.515415470269467,6.154283429708217,0.2915638003940712,0.3460569440605168,0.8637096232143643,0.41572829223986246,0.45715372553402467,0.7577578634382509,26.519764791632795,3.3135479587001564,0.035628624015339304,qp_ode,0.05,100.0,5.980594636518287e-08,100.00000000000001,188.48033507752348,0.6587600848280099,191.0,5.0,0.999,independent_lognormal,False,0.0,False,0.0,7.460068141143649,0.47594995204994683,False,0.0,fixed_device,0,83.8352488853537,118.05332671712425,167.6704977707074,204.94395774055712,107.50854;83.835249;108.17078;117.03402;89.487233;118.05333;86.697402;85.209342;102.47198;92.587643;100.74184;98.930132;99.136065;93.433459;94.419352;116.50486;105.77879,198.80062;167.6705;194.33474;189.94553;178.97447;197.9976;173.3948;170.41868;204.94396;185.17529;198.89142;197.86026;196.57891;186.86692;188.8387;189.8481;183.62519,4.9457111;5.0272209;5.0049862;5.0861229;5.0349499;4.97517;4.9890876;5.0206058;4.8965438;5.0073491;4.9351045;5.0695225;5.0068295;5.0800369;4.971503;4.9932767;4.9559796,1.1632353107415838e-06,16.43817138671875,5.848768935834414e-08,42980.199123443395,1.0,0.208475597081144,True,,,2,16853236580398256594,1cebbe2c85286d125a19176074641cec80e768fcc76265a176a2887e861b48e2:652,123,1468678375647019702,3eabdfa943524b1077c76342cd49dd883c1d02e6abf0a6e9273162f3d53c340b,0.3486902573529412
653,0,3.338394270085795,-2.4614541143065027,outside,circular,1.8635292669440606,1.5526272724242505,8.861274663441419,1.0,106.61540764087901,1,,,,False,0.36830956458192876,0.2187641682877306,False,0.23313276737213248,2.4020608393332044,0.6222139079287163,1.6306806955927169,ballistic,27.96833598419333,,0.1078588717687403,5.404635859094995,1.8699027667475634,2.8869893548765515,3.7101608028125947,5.740517219010474,0.18225635241822014,0.19737854553770984,0.9043085068681604,0.36360479349673946,0.1308551811223168,0.8880313861565734,25.568802889493085,3.038440872372552,0.06043986219105503,qp_ode,0.05,100.0,1.4010261709939996e-07,100.00000000000001,188.48033507752348,1.8981732479354392,191.0,5.0,0.999,independent_lognormal,False,0.0,False,0.0,24.216878602919877,0.48770762938683904,False,0.0,fixed_device,0,83.8352488853537,118.05332671712425,167.6704977707074,204.94395774055712,107.50854;83.835249;108.17078;117.03402;89.487233;118.05333;86.697402;85.209342;102.47198;92.587643;100.74184;98.930132;99.136065;93.433459;94.419352;116.50486;105.77879,198.80062;167.6705;194.33474;189.94553;178.97447;197.9976;173.3948;170.41868;204.94396;185.17529;198.89142;197.86026;196.57891;186.86692;188.8387;189.8481;183.62519,4.9457111;5.0272209;5.0049862;5.0861229;5.0349499;4.97517;4.9890876;5.0206058;4.8965438;5.0073491;4.9351045;5.0695225;5.0068295;5.0800369;4.971503;4.9932767;4.9559796,3.0365647489816183e-06,7.133810520172119,1.527664608147461e-07,42980.199123443395,1.0,0.22516153227235142,True,,,2,15618906002441782616,1cebbe2c85286d125a19176074641cec80e768fcc76265a176a2887e861b48e2:653,123,4913887349414891469,3eabdfa943524b1077c76342cd49dd883c1d02e6abf0a6e9273162f3d53c340b,0.3266027113970588
654,0,3.0,-2.3322607244812943,edge,circular,1.9256252428563385,1.2415959860330759,8.18189966615577,1.0,178.85101234164043,1,,,,False,0.30341684700580285,0.5727198406477932,False,0.12572585903677239,2.2333294759707187,0.6676329438797659,2.7888057399873674,diffusive,,17.238814788580175,0.057394747699495666,75.56349640837323,0.7272746628015162,2.4072709224126596,4.457595924707238,6.198379492770796,0.28842253717182736,0.2606914327045241,0.9152170700048496,0.3840304959256627,0.15462891385239336,0.7331068443806636,26.148980047216284,3.3074980300583747,0.059155457639400826,qp_ode,0.05,100.0,7.678170594004727e-10,100.00000000000001,188.48033507752348,1.6602057451273822,191.0,5.0,0.999,independent_lognormal,False,0.0,False,0.0,13.778492310485275,0.329175773199493,False,0.0,fixed_device,0,83.8352488853537,118.05332671712425,167.6704977707074,204.94395774055712,107.50854;83.835249;108.17078;117.03402;89.487233;118.05333;86.697402;85.209342;102.47198;92.587643;100.74184;98.930132;99.136065;93.433459;94.419352;116.50486;105.77879,198.80062;167.6705;194.33474;189.94553;178.97447;197.9976;173.3948;170.41868;204.94396;185.17529;198.89142;197.86026;196.57891;186.86692;188.8387;189.8481;183.62519,4.9457111;5.0272209;5.0049862;5.0861229;5.0349499;4.97517;4.9890876;5.0206058;4.8965438;5.0073491;4.9351045;5.0695225;5.0068295;5.0800369;4.971503;4.9932767;4.9559796,2.73022777719234e-08,81.7311782836914,1.3658534303573333e-09,42980.199123443395,1.0,0.20618687084906706,True,,,0,13503045903732992583,1cebbe2c85286d125a19176074641cec80e768fcc76265a176a2887e861b48e2:654,123,6833213476797135371,3eabdfa943524b1077c76342cd49dd883c1d02e6abf0a6e9273162f3d53c340b,0.0
655,0,-3.284143066920996,-1.32676555258501,outside,elliptical,2.3378601645859094,0.8413093871147252,6.485182945113708,1.2807683951523088,62.817190194110196,1,,,,False,0.15622164196988034,0.848963712953454,False,0.26456553622216505,3.965989937824313,0.9732284613130054,2.3684741473302133,ballistic,32.30975891511066,,0.0943208116299605,24.64736347567446,1.2552701436657367,3.540497395585181,4.5098434746756055,7.208040893870987,0.15046893474719172,0.240790235694812,0.8203844962140797,0.43701045206024586,0.09034020408705708,0.9553238920681961,31.624965158944878,3.202443203197256,0.07135855882992401,qp_ode,0.05,100.0,6.786610716886658e-08,100.00000000000001,188.48033507752348,0.38014689195885254,191.0,5.0,0.999,independent_lognormal,False,0.0,False,0.0,33.25794619698359,0.1985442732082936,False,0.0,fixed_device,0,83.8352488853537,118.05332671712425,167.6704977707074,204.94395774055712,107.50854;83.835249;108.17078;117.03402;89.487233;118.05333;86.697402;85.209342;102.47198;92.587643;100.74184;98.930132;99.136065;93.433459;94.419352;116.50486;105.77879,198.80062;167.6705;194.33474;189.94553;178.97447;197.9976;173.3948;170.41868;204.94396;185.17529;198.89142;197.86026;196.57891;186.86692;188.8387;189.8481;183.62519,4.9457111;5.0272209;5.0049862;5.0861229;5.0349499;4.97517;4.9890876;5.0206058;4.8965438;5.0073491;4.9351045;5.0695225;5.0068295;5.0800369;4.971503;4.9932767;4.9559796,1.4640966128354194e-06,13.910725593566895,7.347178154759604e-08,42980.199123443395,1.0,0.20919694861143798,True,,,2,9357686333925576142,1cebbe2c85286d125a19176074641cec80e768fcc76265a176a2887e861b48e2:655,123,4165408558254825831,3eabdfa943524b1077c76342cd49dd883c1d02e6abf0a6e9273162f3d53c340b,0.40920840992647056
656,0,1.486699971645268,2.2257573595687,inside,circular,2.490973084386347,1.6736554067180993,9.431770218883262,1.0,48.495162260321315,1,,,,False,0.062215553405125384,0.03575647363800394,False,0.1174845597898421,2.3120319666816287,0.8059546666485753,2.2431488491703306,diffusive,,16.03094001207848,0.08180073812475518,30.75995910621146,1.4474184408099982,3.764723384575922,5.806371009711789,8.744205524134433,0.36040610786333194,0.4245110494552128,0.9964465750808295,0.5194635934445803,0.4399346421413068,1.165241492062955,28.547872752404576,3.3318091380047417,0.06378710777639324,qp_ode,0.05,100.0,2.2059877172233307e-07,100.00000000000001,188.48033507752348,1.9711492574095546,191.0,5.0,0.999,independent_lognormal,False,0.0,False,0.0,13.965357497430896,0.5372377195438571,False,0.0,fixed_device,0,83.8352488853537,118.05332671712425,167.6704977707074,204.94395774055712,107.50854;83.835249;108.17078;117.03402;89.487233;118.05333;86.697402;85.209342;102.47198;92.587643;100.74184;98.930132;99.136065;93.433459;94.419352;116.50486;105.77879,198.80062;167.6705;194.33474;189.94553;178.97447;197.9976;173.3948;170.41868;204.94396;185.17529;198.89142;197.86026;196.57891;186.86692;188.8387;189.8481;183.62519,4.9457111;5.0272209;5.0049862;5.0861229;5.0349499;4.97517;4.9890876;5.0206058;4.8965438;5.0073491;4.9351045;5.0695225;5.0068295;5.0800369;4.971503;4.9932767;4.9559796,6.256182587094372e-06,3.6250576972961426,3.1683407542004716e-07,42980.199123443395,1.0,0.3736579118303822,True,,,2,2524368605161603452,1cebbe2c85286d125a19176074641cec80e768fcc76265a176a2887e861b48e2:656,123,8956737467549153416,3eabdfa943524b1077c76342cd49dd883c1d02e6abf0a6e9273162f3d53c340b,0.41027113970588236
657,0,0.4673964753191546,1.665989002308617,inside,elliptical,1.8984361251022452,1.6385843152019408,9.727293053344884,2.102286976609614,115.49553066897636,1,,,,False,0.06868763036965195,0.026492104008731587,False,0.28152999586889427,1.7967831649052852,0.9776895184502951,2.3741175023463956,diffusive,,16.146075457010863,0.10644733752635555,67.8656563132238,1.373467686628738,2.3784280138637097,5.098732362187963,5.153991391718849,0.45427196722710106,0.47859368126455837,0.8858813325653122,0.1824349875849084,0.275823773380615,0.7032410695631701,33.43475016020006,3.0000241277984143,0.061871604911971495,qp_ode,0.05,100.0,1.7383731016803003e-10,100.00000000000001,188.48033507752348,1.7734339409078574,191.0,5.0,0.999,independent_lognormal,False,0.0,False,0.0,17.52685466720419,0.1776474122809648,False,0.0,fixed_device,0,83.8352488853537,118.05332671712425,167.6704977707074,204.94395774055712,107.50854;83.835249;108.17078;117.03402;89.487233;118.05333;86.697402;85.209342;102.47198;92.587643;100.74184;98.930132;99.136065;93.433459;94.419352;116.50486;105.77879,198.80062;167.6705;194.33474;189.94553;178.97447;197.9976;173.3948;170.41868;204.94396;185.17529;198.89142;197.86026;196.57891;186.86692;188.8387;189.8481;183.62519,4.9457111;5.0272209;5.0049862;5.0861229;5.0349499;4.97517;4.9890876;5.0206058;4.8965438;5.0073491;4.9351045;5.0695225;5.0068295;5.0800369;4.971503;4.9932767;4.9559796,3.6270630943135984e-09,83.76453399658203,1.8135749846326377e-10,42980.199123443395,1.0,0.18743099835234844,True,,,0,3298845171525086925,1cebbe2c85286d125a19176074641cec80e768fcc76265a176a2887e861b48e2:657,123,2060301685150745478,3eabdfa943524b1077c76342cd49dd883c1d02e6abf0a6e9273162f3d53c340b,0.0
658,0,-3.3962176534322297,-0.6081841867831863,outside,circular,2.3481376456401577,1.6210639000375746,9.66577106317303,1.0,106.26935800194764,1,,,,False,0.21233383256332855,0.40281040695568093,False,0.1715464828650954,1.6143202786060251,0.6748647995713047,2.70475478759975,diffusive,,12.504146351374978,0.08752891164909313,68.45321455377216,1.3340355971389628,2.4161479830185812,5.594976312897806,7.830274559766943,0.3713691347543244,0.45284270903569823,0.9987496756994307,0.23656152418776755,0.375065094948892,0.5270141029037749,34.505378472716956,3.267475527625255,0.02008709534785953,qp_ode,0.05,100.0,2.2167032891068294e-08,100.00000000000001,188.48033507752348,1.0128897852048733,191.0,5.0,0.999,independent_lognormal,False,0.0,False,0.0,26.416710550377914,0.384006775872995,False,0.0,fixed_device,0,83.8352488853537,118.05332671712425,167.6704977707074,204.94395774055712,107.50854;83.835249;108.17078;117.03402;89.487233;118.05333;86.697402;85.209342;102.47198;92.587643;100.74184;98.930132;99.136065;93.433459;94.419352;116.50486;105.77879,198.80062;167.6705;194.33474;189.94553;178.97447;197.9976;173.3948;170.41868;204.94396;185.17529;198.89142;197.86026;196.57891;186.86692;188.8387;189.8481;183.62519,4.9457111;5.0272209;5.0049862;5.0861229;5.0349499;4.97517;4.9890876;5.0206058;4.8965438;5.0073491;4.9351045;5.0695225;5.0068295;5.0800369;4.971503;4.9932767;4.9559796,4.408077529660659e-07,35.44628143310547,2.2087149886829138e-08,42980.199123443395,1.0,0.19929717666574234,True,,,2,7484778734840070008,1cebbe2c85286d125a19176074641cec80e768fcc76265a176a2887e861b48e2:658,123,596422072164611346,3eabdfa943524b1077c76342cd49dd883c1d02e6abf0a6e9273162f3d53c340b,0.0
659,0,-3.0,2.6718549985332736,edge,elliptical,1.9670440906631417,0.9226086392310339,9.609877311574568,1.8023628162417316,39.44304288282238,1,,,,False,0.1661001885661843,0.40330881160914167,False,0.20790319986786268,3.71164470338217,1.119310574382516,2.5029867501265635,ballistic,23.832904314516448,,0.04177017951682053,69.87348213721063,1.0480855212703264,3.4940281721427566,5.165693740054088,9.018721244644642,0.38736669480328834,0.3936708713951649,0.9655394527982799,0.3223474061202709,0.28532042823992415,0.7512158151995243,21.881113883617086,3.3454802778986514,0.022424140790490883,qp_ode,0.05,100.0,1.8832878378837e-09,100.00000000000001,188.48033507752348,1.3887686350081294,191.0,5.0,0.999,independent_lognormal,False,0.0,False,0.0,5.777848869845622,0.4132173839608053,False,0.0,fixed_device,0,83.8352488853537,118.05332671712425,167.6704977707074,204.94395774055712,107.50854;83.835249;108.17078;117.03402;89.487233;118.05333;86.697402;85.209342;102.47198;92.587643;100.74184;98.930132;99.136065;93.433459;94.419352;116.50486;105.77879,198.80062;167.6705;194.33474;189.94553;178.97447;197.9976;173.3948;170.41868;204.94396;185.17529;198.89142;197.86026;196.57891;186.86692;188.8387;189.8481;183.62519,4.9457111;5.0272209;5.0049862;5.0861229;5.0349499;4.97517;4.9890876;5.0206058;4.8965438;5.0073491;4.9351045;5.0695225;5.0068295;5.0800369;4.971503;4.9932767;4.9559796,3.637110168597246e-08,82.99751281738281,1.8235324361626226e-09,42980.199123443395,1.0,0.2013050788199049,True,,,1,17751876860161598809,1cebbe2c85286d125a19176074641cec80e768fcc76265a176a2887e861b48e2:659,123,115452949801861138,3eabdfa943524b1077c76342cd49dd883c1d02e6abf0a6e9273162f3d53c340b,0.0
660,0,-2.179734075334907,2.234914349100496,inside,elliptical,1.7772638557279963,0.9433449094149959,3.4275017770715195,2.3906295329894665,155.17255917565498,1,,,,False,0.28378960051583896,0.14011300933057025,False,0.38884665664691653,3.944631501920546,0.6656983515381591,2.8880304614639316,diffusive,,9.626530024304087,0.10607443636510369,3.3380236917920225,1.9582554579745772,2.122183578298417,3.50898870306101,5.3899516902414115,0.5612845405383781,0.3418669303227675,0.8827646613261029,0.6541853643068412,0.3491080913176654,1.1571575118723065,24.40460275174121,2.8465303640562483,0.06819319859074277,qp_ode,0.05,100.0,2.2353095600199462e-08,100.00000000000001,188.48033507752348,0.7190662813122772,191.0,5.0,0.999,independent_lognormal,False,0.0,False,0.0,15.704239871209317,0.4474268475418846,False,0.0,fixed_device,0,83.8352488853537,118.05332671712425,167.6704977707074,204.94395774055712,107.50854;83.835249;108.17078;117.03402;89.487233;118.05333;86.697402;85.209342;102.47198;92.587643;100.74184;98.930132;99.136065;93.433459;94.419352;116.50486;105.77879,198.80062;167.6705;194.33474;189.94553;178.97447;197.9976;173.3948;170.41868;204.94396;185.17529;198.89142;197.86026;196.57891;186.86692;188.8387;189.8481;183.62519,4.9457111;5.0272209;5.0049862;5.0861229;5.0349499;4.97517;4.9890876;5.0206058;4.8965438;5.0073491;4.9351045;5.0695225;5.0068295;5.0800369;4.971503;4.9932767;4.9559796,5.169499104340503e-07,30.78725814819336,2.588432757022474e-08,42980.199123443395,1.0,0.17907935287095486,True,,,2,9319404034739042374,1cebbe2c85286d125a19176074641cec80e768fcc76265a176a2887e861b48e2:660,123,2484271008910549747,3eabdfa943524b1077c76342cd49dd883c1d02e6abf0a6e9273162f3d53c340b,0.0
661,0,3.486459600629619,0.6023569945309655,outside,circular,2.187045128572619,1.0704999068097836,5.429089766284507,1.0,137.84907920169002,1,,,,False,0.0969158298241842,0.6159085281626896,False,0.12457052407260469,2.233205876821113,1.2732170181833837,2.0713791502562042,ballistic,34.49322476988091,,0.031586400046028196,62.66071128986351,0.8934572452123698,3.41021663274679,3.8330226167985395,5.260604983359825,0.1508071328718527,0.4138852322830524,0.9752813393176761,0.15295308548119968,0.3731724972564407,0.9500927514047088,21.461282839773187,2.8901230887799376,0.019591645182312867,qp_ode,0.05,100.0,1.1082476903669018e-10,100.00000000000001,188.48033507752348,1.6091342240252384,191.0,5.0,0.999,independent_lognormal,False,0.0,False,0.0,14.587626431252497,0.5475313085026184,False,0.0,fixed_device,0,83.8352488853537,118.05332671712425,167.6704977707074,204.94395774055712,107.50854;83.835249;108.17078;117.03402;89.487233;118.05333;86.697402;85.209342;102.47198;92.587643;100.74184;98.930132;99.136065;93.433459;94.419352;116.50486;105.77879,198.80062;167.6705;194.33474;189.94553;178.97447;197.9976;173.3948;170.41868;204.94396;185.17529;198.89142;197.86026;196.57891;186.86692;188.8387;189.8481;183.62519,4.9457111;5.0272209;5.0049862;5.0861229;5.0349499;4.97517;4.9890876;5.0206058;4.8965438;5.0073491;4.9351045;5.0695225;5.0068295;5.0800369;4.971503;4.9932767;4.9559796,5.247839496291817e-09,83.82624053955078,2.624616912694222e-10,42980.199123443395,1.0,0.17331829167726992,True,,,0,12733801122146690898,1cebbe2c85286d125a19176074641cec80e768fcc76265a176a2887e861b48e2:661,123,2517824966091607620,3eabdfa943524b1077c76342cd49dd883c1d02e6abf0a6e9273162f3d53c340b,0.0
662,0,-3.0,-1.2240465795300195,edge,elliptical,1.9521685437813423,1.060033614975053,6.369395870798857,1.2752747156667346,177.88186425210378,1,,,,False,0.32340446491252967,0.3864658668383969,False,0.3506996817543242,3.308168392464405,0.6264935497199156,2.901302313311052,ballistic,16.70177416126944,,0.07597110240820668,52.44337726794758,1.746644658816888,2.742246879648684,4.723080762705833,8.281590560314772,0.5448990800307774,0.45830358346223754,0.9186545930875883,0.4355478608278278,0.31431956197896443,0.8645302492514805,23.501810946539848,3.0853739690193542,0.04857619854358168,qp_ode,0.05,100.0,1.8099538632606682e-10,100.00000000000001,188.48033507752348,0.9881892369721041,191.0,5.0,0.999,independent_lognormal,False,0.0,False,0.0,23.07722416673825,0.413941862678496,False,0.0,fixed_device,0,83.8352488853537,118.05332671712425,167.6704977707074,204.94395774055712,107.50854;83.835249;108.17078;117.03402;89.487233;118.05333;86.697402;85.209342;102.47198;92.587643;100.74184;98.930132;99.136065;93.433459;94.419352;116.50486;105.77879,198.80062;167.6705;194.33474;189.94553;178.97447;197.9976;173.3948;170.41868;204.94396;185.17529;198.89142;197.86026;196.57891;186.86692;188.8387;189.8481;183.62519,4.9457111;5.0272209;5.0049862;5.0861229;5.0349499;4.97517;4.9890876;5.0206058;4.8965438;5.0073491;4.9351045;5.0695225;5.0068295;5.0800369;4.971503;4.9932767;4.9559796,2.8130746621002345e-09,83.21560668945312,1.4082428279049708e-10,42980.199123443395,1.0,0.19031503558499682,True,,,0,6783718926569153242,1cebbe2c85286d125a19176074641cec80e768fcc76265a176a2887e861b48e2:662,123,6306022643049307423,3eabdfa943524b1077c76342cd49dd883c1d02e6abf0a6e9273162f3d53c340b,0.0
663,0,0.9761975028503915,-3.0,edge,circular,2.465853097095362,1.3223659275842605,4.7945547339954775,1.0,80.88184442463113,1,,,,False,0.34973569320688797,0.5593276126780131,False,0.17770698525222578,2.4192195346314405,1.0858507225172742,2.324779253678864,diffusive,,13.061084150656495,0.08776593155484912,30.21470678465505,0.7872402685539606,2.9107192150892676,5.896042813287143,9.647878482894864,0.36368353649546725,0.2596324985621086,0.8502995427475188,0.22710241935736813,0.1104513936940998,0.538976716342958,28.43321367214387,3.353039615354979,0.05543973719833363,qp_ode,0.05,100.0,4.555891082609592e-09,100.00000000000001,188.48033507752348,1.1493517808087848,191.0,5.0,0.999,independent_lognormal,False,0.0,False,0.0,28.69199972204357,0.6041627279029954,False,0.0,fixed_device,0,83.8352488853537,118.05332671712425,167.6704977707074,204.94395774055712,107.50854;83.835249;108.17078;117.03402;89.487233;118.05333;86.697402;85.209342;102.47198;92.587643;100.74184;98.930132;99.136065;93.433459;94.419352;116.50486;105.77879,198.80062;167.6705;194.33474;189.94553;178.97447;197.9976;173.3948;170.41868;204.94396;185.17529;198.89142;197.86026;196.57891;186.86692;188.8387;189.8481;183.62519,4.9457111;5.0272209;5.0049862;5.0861229;5.0349499;4.97517;4.9890876;5.0206058;4.8965438;5.0073491;4.9351045;5.0695225;5.0068295;5.0800369;4.971503;4.9932767;4.9559796,1.2809357485821238e-07,60.74015426635742,6.411768005420981e-09,42980.199123443395,1.0,0.20772726545208553,True,,,1,428939933401247313,1cebbe2c85286d125a19176074641cec80e768fcc76265a176a2887e861b48e2:663,123,718602013919545854,3eabdfa943524b1077c76342cd49dd883c1d02e6abf0a6e9273162f3d53c340b,0.0
664,0,2.7705490121850245,-1.284277717119926,inside,circular,1.8750096878464977,1.2814375142705423,3.156659004322134,1.0,23.22928554963182,1,,,,False,0.21735917028163548,0.7924668440490531,False,0.22647643462470562,1.9936940298568562,0.5611595796401703,2.868897851473373,ballistic,33.506886728744185,,0.09798777661954867,79.59620402971778,1.7899979545819695,3.092184132971597,6.2137824702096065,5.983822230519381,0.4535479697374636,0.11289957180585507,0.8438413743956116,0.7978974389598629,0.24999256342452925,0.7742295088848947,20.29162073856602,2.940154673480402,0.07251976895462597,qp_ode,0.05,100.0,4.077944315147259e-08,100.00000000000001,188.48033507752348,0.5568301968898336,191.0,5.0,0.999,independent_lognormal,False,0.0,False,0.0,16.78544549191189,0.1891559900465617,False,0.0,fixed_device,0,83.8352488853537,118.05332671712425,167.6704977707074,204.94395774055712,107.50854;83.835249;108.17078;117.03402;89.487233;118.05333;86.697402;85.209342;102.47198;92.587643;100.74184;98.930132;99.136065;93.433459;94.419352;116.50486;105.77879,198.80062;167.6705;194.33474;189.94553;178.97447;197.9976;173.3948;170.41868;204.94396;185.17529;198.89142;197.86026;196.57891;186.86692;188.8387;189.8481;183.62519,4.9457111;5.0272209;5.0049862;5.0861229;5.0349499;4.97517;4.9890876;5.0206058;4.8965438;5.0073491;4.9351045;5.0695225;5.0068295;5.0800369;4.971503;4.9932767;4.9559796,8.494499752487172e-07,21.12495231628418,4.257575980659567e-08,42980.199123443395,1.0,0.19198843427502074,True,,,2,1096112322692497642,1cebbe2c85286d125a19176074641cec80e768fcc76265a176a2887e861b48e2:664,123,450082722099835791,3eabdfa943524b1077c76342cd49dd883c1d02e6abf0a6e9273162f3d53c340b,0.13163488051470587
665,0,-3.9563716311394312,0.8540428485285787,outside,elliptical,1.8264901673768117,1.081419239303273,3.862609340108965,1.0390494921724218,157.05973556491978,1,,,,False,0.2310605342724007,0.10152179759522151,False,0.17272091109897758,2.7522623147944705,1.0630272597211654,2.3910854331765625,diffusive,,11.941279115727234,0.061985726475430186,71.69652750113204,1.9004506789224025,3.7942247825641493,6.055790302813932,7.244576894473153,0.2905693736888028,0.3939881678742857,0.860296442329999,0.1659175567950582,0.4498896976206429,0.8470934346619754,28.496103994818682,3.3872797489191195,0.06913251957504632,qp_ode,0.05,100.0,4.355939576264987e-09,100.00000000000001,188.48033507752348,1.7109257082134335,191.0,5.0,0.999,independent_lognormal,False,0.0,False,0.0,8.960097583057145,0.6359096512952115,False,0.0,fixed_device,0,83.8352488853537,118.05332671712425,167.6704977707074,204.94395774055712,107.50854;83.835249;108.17078;117.03402;89.487233;118.05333;86.697402;85.209342;102.47198;92.587643;100.74184;98.930132;99.136065;93.433459;94.419352;116.50486;105.77879,198.80062;167.6705;194.33474;189.94553;178.97447;197.9976;173.3948;170.41868;204.94396;185.17529;198.89142;197.86026;196.57891;186.86692;188.8387;189.8481;183.62519,4.9457111;5.0272209;5.0049862;5.0861229;5.0349499;4.97517;4.9890876;5.0206058;4.8965438;5.0073491;4.9351045;5.0695225;5.0068295;5.0800369;4.971503;4.9932767;4.9559796,7.239693644578438e-08,75.5208511352539,3.6309433237846633e-09,42980.199123443395,1.0,0.2120514557705401,True,,,1,7206185421271931331,1cebbe2c85286d125a19176074641cec80e768fcc76265a176a2887e861b48e2:665,123,5759072879707743389,3eabdfa943524b1077c76342cd49dd883c1d02e6abf0a6e9273162f3d53c340b,0.0
666,0,0.6360074291580995,-2.9652313132501846,inside,elliptical,1.7306269633389597,1.1103240587740555,8.522838378386382,1.4897185535890727,171.9626326129687,1,,,,False,0.38267308798697774,0.9935800915568433,False,0.2974730714423627,3.622126141308149,0.9103738441880669,1.4091273243264877,ballistic,34.13939934249248,,0.09708005782584457,49.78216950087539,0.48303425170862335,3.564984704925595,6.260994830855287,6.327494859642252,0.3170752595984875,0.47245330110593586,0.8570218074285345,0.6498793300988854,0.20459615849779125,0.7585406768126439,30.429097114597372,3.3840270619408326,0.06009550194092444,qp_ode,0.05,100.0,2.0139238818035853e-07,100.00000000000001,188.48033507752348,1.9373190232418667,191.0,5.0,0.999,independent_lognormal,False,0.0,False,0.0,79.20103668012652,0.105812266138209,False,0.0,fixed_device,0,83.8352488853537,118.05332671712425,167.6704977707074,204.94395774055712,107.50854;83.835249;108.17078;117.03402;89.487233;118.05333;86.697402;85.209342;102.47198;92.587643;100.74184;98.930132;99.136065;93.433459;94.419352;116.50486;105.77879,198.80062;167.6705;194.33474;189.94553;178.97447;197.9976;173.3948;170.41868;204.94396;185.17529;198.89142;197.86026;196.57891;186.86692;188.8387;189.8481;183.62519,4.9457111;5.0272209;5.0049862;5.0861229;5.0349499;4.97517;4.9890876;5.0206058;4.8965438;5.0073491;4.9351045;5.0695225;5.0068295;5.0800369;4.971503;4.9932767;4.9559796,4.292371158953756e-06,5.159269332885742,2.1663710469965736e-07,42980.199123443395,1.0,0.32594254898479597,True,,,2,9869356037019073449,1cebbe2c85286d125a19176074641cec80e768fcc76265a176a2887e861b48e2:666,123,6748945184460966296,3eabdfa943524b1077c76342cd49dd883c1d02e6abf0a6e9273162f3d53c340b,0.80126953125
667,0,1.666462859589454,3.0,edge,circular,1.8297539359515842,0.8013059043121673,2.828342986520979,1.0,161.5980702520616,1,,,,False,0.09029309316930065,0.3005412826264756,False,0.11944393424713473,3.930350310555725,0.8941082453122067,1.6648272149233163,ballistic,30.649760691577722,,0.047812798439531456,51.25401948161381,0.41583413539980774,2.5672256329668808,4.285401244729706,8.518065891017756,0.49380445973855047,0.431155752539525,0.9343351477283953,0.42685121358025874,0.17563271942700698,0.7914706804595607,21.122046988524538,3.326727077568269,0.01124975912035671,qp_ode,0.05,100.0,8.665665818335278e-09,100.00000000000001,188.48033507752348,1.8220638935951905,191.0,5.0,0.999,independent_lognormal,False,0.0,False,0.0,6.14147706643639,0.08845890461493272,False,0.0,fixed_device,0,83.8352488853537,118.05332671712425,167.6704977707074,204.94395774055712,107.50854;83.835249;108.17078;117.03402;89.487233;118.05333;86.697402;85.209342;102.47198;92.587643;100.74184;98.930132;99.136065;93.433459;94.419352;116.50486;105.77879,198.80062;167.6705;194.33474;189.94553;178.97447;197.9976;173.3948;170.41868;204.94396;185.17529;198.89142;197.86026;196.57891;186.86692;188.8387;189.8481;183.62519,4.9457111;5.0272209;5.0049862;5.0861229;5.0349499;4.97517;4.9890876;5.0206058;4.8965438;5.0073491;4.9351045;5.0695225;5.0068295;5.0800369;4.971503;4.9932767;4.9559796,1.521826789030456e-07,63.95467758178711,7.612088737118938e-09,42980.199123443395,1.0,0.2015666018965341,True,,,1,2295983954839914494,1cebbe2c85286d125a19176074641cec80e768fcc76265a176a2887e861b48e2:667,123,9173666090868883745,3eabdfa943524b1077c76342cd49dd883c1d02e6abf0a6e9273162f3d53c340b,0.0
668,0,2.3716978820947343,-2.7715834671235293,inside,elliptical,2.195796244132185,1.5323023236928197,3.833294832251428,1.3024700324039444,108.72500662481964,1,,,,False,0.3321204764592566,0.7306660233222354,False,0.14163502186889984,2.851796432522436,1.1354077775989633,1.0949487967338705,diffusive,,19.64258698447098,0.05447471807965003,29.6812111350145,0.9415988670224179,3.4874244378649735,4.202506634071813,5.494571453304724,0.42940115980547966,0.32218225867849704,0.97819695390769,0.13248332038716937,0.39183672768573646,0.51720568555911,33.724841277380186,3.263317637441866,0.0720549428271829,qp_ode,0.05,100.0,9.186990947846658e-09,100.00000000000001,188.48033507752348,1.4668494115737896,191.0,5.0,0.999,independent_lognormal,False,0.0,False,0.0,25.57508718721462,0.41104347136115277,False,0.0,fixed_device,0,83.8352488853537,118.05332671712425,167.6704977707074,204.94395774055712,107.50854;83.835249;108.17078;117.03402;89.487233;118.05333;86.697402;85.209342;102.47198;92.587643;100.74184;98.930132;99.136065;93.433459;94.419352;116.50486;105.77879,198.80062;167.6705;194.33474;189.94553;178.97447;197.9976;173.3948;170.41868;204.94396;185.17529;198.89142;197.86026;196.57891;186.86692;188.8387;189.8481;183.62519,4.9457111;5.0272209;5.0049862;5.0861229;5.0349499;4.97517;4.9890876;5.0206058;4.8965438;5.0073491;4.9351045;5.0695225;5.0068295;5.0800369;4.971503;4.9932767;4.9559796,2.0562558233905293e-07,50.90351486206055,1.031093344039391e-08,42980.199123443395,1.0,0.20601232503645334,True,,,1,10446198864283069477,1cebbe2c85286d125a19176074641cec80e768fcc76265a176a2887e861b48e2:668,123,7132295718668492920,3eabdfa943524b1077c76342cd49dd883c1d02e6abf0a6e9273162f3d53c340b,0.0
669,0,1.2474164144201279,-1.9929003227318516,inside,circular,2.487353297916498,1.5319867248695282,9.388998896461258,1.0,175.13651380503745,1,,,,False,0.14497300128285778,0.6747412212911814,False,0.30181762726245703,2.075440877430891,0.6039059079445631,2.7240134956689834,diffusive,,8.772507345505877,0.11470464440560538,20.51789791025839,1.0674214672339848,2.9820661856854622,3.57398270951423,5.926908480781749,0.39361909835306824,0.1752759507780004,0.8766605279000759,0.395668626500415,0.24651040143648556,0.5697917738504907,32.63566569977352,3.2619433633454125,0.04490933222409019,qp_ode,0.05,100.0,5.08473638936405e-10,100.00000000000001,188.48033507752348,1.1624622193676604,191.0,5.0,0.999,independent_lognormal,False,0.0,False,0.0,11.445909221911922,0.4360167627187842,False,0.0,fixed_device,0,83.8352488853537,118.05332671712425,167.6704977707074,204.94395774055712,107.50854;83.835249;108.17078;117.03402;89.487233;118.05333;86.697402;85.209342;102.47198;92.587643;100.74184;98.930132;99.136065;93.433459;94.419352;116.50486;105.77879,198.80062;167.6705;194.33474;189.94553;178.97447;197.9976;173.3948;170.41868;204.94396;185.17529;198.89142;197.86026;196.57891;186.86692;188.8387;189.8481;183.62519,4.9457111;5.0272209;5.0049862;5.0861229;5.0349499;4.97517;4.9890876;5.0206058;4.8965438;5.0073491;4.9351045;5.0695225;5.0068295;5.0800369;4.971503;4.9932767;4.9559796,1.4206672283023636e-08,82.20109558105469,7.122745171450617e-10,42980.199123443395,1.0,0.20051406023365928,True,,,0,7121438043867382295,1cebbe2c85286d125a19176074641cec80e768fcc76265a176a2887e861b48e2:669,123,7021335258683467904,3eabdfa943524b1077c76342cd49dd883c1d02e6abf0a6e9273162f3d53c340b,0.0
670,0,2.5490992670883488,-1.2308339228569984,inside,elliptical,2.3452966166148292,1.5705431043397144,8.541780299078033,1.5437379614848892,78.60585206760257,1,,,,False,0.057104273245212216,0.25006219517249173,False,0.2852072286994024,3.2523669710913445,0.9037617166796337,1.401315533181154,ballistic,26.456679591597307,,0.06920358119063813,24.52164090079547,1.6530711768064612,2.548392698503419,4.344993374624454,5.976329094411855,0.4077644046368021,0.23424615764578072,0.8729178813608189,0.6429027653794608,0.2653307686608415,1.1719270254590373,30.202087105080842,3.1303782253111048,0.032094070062643046,qp_ode,0.05,100.0,1.0317122361902549e-09,100.00000000000001,188.48033507752348,1.6187689849401476,191.0,5.0,0.999,independent_lognormal,False,0.0,False,0.0,7.580365377845163,0.1319341590387032,False,0.0,fixed_device,0,83.8352488853537,118.05332671712425,167.6704977707074,204.94395774055712,107.50854;83.835249;108.17078;117.03402;89.487233;118.05333;86.697402;85.209342;102.47198;92.587643;100.74184;98.930132;99.136065;93.433459;94.419352;116.50486;105.77879,198.80062;167.6705;194.33474;189.94553;178.97447;197.9976;173.3948;170.41868;204.94396;185.17529;198.89142;197.86026;196.57891;186.86692;188.8387;189.8481;183.62519,4.9457111;5.0272209;5.0049862;5.0861229;5.0349499;4.97517;4.9890876;5.0206058;4.8965438;5.0073491;4.9351045;5.0695225;5.0068295;5.0800369;4.971503;4.9932767;4.9559796,2.2262206300638354e-08,79.30345916748047,1.1132295085758415e-09,42980.199123443395,1.0,0.19045023907653558,True,,,1,7076216957936483140,1cebbe2c85286d125a19176074641cec80e768fcc76265a176a2887e861b48e2:670,123,625590856818547498,3eabdfa943524b1077c76342cd49dd883c1d02e6abf0a6e9273162f3d53c340b,0.0
671,0,-3.4941413574525235,-2.0897253255612305,outside,circular,2.30355367228994,1.5882008607543638,2.388920277058885,1.0,86.80292424982709,1,,,,False,0.2765838289110228,0.5290155855984358,False,0.21337322080869867,2.09107439541452,1.276682909227055,2.0927075139346165,diffusive,,11.563485295018445,0.09837749609211813,13.388451383395719,1.234143720686687,2.09530037371147,3.884475379436008,7.442131847791773,0.5343278055755806,0.31889395148427646,0.8975538353786469,0.195045371004358,0.13250402204420836,0.7190995797542727,34.6473385694338,3.0666157977045505,0.05040025162091424,qp_ode,0.05,100.0,7.816321440700327e-10,100.00000000000001,188.48033507752348,1.0579159368980693,191.0,5.0,0.999,independent_lognormal,False,0.0,False,0.0,58.70153815481133,0.07518157494719402,False,0.0,fixed_device,0,83.8352488853537,118.05332671712425,167.6704977707074,204.94395774055712,107.50854;83.835249;108.17078;117.03402;89.487233;118.05333;86.697402;85.209342;102.47198;92.587643;100.74184;98.930132;99.136065;93.433459;94.419352;116.50486;105.77879,198.80062;167.6705;194.33474;189.94553;178.97447;197.9976;173.3948;170.41868;204.94396;185.17529;198.89142;197.86026;196.57891;186.86692;188.8387;189.8481;183.62519,4.9457111;5.0272209;5.0049862;5.0861229;5.0349499;4.97517;4.9890876;5.0206058;4.8965438;5.0073491;4.9351045;5.0695225;5.0068295;5.0800369;4.971503;4.9932767;4.9559796,7.916866273660617e-09,81.72091674804688,3.958586236585404e-10,42980.199123443395,1.0,0.1895007313933849,True,,,0,543619178758528751,1cebbe2c85286d125a19176074641cec80e768fcc76265a176a2887e861b48e2:671,123,4068451268056354275,3eabdfa943524b1077c76342cd49dd883c1d02e6abf0a6e9273162f3d53c340b,0.0
672,0,-0.22570217247477498,-3.707628289510659,outside,circular,1.8331058109769327,1.365177835506373,3.218394992493777,1.0,127.21472151764668,1,,,,False,0.3684515606331654,0.8855816179347785,False,0.20437139032745943,2.3991629440505218,0.989391656981468,2.249158978851911,ballistic,13.956130302898764,,0.05912508860220389,60.86805737412119,1.505686247035471,2.9494604631568295,3.618373297914334,6.6746877656672305,0.5078837362206183,0.2726741452722624,0.8725236108995982,0.35975125199271735,0.10372250895814478,0.8088603021018193,32.33077707079204,3.0539816101643567,0.06388226802449062,qp_ode,0.05,100.0,1.4970004088086964e-09,100.00000000000001,188.48033507752348,1.607768645829944,191.0,5.0,0.999,independent_lognormal,False,0.0,False,0.0,14.241158998741236,0.14075127520520184,False,0.0,fixed_device,0,83.8352488853537,118.05332671712425,167.6704977707074,204.94395774055712,107.50854;83.835249;108.17078;117.03402;89.487233;118.05333;86.697402;85.209342;102.47198;92.587643;100.74184;98.930132;99.136065;93.433459;94.419352;116.50486;105.77879,198.80062;167.6705;194.33474;189.94553;178.97447;197.9976;173.3948;170.41868;204.94396;185.17529;198.89142;197.86026;196.57891;186.86692;188.8387;189.8481;183.62519,4.9457111;5.0272209;5.0049862;5.0861229;5.0349499;4.97517;4.9890876;5.0206058;4.8965438;5.0073491;4.9351045;5.0695225;5.0068295;5.0800369;4.971503;4.9932767;4.9559796,2.5072530718261987e-08,78.80856323242188,1.253707804238502e-09,42980.199123443395,1.0,0.19146849094742757,True,,,1,5008776133945294361,1cebbe2c85286d125a19176074641cec80e768fcc76265a176a2887e861b48e2:672,123,7706570485048191001,3eabdfa943524b1077c76342cd49dd883c1d02e6abf0a6e9273162f3d53c340b,0.0
673,0,-0.797689548622027,-3.0,edge,elliptical,1.961378722790015,1.356806121844832,8.297760833609145,1.110141910275551,4.075962426304729,1,,,,False,0.19266751072591443,0.4723327614833499,False,0.2561659376667807,3.5007923297798658,1.1889922772238446,1.161209414942977,diffusive,,16.89501070807191,0.04094827756341606,16.204688875379016,1.2515838004205162,2.072057299468762,6.377887588992451,6.706235664122328,0.3583116579144215,0.3613355752324173,0.817856913650539,0.36612956492755755,0.16827654541362053,0.7589758645710418,20.466775356591164,2.9342838616328897,0.06298039329466368,qp_ode,0.05,100.0,2.1626791128108348e-09,100.00000000000001,188.48033507752348,1.6331432657240983,191.0,5.0,0.999,independent_lognormal,False,0.0,False,0.0,58.145356018933164,0.5765425817951639,False,0.0,fixed_device,0,83.8352488853537,118.05332671712425,167.6704977707074,204.94395774055712,107.50854;83.835249;108.17078;117.03402;89.487233;118.05333;86.697402;85.209342;102.47198;92.587643;100.74184;98.930132;99.136065;93.433459;94.419352;116.50486;105.77879,198.80062;167.6705;194.33474;189.94553;178.97447;197.9976;173.3948;170.41868;204.94396;185.17529;198.89142;197.86026;196.57891;186.86692;188.8387;189.8481;183.62519,4.9457111;5.0272209;5.0049862;5.0861229;5.0349499;4.97517;4.9890876;5.0206058;4.8965438;5.0073491;4.9351045;5.0695225;5.0068295;5.0800369;4.971503;4.9932767;4.9559796,4.851602852795622e-08,73.88355255126953,2.4269293241729883e-09,42980.199123443395,1.0,0.18325796388003598,True,,,1,6370453263770647094,1cebbe2c85286d125a19176074641cec80e768fcc76265a176a2887e861b48e2:673,123,3355720923319020813,3eabdfa943524b1077c76342cd49dd883c1d02e6abf0a6e9273162f3d53c340b,0.0
674,0,-0.6421285430316268,-2.60208080127616,inside,circular,2.2484280388052893,1.2017243651779301,9.53065308786779,1.0,79.8100396525219,1,,,,False,0.31159627844848425,0.3819291786735797,False,0.1959542026304843,1.9630857654006801,0.9086186400525373,1.127710181101479,diffusive,,6.427486030145037,0.02497219612826628,36.06721439012869,1.9066933121872442,2.4257515680436965,6.189481663452832,5.008428855686319,0.45014734795788447,0.15617945667607278,0.837452834592755,0.34798459302123885,0.273443157332086,0.734465636146499,30.488305692056038,3.025074729318992,0.014069329547199496,qp_ode,0.05,100.0,2.8420731872069447e-09,100.00000000000001,188.48033507752348,1.995523703824836,191.0,5.0,0.999,independent_lognormal,False,0.0,False,0.0,23.989136325742255,0.24395832597237704,False,0.0,fixed_device,0,83.8352488853537,118.05332671712425,167.6704977707074,204.94395774055712,107.50854;83.835249;108.17078;117.03402;89.487233;118.05333;86.697402;85.209342;102.47198;92.587643;100.74184;98.930132;99.136065;93.433459;94.419352;116.50486;105.77879,198.80062;167.6705;194.33474;189.94553;178.97447;197.9976;173.3948;170.41868;204.94396;185.17529;198.89142;197.86026;196.57891;186.86692;188.8387;189.8481;183.62519,4.9457111;5.0272209;5.0049862;5.0861229;5.0349499;4.97517;4.9890876;5.0206058;4.8965438;5.0073491;4.9351045;5.0695225;5.0068295;5.0800369;4.971503;4.9932767;4.9559796,4.841574607894472e-08,73.40152740478516,2.4237456486275732e-09,42980.199123443395,1.0,0.18073884324435455,True,,,1,1236648852354319918,1cebbe2c85286d125a19176074641cec80e768fcc76265a176a2887e861b48e2:674,123,2239435130124037319,3eabdfa943524b1077c76342cd49dd883c1d02e6abf0a6e9273162f3d53c340b,0.0
675,0,3.0,0.14315140889921718,edge,elliptical,2.2326836184423415,1.2945809152325567,9.308814302166471,1.7254336882593373,1.232844835514424,1,,,,False,0.39939445558984393,0.00353044612265474,False,0.13730998373825987,3.8573092979515344,1.0636769838373787,2.8908944655406064,diffusive,,7.8922981452025525,0.0461925443544402,51.6350749068182,1.6090158086105917,3.7049621871396945,3.898791204867911,5.5540342803825915,0.39450011347236646,0.44502660794924365,0.8806444306503075,0.7618125656035493,0.2754810364130345,0.9555312951269399,20.328651100290564,3.3562380378621945,0.05051069731275945,qp_ode,0.05,100.0,4.5193388595904116e-10,100.00000000000001,188.48033507752348,0.9531311563544433,191.0,5.0,0.999,independent_lognormal,False,0.0,False,0.0,22.52702149961505,0.0808415280061624,False,0.0,fixed_device,0,83.8352488853537,118.05332671712425,167.6704977707074,204.94395774055712,107.50854;83.835249;108.17078;117.03402;89.487233;118.05333;86.697402;85.209342;102.47198;92.587643;100.74184;98.930132;99.136065;93.433459;94.419352;116.50486;105.77879,198.80062;167.6705;194.33474;189.94553;178.97447;197.9976;173.3948;170.41868;204.94396;185.17529;198.89142;197.86026;196.57891;186.86692;188.8387;189.8481;183.62519,4.9457111;5.0272209;5.0049862;5.0861229;5.0349499;4.97517;4.9890876;5.0206058;4.8965438;5.0073491;4.9351045;5.0695225;5.0068295;5.0800369;4.971503;4.9932767;4.9559796,9.049120563986435e-09,83.52898406982422,4.5246695279388405e-10,42980.199123443395,1.0,0.20742606742765024,True,,,0,6104199963918620816,1cebbe2c85286d125a19176074641cec80e768fcc76265a176a2887e861b48e2:675,123,7430290906706508085,3eabdfa943524b1077c76342cd49dd883c1d02e6abf0a6e9273162f3d53c340b,0.0
676,0,3.6777152884992717,2.323855145250401,outside,elliptical,1.8531259944849874,1.5018816332526834,4.026031856727396,1.6265623377270786,17.025459805514785,1,,,,False,0.3601104723787747,0.26709674952711115,False,0.3596494476241957,3.9964126862351566,0.6689693112662196,2.301884187251048,diffusive,,16.11741042656142,0.06240192317871521,56.26514426470826,0.5866239669469646,2.3005642921273153,6.045637002311276,5.715026189709437,0.2177521962091461,0.39645934874997024,0.8123011454279071,0.29734791895335233,0.44974095138333836,0.678727623776253,20.72808990087558,3.307820084363475,0.07054063654311747,qp_ode,0.05,100.0,2.9888826748825797e-07,100.00000000000001,188.48033507752348,0.6617985076068007,191.0,5.0,0.999,independent_lognormal,False,0.0,False,0.0,15.912230587693717,0.24528907103380349,False,0.0,fixed_device,0,83.8352488853537,118.05332671712425,167.6704977707074,204.94395774055712,107.50854;83.835249;108.17078;117.03402;89.487233;118.05333;86.697402;85.209342;102.47198;92.587643;100.74184;98.930132;99.136065;93.433459;94.419352;116.50486;105.77879,198.80062;167.6705;194.33474;189.94553;178.97447;197.9976;173.3948;170.41868;204.94396;185.17529;198.89142;197.86026;196.57891;186.86692;188.8387;189.8481;183.62519,4.9457111;5.0272209;5.0049862;5.0861229;5.0349499;4.97517;4.9890876;5.0206058;4.8965438;5.0073491;4.9351045;5.0695225;5.0068295;5.0800369;4.971503;4.9932767;4.9559796,6.607914656342473e-06,3.4221527576446533,3.3479682315373793e-07,42980.199123443395,1.0,0.24574285905768956,True,,,2,10999499023425572517,1cebbe2c85286d125a19176074641cec80e768fcc76265a176a2887e861b48e2:676,123,8621744016072602217,3eabdfa943524b1077c76342cd49dd883c1d02e6abf0a6e9273162f3d53c340b,0.36198874080882354
677,0,-3.969413199334273,0.01121713286627779,outside,elliptical,2.030510877845263,1.2737277784357977,3.620830689620443,2.255043911852497,147.54875158586643,1,,,,False,0.051542782030640506,0.31701035521735244,False,0.3848481677315475,1.8405140206832125,1.0794940815628926,2.7643133789555385,diffusive,,10.023714248138436,0.11114575767376547,71.37743396932488,1.6333180963543659,3.724419049387649,3.724419049387649,6.398924543063328,0.4625529596601532,0.28975371641558145,0.8744392321580061,0.6129643478686357,0.2661035135891612,0.8677326088972873,28.212999480600253,2.8421617039700497,0.016171899179075508,qp_ode,0.05,100.0,5.285970261067833e-10,100.00000000000001,188.48033507752348,1.381442345877007,191.0,5.0,0.999,independent_lognormal,False,0.0,False,0.0,7.419148417392664,0.42269558329270374,False,0.0,fixed_device,0,83.8352488853537,118.05332671712425,167.6704977707074,204.94395774055712,107.50854;83.835249;108.17078;117.03402;89.487233;118.05333;86.697402;85.209342;102.47198;92.587643;100.74184;98.930132;99.136065;93.433459;94.419352;116.50486;105.77879,198.80062;167.6705;194.33474;189.94553;178.97447;197.9976;173.3948;170.41868;204.94396;185.17529;198.89142;197.86026;196.57891;186.86692;188.8387;189.8481;183.62519,4.9457111;5.0272209;5.0049862;5.0861229;5.0349499;4.97517;4.9890876;5.0206058;4.8965438;5.0073491;4.9351045;5.0695225;5.0068295;5.0800369;4.971503;4.9932767;4.9559796,5.616345166714609e-09,82.41682434082031,2.812646504590788e-10,42980.199123443395,1.0,0.1698925395873292,True,,,0,6092701631201598141,1cebbe2c85286d125a19176074641cec80e768fcc76265a176a2887e861b48e2:677,123,2615804602120016544,3eabdfa943524b1077c76342cd49dd883c1d02e6abf0a6e9273162f3d53c340b,0.0
678,0,3.9822617851390456,0.6899963875530162,outside,elliptical,1.7872703114822663,1.0878504059580316,7.703700554775725,1.602962975779898,63.253475874672205,1,,,,False,0.3945930811307781,0.6866132428715144,False,0.3996520343767279,3.386991832921296,0.955918978922914,2.5683702844312775,ballistic,38.26038191693824,,0.07384718781811886,26.35187927089791,1.521193926357106,2.816153541666521,4.893774290755584,5.9401041071772545,0.43019821837597483,0.4646287477357436,0.8789391068265611,0.6217255393785206,0.31227065651256836,1.02018558781799,20.75662266261319,3.149657971085659,0.02884495932048772,qp_ode,0.05,100.0,9.401964284704685e-10,100.00000000000001,188.48033507752348,1.7428443769452273,191.0,5.0,0.999,independent_lognormal,False,0.0,False,0.0,3.4974191830394252,0.10754577037394072,False,0.0,fixed_device,0,83.8352488853537,118.05332671712425,167.6704977707074,204.94395774055712,107.50854;83.835249;108.17078;117.03402;89.487233;118.05333;86.697402;85.209342;102.47198;92.587643;100.74184;98.930132;99.136065;93.433459;94.419352;116.50486;105.77879,198.80062;167.6705;194.33474;189.94553;178.97447;197.9976;173.3948;170.41868;204.94396;185.17529;198.89142;197.86026;196.57891;186.86692;188.8387;189.8481;183.62519,4.9457111;5.0272209;5.0049862;5.0861229;5.0349499;4.97517;4.9890876;5.0206058;4.8965438;5.0073491;4.9351045;5.0695225;5.0068295;5.0800369;4.971503;4.9932767;4.9559796,1.381507530595627e-08,81.6163558959961,6.921138107074398e-10,42980.199123443395,1.0,0.19090980088419746,True,,,0,2479258887792467712,1cebbe2c85286d125a19176074641cec80e768fcc76265a176a2887e861b48e2:678,123,1681830362812653243,3eabdfa943524b1077c76342cd49dd883c1d02e6abf0a6e9273162f3d53c340b,0.0
679,0,-1.0205647664653203,3.304419646692168,outside,circular,2.262867231257609,1.0444566343637944,5.447135209572868,1.0,151.10863546881518,1,,,,False,0.14753518267152027,0.8222516190300021,False,0.19570132912133154,2.259473729034735,1.1874058949776143,2.494947272142804,diffusive,,10.258737002140698,0.05935291329399814,21.65683536620241,0.9894645043030446,3.4505057724474018,5.163898469255687,6.9975589035102015,0.5546995340185287,0.4566821981699699,0.9329194978373735,0.1411947627717429,0.43268072065515256,1.029864852384593,27.890802796560983,3.246602824475896,0.010344865363525467,qp_ode,0.05,100.0,7.462998850814789e-09,100.00000000000001,188.48033507752348,0.5727891249395991,191.0,5.0,0.999,independent_lognormal,False,0.0,False,0.0,2.8450101279223645,0.5807996593580258,False,0.0,fixed_device,0,83.8352488853537,118.05332671712425,167.6704977707074,204.94395774055712,107.50854;83.835249;108.17078;117.03402;89.487233;118.05333;86.697402;85.209342;102.47198;92.587643;100.74184;98.930132;99.136065;93.433459;94.419352;116.50486;105.77879,198.80062;167.6705;194.33474;189.94553;178.97447;197.9976;173.3948;170.41868;204.94396;185.17529;198.89142;197.86026;196.57891;186.86692;188.8387;189.8481;183.62519,4.9457111;5.0272209;5.0049862;5.0861229;5.0349499;4.97517;4.9890876;5.0206058;4.8965438;5.0073491;4.9351045;5.0695225;5.0068295;5.0800369;4.971503;4.9932767;4.9559796,2.0528867139546492e-07,54.82990264892578,1.028978591222085e-08,42980.199123443395,1.0,0.19290762568555286,True,,,1,2923036041491257603,1cebbe2c85286d125a19176074641cec80e768fcc76265a176a2887e861b48e2:679,123,7253775351244696520,3eabdfa943524b1077c76342cd49dd883c1d02e6abf0a6e9273162f3d53c340b,0.0
680,0,0.12588282277867702,0.9136065156995272,inside,circular,2.444747598969218,1.638639986521519,3.032506980799017,1.0,100.28551838910903,1,,,,False,0.3637551342860957,0.8178011011602506,False,0.15091423907041163,1.7177552504898497,0.7923645502643233,1.5865152153417612,ballistic,32.844503060874885,,0.07777607929146678,76.96981408198722,1.3980810341683658,3.314746047204955,5.00157797018222,9.495720175426381,0.25514862822818707,0.12653007593835564,0.8708543649878074,0.588774553372377,0.32053960709571166,0.6939268612910567,30.96104040441415,3.220588295448017,0.050566265710201695,qp_ode,0.05,100.0,2.046758056008299e-09,100.00000000000001,188.48033507752348,0.8437721257925008,191.0,5.0,0.999,independent_lognormal,False,0.0,False,0.0,15.960343669448562,0.5290184971693972,False,0.0,fixed_device,0,83.8352488853537,118.05332671712425,167.6704977707074,204.94395774055712,107.50854;83.835249;108.17078;117.03402;89.487233;118.05333;86.697402;85.209342;102.47198;92.587643;100.74184;98.930132;99.136065;93.433459;94.419352;116.50486;105.77879,198.80062;167.6705;194.33474;189.94553;178.97447;197.9976;173.3948;170.41868;204.94396;185.17529;198.89142;197.86026;196.57891;186.86692;188.8387;189.8481;183.62519,4.9457111;5.0272209;5.0049862;5.0861229;5.0349499;4.97517;4.9890876;5.0206058;4.8965438;5.0073491;4.9351045;5.0695225;5.0068295;5.0800369;4.971503;4.9932767;4.9559796,4.5385935010244793e-08,77.49900817871094,2.27338281533207e-09,42980.199123443395,1.0,0.1990429592095498,True,,,1,5240223340733123316,1cebbe2c85286d125a19176074641cec80e768fcc76265a176a2887e861b48e2:680,123,8751203091260395581,3eabdfa943524b1077c76342cd49dd883c1d02e6abf0a6e9273162f3d53c340b,0.0
681,0,-3.0,-0.7398524872443653,edge,circular,1.713908138281394,1.1319959447270813,6.969350456681898,1.0,15.010019183479358,1,,,,False,0.30896769136635227,0.1387100997505505,False,0.13815774499032699,2.1454980673791573,0.8058006509976068,2.309765642660794,ballistic,36.746107302813456,,0.08640916452364282,10.510631106970934,1.4065439906641308,2.4593960417264857,5.457502549495201,5.396949782093146,0.4018395403894576,0.38050518024880564,0.9798490809986098,0.6522153663785927,0.341335282751002,1.1126187292216605,30.96716828159422,3.334965144477292,0.05730866930747022,qp_ode,0.05,100.0,2.6006676197281765e-10,100.00000000000001,188.48033507752348,0.7603832218241091,191.0,5.0,0.999,independent_lognormal,False,0.0,False,0.0,6.698625593973015,0.5501299451595899,False,0.0,fixed_device,0,83.8352488853537,118.05332671712425,167.6704977707074,204.94395774055712,107.50854;83.835249;108.17078;117.03402;89.487233;118.05333;86.697402;85.209342;102.47198;92.587643;100.74184;98.930132;99.136065;93.433459;94.419352;116.50486;105.77879,198.80062;167.6705;194.33474;189.94553;178.97447;197.9976;173.3948;170.41868;204.94396;185.17529;198.89142;197.86026;196.57891;186.86692;188.8387;189.8481;183.62519,4.9457111;5.0272209;5.0049862;5.0861229;5.0349499;4.97517;4.9890876;5.0206058;4.8965438;5.0073491;4.9351045;5.0695225;5.0068295;5.0800369;4.971503;4.9932767;4.9559796,6.106742223010997e-09,82.85493469238281,3.0556349117638604e-10,42980.199123443395,1.0,0.20733493316222357,True,,,0,17485148756731787060,1cebbe2c85286d125a19176074641cec80e768fcc76265a176a2887e861b48e2:681,123,166268082701992454,3eabdfa943524b1077c76342cd49dd883c1d02e6abf0a6e9273162f3d53c340b,0.0
682,0,3.0,1.5531482940200476,edge,circular,2.2376588120496863,1.5926345888150717,3.807486788471958,1.0,22.821925939868123,1,,,,False,0.32681562122825486,0.1373504956639735,False,0.2574810468494817,3.6606036293781345,1.0105686543890382,1.873823607411418,diffusive,,5.56685185144968,0.030481236228911683,0.2230849096354337,1.466307010647665,3.218427762323138,4.087819478447683,5.235344554095995,0.34160830696098243,0.16542863052435974,0.9932963729042865,0.7361105383159168,0.15958324870510848,1.0190527341825035,21.43702293097093,2.857265726117242,0.07205372776782182,qp_ode,0.05,100.0,2.732303205838577e-08,100.00000000000001,188.48033507752348,0.4525647868454573,191.0,5.0,0.999,independent_lognormal,False,0.0,False,0.0,21.65629095988843,0.07396403905909081,False,0.0,fixed_device,0,83.8352488853537,118.05332671712425,167.6704977707074,204.94395774055712,107.50854;83.835249;108.17078;117.03402;89.487233;118.05333;86.697402;85.209342;102.47198;92.587643;100.74184;98.930132;99.136065;93.433459;94.419352;116.50486;105.77879,198.80062;167.6705;194.33474;189.94553;178.97447;197.9976;173.3948;170.41868;204.94396;185.17529;198.89142;197.86026;196.57891;186.86692;188.8387;189.8481;183.62519,4.9457111;5.0272209;5.0049862;5.0861229;5.0349499;4.97517;4.9890876;5.0206058;4.8965438;5.0073491;4.9351045;5.0695225;5.0068295;5.0800369;4.971503;4.9932767;4.9559796,5.68699306313647e-07,29.457094192504883,2.847883351364544e-08,42980.199123443395,1.0,0.1806489029684192,True,,,2,17335581769165528339,1cebbe2c85286d125a19176074641cec80e768fcc76265a176a2887e861b48e2:682,123,2132638611734222550,3eabdfa943524b1077c76342cd49dd883c1d02e6abf0a6e9273162f3d53c340b,0.016946231617647058
683,0,0.3206137967218785,-2.7473617809286273,inside,circular,2.3441995173583527,1.1317370843399943,4.888996980262972,1.0,140.05802205534852,1,,,,False,0.10125905135773161,0.6296307358081626,False,0.18774731584445004,2.6468637876837002,0.9486390727570508,1.6225086243673594,ballistic,28.097346565381105,,0.06264175843307969,66.33377174865431,0.8965854765351632,3.616341960705914,4.987372468200649,6.5568113464381845,0.40284221066420434,0.49331473467824793,0.9108771636356828,0.21727661256445163,0.32776312054803347,1.1530220785683218,34.64120934414562,3.1061182680113273,0.05475865674890711,qp_ode,0.05,100.0,1.8769329213406275e-10,100.00000000000001,188.48033507752348,0.5060090520041607,191.0,5.0,0.999,independent_lognormal,False,0.0,False,0.0,14.772683760165156,0.6301481567745101,False,0.0,fixed_device,0,83.8352488853537,118.05332671712425,167.6704977707074,204.94395774055712,107.50854;83.835249;108.17078;117.03402;89.487233;118.05333;86.697402;85.209342;102.47198;92.587643;100.74184;98.930132;99.136065;93.433459;94.419352;116.50486;105.77879,198.80062;167.6705;194.33474;189.94553;178.97447;197.9976;173.3948;170.41868;204.94396;185.17529;198.89142;197.86026;196.57891;186.86692;188.8387;189.8481;183.62519,4.9457111;5.0272209;5.0049862;5.0861229;5.0349499;4.97517;4.9890876;5.0206058;4.8965438;5.0073491;4.9351045;5.0695225;5.0068295;5.0800369;4.971503;4.9932767;4.9559796,4.14514156332757e-09,82.82205200195312,2.0746672435567604e-10,42980.199123443395,1.0,0.19205440241729113,True,,,0,5546078217236748456,1cebbe2c85286d125a19176074641cec80e768fcc76265a176a2887e861b48e2:683,123,5000019288939309201,3eabdfa943524b1077c76342cd49dd883c1d02e6abf0a6e9273162f3d53c340b,0.0
684,0,-0.48676088868687906,0.4454112332068316,inside,circular,2.06205629070688,1.3667518039654782,4.195856910268255,1.0,28.490681326182845,1,,,,False,0.1484603905499945,0.18788625116067414,False,0.24977136735145286,1.8793284788175846,0.9353084839321297,2.704993105091426,ballistic,15.813293104007855,,0.072942949060767,60.35688039220619,1.5919183711290796,2.538943684735605,4.841167921452611,7.299200016686664,0.47383042490191496,0.26130749213995264,0.8247975588307767,0.7254812520237878,0.4940500862745425,1.0590219300543429,29.903150299025448,3.0128844598915263,0.014313416689842056,qp_ode,0.05,100.0,5.337024241708301e-10,100.00000000000001,188.48033507752348,0.501889336389754,191.0,5.0,0.999,independent_lognormal,False,0.0,False,0.0,14.463263978590811,0.13943962143416846,False,0.0,fixed_device,0,83.8352488853537,118.05332671712425,167.6704977707074,204.94395774055712,107.50854;83.835249;108.17078;117.03402;89.487233;118.05333;86.697402;85.209342;102.47198;92.587643;100.74184;98.930132;99.136065;93.433459;94.419352;116.50486;105.77879,198.80062;167.6705;194.33474;189.94553;178.97447;197.9976;173.3948;170.41868;204.94396;185.17529;198.89142;197.86026;196.57891;186.86692;188.8387;189.8481;183.62519,4.9457111;5.0272209;5.0049862;5.0861229;5.0349499;4.97517;4.9890876;5.0206058;4.8965438;5.0073491;4.9351045;5.0695225;5.0068295;5.0800369;4.971503;4.9932767;4.9559796,8.770295600868394e-09,82.43419647216797,4.3886047573771236e-10,42980.199123443395,1.0,0.17984894056418735,True,,,0,8289201136720447621,1cebbe2c85286d125a19176074641cec80e768fcc76265a176a2887e861b48e2:684,123,2312832253293253073,3eabdfa943524b1077c76342cd49dd883c1d02e6abf0a6e9273162f3d53c340b,0.0
685,0,-0.023829217432340233,3.0,edge,circular,1.9944983290138802,0.8546212646230489,2.8806626096422683,1.0,70.90343576709054,1,,,,False,0.184598361791189,0.2172529873928718,False,0.1999963061641154,3.3154951047351604,1.0744862942954325,1.4695849271765733,ballistic,32.53657345498764,,0.04944258913810793,46.83363282745031,1.7171190364335156,2.5897607726218927,5.61950010222526,8.017389280291118,0.36965650451511123,0.27029329125603835,0.8992555160146879,0.08003845648514432,0.23613635092638663,0.8147177059136193,33.120061360788114,3.140096613233359,0.04225160881152022,qp_ode,0.05,100.0,2.806525247939809e-09,100.00000000000001,188.48033507752348,1.8933997239431184,191.0,5.0,0.999,independent_lognormal,False,0.0,False,0.0,75.4427089978453,0.20580497965274563,False,0.0,fixed_device,0,83.8352488853537,118.05332671712425,167.6704977707074,204.94395774055712,107.50854;83.835249;108.17078;117.03402;89.487233;118.05333;86.697402;85.209342;102.47198;92.587643;100.74184;98.930132;99.136065;93.433459;94.419352;116.50486;105.77879,198.80062;167.6705;194.33474;189.94553;178.97447;197.9976;173.3948;170.41868;204.94396;185.17529;198.89142;197.86026;196.57891;186.86692;188.8387;189.8481;183.62519,4.9457111;5.0272209;5.0049862;5.0861229;5.0349499;4.97517;4.9890876;5.0206058;4.8965438;5.0073491;4.9351045;5.0695225;5.0068295;5.0800369;4.971503;4.9932767;4.9559796,5.412515236002946e-08,76.50956726074219,2.709441115911204e-09,42980.199123443395,1.0,0.1937662877832535,True,,,1,15332753218051106301,1cebbe2c85286d125a19176074641cec80e768fcc76265a176a2887e861b48e2:685,123,8933366897501984343,3eabdfa943524b1077c76342cd49dd883c1d02e6abf0a6e9273162f3d53c340b,0.0
686,0,3.0,0.33551958721830566,edge,elliptical,2.1281614107928917,1.0418652692822872,7.258891922553032,1.1196949321235925,125.528733831724,1,,,,False,0.39307550331264396,0.4956746518513575,False,0.34165238408506715,1.6403526844847844,1.0238623419124044,2.8242335431065158,diffusive,,12.094342053139492,0.10857668617108587,49.88354880632791,0.4104468828192868,2.875639586276236,5.850932115152478,9.805924474849395,0.2817450025674566,0.12763685436430974,0.9315359288134275,0.3676718060190495,0.12886664264574915,0.913162734617176,34.581506018837885,3.2648016360444525,0.03398220062237104,qp_ode,0.05,100.0,2.874664014444465e-07,100.00000000000001,188.48033507752348,1.9705742980354635,191.0,5.0,0.999,independent_lognormal,False,0.0,False,0.0,16.2412185495871,0.3310782731806671,False,0.0,fixed_device,0,83.8352488853537,118.05332671712425,167.6704977707074,204.94395774055712,107.50854;83.835249;108.17078;117.03402;89.487233;118.05333;86.697402;85.209342;102.47198;92.587643;100.74184;98.930132;99.136065;93.433459;94.419352;116.50486;105.77879,198.80062;167.6705;194.33474;189.94553;178.97447;197.9976;173.3948;170.41868;204.94396;185.17529;198.89142;197.86026;196.57891;186.86692;188.8387;189.8481;183.62519,4.9457111;5.0272209;5.0049862;5.0861229;5.0349499;4.97517;4.9890876;5.0206058;4.8965438;5.0073491;4.9351045;5.0695225;5.0068295;5.0800369;4.971503;4.9932767;4.9559796,7.453165835613618e-06,3.01769757270813,3.78329644945552e-07,42980.199123443395,1.0,0.3520558083342231,True,,,2,17722329212650680595,1cebbe2c85286d125a19176074641cec80e768fcc76265a176a2887e861b48e2:686,123,563106785420201823,3eabdfa943524b1077c76342cd49dd883c1d02e6abf0a6e9273162f3d53c340b,0.38654641544117646
687,0,-1.3188516706760731,3.4566542654448362,outside,circular,1.7067948394711203,1.5415487148655203,2.3323673809001804,1.0,70.15857609147811,1,,,,False,0.25701293191489105,0.5423807315840893,False,0.30385865406709567,1.9162261046931084,0.792841364678387,1.189615587289544,diffusive,,14.012643839133997,0.06107201770153499,15.17317683113597,1.37201888274208,3.047294617646378,3.786428674824579,8.122297347226858,0.24190314721013947,0.1789922533742394,0.9727795216633339,0.5184498164258201,0.13883824684285614,0.8074181201171661,20.294129948884443,3.391683655347009,0.024359536753439225,qp_ode,0.05,100.0,1.3025991932559183e-08,100.00000000000001,188.48033507752348,1.9471606799398535,191.0,5.0,0.999,independent_lognormal,False,0.0,False,0.0,22.161291679870917,0.23277833626123728,False,0.0,fixed_device,0,83.8352488853537,118.05332671712425,167.6704977707074,204.94395774055712,107.50854;83.835249;108.17078;117.03402;89.487233;118.05333;86.697402;85.209342;102.47198;92.587643;100.74184;98.930132;99.136065;93.433459;94.419352;116.50486;105.77879,198.80062;167.6705;194.33474;189.94553;178.97447;197.9976;173.3948;170.41868;204.94396;185.17529;198.89142;197.86026;196.57891;186.86692;188.8387;189.8481;183.62519,4.9457111;5.0272209;5.0049862;5.0861229;5.0349499;4.97517;4.9890876;5.0206058;4.8965438;5.0073491;4.9351045;5.0695225;5.0068295;5.0800369;4.971503;4.9932767;4.9559796,3.12067726326859e-07,42.347808837890625,1.5620569726593203e-08,42980.199123443395,1.0,0.2064058725199441,True,,,2,16133021128942835230,1cebbe2c85286d125a19176074641cec80e768fcc76265a176a2887e861b48e2:687,123,5737092950962210619,3eabdfa943524b1077c76342cd49dd883c1d02e6abf0a6e9273162f3d53c340b,0.0
688,0,0.44350032391112837,1.5367349655809353,inside,elliptical,1.9203316341276215,0.8869098832472435,8.694579249101466,1.7896573251561911,51.795365056931935,1,,,,False,0.19326595805719793,0.625567242832412,False,0.3127954060670398,3.0932809538252073,0.7218909135098427,1.2413812894407144,ballistic,34.70545118887635,,0.07107279272564407,43.61318814064517,1.9295169742064124,3.6171137414380743,6.360640460795128,7.710368848229777,0.2345598511409724,0.2829963502897922,0.8442953976242836,0.17386987135665619,0.21436496365489804,0.8716109281894528,31.79339237425744,2.9206294418734386,0.0613793121494487,qp_ode,0.05,100.0,3.754014202172739e-09,100.00000000000001,188.48033507752348,0.5748021077946766,191.0,5.0,0.999,independent_lognormal,False,0.0,False,0.0,1.9718115281142201,0.1604971674847951,False,0.0,fixed_device,0,83.8352488853537,118.05332671712425,167.6704977707074,204.94395774055712,107.50854;83.835249;108.17078;117.03402;89.487233;118.05333;86.697402;85.209342;102.47198;92.587643;100.74184;98.930132;99.136065;93.433459;94.419352;116.50486;105.77879,198.80062;167.6705;194.33474;189.94553;178.97447;197.9976;173.3948;170.41868;204.94396;185.17529;198.89142;197.86026;196.57891;186.86692;188.8387;189.8481;183.62519,4.9457111;5.0272209;5.0049862;5.0861229;5.0349499;4.97517;4.9890876;5.0206058;4.8965438;5.0073491;4.9351045;5.0695225;5.0068295;5.0800369;4.971503;4.9932767;4.9559796,6.968734567180945e-08,70.22769927978516,3.4912654989227576e-09,42980.199123443395,1.0,0.18315883284270265,True,,,1,12001819788417153484,1cebbe2c85286d125a19176074641cec80e768fcc76265a176a2887e861b48e2:688,123,7856542136746268846,3eabdfa943524b1077c76342cd49dd883c1d02e6abf0a6e9273162f3d53c340b,0.0
689,0,-3.0,-1.285282812293962,edge,elliptical,1.7658981441859474,1.260624534326499,7.033808007576466,2.349271391300716,167.56233223050427,1,,,,False,0.24234616049887897,0.2470999316177349,False,0.17545441979820206,3.9313102779804923,0.6400694352327766,1.9120878444171805,ballistic,19.198519258390043,,0.06445225779868208,75.88039801448551,1.9077005168629424,2.529432324144391,6.095707144991339,5.108308540498509,0.4869786479925877,0.2723712987896004,0.8086250539924775,0.7939918795465164,0.47447864417817165,0.8743013190062237,22.341941956913434,2.915088452428482,0.010953373417460012,qp_ode,0.05,100.0,1.0007551431450636e-08,100.00000000000001,188.48033507752348,1.175492688185856,191.0,5.0,0.999,independent_lognormal,False,0.0,False,0.0,24.975616825331688,0.4118504548019851,False,0.0,fixed_device,0,83.8352488853537,118.05332671712425,167.6704977707074,204.94395774055712,107.50854;83.835249;108.17078;117.03402;89.487233;118.05333;86.697402;85.209342;102.47198;92.587643;100.74184;98.930132;99.136065;93.433459;94.419352;116.50486;105.77879,198.80062;167.6705;194.33474;189.94553;178.97447;197.9976;173.3948;170.41868;204.94396;185.17529;198.89142;197.86026;196.57891;186.86692;188.8387;189.8481;183.62519,4.9457111;5.0272209;5.0049862;5.0861229;5.0349499;4.97517;4.9890876;5.0206058;4.8965438;5.0073491;4.9351045;5.0695225;5.0068295;5.0800369;4.971503;4.9932767;4.9559796,2.2402230115403654e-07,52.971473693847656,1.1215519180041156e-08,42980.199123443395,1.0,0.17494555635965578,True,,,2,2724628620895251898,1cebbe2c85286d125a19176074641cec80e768fcc76265a176a2887e861b48e2:689,123,3881131782256101966,3eabdfa943524b1077c76342cd49dd883c1d02e6abf0a6e9273162f3d53c340b,0.0
690,0,-2.3448340800934773,3.2937217926802873,outside,elliptical,2.1294235329478712,1.6477296756288893,7.274525541073122,1.735945850969633,58.14036965339624,1,,,,False,0.1537373297228775,0.15273487646163597,False,0.314038879406694,2.736181278073081,0.5003152961688317,2.4080845297494045,ballistic,38.201647378868685,,0.02066900167154845,60.04322486996174,0.7761908382453516,3.2455960688846544,5.672669764157393,9.923201572871982,0.524391223842516,0.11983132624210753,0.8127174164477116,0.7913199939022542,0.2318013812283904,0.5596058468346317,20.408434800028544,3.1755439446398523,0.006657966327100535,qp_ode,0.05,100.0,2.9709526920170233e-08,100.00000000000001,188.48033507752348,0.3998944475582227,191.0,5.0,0.999,independent_lognormal,False,0.0,False,0.0,54.61069762114732,0.093648696125854,False,0.0,fixed_device,0,83.8352488853537,118.05332671712425,167.6704977707074,204.94395774055712,107.50854;83.835249;108.17078;117.03402;89.487233;118.05333;86.697402;85.209342;102.47198;92.587643;100.74184;98.930132;99.136065;93.433459;94.419352;116.50486;105.77879,198.80062;167.6705;194.33474;189.94553;178.97447;197.9976;173.3948;170.41868;204.94396;185.17529;198.89142;197.86026;196.57891;186.86692;188.8387;189.8481;183.62519,4.9457111;5.0272209;5.0049862;5.0861229;5.0349499;4.97517;4.9890876;5.0206058;4.8965438;5.0073491;4.9351045;5.0695225;5.0068295;5.0800369;4.971503;4.9932767;4.9559796,4.5680749849452695e-07,34.48157501220703,2.286308564691808e-08,42980.199123443395,1.0,0.1902631752303524,True,,,2,9911083730776817237,1cebbe2c85286d125a19176074641cec80e768fcc76265a176a2887e861b48e2:690,123,545290028917330442,3eabdfa943524b1077c76342cd49dd883c1d02e6abf0a6e9273162f3d53c340b,0.0
691,0,0.11460464677545623,0.21866999317385005,inside,elliptical,1.7626628505373338,0.9657721771577771,5.527186776302781,2.209875542099454,104.12617994522469,1,,,,False,0.3698607719931049,0.2166348278240976,False,0.2397026429501855,1.8461221360594127,1.0916107933091563,2.213219635657473,diffusive,,8.35190213546674,0.024703449683279415,13.723358606728127,1.452106894044689,2.6834405063443656,4.3748748158187345,9.292964898127895,0.3758799167678632,0.41565100971944413,0.8925385295764081,0.28986870039947005,0.25107549464890133,0.6440208477973246,29.437254226014414,3.0332439078953737,0.01008243387926215,qp_ode,0.05,100.0,1.1216497136351588e-07,100.00000000000001,188.48033507752348,1.992409994594383,191.0,5.0,0.999,independent_lognormal,False,0.0,False,0.0,3.259500419201383,0.4184280630821041,False,0.0,fixed_device,0,83.8352488853537,118.05332671712425,167.6704977707074,204.94395774055712,107.50854;83.835249;108.17078;117.03402;89.487233;118.05333;86.697402;85.209342;102.47198;92.587643;100.74184;98.930132;99.136065;93.433459;94.419352;116.50486;105.77879,198.80062;167.6705;194.33474;189.94553;178.97447;197.9976;173.3948;170.41868;204.94396;185.17529;198.89142;197.86026;196.57891;186.86692;188.8387;189.8481;183.62519,4.9457111;5.0272209;5.0049862;5.0861229;5.0349499;4.97517;4.9890876;5.0206058;4.8965438;5.0073491;4.9351045;5.0695225;5.0068295;5.0800369;4.971503;4.9932767;4.9559796,1.924351636262145e-06,10.630131721496582,9.663260414072283e-08,42980.199123443395,1.0,0.2354812018969397,True,,,2,360032311016459005,1cebbe2c85286d125a19176074641cec80e768fcc76265a176a2887e861b48e2:691,123,2708265527419142128,3eabdfa943524b1077c76342cd49dd883c1d02e6abf0a6e9273162f3d53c340b,0.37545955882352944
692,0,-1.5639031541318866,-3.9721006168444397,outside,circular,2.3148956434507637,0.9237780373851602,5.937229313369041,1.0,27.099662952867615,1,,,,False,0.1891742965142959,0.2725793296842476,False,0.3275590341492751,2.3658631637348426,0.8891455692051722,1.6183729666880262,ballistic,36.19200309820029,,0.1175752194921068,62.16392454741245,1.852867666638883,3.239974639935663,3.709259774455515,7.753684350182555,0.38098365795931055,0.23863413626796964,0.8650030047908978,0.20726573475748156,0.13288379086027716,0.5444624346180441,20.297271245193006,3.2988977808551567,0.009206503146860561,qp_ode,0.05,100.0,2.9477337000934785e-09,100.00000000000001,188.48033507752348,0.8442242341197652,191.0,5.0,0.999,independent_lognormal,False,0.0,False,0.0,5.467774040109794,0.4616028279858168,False,0.0,fixed_device,0,83.8352488853537,118.05332671712425,167.6704977707074,204.94395774055712,107.50854;83.835249;108.17078;117.03402;89.487233;118.05333;86.697402;85.209342;102.47198;92.587643;100.74184;98.930132;99.136065;93.433459;94.419352;116.50486;105.77879,198.80062;167.6705;194.33474;189.94553;178.97447;197.9976;173.3948;170.41868;204.94396;185.17529;198.89142;197.86026;196.57891;186.86692;188.8387;189.8481;183.62519,4.9457111;5.0272209;5.0049862;5.0861229;5.0349499;4.97517;4.9890876;5.0206058;4.8965438;5.0073491;4.9351045;5.0695225;5.0068295;5.0800369;4.971503;4.9932767;4.9559796,4.4138054988707154e-08,72.30448913574219,2.2089527984547885e-09,42980.199123443395,1.0,0.19590293054809513,True,,,1,130886890021356015,1cebbe2c85286d125a19176074641cec80e768fcc76265a176a2887e861b48e2:692,123,8368311558170639877,3eabdfa943524b1077c76342cd49dd883c1d02e6abf0a6e9273162f3d53c340b,0.0
693,0,-1.7010237159026116,-1.315454619397833,inside,circular,1.802362649348875,1.2401950050720751,3.6388564224679776,1.0,117.92929635281152,1,,,,False,0.15003028719776984,0.8367859032558805,False,0.10391146818793057,3.2064556169916187,0.9654645143520131,2.023889662742863,diffusive,,8.685052956400733,0.025326510208373135,61.440580444798876,1.7519537514278358,2.4709867850082228,5.239580650751153,8.370560839410263,0.46808411190563715,0.2981130249859366,0.9941727518537381,0.7024026804807675,0.378096803170862,1.1764198898367488,27.146051805185238,3.1336115457843157,0.0471773996800753,qp_ode,0.05,100.0,4.220261474235882e-08,100.00000000000001,188.48033507752348,1.1659921416795918,191.0,5.0,0.999,independent_lognormal,False,0.0,False,0.0,7.00564776882598,0.3916295841564091,False,0.0,fixed_device,0,83.8352488853537,118.05332671712425,167.6704977707074,204.94395774055712,107.50854;83.835249;108.17078;117.03402;89.487233;118.05333;86.697402;85.209342;102.47198;92.587643;100.74184;98.930132;99.136065;93.433459;94.419352;116.50486;105.77879,198.80062;167.6705;194.33474;189.94553;178.97447;197.9976;173.3948;170.41868;204.94396;185.17529;198.89142;197.86026;196.57891;186.86692;188.8387;189.8481;183.62519,4.9457111;5.0272209;5.0049862;5.0861229;5.0349499;4.97517;4.9890876;5.0206058;4.8965438;5.0073491;4.9351045;5.0695225;5.0068295;5.0800369;4.971503;4.9932767;4.9559796,9.061662353815336e-07,19.614871978759766,4.539190356922518e-08,42980.199123443395,1.0,0.20110471797139298,True,,,2,17085592705144526454,1cebbe2c85286d125a19176074641cec80e768fcc76265a176a2887e861b48e2:693,123,1757199492590296868,3eabdfa943524b1077c76342cd49dd883c1d02e6abf0a6e9273162f3d53c340b,0.22943474264705882
694,0,0.713627669905375,-3.0,edge,elliptical,2.1511079785971003,1.6567068915321954,4.017411973051681,1.6701370433348097,117.17559971081045,1,,,,False,0.3412899628804295,0.23190825842019458,False,0.10269552745677679,2.3260850093342755,0.6078170592743477,2.0294100023637833,diffusive,,10.912021418830708,0.02274869050399964,61.17145613474879,0.5342632321804267,2.7028410973496295,6.282326336109521,7.346522701661124,0.5907331531248574,0.4105961941950099,0.8960253912876963,0.34225657712870095,0.304262613708536,0.6113800817964173,27.761501406621583,3.0230913909057984,0.009255467877752412,qp_ode,0.05,100.0,3.6251539802569583e-09,100.00000000000001,188.48033507752348,1.3755689124543626,191.0,5.0,0.999,independent_lognormal,False,0.0,False,0.0,8.457755596631989,0.23665305469415332,False,0.0,fixed_device,0,83.8352488853537,118.05332671712425,167.6704977707074,204.94395774055712,107.50854;83.835249;108.17078;117.03402;89.487233;118.05333;86.697402;85.209342;102.47198;92.587643;100.74184;98.930132;99.136065;93.433459;94.419352;116.50486;105.77879,198.80062;167.6705;194.33474;189.94553;178.97447;197.9976;173.3948;170.41868;204.94396;185.17529;198.89142;197.86026;196.57891;186.86692;188.8387;189.8481;183.62519,4.9457111;5.0272209;5.0049862;5.0861229;5.0349499;4.97517;4.9890876;5.0206058;4.8965438;5.0073491;4.9351045;5.0695225;5.0068295;5.0800369;4.971503;4.9932767;4.9559796,5.776340117336076e-08,72.37722778320312,2.8887168213032055e-09,42980.199123443395,1.0,0.17965917257427352,True,,,1,6185414010483386298,1cebbe2c85286d125a19176074641cec80e768fcc76265a176a2887e861b48e2:694,123,3832773457115825798,3eabdfa943524b1077c76342cd49dd883c1d02e6abf0a6e9273162f3d53c340b,0.0
695,0,1.7305553557726459,1.2399766203822278,inside,elliptical,2.467192079864935,1.5121248830752818,5.664538400726051,1.6836694099797476,99.73074516509388,1,,,,False,0.15348590106933324,0.912043910376406,False,0.3614184596970945,3.168366952351099,1.08365449083521,2.080770537688368,ballistic,34.02281366599943,,0.053398231212672106,17.95225978627279,1.3161087005980687,2.2927387666783483,6.317457322008394,9.085877194745555,0.5626286542286643,0.14995166769275625,0.8708353495468106,0.486702738797764,0.22845461206252982,0.8189599157087397,25.873676094699707,3.2089240939277426,0.05570470221428406,qp_ode,0.05,100.0,5.437258944489821e-10,100.00000000000001,188.48033507752348,1.7348737824965927,191.0,5.0,0.999,independent_lognormal,False,0.0,False,0.0,2.119574472281126,0.205294453010132,False,0.0,fixed_device,0,83.8352488853537,118.05332671712425,167.6704977707074,204.94395774055712,107.50854;83.835249;108.17078;117.03402;89.487233;118.05333;86.697402;85.209342;102.47198;92.587643;100.74184;98.930132;99.136065;93.433459;94.419352;116.50486;105.77879,198.80062;167.6705;194.33474;189.94553;178.97447;197.9976;173.3948;170.41868;204.94396;185.17529;198.89142;197.86026;196.57891;186.86692;188.8387;189.8481;183.62519,4.9457111;5.0272209;5.0049862;5.0861229;5.0349499;4.97517;4.9890876;5.0206058;4.8965438;5.0073491;4.9351045;5.0695225;5.0068295;5.0800369;4.971503;4.9932767;4.9559796,1.3682916133461731e-08,82.75930786132812,6.84259260363973e-10,42980.199123443395,1.0,0.19955285728938807,True,,,0,9928496202427052291,1cebbe2c85286d125a19176074641cec80e768fcc76265a176a2887e861b48e2:695,123,1963296580623175737,3eabdfa943524b1077c76342cd49dd883c1d02e6abf0a6e9273162f3d53c340b,0.0
696,0,-2.968208361596312,3.0,edge,circular,1.9949709361872654,0.8457341854947257,8.116560563383135,1.0,148.31034308713632,1,,,,False,0.127204723572358,0.5013045435452745,False,0.10414197205274349,2.8621212251228205,0.8907939301693857,1.5140683438524951,diffusive,,13.334375418654481,0.08656742005165705,45.67744981809867,1.9215424182278782,2.4245941788364407,5.096192935774813,6.477242963928646,0.44959321237341154,0.298876445791861,0.884776634173621,0.03775069102637723,0.45299873972336085,1.093232197288305,31.772735741395735,2.9586061168743414,0.018558229906780143,qp_ode,0.05,100.0,1.0793135098348082e-10,100.00000000000001,188.48033507752348,0.9261205845477365,191.0,5.0,0.999,independent_lognormal,False,0.0,False,0.0,9.384347445489588,0.1959310561956752,False,0.0,fixed_device,0,83.8352488853537,118.05332671712425,167.6704977707074,204.94395774055712,107.50854;83.835249;108.17078;117.03402;89.487233;118.05333;86.697402;85.209342;102.47198;92.587643;100.74184;98.930132;99.136065;93.433459;94.419352;116.50486;105.77879,198.80062;167.6705;194.33474;189.94553;178.97447;197.9976;173.3948;170.41868;204.94396;185.17529;198.89142;197.86026;196.57891;186.86692;188.8387;189.8481;183.62519,4.9457111;5.0272209;5.0049862;5.0861229;5.0349499;4.97517;4.9890876;5.0206058;4.8965438;5.0073491;4.9351045;5.0695225;5.0068295;5.0800369;4.971503;4.9932767;4.9559796,1.648467917725327e-09,83.83525085449219,8.261367284712051e-11,42980.199123443395,1.0,0.17726727194258043,True,,,0,6326635112034149088,1cebbe2c85286d125a19176074641cec80e768fcc76265a176a2887e861b48e2:696,123,7024767905573589811,3eabdfa943524b1077c76342cd49dd883c1d02e6abf0a6e9273162f3d53c340b,0.0
697,0,-2.997938203419469,1.8579219492465793,inside,circular,2.108093158516408,1.1914536273655674,5.008961165141101,1.0,152.96986698389716,1,,,,False,0.1337885201633771,0.3759413575675967,False,0.3040677813024263,3.4054159399988926,1.0755210638578174,1.4480180339435627,diffusive,,16.48260163807938,0.084547790637352,43.995909908530265,1.6767020780506852,3.3904219292710795,4.39777829139396,7.247469243925668,0.3772111308545142,0.14719321217517947,0.8921286425815965,0.7404688391355931,0.3513568525742002,0.7686014156680661,30.269606714568667,3.1401006995567387,0.004108299543409961,qp_ode,0.05,100.0,2.948215169521661e-09,100.00000000000001,188.48033507752348,1.5858403276560797,191.0,5.0,0.999,independent_lognormal,False,0.0,False,0.0,16.6392631082682,0.6071288455345611,False,0.0,fixed_device,0,83.8352488853537,118.05332671712425,167.6704977707074,204.94395774055712,107.50854;83.835249;108.17078;117.03402;89.487233;118.05333;86.697402;85.209342;102.47198;92.587643;100.74184;98.930132;99.136065;93.433459;94.419352;116.50486;105.77879,198.80062;167.6705;194.33474;189.94553;178.97447;197.9976;173.3948;170.41868;204.94396;185.17529;198.89142;197.86026;196.57891;186.86692;188.8387;189.8481;183.62519,4.9457111;5.0272209;5.0049862;5.0861229;5.0349499;4.97517;4.9890876;5.0206058;4.8965438;5.0073491;4.9351045;5.0695225;5.0068295;5.0800369;4.971503;4.9932767;4.9559796,6.167547184077193e-08,78.26338958740234,3.0843256837442823e-09,42980.199123443395,1.0,0.1857828951974754,True,,,1,11772754605460324595,1cebbe2c85286d125a19176074641cec80e768fcc76265a176a2887e861b48e2:697,123,77737047150963835,3eabdfa943524b1077c76342cd49dd883c1d02e6abf0a6e9273162f3d53c340b,0.0
698,0,3.0,-1.313665963916291,edge,circular,2.0376335765991493,1.0805045632189685,3.0738200561976994,1.0,107.22928694097008,1,,,,False,0.18842163715524995,0.9390887672304271,False,0.16725832576434568,3.6630291213450836,0.5912592323262811,2.465219210046746,diffusive,,17.000592516244424,0.04892714901017599,66.23080465421573,1.9179069285018429,2.1175958578811476,6.056019672952763,5.728983811493964,0.4159127366396663,0.46588803800091827,0.8591855915364228,0.7649364796919617,0.32236087204104036,1.0265277831824733,27.434751437596898,3.1003733663873976,0.02480221285654797,qp_ode,0.05,100.0,7.637664437683863e-08,100.00000000000001,188.48033507752348,0.542032982085453,191.0,5.0,0.999,independent_lognormal,False,0.0,False,0.0,13.208347718163907,0.42438081440910486,False,0.0,fixed_device,0,83.8352488853537,118.05332671712425,167.6704977707074,204.94395774055712,107.50854;83.835249;108.17078;117.03402;89.487233;118.05333;86.697402;85.209342;102.47198;92.587643;100.74184;98.930132;99.136065;93.433459;94.419352;116.50486;105.77879,198.80062;167.6705;194.33474;189.94553;178.97447;197.9976;173.3948;170.41868;204.94396;185.17529;198.89142;197.86026;196.57891;186.86692;188.8387;189.8481;183.62519,4.9457111;5.0272209;5.0049862;5.0861229;5.0349499;4.97517;4.9890876;5.0206058;4.8965438;5.0073491;4.9351045;5.0695225;5.0068295;5.0800369;4.971503;4.9932767;4.9559796,1.5932607766444562e-06,12.605506896972656,7.991813077978804e-08,42980.199123443395,1.0,0.19622012752860898,True,,,2,15430659855370033107,1cebbe2c85286d125a19176074641cec80e768fcc76265a176a2887e861b48e2:698,123,6877441845237576505,3eabdfa943524b1077c76342cd49dd883c1d02e6abf0a6e9273162f3d53c340b,0.3296472886029412
699,0,3.3563102777911817,1.970155341411779,outside,circular,1.8909493974175366,1.1071222423540474,9.384980082502455,1.0,85.38347809218128,1,,,,False,0.37904576986014277,0.1863814489615817,False,0.3797521102877156,2.3493014025140786,1.2113776181247438,2.9573188957378065,diffusive,,11.803993349762886,0.105105736764658,63.73145680008377,0.7728044257844462,3.444147121201423,5.839985375143943,6.802419455934808,0.482378430144378,0.3430062148198766,0.8626769258613709,0.4211423553589045,0.18469165186900272,0.962839069620064,31.41118613617933,3.344157533130449,0.052932920629587134,qp_ode,0.05,100.0,8.328438944789222e-10,100.00000000000001,188.48033507752348,1.6913732966800472,191.0,5.0,0.999,independent_lognormal,False,0.0,False,0.0,31.008200819349888,0.2187423277839966,False,0.0,fixed_device,0,83.8352488853537,118.05332671712425,167.6704977707074,204.94395774055712,107.50854;83.835249;108.17078;117.03402;89.487233;118.05333;86.697402;85.209342;102.47198;92.587643;100.74184;98.930132;99.136065;93.433459;94.419352;116.50486;105.77879,198.80062;167.6705;194.33474;189.94553;178.97447;197.9976;173.3948;170.41868;204.94396;185.17529;198.89142;197.86026;196.57891;186.86692;188.8387;189.8481;183.62519,4.9457111;5.0272209;5.0049862;5.0861229;5.0349499;4.97517;4.9890876;5.0206058;4.8965438;5.0073491;4.9351045;5.0695225;5.0068295;5.0800369;4.971503;4.9932767;4.9559796,1.5313414536421988e-08,82.87120819091797,7.657117162551685e-10,42980.199123443395,1.0,0.2071725172613555,True,,,0,5922938320693775266,1cebbe2c85286d125a19176074641cec80e768fcc76265a176a2887e861b48e2:699,123,7840616520379164964,3eabdfa943524b1077c76342cd49dd883c1d02e6abf0a6e9273162f3d53c340b,0.0
700,0,-3.713921006757924,0.2554644237695296,outside,elliptical,2.2849440017124625,1.1615514533760634,9.50083404254487,2.058045863570004,55.34460628591969,1,,,,False,0.2710719572369485,0.19260628576311,False,0.24198672511088334,3.520627976800477,0.6140113540144527,1.3458725553997488,diffusive,,9.220614966406785,0.09335980238608582,11.350241763470716,1.1904735866776024,2.762740803582587,5.730001751205279,5.285246408825322,0.38099022977237673,0.44591878828039244,0.8147942027407741,0.0024870280972170812,0.1806500935489807,1.0607425167158873,22.985747512020524,3.1720583756083527,0.06036074011696355,qp_ode,0.05,100.0,1.102325494766084e-07,100.00000000000001,188.48033507752348,0.6145263204668256,191.0,5.0,0.999,independent_lognormal,False,0.0,False,0.0,17.46511939650961,0.4527762912482712,False,0.0,fixed_device,0,83.8352488853537,118.05332671712425,167.6704977707074,204.94395774055712,107.50854;83.835249;108.17078;117.03402;89.487233;118.05333;86.697402;85.209342;102.47198;92.587643;100.74184;98.930132;99.136065;93.433459;94.419352;116.50486;105.77879,198.80062;167.6705;194.33474;189.94553;178.97447;197.9976;173.3948;170.41868;204.94396;185.17529;198.89142;197.86026;196.57891;186.86692;188.8387;189.8481;183.62519,4.9457111;5.0272209;5.0049862;5.0861229;5.0349499;4.97517;4.9890876;5.0206058;4.8965438;5.0073491;4.9351045;5.0695225;5.0068295;5.0800369;4.971503;4.9932767;4.9559796,1.9713438632606994e-06,10.479435920715332,9.896711361534472e-08,42980.199123443395,1.0,0.1983798366829902,True,,,2,2042553675938483504,1cebbe2c85286d125a19176074641cec80e768fcc76265a176a2887e861b48e2:700,123,1837023952048770979,3eabdfa943524b1077c76342cd49dd883c1d02e6abf0a6e9273162f3d53c340b,0.12614889705882354
701,0,1.7373847292668323,3.0,edge,elliptical,2.3000841292796776,1.4011054729695327,7.889123200455112,1.9586349335786946,54.41882651376554,1,,,,False,0.16866226079581603,0.720532969029129,False,0.23387461821236483,2.327057475651637,0.9796289747204241,2.0176049064005834,ballistic,17.87526181031066,,0.03236110427573912,4.904813418423863,1.9979221315694504,3.4738689910056664,4.400649069118392,5.134900085976858,0.4193240051535153,0.22662161638536957,0.9296800810431511,0.606307779593345,0.28614704033722016,1.1276227764120457,29.356458284803836,2.8740195684566063,0.06026672019649009,qp_ode,0.05,100.0,4.96701051695329e-09,100.00000000000001,188.48033507752348,1.1481403349963997,191.0,5.0,0.999,independent_lognormal,False,0.0,False,0.0,16.559661289477862,0.4048276806076605,False,0.0,fixed_device,0,83.8352488853537,118.05332671712425,167.6704977707074,204.94395774055712,107.50854;83.835249;108.17078;117.03402;89.487233;118.05333;86.697402;85.209342;102.47198;92.587643;100.74184;98.930132;99.136065;93.433459;94.419352;116.50486;105.77879,198.80062;167.6705;194.33474;189.94553;178.97447;197.9976;173.3948;170.41868;204.94396;185.17529;198.89142;197.86026;196.57891;186.86692;188.8387;189.8481;183.62519,4.9457111;5.0272209;5.0049862;5.0861229;5.0349499;4.97517;4.9890876;5.0206058;4.8965438;5.0073491;4.9351045;5.0695225;5.0068295;5.0800369;4.971503;4.9932767;4.9559796,1.1956470302720845e-07,65.17865753173828,5.980235862068639e-09,42980.199123443395,1.0,0.18008521827248392,True,,,1,15319247670757444895,1cebbe2c85286d125a19176074641cec80e768fcc76265a176a2887e861b48e2:701,123,8416202308235193019,3eabdfa943524b1077c76342cd49dd883c1d02e6abf0a6e9273162f3d53c340b,0.0
702,0,-2.837409770729016,-2.487026241166946,inside,circular,1.8408777675636057,0.8900379292093756,2.599499756183495,1.0,178.70500432961526,1,,,,False,0.26377836744823363,0.9143348286605778,False,0.35928706814753697,2.4519419920808683,0.7728514163789524,1.433250704073203,ballistic,28.38360428652219,,0.05403443144104984,21.694341149817873,1.5865811535653185,2.340851534954296,4.272621407070658,8.180994898544325,0.18293144822363205,0.16914897408786836,0.9174174929436094,0.7003104478529955,0.2643708842848559,0.9130235203372372,32.55540569660838,3.136134638291371,0.07707456917583348,qp_ode,0.05,100.0,5.690945637097518e-08,100.00000000000001,188.48033507752348,1.0082170663126022,191.0,5.0,0.999,independent_lognormal,False,0.0,False,0.0,9.533473779005357,0.3435528305563323,False,0.0,fixed_device,0,83.8352488853537,118.05332671712425,167.6704977707074,204.94395774055712,107.50854;83.835249;108.17078;117.03402;89.487233;118.05333;86.697402;85.209342;102.47198;92.587643;100.74184;98.930132;99.136065;93.433459;94.419352;116.50486;105.77879,198.80062;167.6705;194.33474;189.94553;178.97447;197.9976;173.3948;170.41868;204.94396;185.17529;198.89142;197.86026;196.57891;186.86692;188.8387;189.8481;183.62519,4.9457111;5.0272209;5.0049862;5.0861229;5.0349499;4.97517;4.9890876;5.0206058;4.8965438;5.0073491;4.9351045;5.0695225;5.0068295;5.0800369;4.971503;4.9932767;4.9559796,7.439283535859431e-07,24.251144409179688,3.7257034790627586e-08,42980.199123443395,1.0,0.20796813941253844,True,,,2,6539507938688715778,1cebbe2c85286d125a19176074641cec80e768fcc76265a176a2887e861b48e2:702,123,8473131264761113552,3eabdfa943524b1077c76342cd49dd883c1d02e6abf0a6e9273162f3d53c340b,0.19008501838235295
703,0,-2.849246615951947,-0.02969052003039163,inside,elliptical,1.844287303386817,0.8668800533065887,3.4928578468469755,1.0940283310136334,48.234179884163765,1,,,,False,0.12291072158160382,0.4778042917001806,False,0.30656161842630275,3.3791136946246354,1.275804428836745,2.3409900533644397,diffusive,,17.968491565178113,0.08902569712891238,22.125280753364926,1.5077707789298223,2.815441553010106,4.756798329556986,7.404478164677336,0.3279479870992419,0.40827551470223566,0.8609769071279931,0.10102374259515773,0.3815860191931987,0.5312337699429549,25.37247370891421,3.385594290010153,0.07195779367321717,qp_ode,0.05,100.0,3.09912158221872e-10,100.00000000000001,188.48033507752348,1.6733362725068797,191.0,5.0,0.999,independent_lognormal,False,0.0,False,0.0,3.5393544916780053,0.5097938476335077,False,0.0,fixed_device,0,83.8352488853537,118.05332671712425,167.6704977707074,204.94395774055712,107.50854;83.835249;108.17078;117.03402;89.487233;118.05333;86.697402;85.209342;102.47198;92.587643;100.74184;98.930132;99.136065;93.433459;94.419352;116.50486;105.77879,198.80062;167.6705;194.33474;189.94553;178.97447;197.9976;173.3948;170.41868;204.94396;185.17529;198.89142;197.86026;196.57891;186.86692;188.8387;189.8481;183.62519,4.9457111;5.0272209;5.0049862;5.0861229;5.0349499;4.97517;4.9890876;5.0206058;4.8965438;5.0073491;4.9351045;5.0695225;5.0068295;5.0800369;4.971503;4.9932767;4.9559796,4.1643004600189215e-09,83.34110260009766,2.096907925075442e-10,42980.199123443395,1.0,0.2134832643477307,True,,,0,28961863478472308,1cebbe2c85286d125a19176074641cec80e768fcc76265a176a2887e861b48e2:703,123,1414177760239085918,3eabdfa943524b1077c76342cd49dd883c1d02e6abf0a6e9273162f3d53c340b,0.0
704,0,3.0,0.46063859780384764,edge,circular,2.398361415893692,1.641660137406792,3.4661005584784013,1.0,122.84575148080107,1,,,,False,0.3200953241422273,0.3052401513201668,False,0.3997110885720436,3.3585785278914977,1.2260656910374506,1.0807064582733967,ballistic,19.177150055135108,,0.06654586574025663,44.268851684022096,1.4873129492717827,3.229747287854794,4.38968183526752,7.463593503506038,0.342059428197618,0.2543203132889641,0.8761356703194401,0.540455939656423,0.18322534919886366,0.7741173129105609,29.258370695565155,2.9163449424673558,0.04082193126800944,qp_ode,0.05,100.0,8.82978003637773e-08,100.00000000000001,188.48033507752348,0.6131598008637087,191.0,5.0,0.999,independent_lognormal,False,0.0,False,0.0,36.69318695125014,0.6425064056741687,False,0.0,fixed_device,0,83.8352488853537,118.05332671712425,167.6704977707074,204.94395774055712,107.50854;83.835249;108.17078;117.03402;89.487233;118.05333;86.697402;85.209342;102.47198;92.587643;100.74184;98.930132;99.136065;93.433459;94.419352;116.50486;105.77879,198.80062;167.6705;194.33474;189.94553;178.97447;197.9976;173.3948;170.41868;204.94396;185.17529;198.89142;197.86026;196.57891;186.86692;188.8387;189.8481;183.62519,4.9457111;5.0272209;5.0049862;5.0861229;5.0349499;4.97517;4.9890876;5.0206058;4.8965438;5.0073491;4.9351045;5.0695225;5.0068295;5.0800369;4.971503;4.9932767;4.9559796,1.7887459762278013e-06,11.545351028442383,8.976905263580193e-08,42980.199123443395,1.0,0.18906336114284347,True,,,2,8015415746215091442,1cebbe2c85286d125a19176074641cec80e768fcc76265a176a2887e861b48e2:704,123,668055112917266973,3eabdfa943524b1077c76342cd49dd883c1d02e6abf0a6e9273162f3d53c340b,0.3423426011029412
705,0,3.7795977291593776,2.700508941327487,outside,elliptical,1.9187378016722323,1.1644223826733051,4.623291048111756,1.6094155655812403,50.5781781628298,1,,,,False,0.10910139874244365,0.2281629098351412,False,0.3070738796663512,1.800393804698226,1.1307902449712426,1.0632453096676409,ballistic,27.059956056373174,,0.07432412853033908,25.893817864579944,0.7937361903453612,2.6374569627381264,4.312548695694465,9.187819013779944,0.39617408644561425,0.1911396980701302,0.9669439310434689,0.5943510626271323,0.43778144804691976,0.609944055289377,24.064568642517774,2.997035156790171,0.06611414542976485,qp_ode,0.05,100.0,2.484624287188301e-09,100.00000000000001,188.48033507752348,0.9743976470941449,191.0,5.0,0.999,independent_lognormal,False,0.0,False,0.0,12.684651206190994,0.19119036916177934,False,0.0,fixed_device,0,83.8352488853537,118.05332671712425,167.6704977707074,204.94395774055712,107.50854;83.835249;108.17078;117.03402;89.487233;118.05333;86.697402;85.209342;102.47198;92.587643;100.74184;98.930132;99.136065;93.433459;94.419352;116.50486;105.77879,198.80062;167.6705;194.33474;189.94553;178.97447;197.9976;173.3948;170.41868;204.94396;185.17529;198.89142;197.86026;196.57891;186.86692;188.8387;189.8481;183.62519,4.9457111;5.0272209;5.0049862;5.0861229;5.0349499;4.97517;4.9890876;5.0206058;4.8965438;5.0073491;4.9351045;5.0695225;5.0068295;5.0800369;4.971503;4.9932767;4.9559796,4.379653262276406e-08,77.99760437011719,2.190149173131317e-09,42980.199123443395,1.0,0.1883456370220189,True,,,1,320615336491355830,1cebbe2c85286d125a19176074641cec80e768fcc76265a176a2887e861b48e2:705,123,2673699048722265970,3eabdfa943524b1077c76342cd49dd883c1d02e6abf0a6e9273162f3d53c340b,0.0
706,0,-2.047336702783041,-3.0,edge,circular,2.239887173538887,1.029464132956615,6.6242318286749855,1.0,76.51065224640669,1,,,,False,0.07755631369740633,0.014138884429024778,False,0.35145812347618144,3.3320211229518315,0.6647707616505619,2.024131837014761,diffusive,,11.405826655127512,0.10358107988134127,7.343518723094391,1.3216036714504755,3.412303556677396,4.265492099769386,8.29274352120612,0.5613762702237058,0.2584129598445092,0.8175191087486297,0.594053092371095,0.38290692362457,1.1957987391215987,29.98084547683764,3.2008045732832477,0.024888516300766553,qp_ode,0.05,100.0,9.536633635538714e-09,100.00000000000001,188.48033507752348,0.6400668880635124,191.0,5.0,0.999,independent_lognormal,False,0.0,False,0.0,12.756527211514294,0.3026102450766416,False,0.0,fixed_device,0,83.8352488853537,118.05332671712425,167.6704977707074,204.94395774055712,107.50854;83.835249;108.17078;117.03402;89.487233;118.05333;86.697402;85.209342;102.47198;92.587643;100.74184;98.930132;99.136065;93.433459;94.419352;116.50486;105.77879,198.80062;167.6705;194.33474;189.94553;178.97447;197.9976;173.3948;170.41868;204.94396;185.17529;198.89142;197.86026;196.57891;186.86692;188.8387;189.8481;183.62519,4.9457111;5.0272209;5.0049862;5.0861229;5.0349499;4.97517;4.9890876;5.0206058;4.8965438;5.0073491;4.9351045;5.0695225;5.0068295;5.0800369;4.971503;4.9932767;4.9559796,1.5698779520789685e-07,53.49324035644531,7.852133165897612e-09,42980.199123443395,1.0,0.19317991993606637,True,,,1,11989916202904672386,1cebbe2c85286d125a19176074641cec80e768fcc76265a176a2887e861b48e2:706,123,6687608674396615408,3eabdfa943524b1077c76342cd49dd883c1d02e6abf0a6e9273162f3d53c340b,0.0
707,0,-3.4758468968986755,-1.4902442338108892,outside,elliptical,2.2589347335193377,0.8183012610869219,2.324177301215707,1.1932800966942678,73.68785050566208,1,,,,False,0.16326806465839994,0.5964404018110352,False,0.22471714823408936,3.8503118657423743,0.6053754560076321,2.2584768314328105,ballistic,22.061478050375385,,0.09324630700896919,59.354775839372294,0.9072550878877327,2.124742612710198,4.996457303771917,8.767826084065103,0.34333142433159003,0.3981857708248354,0.8180085065140301,0.3867379126517233,0.10905786803713421,0.9250486982212419,29.425485945556883,3.348024728635081,0.030729062570352052,qp_ode,0.05,100.0,3.758266825816812e-10,100.00000000000001,188.48033507752348,1.6432423815515502,191.0,5.0,0.999,independent_lognormal,False,0.0,False,0.0,21.70134414514817,0.5928351674606676,False,0.0,fixed_device,0,83.8352488853537,118.05332671712425,167.6704977707074,204.94395774055712,107.50854;83.835249;108.17078;117.03402;89.487233;118.05333;86.697402;85.209342;102.47198;92.587643;100.74184;98.930132;99.136065;93.433459;94.419352;116.50486;105.77879,198.80062;167.6705;194.33474;189.94553;178.97447;197.9976;173.3948;170.41868;204.94396;185.17529;198.89142;197.86026;196.57891;186.86692;188.8387;189.8481;183.62519,4.9457111;5.0272209;5.0049862;5.0861229;5.0349499;4.97517;4.9890876;5.0206058;4.8965438;5.0073491;4.9351045;5.0695225;5.0068295;5.0800369;4.971503;4.9932767;4.9559796,5.2064472733093226e-09,82.72660064697266,2.6039445599757016e-10,42980.199123443395,1.0,0.202806750386006,True,,,0,10311947327278020491,1cebbe2c85286d125a19176074641cec80e768fcc76265a176a2887e861b48e2:707,123,3596637063970115206,3eabdfa943524b1077c76342cd49dd883c1d02e6abf0a6e9273162f3d53c340b,0.0
708,0,0.19418743267611482,-0.21909228426819238,inside,elliptical,2.1652918962021075,1.5626317186428564,8.20037479017168,1.447844696403813,176.20591426203788,1,,,,False,0.20478643025871712,0.261547187540626,False,0.2062576021252667,3.7189751724651328,0.8505886474402038,1.514046095030535,diffusive,,15.07927474606024,0.06681917640358936,40.819675136597475,1.9816799113671562,2.8274031680302927,3.560041464535474,8.550842405064756,0.23388476692855972,0.2899996209510056,0.9438123515728193,0.7313186290245812,0.4278014223462798,1.0040018751176474,26.645942329890886,2.868619520495615,0.07484864627142847,qp_ode,0.05,100.0,1.046668135313693e-09,100.00000000000001,188.48033507752348,0.4904547914550201,191.0,5.0,0.999,independent_lognormal,False,0.0,False,0.0,43.05837800222693,0.4133077694159405,False,0.0,fixed_device,0,83.8352488853537,118.05332671712425,167.6704977707074,204.94395774055712,107.50854;83.835249;108.17078;117.03402;89.487233;118.05333;86.697402;85.209342;102.47198;92.587643;100.74184;98.930132;99.136065;93.433459;94.419352;116.50486;105.77879,198.80062;167.6705;194.33474;189.94553;178.97447;197.9976;173.3948;170.41868;204.94396;185.17529;198.89142;197.86026;196.57891;186.86692;188.8387;189.8481;183.62519,4.9457111;5.0272209;5.0049862;5.0861229;5.0349499;4.97517;4.9890876;5.0206058;4.8965438;5.0073491;4.9351045;5.0695225;5.0068295;5.0800369;4.971503;4.9932767;4.9559796,2.60155950115859e-08,78.28324890136719,1.3009123778218168e-09,42980.199123443395,1.0,0.18140133362275213,True,,,1,17545821613253830747,1cebbe2c85286d125a19176074641cec80e768fcc76265a176a2887e861b48e2:708,123,5067234057768778127,3eabdfa943524b1077c76342cd49dd883c1d02e6abf0a6e9273162f3d53c340b,0.0
709,0,2.7224031477498514,-2.408591186987479,inside,elliptical,1.8001526810793442,1.5275546475688182,8.052165368753954,1.3592030736393466,143.79617580210825,1,,,,False,0.25155506617814233,0.149297801615783,False,0.23732050157035975,3.5104877328503905,1.1174129510419604,1.391176199604581,ballistic,31.269952318431827,,0.07235690004822225,59.74405413965105,1.3247737396047123,3.6954796983751685,6.236336979060377,6.648553904415834,0.4229267830599296,0.14692408458735692,0.8570585529469781,0.6727061525820778,0.4531560699895557,1.107291767251135,20.548505346332767,2.815219642273303,0.005055006734971599,qp_ode,0.05,100.0,1.1610992170893178e-08,100.00000000000001,188.48033507752348,0.951165699981166,191.0,5.0,0.999,independent_lognormal,False,0.0,False,0.0,10.911365723936155,0.20720280004758773,False,0.0,fixed_device,0,83.8352488853537,118.05332671712425,167.6704977707074,204.94395774055712,107.50854;83.835249;108.17078;117.03402;89.487233;118.05333;86.697402;85.209342;102.47198;92.587643;100.74184;98.930132;99.136065;93.433459;94.419352;116.50486;105.77879,198.80062;167.6705;194.33474;189.94553;178.97447;197.9976;173.3948;170.41868;204.94396;185.17529;198.89142;197.86026;196.57891;186.86692;188.8387;189.8481;183.62519,4.9457111;5.0272209;5.0049862;5.0861229;5.0349499;4.97517;4.9890876;5.0206058;4.8965438;5.0073491;4.9351045;5.0695225;5.0068295;5.0800369;4.971503;4.9932767;4.9559796,2.4015128019527765e-07,46.81526184082031,1.201392940686219e-08,42980.199123443395,1.0,0.17002820107030478,True,,,2,18350869383338593959,1cebbe2c85286d125a19176074641cec80e768fcc76265a176a2887e861b48e2:709,123,3283186234002547130,3eabdfa943524b1077c76342cd49dd883c1d02e6abf0a6e9273162f3d53c340b,0.0
710,0,-3.764962356711014,0.44546940312096117,outside,circular,2.456745829693191,0.9544387406255871,8.43502115793222,1.0,106.30733024764247,1,,,,False,0.19597987810826,0.5746176311354386,False,0.11051135496048359,3.318528328696299,0.981706636626711,1.7069017823378692,ballistic,21.89909063127524,,0.059129818548290344,62.61627079485046,0.7129745133995892,2.233529525099218,4.586441683215192,6.213697563669958,0.5966433735130561,0.3494041220775347,0.9673256985504471,0.6451636297663124,0.11382262785275138,1.0292051510161877,31.539587963979542,3.29692983304066,0.026679526745323683,qp_ode,0.05,100.0,6.328955185818461e-10,100.00000000000001,188.48033507752348,1.4335259281381607,191.0,5.0,0.999,independent_lognormal,False,0.0,False,0.0,30.48637120592119,0.35101242910077746,False,0.0,fixed_device,0,83.8352488853537,118.05332671712425,167.6704977707074,204.94395774055712,107.50854;83.835249;108.17078;117.03402;89.487233;118.05333;86.697402;85.209342;102.47198;92.587643;100.74184;98.930132;99.136065;93.433459;94.419352;116.50486;105.77879,198.80062;167.6705;194.33474;189.94553;178.97447;197.9976;173.3948;170.41868;204.94396;185.17529;198.89142;197.86026;196.57891;186.86692;188.8387;189.8481;183.62519,4.9457111;5.0272209;5.0049862;5.0861229;5.0349499;4.97517;4.9890876;5.0206058;4.8965438;5.0073491;4.9351045;5.0695225;5.0068295;5.0800369;4.971503;4.9932767;4.9559796,1.2990900799536576e-08,82.77890014648438,6.499764060308166e-10,42980.199123443395,1.0,0.1991844957684061,True,,,0,1477249587457054776,1cebbe2c85286d125a19176074641cec80e768fcc76265a176a2887e861b48e2:710,123,8592186949285870667,3eabdfa943524b1077c76342cd49dd883c1d02e6abf0a6e9273162f3d53c340b,0.0
711,0,1.7472129529422,-0.7268800288711685,inside,circular,1.7121966275745533,1.2438173718093355,7.046930581624868,1.0,131.04422861462277,1,,,,False,0.3107468440016419,0.9867763577791704,False,0.1917409967589775,3.408206903882219,0.6599035548208608,1.2437484689897387,ballistic,15.497768791893394,,0.0737903716614574,70.594007682357,1.3704577320577551,3.7267051688190516,6.07057794422005,8.79641670010184,0.3180050166881002,0.4221835596607063,0.8764826602361834,0.19284251813462322,0.3762597957195657,0.5277133926093358,26.009433001363668,2.974762343522816,0.07789653545583278,qp_ode,0.05,100.0,1.486190925048905e-09,100.00000000000001,188.48033507752348,0.20787834845772793,191.0,5.0,0.999,independent_lognormal,False,0.0,False,0.0,8.770244583818974,0.332778316318037,False,0.0,fixed_device,0,83.8352488853537,118.05332671712425,167.6704977707074,204.94395774055712,107.50854;83.835249;108.17078;117.03402;89.487233;118.05333;86.697402;85.209342;102.47198;92.587643;100.74184;98.930132;99.136065;93.433459;94.419352;116.50486;105.77879,198.80062;167.6705;194.33474;189.94553;178.97447;197.9976;173.3948;170.41868;204.94396;185.17529;198.89142;197.86026;196.57891;186.86692;188.8387;189.8481;183.62519,4.9457111;5.0272209;5.0049862;5.0861229;5.0349499;4.97517;4.9890876;5.0206058;4.8965438;5.0073491;4.9351045;5.0695225;5.0068295;5.0800369;4.971503;4.9932767;4.9559796,6.902772042849392e-08,78.77257537841797,3.4695228912084985e-09,42980.199123443395,1.0,0.18866370736873672,True,,,1,4543850825869397526,1cebbe2c85286d125a19176074641cec80e768fcc76265a176a2887e861b48e2:711,123,2212802393737548642,3eabdfa943524b1077c76342cd49dd883c1d02e6abf0a6e9273162f3d53c340b,0.0
712,0,3.951407870612843,-1.142941299078643,outside,circular,1.9457865727557029,1.2421730909782345,3.4832422038570128,1.0,27.97198903968486,1,,,,False,0.3641003424778534,0.5264908417092654,False,0.2860362272317015,3.2670097899884154,0.6392919973731171,1.0948415425067004,diffusive,,17.275383496623462,0.06303670028290478,54.32861483934932,1.5835208951331823,3.570284360281014,3.570284360281014,5.894927972718332,0.28915078550542894,0.15745977833780486,0.8363838955689212,0.08081959842151552,0.1681586715447982,0.6591306704981401,34.504312210990335,2.9322122065971894,0.02819087495951596,qp_ode,0.05,100.0,2.319990115648211e-09,100.00000000000001,188.48033507752348,0.6409545314754198,191.0,5.0,0.999,independent_lognormal,False,0.0,False,0.0,18.891888445632507,0.3954731083896252,False,0.0,fixed_device,0,83.8352488853537,118.05332671712425,167.6704977707074,204.94395774055712,107.50854;83.835249;108.17078;117.03402;89.487233;118.05333;86.697402;85.209342;102.47198;92.587643;100.74184;98.930132;99.136065;93.433459;94.419352;116.50486;105.77879,198.80062;167.6705;194.33474;189.94553;178.97447;197.9976;173.3948;170.41868;204.94396;185.17529;198.89142;197.86026;196.57891;186.86692;188.8387;189.8481;183.62519,4.9457111;5.0272209;5.0049862;5.0861229;5.0349499;4.97517;4.9890876;5.0206058;4.8965438;5.0073491;4.9351045;5.0695225;5.0068295;5.0800369;4.971503;4.9932767;4.9559796,4.284938270870953e-08,79.09121704101562,2.144508126633582e-09,42980.199123443395,1.0,0.17736264226951906,True,,,1,9444741661188329032,1cebbe2c85286d125a19176074641cec80e768fcc76265a176a2887e861b48e2:712,123,4809878574631515773,3eabdfa943524b1077c76342cd49dd883c1d02e6abf0a6e9273162f3d53c340b,0.0
713,0,-0.5311015827383825,-1.3625552335845699,inside,circular,1.7590704329183386,1.6217403345804846,6.528717101956805,1.0,152.21135316279504,1,,,,False,0.239477207056698,0.8559231411548359,False,0.21276387278926168,1.5982123472897172,0.9372323581404843,2.5318442826538945,diffusive,,14.49167293652066,0.0957113522940626,5.657965317193243,1.282034340455251,2.170300067605216,3.7409639459892183,8.361243621651596,0.2315720155605812,0.4241488957400703,0.8374706426953343,0.3874453031768093,0.16911355276281823,0.7600793116068312,22.075321992286447,3.1910636291029606,0.008153420717329425,qp_ode,0.05,100.0,3.418628412575748e-10,100.00000000000001,188.48033507752348,0.9252370083753811,191.0,5.0,0.999,independent_lognormal,False,0.0,False,0.0,6.791155641899635,0.39899492216237575,False,0.0,fixed_device,0,83.8352488853537,118.05332671712425,167.6704977707074,204.94395774055712,107.50854;83.835249;108.17078;117.03402;89.487233;118.05333;86.697402;85.209342;102.47198;92.587643;100.74184;98.930132;99.136065;93.433459;94.419352;116.50486;105.77879,198.80062;167.6705;194.33474;189.94553;178.97447;197.9976;173.3948;170.41868;204.94396;185.17529;198.89142;197.86026;196.57891;186.86692;188.8387;189.8481;183.62519,4.9457111;5.0272209;5.0049862;5.0861229;5.0349499;4.97517;4.9890876;5.0206058;4.8965438;5.0073491;4.9351045;5.0695225;5.0068295;5.0800369;4.971503;4.9932767;4.9559796,5.9813451969148446e-09,82.93750762939453,2.991386860440315e-10,42980.199123443395,1.0,0.18925671800150468,True,,,0,7165665872641747313,1cebbe2c85286d125a19176074641cec80e768fcc76265a176a2887e861b48e2:713,123,2662175853936086288,3eabdfa943524b1077c76342cd49dd883c1d02e6abf0a6e9273162f3d53c340b,0.0
714,0,-3.2896688297287575,0.5987571663548619,outside,elliptical,2.2541999486073276,1.1413753799191468,4.082049343371829,2.069025773248013,125.11667574267412,1,,,,False,0.3170025862368969,0.7703770859124488,False,0.17458140865567195,3.390581990431359,1.0195776748077319,1.472225956097768,diffusive,,6.192198170906186,0.047567799834629124,64.45329155483603,0.9759949545673203,3.332063055285669,6.095804538654454,9.845962366958194,0.507300023645733,0.3597365138308436,0.9735516197929172,0.2651918741284918,0.2586053045897038,0.8000364453488555,21.978129997784418,3.013773921771957,0.01410956826032293,qp_ode,0.05,100.0,1.1235437764064291e-10,100.00000000000001,188.48033507752348,0.5704663794764862,191.0,5.0,0.999,independent_lognormal,False,0.0,False,0.0,51.07618493791877,0.10498653355627036,False,0.0,fixed_device,0,83.8352488853537,118.05332671712425,167.6704977707074,204.94395774055712,107.50854;83.835249;108.17078;117.03402;89.487233;118.05333;86.697402;85.209342;102.47198;92.587643;100.74184;98.930132;99.136065;93.433459;94.419352;116.50486;105.77879,198.80062;167.6705;194.33474;189.94553;178.97447;197.9976;173.3948;170.41868;204.94396;185.17529;198.89142;197.86026;196.57891;186.86692;188.8387;189.8481;183.62519,4.9457111;5.0272209;5.0049862;5.0861229;5.0349499;4.97517;4.9890876;5.0206058;4.8965438;5.0073491;4.9351045;5.0695225;5.0068295;5.0800369;4.971503;4.9932767;4.9559796,2.316663971768662e-09,83.29789733886719,1.1596725663087781e-10,42980.199123443395,1.0,0.17978605784821006,True,,,0,10586050707109431607,1cebbe2c85286d125a19176074641cec80e768fcc76265a176a2887e861b48e2:714,123,6495858888051581382,3eabdfa943524b1077c76342cd49dd883c1d02e6abf0a6e9273162f3d53c340b,0.0
715,0,3.0,1.6616466703431456,edge,elliptical,2.3164952669331957,0.8979653561528429,7.086238561248192,2.457892091078535,41.34919569408212,1,,,,False,0.2033558064212289,0.6689607681863701,False,0.20445957350743957,2.6303536270550545,0.5712484282517692,2.964479160676377,diffusive,,6.385542801999621,0.058415973914948446,2.044956233945543,0.8421458111112552,2.138168115661173,5.310095679468233,8.971064513580787,0.5459449264743679,0.20424123268799993,0.9599753413554317,0.6961535587310603,0.29532684038015117,0.5696846711779917,26.47386196284221,3.1865234903395296,0.04142399670690618,qp_ode,0.05,100.0,1.9422857321961494e-10,100.00000000000001,188.48033507752348,0.7010756607782176,191.0,5.0,0.999,independent_lognormal,False,0.0,False,0.0,25.44421222980376,0.5770569459275572,False,0.0,fixed_device,0,83.8352488853537,118.05332671712425,167.6704977707074,204.94395774055712,107.50854;83.835249;108.17078;117.03402;89.487233;118.05333;86.697402;85.209342;102.47198;92.587643;100.74184;98.930132;99.136065;93.433459;94.419352;116.50486;105.77879,198.80062;167.6705;194.33474;189.94553;178.97447;197.9976;173.3948;170.41868;204.94396;185.17529;198.89142;197.86026;196.57891;186.86692;188.8387;189.8481;183.62519,4.9457111;5.0272209;5.0049862;5.0861229;5.0349499;4.97517;4.9890876;5.0206058;4.8965438;5.0073491;4.9351045;5.0695225;5.0068295;5.0800369;4.971503;4.9932767;4.9559796,6.08970207593984e-09,83.83525085449219,3.0489485935980554e-10,42980.199123443395,1.0,0.19505123578154399,True,,,0,1492625233480779176,1cebbe2c85286d125a19176074641cec80e768fcc76265a176a2887e861b48e2:715,123,5006813559101613961,3eabdfa943524b1077c76342cd49dd883c1d02e6abf0a6e9273162f3d53c340b,0.0
716,0,-2.056065662281193,3.0,edge,circular,2.1456154837896975,1.2985236705423007,6.010504892233834,1.0,114.18883800746441,1,,,,False,0.1966546829877091,0.08247699591680802,False,0.386858352258988,3.05037885356507,0.9180918307859623,1.9460215440605582,ballistic,19.420926959710094,,0.09114849413653843,4.562431575488297,1.1668386668285335,3.0983935620321246,3.8250680375561,7.504318300704902,0.42894598128650463,0.3071418495466941,0.9518707546575161,0.36558359033270504,0.41695348459596326,0.891896371122485,32.047714089003875,3.0106989300413747,0.06148912117188125,qp_ode,0.05,100.0,4.3017307014761964e-10,100.00000000000001,188.48033507752348,0.47989074548595345,191.0,5.0,0.999,independent_lognormal,False,0.0,False,0.0,9.993379405987627,0.3030608677013217,False,0.0,fixed_device,0,83.8352488853537,118.05332671712425,167.6704977707074,204.94395774055712,107.50854;83.835249;108.17078;117.03402;89.487233;118.05333;86.697402;85.209342;102.47198;92.587643;100.74184;98.930132;99.136065;93.433459;94.419352;116.50486;105.77879,198.80062;167.6705;194.33474;189.94553;178.97447;197.9976;173.3948;170.41868;204.94396;185.17529;198.89142;197.86026;196.57891;186.86692;188.8387;189.8481;183.62519,4.9457111;5.0272209;5.0049862;5.0861229;5.0349499;4.97517;4.9890876;5.0206058;4.8965438;5.0073491;4.9351045;5.0695225;5.0068295;5.0800369;4.971503;4.9932767;4.9559796,8.38511926559704e-09,83.69122314453125,4.1951761509118057e-10,42980.199123443395,1.0,0.18800954161179703,True,,,0,8893293333334004034,1cebbe2c85286d125a19176074641cec80e768fcc76265a176a2887e861b48e2:716,123,3855786031491156607,3eabdfa943524b1077c76342cd49dd883c1d02e6abf0a6e9273162f3d53c340b,0.0
717,0,-2.7976124740326984,3.2879657998743395,outside,elliptical,1.7934353042207698,1.081598266647353,2.7677900506214037,1.2897666229641964,60.49285503073213,1,,,,False,0.2134880403454434,0.9157167689177413,False,0.18759120126442366,3.9074844754979656,1.0928114041329677,1.6365512558031035,diffusive,,16.694228211694146,0.03758163683171968,27.02327678327615,1.739556126097352,3.3338151920334216,5.194822713337857,6.8946503929925615,0.3435116018745227,0.11797370429055253,0.8852343632592674,0.7676196983433952,0.29924872915582473,0.6574730559419227,32.08332814636453,3.1669656929288177,0.06019430440645886,qp_ode,0.05,100.0,3.213405963536274e-09,100.00000000000001,188.48033507752348,1.7072870359813233,191.0,5.0,0.999,independent_lognormal,False,0.0,False,0.0,64.55405571147477,0.2689755964967956,False,0.0,fixed_device,0,83.8352488853537,118.05332671712425,167.6704977707074,204.94395774055712,107.50854;83.835249;108.17078;117.03402;89.487233;118.05333;86.697402;85.209342;102.47198;92.587643;100.74184;98.930132;99.136065;93.433459;94.419352;116.50486;105.77879,198.80062;167.6705;194.33474;189.94553;178.97447;197.9976;173.3948;170.41868;204.94396;185.17529;198.89142;197.86026;196.57891;186.86692;188.8387;189.8481;183.62519,4.9457111;5.0272209;5.0049862;5.0861229;5.0349499;4.97517;4.9890876;5.0206058;4.8965438;5.0073491;4.9351045;5.0695225;5.0068295;5.0800369;4.971503;4.9932767;4.9559796,5.074624453982324e-08,77.35079956054688,2.5387907331975157e-09,42980.199123443395,1.0,0.1977148218039734,True,,,1,16893031841707449127,1cebbe2c85286d125a19176074641cec80e768fcc76265a176a2887e861b48e2:717,123,4605669850434576869,3eabdfa943524b1077c76342cd49dd883c1d02e6abf0a6e9273162f3d53c340b,0.0
718,0,-2.104908982845406,-3.0,edge,elliptical,2.10843187059222,1.608525800634157,8.259182472035096,2.056334179676675,55.57084689918972,1,,,,False,0.2259842823365314,0.07489156055339063,False,0.2184715447461007,2.870245745531933,1.2151399178792106,2.59812591393744,ballistic,38.851007505663425,,0.07565447290132468,55.28562851704589,1.0043984442778613,3.3735982794413815,5.609211651003746,9.701346156467313,0.44235785919915016,0.2743436699124707,0.97715230808936,0.478596396920447,0.39945966747226797,0.8483802268473397,25.674942451645073,2.8243738153078235,0.005341395197378977,qp_ode,0.05,100.0,2.131681077147028e-10,100.00000000000001,188.48033507752348,1.2117678290161225,191.0,5.0,0.999,independent_lognormal,False,0.0,False,0.0,20.335180728362435,0.5251199063841271,False,0.0,fixed_device,0,83.8352488853537,118.05332671712425,167.6704977707074,204.94395774055712,107.50854;83.835249;108.17078;117.03402;89.487233;118.05333;86.697402;85.209342;102.47198;92.587643;100.74184;98.930132;99.136065;93.433459;94.419352;116.50486;105.77879,198.80062;167.6705;194.33474;189.94553;178.97447;197.9976;173.3948;170.41868;204.94396;185.17529;198.89142;197.86026;196.57891;186.86692;188.8387;189.8481;183.62519,4.9457111;5.0272209;5.0049862;5.0861229;5.0349499;4.97517;4.9890876;5.0206058;4.8965438;5.0073491;4.9351045;5.0695225;5.0068295;5.0800369;4.971503;4.9932767;4.9559796,4.374013595764836e-09,83.01075744628906,2.189601833180177e-10,42980.199123443395,1.0,0.1670308470316389,True,,,0,16679717215484283210,1cebbe2c85286d125a19176074641cec80e768fcc76265a176a2887e861b48e2:718,123,6056496840803858286,3eabdfa943524b1077c76342cd49dd883c1d02e6abf0a6e9273162f3d53c340b,0.0
719,0,2.713967960495669,-3.342523053437886,outside,circular,2.308486149016087,1.566190140243016,3.1056932955968053,1.0,97.67671908614668,1,,,,False,0.3356455380817859,0.06148236181180233,False,0.2035109263108117,2.4207222669618798,1.2998079669135663,2.9874230363572636,ballistic,38.460103444579076,,0.1086089657357512,8.238992620317829,0.8592710723671817,2.08583496718779,6.41654610964274,6.226176612398057,0.5330384826437528,0.3019092063427864,0.9496858510291413,0.35908880869431564,0.34386642622827956,0.9884822480495784,26.465171195423785,3.091557109539648,0.06410860340088605,qp_ode,0.05,100.0,2.7441872653491028e-08,100.00000000000001,188.48033507752348,1.0888197225961749,191.0,5.0,0.999,independent_lognormal,False,0.0,False,0.0,22.029700710975327,0.600605323536936,False,0.0,fixed_device,0,83.8352488853537,118.05332671712425,167.6704977707074,204.94395774055712,107.50854;83.835249;108.17078;117.03402;89.487233;118.05333;86.697402;85.209342;102.47198;92.587643;100.74184;98.930132;99.136065;93.433459;94.419352;116.50486;105.77879,198.80062;167.6705;194.33474;189.94553;178.97447;197.9976;173.3948;170.41868;204.94396;185.17529;198.89142;197.86026;196.57891;186.86692;188.8387;189.8481;183.62519,4.9457111;5.0272209;5.0049862;5.0861229;5.0349499;4.97517;4.9890876;5.0206058;4.8965438;5.0073491;4.9351045;5.0695225;5.0068295;5.0800369;4.971503;4.9932767;4.9559796,7.501801633225114e-07,24.094057083129883,3.7603481217729495e-08,42980.199123443395,1.0,0.19308500578875346,True,,,2,8124207655035458546,1cebbe2c85286d125a19176074641cec80e768fcc76265a176a2887e861b48e2:719,123,4113992134817072107,3eabdfa943524b1077c76342cd49dd883c1d02e6abf0a6e9273162f3d53c340b,0.05373965992647059
