event,run_id,epicenter_row,epicenter_col,epicenter_region,geometry,initial_beta,late_beta,beta_transition_ms,axis_ratio,angle_degrees,source_count,secondary_epicenter_row,secondary_epicenter_col,secondary_source_strength,reflection_enabled,reflection_coefficient,reflection_boundary_margin_mm,halo_enabled,halo_strength,halo_lambda_multiplier,halo_beta,halo_front_width_multiplier,propagation_law,apparent_speed_m_per_s,diffusion_coefficient_mm2_per_ms,front_width_ms,arrival_jitter_sd_us,arrival_jitter_correlation_length_mm,initial_lambda_mm,maximum_lambda_mm,maximum_distance_mm,spread_time_ms,cutoff_width_mm,maximum_amplitude,prompt_fraction,rise_time_ms,peak_time_ms,decay_time_ms,baseline_total_errors,baseline_drift_fraction,temporal_backend,qp_trapping_rate_per_us,qp_recombination_rate_per_us,qp_generation_scale_per_us,qp_baseline_t1_us,qp_baseline_t2_us,qp_measurement_exposure_us,qp_al_gap_uev,qp_qubit_frequency_ghz,qp_maximum_radiation_probability,qp_source_decay_mode,qp_dephasing_enabled,qp_charging_energy_ghz,qp_frequency_shift_enabled,qp_frequency_shift_coefficient_a,qp_source_lifetime_ms,event_onset_ms,is_control,global_spatial_mixing_fraction,qp_hardware_mode,qp_device_id,qp_baseline_t1_min_us,qp_baseline_t1_max_us,qp_baseline_t2_min_us,qp_baseline_t2_max_us,qp_baseline_t1_by_qubit_us,qp_baseline_t2_by_qubit_us,qp_qubit_frequency_by_qubit_ghz,qp_peak_density,qp_minimum_t1_us,qp_peak_generation_rate_per_us,qp_relaxation_coefficient_per_us,qp_generation_event_scale,achieved_peak_error_fraction,spatial_residual_enabled,low_rank_spatial_coefficients,missing_qubits,strength_band,generation_seed,event_uid,device_seed,syndrome_seed,circuit_id,fraction_round_qubits_below_30us
360,0,-2.9984271900297914,2.4645132466161908,inside,circular,2.0140216514304976,1.3549723293996359,6.710480657809324,1.0,76.95426688275487,1,,,,False,0.3540512083805986,0.3130043466764153,False,0.30179150281861034,3.6785521739325246,0.5352643844010768,1.487893718039845,diffusive,,14.481524207587897,0.050235612799655285,34.387959876346784,1.4809750728517104,2.1687988130725295,6.3003991175949245,7.416297863336175,0.34352566749860247,0.2293939555096674,0.865489055711154,0.38337190654576947,0.3486921182920548,0.971496356890438,21.12607659595428,3.008020968849335,0.014032312547347381,qp_ode,0.05,100.0,7.877858880567892e-10,100.00000000000001,188.48033507752348,1.1258549523555235,191.0,5.0,0.999,independent_lognormal,False,0.0,False,0.0,4.731359305940867,0.6351831207168264,False,0.0,fixed_device,0,83.8352488853537,118.05332671712425,167.6704977707074,204.94395774055712,107.50854;83.835249;108.17078;117.03402;89.487233;118.05333;86.697402;85.209342;102.47198;92.587643;100.74184;98.930132;99.136065;93.433459;94.419352;116.50486;105.77879,198.80062;167.6705;194.33474;189.94553;178.97447;197.9976;173.3948;170.41868;204.94396;185.17529;198.89142;197.86026;196.57891;186.86692;188.8387;189.8481;183.62519,4.9457111;5.0272209;5.0049862;5.0861229;5.0349499;4.97517;4.9890876;5.0206058;4.8965438;5.0073491;4.9351045;5.0695225;5.0068295;5.0800369;4.971503;4.9932767;4.9559796,1.3814319466121106e-08,83.83525085449219,6.913117300832994e-10,42980.199123443395,1.0,0.17924957782458048,True,,,0,239214032895202024,1cebbe2c85286d125a19176074641cec80e768fcc76265a176a2887e861b48e2:360,123,4448301699257675520,3eabdfa943524b1077c76342cd49dd883c1d02e6abf0a6e9273162f3d53c340b,0.0
361,0,-3.0,1.350859641046089,edge,elliptical,2.1782959274779174,1.0726132249305702,7.611164965521877,2.0892580100866605,18.229653402460293,1,,,,False,0.3488296989704918,0.035894965991533856,False,0.22734064260734746,3.130078907392394,1.035862605292994,2.218278342254213,ballistic,14.170389483074011,,0.09352613463126597,28.414751729242546,1.4021998354698337,3.2324216589420747,4.648372607659868,8.458783492053417,0.3675649396178321,0.198575086607102,0.9757262694757678,0.09162881003471704,0.22925080545003246,0.555732644400035,23.000620887334982,2.9556308718889666,0.0011135526171250109,qp_ode,0.05,100.0,9.872713724913003e-08,100.00000000000001,188.48033507752348,0.9139537073757047,191.0,5.0,0.999,independent_lognormal,False,0.0,False,0.0,8.475351665810395,0.5204734779109043,False,0.0,fixed_device,0,83.8352488853537,118.05332671712425,167.6704977707074,204.94395774055712,107.50854;83.835249;108.17078;117.03402;89.487233;118.05333;86.697402;85.209342;102.47198;92.587643;100.74184;98.930132;99.136065;93.433459;94.419352;116.50486;105.77879,198.80062;167.6705;194.33474;189.94553;178.97447;197.9976;173.3948;170.41868;204.94396;185.17529;198.89142;197.86026;196.57891;186.86692;188.8387;189.8481;183.62519,4.9457111;5.0272209;5.0049862;5.0861229;5.0349499;4.97517;4.9890876;5.0206058;4.8965438;5.0073491;4.9351045;5.0695225;5.0068295;5.0800369;4.971503;4.9932767;4.9559796,2.775964503598516e-06,7.784370422363281,1.4000711701100954e-07,42980.199123443395,1.0,0.20100072567848257,True,,,2,6905689627149268374,1cebbe2c85286d125a19176074641cec80e768fcc76265a176a2887e861b48e2:361,123,5586722107682435180,3eabdfa943524b1077c76342cd49dd883c1d02e6abf0a6e9273162f3d53c340b,0.3927217371323529
362,0,-3.0,-0.7809396681800722,edge,circular,2.3628184451454004,1.3248240156308158,8.849347265275217,1.0,1.7865543781508753,1,,,,False,0.23936927597469898,0.9375778479726968,False,0.18311536515790755,3.0186944419043527,1.290144763920015,2.6680682777531732,ballistic,22.468496466816788,,0.10422157248112655,15.312058928567538,1.9604784581474153,3.2206287961410913,5.432546416034905,7.6214795295889255,0.1555684596979187,0.3004470772077792,0.88510662218418,0.19213470545437908,0.43788971061629495,0.9107253362211489,34.8114564039723,3.039566372985122,0.04514795850500309,qp_ode,0.05,100.0,3.720103718493512e-08,100.00000000000001,188.48033507752348,0.8565633961595887,191.0,5.0,0.999,independent_lognormal,False,0.0,False,0.0,3.981918871754833,0.35567569287544615,False,0.0,fixed_device,0,83.8352488853537,118.05332671712425,167.6704977707074,204.94395774055712,107.50854;83.835249;108.17078;117.03402;89.487233;118.05333;86.697402;85.209342;102.47198;92.587643;100.74184;98.930132;99.136065;93.433459;94.419352;116.50486;105.77879,198.80062;167.6705;194.33474;189.94553;178.97447;197.9976;173.3948;170.41868;204.94396;185.17529;198.89142;197.86026;196.57891;186.86692;188.8387;189.8481;183.62519,4.9457111;5.0272209;5.0049862;5.0861229;5.0349499;4.97517;4.9890876;5.0206058;4.8965438;5.0073491;4.9351045;5.0695225;5.0068295;5.0800369;4.971503;4.9932767;4.9559796,7.634256462552003e-07,23.515399932861328,3.826668759643326e-08,42980.199123443395,1.0,0.19313163583984394,True,,,2,9277631544849831352,1cebbe2c85286d125a19176074641cec80e768fcc76265a176a2887e861b48e2:362,123,4498497691720440825,3eabdfa943524b1077c76342cd49dd883c1d02e6abf0a6e9273162f3d53c340b,0.09145220588235294
363,0,3.490932322925583,-2.294355056713859,outside,circular,1.7927665496137093,0.8299416873927803,9.315381347096253,1.0,108.65014863182044,1,,,,False,0.3606888325031554,0.11191125651141687,False,0.3235501573861105,2.4645057863137696,1.2392051193262432,1.1998959350271052,diffusive,,18.284242093902666,0.06781848267975266,42.83238499667902,1.9870942225964456,2.7030857042893133,5.98430544420195,8.831066674820258,0.27220477490009604,0.48458571960229146,0.9789944341825508,0.17586577879119789,0.3682511018673901,0.9723138470669195,22.14041954235494,3.3750207189454793,0.021421119311687803,qp_ode,0.05,100.0,8.203743438601869e-08,100.00000000000001,188.48033507752348,0.981429728735163,191.0,5.0,0.999,independent_lognormal,False,0.0,False,0.0,13.288535016013272,0.3991667972596305,False,0.0,fixed_device,0,83.8352488853537,118.05332671712425,167.6704977707074,204.94395774055712,107.50854;83.835249;108.17078;117.03402;89.487233;118.05333;86.697402;85.209342;102.47198;92.587643;100.74184;98.930132;99.136065;93.433459;94.419352;116.50486;105.77879,198.80062;167.6705;194.33474;189.94553;178.97447;197.9976;173.3948;170.41868;204.94396;185.17529;198.89142;197.86026;196.57891;186.86692;188.8387;189.8481;183.62519,4.9457111;5.0272209;5.0049862;5.0861229;5.0349499;4.97517;4.9890876;5.0206058;4.8965438;5.0073491;4.9351045;5.0695225;5.0068295;5.0800369;4.971503;4.9932767;4.9559796,1.4944353097234853e-06,13.319180488586426,7.508215560392273e-08,42980.199123443395,1.0,0.2198193447731694,True,,,2,5578850160725320184,1cebbe2c85286d125a19176074641cec80e768fcc76265a176a2887e861b48e2:363,123,4535432293903194997,3eabdfa943524b1077c76342cd49dd883c1d02e6abf0a6e9273162f3d53c340b,0.2504308363970588
364,0,-2.8266907543261146,-2.7392465586978068,inside,elliptical,1.9666955345545125,0.941727748304049,7.893175056999767,1.1520449297965933,90.04914224315236,1,,,,False,0.21122862170088058,0.9201162828252987,False,0.390717944170599,3.873288908157886,0.5732494998011401,2.1466401890804248,ballistic,22.761968139466667,,0.08355886961592815,34.903350026385496,0.7515910639501167,3.419290330197944,6.152046659496022,5.1065408323218024,0.5657630817872605,0.349204950821809,0.9720853879396675,0.08328549218295418,0.2403560089844648,0.8339229707812963,21.659000391010984,2.8328746530309408,0.05821836572717832,qp_ode,0.05,100.0,5.744222964184362e-10,100.00000000000001,188.48033507752348,1.1071014056027342,191.0,5.0,0.999,independent_lognormal,False,0.0,False,0.0,14.046819804723285,0.15497960781737824,False,0.0,fixed_device,0,83.8352488853537,118.05332671712425,167.6704977707074,204.94395774055712,107.50854;83.835249;108.17078;117.03402;89.487233;118.05333;86.697402;85.209342;102.47198;92.587643;100.74184;98.930132;99.136065;93.433459;94.419352;116.50486;105.77879,198.80062;167.6705;194.33474;189.94553;178.97447;197.9976;173.3948;170.41868;204.94396;185.17529;198.89142;197.86026;196.57891;186.86692;188.8387;189.8481;183.62519,4.9457111;5.0272209;5.0049862;5.0861229;5.0349499;4.97517;4.9890876;5.0206058;4.8965438;5.0073491;4.9351045;5.0695225;5.0068295;5.0800369;4.971503;4.9932767;4.9559796,9.415440871407554e-09,81.07709503173828,4.709012069170626e-10,42980.199123443395,1.0,0.17644995005957986,True,,,0,16809019303029764661,1cebbe2c85286d125a19176074641cec80e768fcc76265a176a2887e861b48e2:364,123,1991629760030132574,3eabdfa943524b1077c76342cd49dd883c1d02e6abf0a6e9273162f3d53c340b,0.0
365,0,-1.6536901149803322,1.4591478549747823,inside,elliptical,2.3822444908946276,1.5582270896497639,4.4408605720534,2.3127563360252776,133.16997581456394,1,,,,False,0.3928535309948979,0.8888663488145464,False,0.35905528390646724,2.0316117880421203,0.8517343745633943,2.7594275665652495,diffusive,,17.56655694613317,0.08424973465312945,72.8757572986041,1.358592681404243,2.7199668471652614,4.6471313073722005,6.718174168820869,0.2702335795138461,0.2535193088681923,0.8584432426714351,0.7164513397587018,0.30928367009158636,0.7897008632847176,31.68819790320435,2.9460284403430355,0.045063435338491435,qp_ode,0.05,100.0,6.486924735260369e-08,100.00000000000001,188.48033507752348,1.7241274945529448,191.0,5.0,0.999,independent_lognormal,False,0.0,False,0.0,23.222900316537043,0.1067334865552769,False,0.0,fixed_device,0,83.8352488853537,118.05332671712425,167.6704977707074,204.94395774055712,107.50854;83.835249;108.17078;117.03402;89.487233;118.05333;86.697402;85.209342;102.47198;92.587643;100.74184;98.930132;99.136065;93.433459;94.419352;116.50486;105.77879,198.80062;167.6705;194.33474;189.94553;178.97447;197.9976;173.3948;170.41868;204.94396;185.17529;198.89142;197.86026;196.57891;186.86692;188.8387;189.8481;183.62519,4.9457111;5.0272209;5.0049862;5.0861229;5.0349499;4.97517;4.9890876;5.0206058;4.8965438;5.0073491;4.9351045;5.0695225;5.0068295;5.0800369;4.971503;4.9932767;4.9559796,9.696323104435578e-07,18.751192092895508,4.8583288503323274e-08,42980.199123443395,1.0,0.21437362790968253,True,,,2,13469935599230430778,1cebbe2c85286d125a19176074641cec80e768fcc76265a176a2887e861b48e2:365,123,3351579053646309937,3eabdfa943524b1077c76342cd49dd883c1d02e6abf0a6e9273162f3d53c340b,0.5197610294117647
366,0,1.4165035118183358,-1.0184032972176327,inside,elliptical,2.442546715403072,1.6434366099483961,3.561497991891035,1.9687498537354815,11.598487750307104,1,,,,False,0.23200744882269453,0.6586635614738054,False,0.26621517873332834,2.420043301268293,1.2557647787176078,2.042166751757926,diffusive,,19.27002665909493,0.033272731486417934,0.43720954097985043,0.7016066015511715,2.1182923313065567,4.58963383780619,6.868634527258309,0.20468018686287306,0.358996550536135,0.9983751797974374,0.4286519996498598,0.22136470606724085,1.149845090083757,22.51287994235691,3.0836487719455166,0.07015746727764781,qp_ode,0.05,100.0,5.894507692166682e-10,100.00000000000001,188.48033507752348,0.7660762709731879,191.0,5.0,0.999,independent_lognormal,False,0.0,False,0.0,14.767308031584427,0.32439430185501694,False,0.0,fixed_device,0,83.8352488853537,118.05332671712425,167.6704977707074,204.94395774055712,107.50854;83.835249;108.17078;117.03402;89.487233;118.05333;86.697402;85.209342;102.47198;92.587643;100.74184;98.930132;99.136065;93.433459;94.419352;116.50486;105.77879,198.80062;167.6705;194.33474;189.94553;178.97447;197.9976;173.3948;170.41868;204.94396;185.17529;198.89142;197.86026;196.57891;186.86692;188.8387;189.8481;183.62519,4.9457111;5.0272209;5.0049862;5.0861229;5.0349499;4.97517;4.9890876;5.0206058;4.8965438;5.0073491;4.9351045;5.0695225;5.0068295;5.0800369;4.971503;4.9932767;4.9559796,1.9450812516197402e-08,79.53213500976562,9.727804117787286e-10,42980.199123443395,1.0,0.19419450485106937,True,,,0,9862602673495147977,1cebbe2c85286d125a19176074641cec80e768fcc76265a176a2887e861b48e2:366,123,8238904569626613160,3eabdfa943524b1077c76342cd49dd883c1d02e6abf0a6e9273162f3d53c340b,0.0
367,0,-3.0,-2.550848339508916,edge,elliptical,1.7055634049303554,0.8254881311858003,9.33687924549185,1.0339930714821628,137.19407857540085,1,,,,False,0.058457149398303127,0.7463529919582745,False,0.33393604510387087,1.9455882096979442,1.2314109898497247,2.4989943632414127,diffusive,,10.497406491155772,0.11769467954431533,71.1038008380421,1.002877362444642,2.003235142408721,5.599005618757868,6.989413737797747,0.21859172168382665,0.10764981342215255,0.938279607352354,0.7350746319523563,0.34265488534123667,0.709931238980974,30.138984621226996,2.949961254369281,0.025828448641926044,qp_ode,0.05,100.0,2.452482959115274e-10,100.00000000000001,188.48033507752348,1.6404640033725204,191.0,5.0,0.999,independent_lognormal,False,0.0,False,0.0,6.2745243444991825,0.20807091172052372,False,0.0,fixed_device,0,83.8352488853537,118.05332671712425,167.6704977707074,204.94395774055712,107.50854;83.835249;108.17078;117.03402;89.487233;118.05333;86.697402;85.209342;102.47198;92.587643;100.74184;98.930132;99.136065;93.433459;94.419352;116.50486;105.77879,198.80062;167.6705;194.33474;189.94553;178.97447;197.9976;173.3948;170.41868;204.94396;185.17529;198.89142;197.86026;196.57891;186.86692;188.8387;189.8481;183.62519,4.9457111;5.0272209;5.0049862;5.0861229;5.0349499;4.97517;4.9890876;5.0206058;4.8965438;5.0073491;4.9351045;5.0695225;5.0068295;5.0800369;4.971503;4.9932767;4.9559796,4.457780811151224e-09,82.75321197509766,2.230177847950543e-10,42980.199123443395,1.0,0.17801995007372595,True,,,0,6402263317574842668,1cebbe2c85286d125a19176074641cec80e768fcc76265a176a2887e861b48e2:367,123,3741218427151794836,3eabdfa943524b1077c76342cd49dd883c1d02e6abf0a6e9273162f3d53c340b,0.0
368,0,-1.660748528549811,-3.0,edge,circular,2.1840412070661013,1.0979685537801132,3.0667628926960067,1.0,132.71149896868727,1,,,,False,0.1503234275905229,0.15726037896613665,False,0.3350828014621212,3.518455617599199,0.7952271790004504,2.762362292002784,ballistic,13.161385240937097,,0.07583751359930119,53.91014927445188,0.4257672414053138,3.528107042655422,6.052419448124514,8.028645168365752,0.5161539944688054,0.314491774932371,0.8167663790836782,0.2571065261457397,0.47962162028737226,1.0375527716881399,21.821330584047622,3.262660591432616,0.009892793808209444,qp_ode,0.05,100.0,2.741016144886756e-10,100.00000000000001,188.48033507752348,1.7214369534572307,191.0,5.0,0.999,independent_lognormal,False,0.0,False,0.0,23.922523405375983,0.16208721920318542,False,0.0,fixed_device,0,83.8352488853537,118.05332671712425,167.6704977707074,204.94395774055712,107.50854;83.835249;108.17078;117.03402;89.487233;118.05333;86.697402;85.209342;102.47198;92.587643;100.74184;98.930132;99.136065;93.433459;94.419352;116.50486;105.77879,198.80062;167.6705;194.33474;189.94553;178.97447;197.9976;173.3948;170.41868;204.94396;185.17529;198.89142;197.86026;196.57891;186.86692;188.8387;189.8481;183.62519,4.9457111;5.0272209;5.0049862;5.0861229;5.0349499;4.97517;4.9890876;5.0206058;4.8965438;5.0073491;4.9351045;5.0695225;5.0068295;5.0800369;4.971503;4.9932767;4.9559796,5.0012634034146686e-09,82.61369323730469,2.5052235286260327e-10,42980.199123443395,1.0,0.19389384122697634,True,,,0,12081469470051514786,1cebbe2c85286d125a19176074641cec80e768fcc76265a176a2887e861b48e2:368,123,3586984552283598349,3eabdfa943524b1077c76342cd49dd883c1d02e6abf0a6e9273162f3d53c340b,0.0
369,0,2.428618743249883,1.5063250306061837,inside,elliptical,1.790095488621814,1.2642080718446242,6.165231093988172,2.223190065659298,6.693453724906968,1,,,,False,0.30144327664340786,0.7478932404063081,False,0.12784132474330362,2.8732573204504455,1.0094977869985995,1.7804616479391653,ballistic,17.30894168187325,,0.025879730635163772,60.58076163964465,0.9677882292161333,2.9350552958293545,4.39510350158531,8.56443576926993,0.22200013448729433,0.1707441341702855,0.9932225919844101,0.6452289468012086,0.38702357715594876,0.8150040979531894,28.721258864143437,3.353073385410578,0.046878614316111865,qp_ode,0.05,100.0,2.1543088629867218e-07,100.00000000000001,188.48033507752348,1.1693739818929516,191.0,5.0,0.999,independent_lognormal,False,0.0,False,0.0,6.662941550936239,0.22985155794719792,False,0.0,fixed_device,0,83.8352488853537,118.05332671712425,167.6704977707074,204.94395774055712,107.50854;83.835249;108.17078;117.03402;89.487233;118.05333;86.697402;85.209342;102.47198;92.587643;100.74184;98.930132;99.136065;93.433459;94.419352;116.50486;105.77879,198.80062;167.6705;194.33474;189.94553;178.97447;197.9976;173.3948;170.41868;204.94396;185.17529;198.89142;197.86026;196.57891;186.86692;188.8387;189.8481;183.62519,4.9457111;5.0272209;5.0049862;5.0861229;5.0349499;4.97517;4.9890876;5.0206058;4.8965438;5.0073491;4.9351045;5.0695225;5.0068295;5.0800369;4.971503;4.9932767;4.9559796,5.40386872671661e-06,4.128981590270996,2.7319779860590643e-07,42980.199123443395,1.0,0.2890822214564467,True,,,2,6498954804951805689,1cebbe2c85286d125a19176074641cec80e768fcc76265a176a2887e861b48e2:369,123,7432476568495131048,3eabdfa943524b1077c76342cd49dd883c1d02e6abf0a6e9273162f3d53c340b,0.7611730238970589
370,0,-2.8076559743152214,-3.0,edge,elliptical,2.158775506970972,1.3266024602855309,6.7469485069969295,1.9780545913957004,33.588620417680666,1,,,,False,0.2299459840460959,0.7497986344109173,False,0.10020426851281163,2.5824150055197697,0.6677299525298693,2.225996839196526,ballistic,32.45844976461805,,0.02442633002113526,75.75958042214683,1.6266829434366818,2.9725227867724953,3.9929871003693926,8.280359067841987,0.5419078579965615,0.4137797549814025,0.8753158428667314,0.6691008332643222,0.36209709323865835,1.0694290321045457,26.807780408171208,3.0827423977230413,0.06370251274004102,qp_ode,0.05,100.0,8.016072533322162e-10,100.00000000000001,188.48033507752348,1.7234430359919795,191.0,5.0,0.999,independent_lognormal,False,0.0,False,0.0,3.5469415105214903,0.3432634928166787,False,0.0,fixed_device,0,83.8352488853537,118.05332671712425,167.6704977707074,204.94395774055712,107.50854;83.835249;108.17078;117.03402;89.487233;118.05333;86.697402;85.209342;102.47198;92.587643;100.74184;98.930132;99.136065;93.433459;94.419352;116.50486;105.77879,198.80062;167.6705;194.33474;189.94553;178.97447;197.9976;173.3948;170.41868;204.94396;185.17529;198.89142;197.86026;196.57891;186.86692;188.8387;189.8481;183.62519,4.9457111;5.0272209;5.0049862;5.0861229;5.0349499;4.97517;4.9890876;5.0206058;4.8965438;5.0073491;4.9351045;5.0695225;5.0068295;5.0800369;4.971503;4.9932767;4.9559796,3.002748272251665e-08,75.62998962402344,1.5018025711910354e-09,42980.199123443395,1.0,0.1931109747101474,True,,,0,4177122936396279233,1cebbe2c85286d125a19176074641cec80e768fcc76265a176a2887e861b48e2:370,123,6969233593718282890,3eabdfa943524b1077c76342cd49dd883c1d02e6abf0a6e9273162f3d53c340b,0.0
371,0,-3.701857289469217,-2.022808603972252,outside,elliptical,1.7775186407172907,1.5795066331545984,8.469978408756246,1.914222109759877,74.43452561748529,1,,,,False,0.39680150920284624,0.23574270830347088,False,0.3624453779164287,3.3349999590523667,1.2473206214238033,2.0816638249164363,diffusive,,15.31633910190671,0.02992574392239548,41.200947867840554,1.2822066518686523,2.058162895502666,3.8002566455578344,8.43322027644188,0.48700519683678356,0.16601593224815153,0.9537752664459994,0.513026755708552,0.11819044615594415,0.855863697906876,20.275594942668427,2.819422956129722,0.04789253650543886,qp_ode,0.05,100.0,5.746694667963366e-10,100.00000000000001,188.48033507752348,0.8047779467365694,191.0,5.0,0.999,independent_lognormal,False,0.0,False,0.0,11.71520800384086,0.5693471350792072,False,0.0,fixed_device,0,83.8352488853537,118.05332671712425,167.6704977707074,204.94395774055712,107.50854;83.835249;108.17078;117.03402;89.487233;118.05333;86.697402;85.209342;102.47198;92.587643;100.74184;98.930132;99.136065;93.433459;94.419352;116.50486;105.77879,198.80062;167.6705;194.33474;189.94553;178.97447;197.9976;173.3948;170.41868;204.94396;185.17529;198.89142;197.86026;196.57891;186.86692;188.8387;189.8481;183.62519,4.9457111;5.0272209;5.0049862;5.0861229;5.0349499;4.97517;4.9890876;5.0206058;4.8965438;5.0073491;4.9351045;5.0695225;5.0068295;5.0800369;4.971503;4.9932767;4.9559796,9.739407502706854e-09,82.8028564453125,4.870082670471731e-10,42980.199123443395,1.0,0.17366827975789398,True,,,0,9172031653549593406,1cebbe2c85286d125a19176074641cec80e768fcc76265a176a2887e861b48e2:371,123,6211361261123152478,3eabdfa943524b1077c76342cd49dd883c1d02e6abf0a6e9273162f3d53c340b,0.0
372,0,1.3519909542161983,0.7287692144798577,inside,circular,2.383976793508044,1.4410425446356732,3.9735081847437375,1.0,146.62106960016524,1,,,,False,0.0672412371440444,0.14479223929722917,False,0.19564926721517195,3.9262651893657443,1.1858132091217084,1.3204716706698973,ballistic,23.292231909177733,,0.031995903691152454,76.4910108380169,1.5960513303061936,2.2671314597783843,4.28479319584067,7.212849443843798,0.45849856549451307,0.4278676450035015,0.8736916063005702,0.45270648229982524,0.19242808164239183,0.8823043053987671,29.94465183060898,2.8376231079512184,0.04663627706071862,qp_ode,0.05,100.0,2.360969673946481e-09,100.00000000000001,188.48033507752348,0.7838532931005278,191.0,5.0,0.999,independent_lognormal,False,0.0,False,0.0,27.83677700843349,0.42147645356235575,False,0.0,fixed_device,0,83.8352488853537,118.05332671712425,167.6704977707074,204.94395774055712,107.50854;83.835249;108.17078;117.03402;89.487233;118.05333;86.697402;85.209342;102.47198;92.587643;100.74184;98.930132;99.136065;93.433459;94.419352;116.50486;105.77879,198.80062;167.6705;194.33474;189.94553;178.97447;197.9976;173.3948;170.41868;204.94396;185.17529;198.89142;197.86026;196.57891;186.86692;188.8387;189.8481;183.62519,4.9457111;5.0272209;5.0049862;5.0861229;5.0349499;4.97517;4.9890876;5.0206058;4.8965438;5.0073491;4.9351045;5.0695225;5.0068295;5.0800369;4.971503;4.9932767;4.9559796,4.971055034275196e-08,76.98041534423828,2.4867343739742864e-09,42980.199123443395,1.0,0.17490486108020437,True,,,1,13469732042203092540,1cebbe2c85286d125a19176074641cec80e768fcc76265a176a2887e861b48e2:372,123,3377134478685547742,3eabdfa943524b1077c76342cd49dd883c1d02e6abf0a6e9273162f3d53c340b,0.0
373,0,-1.4961825616945168,-3.0,edge,circular,1.9874173777498914,1.0605151050612684,7.822746671915739,1.0,12.772739901302606,1,,,,False,0.09292727602832815,0.22058024015898625,False,0.12008961893171813,1.7932003449362015,1.1888812564493618,1.4529745606092392,diffusive,,14.603501216356461,0.08754622149421007,13.94172357652188,1.4970443207395085,2.7893482671361154,4.347501754047357,6.903798715422327,0.16154960693322323,0.24020283832408273,0.9369644412934058,0.4334314025923721,0.4800703257494563,0.671065193257112,20.791486996756873,3.1877630917716817,0.07009817996213602,qp_ode,0.05,100.0,1.4677074651564885e-08,100.00000000000001,188.48033507752348,1.992984634402345,191.0,5.0,0.999,independent_lognormal,False,0.0,False,0.0,5.85881867332868,0.5285744601766735,False,0.0,fixed_device,0,83.8352488853537,118.05332671712425,167.6704977707074,204.94395774055712,107.50854;83.835249;108.17078;117.03402;89.487233;118.05333;86.697402;85.209342;102.47198;92.587643;100.74184;98.930132;99.136065;93.433459;94.419352;116.50486;105.77879,198.80062;167.6705;194.33474;189.94553;178.97447;197.9976;173.3948;170.41868;204.94396;185.17529;198.89142;197.86026;196.57891;186.86692;188.8387;189.8481;183.62519,4.9457111;5.0272209;5.0049862;5.0861229;5.0349499;4.97517;4.9890876;5.0206058;4.8965438;5.0073491;4.9351045;5.0695225;5.0068295;5.0800369;4.971503;4.9932767;4.9559796,2.2731738624770514e-07,46.02994918823242,1.1375600017515808e-08,42980.199123443395,1.0,0.20076534893162937,True,,,2,5442284591422062177,1cebbe2c85286d125a19176074641cec80e768fcc76265a176a2887e861b48e2:373,123,6710033141317634467,3eabdfa943524b1077c76342cd49dd883c1d02e6abf0a6e9273162f3d53c340b,0.0
374,0,-3.0,-1.6871211509997044,edge,elliptical,2.315788080677134,1.670465097650688,5.687933517400662,1.8209972939933856,45.06015177889337,1,,,,False,0.3037682287924149,0.4023237216430384,False,0.171892237936686,1.7318294363850488,1.278985023846404,1.4404927158079388,diffusive,,13.028819878597503,0.03240866395102752,75.83472030920609,1.908628079065383,3.107990132198722,3.6717541580129343,9.22475824985695,0.48176805789887844,0.21473658409809052,0.8480295212752147,0.40396293722456833,0.12659971542933054,0.9948742952218099,29.633710532985624,3.0914076323531363,0.07092577743623438,qp_ode,0.05,100.0,1.1166124864103967e-08,100.00000000000001,188.48033507752348,1.9838734370761069,191.0,5.0,0.999,independent_lognormal,False,0.0,False,0.0,15.663639396403646,0.3643374878292723,False,0.0,fixed_device,0,83.8352488853537,118.05332671712425,167.6704977707074,204.94395774055712,107.50854;83.835249;108.17078;117.03402;89.487233;118.05333;86.697402;85.209342;102.47198;92.587643;100.74184;98.930132;99.136065;93.433459;94.419352;116.50486;105.77879,198.80062;167.6705;194.33474;189.94553;178.97447;197.9976;173.3948;170.41868;204.94396;185.17529;198.89142;197.86026;196.57891;186.86692;188.8387;189.8481;183.62519,4.9457111;5.0272209;5.0049862;5.0861229;5.0349499;4.97517;4.9890876;5.0206058;4.8965438;5.0073491;4.9351045;5.0695225;5.0068295;5.0800369;4.971503;4.9932767;4.9559796,1.5383459128770482e-07,59.49673080444336,7.699421544771212e-09,42980.199123443395,1.0,0.1955096977796903,True,,,2,2421254928843532536,1cebbe2c85286d125a19176074641cec80e768fcc76265a176a2887e861b48e2:374,123,8225323895703853990,3eabdfa943524b1077c76342cd49dd883c1d02e6abf0a6e9273162f3d53c340b,0.0
375,0,-3.0,0.8087249257266889,edge,elliptical,2.4203406632176123,1.108097416857439,2.182211156627006,1.4279983328244181,66.18834281627538,1,,,,False,0.1406051470292976,0.2367706576308154,False,0.35291614438551533,3.4646726556461602,1.0886308985563846,2.0502534407626083,diffusive,,11.35944175095511,0.07491640169004368,72.80074219433233,1.123939532451518,3.448781659371736,6.264328985199657,7.47956902591856,0.17240193237572587,0.41279480974626614,0.9462060402042703,0.23592397793407516,0.4928534206325672,0.7852006060673232,25.893112889452688,2.8028143382264195,0.05811462217140311,qp_ode,0.05,100.0,8.517495458828156e-09,100.00000000000001,188.48033507752348,1.8815309619612814,191.0,5.0,0.999,independent_lognormal,False,0.0,False,0.0,13.709657233475642,0.12687306490867978,False,0.0,fixed_device,0,83.8352488853537,118.05332671712425,167.6704977707074,204.94395774055712,107.50854;83.835249;108.17078;117.03402;89.487233;118.05333;86.697402;85.209342;102.47198;92.587643;100.74184;98.930132;99.136065;93.433459;94.419352;116.50486;105.77879,198.80062;167.6705;194.33474;189.94553;178.97447;197.9976;173.3948;170.41868;204.94396;185.17529;198.89142;197.86026;196.57891;186.86692;188.8387;189.8481;183.62519,4.9457111;5.0272209;5.0049862;5.0861229;5.0349499;4.97517;4.9890876;5.0206058;4.8965438;5.0073491;4.9351045;5.0695225;5.0068295;5.0800369;4.971503;4.9932767;4.9559796,1.7102451010941877e-07,58.04078674316406,8.58365112321735e-09,42980.199123443395,1.0,0.17604128232946148,True,,,1,12371973843461588098,1cebbe2c85286d125a19176074641cec80e768fcc76265a176a2887e861b48e2:375,123,8907800937797532229,3eabdfa943524b1077c76342cd49dd883c1d02e6abf0a6e9273162f3d53c340b,0.0
376,0,3.0,-1.2850322860639993,edge,circular,2.2579404905994753,1.4969894585866652,8.318737327157315,1.0,48.776168651053396,1,,,,False,0.1467672385482171,0.1969615077407294,False,0.38396248424487234,2.8179843578799195,1.2726977661091838,1.0450195193136451,diffusive,,18.875233549041205,0.04123952712307523,56.28421160734773,1.1578265735065147,3.1988568267867237,6.434086005305363,6.300794252092989,0.34146299785139067,0.1729459765972921,0.9516966211578819,0.17663019150871317,0.404266435019606,0.6763460855456609,33.69386672802741,3.0441506400917464,0.03956024838732484,qp_ode,0.05,100.0,1.6095881997727662e-10,100.00000000000001,188.48033507752348,0.5016902734265825,191.0,5.0,0.999,independent_lognormal,False,0.0,False,0.0,35.31602762838538,0.39727485848863053,False,0.0,fixed_device,0,83.8352488853537,118.05332671712425,167.6704977707074,204.94395774055712,107.50854;83.835249;108.17078;117.03402;89.487233;118.05333;86.697402;85.209342;102.47198;92.587643;100.74184;98.930132;99.136065;93.433459;94.419352;116.50486;105.77879,198.80062;167.6705;194.33474;189.94553;178.97447;197.9976;173.3948;170.41868;204.94396;185.17529;198.89142;197.86026;196.57891;186.86692;188.8387;189.8481;183.62519,4.9457111;5.0272209;5.0049862;5.0861229;5.0349499;4.97517;4.9890876;5.0206058;4.8965438;5.0073491;4.9351045;5.0695225;5.0068295;5.0800369;4.971503;4.9932767;4.9559796,4.2074157491356345e-09,83.33666229248047,2.1049161025299412e-10,42980.199123443395,1.0,0.18615544942472853,True,,,0,2281617118305589491,1cebbe2c85286d125a19176074641cec80e768fcc76265a176a2887e861b48e2:376,123,5680391082839127713,3eabdfa943524b1077c76342cd49dd883c1d02e6abf0a6e9273162f3d53c340b,0.0
377,0,0.5615669795640867,-3.852887240525979,outside,circular,2.1877918953594055,1.240032435691081,6.248807542171297,1.0,119.32211938826252,1,,,,False,0.1665517540310521,0.3325450707743447,False,0.35654012248010014,1.807789441210031,0.7760390230856836,1.3742385312489867,ballistic,21.701120391860627,,0.02216422413966595,29.578221741260844,1.930902172092051,2.9970785144559127,4.7047166163196215,9.578415905286787,0.39736351500599176,0.10205375697189384,0.9763625738590789,0.7929824149906088,0.15305889516387644,0.5667310396157416,32.953800356720066,3.3595543687714082,0.045133112522534255,qp_ode,0.05,100.0,3.053888618901315e-10,100.00000000000001,188.48033507752348,1.6911814769379987,191.0,5.0,0.999,independent_lognormal,False,0.0,False,0.0,22.92748187907908,0.4879413719595559,False,0.0,fixed_device,0,83.8352488853537,118.05332671712425,167.6704977707074,204.94395774055712,107.50854;83.835249;108.17078;117.03402;89.487233;118.05333;86.697402;85.209342;102.47198;92.587643;100.74184;98.930132;99.136065;93.433459;94.419352;116.50486;105.77879,198.80062;167.6705;194.33474;189.94553;178.97447;197.9976;173.3948;170.41868;204.94396;185.17529;198.89142;197.86026;196.57891;186.86692;188.8387;189.8481;183.62519,4.9457111;5.0272209;5.0049862;5.0861229;5.0349499;4.97517;4.9890876;5.0206058;4.8965438;5.0073491;4.9351045;5.0695225;5.0068295;5.0800369;4.971503;4.9932767;4.9559796,4.870743364193686e-09,82.494384765625,2.43549957978928e-10,42980.199123443395,1.0,0.20654266501897797,True,,,0,10967028281917391947,1cebbe2c85286d125a19176074641cec80e768fcc76265a176a2887e861b48e2:377,123,3133285628951437937,3eabdfa943524b1077c76342cd49dd883c1d02e6abf0a6e9273162f3d53c340b,0.0
378,0,-3.0,2.9293027691295297,edge,circular,1.8393424016907476,0.9220779364702538,7.174084751065991,1.0,103.05108534751886,1,,,,False,0.10143735853436772,0.7538609938089803,False,0.34065007334743547,1.8270293705321217,0.826222912130049,1.4346681275804225,diffusive,,5.326469790223799,0.11120536757514597,14.466108382880574,0.7149818777916774,2.525311432049377,3.5396835311985906,6.071855611939945,0.3653968937786144,0.31558942887612473,0.9590160679085391,0.7149150250772108,0.2736334817744859,1.1005824902856545,27.70046462004627,3.338356098455254,0.05892031419317391,qp_ode,0.05,100.0,1.6894525029901468e-09,100.00000000000001,188.48033507752348,1.1824172511249127,191.0,5.0,0.999,independent_lognormal,False,0.0,False,0.0,56.091077784419326,0.45382145447054745,False,0.0,fixed_device,0,83.8352488853537,118.05332671712425,167.6704977707074,204.94395774055712,107.50854;83.835249;108.17078;117.03402;89.487233;118.05333;86.697402;85.209342;102.47198;92.587643;100.74184;98.930132;99.136065;93.433459;94.419352;116.50486;105.77879,198.80062;167.6705;194.33474;189.94553;178.97447;197.9976;173.3948;170.41868;204.94396;185.17529;198.89142;197.86026;196.57891;186.86692;188.8387;189.8481;183.62519,4.9457111;5.0272209;5.0049862;5.0861229;5.0349499;4.97517;4.9890876;5.0206058;4.8965438;5.0073491;4.9351045;5.0695225;5.0068295;5.0800369;4.971503;4.9932767;4.9559796,2.2770752394762894e-08,83.83525085449219,1.138668825895195e-09,42980.199123443395,1.0,0.2079465608101903,True,,,1,7497394795272546002,1cebbe2c85286d125a19176074641cec80e768fcc76265a176a2887e861b48e2:378,123,2695662649476557638,3eabdfa943524b1077c76342cd49dd883c1d02e6abf0a6e9273162f3d53c340b,0.0
379,0,3.0,-0.9029071821833319,edge,elliptical,1.9795342645987284,1.4433134149821731,5.081895222783723,2.3856210077713746,114.61095735318125,1,,,,False,0.14966395446784345,0.46461964500006403,False,0.16683552426242912,2.1228741172361985,1.153275659971325,1.1468590650170842,ballistic,13.605376650098052,,0.06290464367138832,20.284199764330594,0.9508939629101474,2.5180634939549034,5.424365041824035,8.455259948895204,0.49791852263879843,0.29066225587388783,0.8832937113414527,0.5607305532326118,0.14103713246578123,0.765299342864304,27.31177707583296,3.0510311510430297,0.029708374201581195,qp_ode,0.05,100.0,1.2874340380191692e-09,100.00000000000001,188.48033507752348,0.7782143752646369,191.0,5.0,0.999,independent_lognormal,False,0.0,False,0.0,10.843955645150155,0.6237551247967247,False,0.0,fixed_device,0,83.8352488853537,118.05332671712425,167.6704977707074,204.94395774055712,107.50854;83.835249;108.17078;117.03402;89.487233;118.05333;86.697402;85.209342;102.47198;92.587643;100.74184;98.930132;99.136065;93.433459;94.419352;116.50486;105.77879,198.80062;167.6705;194.33474;189.94553;178.97447;197.9976;173.3948;170.41868;204.94396;185.17529;198.89142;197.86026;196.57891;186.86692;188.8387;189.8481;183.62519,4.9457111;5.0272209;5.0049862;5.0861229;5.0349499;4.97517;4.9890876;5.0206058;4.8965438;5.0073491;4.9351045;5.0695225;5.0068295;5.0800369;4.971503;4.9932767;4.9559796,4.734681624540826e-08,77.89937591552734,2.368667928465129e-09,42980.199123443395,1.0,0.18449611839064273,True,,,1,18087365501984227273,1cebbe2c85286d125a19176074641cec80e768fcc76265a176a2887e861b48e2:379,123,6008751404234170990,3eabdfa943524b1077c76342cd49dd883c1d02e6abf0a6e9273162f3d53c340b,0.0
380,0,0.504703867882613,-2.9387241784420084,inside,circular,2.3677533527421417,1.2424816207552523,4.028672155176776,1.0,101.2875888331333,1,,,,False,0.11795919584394589,0.6413046735521738,False,0.12372136808545899,3.313757047831395,0.6955099556291152,2.441311694723581,diffusive,,15.534061730404343,0.06365737254417787,37.56546935648924,1.1729514016527776,2.5665695520693554,4.939496332194262,8.108183628534993,0.5609841923308508,0.20343144244760653,0.9915625811200421,0.7867505283451761,0.34778945362201796,0.7192626203388431,20.371674505590605,2.955379203401081,0.0797980250701521,qp_ode,0.05,100.0,9.508967626699977e-08,100.00000000000001,188.48033507752348,0.7094362678262409,191.0,5.0,0.999,independent_lognormal,False,0.0,False,0.0,8.969547912652184,0.3316356315988501,False,0.0,fixed_device,0,83.8352488853537,118.05332671712425,167.6704977707074,204.94395774055712,107.50854;83.835249;108.17078;117.03402;89.487233;118.05333;86.697402;85.209342;102.47198;92.587643;100.74184;98.930132;99.136065;93.433459;94.419352;116.50486;105.77879,198.80062;167.6705;194.33474;189.94553;178.97447;197.9976;173.3948;170.41868;204.94396;185.17529;198.89142;197.86026;196.57891;186.86692;188.8387;189.8481;183.62519,4.9457111;5.0272209;5.0049862;5.0861229;5.0349499;4.97517;4.9890876;5.0206058;4.8965438;5.0073491;4.9351045;5.0695225;5.0068295;5.0800369;4.971503;4.9932767;4.9559796,2.4668186142662307e-06,8.476032257080078,1.2409654459588637e-07,42980.199123443395,1.0,0.1972627906313594,True,,,2,5346321362047422990,1cebbe2c85286d125a19176074641cec80e768fcc76265a176a2887e861b48e2:380,123,280222577832646779,3eabdfa943524b1077c76342cd49dd883c1d02e6abf0a6e9273162f3d53c340b,0.39200367647058826
381,0,-2.0247810564863844,3.415471105374242,outside,elliptical,1.7920956474022631,0.8079929741968732,6.81604445717683,1.1521775599318358,52.067346517490535,1,,,,False,0.07549928285236476,0.7804050222737863,False,0.38648411773763236,3.839311971306607,1.2746431509528606,1.5877864577405953,ballistic,32.14728738817099,,0.05141812484201504,28.46120237909804,1.2684844856338908,2.726995091634251,5.804959179617128,9.318348260425346,0.5477172261598648,0.4245259916845229,0.8680019556957783,0.025457516744590694,0.12471011375767449,0.7523297200432237,25.678063754968683,2.8914817563207933,0.012727910250370353,qp_ode,0.05,100.0,1.8091425169867594e-09,100.00000000000001,188.48033507752348,1.827887556488755,191.0,5.0,0.999,independent_lognormal,False,0.0,False,0.0,6.437228282857343,0.4807858216818105,False,0.0,fixed_device,0,83.8352488853537,118.05332671712425,167.6704977707074,204.94395774055712,107.50854;83.835249;108.17078;117.03402;89.487233;118.05333;86.697402;85.209342;102.47198;92.587643;100.74184;98.930132;99.136065;93.433459;94.419352;116.50486;105.77879,198.80062;167.6705;194.33474;189.94553;178.97447;197.9976;173.3948;170.41868;204.94396;185.17529;198.89142;197.86026;196.57891;186.86692;188.8387;189.8481;183.62519,4.9457111;5.0272209;5.0049862;5.0861229;5.0349499;4.97517;4.9890876;5.0206058;4.8965438;5.0073491;4.9351045;5.0695225;5.0068295;5.0800369;4.971503;4.9932767;4.9559796,2.420245692746903e-08,81.2635726928711,1.2102827628979185e-09,42980.199123443395,1.0,0.1723327785852116,True,,,1,3510734546226783483,1cebbe2c85286d125a19176074641cec80e768fcc76265a176a2887e861b48e2:381,123,1901985281259105754,3eabdfa943524b1077c76342cd49dd883c1d02e6abf0a6e9273162f3d53c340b,0.0
382,0,3.4091431626783146,-1.9191827590370405,outside,circular,2.28488116279926,1.3455203133283902,3.363020872012493,1.0,145.36648213687394,1,,,,False,0.3157456478295126,0.5883846536531676,False,0.10092139101455755,2.5480656922571248,0.8660960850999643,2.909810584461747,diffusive,,12.594170950493499,0.026738952111428887,18.609311451048303,1.4756531350143924,2.665310676982002,4.74312481761606,9.15672923201761,0.23713699610908562,0.41621893900826445,0.9988677390194418,0.511721622788762,0.41134925366205843,0.6085070728414425,31.60458885393777,3.101141790235997,0.0037923943552950856,qp_ode,0.05,100.0,5.018081503811295e-10,100.00000000000001,188.48033507752348,1.136871373906205,191.0,5.0,0.999,independent_lognormal,False,0.0,False,0.0,10.167502502834045,0.4130090165639279,False,0.0,fixed_device,0,83.8352488853537,118.05332671712425,167.6704977707074,204.94395774055712,107.50854;83.835249;108.17078;117.03402;89.487233;118.05333;86.697402;85.209342;102.47198;92.587643;100.74184;98.930132;99.136065;93.433459;94.419352;116.50486;105.77879,198.80062;167.6705;194.33474;189.94553;178.97447;197.9976;173.3948;170.41868;204.94396;185.17529;198.89142;197.86026;196.57891;186.86692;188.8387;189.8481;183.62519,4.9457111;5.0272209;5.0049862;5.0861229;5.0349499;4.97517;4.9890876;5.0206058;4.8965438;5.0073491;4.9351045;5.0695225;5.0068295;5.0800369;4.971503;4.9932767;4.9559796,1.1028332913554095e-08,82.91211700439453,5.532466706981154e-10,42980.199123443395,1.0,0.18312684968903215,True,,,0,14839897231986160820,1cebbe2c85286d125a19176074641cec80e768fcc76265a176a2887e861b48e2:382,123,5310628508517000534,3eabdfa943524b1077c76342cd49dd883c1d02e6abf0a6e9273162f3d53c340b,0.0
383,0,-3.0,-0.4957047936141077,edge,circular,1.7069689730498554,0.8432624526996415,8.461482030432478,1.0,101.55178375588902,1,,,,False,0.17866631998250337,0.8354994801524445,False,0.27566151515857484,3.2314213000080283,0.9205693794421954,1.281979300786113,ballistic,32.81289114899004,,0.09398158943310352,3.668904587130104,1.9509966850553018,2.185071676297471,4.080076808617519,9.160309863418979,0.17891893562998837,0.2893341828945971,0.9893569042212291,0.4562563686018334,0.27795220174376895,1.0430274059834121,31.289960063423024,2.9744379760857913,0.04460305531745405,qp_ode,0.05,100.0,1.6496617229165128e-09,100.00000000000001,188.48033507752348,1.2795598252111635,191.0,5.0,0.999,independent_lognormal,False,0.0,False,0.0,26.511771750503254,0.5451854367404978,False,0.0,fixed_device,0,83.8352488853537,118.05332671712425,167.6704977707074,204.94395774055712,107.50854;83.835249;108.17078;117.03402;89.487233;118.05333;86.697402;85.209342;102.47198;92.587643;100.74184;98.930132;99.136065;93.433459;94.419352;116.50486;105.77879,198.80062;167.6705;194.33474;189.94553;178.97447;197.9976;173.3948;170.41868;204.94396;185.17529;198.89142;197.86026;196.57891;186.86692;188.8387;189.8481;183.62519,4.9457111;5.0272209;5.0049862;5.0861229;5.0349499;4.97517;4.9890876;5.0206058;4.8965438;5.0073491;4.9351045;5.0695225;5.0068295;5.0800369;4.971503;4.9932767;4.9559796,1.9955502139623604e-08,79.02227783203125,9.97878113473405e-10,42980.199123443395,1.0,0.18273053847585513,True,,,1,2955083142098205090,1cebbe2c85286d125a19176074641cec80e768fcc76265a176a2887e861b48e2:383,123,9169602032302523259,3eabdfa943524b1077c76342cd49dd883c1d02e6abf0a6e9273162f3d53c340b,0.0
384,0,-2.53274873772032,-3.961487298732669,outside,elliptical,2.280382487583456,1.2797444146061892,8.658197767628533,1.046450146961026,156.98594614143695,1,,,,False,0.21125021841416147,0.5677454382629304,False,0.30654186011832996,3.5001035947462684,0.7962646855156748,1.3558808772141204,ballistic,28.512926509540428,,0.025165743223498654,7.634722870777537,1.7205729878364093,2.0575119651313125,4.905526460944834,6.923778469683673,0.32586739074961396,0.25985585002750033,0.9969609930365743,0.18901691278980312,0.33655804381385407,0.985999523862767,33.918261953672115,3.151527262117955,0.0021593600972386897,qp_ode,0.05,100.0,4.899175309399719e-08,100.00000000000001,188.48033507752348,1.479006485012187,191.0,5.0,0.999,independent_lognormal,False,0.0,False,0.0,38.06305994199868,0.4434784315343741,False,0.0,fixed_device,0,83.8352488853537,118.05332671712425,167.6704977707074,204.94395774055712,107.50854;83.835249;108.17078;117.03402;89.487233;118.05333;86.697402;85.209342;102.47198;92.587643;100.74184;98.930132;99.136065;93.433459;94.419352;116.50486;105.77879,198.80062;167.6705;194.33474;189.94553;178.97447;197.9976;173.3948;170.41868;204.94396;185.17529;198.89142;197.86026;196.57891;186.86692;188.8387;189.8481;183.62519,4.9457111;5.0272209;5.0049862;5.0861229;5.0349499;4.97517;4.9890876;5.0206058;4.8965438;5.0073491;4.9351045;5.0695225;5.0068295;5.0800369;4.971503;4.9932767;4.9559796,9.698142093839124e-07,19.627567291259766,4.85914455339298e-08,42980.199123443395,1.0,0.2031914661195644,True,,,2,13388695397959846002,1cebbe2c85286d125a19176074641cec80e768fcc76265a176a2887e861b48e2:384,123,4765256815566288339,3eabdfa943524b1077c76342cd49dd883c1d02e6abf0a6e9273162f3d53c340b,0.14774816176470587
385,0,-0.2381465498146591,-3.51093483466318,outside,circular,1.836108099126988,1.2064472143104021,3.821762143794138,1.0,87.04574567467228,1,,,,False,0.20388542607169946,0.4344435677767664,False,0.3264393056603747,1.5074147808268907,1.041717513123157,1.400570430960879,diffusive,,13.985838620927396,0.08954427026516285,71.12675960574204,1.9397982570874146,2.797694355029307,3.929817851709041,6.776755351452451,0.5751371112264657,0.2928900734238572,0.8432270261546003,0.001030087677984426,0.3077352910165172,0.6783778556646769,34.45849596501645,3.3004625147177045,0.007459576288981262,qp_ode,0.05,100.0,1.7408901439977724e-09,100.00000000000001,188.48033507752348,1.4797706156204498,191.0,5.0,0.999,independent_lognormal,False,0.0,False,0.0,19.796996130662247,0.5755988063475944,False,0.0,fixed_device,0,83.8352488853537,118.05332671712425,167.6704977707074,204.94395774055712,107.50854;83.835249;108.17078;117.03402;89.487233;118.05333;86.697402;85.209342;102.47198;92.587643;100.74184;98.930132;99.136065;93.433459;94.419352;116.50486;105.77879,198.80062;167.6705;194.33474;189.94553;178.97447;197.9976;173.3948;170.41868;204.94396;185.17529;198.89142;197.86026;196.57891;186.86692;188.8387;189.8481;183.62519,4.9457111;5.0272209;5.0049862;5.0861229;5.0349499;4.97517;4.9890876;5.0206058;4.8965438;5.0073491;4.9351045;5.0695225;5.0068295;5.0800369;4.971503;4.9932767;4.9559796,2.7282860415311916e-08,79.389892578125,1.3643997043288891e-09,42980.199123443395,1.0,0.19556575039136997,True,,,1,5653031975042786548,1cebbe2c85286d125a19176074641cec80e768fcc76265a176a2887e861b48e2:385,123,8263075122122917487,3eabdfa943524b1077c76342cd49dd883c1d02e6abf0a6e9273162f3d53c340b,0.0
386,0,2.8347382654583306,-3.920214324697321,outside,elliptical,1.7656612954714095,1.2961531435163531,6.4850118509380374,2.231376087954211,81.39468177555469,1,,,,False,0.3998239485960342,0.9780095409569055,False,0.3565244764964711,2.2269002176343538,1.1023993577435058,1.126131703125344,ballistic,29.00266083975956,,0.02626275622239325,42.82903370039222,0.8498234174456819,3.0689115436927077,3.9531827807429694,7.425216911393121,0.40278498052253875,0.2765516156471615,0.9618264164659882,0.6062464482560537,0.16949094672121007,0.8168589658271657,27.31899225534713,3.29626698942441,0.0687971723442493,qp_ode,0.05,100.0,2.871599119106839e-10,100.00000000000001,188.48033507752348,1.0163390165205723,191.0,5.0,0.999,independent_lognormal,False,0.0,False,0.0,19.209487192203714,0.4073854861102812,False,0.0,fixed_device,0,83.8352488853537,118.05332671712425,167.6704977707074,204.94395774055712,107.50854;83.835249;108.17078;117.03402;89.487233;118.05333;86.697402;85.209342;102.47198;92.587643;100.74184;98.930132;99.136065;93.433459;94.419352;116.50486;105.77879,198.80062;167.6705;194.33474;189.94553;178.97447;197.9976;173.3948;170.41868;204.94396;185.17529;198.89142;197.86026;196.57891;186.86692;188.8387;189.8481;183.62519,4.9457111;5.0272209;5.0049862;5.0861229;5.0349499;4.97517;4.9890876;5.0206058;4.8965438;5.0073491;4.9351045;5.0695225;5.0068295;5.0800369;4.971503;4.9932767;4.9559796,5.395921043316321e-09,83.67545318603516,2.6994725899065486e-10,42980.199123443395,1.0,0.20724694408904565,True,,,0,366819190622649919,1cebbe2c85286d125a19176074641cec80e768fcc76265a176a2887e861b48e2:386,123,4748321198879419096,3eabdfa943524b1077c76342cd49dd883c1d02e6abf0a6e9273162f3d53c340b,0.0
387,0,2.124071442143693,3.7688728858049316,outside,circular,2.1302390581465267,1.2880161009637168,3.2808476565626723,1.0,164.09993178329768,1,,,,False,0.08249447417937443,0.03476784718280601,False,0.20248887985916533,3.2528405932273534,1.244707407852299,1.3621145894771258,ballistic,27.162320262897396,,0.030090208137689638,19.77354694778076,0.7537342380547,3.7528374966578912,4.574928225899888,7.399956969776888,0.3931145327457138,0.42724914940728775,0.9684357195850286,0.3695741900610827,0.32266001721378096,1.1783017372341202,28.545934242965693,3.106020255907757,0.02846589428017505,qp_ode,0.05,100.0,3.5481382510543724e-09,100.00000000000001,188.48033507752348,1.2636441478284337,191.0,5.0,0.999,independent_lognormal,False,0.0,False,0.0,43.52231397006089,0.17148102451710034,False,0.0,fixed_device,0,83.8352488853537,118.05332671712425,167.6704977707074,204.94395774055712,107.50854;83.835249;108.17078;117.03402;89.487233;118.05333;86.697402;85.209342;102.47198;92.587643;100.74184;98.930132;99.136065;93.433459;94.419352;116.50486;105.77879,198.80062;167.6705;194.33474;189.94553;178.97447;197.9976;173.3948;170.41868;204.94396;185.17529;198.89142;197.86026;196.57891;186.86692;188.8387;189.8481;183.62519,4.9457111;5.0272209;5.0049862;5.0861229;5.0349499;4.97517;4.9890876;5.0206058;4.8965438;5.0073491;4.9351045;5.0695225;5.0068295;5.0800369;4.971503;4.9932767;4.9559796,9.816573509624504e-08,73.23693084716797,4.9119286416043906e-09,42980.199123443395,1.0,0.18881433459376135,True,,,1,11808045904151336462,1cebbe2c85286d125a19176074641cec80e768fcc76265a176a2887e861b48e2:387,123,465094898650526081,3eabdfa943524b1077c76342cd49dd883c1d02e6abf0a6e9273162f3d53c340b,0.0
388,0,-0.6261223953845523,0.146117248008943,inside,elliptical,2.323770892469538,1.243292268949086,4.307512987023505,2.2392583838060287,79.94166361961231,1,,,,False,0.07786345220496492,0.5213183217147479,False,0.23942447036218906,2.534323732493174,1.1309588458716717,2.8930222557385457,diffusive,,6.8284077490188695,0.05144069066104416,65.46600701990337,1.6533522871311077,3.205321542311518,4.709178539035808,6.1967833186070305,0.2432613285125207,0.4471868151392334,0.9588901086046737,0.5400713140579513,0.13130880148502952,1.0612236401150734,20.348810184342383,2.910577406625433,0.050853225583713864,qp_ode,0.05,100.0,9.82212976566279e-09,100.00000000000001,188.48033507752348,0.8597260966038389,191.0,5.0,0.999,independent_lognormal,False,0.0,False,0.0,21.413737929166892,0.1269197770058827,False,0.0,fixed_device,0,83.8352488853537,118.05332671712425,167.6704977707074,204.94395774055712,107.50854;83.835249;108.17078;117.03402;89.487233;118.05333;86.697402;85.209342;102.47198;92.587643;100.74184;98.930132;99.136065;93.433459;94.419352;116.50486;105.77879,198.80062;167.6705;194.33474;189.94553;178.97447;197.9976;173.3948;170.41868;204.94396;185.17529;198.89142;197.86026;196.57891;186.86692;188.8387;189.8481;183.62519,4.9457111;5.0272209;5.0049862;5.0861229;5.0349499;4.97517;4.9890876;5.0206058;4.8965438;5.0073491;4.9351045;5.0695225;5.0068295;5.0800369;4.971503;4.9932767;4.9559796,2.2327635917918087e-07,51.93894577026367,1.1174798864033164e-08,42980.199123443395,1.0,0.18105182316747345,True,,,1,7341215730412433837,1cebbe2c85286d125a19176074641cec80e768fcc76265a176a2887e861b48e2:388,123,1914399339687550253,3eabdfa943524b1077c76342cd49dd883c1d02e6abf0a6e9273162f3d53c340b,0.0
389,0,2.615312517610346,-0.643825706634118,inside,elliptical,2.4016941855473326,1.281761274410901,9.198621556622298,2.354606733099296,95.85562980663565,1,,,,False,0.05526893110256645,0.9811749670583363,False,0.2848106103502627,3.20911158401087,0.5957490939029472,1.1185294198771085,ballistic,26.681552121472222,,0.07864307229674156,71.33547733298526,1.4644634079507246,3.5324208603703893,4.261939580972852,8.193923859821004,0.3262688112780826,0.17670144851946887,0.9481738604626431,0.7952259298400817,0.24246614214272444,1.0769761894779701,34.825229604808996,3.0024323484383544,0.029957427935885975,qp_ode,0.05,100.0,7.211424517795199e-09,100.00000000000001,188.48033507752348,0.3426732218991445,191.0,5.0,0.999,independent_lognormal,False,0.0,False,0.0,10.757795085908112,0.17394260990552535,False,0.0,fixed_device,0,83.8352488853537,118.05332671712425,167.6704977707074,204.94395774055712,107.50854;83.835249;108.17078;117.03402;89.487233;118.05333;86.697402;85.209342;102.47198;92.587643;100.74184;98.930132;99.136065;93.433459;94.419352;116.50486;105.77879,198.80062;167.6705;194.33474;189.94553;178.97447;197.9976;173.3948;170.41868;204.94396;185.17529;198.89142;197.86026;196.57891;186.86692;188.8387;189.8481;183.62519,4.9457111;5.0272209;5.0049862;5.0861229;5.0349499;4.97517;4.9890876;5.0206058;4.8965438;5.0073491;4.9351045;5.0695225;5.0068295;5.0800369;4.971503;4.9932767;4.9559796,1.6870677654878818e-07,55.380043029785156,8.439372756186003e-09,42980.199123443395,1.0,0.1825321155659336,True,,,1,11653979143061865110,1cebbe2c85286d125a19176074641cec80e768fcc76265a176a2887e861b48e2:389,123,7573531550553240884,3eabdfa943524b1077c76342cd49dd883c1d02e6abf0a6e9273162f3d53c340b,0.0
390,0,-2.966816104068563,2.8632166449885794,inside,circular,1.7529622869692258,1.4619733653346474,8.828032359496008,1.0,102.20454584750178,1,,,,False,0.06621733348937711,0.06219241498484607,False,0.2990393351507575,1.852372393268763,0.9946430892943654,2.6626422438858954,ballistic,12.373704215018655,,0.06672918462080336,74.81530572666061,1.6119636681027467,3.0798258674096743,3.923968596656022,9.065053474644408,0.16821001466811025,0.33029329753534215,0.8278464636525994,0.32682909152017037,0.30716900586698664,0.5024184849614214,27.605906565402194,3.062957886876001,0.02165156942657343,qp_ode,0.05,100.0,5.00336729871935e-08,100.00000000000001,188.48033507752348,0.486899293524426,191.0,5.0,0.999,independent_lognormal,False,0.0,False,0.0,5.575199122726883,0.19955218933085628,False,0.0,fixed_device,0,83.8352488853537,118.05332671712425,167.6704977707074,204.94395774055712,107.50854;83.835249;108.17078;117.03402;89.487233;118.05333;86.697402;85.209342;102.47198;92.587643;100.74184;98.930132;99.136065;93.433459;94.419352;116.50486;105.77879,198.80062;167.6705;194.33474;189.94553;178.97447;197.9976;173.3948;170.41868;204.94396;185.17529;198.89142;197.86026;196.57891;186.86692;188.8387;189.8481;183.62519,4.9457111;5.0272209;5.0049862;5.0861229;5.0349499;4.97517;4.9890876;5.0206058;4.8965438;5.0073491;4.9351045;5.0695225;5.0068295;5.0800369;4.971503;4.9932767;4.9559796,6.547038537974004e-07,26.01270294189453,3.294618622362577e-08,42980.199123443395,1.0,0.18729515563018317,True,,,2,7569687950093971380,1cebbe2c85286d125a19176074641cec80e768fcc76265a176a2887e861b48e2:390,123,7617852295010881415,3eabdfa943524b1077c76342cd49dd883c1d02e6abf0a6e9273162f3d53c340b,0.03305951286764706
391,0,-3.5317517811860624,2.8362127833282695,outside,elliptical,2.1644669389866014,1.4277446868221109,4.606013748581722,1.742064445358616,160.11213608741653,1,,,,False,0.0626681539429271,0.8542572670540172,False,0.3548294370079754,1.7645319475512264,0.5953824111456919,1.8639217493319895,diffusive,,7.845666593475001,0.07960089049824237,49.323262746342074,1.6570411283159232,2.338856859256956,4.180247039140453,9.00959745568434,0.4140645869074743,0.33446593739616537,0.9808591792425152,0.29058721381472374,0.13051391714551225,0.5741094861310589,29.457728816853898,3.365160584759746,0.02590541823546193,qp_ode,0.05,100.0,1.316987572351231e-09,100.00000000000001,188.48033507752348,0.2748157960654445,191.0,5.0,0.999,independent_lognormal,False,0.0,False,0.0,7.318884648503605,0.43691183914489357,False,0.0,fixed_device,0,83.8352488853537,118.05332671712425,167.6704977707074,204.94395774055712,107.50854;83.835249;108.17078;117.03402;89.487233;118.05333;86.697402;85.209342;102.47198;92.587643;100.74184;98.930132;99.136065;93.433459;94.419352;116.50486;105.77879,198.80062;167.6705;194.33474;189.94553;178.97447;197.9976;173.3948;170.41868;204.94396;185.17529;198.89142;197.86026;196.57891;186.86692;188.8387;189.8481;183.62519,4.9457111;5.0272209;5.0049862;5.0861229;5.0349499;4.97517;4.9890876;5.0206058;4.8965438;5.0073491;4.9351045;5.0695225;5.0068295;5.0800369;4.971503;4.9932767;4.9559796,2.1461261212607496e-08,83.83525085449219,1.073188315992013e-09,42980.199123443395,1.0,0.20307888067317761,True,,,1,3353992996712254524,1cebbe2c85286d125a19176074641cec80e768fcc76265a176a2887e861b48e2:391,123,5405953887567363042,3eabdfa943524b1077c76342cd49dd883c1d02e6abf0a6e9273162f3d53c340b,0.0
392,0,3.7352544452717305,1.287841663922701,outside,circular,1.8615091423272476,1.0475474626727157,7.483300631764752,1.0,104.89423981957884,1,,,,False,0.2194660828279229,0.268384870969112,False,0.22828805891116108,2.3504108700737243,0.9557934210793557,1.9332565148303043,ballistic,13.423607034473218,,0.10827857929418518,7.248629038001901,0.8395272633375163,3.2590072496061535,4.858667067532917,8.202789370440506,0.5543756616121489,0.23376415415716043,0.8932056109434694,0.5773219355385827,0.12807422282765143,0.5755161086747376,34.27867371615199,3.0567800715372644,0.07646005896790492,qp_ode,0.05,100.0,1.607441424911882e-07,100.00000000000001,188.48033507752348,0.5632941532288236,191.0,5.0,0.999,independent_lognormal,False,0.0,False,0.0,11.840303815180718,0.24467406533729869,False,0.0,fixed_device,0,83.8352488853537,118.05332671712425,167.6704977707074,204.94395774055712,107.50854;83.835249;108.17078;117.03402;89.487233;118.05333;86.697402;85.209342;102.47198;92.587643;100.74184;98.930132;99.136065;93.433459;94.419352;116.50486;105.77879,198.80062;167.6705;194.33474;189.94553;178.97447;197.9976;173.3948;170.41868;204.94396;185.17529;198.89142;197.86026;196.57891;186.86692;188.8387;189.8481;183.62519,4.9457111;5.0272209;5.0049862;5.0861229;5.0349499;4.97517;4.9890876;5.0206058;4.8965438;5.0073491;4.9351045;5.0695225;5.0068295;5.0800369;4.971503;4.9932767;4.9559796,3.6875221667287406e-06,5.979184627532959,1.857464440035983e-07,42980.199123443395,1.0,0.20958424697152944,True,,,2,6119139280897397747,1cebbe2c85286d125a19176074641cec80e768fcc76265a176a2887e861b48e2:392,123,479963913096640577,3eabdfa943524b1077c76342cd49dd883c1d02e6abf0a6e9273162f3d53c340b,0.5512120863970589
393,0,-2.355857948537679,3.294989092769862,outside,elliptical,2.229907422828053,1.4776123906158223,2.887512315419153,1.043955733406293,45.033811717042816,1,,,,False,0.19177224902802653,0.7542032514071401,False,0.25592057917457645,2.102661142170013,0.9586935998348076,2.478516782509856,diffusive,,12.358998599166748,0.04222555065205946,4.444339771345351,0.6159746335433717,2.091694764049524,5.096562938149765,6.494012562022921,0.5053831736749633,0.15769525552577748,0.9925317054165523,0.3359604844545199,0.3303618346635865,1.086811354644459,26.175345886581894,3.2844335848735575,0.02109077018440651,qp_ode,0.05,100.0,2.573834878651124e-08,100.00000000000001,188.48033507752348,1.3132341276534591,191.0,5.0,0.999,independent_lognormal,False,0.0,False,0.0,29.800367742338704,0.05626325853083174,False,0.0,fixed_device,0,83.8352488853537,118.05332671712425,167.6704977707074,204.94395774055712,107.50854;83.835249;108.17078;117.03402;89.487233;118.05333;86.697402;85.209342;102.47198;92.587643;100.74184;98.930132;99.136065;93.433459;94.419352;116.50486;105.77879,198.80062;167.6705;194.33474;189.94553;178.97447;197.9976;173.3948;170.41868;204.94396;185.17529;198.89142;197.86026;196.57891;186.86692;188.8387;189.8481;183.62519,4.9457111;5.0272209;5.0049862;5.0861229;5.0349499;4.97517;4.9890876;5.0206058;4.8965438;5.0073491;4.9351045;5.0695225;5.0068295;5.0800369;4.971503;4.9932767;4.9559796,6.345787255668256e-07,27.009912490844727,3.177039786805835e-08,42980.199123443395,1.0,0.20162421454760385,True,,,2,3341995743297983106,1cebbe2c85286d125a19176074641cec80e768fcc76265a176a2887e861b48e2:393,123,3208247664415286122,3eabdfa943524b1077c76342cd49dd883c1d02e6abf0a6e9273162f3d53c340b,0.03822954963235294
394,0,-1.0328285332254978,0.7595029170955248,inside,circular,2.062928552449493,0.9065492210267576,2.5165616998753295,1.0,159.54724426631552,1,,,,False,0.35827477988927736,0.19945606312965902,False,0.2311202087002286,3.462975912580679,0.7246589533448986,1.4566712743225096,diffusive,,5.631126400819049,0.11399565423663119,34.16038988721666,0.9325302976756172,3.708175042432142,4.302289198253134,7.191807890363588,0.40968840716645005,0.37746324324749037,0.8789728353946176,0.7523015597619312,0.3084588404865383,0.883603096315924,24.308875301493927,3.0399709846957497,0.05311850191088486,qp_ode,0.05,100.0,3.6917511210894993e-09,100.00000000000001,188.48033507752348,1.2973298122591583,191.0,5.0,0.999,independent_lognormal,False,0.0,False,0.0,19.275121156154178,0.24292688888663688,False,0.0,fixed_device,0,83.8352488853537,118.05332671712425,167.6704977707074,204.94395774055712,107.50854;83.835249;108.17078;117.03402;89.487233;118.05333;86.697402;85.209342;102.47198;92.587643;100.74184;98.930132;99.136065;93.433459;94.419352;116.50486;105.77879,198.80062;167.6705;194.33474;189.94553;178.97447;197.9976;173.3948;170.41868;204.94396;185.17529;198.89142;197.86026;196.57891;186.86692;188.8387;189.8481;183.62519,4.9457111;5.0272209;5.0049862;5.0861229;5.0349499;4.97517;4.9890876;5.0206058;4.8965438;5.0073491;4.9351045;5.0695225;5.0068295;5.0800369;4.971503;4.9932767;4.9559796,6.877711911101869e-08,69.02628326416016,3.4400595705363912e-09,42980.199123443395,1.0,0.1886159235309679,True,,,1,8538321415974260657,1cebbe2c85286d125a19176074641cec80e768fcc76265a176a2887e861b48e2:394,123,1869456622767652008,3eabdfa943524b1077c76342cd49dd883c1d02e6abf0a6e9273162f3d53c340b,0.0
395,0,0.595706978325663,2.8203314507307633,inside,circular,2.4650377822056573,1.1515006806680816,9.487488431260545,1.0,16.754901009449256,1,,,,False,0.09412149813228926,0.6615729597774718,False,0.3308208414796777,1.878496090330921,1.170462478383129,1.0446355657900603,ballistic,15.561657409042608,,0.024834757934271017,26.10295244177424,1.8487769651099106,2.6803387973214843,4.932688957655574,7.024726882082993,0.42629101378889456,0.2567052935565074,0.9370948051885891,0.18828017299796296,0.2280000215489597,0.8003870714564361,24.738407327952412,2.8259382857394324,0.014742479334291856,qp_ode,0.05,100.0,4.4121029619890575e-10,100.00000000000001,188.48033507752348,0.2992605694955831,191.0,5.0,0.999,independent_lognormal,False,0.0,False,0.0,7.028187088877875,0.3571875748656011,False,0.0,fixed_device,0,83.8352488853537,118.05332671712425,167.6704977707074,204.94395774055712,107.50854;83.835249;108.17078;117.03402;89.487233;118.05333;86.697402;85.209342;102.47198;92.587643;100.74184;98.930132;99.136065;93.433459;94.419352;116.50486;105.77879,198.80062;167.6705;194.33474;189.94553;178.97447;197.9976;173.3948;170.41868;204.94396;185.17529;198.89142;197.86026;196.57891;186.86692;188.8387;189.8481;183.62519,4.9457111;5.0272209;5.0049862;5.0861229;5.0349499;4.97517;4.9890876;5.0206058;4.8965438;5.0073491;4.9351045;5.0695225;5.0068295;5.0800369;4.971503;4.9932767;4.9559796,9.18188369780637e-09,83.35016632080078,4.5911061063996783e-10,42980.199123443395,1.0,0.16869201963554908,True,,,0,5668374682235184337,1cebbe2c85286d125a19176074641cec80e768fcc76265a176a2887e861b48e2:395,123,7210238201886522806,3eabdfa943524b1077c76342cd49dd883c1d02e6abf0a6e9273162f3d53c340b,0.0
396,0,0.6104952660872889,3.0,edge,elliptical,2.3180820517514102,1.3656681394069334,7.194291164154776,2.3292968951786737,91.61645968162614,1,,,,False,0.23010081478643202,0.08146714350533435,False,0.34401136181651715,3.1493121658231953,1.1661420955085662,1.8154699091387758,ballistic,36.079499917648384,,0.023719227401748824,28.92127726968497,0.5868905665588742,3.46328518222221,6.256445628933413,7.996016322159472,0.4112627621230447,0.2717746296231013,0.9933709038323417,0.6341556587011085,0.16908049361671268,0.5509418907864128,21.942797135620918,2.8769895322676633,0.03355304493995063,qp_ode,0.05,100.0,1.2286498996427008e-08,100.00000000000001,188.48033507752348,1.73474475903182,191.0,5.0,0.999,independent_lognormal,False,0.0,False,0.0,11.811547410053505,0.2681882351686943,False,0.0,fixed_device,0,83.8352488853537,118.05332671712425,167.6704977707074,204.94395774055712,107.50854;83.835249;108.17078;117.03402;89.487233;118.05333;86.697402;85.209342;102.47198;92.587643;100.74184;98.930132;99.136065;93.433459;94.419352;116.50486;105.77879,198.80062;167.6705;194.33474;189.94553;178.97447;197.9976;173.3948;170.41868;204.94396;185.17529;198.89142;197.86026;196.57891;186.86692;188.8387;189.8481;183.62519,4.9457111;5.0272209;5.0049862;5.0861229;5.0349499;4.97517;4.9890876;5.0206058;4.8965438;5.0073491;4.9351045;5.0695225;5.0068295;5.0800369;4.971503;4.9932767;4.9559796,4.7178684781101765e-07,33.735939025878906,2.3611816502011607e-08,42980.199123443395,1.0,0.18480909711550872,True,,,2,1504391984564353881,1cebbe2c85286d125a19176074641cec80e768fcc76265a176a2887e861b48e2:396,123,8547578480810839488,3eabdfa943524b1077c76342cd49dd883c1d02e6abf0a6e9273162f3d53c340b,0.0
397,0,-1.0488870409455995,3.7038985434366856,outside,circular,1.7734186957998033,1.4473406345544078,3.0631097639698224,1.0,74.2539255123948,1,,,,False,0.3356268021636191,0.0657195802981354,False,0.19996583146461455,3.944040566254641,1.2732455025752356,1.2070940375925983,diffusive,,8.499702886717431,0.05795060709742851,50.74316012072697,1.2541532628274208,3.2811177750611877,5.009923032967082,5.186918963485946,0.3627599271700187,0.4262226259680153,0.8801888662658046,0.7484648384651253,0.19154757810136988,1.03346891428756,24.171109871948865,3.242172479831279,0.007392642930297697,qp_ode,0.05,100.0,6.176888493311974e-09,100.00000000000001,188.48033507752348,0.5547490767386344,191.0,5.0,0.999,independent_lognormal,False,0.0,False,0.0,11.119161946731879,0.31209425669891744,False,0.0,fixed_device,0,83.8352488853537,118.05332671712425,167.6704977707074,204.94395774055712,107.50854;83.835249;108.17078;117.03402;89.487233;118.05333;86.697402;85.209342;102.47198;92.587643;100.74184;98.930132;99.136065;93.433459;94.419352;116.50486;105.77879,198.80062;167.6705;194.33474;189.94553;178.97447;197.9976;173.3948;170.41868;204.94396;185.17529;198.89142;197.86026;196.57891;186.86692;188.8387;189.8481;183.62519,4.9457111;5.0272209;5.0049862;5.0861229;5.0349499;4.97517;4.9890876;5.0206058;4.8965438;5.0073491;4.9351045;5.0695225;5.0068295;5.0800369;4.971503;4.9932767;4.9559796,1.1937822819163557e-07,67.695556640625,5.971505068202987e-09,42980.199123443395,1.0,0.19212696612599234,True,,,1,13400771774600500938,1cebbe2c85286d125a19176074641cec80e768fcc76265a176a2887e861b48e2:397,123,5894412895037888220,3eabdfa943524b1077c76342cd49dd883c1d02e6abf0a6e9273162f3d53c340b,0.0
398,0,2.0028816951404975,-1.6832673394633113,inside,circular,2.1806022486346377,1.4939961586106394,9.855907559075673,1.0,68.13173469974058,1,,,,False,0.32053477045349926,0.014229687928966617,False,0.22496384964595045,3.3340520157531395,1.0436390028907327,1.6173002242616454,diffusive,,8.032886263398726,0.0858363299563699,70.92725756634803,1.1190087329439813,2.8174211066051473,6.007867500433118,8.782377316705517,0.5996973223117253,0.4346766947333701,0.8612224209550736,0.27591509064260594,0.08614065849405128,0.6469538985922858,21.726668687265384,2.8870678993535,0.01012498392908924,qp_ode,0.05,100.0,1.140616924720526e-07,100.00000000000001,188.48033507752348,1.4324650544232338,191.0,5.0,0.999,independent_lognormal,False,0.0,False,0.0,4.023266734698519,0.32060658283423915,False,0.0,fixed_device,0,83.8352488853537,118.05332671712425,167.6704977707074,204.94395774055712,107.50854;83.835249;108.17078;117.03402;89.487233;118.05333;86.697402;85.209342;102.47198;92.587643;100.74184;98.930132;99.136065;93.433459;94.419352;116.50486;105.77879,198.80062;167.6705;194.33474;189.94553;178.97447;197.9976;173.3948;170.41868;204.94396;185.17529;198.89142;197.86026;196.57891;186.86692;188.8387;189.8481;183.62519,4.9457111;5.0272209;5.0049862;5.0861229;5.0349499;4.97517;4.9890876;5.0206058;4.8965438;5.0073491;4.9351045;5.0695225;5.0068295;5.0800369;4.971503;4.9932767;4.9559796,1.9735989553737454e-06,10.627140045166016,9.90737163419908e-08,42980.199123443395,1.0,0.20372022067258855,True,,,2,12722640539311984389,1cebbe2c85286d125a19176074641cec80e768fcc76265a176a2887e861b48e2:398,123,8558362845143263743,3eabdfa943524b1077c76342cd49dd883c1d02e6abf0a6e9273162f3d53c340b,0.2887178308823529
399,0,3.0,-0.19779150909018828,edge,circular,2.3335386830206377,1.0228186154279806,6.48575993389862,1.0,153.96885652015516,1,,,,False,0.38654904926681743,0.8196014323431631,False,0.16800468259735957,3.0933357496339093,1.0914480946407263,2.1309974665308724,diffusive,,6.314880193002615,0.05020503079062451,31.214876714728142,1.0922711164008092,3.5273245743652097,5.7357337035763925,6.264611908566208,0.4842491293175445,0.4827858107569344,0.8604385031258918,0.7594037408745533,0.1382837869206982,0.8324574927753565,34.47490741984417,3.261657721893664,0.003535651865560432,qp_ode,0.05,100.0,9.54868323166403e-10,100.00000000000001,188.48033507752348,0.4164564500949489,191.0,5.0,0.999,independent_lognormal,False,0.0,False,0.0,5.6675593443638315,0.13236542265094273,False,0.0,fixed_device,0,83.8352488853537,118.05332671712425,167.6704977707074,204.94395774055712,107.50854;83.835249;108.17078;117.03402;89.487233;118.05333;86.697402;85.209342;102.47198;92.587643;100.74184;98.930132;99.136065;93.433459;94.419352;116.50486;105.77879,198.80062;167.6705;194.33474;189.94553;178.97447;197.9976;173.3948;170.41868;204.94396;185.17529;198.89142;197.86026;196.57891;186.86692;188.8387;189.8481;183.62519,4.9457111;5.0272209;5.0049862;5.0861229;5.0349499;4.97517;4.9890876;5.0206058;4.8965438;5.0073491;4.9351045;5.0695225;5.0068295;5.0800369;4.971503;4.9932767;4.9559796,2.30518750754527e-08,82.71331787109375,1.1544311062650081e-09,42980.199123443395,1.0,0.1925708556061288,True,,,0,7231150567613517202,1cebbe2c85286d125a19176074641cec80e768fcc76265a176a2887e861b48e2:399,123,7138228251658645583,3eabdfa943524b1077c76342cd49dd883c1d02e6abf0a6e9273162f3d53c340b,0.0
400,0,2.5291547544877835,3.397175160592621,outside,circular,2.235556065990109,1.1224324581309306,4.445724544509195,1.0,105.59779944349327,1,,,,False,0.2780149813617557,0.42520164082673984,False,0.10620382678771444,3.0403383184416155,1.03263567657512,1.029211539790647,diffusive,,10.496565873794324,0.06872542015641982,25.66665175409267,1.7727899747464009,2.9907706268908605,6.255779279776419,8.74524852553523,0.5716050917710785,0.2993573118933919,0.9361946023365542,0.6992820260460433,0.20189964048346065,0.7266498578038104,32.54408174162818,3.1470582220584764,0.04909724720836163,qp_ode,0.05,100.0,1.4572230689850652e-10,100.00000000000001,188.48033507752348,1.8346947662847615,191.0,5.0,0.999,independent_lognormal,False,0.0,False,0.0,25.137119796065274,0.3577895719061507,False,0.0,fixed_device,0,83.8352488853537,118.05332671712425,167.6704977707074,204.94395774055712,107.50854;83.835249;108.17078;117.03402;89.487233;118.05333;86.697402;85.209342;102.47198;92.587643;100.74184;98.930132;99.136065;93.433459;94.419352;116.50486;105.77879,198.80062;167.6705;194.33474;189.94553;178.97447;197.9976;173.3948;170.41868;204.94396;185.17529;198.89142;197.86026;196.57891;186.86692;188.8387;189.8481;183.62519,4.9457111;5.0272209;5.0049862;5.0861229;5.0349499;4.97517;4.9890876;5.0206058;4.8965438;5.0073491;4.9351045;5.0695225;5.0068295;5.0800369;4.971503;4.9932767;4.9559796,3.88761023373263e-09,83.83525085449219,1.9441012688581338e-10,42980.199123443395,1.0,0.19421375021379464,True,,,0,12992046726016745152,1cebbe2c85286d125a19176074641cec80e768fcc76265a176a2887e861b48e2:400,123,8389090396730623123,3eabdfa943524b1077c76342cd49dd883c1d02e6abf0a6e9273162f3d53c340b,0.0
401,0,0.9522475751683057,3.0,edge,elliptical,2.051892441772493,1.3465824936831852,4.08959865686422,1.797246617614518,149.555437452609,1,,,,False,0.07129082256686708,0.8354663244365488,False,0.2562280871449234,1.5652085749606353,0.5653604298677627,1.3104597221911656,ballistic,22.83143825226623,,0.023502937186441846,7.465442722331446,1.0570161681589831,2.0663119450892617,3.882801958368198,7.884794559805641,0.16774979545232882,0.18760810030034594,0.956747116811835,0.7758610411638999,0.23705674077800254,0.8337486835057037,23.329157050936114,3.1538475552610103,0.03866433208074044,qp_ode,0.05,100.0,7.890688156098321e-10,100.00000000000001,188.48033507752348,1.7460052299638855,191.0,5.0,0.999,independent_lognormal,False,0.0,False,0.0,15.957555118334202,0.1652876985641577,False,0.0,fixed_device,0,83.8352488853537,118.05332671712425,167.6704977707074,204.94395774055712,107.50854;83.835249;108.17078;117.03402;89.487233;118.05333;86.697402;85.209342;102.47198;92.587643;100.74184;98.930132;99.136065;93.433459;94.419352;116.50486;105.77879,198.80062;167.6705;194.33474;189.94553;178.97447;197.9976;173.3948;170.41868;204.94396;185.17529;198.89142;197.86026;196.57891;186.86692;188.8387;189.8481;183.62519,4.9457111;5.0272209;5.0049862;5.0861229;5.0349499;4.97517;4.9890876;5.0206058;4.8965438;5.0073491;4.9351045;5.0695225;5.0068295;5.0800369;4.971503;4.9932767;4.9559796,2.65138417887556e-08,83.82759857177734,1.3258746323074888e-09,42980.199123443395,1.0,0.192992523795404,True,,,0,14072488078917142276,1cebbe2c85286d125a19176074641cec80e768fcc76265a176a2887e861b48e2:401,123,560253697507171088,3eabdfa943524b1077c76342cd49dd883c1d02e6abf0a6e9273162f3d53c340b,0.0
402,0,3.6537011764483327,2.7729748830862713,outside,elliptical,1.7695072678743917,1.6806018909480513,5.746957226047597,2.0944683349815665,142.7155012653677,1,,,,False,0.24664102798474058,0.33913570878579813,False,0.10975959996774914,3.8988105789500356,0.6296441476759339,2.2038605819484745,diffusive,,17.394251331891578,0.11089585288317032,12.185542363340378,1.2190561898386112,3.412933927210668,4.252165620269045,8.561837960287955,0.4946168944216872,0.3565097129116461,0.8989774031512969,0.1958666146987419,0.4298564556872705,0.7466464238056937,23.304563395169232,2.80227179119804,0.05719523419535684,qp_ode,0.05,100.0,8.325637663068424e-09,100.00000000000001,188.48033507752348,0.5866427150444256,191.0,5.0,0.999,independent_lognormal,False,0.0,False,0.0,19.35553196622835,0.40003107183004366,False,0.0,fixed_device,0,83.8352488853537,118.05332671712425,167.6704977707074,204.94395774055712,107.50854;83.835249;108.17078;117.03402;89.487233;118.05333;86.697402;85.209342;102.47198;92.587643;100.74184;98.930132;99.136065;93.433459;94.419352;116.50486;105.77879,198.80062;167.6705;194.33474;189.94553;178.97447;197.9976;173.3948;170.41868;204.94396;185.17529;198.89142;197.86026;196.57891;186.86692;188.8387;189.8481;183.62519,4.9457111;5.0272209;5.0049862;5.0861229;5.0349499;4.97517;4.9890876;5.0206058;4.8965438;5.0073491;4.9351045;5.0695225;5.0068295;5.0800369;4.971503;4.9932767;4.9559796,1.469641404128197e-07,63.52251052856445,7.350587249987939e-09,42980.199123443395,1.0,0.17427886755681316,True,,,1,9775254891777148011,1cebbe2c85286d125a19176074641cec80e768fcc76265a176a2887e861b48e2:402,123,6838798312262623183,3eabdfa943524b1077c76342cd49dd883c1d02e6abf0a6e9273162f3d53c340b,0.0
403,0,-0.5134154070782255,-2.244049593618318,inside,circular,1.9691879240912096,1.1387657756868068,7.331276126083362,1.0,45.506579146557925,1,,,,False,0.22419295141064854,0.3258323957689019,False,0.10023738219136408,3.3912870715723558,1.0871550882388528,2.3615106807604045,ballistic,13.426347703665511,,0.08045910721846626,68.26881070461343,1.4691740303406373,3.002163409190749,5.535620070741937,9.839992787279611,0.5525336821509916,0.25695452389155227,0.8642369504830691,0.2794230990325665,0.3052325736958704,1.0409242546530875,27.592694393819333,3.214113727993662,0.012682441735988217,qp_ode,0.05,100.0,2.533694640567365e-09,100.00000000000001,188.48033507752348,1.6424299810280718,191.0,5.0,0.999,independent_lognormal,False,0.0,False,0.0,8.47877857657601,0.6269985151112178,False,0.0,fixed_device,0,83.8352488853537,118.05332671712425,167.6704977707074,204.94395774055712,107.50854;83.835249;108.17078;117.03402;89.487233;118.05333;86.697402;85.209342;102.47198;92.587643;100.74184;98.930132;99.136065;93.433459;94.419352;116.50486;105.77879,198.80062;167.6705;194.33474;189.94553;178.97447;197.9976;173.3948;170.41868;204.94396;185.17529;198.89142;197.86026;196.57891;186.86692;188.8387;189.8481;183.62519,4.9457111;5.0272209;5.0049862;5.0861229;5.0349499;4.97517;4.9890876;5.0206058;4.8965438;5.0073491;4.9351045;5.0695225;5.0068295;5.0800369;4.971503;4.9932767;4.9559796,4.4885585026577246e-08,74.93901824951172,2.2448145564624156e-09,42980.199123443395,1.0,0.19131990885018357,True,,,1,13279328992735799851,1cebbe2c85286d125a19176074641cec80e768fcc76265a176a2887e861b48e2:403,123,8016040275743206012,3eabdfa943524b1077c76342cd49dd883c1d02e6abf0a6e9273162f3d53c340b,0.0
404,0,-3.7462497241350814,-0.2873603280431194,outside,circular,2.356327655645689,0.9700253120819141,6.607801552462157,1.0,75.37529326855342,1,,,,False,0.25001044737421385,0.1454823294819152,False,0.3675173648207971,2.786394978531113,0.8977524602304754,1.1348624413052932,diffusive,,16.334143718506546,0.031864309971664784,16.328647224941015,1.2670851554310973,2.3362732679076976,5.9553445110782635,8.97170780754812,0.5434027271219709,0.22943808396496923,0.9325651122695364,0.21684353865848172,0.3016224768535213,0.7251279980030186,29.93268204510229,3.017952664322752,0.0005236227124101145,qp_ode,0.05,100.0,2.1203119874658175e-08,100.00000000000001,188.48033507752348,1.8308892224810098,191.0,5.0,0.999,independent_lognormal,False,0.0,False,0.0,10.815108592667555,0.17937751286981773,False,0.0,fixed_device,0,83.8352488853537,118.05332671712425,167.6704977707074,204.94395774055712,107.50854;83.835249;108.17078;117.03402;89.487233;118.05333;86.697402;85.209342;102.47198;92.587643;100.74184;98.930132;99.136065;93.433459;94.419352;116.50486;105.77879,198.80062;167.6705;194.33474;189.94553;178.97447;197.9976;173.3948;170.41868;204.94396;185.17529;198.89142;197.86026;196.57891;186.86692;188.8387;189.8481;183.62519,4.9457111;5.0272209;5.0049862;5.0861229;5.0349499;4.97517;4.9890876;5.0206058;4.8965438;5.0073491;4.9351045;5.0695225;5.0068295;5.0800369;4.971503;4.9932767;4.9559796,4.100471073797962e-07,36.44880294799805,2.0566767844343303e-08,42980.199123443395,1.0,0.18832532718198916,True,,,2,6412786707126018636,1cebbe2c85286d125a19176074641cec80e768fcc76265a176a2887e861b48e2:404,123,5542630264754616766,3eabdfa943524b1077c76342cd49dd883c1d02e6abf0a6e9273162f3d53c340b,0.0
405,0,-3.0,1.9251161840285853,edge,elliptical,2.0198076195826946,1.6485784317374594,6.726623352965711,2.349515205322492,141.918800974182,1,,,,False,0.13688992381948145,0.8991388730289341,False,0.27729427814751606,2.460003097974723,0.8015073406291411,2.409122341521954,diffusive,,14.495617885936756,0.05169263275299453,42.192518192281895,1.8403749166345205,3.692013350182143,4.939158960604399,7.989584563543914,0.21793451888719895,0.3056251364207514,0.9644416563145332,0.7191082361845703,0.18455616227227414,1.1868895206664463,20.297677851480366,2.8060880053335278,0.07116390185064006,qp_ode,0.05,100.0,1.9508021382317476e-10,100.00000000000001,188.48033507752348,0.6127330807685942,191.0,5.0,0.999,independent_lognormal,False,0.0,False,0.0,11.888626952509796,0.09931376188482208,False,0.0,fixed_device,0,83.8352488853537,118.05332671712425,167.6704977707074,204.94395774055712,107.50854;83.835249;108.17078;117.03402;89.487233;118.05333;86.697402;85.209342;102.47198;92.587643;100.74184;98.930132;99.136065;93.433459;94.419352;116.50486;105.77879,198.80062;167.6705;194.33474;189.94553;178.97447;197.9976;173.3948;170.41868;204.94396;185.17529;198.89142;197.86026;196.57891;186.86692;188.8387;189.8481;183.62519,4.9457111;5.0272209;5.0049862;5.0861229;5.0349499;4.97517;4.9890876;5.0206058;4.8965438;5.0073491;4.9351045;5.0695225;5.0068295;5.0800369;4.971503;4.9932767;4.9559796,4.011944554349611e-09,83.53874206542969,2.0059980065934013e-10,42980.199123443395,1.0,0.1768292186610565,True,,,0,8826303266968958015,1cebbe2c85286d125a19176074641cec80e768fcc76265a176a2887e861b48e2:405,123,2056261091455077160,3eabdfa943524b1077c76342cd49dd883c1d02e6abf0a6e9273162f3d53c340b,0.0
406,0,1.9354871015345516,0.8743111306769311,inside,elliptical,2.4559066295051344,0.8736219430892981,2.06678123976255,2.4131048680721214,65.47166593729051,1,,,,False,0.09613055922511954,0.4111239299724111,False,0.10284362495360815,1.8606349281399925,1.0565384255851349,1.6264646506072256,ballistic,13.703718177935068,,0.1160866177118754,63.80754250188018,0.7344134865389793,2.653848508097402,6.145933732553633,8.718249870922232,0.3016229149177869,0.3366432676371819,0.9616535882957524,0.48141207108380857,0.19454091661291845,0.666426706465346,30.05177230101493,3.0117873137420235,0.06991069997541902,qp_ode,0.05,100.0,2.4989888092452814e-08,100.00000000000001,188.48033507752348,1.2274602187574775,191.0,5.0,0.999,independent_lognormal,False,0.0,False,0.0,47.160469494068984,0.40137098184369735,False,0.0,fixed_device,0,83.8352488853537,118.05332671712425,167.6704977707074,204.94395774055712,107.50854;83.835249;108.17078;117.03402;89.487233;118.05333;86.697402;85.209342;102.47198;92.587643;100.74184;98.930132;99.136065;93.433459;94.419352;116.50486;105.77879,198.80062;167.6705;194.33474;189.94553;178.97447;197.9976;173.3948;170.41868;204.94396;185.17529;198.89142;197.86026;196.57891;186.86692;188.8387;189.8481;183.62519,4.9457111;5.0272209;5.0049862;5.0861229;5.0349499;4.97517;4.9890876;5.0206058;4.8965438;5.0073491;4.9351045;5.0695225;5.0068295;5.0800369;4.971503;4.9932767;4.9559796,5.725522100874514e-07,27.47616958618164,2.8661890638659315e-08,42980.199123443395,1.0,0.19564268169913207,True,,,2,12098169357538490328,1cebbe2c85286d125a19176074641cec80e768fcc76265a176a2887e861b48e2:406,123,8999206387501518684,3eabdfa943524b1077c76342cd49dd883c1d02e6abf0a6e9273162f3d53c340b,0.03478285845588235
407,0,-1.9219810746991817,-3.6275217439762297,outside,elliptical,1.9983721471301106,1.4590716810906685,6.521894532040044,2.3853693679535315,136.83672282274892,1,,,,False,0.28797118299730173,0.5083042607322362,False,0.20210767231203913,2.9861523072527714,0.6779900265180068,1.233683075656701,diffusive,,14.109329717787634,0.07523145539872897,19.00378233140283,0.48228671194370937,3.7464628571335243,6.099307926578211,7.2620299760964455,0.35170698424639507,0.34646385978902394,0.887434070336655,0.5249067747865558,0.21238782392528083,0.5129498773693721,31.31028963216837,3.353376570620865,0.026846136539655775,qp_ode,0.05,100.0,1.8797387521407103e-10,100.00000000000001,188.48033507752348,1.3108455140491935,191.0,5.0,0.999,independent_lognormal,False,0.0,False,0.0,1.8456878371542256,0.21568401101062112,False,0.0,fixed_device,0,83.8352488853537,118.05332671712425,167.6704977707074,204.94395774055712,107.50854;83.835249;108.17078;117.03402;89.487233;118.05333;86.697402;85.209342;102.47198;92.587643;100.74184;98.930132;99.136065;93.433459;94.419352;116.50486;105.77879,198.80062;167.6705;194.33474;189.94553;178.97447;197.9976;173.3948;170.41868;204.94396;185.17529;198.89142;197.86026;196.57891;186.86692;188.8387;189.8481;183.62519,4.9457111;5.0272209;5.0049862;5.0861229;5.0349499;4.97517;4.9890876;5.0206058;4.8965438;5.0073491;4.9351045;5.0695225;5.0068295;5.0800369;4.971503;4.9932767;4.9559796,2.689979794467945e-09,83.02828216552734,1.3533632547968466e-10,42980.199123443395,1.0,0.2025610446796506,True,,,0,13963021051129359867,1cebbe2c85286d125a19176074641cec80e768fcc76265a176a2887e861b48e2:407,123,6919886075784698805,3eabdfa943524b1077c76342cd49dd883c1d02e6abf0a6e9273162f3d53c340b,0.0
408,0,3.5020695192441087,-2.1463463480837053,outside,circular,2.0223326908358477,1.5328443418786912,6.0940571431024395,1.0,98.70406504985307,1,,,,False,0.08608238211898685,0.36559279542331813,False,0.30177864467127846,2.951577507983057,0.630077541411912,2.8333570301712565,ballistic,29.111241160348936,,0.02546830460037583,8.368010943149802,1.9891528499785784,3.2498592718916886,4.667393168820513,7.667344964238021,0.2034980548482747,0.32850408613235477,0.8756249351617124,0.4346932437724504,0.08945392162338917,0.529489492835418,20.676026061800094,2.8868340991155024,0.022540582773925105,qp_ode,0.05,100.0,1.4643554693333483e-10,100.00000000000001,188.48033507752348,1.8345446320869208,191.0,5.0,0.999,independent_lognormal,False,0.0,False,0.0,10.870943845589602,0.5935795168221012,False,0.0,fixed_device,0,83.8352488853537,118.05332671712425,167.6704977707074,204.94395774055712,107.50854;83.835249;108.17078;117.03402;89.487233;118.05333;86.697402;85.209342;102.47198;92.587643;100.74184;98.930132;99.136065;93.433459;94.419352;116.50486;105.77879,198.80062;167.6705;194.33474;189.94553;178.97447;197.9976;173.3948;170.41868;204.94396;185.17529;198.89142;197.86026;196.57891;186.86692;188.8387;189.8481;183.62519,4.9457111;5.0272209;5.0049862;5.0861229;5.0349499;4.97517;4.9890876;5.0206058;4.8965438;5.0073491;4.9351045;5.0695225;5.0068295;5.0800369;4.971503;4.9932767;4.9559796,2.227655171438414e-09,83.62395477294922,1.114095343757171e-10,42980.199123443395,1.0,0.17352268401218976,True,,,0,7558262168973805405,1cebbe2c85286d125a19176074641cec80e768fcc76265a176a2887e861b48e2:408,123,3610946173771192574,3eabdfa943524b1077c76342cd49dd883c1d02e6abf0a6e9273162f3d53c340b,0.0
409,0,-0.5529841022048219,2.5880062019091987,inside,circular,2.3287451274809188,1.3314786650953938,7.158617040375083,1.0,23.272637796684887,1,,,,False,0.2523414550688782,0.9024343326062509,False,0.3983339113482617,3.163710144441716,1.2037203823972955,1.995872749050003,diffusive,,19.045101466478283,0.0902941691508091,21.93813225712203,1.8440384440527247,3.5695407561769543,4.609829530336309,5.943943004203645,0.3996643139872671,0.1975590563109909,0.9096467250508811,0.3809993595862287,0.28772384564225983,1.020947912534747,23.667155530288312,3.115392524016529,0.03598582309769669,qp_ode,0.05,100.0,7.025099836930945e-10,100.00000000000001,188.48033507752348,0.3719732360709056,191.0,5.0,0.999,independent_lognormal,False,0.0,False,0.0,10.961623709239893,0.37792213875805697,False,0.0,fixed_device,0,83.8352488853537,118.05332671712425,167.6704977707074,204.94395774055712,107.50854;83.835249;108.17078;117.03402;89.487233;118.05333;86.697402;85.209342;102.47198;92.587643;100.74184;98.930132;99.136065;93.433459;94.419352;116.50486;105.77879,198.80062;167.6705;194.33474;189.94553;178.97447;197.9976;173.3948;170.41868;204.94396;185.17529;198.89142;197.86026;196.57891;186.86692;188.8387;189.8481;183.62519,4.9457111;5.0272209;5.0049862;5.0861229;5.0349499;4.97517;4.9890876;5.0206058;4.8965438;5.0073491;4.9351045;5.0695225;5.0068295;5.0800369;4.971503;4.9932767;4.9559796,1.796833792866437e-08,82.19733428955078,8.994605615875173e-10,42980.199123443395,1.0,0.1898708536282976,True,,,0,2700743268345837705,1cebbe2c85286d125a19176074641cec80e768fcc76265a176a2887e861b48e2:409,123,2507097604747243844,3eabdfa943524b1077c76342cd49dd883c1d02e6abf0a6e9273162f3d53c340b,0.0
410,0,1.3340241511443685,3.9716106108907647,outside,elliptical,2.3467266033348677,1.5377402179978854,2.326519068824183,2.138080896399897,134.72247635496788,1,,,,False,0.2930829742874314,0.4105430426300781,False,0.1610241545875502,2.7927477705607977,0.5754457274113296,2.5080350806910205,diffusive,,16.39188284716096,0.03088754036310285,72.60553726368235,1.0953526623321177,2.055098142162121,3.918844294083241,9.44210281628626,0.1728550759003464,0.42383750854231816,0.8963670904449978,0.4387146564703948,0.3351720991076293,0.6971447439017466,32.514722202327995,3.39387395675302,0.05623805695730308,qp_ode,0.05,100.0,8.623187800118481e-08,100.00000000000001,188.48033507752348,1.1105860462248816,191.0,5.0,0.999,independent_lognormal,False,0.0,False,0.0,22.783904018690237,0.4382952404592613,False,0.0,fixed_device,0,83.8352488853537,118.05332671712425,167.6704977707074,204.94395774055712,107.50854;83.835249;108.17078;117.03402;89.487233;118.05333;86.697402;85.209342;102.47198;92.587643;100.74184;98.930132;99.136065;93.433459;94.419352;116.50486;105.77879,198.80062;167.6705;194.33474;189.94553;178.97447;197.9976;173.3948;170.41868;204.94396;185.17529;198.89142;197.86026;196.57891;186.86692;188.8387;189.8481;183.62519,4.9457111;5.0272209;5.0049862;5.0861229;5.0349499;4.97517;4.9890876;5.0206058;4.8965438;5.0073491;4.9351045;5.0695225;5.0068295;5.0800369;4.971503;4.9932767;4.9559796,2.166139438486425e-06,9.789983749389648,1.0899187685708966e-07,42980.199123443395,1.0,0.2154829118392918,True,,,2,8273688135975694515,1cebbe2c85286d125a19176074641cec80e768fcc76265a176a2887e861b48e2:410,123,4236998093643350996,3eabdfa943524b1077c76342cd49dd883c1d02e6abf0a6e9273162f3d53c340b,0.13335822610294118
411,0,1.3061399477984388,0.7618638654023147,inside,circular,1.8270391241076394,1.3259881461954495,8.133929497414549,1.0,100.65978929256337,1,,,,False,0.11417481786094626,0.7261317599569368,False,0.24032605662215753,1.7355882653126211,1.054772754106267,1.591445504130546,ballistic,13.357653200339326,,0.0717058705358726,25.976653782592038,1.3431414511153155,3.5256936131370074,5.653748771658892,7.289169103748354,0.387019830024837,0.3191746299217836,0.8366527612825897,0.3564255928899856,0.49394487295332257,0.5864910803046853,30.661599659798824,3.341829218415442,0.044427309744235276,qp_ode,0.05,100.0,2.341630563978768e-10,100.00000000000001,188.48033507752348,0.8988201301855137,191.0,5.0,0.999,independent_lognormal,False,0.0,False,0.0,9.463898333093766,0.2535791090875873,False,0.0,fixed_device,0,83.8352488853537,118.05332671712425,167.6704977707074,204.94395774055712,107.50854;83.835249;108.17078;117.03402;89.487233;118.05333;86.697402;85.209342;102.47198;92.587643;100.74184;98.930132;99.136065;93.433459;94.419352;116.50486;105.77879,198.80062;167.6705;194.33474;189.94553;178.97447;197.9976;173.3948;170.41868;204.94396;185.17529;198.89142;197.86026;196.57891;186.86692;188.8387;189.8481;183.62519,4.9457111;5.0272209;5.0049862;5.0861229;5.0349499;4.97517;4.9890876;5.0206058;4.8965438;5.0073491;4.9351045;5.0695225;5.0068295;5.0800369;4.971503;4.9932767;4.9559796,4.048219537367004e-09,83.13804626464844,2.0337152795146807e-10,42980.199123443395,1.0,0.20535361000194668,True,,,0,1851617772667756398,1cebbe2c85286d125a19176074641cec80e768fcc76265a176a2887e861b48e2:411,123,1088791657205553662,3eabdfa943524b1077c76342cd49dd883c1d02e6abf0a6e9273162f3d53c340b,0.0
412,0,0.674263596646917,-3.0,edge,circular,1.951584237426139,1.1943438408240221,4.0760960538477535,1.0,0.7163423269535585,1,,,,False,0.2176904656203077,0.916169067267588,False,0.3584584357593884,1.6812261856884225,0.9505730322346211,1.7162349748512207,diffusive,,15.081737704810337,0.0927749421570307,22.500412154278877,1.0053838897936345,2.860951527460329,4.692085801217244,6.9680385633684185,0.3044582444728634,0.4298200795120368,0.9642633836627124,0.7318283753865554,0.35738742150152725,0.9139832906157587,29.030983182137767,3.266301463597354,0.064646934302913,qp_ode,0.05,100.0,1.7230813921472354e-08,100.00000000000001,188.48033507752348,1.504525738324474,191.0,5.0,0.999,independent_lognormal,False,0.0,False,0.0,4.199308744693023,0.32159945549650154,False,0.0,fixed_device,0,83.8352488853537,118.05332671712425,167.6704977707074,204.94395774055712,107.50854;83.835249;108.17078;117.03402;89.487233;118.05333;86.697402;85.209342;102.47198;92.587643;100.74184;98.930132;99.136065;93.433459;94.419352;116.50486;105.77879,198.80062;167.6705;194.33474;189.94553;178.97447;197.9976;173.3948;170.41868;204.94396;185.17529;198.89142;197.86026;196.57891;186.86692;188.8387;189.8481;183.62519,4.9457111;5.0272209;5.0049862;5.0861229;5.0349499;4.97517;4.9890876;5.0206058;4.8965438;5.0073491;4.9351045;5.0695225;5.0068295;5.0800369;4.971503;4.9932767;4.9559796,2.9014529445703374e-07,45.24941635131836,1.452772391274948e-08,42980.199123443395,1.0,0.2059339076119483,True,,,2,13160799938789497777,1cebbe2c85286d125a19176074641cec80e768fcc76265a176a2887e861b48e2:412,123,4161470573283714639,3eabdfa943524b1077c76342cd49dd883c1d02e6abf0a6e9273162f3d53c340b,0.0
413,0,-3.295597244289664,1.1106500633690368,outside,circular,1.9680182807110211,1.0460713082225903,3.054931820738572,1.0,124.4067084104432,1,,,,False,0.36472414773824174,0.5751808240104993,False,0.14501785241085377,3.3296022750085688,1.1337879016811243,1.1963558375924583,ballistic,33.45187241563619,,0.03052978567064362,4.084561474089368,1.7699686792466331,3.0106921151526906,5.4279774360750155,9.60000912119858,0.18536344898456314,0.23993296828406252,0.853578759177213,0.2504328032927015,0.25866863764888903,0.9219384187051904,33.44240561063595,3.221327749417506,0.07452957509371447,qp_ode,0.05,100.0,2.6535345748374937e-08,100.00000000000001,188.48033507752348,0.3295741690685837,191.0,5.0,0.999,independent_lognormal,False,0.0,False,0.0,18.642497406927944,0.577904787738261,False,0.0,fixed_device,0,83.8352488853537,118.05332671712425,167.6704977707074,204.94395774055712,107.50854;83.835249;108.17078;117.03402;89.487233;118.05333;86.697402;85.209342;102.47198;92.587643;100.74184;98.930132;99.136065;93.433459;94.419352;116.50486;105.77879,198.80062;167.6705;194.33474;189.94553;178.97447;197.9976;173.3948;170.41868;204.94396;185.17529;198.89142;197.86026;196.57891;186.86692;188.8387;189.8481;183.62519,4.9457111;5.0272209;5.0049862;5.0861229;5.0349499;4.97517;4.9890876;5.0206058;4.8965438;5.0073491;4.9351045;5.0695225;5.0068295;5.0800369;4.971503;4.9932767;4.9559796,4.2896192553598667e-07,35.04243087768555,2.1471365130310005e-08,42980.199123443395,1.0,0.2033289405541436,True,,,2,15695474964864155845,1cebbe2c85286d125a19176074641cec80e768fcc76265a176a2887e861b48e2:413,123,8769036116900907339,3eabdfa943524b1077c76342cd49dd883c1d02e6abf0a6e9273162f3d53c340b,0.0
414,0,-1.991245709892335,-0.8072921619267759,inside,circular,1.9727995527721618,0.9048249529726127,6.267191664770172,1.0,10.51700042262285,1,,,,False,0.3080478355428991,0.5340410042091507,False,0.1045676992076302,2.449116217974925,1.2326484122100598,1.549484762661459,ballistic,36.59212502249473,,0.09447024829508897,64.57427945715158,1.8052943233389898,2.5348808096258106,4.752798318091251,9.539021822906271,0.5719289994504301,0.2813677185031585,0.9623429434067803,0.3724820440632378,0.15987008243213657,0.6780469093236795,30.381811807749223,3.3612972861228414,0.017192299327671804,qp_ode,0.05,100.0,4.001511037418873e-08,100.00000000000001,188.48033507752348,1.5023937872330633,191.0,5.0,0.999,independent_lognormal,False,0.0,False,0.0,9.368783841687838,0.4294611461050517,False,0.0,fixed_device,0,83.8352488853537,118.05332671712425,167.6704977707074,204.94395774055712,107.50854;83.835249;108.17078;117.03402;89.487233;118.05333;86.697402;85.209342;102.47198;92.587643;100.74184;98.930132;99.136065;93.433459;94.419352;116.50486;105.77879,198.80062;167.6705;194.33474;189.94553;178.97447;197.9976;173.3948;170.41868;204.94396;185.17529;198.89142;197.86026;196.57891;186.86692;188.8387;189.8481;183.62519,4.9457111;5.0272209;5.0049862;5.0861229;5.0349499;4.97517;4.9890876;5.0206058;4.8965438;5.0073491;4.9351045;5.0695225;5.0068295;5.0800369;4.971503;4.9932767;4.9559796,7.104708856786601e-07,23.871585845947266,3.557586580882344e-08,42980.199123443395,1.0,0.2199032510780035,True,,,2,3134316540132020607,1cebbe2c85286d125a19176074641cec80e768fcc76265a176a2887e861b48e2:414,123,161455631026737777,3eabdfa943524b1077c76342cd49dd883c1d02e6abf0a6e9273162f3d53c340b,0.1777630974264706
415,0,-1.3361531983044084,3.0,edge,circular,2.0552363312085276,1.379526221451643,6.155728996505436,1.0,44.60248217983511,1,,,,False,0.283598298342309,0.9124691072580325,False,0.3761073237510342,1.6109484566616037,1.1010734329351708,1.3670189738365437,ballistic,31.18137505539925,,0.05102024990196119,50.624613596371674,1.568786040026792,2.9242364835463577,6.209466871424523,8.545454247093161,0.44945842147963966,0.45165826617398797,0.8262333857264335,0.11237766271805115,0.13643393236675216,0.8803420117708842,29.030921097010122,2.9531204494307413,0.01082033191857402,qp_ode,0.05,100.0,1.9382935668273165e-10,100.00000000000001,188.48033507752348,0.2560117066790749,191.0,5.0,0.999,independent_lognormal,False,0.0,False,0.0,14.507385479519591,0.17955691955428732,False,0.0,fixed_device,0,83.8352488853537,118.05332671712425,167.6704977707074,204.94395774055712,107.50854;83.835249;108.17078;117.03402;89.487233;118.05333;86.697402;85.209342;102.47198;92.587643;100.74184;98.930132;99.136065;93.433459;94.419352;116.50486;105.77879,198.80062;167.6705;194.33474;189.94553;178.97447;197.9976;173.3948;170.41868;204.94396;185.17529;198.89142;197.86026;196.57891;186.86692;188.8387;189.8481;183.62519,4.9457111;5.0272209;5.0049862;5.0861229;5.0349499;4.97517;4.9890876;5.0206058;4.8965438;5.0073491;4.9351045;5.0695225;5.0068295;5.0800369;4.971503;4.9932767;4.9559796,3.6465039876532046e-09,83.52902221679688,1.8233388410227036e-10,42980.199123443395,1.0,0.17560566538516795,True,,,0,14060890068754499605,1cebbe2c85286d125a19176074641cec80e768fcc76265a176a2887e861b48e2:415,123,5007383010003077806,3eabdfa943524b1077c76342cd49dd883c1d02e6abf0a6e9273162f3d53c340b,0.0
416,0,2.7514712556405367,-3.4011196629919205,outside,elliptical,2.4034063328479673,1.6705501944166756,6.152027204188356,1.8163447590394612,24.48814412878582,1,,,,False,0.08861617417108461,0.17668852272814073,False,0.25310131449324536,1.8234645548960111,0.7207096137461633,1.3822151415793764,ballistic,32.44501346616738,,0.06250538618594362,63.985063063067564,0.6053714228602862,2.1998755687952247,5.642790855359738,9.653719389325527,0.587417202119084,0.3857927864304157,0.9051751015483607,0.4879344516490826,0.3769245991258825,0.652402935467972,20.29860332469787,3.2459695915484943,0.06575466816791378,qp_ode,0.05,100.0,3.1098136484555926e-08,100.00000000000001,188.48033507752348,0.6071563238190891,191.0,5.0,0.999,independent_lognormal,False,0.0,False,0.0,13.377440812721954,0.4913348956163209,False,0.0,fixed_device,0,83.8352488853537,118.05332671712425,167.6704977707074,204.94395774055712,107.50854;83.835249;108.17078;117.03402;89.487233;118.05333;86.697402;85.209342;102.47198;92.587643;100.74184;98.930132;99.136065;93.433459;94.419352;116.50486;105.77879,198.80062;167.6705;194.33474;189.94553;178.97447;197.9976;173.3948;170.41868;204.94396;185.17529;198.89142;197.86026;196.57891;186.86692;188.8387;189.8481;183.62519,4.9457111;5.0272209;5.0049862;5.0861229;5.0349499;4.97517;4.9890876;5.0206058;4.8965438;5.0073491;4.9351045;5.0695225;5.0068295;5.0800369;4.971503;4.9932767;4.9559796,5.524714765670069e-07,30.775114059448242,2.7655461920517155e-08,42980.199123443395,1.0,0.20353016685472422,True,,,2,3227548541657242869,1cebbe2c85286d125a19176074641cec80e768fcc76265a176a2887e861b48e2:416,123,551628095782754510,3eabdfa943524b1077c76342cd49dd883c1d02e6abf0a6e9273162f3d53c340b,0.0
417,0,2.8903726484340266,1.069840690798392,inside,circular,1.7264463135548223,1.5257343660415297,6.198710066633302,1.0,76.18370020645952,1,,,,False,0.05199393662060077,0.8305478970036941,False,0.133659997674312,1.8830015762960135,0.6549281841081347,2.0490421132945555,diffusive,,13.947902537816333,0.04362580737098304,20.4879593958307,0.9375314583701487,2.8290609343959985,3.7576622129880257,7.01150942227561,0.2464023227647107,0.47398441739711195,0.8442127560257157,0.08032384863020853,0.44422688053185877,1.1723933697817577,24.076503086623593,2.8897634810343584,0.06703485611552244,qp_ode,0.05,100.0,1.9885463660897513e-09,100.00000000000001,188.48033507752348,0.9130085575322671,191.0,5.0,0.999,independent_lognormal,False,0.0,False,0.0,8.695884146963982,0.2692604093046353,False,0.0,fixed_device,0,83.8352488853537,118.05332671712425,167.6704977707074,204.94395774055712,107.50854;83.835249;108.17078;117.03402;89.487233;118.05333;86.697402;85.209342;102.47198;92.587643;100.74184;98.930132;99.136065;93.433459;94.419352;116.50486;105.77879,198.80062;167.6705;194.33474;189.94553;178.97447;197.9976;173.3948;170.41868;204.94396;185.17529;198.89142;197.86026;196.57891;186.86692;188.8387;189.8481;183.62519,4.9457111;5.0272209;5.0049862;5.0861229;5.0349499;4.97517;4.9890876;5.0206058;4.8965438;5.0073491;4.9351045;5.0695225;5.0068295;5.0800369;4.971503;4.9932767;4.9559796,2.9696348491370372e-08,79.40460968017578,1.4878596132916755e-09,42980.199123443395,1.0,0.18143627582763608,True,,,1,8622532163695204784,1cebbe2c85286d125a19176074641cec80e768fcc76265a176a2887e861b48e2:417,123,7038536378288216900,3eabdfa943524b1077c76342cd49dd883c1d02e6abf0a6e9273162f3d53c340b,0.0
418,0,1.3681208333677226,3.0,edge,elliptical,1.913738973763155,1.2511082421066602,5.944739454555281,1.2281040960560732,120.8461099213595,1,,,,False,0.2795837279341308,0.4276130788002017,False,0.11634186319129562,2.4128096746904184,0.973052004290375,2.855395332855447,diffusive,,8.134278025262393,0.10581955656083383,48.55224118702671,1.2418376958146295,2.591535300793776,3.82692866037098,5.962317436317123,0.4560556844053296,0.11609541164811886,0.8029187153113143,0.16527148648988688,0.3355842186125427,0.9280317640863986,30.746367795321127,3.036965173274017,0.07755490704903216,qp_ode,0.05,100.0,3.43822371653788e-09,100.00000000000001,188.48033507752348,0.8525236064470947,191.0,5.0,0.999,independent_lognormal,False,0.0,False,0.0,42.38450345769173,0.17903553580411224,False,0.0,fixed_device,0,83.8352488853537,118.05332671712425,167.6704977707074,204.94395774055712,107.50854;83.835249;108.17078;117.03402;89.487233;118.05333;86.697402;85.209342;102.47198;92.587643;100.74184;98.930132;99.136065;93.433459;94.419352;116.50486;105.77879,198.80062;167.6705;194.33474;189.94553;178.97447;197.9976;173.3948;170.41868;204.94396;185.17529;198.89142;197.86026;196.57891;186.86692;188.8387;189.8481;183.62519,4.9457111;5.0272209;5.0049862;5.0861229;5.0349499;4.97517;4.9890876;5.0206058;4.8965438;5.0073491;4.9351045;5.0695225;5.0068295;5.0800369;4.971503;4.9932767;4.9559796,8.745573865098777e-08,75.78042602539062,4.379750340177679e-09,42980.199123443395,1.0,0.19268237876144653,True,,,1,3163495297212165319,1cebbe2c85286d125a19176074641cec80e768fcc76265a176a2887e861b48e2:418,123,2977718081634711594,3eabdfa943524b1077c76342cd49dd883c1d02e6abf0a6e9273162f3d53c340b,0.0
419,0,3.0,-0.030700020095220104,edge,circular,1.8522872700606343,0.9421995580758685,8.472606684867436,1.0,160.0179233130545,1,,,,False,0.07726763144652357,0.19679715646688023,False,0.18768013646924347,2.0310492714538206,1.149142158221018,2.674201304717409,ballistic,18.756186932152747,,0.08175573470764368,44.77291111692929,0.6052213208525702,2.6973650284568866,3.929412172102521,8.504671105379042,0.4207324904544957,0.212759282940703,0.831891449348124,0.06767741473701482,0.08911442534617303,0.6864600687261307,24.835805219256493,3.248926539957973,0.003998328011633099,qp_ode,0.05,100.0,1.790154965974846e-08,100.00000000000001,188.48033507752348,1.9548970461927107,191.0,5.0,0.999,independent_lognormal,False,0.0,False,0.0,7.680024051040563,0.48988874011891825,False,0.0,fixed_device,0,83.8352488853537,118.05332671712425,167.6704977707074,204.94395774055712,107.50854;83.835249;108.17078;117.03402;89.487233;118.05333;86.697402;85.209342;102.47198;92.587643;100.74184;98.930132;99.136065;93.433459;94.419352;116.50486;105.77879,198.80062;167.6705;194.33474;189.94553;178.97447;197.9976;173.3948;170.41868;204.94396;185.17529;198.89142;197.86026;196.57891;186.86692;188.8387;189.8481;183.62519,4.9457111;5.0272209;5.0049862;5.0861229;5.0349499;4.97517;4.9890876;5.0206058;4.8965438;5.0073491;4.9351045;5.0695225;5.0068295;5.0800369;4.971503;4.9932767;4.9559796,2.674993879736576e-07,43.2978515625,1.339553179491304e-08,42980.199123443395,1.0,0.20003246560409635,True,,,2,14771981036321326482,1cebbe2c85286d125a19176074641cec80e768fcc76265a176a2887e861b48e2:419,123,1432549682994520100,3eabdfa943524b1077c76342cd49dd883c1d02e6abf0a6e9273162f3d53c340b,0.0
420,0,2.1325693646171473,3.0,edge,circular,2.2395985469764077,1.2873733127498979,4.623767495670022,1.0,19.35851544813779,1,,,,False,0.12789114101344504,0.8389253767898719,False,0.26582046158091,2.1319349014372833,0.7951999437512051,2.1896714299975044,ballistic,39.763546360813834,,0.0733092128538324,49.07758494286792,0.9438148029422169,3.205631749953862,3.910912520798381,8.797390450593662,0.46677856111089855,0.11253645503081358,0.9857411380818151,0.12208568776470462,0.25482435804745973,0.7872869690240785,28.711698126069095,3.1228090412692993,0.06474215332788981,qp_ode,0.05,100.0,8.346035225303e-09,100.00000000000001,188.48033507752348,0.677656426592298,191.0,5.0,0.999,independent_lognormal,False,0.0,False,0.0,39.380986849266144,0.4698880364245012,False,0.0,fixed_device,0,83.8352488853537,118.05332671712425,167.6704977707074,204.94395774055712,107.50854;83.835249;108.17078;117.03402;89.487233;118.05333;86.697402;85.209342;102.47198;92.587643;100.74184;98.930132;99.136065;93.433459;94.419352;116.50486;105.77879,198.80062;167.6705;194.33474;189.94553;178.97447;197.9976;173.3948;170.41868;204.94396;185.17529;198.89142;197.86026;196.57891;186.86692;188.8387;189.8481;183.62519,4.9457111;5.0272209;5.0049862;5.0861229;5.0349499;4.97517;4.9890876;5.0206058;4.8965438;5.0073491;4.9351045;5.0695225;5.0068295;5.0800369;4.971503;4.9932767;4.9559796,2.526771254451887e-07,49.34366226196289,1.2642799696038765e-08,42980.199123443395,1.0,0.19581578557698176,True,,,1,13822222872121780162,1cebbe2c85286d125a19176074641cec80e768fcc76265a176a2887e861b48e2:420,123,6208135047108344273,3eabdfa943524b1077c76342cd49dd883c1d02e6abf0a6e9273162f3d53c340b,0.0
421,0,-2.0133269574139105,-3.0,edge,elliptical,1.90482293266357,1.2860920338725452,8.072927572092153,2.1771938176667307,60.08617225488461,1,,,,False,0.17695960652460319,0.21305390127700852,False,0.36913789903352945,1.6959264489598356,1.0039551050293096,2.165607753258506,ballistic,37.95556650600127,,0.06407381207479103,78.23084964694361,1.4173840834705431,3.118130769912758,3.7916122874561156,7.5639076577167,0.22757523473688723,0.17320864338582523,0.8814444053486756,0.5720543643973443,0.2578435577034992,1.0462497362024146,34.03566765357308,2.9078680447155825,0.0044184354210317165,qp_ode,0.05,100.0,1.2974454336908282e-09,100.00000000000001,188.48033507752348,1.0725133049007047,191.0,5.0,0.999,independent_lognormal,False,0.0,False,0.0,11.240235338835474,0.09459819336774755,False,0.0,fixed_device,0,83.8352488853537,118.05332671712425,167.6704977707074,204.94395774055712,107.50854;83.835249;108.17078;117.03402;89.487233;118.05333;86.697402;85.209342;102.47198;92.587643;100.74184;98.930132;99.136065;93.433459;94.419352;116.50486;105.77879,198.80062;167.6705;194.33474;189.94553;178.97447;197.9976;173.3948;170.41868;204.94396;185.17529;198.89142;197.86026;196.57891;186.86692;188.8387;189.8481;183.62519,4.9457111;5.0272209;5.0049862;5.0861229;5.0349499;4.97517;4.9890876;5.0206058;4.8965438;5.0073491;4.9351045;5.0695225;5.0068295;5.0800369;4.971503;4.9932767;4.9559796,2.2346380745830174e-08,79.04893493652344,1.1181345849209379e-09,42980.199123443395,1.0,0.17215350233621624,True,,,1,12254060056290657568,1cebbe2c85286d125a19176074641cec80e768fcc76265a176a2887e861b48e2:421,123,8380862301851568633,3eabdfa943524b1077c76342cd49dd883c1d02e6abf0a6e9273162f3d53c340b,0.0
422,0,-1.6710576690829435,-2.1179196244795806,inside,elliptical,2.388955760187807,1.0121641887339354,3.3200620937115017,2.4850351374054434,26.19126135546667,1,,,,False,0.16818090774268973,0.24265241479200428,False,0.28425126707781256,3.9825167392003276,0.9004203489258781,2.300187712066979,diffusive,,12.149666329446445,0.059518445925149155,39.61081065227853,1.9464647806759996,3.3236742337678304,3.7930892774913825,5.320525987630726,0.416902158887947,0.16923816738071745,0.9278339104901357,0.08466527155014206,0.0894953145256932,0.7670137992258877,30.626871055181248,2.8858470394246725,0.05744007282256455,qp_ode,0.05,100.0,1.410244809925789e-08,100.00000000000001,188.48033507752348,1.1849392921026936,191.0,5.0,0.999,independent_lognormal,False,0.0,False,0.0,50.0742958828064,0.5994217044796808,False,0.0,fixed_device,0,83.8352488853537,118.05332671712425,167.6704977707074,204.94395774055712,107.50854;83.835249;108.17078;117.03402;89.487233;118.05333;86.697402;85.209342;102.47198;92.587643;100.74184;98.930132;99.136065;93.433459;94.419352;116.50486;105.77879,198.80062;167.6705;194.33474;189.94553;178.97447;197.9976;173.3948;170.41868;204.94396;185.17529;198.89142;197.86026;196.57891;186.86692;188.8387;189.8481;183.62519,4.9457111;5.0272209;5.0049862;5.0861229;5.0349499;4.97517;4.9890876;5.0206058;4.8965438;5.0073491;4.9351045;5.0695225;5.0068295;5.0800369;4.971503;4.9932767;4.9559796,2.848553037892998e-07,46.5245361328125,1.4252623969923661e-08,42980.199123443395,1.0,0.17915838097355563,True,,,2,8770554134396419214,1cebbe2c85286d125a19176074641cec80e768fcc76265a176a2887e861b48e2:422,123,4997045036729045649,3eabdfa943524b1077c76342cd49dd883c1d02e6abf0a6e9273162f3d53c340b,0.0
423,0,2.9252779181971356,-2.509895089993608,inside,elliptical,2.3110484816099746,1.1889311717234867,9.582643960523814,2.079129688896151,72.9457198562475,1,,,,False,0.10947798061071784,0.47181600144642566,False,0.2971216773730696,2.5472159217603036,1.0050621079065207,2.484518407975524,diffusive,,8.283900858909854,0.0654265359694675,13.014920408748534,0.7794139165899101,3.5997949880022295,4.9035063618844505,7.220116693420824,0.5370150070048061,0.2466383383881212,0.8594338944156591,0.2159625659399624,0.2762313325048699,0.8304813725748152,30.305789710710354,3.172063127609314,0.06542030326628676,qp_ode,0.05,100.0,1.9283112071584606e-09,100.00000000000001,188.48033507752348,0.46286343362802634,191.0,5.0,0.999,independent_lognormal,False,0.0,False,0.0,33.7451480600642,0.4992297475614319,False,0.0,fixed_device,0,83.8352488853537,118.05332671712425,167.6704977707074,204.94395774055712,107.50854;83.835249;108.17078;117.03402;89.487233;118.05333;86.697402;85.209342;102.47198;92.587643;100.74184;98.930132;99.136065;93.433459;94.419352;116.50486;105.77879,198.80062;167.6705;194.33474;189.94553;178.97447;197.9976;173.3948;170.41868;204.94396;185.17529;198.89142;197.86026;196.57891;186.86692;188.8387;189.8481;183.62519,4.9457111;5.0272209;5.0049862;5.0861229;5.0349499;4.97517;4.9890876;5.0206058;4.8965438;5.0073491;4.9351045;5.0695225;5.0068295;5.0800369;4.971503;4.9932767;4.9559796,4.254152230487307e-08,79.17414093017578,2.1368566915924703e-09,42980.199123443395,1.0,0.19879902050706505,True,,,1,14064842603768883584,1cebbe2c85286d125a19176074641cec80e768fcc76265a176a2887e861b48e2:423,123,2822426935202978890,3eabdfa943524b1077c76342cd49dd883c1d02e6abf0a6e9273162f3d53c340b,0.0
424,0,-1.3776801811380166,3.7141956413923385,outside,elliptical,1.9765240971497113,1.4304958742322609,3.2863348531669843,1.9121957967549517,9.96730192808662,1,,,,False,0.28991855673746725,0.8911657982003366,False,0.10625656770804676,2.520359890450093,0.7988195542260432,2.6425424698254476,ballistic,20.556326266069497,,0.08157387665828351,74.40520644538663,1.1572026153866903,3.1776952641108434,4.027329445093849,9.090926127746007,0.3261297880918289,0.4620433232429747,0.8056720032672539,0.10380833132733631,0.4731498012687856,0.8560010130300657,33.487417424960796,2.839861493905637,0.0683437092822221,qp_ode,0.05,100.0,3.827972125742462e-10,100.00000000000001,188.48033507752348,0.7671386444712951,191.0,5.0,0.999,independent_lognormal,False,0.0,False,0.0,18.91251625094402,0.10395814373810139,False,0.0,fixed_device,0,83.8352488853537,118.05332671712425,167.6704977707074,204.94395774055712,107.50854;83.835249;108.17078;117.03402;89.487233;118.05333;86.697402;85.209342;102.47198;92.587643;100.74184;98.930132;99.136065;93.433459;94.419352;116.50486;105.77879,198.80062;167.6705;194.33474;189.94553;178.97447;197.9976;173.3948;170.41868;204.94396;185.17529;198.89142;197.86026;196.57891;186.86692;188.8387;189.8481;183.62519,4.9457111;5.0272209;5.0049862;5.0861229;5.0349499;4.97517;4.9890876;5.0206058;4.8965438;5.0073491;4.9351045;5.0695225;5.0068295;5.0800369;4.971503;4.9932767;4.9559796,6.190188361898663e-09,83.82615661621094,3.1050662041565147e-10,42980.199123443395,1.0,0.1784943129425202,True,,,0,2177614067069654438,1cebbe2c85286d125a19176074641cec80e768fcc76265a176a2887e861b48e2:424,123,7267510799791032960,3eabdfa943524b1077c76342cd49dd883c1d02e6abf0a6e9273162f3d53c340b,0.0
425,0,-3.5914287592259404,1.0817647395183485,outside,elliptical,2.11650142537732,1.2414092319991834,6.830645026352317,1.1799770254556357,23.171860172852725,1,,,,False,0.22010755585117991,0.001923240444031693,False,0.11442969638523531,3.447143359275806,1.2254786292028164,2.1624278622994813,ballistic,31.24550361208063,,0.11993876240033001,58.47547546127092,1.1830847383604755,2.0961046602832694,5.433529164791558,5.854654182200086,0.4527713382802272,0.217565542938439,0.9342298332478229,0.790392836097545,0.2890737079930545,0.7914359935011842,32.4962626188613,3.173643014901549,0.010666541509440668,qp_ode,0.05,100.0,2.985498248677108e-09,100.00000000000001,188.48033507752348,1.6364687042897688,191.0,5.0,0.999,independent_lognormal,False,0.0,False,0.0,18.44466627940912,0.20466883621268495,False,0.0,fixed_device,0,83.8352488853537,118.05332671712425,167.6704977707074,204.94395774055712,107.50854;83.835249;108.17078;117.03402;89.487233;118.05333;86.697402;85.209342;102.47198;92.587643;100.74184;98.930132;99.136065;93.433459;94.419352;116.50486;105.77879,198.80062;167.6705;194.33474;189.94553;178.97447;197.9976;173.3948;170.41868;204.94396;185.17529;198.89142;197.86026;196.57891;186.86692;188.8387;189.8481;183.62519,4.9457111;5.0272209;5.0049862;5.0861229;5.0349499;4.97517;4.9890876;5.0206058;4.8965438;5.0073491;4.9351045;5.0695225;5.0068295;5.0800369;4.971503;4.9932767;4.9559796,6.96621000884079e-08,75.41206359863281,3.484331267955554e-09,42980.199123443395,1.0,0.18986236937230358,True,,,1,10203711196439626313,1cebbe2c85286d125a19176074641cec80e768fcc76265a176a2887e861b48e2:425,123,5474428679987027903,3eabdfa943524b1077c76342cd49dd883c1d02e6abf0a6e9273162f3d53c340b,0.0
426,0,-1.586211129333362,-0.8373067238168526,inside,elliptical,2.3629812589333326,1.0811587946573076,4.490191390383117,2.3037720049046717,47.28911930363456,1,,,,False,0.25230638556488255,0.9038618242051667,False,0.21939342092489783,3.7568257679109847,1.1390071385219622,2.5663202448192006,diffusive,,16.806005301495347,0.023945441617793134,76.6813207319864,0.4432418683182567,2.6230646464571308,6.326003174305625,5.742049239545699,0.23438382203273206,0.47399475629761467,0.9685754257155121,0.35805991821247746,0.4644833722924904,0.7218727861847409,33.54818377360714,3.029218401683818,0.05220400209399499,qp_ode,0.05,100.0,4.4212068863191564e-10,100.00000000000001,188.48033507752348,1.2675419768206204,191.0,5.0,0.999,independent_lognormal,False,0.0,False,0.0,21.088597398688442,0.3852605692078184,False,0.0,fixed_device,0,83.8352488853537,118.05332671712425,167.6704977707074,204.94395774055712,107.50854;83.835249;108.17078;117.03402;89.487233;118.05333;86.697402;85.209342;102.47198;92.587643;100.74184;98.930132;99.136065;93.433459;94.419352;116.50486;105.77879,198.80062;167.6705;194.33474;189.94553;178.97447;197.9976;173.3948;170.41868;204.94396;185.17529;198.89142;197.86026;196.57891;186.86692;188.8387;189.8481;183.62519,4.9457111;5.0272209;5.0049862;5.0861229;5.0349499;4.97517;4.9890876;5.0206058;4.8965438;5.0073491;4.9351045;5.0695225;5.0068295;5.0800369;4.971503;4.9932767;4.9559796,1.013541606198487e-08,81.93109893798828,5.075596054560094e-10,42980.199123443395,1.0,0.18752154524679865,True,,,0,5193865960296207684,1cebbe2c85286d125a19176074641cec80e768fcc76265a176a2887e861b48e2:426,123,4127045957047312728,3eabdfa943524b1077c76342cd49dd883c1d02e6abf0a6e9273162f3d53c340b,0.0
427,0,-0.717873186209848,-1.812916647001983,inside,elliptical,2.0552160079720787,1.075312486215586,8.885579722868199,2.2167549931537636,80.28344363639731,1,,,,False,0.38916673954014486,0.32549431274179863,False,0.24205177355851518,3.8485830263826664,0.82607087126476,1.680395916380344,ballistic,12.237560933783742,,0.11671078744655326,4.137581830631802,1.906582175169008,2.8120808029775093,5.154655137376087,5.27357713916785,0.1854156082128421,0.41577105598686737,0.896730968780157,0.14844844538177907,0.22952552208072802,0.7227527923095077,27.444664309308664,3.348741815969318,0.0012445013766086799,qp_ode,0.05,100.0,4.366446579882311e-09,100.00000000000001,188.48033507752348,1.492724571204002,191.0,5.0,0.999,independent_lognormal,False,0.0,False,0.0,10.126997384338123,0.5066445887756855,False,0.0,fixed_device,0,83.8352488853537,118.05332671712425,167.6704977707074,204.94395774055712,107.50854;83.835249;108.17078;117.03402;89.487233;118.05333;86.697402;85.209342;102.47198;92.587643;100.74184;98.930132;99.136065;93.433459;94.419352;116.50486;105.77879,198.80062;167.6705;194.33474;189.94553;178.97447;197.9976;173.3948;170.41868;204.94396;185.17529;198.89142;197.86026;196.57891;186.86692;188.8387;189.8481;183.62519,4.9457111;5.0272209;5.0049862;5.0861229;5.0349499;4.97517;4.9890876;5.0206058;4.8965438;5.0073491;4.9351045;5.0695225;5.0068295;5.0800369;4.971503;4.9932767;4.9559796,9.84509540558065e-08,65.03317260742188,4.92534679708001e-09,42980.199123443395,1.0,0.19971411276093853,True,,,1,11728024445480799897,1cebbe2c85286d125a19176074641cec80e768fcc76265a176a2887e861b48e2:427,123,4532757814267596280,3eabdfa943524b1077c76342cd49dd883c1d02e6abf0a6e9273162f3d53c340b,0.0
428,0,3.80702532273584,-0.9927034319192583,outside,circular,2.330144192641227,0.8067305487287706,6.853198216475505,1.0,122.37857469756976,1,,,,False,0.07535262985790758,0.8992413935905101,False,0.3259679955574486,3.8199420995945395,1.1757800174036235,1.3362813640522404,ballistic,22.03230499453652,,0.056648265203017314,18.171144766146867,1.1690231719726925,3.3038496848400194,5.399815240317655,5.444405986091239,0.40638847637999664,0.13005025618022947,0.8225299969363226,0.6751233611380169,0.2842534045967491,1.0006463113138855,26.883269447451532,3.1663719948007882,0.02779357737251355,qp_ode,0.05,100.0,7.103152236283625e-09,100.00000000000001,188.48033507752348,1.8785006107748465,191.0,5.0,0.999,independent_lognormal,False,0.0,False,0.0,7.110331841995738,0.10961542201154884,False,0.0,fixed_device,0,83.8352488853537,118.05332671712425,167.6704977707074,204.94395774055712,107.50854;83.835249;108.17078;117.03402;89.487233;118.05333;86.697402;85.209342;102.47198;92.587643;100.74184;98.930132;99.136065;93.433459;94.419352;116.50486;105.77879,198.80062;167.6705;194.33474;189.94553;178.97447;197.9976;173.3948;170.41868;204.94396;185.17529;198.89142;197.86026;196.57891;186.86692;188.8387;189.8481;183.62519,4.9457111;5.0272209;5.0049862;5.0861229;5.0349499;4.97517;4.9890876;5.0206058;4.8965438;5.0073491;4.9351045;5.0695225;5.0068295;5.0800369;4.971503;4.9932767;4.9559796,1.3884813654385653e-07,59.62049102783203,6.947680208924112e-09,42980.199123443395,1.0,0.19438044420232461,True,,,1,11233593421492531902,1cebbe2c85286d125a19176074641cec80e768fcc76265a176a2887e861b48e2:428,123,3163193580253697241,3eabdfa943524b1077c76342cd49dd883c1d02e6abf0a6e9273162f3d53c340b,0.0
429,0,-0.9926075986601517,3.0,edge,circular,1.8412981371372008,1.2587268170071575,7.821928095933518,1.0,165.7860034290383,1,,,,False,0.0823013008827865,0.48736310661676996,False,0.32220898659580377,1.9466826539260818,0.9839055017940685,1.2094201807374263,diffusive,,10.143629075159655,0.041006296504734266,32.761305733090815,1.0776136167532242,3.4931505456092395,4.38558250951436,9.031041200852272,0.5311938528525869,0.48440484458958155,0.8947257993404918,0.3735461918980314,0.43575032571101135,0.996437529348643,33.228228417411415,3.053334398590397,0.06916592506782342,qp_ode,0.05,100.0,2.0448704864811953e-09,100.00000000000001,188.48033507752348,0.4781510657323734,191.0,5.0,0.999,independent_lognormal,False,0.0,False,0.0,16.326520457530243,0.4570767067081073,False,0.0,fixed_device,0,83.8352488853537,118.05332671712425,167.6704977707074,204.94395774055712,107.50854;83.835249;108.17078;117.03402;89.487233;118.05333;86.697402;85.209342;102.47198;92.587643;100.74184;98.930132;99.136065;93.433459;94.419352;116.50486;105.77879,198.80062;167.6705;194.33474;189.94553;178.97447;197.9976;173.3948;170.41868;204.94396;185.17529;198.89142;197.86026;196.57891;186.86692;188.8387;189.8481;183.62519,4.9457111;5.0272209;5.0049862;5.0861229;5.0349499;4.97517;4.9890876;5.0206058;4.8965438;5.0073491;4.9351045;5.0695225;5.0068295;5.0800369;4.971503;4.9932767;4.9559796,3.76928035450419e-08,81.13990020751953,1.8873669294094952e-09,42980.199123443395,1.0,0.19203132343601254,True,,,1,15901761071303717104,1cebbe2c85286d125a19176074641cec80e768fcc76265a176a2887e861b48e2:429,123,561313690323464846,3eabdfa943524b1077c76342cd49dd883c1d02e6abf0a6e9273162f3d53c340b,0.0
430,0,-1.5971396343521702,3.0,edge,elliptical,2.068273360354404,1.4209239664408697,3.7664034513909144,1.6759922736718242,67.84138751210942,1,,,,False,0.1744665032900997,0.873009733703436,False,0.22710473441278792,3.772805161492972,0.6636619373429224,2.997883162636625,diffusive,,15.208115805394867,0.11275933947136023,17.468928785877374,0.6396341790598635,2.2400516091316494,3.809627655744923,7.372636356650118,0.5816329022199721,0.20558836699553362,0.8067051895771221,0.5272487187564096,0.13786064467647985,0.9455988325660769,26.398703138854927,2.9846734427876687,0.013126609604895582,qp_ode,0.05,100.0,4.639080141205242e-08,100.00000000000001,188.48033507752348,0.2923712739651164,191.0,5.0,0.999,independent_lognormal,False,0.0,False,0.0,35.18155313470723,0.3562153361244096,False,0.0,fixed_device,0,83.8352488853537,118.05332671712425,167.6704977707074,204.94395774055712,107.50854;83.835249;108.17078;117.03402;89.487233;118.05333;86.697402;85.209342;102.47198;92.587643;100.74184;98.930132;99.136065;93.433459;94.419352;116.50486;105.77879,198.80062;167.6705;194.33474;189.94553;178.97447;197.9976;173.3948;170.41868;204.94396;185.17529;198.89142;197.86026;196.57891;186.86692;188.8387;189.8481;183.62519,4.9457111;5.0272209;5.0049862;5.0861229;5.0349499;4.97517;4.9890876;5.0206058;4.8965438;5.0073491;4.9351045;5.0695225;5.0068295;5.0800369;4.971503;4.9932767;4.9559796,9.092486266126798e-07,20.218734741210938,4.555885269041937e-08,42980.199123443395,1.0,0.17842462578911694,True,,,2,2325070918789341870,1cebbe2c85286d125a19176074641cec80e768fcc76265a176a2887e861b48e2:430,123,3158725246967364070,3eabdfa943524b1077c76342cd49dd883c1d02e6abf0a6e9273162f3d53c340b,0.06235638786764706
431,0,-0.3833997045467279,-1.5791885439486937,inside,elliptical,2.386706219842564,1.5674959510923243,7.168939281615809,1.6953725943941507,8.890584270650288,1,,,,False,0.2560795498731934,0.6435903800706648,False,0.31401211266798457,2.9757569963857837,0.7356207066682955,2.314753718598989,ballistic,27.776730400429976,,0.08476505224975293,26.364093995892812,1.1344300759411408,2.681024126585829,6.125707868204596,8.967652163733609,0.42838574770144466,0.4237318012021226,0.8074101768684128,0.6770075487766318,0.11772353782851867,0.7369920620150081,25.129813757940987,2.972223927462138,0.025170591444299797,qp_ode,0.05,100.0,1.0531590464072819e-10,100.00000000000001,188.48033507752348,1.9649420714612729,191.0,5.0,0.999,independent_lognormal,False,0.0,False,0.0,5.313944078769736,0.6221520432832613,False,0.0,fixed_device,0,83.8352488853537,118.05332671712425,167.6704977707074,204.94395774055712,107.50854;83.835249;108.17078;117.03402;89.487233;118.05333;86.697402;85.209342;102.47198;92.587643;100.74184;98.930132;99.136065;93.433459;94.419352;116.50486;105.77879,198.80062;167.6705;194.33474;189.94553;178.97447;197.9976;173.3948;170.41868;204.94396;185.17529;198.89142;197.86026;196.57891;186.86692;188.8387;189.8481;183.62519,4.9457111;5.0272209;5.0049862;5.0861229;5.0349499;4.97517;4.9890876;5.0206058;4.8965438;5.0073491;4.9351045;5.0695225;5.0068295;5.0800369;4.971503;4.9932767;4.9559796,3.1143725376381326e-09,82.90238952636719,1.5617129811573705e-10,42980.199123443395,1.0,0.17898370960973395,True,,,0,14485973372817204093,1cebbe2c85286d125a19176074641cec80e768fcc76265a176a2887e861b48e2:431,123,8333372473376923526,3eabdfa943524b1077c76342cd49dd883c1d02e6abf0a6e9273162f3d53c340b,0.0
