event,run_id,epicenter_row,epicenter_col,epicenter_region,geometry,initial_beta,late_beta,beta_transition_ms,axis_ratio,angle_degrees,source_count,secondary_epicenter_row,secondary_epicenter_col,secondary_source_strength,reflection_enabled,reflection_coefficient,reflection_boundary_margin_mm,halo_enabled,halo_strength,halo_lambda_multiplier,halo_beta,halo_front_width_multiplier,propagation_law,apparent_speed_m_per_s,diffusion_coefficient_mm2_per_ms,front_width_ms,arrival_jitter_sd_us,arrival_jitter_correlation_length_mm,initial_lambda_mm,maximum_lambda_mm,maximum_distance_mm,spread_time_ms,cutoff_width_mm,maximum_amplitude,prompt_fraction,rise_time_ms,peak_time_ms,decay_time_ms,baseline_total_errors,baseline_drift_fraction,temporal_backend,qp_trapping_rate_per_us,qp_recombination_rate_per_us,qp_generation_scale_per_us,qp_baseline_t1_us,qp_baseline_t2_us,qp_measurement_exposure_us,qp_al_gap_uev,qp_qubit_frequency_ghz,qp_maximum_radiation_probability,qp_source_decay_mode,qp_dephasing_enabled,qp_charging_energy_ghz,qp_frequency_shift_enabled,qp_frequency_shift_coefficient_a,qp_source_lifetime_ms,event_onset_ms,is_control,global_spatial_mixing_fraction,qp_hardware_mode,qp_device_id,qp_baseline_t1_min_us,qp_baseline_t1_max_us,qp_baseline_t2_min_us,qp_baseline_t2_max_us,qp_baseline_t1_by_qubit_us,qp_baseline_t2_by_qubit_us,qp_qubit_frequency_by_qubit_ghz,qp_peak_density,qp_minimum_t1_us,qp_peak_generation_rate_per_us,qp_relaxation_coefficient_per_us,qp_generation_event_scale,achieved_peak_error_fraction,spatial_residual_enabled,low_rank_spatial_coefficients,missing_qubits,strength_band,generation_seed,event_uid,device_seed,syndrome_seed,circuit_id,fraction_round_qubits_below_30us
792,0,-1.77246614198705,0.9686085822528816,inside,elliptical,2.278866375455128,1.466481978224885,7.788113821937481,1.1303442104794128,60.10710208233747,1,,,,False,0.37500504943125695,0.790564915511295,False,0.3699547082556214,3.1798794072502794,0.5791488110869836,2.0094268291418658,diffusive,,6.76967658016366,0.08637035568310894,43.79690937637967,0.5119037389118127,2.924487666314012,4.652907557224996,5.087457824382968,0.4672201558748179,0.425667081308858,0.9914184626427138,0.361777870746021,0.37518238004217713,0.6697372627645739,25.59801462066787,2.81792133939931,0.07093654485974848,qp_ode,0.05,100.0,1.398473730736608e-07,100.00000000000001,188.48033507752348,1.6217539466093938,191.0,5.0,0.999,independent_lognormal,False,0.0,False,0.0,13.71294694878552,0.4152241866336867,False,0.0,fixed_device,0,83.8352488853537,118.05332671712425,167.6704977707074,204.94395774055712,107.50854;83.835249;108.17078;117.03402;89.487233;118.05333;86.697402;85.209342;102.47198;92.587643;100.74184;98.930132;99.136065;93.433459;94.419352;116.50486;105.77879,198.80062;167.6705;194.33474;189.94553;178.97447;197.9976;173.3948;170.41868;204.94396;185.17529;198.89142;197.86026;196.57891;186.86692;188.8387;189.8481;183.62519,4.9457111;5.0272209;5.0049862;5.0861229;5.0349499;4.97517;4.9890876;5.0206058;4.8965438;5.0073491;4.9351045;5.0695225;5.0068295;5.0800369;4.971503;4.9932767;4.9559796,2.4932785436249105e-06,8.473603248596191,1.2567264207064e-07,42980.199123443395,1.0,0.22472596543963266,True,,,2,4843399734683057269,1cebbe2c85286d125a19176074641cec80e768fcc76265a176a2887e861b48e2:792,123,8065610893990698824,3eabdfa943524b1077c76342cd49dd883c1d02e6abf0a6e9273162f3d53c340b,0.28963694852941174
793,0,-0.4913548546342117,0.5290633069953286,inside,circular,1.9629170421011717,1.4655295175755678,4.264715448527521,1.0,151.563633952547,1,,,,False,0.1178423439662547,0.3056229375326771,False,0.2147934038024664,3.444867434871428,0.74738093117736,1.7895444507294271,diffusive,,17.500850976019752,0.08230731224358397,10.301929667403122,1.6987611901571604,3.334881073484324,5.174033099403145,9.627208600107739,0.38223375491311595,0.1338751797136527,0.8091615557183756,0.5306605226849024,0.2547603865676698,1.1528836030655922,30.70319810520812,2.90877266226623,0.04884465307596009,qp_ode,0.05,100.0,9.220874878982483e-08,100.00000000000001,188.48033507752348,0.2032427576753801,191.0,5.0,0.999,independent_lognormal,False,0.0,False,0.0,6.843348944989992,0.31665956511832344,False,0.0,fixed_device,0,83.8352488853537,118.05332671712425,167.6704977707074,204.94395774055712,107.50854;83.835249;108.17078;117.03402;89.487233;118.05333;86.697402;85.209342;102.47198;92.587643;100.74184;98.930132;99.136065;93.433459;94.419352;116.50486;105.77879,198.80062;167.6705;194.33474;189.94553;178.97447;197.9976;173.3948;170.41868;204.94396;185.17529;198.89142;197.86026;196.57891;186.86692;188.8387;189.8481;183.62519,4.9457111;5.0272209;5.0049862;5.0861229;5.0349499;4.97517;4.9890876;5.0206058;4.8965438;5.0073491;4.9351045;5.0695225;5.0068295;5.0800369;4.971503;4.9932767;4.9559796,1.5463671161342063e-06,12.765422821044922,7.756113973300671e-08,42980.199123443395,1.0,0.1822860128387453,True,,,2,6872054525633668834,1cebbe2c85286d125a19176074641cec80e768fcc76265a176a2887e861b48e2:793,123,2897132800634581783,3eabdfa943524b1077c76342cd49dd883c1d02e6abf0a6e9273162f3d53c340b,0.6478056066176471
794,0,3.0,1.333544670079795,edge,elliptical,1.7436383298898275,1.4230827649242146,6.977949887350241,1.0368903488145733,27.75433977458086,1,,,,False,0.3044479136508836,0.7683310545239662,False,0.2556819944612486,3.2486553077717115,1.1043929853424732,1.0968832207769028,diffusive,,15.631049041655606,0.03804187847113138,30.460343983359355,0.819274801799134,2.578001764563914,4.073075544504792,9.186527191252315,0.35972314441941367,0.12188978173955119,0.8456352689858332,0.6307838410572625,0.32117987699136014,0.601718161742608,33.46367513831995,3.308868552080951,0.03212650120181736,qp_ode,0.05,100.0,7.25914056412867e-08,100.00000000000001,188.48033507752348,1.780203979709168,191.0,5.0,0.999,independent_lognormal,False,0.0,False,0.0,8.687167518754084,0.4887148197178598,False,0.0,fixed_device,0,83.8352488853537,118.05332671712425,167.6704977707074,204.94395774055712,107.50854;83.835249;108.17078;117.03402;89.487233;118.05333;86.697402;85.209342;102.47198;92.587643;100.74184;98.930132;99.136065;93.433459;94.419352;116.50486;105.77879,198.80062;167.6705;194.33474;189.94553;178.97447;197.9976;173.3948;170.41868;204.94396;185.17529;198.89142;197.86026;196.57891;186.86692;188.8387;189.8481;183.62519,4.9457111;5.0272209;5.0049862;5.0861229;5.0349499;4.97517;4.9890876;5.0206058;4.8965438;5.0073491;4.9351045;5.0695225;5.0068295;5.0800369;4.971503;4.9932767;4.9559796,1.4708083426739904e-06,13.935874938964844,7.392821288476625e-08,42980.199123443395,1.0,0.22312840412016566,True,,,2,7529121116377505995,1cebbe2c85286d125a19176074641cec80e768fcc76265a176a2887e861b48e2:794,123,3991811913950708486,3eabdfa943524b1077c76342cd49dd883c1d02e6abf0a6e9273162f3d53c340b,0.23756318933823528
795,0,2.8817196161888194,3.7790723006062583,outside,elliptical,2.1008304336452097,0.8789211621200248,9.795072232897956,1.9380084455667146,21.649690147982025,1,,,,False,0.3658389054384409,0.04755451716392034,False,0.20428858411484496,2.6214948368393376,1.132993877801331,1.1860765501280062,diffusive,,17.544081578815813,0.10997310840489798,57.887589090055926,0.4845396513480383,2.8463224951044035,6.2423992027882065,7.148458291451371,0.25198387534874356,0.3510631787960736,0.847310136792542,0.04783730624768765,0.24360478692635534,0.6219636996215276,32.22582424655896,2.8381519591495583,0.019643191797172437,qp_ode,0.05,100.0,1.8538357670557155e-10,100.00000000000001,188.48033507752348,1.0341207540557158,191.0,5.0,0.999,independent_lognormal,False,0.0,False,0.0,26.304948046183576,0.16269301685663315,False,0.0,fixed_device,0,83.8352488853537,118.05332671712425,167.6704977707074,204.94395774055712,107.50854;83.835249;108.17078;117.03402;89.487233;118.05333;86.697402;85.209342;102.47198;92.587643;100.74184;98.930132;99.136065;93.433459;94.419352;116.50486;105.77879,198.80062;167.6705;194.33474;189.94553;178.97447;197.9976;173.3948;170.41868;204.94396;185.17529;198.89142;197.86026;196.57891;186.86692;188.8387;189.8481;183.62519,4.9457111;5.0272209;5.0049862;5.0861229;5.0349499;4.97517;4.9890876;5.0206058;4.8965438;5.0073491;4.9351045;5.0695225;5.0068295;5.0800369;4.971503;4.9932767;4.9559796,3.805439963144863e-09,83.83525085449219,1.9067598888700132e-10,42980.199123443395,1.0,0.17024112882149112,True,,,0,12181991386541481749,1cebbe2c85286d125a19176074641cec80e768fcc76265a176a2887e861b48e2:795,123,8337068748063180301,3eabdfa943524b1077c76342cd49dd883c1d02e6abf0a6e9273162f3d53c340b,0.0
796,0,-0.7768206048397799,1.0662523655488787,inside,circular,1.7529183868851588,1.3370440585561574,9.071820149172364,1.0,72.82030442846035,1,,,,False,0.1536361504542127,0.7223945133499263,False,0.38024620212358495,3.2456948768097527,1.0473925468262926,1.1799747926998152,diffusive,,6.1899874933318415,0.10180686077260788,43.37894696419231,0.4172676029864823,2.5207328192676184,5.856305431873222,9.069648962939818,0.429179622317283,0.48902154142561616,0.9803235875890421,0.6342504448263939,0.3172870545513923,0.5866044145773712,34.80002768618871,2.810923292127113,0.02762431390864407,qp_ode,0.05,100.0,1.0612052290085936e-09,100.00000000000001,188.48033507752348,1.419250939878282,191.0,5.0,0.999,independent_lognormal,False,0.0,False,0.0,12.682295238190138,0.10226649644037995,False,0.0,fixed_device,0,83.8352488853537,118.05332671712425,167.6704977707074,204.94395774055712,107.50854;83.835249;108.17078;117.03402;89.487233;118.05333;86.697402;85.209342;102.47198;92.587643;100.74184;98.930132;99.136065;93.433459;94.419352;116.50486;105.77879,198.80062;167.6705;194.33474;189.94553;178.97447;197.9976;173.3948;170.41868;204.94396;185.17529;198.89142;197.86026;196.57891;186.86692;188.8387;189.8481;183.62519,4.9457111;5.0272209;5.0049862;5.0861229;5.0349499;4.97517;4.9890876;5.0206058;4.8965438;5.0073491;4.9351045;5.0695225;5.0068295;5.0800369;4.971503;4.9932767;4.9559796,2.748451599643431e-08,79.80276489257812,1.3759726691375818e-09,42980.199123443395,1.0,0.17014350251132052,True,,,1,18067581692030082029,1cebbe2c85286d125a19176074641cec80e768fcc76265a176a2887e861b48e2:796,123,8159700127183859652,3eabdfa943524b1077c76342cd49dd883c1d02e6abf0a6e9273162f3d53c340b,0.0
797,0,-3.0,-1.269717250224042,edge,elliptical,2.145756336537474,1.5040405661487726,5.010769629164806,1.69107260521455,111.59015137371965,1,,,,False,0.20971663243872457,0.7290860977645341,False,0.29090244395351333,3.0331668167371832,0.6092807755746108,1.2302101899117683,diffusive,,12.32033225718848,0.11105848663976177,71.51033514909975,1.0723566287504362,3.2153744289377517,6.132499729740628,7.267802382652708,0.5239889197379827,0.385847791736066,0.9248577186307219,0.26904677862491644,0.10356689274358691,0.7666289553980552,32.04011466514842,2.945288838667354,0.034016347442184965,qp_ode,0.05,100.0,1.9965209586992166e-10,100.00000000000001,188.48033507752348,1.2563797569998292,191.0,5.0,0.999,independent_lognormal,False,0.0,False,0.0,10.310125275485726,0.10606219353327179,False,0.0,fixed_device,0,83.8352488853537,118.05332671712425,167.6704977707074,204.94395774055712,107.50854;83.835249;108.17078;117.03402;89.487233;118.05333;86.697402;85.209342;102.47198;92.587643;100.74184;98.930132;99.136065;93.433459;94.419352;116.50486;105.77879,198.80062;167.6705;194.33474;189.94553;178.97447;197.9976;173.3948;170.41868;204.94396;185.17529;198.89142;197.86026;196.57891;186.86692;188.8387;189.8481;183.62519,4.9457111;5.0272209;5.0049862;5.0861229;5.0349499;4.97517;4.9890876;5.0206058;4.8965438;5.0073491;4.9351045;5.0695225;5.0068295;5.0800369;4.971503;4.9932767;4.9559796,5.293795624083941e-09,82.56809997558594,2.647264629729307e-10,42980.199123443395,1.0,0.17917006764094268,True,,,0,1551319208913307061,1cebbe2c85286d125a19176074641cec80e768fcc76265a176a2887e861b48e2:797,123,384928200865331745,3eabdfa943524b1077c76342cd49dd883c1d02e6abf0a6e9273162f3d53c340b,0.0
798,0,-3.742424034514189,-0.17436837983408626,outside,elliptical,2.2541347506486957,1.0308809959423202,3.691306325023084,1.7120397065326518,142.028503507662,1,,,,False,0.37375916211885796,0.29877611868522,False,0.11859444934807048,2.4456130803394376,0.523475643843991,1.788410514664829,ballistic,30.294397368408255,,0.07514774639653485,7.555810640366332,0.8485136227061884,3.2490800654416563,3.508527568776462,8.286091491350092,0.16572745890524046,0.20203011244737554,0.8630767738790518,0.03410577383563398,0.2508431828925116,0.9031781023762397,24.025979306679375,3.2003072285146215,0.0625004630075448,qp_ode,0.05,100.0,1.5777993265768234e-10,100.00000000000001,188.48033507752348,1.0924830350525445,191.0,5.0,0.999,independent_lognormal,False,0.0,False,0.0,14.861540832616862,0.49248385088989316,False,0.0,fixed_device,0,83.8352488853537,118.05332671712425,167.6704977707074,204.94395774055712,107.50854;83.835249;108.17078;117.03402;89.487233;118.05333;86.697402;85.209342;102.47198;92.587643;100.74184;98.930132;99.136065;93.433459;94.419352;116.50486;105.77879,198.80062;167.6705;194.33474;189.94553;178.97447;197.9976;173.3948;170.41868;204.94396;185.17529;198.89142;197.86026;196.57891;186.86692;188.8387;189.8481;183.62519,4.9457111;5.0272209;5.0049862;5.0861229;5.0349499;4.97517;4.9890876;5.0206058;4.8965438;5.0073491;4.9351045;5.0695225;5.0068295;5.0800369;4.971503;4.9932767;4.9559796,2.1358674828775293e-09,83.49578094482422,1.0691759977365933e-10,42980.199123443395,1.0,0.20001961734207482,True,,,0,13569367449467450146,1cebbe2c85286d125a19176074641cec80e768fcc76265a176a2887e861b48e2:798,123,225059032361193962,3eabdfa943524b1077c76342cd49dd883c1d02e6abf0a6e9273162f3d53c340b,0.0
799,0,-2.307379571166053,0.8559901456693821,inside,elliptical,2.1383907700830997,1.4782306012657185,9.346101812339816,2.374210974160629,107.75002013405619,1,,,,False,0.16353679985720193,0.30129078413655064,False,0.10920686386006379,2.331467352471882,0.6178571889353609,2.429234230901983,ballistic,25.847610634590254,,0.09416821162933656,1.2353659650235027,1.0509474214188703,3.731619655317398,4.633417273419389,9.442747794135267,0.27459061232663556,0.4440045700760258,0.8676307984812909,0.09173761934000613,0.3917296903010015,0.7815713414018873,27.481537150561778,3.194517459471187,0.03521487521769062,qp_ode,0.05,100.0,8.298927223620414e-10,100.00000000000001,188.48033507752348,0.7581803055528513,191.0,5.0,0.999,independent_lognormal,False,0.0,False,0.0,18.609518805420965,0.10121888664876862,False,0.0,fixed_device,0,83.8352488853537,118.05332671712425,167.6704977707074,204.94395774055712,107.50854;83.835249;108.17078;117.03402;89.487233;118.05333;86.697402;85.209342;102.47198;92.587643;100.74184;98.930132;99.136065;93.433459;94.419352;116.50486;105.77879,198.80062;167.6705;194.33474;189.94553;178.97447;197.9976;173.3948;170.41868;204.94396;185.17529;198.89142;197.86026;196.57891;186.86692;188.8387;189.8481;183.62519,4.9457111;5.0272209;5.0049862;5.0861229;5.0349499;4.97517;4.9890876;5.0206058;4.8965438;5.0073491;4.9351045;5.0695225;5.0068295;5.0800369;4.971503;4.9932767;4.9559796,1.3068373050373339e-08,81.31385803222656,6.550891495926692e-10,42980.199123443395,1.0,0.19465841090793254,True,,,0,11827300649160188801,1cebbe2c85286d125a19176074641cec80e768fcc76265a176a2887e861b48e2:799,123,7000804313634320986,3eabdfa943524b1077c76342cd49dd883c1d02e6abf0a6e9273162f3d53c340b,0.0
800,0,-0.0037635004086506996,-1.6000893828963088,inside,elliptical,2.2512681350749695,1.1731305868708168,4.37470742900112,1.8274179320656239,1.5703499768283113,1,,,,False,0.08837829233609133,0.784273868424391,False,0.36013039705595806,2.6839124954722933,1.002768768454949,2.566731129828954,ballistic,17.04210158279478,,0.0733714421974828,79.86026482867345,0.7503550187026706,3.3781364736632673,5.363986066585072,8.720158251015201,0.2391886592783663,0.22476205672944488,0.8430247350947838,0.7835785353943115,0.27795725479315675,0.5537986136287668,29.82874112867749,3.153588553502569,0.06385060136080005,qp_ode,0.05,100.0,9.569060060815933e-08,100.00000000000001,188.48033507752348,1.051884279446391,191.0,5.0,0.999,independent_lognormal,False,0.0,False,0.0,8.239221632338756,0.49259927970239764,False,0.0,fixed_device,0,83.8352488853537,118.05332671712425,167.6704977707074,204.94395774055712,107.50854;83.835249;108.17078;117.03402;89.487233;118.05333;86.697402;85.209342;102.47198;92.587643;100.74184;98.930132;99.136065;93.433459;94.419352;116.50486;105.77879,198.80062;167.6705;194.33474;189.94553;178.97447;197.9976;173.3948;170.41868;204.94396;185.17529;198.89142;197.86026;196.57891;186.86692;188.8387;189.8481;183.62519,4.9457111;5.0272209;5.0049862;5.0861229;5.0349499;4.97517;4.9890876;5.0206058;4.8965438;5.0073491;4.9351045;5.0695225;5.0068295;5.0800369;4.971503;4.9932767;4.9559796,1.9725002857740037e-06,10.630786895751953,9.9056791214025e-08,42980.199123443395,1.0,0.2246916983699179,True,,,2,6122099969886798007,1cebbe2c85286d125a19176074641cec80e768fcc76265a176a2887e861b48e2:800,123,5249023430915269314,3eabdfa943524b1077c76342cd49dd883c1d02e6abf0a6e9273162f3d53c340b,0.6066463694852942
801,0,2.544073127586132,3.5518356644053726,outside,circular,2.0235354727847255,1.087194454602038,3.4724835046474496,1.0,56.22672374353345,1,,,,False,0.34389207698423707,0.57063971071125,False,0.32055534632906196,3.51351972233617,1.0652638065308249,1.6236668888992776,ballistic,32.303395672423036,,0.08637978186752948,67.30529702216205,1.7730133729553317,2.4153228871394212,5.3488674385162165,6.624504718796755,0.593854549671933,0.18513763096779268,0.9234973923270015,0.4861550670395149,0.21449644560040187,0.6039117519078432,34.70626189582903,2.9335887468783834,0.01911186345640358,qp_ode,0.05,100.0,6.384692448023961e-08,100.00000000000001,188.48033507752348,1.1916029198189269,191.0,5.0,0.999,independent_lognormal,False,0.0,False,0.0,79.24659272971861,0.06191809459556552,False,0.0,fixed_device,0,83.8352488853537,118.05332671712425,167.6704977707074,204.94395774055712,107.50854;83.835249;108.17078;117.03402;89.487233;118.05333;86.697402;85.209342;102.47198;92.587643;100.74184;98.930132;99.136065;93.433459;94.419352;116.50486;105.77879,198.80062;167.6705;194.33474;189.94553;178.97447;197.9976;173.3948;170.41868;204.94396;185.17529;198.89142;197.86026;196.57891;186.86692;188.8387;189.8481;183.62519,4.9457111;5.0272209;5.0049862;5.0861229;5.0349499;4.97517;4.9890876;5.0206058;4.8965438;5.0073491;4.9351045;5.0695225;5.0068295;5.0800369;4.971503;4.9932767;4.9559796,1.813667950045783e-06,11.485992431640625,9.113809795735506e-08,42980.199123443395,1.0,0.19527506808960116,True,,,2,13306923872229502348,1cebbe2c85286d125a19176074641cec80e768fcc76265a176a2887e861b48e2:801,123,4140343603487405250,3eabdfa943524b1077c76342cd49dd883c1d02e6abf0a6e9273162f3d53c340b,0.3111787683823529
802,0,-2.4962691807381647,3.0,edge,circular,2.2396838510780377,1.0775420987983946,3.6021253849094252,1.0,19.101292681933064,1,,,,False,0.27913200809067934,0.4975860427973,False,0.3967859613674867,1.9842485445457543,0.5153887795858112,1.4155985870881664,diffusive,,12.207774769950685,0.09073246904963526,53.505245999586634,0.8333829942650834,3.6005863652060386,5.180444756566482,8.26456183955705,0.3032062802140427,0.2444427609326787,0.88827844096621,0.6534951371605675,0.38858679782365185,1.1235886568317446,30.700922645359753,3.360798094187298,0.0495760122939708,qp_ode,0.05,100.0,4.174996171417793e-09,100.00000000000001,188.48033507752348,0.30064651693934524,191.0,5.0,0.999,independent_lognormal,False,0.0,False,0.0,3.9733111983846996,0.6157682597899992,False,0.0,fixed_device,0,83.8352488853537,118.05332671712425,167.6704977707074,204.94395774055712,107.50854;83.835249;108.17078;117.03402;89.487233;118.05333;86.697402;85.209342;102.47198;92.587643;100.74184;98.930132;99.136065;93.433459;94.419352;116.50486;105.77879,198.80062;167.6705;194.33474;189.94553;178.97447;197.9976;173.3948;170.41868;204.94396;185.17529;198.89142;197.86026;196.57891;186.86692;188.8387;189.8481;183.62519,4.9457111;5.0272209;5.0049862;5.0861229;5.0349499;4.97517;4.9890876;5.0206058;4.8965438;5.0073491;4.9351045;5.0695225;5.0068295;5.0800369;4.971503;4.9932767;4.9559796,6.735176327765657e-08,76.66927337646484,3.372616186325672e-09,42980.199123443395,1.0,0.20700588571956602,True,,,1,4442577842127811238,1cebbe2c85286d125a19176074641cec80e768fcc76265a176a2887e861b48e2:802,123,7092871578942310350,3eabdfa943524b1077c76342cd49dd883c1d02e6abf0a6e9273162f3d53c340b,0.0
803,0,3.0,-0.5999611623614092,edge,elliptical,2.1672935463591623,1.1765431168068035,6.121355192952509,1.003406242877214,75.2770475121756,1,,,,False,0.343714195649417,0.8436714064716594,False,0.29035755521512585,3.177950529184505,0.5034685226067916,1.0768637535585464,diffusive,,9.110613953891455,0.11473239859231461,72.4105194777139,1.1310692858665876,3.022262963052804,4.668086462744004,9.735118790390452,0.5612487536642505,0.29797501057159925,0.9093052045819447,0.71038388884103,0.27805137116235945,0.6333958271466784,31.353358333201918,3.3201815989133285,0.05356375981311261,qp_ode,0.05,100.0,8.234002310247565e-09,100.00000000000001,188.48033507752348,1.3731863959801993,191.0,5.0,0.999,independent_lognormal,False,0.0,False,0.0,3.7689527408214327,0.4446167780268867,False,0.0,fixed_device,0,83.8352488853537,118.05332671712425,167.6704977707074,204.94395774055712,107.50854;83.835249;108.17078;117.03402;89.487233;118.05333;86.697402;85.209342;102.47198;92.587643;100.74184;98.930132;99.136065;93.433459;94.419352;116.50486;105.77879,198.80062;167.6705;194.33474;189.94553;178.97447;197.9976;173.3948;170.41868;204.94396;185.17529;198.89142;197.86026;196.57891;186.86692;188.8387;189.8481;183.62519,4.9457111;5.0272209;5.0049862;5.0861229;5.0349499;4.97517;4.9890876;5.0206058;4.8965438;5.0073491;4.9351045;5.0695225;5.0068295;5.0800369;4.971503;4.9932767;4.9559796,2.4136548404385394e-07,47.20930480957031,1.210447120314484e-08,42980.199123443395,1.0,0.2059816155884286,True,,,1,12027463926853062077,1cebbe2c85286d125a19176074641cec80e768fcc76265a176a2887e861b48e2:803,123,862051628530302281,3eabdfa943524b1077c76342cd49dd883c1d02e6abf0a6e9273162f3d53c340b,0.0
804,0,1.6992477277745426,-0.856165542074395,inside,circular,2.3391041459405852,1.4358533439453955,8.490414349232985,1.0,128.47412337718293,1,,,,False,0.1961066861717577,0.3474284931638343,False,0.14266459175454843,3.9625057080903403,0.7176274540806653,2.050043497768184,ballistic,12.475158267809642,,0.07650122508161891,52.910537518530276,1.6006035523812652,2.2237884943710564,3.69035941293477,9.538588953635625,0.3599165094136667,0.14848739289941731,0.8406489898253777,0.03511875904753375,0.42579635776543273,0.9874845651961639,32.44190842822958,2.8898771031256847,0.01889944474998379,qp_ode,0.05,100.0,1.3858012818185456e-09,100.00000000000001,188.48033507752348,1.8297781700680245,191.0,5.0,0.999,independent_lognormal,False,0.0,False,0.0,9.693100809866138,0.10448817339245617,False,0.0,fixed_device,0,83.8352488853537,118.05332671712425,167.6704977707074,204.94395774055712,107.50854;83.835249;108.17078;117.03402;89.487233;118.05333;86.697402;85.209342;102.47198;92.587643;100.74184;98.930132;99.136065;93.433459;94.419352;116.50486;105.77879,198.80062;167.6705;194.33474;189.94553;178.97447;197.9976;173.3948;170.41868;204.94396;185.17529;198.89142;197.86026;196.57891;186.86692;188.8387;189.8481;183.62519,4.9457111;5.0272209;5.0049862;5.0861229;5.0349499;4.97517;4.9890876;5.0206058;4.8965438;5.0073491;4.9351045;5.0695225;5.0068295;5.0800369;4.971503;4.9932767;4.9559796,2.777753671523442e-08,78.0291748046875,1.3919789765282076e-09,42980.199123443395,1.0,0.17370583848329896,True,,,1,14233843143252304087,1cebbe2c85286d125a19176074641cec80e768fcc76265a176a2887e861b48e2:804,123,7567661392872412686,3eabdfa943524b1077c76342cd49dd883c1d02e6abf0a6e9273162f3d53c340b,0.0
805,0,-3.0,-2.4751464899868547,edge,circular,1.7555340993214137,0.813019350913887,6.653490087121733,1.0,79.45854096225679,1,,,,False,0.3614303752281457,0.38723681991343184,False,0.23181418718286764,2.0095968926557792,0.7442483063294956,2.7763519540139896,ballistic,39.21743255135644,,0.10654426906188198,22.809792894272274,1.9705272227098458,2.4822587572684585,3.6175953913674648,7.072588274239347,0.3515176316980996,0.32478004746112554,0.891280196147107,0.4412172737001301,0.12090973069037095,0.5043182922533869,20.960132663474607,3.3466572949495443,0.009702735770212438,qp_ode,0.05,100.0,4.2569033925615e-09,100.00000000000001,188.48033507752348,1.605096720344864,191.0,5.0,0.999,independent_lognormal,False,0.0,False,0.0,20.465546581107205,0.5976904785041923,False,0.0,fixed_device,0,83.8352488853537,118.05332671712425,167.6704977707074,204.94395774055712,107.50854;83.835249;108.17078;117.03402;89.487233;118.05333;86.697402;85.209342;102.47198;92.587643;100.74184;98.930132;99.136065;93.433459;94.419352;116.50486;105.77879,198.80062;167.6705;194.33474;189.94553;178.97447;197.9976;173.3948;170.41868;204.94396;185.17529;198.89142;197.86026;196.57891;186.86692;188.8387;189.8481;183.62519,4.9457111;5.0272209;5.0049862;5.0861229;5.0349499;4.97517;4.9890876;5.0206058;4.8965438;5.0073491;4.9351045;5.0695225;5.0068295;5.0800369;4.971503;4.9932767;4.9559796,5.436926997504088e-08,74.75460052490234,2.718999025930202e-09,42980.199123443395,1.0,0.19875739864708952,True,,,1,4546585714195069046,1cebbe2c85286d125a19176074641cec80e768fcc76265a176a2887e861b48e2:805,123,6159478823187907038,3eabdfa943524b1077c76342cd49dd883c1d02e6abf0a6e9273162f3d53c340b,0.0
806,0,3.4973305371992573,-1.5038841892070214,outside,circular,1.796019142230845,0.8138063186935875,3.400500418010484,1.0,115.32096629239453,1,,,,False,0.27089934537708255,0.276042634550559,False,0.3250327546628501,1.9977252745435106,1.0482936922716584,1.4614953999595568,ballistic,23.651393133906687,,0.06533154963537399,60.70982568606384,1.1847965414967734,3.2564648562466725,5.832526537951222,6.019411496889608,0.43014446779911353,0.24300111334851318,0.8336436601219384,0.4544109071355452,0.18905149175250335,1.1354056179685001,22.582136926447518,3.123554563059481,0.026490467601876535,qp_ode,0.05,100.0,9.227060188116204e-09,100.00000000000001,188.48033507752348,1.5391038459713005,191.0,5.0,0.999,independent_lognormal,False,0.0,False,0.0,6.184629138819115,0.3349882454427758,False,0.0,fixed_device,0,83.8352488853537,118.05332671712425,167.6704977707074,204.94395774055712,107.50854;83.835249;108.17078;117.03402;89.487233;118.05333;86.697402;85.209342;102.47198;92.587643;100.74184;98.930132;99.136065;93.433459;94.419352;116.50486;105.77879,198.80062;167.6705;194.33474;189.94553;178.97447;197.9976;173.3948;170.41868;204.94396;185.17529;198.89142;197.86026;196.57891;186.86692;188.8387;189.8481;183.62519,4.9457111;5.0272209;5.0049862;5.0861229;5.0349499;4.97517;4.9890876;5.0206058;4.8965438;5.0073491;4.9351045;5.0695225;5.0068295;5.0800369;4.971503;4.9932767;4.9559796,2.2935209642582777e-07,48.389732360839844,1.1473707317577464e-08,42980.199123443395,1.0,0.19117135144882363,True,,,1,9696691165971934756,1cebbe2c85286d125a19176074641cec80e768fcc76265a176a2887e861b48e2:806,123,6013492431576856105,3eabdfa943524b1077c76342cd49dd883c1d02e6abf0a6e9273162f3d53c340b,0.0
807,0,-0.6890832457171481,-3.345842976314342,outside,elliptical,1.8703041204742736,0.9960231620989961,2.5594884952181216,1.3282288569194807,131.67334261123796,1,,,,False,0.22473612880064747,0.9828634267355876,False,0.16830270070497383,2.3597249026024825,0.7044589402105033,1.2435509803792553,ballistic,29.044071435807595,,0.07831956030299558,74.89481307018448,1.1374361650108347,3.7843316468536257,5.868234898518839,9.191638424627314,0.15069078291670784,0.40147670996949436,0.9773186960416471,0.7749984422793362,0.09102375720685507,0.7469955982479648,20.65484641273936,3.0237444486121596,0.07097350479475409,qp_ode,0.05,100.0,5.997624804023975e-09,100.00000000000001,188.48033507752348,1.2558669466429087,191.0,5.0,0.999,independent_lognormal,False,0.0,False,0.0,5.360672049306695,0.5977554329121986,False,0.0,fixed_device,0,83.8352488853537,118.05332671712425,167.6704977707074,204.94395774055712,107.50854;83.835249;108.17078;117.03402;89.487233;118.05333;86.697402;85.209342;102.47198;92.587643;100.74184;98.930132;99.136065;93.433459;94.419352;116.50486;105.77879,198.80062;167.6705;194.33474;189.94553;178.97447;197.9976;173.3948;170.41868;204.94396;185.17529;198.89142;197.86026;196.57891;186.86692;188.8387;189.8481;183.62519,4.9457111;5.0272209;5.0049862;5.0861229;5.0349499;4.97517;4.9890876;5.0206058;4.8965438;5.0073491;4.9351045;5.0695225;5.0068295;5.0800369;4.971503;4.9932767;4.9559796,1.51138692672248e-07,56.63969421386719,7.565516213503543e-09,42980.199123443395,1.0,0.19010439345532415,True,,,1,16849270674245639079,1cebbe2c85286d125a19176074641cec80e768fcc76265a176a2887e861b48e2:807,123,511539244189497931,3eabdfa943524b1077c76342cd49dd883c1d02e6abf0a6e9273162f3d53c340b,0.0
808,0,2.234244778153567,-3.912927669556924,outside,elliptical,1.7652993878596723,1.3205097317962113,9.29849419509975,2.4279814939627755,172.58648167162875,1,,,,False,0.12406369363661623,0.1284832939864332,False,0.3766565881568086,2.995257766985258,0.57534995213302,2.972995966895896,diffusive,,10.31467330563919,0.03750440929628546,42.37220502069561,0.9876527712297233,3.7001433180471546,5.091355075759828,5.2306434196491445,0.5102814601487714,0.4426513183189339,0.9184763565653853,0.6675870095814311,0.1274720864796326,0.5294035698921764,33.293754557807816,3.2056474375728534,0.05034505661071284,qp_ode,0.05,100.0,1.1454853171295124e-07,100.00000000000001,188.48033507752348,0.8154402961218865,191.0,5.0,0.999,independent_lognormal,False,0.0,False,0.0,97.15407976111818,0.5746647900494417,False,0.0,fixed_device,0,83.8352488853537,118.05332671712425,167.6704977707074,204.94395774055712,107.50854;83.835249;108.17078;117.03402;89.487233;118.05333;86.697402;85.209342;102.47198;92.587643;100.74184;98.930132;99.136065;93.433459;94.419352;116.50486;105.77879,198.80062;167.6705;194.33474;189.94553;178.97447;197.9976;173.3948;170.41868;204.94396;185.17529;198.89142;197.86026;196.57891;186.86692;188.8387;189.8481;183.62519,4.9457111;5.0272209;5.0049862;5.0861229;5.0349499;4.97517;4.9890876;5.0206058;4.8965438;5.0073491;4.9351045;5.0695225;5.0068295;5.0800369;4.971503;4.9932767;4.9559796,1.66539166457369e-06,12.385723114013672,8.354989233794186e-08,42980.199123443395,1.0,0.19788170329659352,True,,,2,16394876428465927327,1cebbe2c85286d125a19176074641cec80e768fcc76265a176a2887e861b48e2:808,123,2395421337691467166,3eabdfa943524b1077c76342cd49dd883c1d02e6abf0a6e9273162f3d53c340b,0.07169117647058823
809,0,-1.6675306986535088,2.749803515795171,inside,elliptical,1.901353839239536,1.0262404809352474,9.84727259140639,1.0927401217970574,82.66502084333834,1,,,,False,0.18168213971587,0.7713135763051643,False,0.3866970148668366,3.549199037388991,0.5035631436280243,2.5078018306287895,ballistic,19.50010731340243,,0.09857170982411999,26.36286498303285,0.9459025980988596,2.2118791318812803,5.314852756685535,5.636959359949245,0.21789551162781384,0.16684326892062407,0.8714476253305128,0.15207442023254414,0.08957836778639598,0.6097286202263031,26.081945376877066,2.9791789882177895,0.052435448637829375,qp_ode,0.05,100.0,5.468364415553068e-09,100.00000000000001,188.48033507752348,1.1322345013219295,191.0,5.0,0.999,independent_lognormal,False,0.0,False,0.0,5.0330575413623375,0.12059016728071423,False,0.0,fixed_device,0,83.8352488853537,118.05332671712425,167.6704977707074,204.94395774055712,107.50854;83.835249;108.17078;117.03402;89.487233;118.05333;86.697402;85.209342;102.47198;92.587643;100.74184;98.930132;99.136065;93.433459;94.419352;116.50486;105.77879,198.80062;167.6705;194.33474;189.94553;178.97447;197.9976;173.3948;170.41868;204.94396;185.17529;198.89142;197.86026;196.57891;186.86692;188.8387;189.8481;183.62519,4.9457111;5.0272209;5.0049862;5.0861229;5.0349499;4.97517;4.9890876;5.0206058;4.8965438;5.0073491;4.9351045;5.0695225;5.0068295;5.0800369;4.971503;4.9932767;4.9559796,1.0502500913389667e-07,70.01665496826172,5.257840829386851e-09,42980.199123443395,1.0,0.18620725092856288,True,,,1,31404324540593403,1cebbe2c85286d125a19176074641cec80e768fcc76265a176a2887e861b48e2:809,123,1300448196613761757,3eabdfa943524b1077c76342cd49dd883c1d02e6abf0a6e9273162f3d53c340b,0.0
810,0,-3.0,1.7584760766526113,edge,circular,2.04034653473795,1.3907299645696893,7.377295625416251,1.0,25.757646460195428,1,,,,False,0.3472271555364411,0.3446946930205095,False,0.3477192160153798,2.344999198658719,1.2488981051634223,1.565198162247729,diffusive,,13.35630730616125,0.02003863946064041,58.48133930416279,1.5548836203263612,2.548064444244292,4.696986236194286,7.601770310751274,0.16558968781475045,0.41312463251069675,0.948089705988531,0.47991374797392655,0.3579238396767818,0.6698259797923198,25.2422796860274,3.2302645222504136,0.059311282846387064,qp_ode,0.05,100.0,9.681544895236883e-10,100.00000000000001,188.48033507752348,0.3027127514646254,191.0,5.0,0.999,independent_lognormal,False,0.0,False,0.0,2.6300643984274843,0.06848258252131209,False,0.0,fixed_device,0,83.8352488853537,118.05332671712425,167.6704977707074,204.94395774055712,107.50854;83.835249;108.17078;117.03402;89.487233;118.05333;86.697402;85.209342;102.47198;92.587643;100.74184;98.930132;99.136065;93.433459;94.419352;116.50486;105.77879,198.80062;167.6705;194.33474;189.94553;178.97447;197.9976;173.3948;170.41868;204.94396;185.17529;198.89142;197.86026;196.57891;186.86692;188.8387;189.8481;183.62519,4.9457111;5.0272209;5.0049862;5.0861229;5.0349499;4.97517;4.9890876;5.0206058;4.8965438;5.0073491;4.9351045;5.0695225;5.0068295;5.0800369;4.971503;4.9932767;4.9559796,1.6942228953098493e-08,83.46350860595703,8.511710780645387e-10,42980.199123443395,1.0,0.20131230750473653,True,,,0,3883132108368923844,1cebbe2c85286d125a19176074641cec80e768fcc76265a176a2887e861b48e2:810,123,6450918243337491052,3eabdfa943524b1077c76342cd49dd883c1d02e6abf0a6e9273162f3d53c340b,0.0
811,0,-2.8146647542566114,-1.290122366184499,inside,circular,1.8666967297833768,1.6447891596988025,5.443790086668513,1.0,74.67676235273626,1,,,,False,0.21447760323258575,0.1324395511768286,False,0.1226183005033587,3.0165291449302867,0.8152418172575828,2.2596253285061816,ballistic,35.83453061032229,,0.04885682004671687,31.44278698783446,1.0268185315739151,3.280313274470168,4.334097874612455,6.605991904958228,0.485651372555006,0.1341989924845869,0.8926690220959383,0.25783234559511925,0.4670551549344976,0.8675018286256839,20.537155045117682,2.9931187814247946,0.0657562024587351,qp_ode,0.05,100.0,9.639252440723879e-10,100.00000000000001,188.48033507752348,0.3475596276811591,191.0,5.0,0.999,independent_lognormal,False,0.0,False,0.0,32.35297537868966,0.5287531227391272,False,0.0,fixed_device,0,83.8352488853537,118.05332671712425,167.6704977707074,204.94395774055712,107.50854;83.835249;108.17078;117.03402;89.487233;118.05333;86.697402;85.209342;102.47198;92.587643;100.74184;98.930132;99.136065;93.433459;94.419352;116.50486;105.77879,198.80062;167.6705;194.33474;189.94553;178.97447;197.9976;173.3948;170.41868;204.94396;185.17529;198.89142;197.86026;196.57891;186.86692;188.8387;189.8481;183.62519,4.9457111;5.0272209;5.0049862;5.0861229;5.0349499;4.97517;4.9890876;5.0206058;4.8965438;5.0073491;4.9351045;5.0695225;5.0068295;5.0800369;4.971503;4.9932767;4.9559796,1.4945769066798675e-08,80.6393814086914,7.489615039268926e-10,42980.199123443395,1.0,0.18762668766245827,True,,,0,2908112711018749807,1cebbe2c85286d125a19176074641cec80e768fcc76265a176a2887e861b48e2:811,123,277794167927778292,3eabdfa943524b1077c76342cd49dd883c1d02e6abf0a6e9273162f3d53c340b,0.0
812,0,1.6221055570767149,-2.2785100019782396,inside,elliptical,1.8731933577710627,1.49591201669325,7.614994486988381,1.8834336674537098,75.5529040625637,1,,,,False,0.25219713536948174,0.8133989555319562,False,0.3642434568308751,1.6833235230118282,1.1233896564806116,1.4182050242384845,diffusive,,10.416563480288538,0.052152875109847535,39.46448802274478,0.8806189099443661,3.3846511230546943,4.2291457866915385,9.72792917511428,0.5961081444347848,0.3764866367795555,0.8970032610379298,0.012181077202624558,0.4347025628566402,1.1054298468149222,28.633664291410213,3.067261334384238,0.07824398955724259,qp_ode,0.05,100.0,7.538886190892256e-09,100.00000000000001,188.48033507752348,0.5247268709551857,191.0,5.0,0.999,independent_lognormal,False,0.0,False,0.0,6.076571956529314,0.12739698624904328,False,0.0,fixed_device,0,83.8352488853537,118.05332671712425,167.6704977707074,204.94395774055712,107.50854;83.835249;108.17078;117.03402;89.487233;118.05333;86.697402;85.209342;102.47198;92.587643;100.74184;98.930132;99.136065;93.433459;94.419352;116.50486;105.77879,198.80062;167.6705;194.33474;189.94553;178.97447;197.9976;173.3948;170.41868;204.94396;185.17529;198.89142;197.86026;196.57891;186.86692;188.8387;189.8481;183.62519,4.9457111;5.0272209;5.0049862;5.0861229;5.0349499;4.97517;4.9890876;5.0206058;4.8965438;5.0073491;4.9351045;5.0695225;5.0068295;5.0800369;4.971503;4.9932767;4.9559796,1.4604255227368412e-07,58.54045104980469,7.31699545397646e-09,42980.199123443395,1.0,0.19487788800800612,True,,,1,11324879136506756583,1cebbe2c85286d125a19176074641cec80e768fcc76265a176a2887e861b48e2:812,123,3883115906575766680,3eabdfa943524b1077c76342cd49dd883c1d02e6abf0a6e9273162f3d53c340b,0.0
813,0,-2.0297677342807576,3.0,edge,elliptical,1.7248330181050076,1.6717475795712915,2.903676650619902,1.4375295206173002,149.38035680121848,1,,,,False,0.3802163950608762,0.13393736335277007,False,0.23973923461627336,2.2931718935893466,1.1340557796388542,2.3187450192775616,ballistic,23.740138167769967,,0.037674370530313084,77.30277057257477,1.2661951801336908,2.025318156135552,5.808067195401359,5.875116507427039,0.441838035945349,0.17696346860950962,0.9903014833206127,0.2300348244889822,0.38945880187075865,0.8600312875660544,31.539959401258372,3.262853791811307,0.009818852638864976,qp_ode,0.05,100.0,1.7048022869063376e-08,100.00000000000001,188.48033507752348,1.9149042510021888,191.0,5.0,0.999,independent_lognormal,False,0.0,False,0.0,42.6544953064887,0.30412902854251306,False,0.0,fixed_device,0,83.8352488853537,118.05332671712425,167.6704977707074,204.94395774055712,107.50854;83.835249;108.17078;117.03402;89.487233;118.05333;86.697402;85.209342;102.47198;92.587643;100.74184;98.930132;99.136065;93.433459;94.419352;116.50486;105.77879,198.80062;167.6705;194.33474;189.94553;178.97447;197.9976;173.3948;170.41868;204.94396;185.17529;198.89142;197.86026;196.57891;186.86692;188.8387;189.8481;183.62519,4.9457111;5.0272209;5.0049862;5.0861229;5.0349499;4.97517;4.9890876;5.0206058;4.8965438;5.0073491;4.9351045;5.0695225;5.0068295;5.0800369;4.971503;4.9932767;4.9559796,3.3556787570887536e-07,41.99384307861328,1.679310734914452e-08,42980.199123443395,1.0,0.2044310811863614,True,,,2,2565620522017876209,1cebbe2c85286d125a19176074641cec80e768fcc76265a176a2887e861b48e2:813,123,855920339471936658,3eabdfa943524b1077c76342cd49dd883c1d02e6abf0a6e9273162f3d53c340b,0.0
814,0,-0.7583574764975873,-3.0,edge,circular,2.3071007588434007,1.3662102205309248,9.491954695524115,1.0,173.60563127701974,1,,,,False,0.1653340642913445,0.31356616720112274,False,0.16845713676555535,3.6147663227211426,0.7971004626625902,2.4304518523108523,ballistic,22.212711692387114,,0.05671961978772884,79.60866349049542,1.123005441330469,2.4212043529986556,4.16395249404201,8.158055643837391,0.43564975269775785,0.39893247104568486,0.8573298197419386,0.7531374626417033,0.08801548604185226,0.5788183179317659,26.94116017234984,3.0481034713684476,0.050296051915420865,qp_ode,0.05,100.0,6.659956156824298e-08,100.00000000000001,188.48033507752348,1.1598422811071623,191.0,5.0,0.999,independent_lognormal,False,0.0,False,0.0,36.47534219087595,0.6237191667562477,False,0.0,fixed_device,0,83.8352488853537,118.05332671712425,167.6704977707074,204.94395774055712,107.50854;83.835249;108.17078;117.03402;89.487233;118.05333;86.697402;85.209342;102.47198;92.587643;100.74184;98.930132;99.136065;93.433459;94.419352;116.50486;105.77879,198.80062;167.6705;194.33474;189.94553;178.97447;197.9976;173.3948;170.41868;204.94396;185.17529;198.89142;197.86026;196.57891;186.86692;188.8387;189.8481;183.62519,4.9457111;5.0272209;5.0049862;5.0861229;5.0349499;4.97517;4.9890876;5.0206058;4.8965438;5.0073491;4.9351045;5.0695225;5.0068295;5.0800369;4.971503;4.9932767;4.9559796,1.675550493018818e-06,12.452043533325195,8.410471252773277e-08,42980.199123443395,1.0,0.20295579073832237,True,,,2,16761802041293394210,1cebbe2c85286d125a19176074641cec80e768fcc76265a176a2887e861b48e2:814,123,2534609684258718621,3eabdfa943524b1077c76342cd49dd883c1d02e6abf0a6e9273162f3d53c340b,0.25281479779411764
815,0,-2.0709815764972754,-2.0246504135462438,inside,circular,1.7861226857463741,1.5909103225851167,4.068505286162335,1.0,40.91571911362165,1,,,,False,0.3866891011365069,0.0800208918087727,False,0.2502575775666801,2.1168302832084587,1.2761136597269989,2.5660401283776095,ballistic,13.267939340744988,,0.09218776618949545,59.74500078467955,1.9537008152880047,3.6634140233115353,3.9788334326458252,5.811787716959998,0.27999507282562686,0.30049469374005033,0.8096832010179413,0.07805436637945587,0.47796264839409536,1.0518242292712952,32.173652967033036,3.3353742914991713,0.040375120112889844,qp_ode,0.05,100.0,2.264655790169701e-08,100.00000000000001,188.48033507752348,1.404801834419438,191.0,5.0,0.999,independent_lognormal,False,0.0,False,0.0,3.727094808422878,0.3977080687586569,False,0.0,fixed_device,0,83.8352488853537,118.05332671712425,167.6704977707074,204.94395774055712,107.50854;83.835249;108.17078;117.03402;89.487233;118.05333;86.697402;85.209342;102.47198;92.587643;100.74184;98.930132;99.136065;93.433459;94.419352;116.50486;105.77879,198.80062;167.6705;194.33474;189.94553;178.97447;197.9976;173.3948;170.41868;204.94396;185.17529;198.89142;197.86026;196.57891;186.86692;188.8387;189.8481;183.62519,4.9457111;5.0272209;5.0049862;5.0861229;5.0349499;4.97517;4.9890876;5.0206058;4.8965438;5.0073491;4.9351045;5.0695225;5.0068295;5.0800369;4.971503;4.9932767;4.9559796,2.552899616148352e-07,43.99290084838867,1.2810822624942375e-08,42980.199123443395,1.0,0.2052330876417722,True,,,2,7281394947409407297,1cebbe2c85286d125a19176074641cec80e768fcc76265a176a2887e861b48e2:815,123,4100677242379140479,3eabdfa943524b1077c76342cd49dd883c1d02e6abf0a6e9273162f3d53c340b,0.0
816,0,3.9293435574999873,-2.990182224039204,outside,circular,2.401796896468949,1.0604436269774462,9.32771410782324,1.0,43.24546682842071,1,,,,False,0.06208909514715358,0.9181264022010638,False,0.37200839438119715,1.6668401504187633,0.8433622075412834,2.7637714401499927,diffusive,,17.82140044000441,0.09226063404373258,4.679099608587043,0.5722623331158374,2.184557107168471,5.021446863222973,7.120657547874077,0.5036267120749851,0.40096856658660374,0.9625928092456698,0.4941844931445675,0.34417296807306086,1.1000915532145012,23.53791596313919,2.828505384946025,0.03925375252288169,qp_ode,0.05,100.0,2.440852071029014e-07,100.00000000000001,188.48033507752348,0.9670004286732028,191.0,5.0,0.999,independent_lognormal,False,0.0,False,0.0,7.079831420896679,0.5933725738314882,False,0.0,fixed_device,0,83.8352488853537,118.05332671712425,167.6704977707074,204.94395774055712,107.50854;83.835249;108.17078;117.03402;89.487233;118.05333;86.697402;85.209342;102.47198;92.587643;100.74184;98.930132;99.136065;93.433459;94.419352;116.50486;105.77879,198.80062;167.6705;194.33474;189.94553;178.97447;197.9976;173.3948;170.41868;204.94396;185.17529;198.89142;197.86026;196.57891;186.86692;188.8387;189.8481;183.62519,4.9457111;5.0272209;5.0049862;5.0861229;5.0349499;4.97517;4.9890876;5.0206058;4.8965438;5.0073491;4.9351045;5.0695225;5.0068295;5.0800369;4.971503;4.9932767;4.9559796,6.975621545279864e-06,3.2171077728271484,3.5369217243896856e-07,42980.199123443395,1.0,0.2102366967469209,True,,,2,4737960852458029994,1cebbe2c85286d125a19176074641cec80e768fcc76265a176a2887e861b48e2:816,123,7111458140458665626,3eabdfa943524b1077c76342cd49dd883c1d02e6abf0a6e9273162f3d53c340b,0.15197035845588236
817,0,-0.9840584232417156,3.7471006104681113,outside,elliptical,1.883008254485046,1.0411865255373578,7.743722810317117,1.8616081482360094,90.97950293016426,1,,,,False,0.1797046536250727,0.2522299883211251,False,0.23614068896769277,2.748544337705738,1.1580188638329338,1.9381348458714447,ballistic,21.10268263152283,,0.08116751062009532,3.326099313622173,0.4087208867516061,3.382209476407214,5.745632892534972,9.436144579851,0.5997740848696805,0.1543266515858322,0.990638627950391,0.7174169448990264,0.4694829764699161,0.8667502200511387,29.10609690920362,3.233728357013913,0.009442318039402072,qp_ode,0.05,100.0,1.2452284933168968e-07,100.00000000000001,188.48033507752348,0.3938135984320956,191.0,5.0,0.999,independent_lognormal,False,0.0,False,0.0,12.942408423394468,0.17903582832415027,False,0.0,fixed_device,0,83.8352488853537,118.05332671712425,167.6704977707074,204.94395774055712,107.50854;83.835249;108.17078;117.03402;89.487233;118.05333;86.697402;85.209342;102.47198;92.587643;100.74184;98.930132;99.136065;93.433459;94.419352;116.50486;105.77879,198.80062;167.6705;194.33474;189.94553;178.97447;197.9976;173.3948;170.41868;204.94396;185.17529;198.89142;197.86026;196.57891;186.86692;188.8387;189.8481;183.62519,4.9457111;5.0272209;5.0049862;5.0861229;5.0349499;4.97517;4.9890876;5.0206058;4.8965438;5.0073491;4.9351045;5.0695225;5.0068295;5.0800369;4.971503;4.9932767;4.9559796,1.9397184587433003e-06,10.735286712646484,9.751720853046209e-08,42980.199123443395,1.0,0.20851717904743175,True,,,2,1038661308865689862,1cebbe2c85286d125a19176074641cec80e768fcc76265a176a2887e861b48e2:817,123,4326176237498223797,3eabdfa943524b1077c76342cd49dd883c1d02e6abf0a6e9273162f3d53c340b,0.7828871783088235
818,0,-3.0,2.1283944892731395,edge,circular,2.230915587312179,1.269621757543101,6.4986025485514665,1.0,51.82268200107658,1,,,,False,0.18131776410170491,0.1266389576139343,False,0.39001267407948326,3.987491374909147,1.1295814512271982,2.0539481586974797,ballistic,30.72658801936135,,0.09833825164043877,10.326389355634449,1.4278913891977214,2.1974451242812205,5.6379573693431695,8.539607445672493,0.21537800719039657,0.15295670020193086,0.9628970016893461,0.38773068967301993,0.39572457068769984,0.9137274046338343,33.22486568247664,2.921149690981954,0.07831642774367609,qp_ode,0.05,100.0,8.953562375418496e-10,100.00000000000001,188.48033507752348,0.6329758543668015,191.0,5.0,0.999,independent_lognormal,False,0.0,False,0.0,66.99054739802355,0.12684681986396268,False,0.0,fixed_device,0,83.8352488853537,118.05332671712425,167.6704977707074,204.94395774055712,107.50854;83.835249;108.17078;117.03402;89.487233;118.05333;86.697402;85.209342;102.47198;92.587643;100.74184;98.930132;99.136065;93.433459;94.419352;116.50486;105.77879,198.80062;167.6705;194.33474;189.94553;178.97447;197.9976;173.3948;170.41868;204.94396;185.17529;198.89142;197.86026;196.57891;186.86692;188.8387;189.8481;183.62519,4.9457111;5.0272209;5.0049862;5.0861229;5.0349499;4.97517;4.9890876;5.0206058;4.8965438;5.0073491;4.9351045;5.0695225;5.0068295;5.0800369;4.971503;4.9932767;4.9559796,1.8118567979286127e-08,82.27120971679688,9.060563410656641e-10,42980.199123443395,1.0,0.1854363393525412,True,,,0,13773011109924499939,1cebbe2c85286d125a19176074641cec80e768fcc76265a176a2887e861b48e2:818,123,6055537200039248377,3eabdfa943524b1077c76342cd49dd883c1d02e6abf0a6e9273162f3d53c340b,0.0
819,0,-2.210106625774749,3.533413481247459,outside,circular,2.0098514197114064,1.261006618102464,6.529094563268017,1.0,33.78753649394949,1,,,,False,0.09838167612372484,0.7760179570946326,False,0.31300613496185303,2.641085706753712,0.5301597701284964,1.1160804885189561,ballistic,24.690535885837374,,0.041969158093839325,8.835122871535814,0.9850756367707127,2.5845109719616173,4.881916254742028,8.22969839789117,0.5696731979373637,0.2978028111485945,0.850410407269721,0.28226821826771625,0.45379443542393877,1.0201182848576593,27.60954493066628,2.8971005841888315,0.07114656357436189,qp_ode,0.05,100.0,2.16665745870296e-10,100.00000000000001,188.48033507752348,1.7893318005245156,191.0,5.0,0.999,independent_lognormal,False,0.0,False,0.0,6.594431831223883,0.3235163697063954,False,0.0,fixed_device,0,83.8352488853537,118.05332671712425,167.6704977707074,204.94395774055712,107.50854;83.835249;108.17078;117.03402;89.487233;118.05333;86.697402;85.209342;102.47198;92.587643;100.74184;98.930132;99.136065;93.433459;94.419352;116.50486;105.77879,198.80062;167.6705;194.33474;189.94553;178.97447;197.9976;173.3948;170.41868;204.94396;185.17529;198.89142;197.86026;196.57891;186.86692;188.8387;189.8481;183.62519,4.9457111;5.0272209;5.0049862;5.0861229;5.0349499;4.97517;4.9890876;5.0206058;4.8965438;5.0073491;4.9351045;5.0695225;5.0068295;5.0800369;4.971503;4.9932767;4.9559796,5.154241478066979e-09,83.68022918701172,2.5797883274059075e-10,42980.199123443395,1.0,0.18257011557265937,True,,,0,16638695864880887260,1cebbe2c85286d125a19176074641cec80e768fcc76265a176a2887e861b48e2:819,123,894969263230751548,3eabdfa943524b1077c76342cd49dd883c1d02e6abf0a6e9273162f3d53c340b,0.0
820,0,-1.6492360424821577,-1.4414179596035108,inside,elliptical,2.2994137509125676,1.182003472349013,8.849752653886927,1.0189415444879462,158.41372476423376,1,,,,False,0.16106167845101277,0.005317744017490966,False,0.15194564041571387,3.499134723013226,0.7190668741788142,2.882377814988958,diffusive,,9.68542188093691,0.10285446143279132,17.162175083153564,1.0516057073867038,3.1929266802143896,4.616307091420612,5.415558958829503,0.3326664641399607,0.46529095984856017,0.8423163163393819,0.6640361212301865,0.49886239879678096,1.099751330459278,29.392592042822095,3.3039573893826595,0.05701129540785121,qp_ode,0.05,100.0,4.707279277343731e-10,100.00000000000001,188.48033507752348,0.43898297970460076,191.0,5.0,0.999,independent_lognormal,False,0.0,False,0.0,75.41297504130868,0.6371358128075276,False,0.0,fixed_device,0,83.8352488853537,118.05332671712425,167.6704977707074,204.94395774055712,107.50854;83.835249;108.17078;117.03402;89.487233;118.05333;86.697402;85.209342;102.47198;92.587643;100.74184;98.930132;99.136065;93.433459;94.419352;116.50486;105.77879,198.80062;167.6705;194.33474;189.94553;178.97447;197.9976;173.3948;170.41868;204.94396;185.17529;198.89142;197.86026;196.57891;186.86692;188.8387;189.8481;183.62519,4.9457111;5.0272209;5.0049862;5.0861229;5.0349499;4.97517;4.9890876;5.0206058;4.8965438;5.0073491;4.9351045;5.0695225;5.0068295;5.0800369;4.971503;4.9932767;4.9559796,8.859827538287846e-09,82.22323608398438,4.431505995494689e-10,42980.199123443395,1.0,0.20462103668507117,True,,,0,5072958541679087725,1cebbe2c85286d125a19176074641cec80e768fcc76265a176a2887e861b48e2:820,123,1700715223172705444,3eabdfa943524b1077c76342cd49dd883c1d02e6abf0a6e9273162f3d53c340b,0.0
821,0,2.3597552419195136,-3.393424058839864,outside,circular,1.8637162497609925,1.4459710023306642,8.570037697809989,1.0,59.322721538962,1,,,,False,0.10942616434200045,0.5073135002212206,False,0.21524108972928993,2.0236722162493703,1.061287429031482,1.2289059149741393,diffusive,,17.79861467544623,0.04142956921791008,2.5565882980561305,0.7526094755958802,2.3526342763603694,5.362971574059205,9.201453529029488,0.3795857656893127,0.3116822129337729,0.9642920958880354,0.1653182678637208,0.16893651495564077,0.7786699440009102,26.682521394039085,3.30141592214894,0.0462151480426979,qp_ode,0.05,100.0,6.732812966227088e-09,100.00000000000001,188.48033507752348,0.5890623459202413,191.0,5.0,0.999,independent_lognormal,False,0.0,False,0.0,22.05832950350304,0.6299761691709869,False,0.0,fixed_device,0,83.8352488853537,118.05332671712425,167.6704977707074,204.94395774055712,107.50854;83.835249;108.17078;117.03402;89.487233;118.05333;86.697402;85.209342;102.47198;92.587643;100.74184;98.930132;99.136065;93.433459;94.419352;116.50486;105.77879,198.80062;167.6705;194.33474;189.94553;178.97447;197.9976;173.3948;170.41868;204.94396;185.17529;198.89142;197.86026;196.57891;186.86692;188.8387;189.8481;183.62519,4.9457111;5.0272209;5.0049862;5.0861229;5.0349499;4.97517;4.9890876;5.0206058;4.8965438;5.0073491;4.9351045;5.0695225;5.0068295;5.0800369;4.971503;4.9932767;4.9559796,1.2356071010799496e-07,61.06938552856445,6.1807567952598674e-09,42980.199123443395,1.0,0.2026002116417088,True,,,1,2502260938503776356,1cebbe2c85286d125a19176074641cec80e768fcc76265a176a2887e861b48e2:821,123,2666393272397062937,3eabdfa943524b1077c76342cd49dd883c1d02e6abf0a6e9273162f3d53c340b,0.0
822,0,3.0,2.313386073745768,edge,elliptical,1.793612733070714,0.8846960220824993,7.4074788692256535,2.433014331621866,21.99213942315497,1,,,,False,0.3692612794259035,0.23833124997458066,False,0.25102402084238257,1.865470180505199,0.9410816427518311,2.818077793092294,ballistic,27.998034714564717,,0.03668461911869492,42.35870015658601,0.7431141215278768,2.4206255204256064,4.95354318668752,9.677125448330894,0.4578047428597609,0.23694640778490875,0.8813103502990123,0.48138957026365303,0.23855117227791894,1.0333988062108919,21.328885417859688,3.2670217608709913,0.05880489597111466,qp_ode,0.05,100.0,2.2017518034697527e-10,100.00000000000001,188.48033507752348,1.7637370084693185,191.0,5.0,0.999,independent_lognormal,False,0.0,False,0.0,26.05931510054307,0.29083382762711824,False,0.0,fixed_device,0,83.8352488853537,118.05332671712425,167.6704977707074,204.94395774055712,107.50854;83.835249;108.17078;117.03402;89.487233;118.05333;86.697402;85.209342;102.47198;92.587643;100.74184;98.930132;99.136065;93.433459;94.419352;116.50486;105.77879,198.80062;167.6705;194.33474;189.94553;178.97447;197.9976;173.3948;170.41868;204.94396;185.17529;198.89142;197.86026;196.57891;186.86692;188.8387;189.8481;183.62519,4.9457111;5.0272209;5.0049862;5.0861229;5.0349499;4.97517;4.9890876;5.0206058;4.8965438;5.0073491;4.9351045;5.0695225;5.0068295;5.0800369;4.971503;4.9932767;4.9559796,4.540922304840933e-09,83.60598754882812,2.2715287983920973e-10,42980.199123443395,1.0,0.20353793675712104,True,,,0,13730422032166972173,1cebbe2c85286d125a19176074641cec80e768fcc76265a176a2887e861b48e2:822,123,7249312187758614168,3eabdfa943524b1077c76342cd49dd883c1d02e6abf0a6e9273162f3d53c340b,0.0
823,0,1.1974483207579434,-3.0,edge,circular,2.3017435839791682,1.6300842943613798,2.9917872084196,1.0,66.00431881070317,1,,,,False,0.2782195835386694,0.5352804939103512,False,0.29943291032502356,2.329336788187276,0.8880757500246848,2.6742285638935197,diffusive,,9.922194600893029,0.05042879757723104,79.40425944655905,1.111718587798388,2.263053889222949,5.18232568771748,6.066322716902963,0.3971399877300843,0.3986852765414909,0.8894964759742993,0.7409016136178799,0.3171260265429879,0.5649353720032778,31.82215065372761,3.208590520355033,0.0374955383975558,qp_ode,0.05,100.0,2.429546470519897e-07,100.00000000000001,188.48033507752348,0.4308007596519456,191.0,5.0,0.999,independent_lognormal,False,0.0,False,0.0,4.92375307406279,0.16403360792629101,False,0.0,fixed_device,0,83.8352488853537,118.05332671712425,167.6704977707074,204.94395774055712,107.50854;83.835249;108.17078;117.03402;89.487233;118.05333;86.697402;85.209342;102.47198;92.587643;100.74184;98.930132;99.136065;93.433459;94.419352;116.50486;105.77879,198.80062;167.6705;194.33474;189.94553;178.97447;197.9976;173.3948;170.41868;204.94396;185.17529;198.89142;197.86026;196.57891;186.86692;188.8387;189.8481;183.62519,4.9457111;5.0272209;5.0049862;5.0861229;5.0349499;4.97517;4.9890876;5.0206058;4.8965438;5.0073491;4.9351045;5.0695225;5.0068295;5.0800369;4.971503;4.9932767;4.9559796,6.171224868012359e-06,3.6413865089416504,3.132065273803164e-07,42980.199123443395,1.0,0.2095721831631638,True,,,2,11655325097799468275,1cebbe2c85286d125a19176074641cec80e768fcc76265a176a2887e861b48e2:823,123,1234582401472039678,3eabdfa943524b1077c76342cd49dd883c1d02e6abf0a6e9273162f3d53c340b,0.32487936580882354
824,0,3.947261022250605,-2.189899195992564,outside,elliptical,2.4622279718809628,0.8844129977252579,2.177200986343725,1.426133134149744,173.4457519690139,1,,,,False,0.3484618971797058,0.573952643335911,False,0.2752577245097335,2.332246373038053,0.5433015617341622,2.2925403048171518,diffusive,,8.31728621143584,0.03943739087816757,63.08739855512088,1.5313253454712927,2.6834654908021895,4.8970603178588465,7.284019386841601,0.2246166117173069,0.4325914807350111,0.8563595457148009,0.659711069844644,0.3713091341918032,0.5085118089837977,24.60215843292014,3.091114199225387,0.07495198080690806,qp_ode,0.05,100.0,4.074706627398569e-09,100.00000000000001,188.48033507752348,1.201940728487469,191.0,5.0,0.999,independent_lognormal,False,0.0,False,0.0,18.755648723650268,0.44217385016898314,False,0.0,fixed_device,0,83.8352488853537,118.05332671712425,167.6704977707074,204.94395774055712,107.50854;83.835249;108.17078;117.03402;89.487233;118.05333;86.697402;85.209342;102.47198;92.587643;100.74184;98.930132;99.136065;93.433459;94.419352;116.50486;105.77879,198.80062;167.6705;194.33474;189.94553;178.97447;197.9976;173.3948;170.41868;204.94396;185.17529;198.89142;197.86026;196.57891;186.86692;188.8387;189.8481;183.62519,4.9457111;5.0272209;5.0049862;5.0861229;5.0349499;4.97517;4.9890876;5.0206058;4.8965438;5.0073491;4.9351045;5.0695225;5.0068295;5.0800369;4.971503;4.9932767;4.9559796,7.905550347686585e-08,70.41788482666016,3.960594074925439e-09,42980.199123443395,1.0,0.19545878104682604,True,,,1,13375662109331080559,1cebbe2c85286d125a19176074641cec80e768fcc76265a176a2887e861b48e2:824,123,3982922240248437189,3eabdfa943524b1077c76342cd49dd883c1d02e6abf0a6e9273162f3d53c340b,0.0
825,0,3.7000560287503634,0.9106243407673444,outside,circular,2.0395606698796866,1.0627059938313086,2.6298094884832928,1.0,145.74074013675988,1,,,,False,0.3427193750273232,0.5594814647098405,False,0.32146644214574815,1.7808409016626967,0.9269953997515448,1.6449320670800254,diffusive,,19.89218062640351,0.034712861109198745,1.3512428358533501,1.2891020449488684,2.040969569779021,3.9997693860393184,7.809436863499463,0.4527964378858107,0.27729580695033107,0.9718710415785365,0.5852706867612311,0.46071533564918515,0.5902613936368245,32.70243684935649,3.1391806821455095,0.05779184808767192,qp_ode,0.05,100.0,4.616123060568887e-10,100.00000000000001,188.48033507752348,0.4227148944588782,191.0,5.0,0.999,independent_lognormal,False,0.0,False,0.0,49.37077725345188,0.3403660503141115,False,0.0,fixed_device,0,83.8352488853537,118.05332671712425,167.6704977707074,204.94395774055712,107.50854;83.835249;108.17078;117.03402;89.487233;118.05333;86.697402;85.209342;102.47198;92.587643;100.74184;98.930132;99.136065;93.433459;94.419352;116.50486;105.77879,198.80062;167.6705;194.33474;189.94553;178.97447;197.9976;173.3948;170.41868;204.94396;185.17529;198.89142;197.86026;196.57891;186.86692;188.8387;189.8481;183.62519,4.9457111;5.0272209;5.0049862;5.0861229;5.0349499;4.97517;4.9890876;5.0206058;4.8965438;5.0073491;4.9351045;5.0695225;5.0068295;5.0800369;4.971503;4.9932767;4.9559796,1.003560168300055e-08,83.6375961303711,5.027763205767144e-10,42980.199123443395,1.0,0.19533236515912994,True,,,0,3122960548957533053,1cebbe2c85286d125a19176074641cec80e768fcc76265a176a2887e861b48e2:825,123,6432803039706872006,3eabdfa943524b1077c76342cd49dd883c1d02e6abf0a6e9273162f3d53c340b,0.0
826,0,0.8013558114936252,1.1778903120389401,inside,circular,2.227843516727932,1.33872644506281,3.824929184353958,1.0,138.11264378580375,1,,,,False,0.1276787096706317,0.41506321548312275,False,0.2105862345423883,1.6616303442971176,0.684010730771847,2.2046766089461007,diffusive,,18.431955728583954,0.09287511982846872,37.93613735630924,0.827682924519399,2.3351929102980353,5.685621688861844,9.64902752745353,0.3693428870461143,0.35626526035345796,0.9026102374684731,0.007479531773802695,0.2921368238937211,0.9728622006070948,31.680122635049536,3.1366700676925654,0.02591898246817609,qp_ode,0.05,100.0,1.564755439152489e-10,100.00000000000001,188.48033507752348,0.9143162767752167,191.0,5.0,0.999,independent_lognormal,False,0.0,False,0.0,11.950982415561505,0.48616296267962306,False,0.0,fixed_device,0,83.8352488853537,118.05332671712425,167.6704977707074,204.94395774055712,107.50854;83.835249;108.17078;117.03402;89.487233;118.05333;86.697402;85.209342;102.47198;92.587643;100.74184;98.930132;99.136065;93.433459;94.419352;116.50486;105.77879,198.80062;167.6705;194.33474;189.94553;178.97447;197.9976;173.3948;170.41868;204.94396;185.17529;198.89142;197.86026;196.57891;186.86692;188.8387;189.8481;183.62519,4.9457111;5.0272209;5.0049862;5.0861229;5.0349499;4.97517;4.9890876;5.0206058;4.8965438;5.0073491;4.9351045;5.0695225;5.0068295;5.0800369;4.971503;4.9932767;4.9559796,3.367800482934058e-09,83.49280548095703,1.6846685158000696e-10,42980.199123443395,1.0,0.1892927441615736,True,,,0,10829886839982476387,1cebbe2c85286d125a19176074641cec80e768fcc76265a176a2887e861b48e2:826,123,1584373019353208299,3eabdfa943524b1077c76342cd49dd883c1d02e6abf0a6e9273162f3d53c340b,0.0
827,0,-0.6451889845880356,-3.0,edge,elliptical,2.295233315382396,0.9438353434670501,6.316072868679681,2.208215795503272,146.37109653810643,1,,,,False,0.13829012519891964,0.5441166806396248,False,0.11081443116532852,1.8311117530720336,1.2511924273518922,1.3564722637864512,ballistic,39.98892380181366,,0.04796543764608131,25.500055247321065,0.7629175494080247,2.972900763989889,6.095979811337074,8.81786568853301,0.5369831419267097,0.3652256840665701,0.8702108714812063,0.2683049723036505,0.43353340809224866,0.6703476930430984,21.564333247597656,2.9020632160394904,0.016145815727959603,qp_ode,0.05,100.0,1.309166534502515e-09,100.00000000000001,188.48033507752348,1.3532327228598933,191.0,5.0,0.999,independent_lognormal,False,0.0,False,0.0,9.613669509703076,0.5693659306277647,False,0.0,fixed_device,0,83.8352488853537,118.05332671712425,167.6704977707074,204.94395774055712,107.50854;83.835249;108.17078;117.03402;89.487233;118.05333;86.697402;85.209342;102.47198;92.587643;100.74184;98.930132;99.136065;93.433459;94.419352;116.50486;105.77879,198.80062;167.6705;194.33474;189.94553;178.97447;197.9976;173.3948;170.41868;204.94396;185.17529;198.89142;197.86026;196.57891;186.86692;188.8387;189.8481;183.62519,4.9457111;5.0272209;5.0049862;5.0861229;5.0349499;4.97517;4.9890876;5.0206058;4.8965438;5.0073491;4.9351045;5.0695225;5.0068295;5.0800369;4.971503;4.9932767;4.9559796,2.2042256020426976e-08,77.65105438232422,1.1064331673082961e-09,42980.199123443395,1.0,0.17342348364255786,True,,,1,16091426180312686016,1cebbe2c85286d125a19176074641cec80e768fcc76265a176a2887e861b48e2:827,123,2762986291862496611,3eabdfa943524b1077c76342cd49dd883c1d02e6abf0a6e9273162f3d53c340b,0.0
828,0,3.0,0.9969230312712902,edge,elliptical,2.490194715584167,1.6688637542957192,7.463181851102504,2.323130051370174,155.49609030562254,1,,,,False,0.31941281757310663,0.19188837936387604,False,0.19508934299362296,2.987152405384059,0.6197471412329576,1.0344476212437124,ballistic,22.10010914549854,,0.08732994953051997,8.15809444583242,0.6210430387450461,3.658030342388269,4.116512612779022,7.914555687982498,0.3534335365893896,0.40759150480733175,0.8812408301244736,0.44540011350963726,0.12201760545962631,1.0581974166354238,23.850635693836082,3.1618167770520635,0.014203168321706148,qp_ode,0.05,100.0,7.60609468113618e-09,100.00000000000001,188.48033507752348,1.279663882478485,191.0,5.0,0.999,independent_lognormal,False,0.0,False,0.0,23.501488490946898,0.1882866386201738,False,0.0,fixed_device,0,83.8352488853537,118.05332671712425,167.6704977707074,204.94395774055712,107.50854;83.835249;108.17078;117.03402;89.487233;118.05333;86.697402;85.209342;102.47198;92.587643;100.74184;98.930132;99.136065;93.433459;94.419352;116.50486;105.77879,198.80062;167.6705;194.33474;189.94553;178.97447;197.9976;173.3948;170.41868;204.94396;185.17529;198.89142;197.86026;196.57891;186.86692;188.8387;189.8481;183.62519,4.9457111;5.0272209;5.0049862;5.0861229;5.0349499;4.97517;4.9890876;5.0206058;4.8965438;5.0073491;4.9351045;5.0695225;5.0068295;5.0800369;4.971503;4.9932767;4.9559796,1.9619206170773396e-07,58.78845977783203,9.819244972675278e-09,42980.199123443395,1.0,0.1912496903841652,True,,,1,17541851181971232426,1cebbe2c85286d125a19176074641cec80e768fcc76265a176a2887e861b48e2:828,123,7646561413279191320,3eabdfa943524b1077c76342cd49dd883c1d02e6abf0a6e9273162f3d53c340b,0.0
829,0,-1.0988352423738295,2.0853258603504337,inside,elliptical,2.3529229795940645,1.6915333412235163,7.8467119082790004,1.810624986579389,135.56052899667768,1,,,,False,0.10874907507209597,0.3050814166875335,False,0.29208928606302575,3.742910249735464,0.6610882917458369,2.986619216409368,ballistic,25.916144573329113,,0.09584401362797461,57.83142981218318,1.9039393723472684,3.148711357368109,4.6366123482285815,8.632864540416525,0.22204145466221353,0.45881604790186625,0.9740319669649272,0.36133933398384593,0.23345126187426246,0.9046591917367139,27.576852718474328,3.011785655648681,0.024946554431924534,qp_ode,0.05,100.0,1.984872290150833e-07,100.00000000000001,188.48033507752348,0.7688246104423528,191.0,5.0,0.999,independent_lognormal,False,0.0,False,0.0,13.365856800014097,0.18934553198690868,False,0.0,fixed_device,0,83.8352488853537,118.05332671712425,167.6704977707074,204.94395774055712,107.50854;83.835249;108.17078;117.03402;89.487233;118.05333;86.697402;85.209342;102.47198;92.587643;100.74184;98.930132;99.136065;93.433459;94.419352;116.50486;105.77879,198.80062;167.6705;194.33474;189.94553;178.97447;197.9976;173.3948;170.41868;204.94396;185.17529;198.89142;197.86026;196.57891;186.86692;188.8387;189.8481;183.62519,4.9457111;5.0272209;5.0049862;5.0861229;5.0349499;4.97517;4.9890876;5.0206058;4.8965438;5.0073491;4.9351045;5.0695225;5.0068295;5.0800369;4.971503;4.9932767;4.9559796,4.0875456761568785e-06,5.325123310089111,2.0624774776933918e-07,42980.199123443395,1.0,0.24363290501237536,True,,,2,1315251631181093623,1cebbe2c85286d125a19176074641cec80e768fcc76265a176a2887e861b48e2:829,123,930791712733159722,3eabdfa943524b1077c76342cd49dd883c1d02e6abf0a6e9273162f3d53c340b,0.83740234375
830,0,2.8106499861195564,-3.36956601914118,outside,circular,2.4648782642924014,1.4133666020683946,6.146965891090063,1.0,60.86627376607915,1,,,,False,0.23626250736636084,0.3205771600640498,False,0.382092949534681,3.8037407643404313,1.227820786203758,2.0392096978278538,ballistic,32.030860447814774,,0.08503514906924411,20.27034064081751,0.7361352780711331,2.7094692613613733,5.866303102996179,5.561652666210471,0.3872738119061371,0.24661480803271876,0.8136259025536343,0.03466481400680737,0.49011535830649666,0.9732855205706497,20.862845133856496,2.8225270897531507,0.002394861356351994,qp_ode,0.05,100.0,2.6679768348662534e-09,100.00000000000001,188.48033507752348,0.6825084331791409,191.0,5.0,0.999,independent_lognormal,False,0.0,False,0.0,10.862614344892998,0.45044696963149705,False,0.0,fixed_device,0,83.8352488853537,118.05332671712425,167.6704977707074,204.94395774055712,107.50854;83.835249;108.17078;117.03402;89.487233;118.05333;86.697402;85.209342;102.47198;92.587643;100.74184;98.930132;99.136065;93.433459;94.419352;116.50486;105.77879,198.80062;167.6705;194.33474;189.94553;178.97447;197.9976;173.3948;170.41868;204.94396;185.17529;198.89142;197.86026;196.57891;186.86692;188.8387;189.8481;183.62519,4.9457111;5.0272209;5.0049862;5.0861229;5.0349499;4.97517;4.9890876;5.0206058;4.8965438;5.0073491;4.9351045;5.0695225;5.0068295;5.0800369;4.971503;4.9932767;4.9559796,6.97099125090972e-08,73.86766815185547,3.495553402288465e-09,42980.199123443395,1.0,0.16652832315584506,True,,,1,12118885302627670874,1cebbe2c85286d125a19176074641cec80e768fcc76265a176a2887e861b48e2:830,123,3822912789422623412,3eabdfa943524b1077c76342cd49dd883c1d02e6abf0a6e9273162f3d53c340b,0.0
831,0,-2.9233037994015394,3.0,edge,elliptical,2.340026727060705,1.1543902315862422,5.748800357069784,1.3676894543793472,47.5691494454047,1,,,,False,0.10489515630882051,0.8456748605527615,False,0.3455720904597944,3.1620260241122873,0.7757875374574907,2.2631073232430072,diffusive,,12.907089524972298,0.0531489392628616,67.45085596306593,1.233048389980793,2.27733385179098,4.715235232242081,9.614205814052617,0.5949095720521159,0.2193740736249913,0.8256644546511536,0.15634568956465583,0.08040523232960615,0.6759906068283977,31.32239078543642,3.2229094048469045,0.04928092938309447,qp_ode,0.05,100.0,1.819650079826856e-10,100.00000000000001,188.48033507752348,1.6973569895438643,191.0,5.0,0.999,independent_lognormal,False,0.0,False,0.0,6.981515456555533,0.40625073670653666,False,0.0,fixed_device,0,83.8352488853537,118.05332671712425,167.6704977707074,204.94395774055712,107.50854;83.835249;108.17078;117.03402;89.487233;118.05333;86.697402;85.209342;102.47198;92.587643;100.74184;98.930132;99.136065;93.433459;94.419352;116.50486;105.77879,198.80062;167.6705;194.33474;189.94553;178.97447;197.9976;173.3948;170.41868;204.94396;185.17529;198.89142;197.86026;196.57891;186.86692;188.8387;189.8481;183.62519,4.9457111;5.0272209;5.0049862;5.0861229;5.0349499;4.97517;4.9890876;5.0206058;4.8965438;5.0073491;4.9351045;5.0695225;5.0068295;5.0800369;4.971503;4.9932767;4.9559796,2.488965922253783e-09,83.83525085449219,1.2460982246054186e-10,42980.199123443395,1.0,0.19892634353963012,True,,,0,13172366622009515581,1cebbe2c85286d125a19176074641cec80e768fcc76265a176a2887e861b48e2:831,123,415306310613035893,3eabdfa943524b1077c76342cd49dd883c1d02e6abf0a6e9273162f3d53c340b,0.0
832,0,2.5348521941954374,0.06067476740279165,inside,elliptical,1.7462708903799788,0.8616448275932088,8.863734271797213,1.3549342462210134,136.0853049495825,1,,,,False,0.3941355732283195,0.9702632925878429,False,0.2624317798556982,1.7079920168538987,0.7145245644075827,2.4949813325290155,diffusive,,6.447995562188234,0.03697877205106985,57.89846341665832,1.4805142865573129,2.196794500529483,5.669416102418902,9.70472408918573,0.2136545324674155,0.29598897610192276,0.9397853894060451,0.16266595457281882,0.4814042637633635,0.6654330777570426,28.615522051552745,3.317198665292543,0.05593175727396936,qp_ode,0.05,100.0,2.2431225589353555e-09,100.00000000000001,188.48033507752348,1.9801876572445596,191.0,5.0,0.999,independent_lognormal,False,0.0,False,0.0,47.59776306958262,0.11517694748218357,False,0.0,fixed_device,0,83.8352488853537,118.05332671712425,167.6704977707074,204.94395774055712,107.50854;83.835249;108.17078;117.03402;89.487233;118.05333;86.697402;85.209342;102.47198;92.587643;100.74184;98.930132;99.136065;93.433459;94.419352;116.50486;105.77879,198.80062;167.6705;194.33474;189.94553;178.97447;197.9976;173.3948;170.41868;204.94396;185.17529;198.89142;197.86026;196.57891;186.86692;188.8387;189.8481;183.62519,4.9457111;5.0272209;5.0049862;5.0861229;5.0349499;4.97517;4.9890876;5.0206058;4.8965438;5.0073491;4.9351045;5.0695225;5.0068295;5.0800369;4.971503;4.9932767;4.9559796,4.7388212465193646e-08,72.58592987060547,2.370786011951509e-09,42980.199123443395,1.0,0.2063494917150011,True,,,1,7058815825214243226,1cebbe2c85286d125a19176074641cec80e768fcc76265a176a2887e861b48e2:832,123,9207560486794020041,3eabdfa943524b1077c76342cd49dd883c1d02e6abf0a6e9273162f3d53c340b,0.0
833,0,-0.9802595253796271,3.0,edge,circular,1.9344870451977199,1.0591980684818436,5.058153407631273,1.0,124.48082822924607,1,,,,False,0.2785121654796395,0.20538200748317448,False,0.16358554452466062,3.20362636600869,0.5157412373594269,1.1011455158915873,diffusive,,13.774230093529777,0.07829213080871518,47.84584576756367,0.60808523537899,3.7719109997504,4.260051854484084,7.812739260789111,0.18830675971524116,0.14431206320441803,0.995479313092088,0.04937358236290024,0.26423968514391594,0.7027390572818858,29.167668765730635,3.01938657377898,0.0799953914843691,qp_ode,0.05,100.0,4.1725819534444244e-08,100.00000000000001,188.48033507752348,1.9466983939633404,191.0,5.0,0.999,independent_lognormal,False,0.0,False,0.0,18.492528092508664,0.34948988520266794,False,0.0,fixed_device,0,83.8352488853537,118.05332671712425,167.6704977707074,204.94395774055712,107.50854;83.835249;108.17078;117.03402;89.487233;118.05333;86.697402;85.209342;102.47198;92.587643;100.74184;98.930132;99.136065;93.433459;94.419352;116.50486;105.77879,198.80062;167.6705;194.33474;189.94553;178.97447;197.9976;173.3948;170.41868;204.94396;185.17529;198.89142;197.86026;196.57891;186.86692;188.8387;189.8481;183.62519,4.9457111;5.0272209;5.0049862;5.0861229;5.0349499;4.97517;4.9890876;5.0206058;4.8965438;5.0073491;4.9351045;5.0695225;5.0068295;5.0800369;4.971503;4.9932767;4.9559796,9.394728976985789e-07,20.13904571533203,4.7062592045676865e-08,42980.199123443395,1.0,0.1988877472419262,True,,,2,12148555738469561901,1cebbe2c85286d125a19176074641cec80e768fcc76265a176a2887e861b48e2:833,123,8730346235566258274,3eabdfa943524b1077c76342cd49dd883c1d02e6abf0a6e9273162f3d53c340b,0.11196001838235294
834,0,-0.9503799126038928,-3.967311469928564,outside,elliptical,2.017399647222832,1.3683593997208903,5.37309104760504,1.6911608926191037,106.58246583770813,1,,,,False,0.11018971755395085,0.5615219224233454,False,0.2663688392575664,2.987043023754582,1.2673133511993877,2.0554416114528617,diffusive,,11.41644966663807,0.07423353178079686,64.30956936081218,0.5384089383930291,2.995125415272212,4.281546784129474,9.752103704934623,0.5258940722764007,0.41511225716930056,0.802450275402066,0.4180194885329012,0.2376396378551996,0.6089007624022262,34.289061967219425,2.94077640542003,0.0572167753665036,qp_ode,0.05,100.0,9.372402272021637e-09,100.00000000000001,188.48033507752348,0.9179031479433257,191.0,5.0,0.999,independent_lognormal,False,0.0,False,0.0,18.483979068175422,0.4743775181398868,False,0.0,fixed_device,0,83.8352488853537,118.05332671712425,167.6704977707074,204.94395774055712,107.50854;83.835249;108.17078;117.03402;89.487233;118.05333;86.697402;85.209342;102.47198;92.587643;100.74184;98.930132;99.136065;93.433459;94.419352;116.50486;105.77879,198.80062;167.6705;194.33474;189.94553;178.97447;197.9976;173.3948;170.41868;204.94396;185.17529;198.89142;197.86026;196.57891;186.86692;188.8387;189.8481;183.62519,4.9457111;5.0272209;5.0049862;5.0861229;5.0349499;4.97517;4.9890876;5.0206058;4.8965438;5.0073491;4.9351045;5.0695225;5.0068295;5.0800369;4.971503;4.9932767;4.9559796,1.3131294451795839e-07,61.98625946044922,6.5691505568565844e-09,42980.199123443395,1.0,0.18292609824929257,True,,,1,14289036368668284695,1cebbe2c85286d125a19176074641cec80e768fcc76265a176a2887e861b48e2:834,123,7743251550986962787,3eabdfa943524b1077c76342cd49dd883c1d02e6abf0a6e9273162f3d53c340b,0.0
835,0,1.0663183211229654,0.4440702321762817,inside,circular,2.407655428549987,1.647130382971925,7.749682683743897,1.0,62.63590837735852,1,,,,False,0.36701761614516865,0.06714892890042101,False,0.22684089205612987,1.8598001915382112,0.8398807031830762,2.9110751855840657,diffusive,,16.93329908112966,0.02850310344459576,52.70738838563333,1.2752390602578196,2.992619325532351,3.9124021604353287,7.658584232851942,0.3664371277219929,0.27009360277024697,0.8957358987599421,0.45699484107197086,0.22949140246602012,1.036625578869445,33.343956483657614,2.823866532035344,0.07873917704723533,qp_ode,0.05,100.0,8.204276948041436e-09,100.00000000000001,188.48033507752348,1.8900559077039136,191.0,5.0,0.999,independent_lognormal,False,0.0,False,0.0,28.786061686196188,0.2897591153372821,False,0.0,fixed_device,0,83.8352488853537,118.05332671712425,167.6704977707074,204.94395774055712,107.50854;83.835249;108.17078;117.03402;89.487233;118.05333;86.697402;85.209342;102.47198;92.587643;100.74184;98.930132;99.136065;93.433459;94.419352;116.50486;105.77879,198.80062;167.6705;194.33474;189.94553;178.97447;197.9976;173.3948;170.41868;204.94396;185.17529;198.89142;197.86026;196.57891;186.86692;188.8387;189.8481;183.62519,4.9457111;5.0272209;5.0049862;5.0861229;5.0349499;4.97517;4.9890876;5.0206058;4.8965438;5.0073491;4.9351045;5.0695225;5.0068295;5.0800369;4.971503;4.9932767;4.9559796,1.662120752143892e-07,54.360652923583984,8.313760346823074e-09,42980.199123443395,1.0,0.18161968167833362,True,,,1,17506221751330636659,1cebbe2c85286d125a19176074641cec80e768fcc76265a176a2887e861b48e2:835,123,3526787828723503973,3eabdfa943524b1077c76342cd49dd883c1d02e6abf0a6e9273162f3d53c340b,0.0
836,0,3.9035218478787788,-0.9078067004929498,outside,circular,1.9699761533495823,1.2420938008530844,5.559694088669118,1.0,165.51887542721985,1,,,,False,0.13137459430372783,0.35132439050868614,False,0.3183676778876089,2.9049621150785097,0.7962546291973216,1.337329068048031,diffusive,,7.334913238269074,0.0809973798819486,77.844865616785,1.6918979352163848,2.06228317680162,6.2880938077608075,7.331380938058134,0.3721487905625195,0.3521032477942426,0.9498046443459411,0.1777812104482404,0.3683224813420377,1.076279850374247,23.843920317086415,3.2848037725296635,0.07989663081708692,qp_ode,0.05,100.0,2.6305667322424133e-10,100.00000000000001,188.48033507752348,1.4181076541882547,191.0,5.0,0.999,independent_lognormal,False,0.0,False,0.0,42.860171071847034,0.35677014915377764,False,0.0,fixed_device,0,83.8352488853537,118.05332671712425,167.6704977707074,204.94395774055712,107.50854;83.835249;108.17078;117.03402;89.487233;118.05333;86.697402;85.209342;102.47198;92.587643;100.74184;98.930132;99.136065;93.433459;94.419352;116.50486;105.77879,198.80062;167.6705;194.33474;189.94553;178.97447;197.9976;173.3948;170.41868;204.94396;185.17529;198.89142;197.86026;196.57891;186.86692;188.8387;189.8481;183.62519,4.9457111;5.0272209;5.0049862;5.0861229;5.0349499;4.97517;4.9890876;5.0206058;4.8965438;5.0073491;4.9351045;5.0695225;5.0068295;5.0800369;4.971503;4.9932767;4.9559796,6.039047484307503e-09,83.83525085449219,3.0216973367913624e-10,42980.199123443395,1.0,0.20866753387005524,True,,,0,14853829708463387038,1cebbe2c85286d125a19176074641cec80e768fcc76265a176a2887e861b48e2:836,123,4283959127664455176,3eabdfa943524b1077c76342cd49dd883c1d02e6abf0a6e9273162f3d53c340b,0.0
837,0,-0.07978950998277323,2.5379058462389343,inside,circular,2.229572372985805,1.6781437185159218,8.198782695976954,1.0,66.05859474051314,1,,,,False,0.38958556325715016,0.3648687744809527,False,0.2676477201257852,3.8387787759978322,0.6685700317913252,1.0729179757505063,ballistic,16.841307736024433,,0.0514674821854508,54.51704785767091,0.5567373802645572,2.4432590271052095,4.2803431744624145,6.882157366240488,0.5986499371942722,0.4913634600733562,0.8863681567702218,0.1484609947670795,0.21903231639812937,0.5268344266192511,32.048230141310235,3.3055082384166816,0.009450798651597028,qp_ode,0.05,100.0,4.0981283109042845e-09,100.00000000000001,188.48033507752348,0.3307983742287851,191.0,5.0,0.999,independent_lognormal,False,0.0,False,0.0,9.783317045628872,0.6462967861840976,False,0.0,fixed_device,0,83.8352488853537,118.05332671712425,167.6704977707074,204.94395774055712,107.50854;83.835249;108.17078;117.03402;89.487233;118.05333;86.697402;85.209342;102.47198;92.587643;100.74184;98.930132;99.136065;93.433459;94.419352;116.50486;105.77879,198.80062;167.6705;194.33474;189.94553;178.97447;197.9976;173.3948;170.41868;204.94396;185.17529;198.89142;197.86026;196.57891;186.86692;188.8387;189.8481;183.62519,4.9457111;5.0272209;5.0049862;5.0861229;5.0349499;4.97517;4.9890876;5.0206058;4.8965438;5.0073491;4.9351045;5.0695225;5.0068295;5.0800369;4.971503;4.9932767;4.9559796,7.507687627139603e-08,71.65691375732422,3.767279821431657e-09,42980.199123443395,1.0,0.19612343472165839,True,,,1,16273627122479486628,1cebbe2c85286d125a19176074641cec80e768fcc76265a176a2887e861b48e2:837,123,930951616157893916,3eabdfa943524b1077c76342cd49dd883c1d02e6abf0a6e9273162f3d53c340b,0.0
838,0,1.101077795621861,-0.7911416456881848,inside,circular,2.0642496128849315,1.4349380941639218,4.619611152700537,1.0,113.94798513949249,1,,,,False,0.16953301304586849,0.7674387712265784,False,0.2806477188678466,1.8665923369185853,0.8213707119088199,2.863012874974028,diffusive,,8.18376455461066,0.03997965337745007,76.37825379777881,1.398138234301579,2.0707747036221877,4.516872992495573,6.314455041025723,0.17334756117336883,0.3582930628741027,0.9676919014123171,0.42334118588867853,0.31587478529044444,0.5211402760809657,26.921808097156543,3.150122364757721,0.023615040903528072,qp_ode,0.05,100.0,2.217003253765473e-10,100.00000000000001,188.48033507752348,0.6463930008479319,191.0,5.0,0.999,independent_lognormal,False,0.0,False,0.0,43.17203114100902,0.137314301939503,False,0.0,fixed_device,0,83.8352488853537,118.05332671712425,167.6704977707074,204.94395774055712,107.50854;83.835249;108.17078;117.03402;89.487233;118.05333;86.697402;85.209342;102.47198;92.587643;100.74184;98.930132;99.136065;93.433459;94.419352;116.50486;105.77879,198.80062;167.6705;194.33474;189.94553;178.97447;197.9976;173.3948;170.41868;204.94396;185.17529;198.89142;197.86026;196.57891;186.86692;188.8387;189.8481;183.62519,4.9457111;5.0272209;5.0049862;5.0861229;5.0349499;4.97517;4.9890876;5.0206058;4.8965438;5.0073491;4.9351045;5.0695225;5.0068295;5.0800369;4.971503;4.9932767;4.9559796,6.632819626872788e-09,83.1718521118164,3.32512906098259e-10,42980.199123443395,1.0,0.18970589455433404,True,,,0,6670714930586902575,1cebbe2c85286d125a19176074641cec80e768fcc76265a176a2887e861b48e2:838,123,1310262001829412373,3eabdfa943524b1077c76342cd49dd883c1d02e6abf0a6e9273162f3d53c340b,0.0
839,0,-2.015844404885998,-3.0,edge,circular,2.4570318237806053,1.4035301325456822,4.527657548668308,1.0,51.25853833568978,1,,,,False,0.38186880251491323,0.372228563633509,False,0.27922171030400644,1.7538376013408965,0.8436451177350845,1.6033489762105062,ballistic,18.56700636226521,,0.0818376093846765,17.492832309466955,0.6848909606270098,2.6370662418072066,4.844741331342899,9.197868834515848,0.5900236661522836,0.14561099143066475,0.8774055287239694,0.5896590835710905,0.4404589984378772,1.1214489246742017,22.31344588158468,3.053702239707874,0.010653989262993617,qp_ode,0.05,100.0,1.0435871548430532e-10,100.00000000000001,188.48033507752348,0.34655346446550434,191.0,5.0,0.999,independent_lognormal,False,0.0,False,0.0,7.021682794344749,0.6148756414157343,False,0.0,fixed_device,0,83.8352488853537,118.05332671712425,167.6704977707074,204.94395774055712,107.50854;83.835249;108.17078;117.03402;89.487233;118.05333;86.697402;85.209342;102.47198;92.587643;100.74184;98.930132;99.136065;93.433459;94.419352;116.50486;105.77879,198.80062;167.6705;194.33474;189.94553;178.97447;197.9976;173.3948;170.41868;204.94396;185.17529;198.89142;197.86026;196.57891;186.86692;188.8387;189.8481;183.62519,4.9457111;5.0272209;5.0049862;5.0861229;5.0349499;4.97517;4.9890876;5.0206058;4.8965438;5.0073491;4.9351045;5.0695225;5.0068295;5.0800369;4.971503;4.9932767;4.9559796,1.8614321195542516e-09,83.3204116821289,9.318466137608894e-11,42980.199123443395,1.0,0.1814478447864959,True,,,0,12544891464079726716,1cebbe2c85286d125a19176074641cec80e768fcc76265a176a2887e861b48e2:839,123,144222857474591676,3eabdfa943524b1077c76342cd49dd883c1d02e6abf0a6e9273162f3d53c340b,0.0
840,0,3.681895661282696,0.10168274357334894,outside,circular,2.241739432538704,1.1723322275015013,3.7760073141548576,1.0,37.26171925643427,1,,,,False,0.3685999405429893,0.19275958987221475,False,0.2961969602911403,1.6003270102862763,0.5223340106198944,2.703079258352875,diffusive,,8.152495231167979,0.0699585390412164,31.057564920327767,1.8742012174326357,2.4576359583189404,5.961276913217693,8.33433781232376,0.16864498506740627,0.1917520187710436,0.8574109806503942,0.42119786535538073,0.3758605984420679,1.1608753163953223,23.069185695112544,2.918095669716924,0.07135772035931605,qp_ode,0.05,100.0,3.5261204206352935e-08,100.00000000000001,188.48033507752348,1.7553723691838694,191.0,5.0,0.999,independent_lognormal,False,0.0,False,0.0,26.56833455367597,0.08490262561823786,False,0.0,fixed_device,0,83.8352488853537,118.05332671712425,167.6704977707074,204.94395774055712,107.50854;83.835249;108.17078;117.03402;89.487233;118.05333;86.697402;85.209342;102.47198;92.587643;100.74184;98.930132;99.136065;93.433459;94.419352;116.50486;105.77879,198.80062;167.6705;194.33474;189.94553;178.97447;197.9976;173.3948;170.41868;204.94396;185.17529;198.89142;197.86026;196.57891;186.86692;188.8387;189.8481;183.62519,4.9457111;5.0272209;5.0049862;5.0861229;5.0349499;4.97517;4.9890876;5.0206058;4.8965438;5.0073491;4.9351045;5.0695225;5.0068295;5.0800369;4.971503;4.9932767;4.9559796,9.425148164154962e-07,19.477869033813477,4.724023838775793e-08,42980.199123443395,1.0,0.1879235079377547,True,,,2,17388451557657705403,1cebbe2c85286d125a19176074641cec80e768fcc76265a176a2887e861b48e2:840,123,8913030390452921789,3eabdfa943524b1077c76342cd49dd883c1d02e6abf0a6e9273162f3d53c340b,0.1120461856617647
841,0,3.0,0.3507531667858679,edge,circular,1.958984629144975,0.9495043589700374,9.559986358488267,1.0,100.61941656318317,1,,,,False,0.1468019628091676,0.3448335315921299,False,0.11357927193145773,2.953431796897582,0.6670198121673477,1.7215119357563522,ballistic,39.832403422721136,,0.040480167947234524,59.31347239051618,1.8014061621572357,3.1378433236576573,4.376351739984547,7.627253286789239,0.33168305711490903,0.14165540215156605,0.9251137829505497,0.6382476309518217,0.43708738456614116,0.8264062579277398,22.660094789749905,2.986482470358593,0.011500569040851855,qp_ode,0.05,100.0,2.839447266289527e-07,100.00000000000001,188.48033507752348,1.7646485554960225,191.0,5.0,0.999,independent_lognormal,False,0.0,False,0.0,30.84415847806693,0.07823708963311679,False,0.0,fixed_device,0,83.8352488853537,118.05332671712425,167.6704977707074,204.94395774055712,107.50854;83.835249;108.17078;117.03402;89.487233;118.05333;86.697402;85.209342;102.47198;92.587643;100.74184;98.930132;99.136065;93.433459;94.419352;116.50486;105.77879,198.80062;167.6705;194.33474;189.94553;178.97447;197.9976;173.3948;170.41868;204.94396;185.17529;198.89142;197.86026;196.57891;186.86692;188.8387;189.8481;183.62519,4.9457111;5.0272209;5.0049862;5.0861229;5.0349499;4.97517;4.9890876;5.0206058;4.8965438;5.0073491;4.9351045;5.0695225;5.0068295;5.0800369;4.971503;4.9932767;4.9559796,7.505823305109516e-06,3.02140212059021,3.8112420952529646e-07,42980.199123443395,1.0,0.3284322831364422,True,,,2,823551961067730201,1cebbe2c85286d125a19176074641cec80e768fcc76265a176a2887e861b48e2:841,123,32630920779399974,3eabdfa943524b1077c76342cd49dd883c1d02e6abf0a6e9273162f3d53c340b,0.8870059742647058
842,0,3.0,2.696989497957416,edge,elliptical,1.7589311993734265,1.6714780650626746,6.297301443316584,2.1955162494621536,94.53568281968865,1,,,,False,0.33538694219256854,0.6399654222258037,False,0.25418008369361533,1.7105572835402665,0.9678661506292672,2.9773641943075155,ballistic,28.6883755958689,,0.10415756821137133,12.27894296383826,1.4059883049953972,2.2431564349751847,5.070558437070842,5.920198506958352,0.3702619848803563,0.15053827642277395,0.8639860580017125,0.6612801941173428,0.12156663608600818,0.7401665446198293,24.013568016734613,2.90681196998754,0.06626483214354159,qp_ode,0.05,100.0,2.379570762129369e-10,100.00000000000001,188.48033507752348,1.7773849310834995,191.0,5.0,0.999,independent_lognormal,False,0.0,False,0.0,9.22007548710449,0.36673514587617684,False,0.0,fixed_device,0,83.8352488853537,118.05332671712425,167.6704977707074,204.94395774055712,107.50854;83.835249;108.17078;117.03402;89.487233;118.05333;86.697402;85.209342;102.47198;92.587643;100.74184;98.930132;99.136065;93.433459;94.419352;116.50486;105.77879,198.80062;167.6705;194.33474;189.94553;178.97447;197.9976;173.3948;170.41868;204.94396;185.17529;198.89142;197.86026;196.57891;186.86692;188.8387;189.8481;183.62519,4.9457111;5.0272209;5.0049862;5.0861229;5.0349499;4.97517;4.9890876;5.0206058;4.8965438;5.0073491;4.9351045;5.0695225;5.0068295;5.0800369;4.971503;4.9932767;4.9559796,3.876862386675839e-09,83.83524322509766,1.9400016315618274e-10,42980.199123443395,1.0,0.18234525768840282,True,,,0,15075531861461866129,1cebbe2c85286d125a19176074641cec80e768fcc76265a176a2887e861b48e2:842,123,1516233741776435222,3eabdfa943524b1077c76342cd49dd883c1d02e6abf0a6e9273162f3d53c340b,0.0
843,0,0.038754373447889456,3.35826650250063,outside,circular,2.4767061217224775,0.9333128847107953,7.555094749399675,1.0,109.88180024013492,1,,,,False,0.11489138365909579,0.635035431487896,False,0.16649747199999743,3.5617452257271998,0.850795096991112,1.6614420549085918,diffusive,,18.984407972472958,0.09784830726824943,28.637688203489333,0.5691452559850932,2.4515964659271825,5.694863702907021,9.864764301653807,0.4865958740110985,0.3154826568390996,0.8562961086227863,0.4044215789197849,0.3705758213509139,0.7888716330369226,25.47484725249684,2.8320716864160755,0.022578417201861045,qp_ode,0.05,100.0,1.2888410264795167e-09,100.00000000000001,188.48033507752348,1.1573386011728406,191.0,5.0,0.999,independent_lognormal,False,0.0,False,0.0,2.716201074269367,0.30897880887672535,False,0.0,fixed_device,0,83.8352488853537,118.05332671712425,167.6704977707074,204.94395774055712,107.50854;83.835249;108.17078;117.03402;89.487233;118.05333;86.697402;85.209342;102.47198;92.587643;100.74184;98.930132;99.136065;93.433459;94.419352;116.50486;105.77879,198.80062;167.6705;194.33474;189.94553;178.97447;197.9976;173.3948;170.41868;204.94396;185.17529;198.89142;197.86026;196.57891;186.86692;188.8387;189.8481;183.62519,4.9457111;5.0272209;5.0049862;5.0861229;5.0349499;4.97517;4.9890876;5.0206058;4.8965438;5.0073491;4.9351045;5.0695225;5.0068295;5.0800369;4.971503;4.9932767;4.9559796,3.2800194560422824e-08,82.3517074584961,1.640344748921052e-09,42980.199123443395,1.0,0.17044929251002916,True,,,1,17074548182457204504,1cebbe2c85286d125a19176074641cec80e768fcc76265a176a2887e861b48e2:843,123,8732791914338097200,3eabdfa943524b1077c76342cd49dd883c1d02e6abf0a6e9273162f3d53c340b,0.0
844,0,0.9902039599341501,-3.0,edge,circular,2.1521958842313538,1.1231683915143245,5.660369428178831,1.0,157.00261807417002,1,,,,False,0.11656969342072215,0.14078576457091274,False,0.3101545371303864,1.6248532948627,1.1319079816497792,1.744183801933053,ballistic,25.17992588378307,,0.06861273777842614,50.7768498251758,0.4450911822731575,2.6981798741368466,5.458866410402745,8.900851016229236,0.5336895399936902,0.33575241643451514,0.8151100330341569,0.5071972976110918,0.26758580185679776,0.7924087243783499,32.23187851060694,2.8686339985254796,0.0032123092007990284,qp_ode,0.05,100.0,1.3890476180385259e-09,100.00000000000001,188.48033507752348,0.54285644994773,191.0,5.0,0.999,independent_lognormal,False,0.0,False,0.0,4.144705507029909,0.18860128345095512,False,0.0,fixed_device,0,83.8352488853537,118.05332671712425,167.6704977707074,204.94395774055712,107.50854;83.835249;108.17078;117.03402;89.487233;118.05333;86.697402;85.209342;102.47198;92.587643;100.74184;98.930132;99.136065;93.433459;94.419352;116.50486;105.77879,198.80062;167.6705;194.33474;189.94553;178.97447;197.9976;173.3948;170.41868;204.94396;185.17529;198.89142;197.86026;196.57891;186.86692;188.8387;189.8481;183.62519,4.9457111;5.0272209;5.0049862;5.0861229;5.0349499;4.97517;4.9890876;5.0206058;4.8965438;5.0073491;4.9351045;5.0695225;5.0068295;5.0800369;4.971503;4.9932767;4.9559796,2.581052349626134e-08,78.39996337890625,1.2935199578123502e-09,42980.199123443395,1.0,0.16945636817467644,True,,,1,3237215405044325282,1cebbe2c85286d125a19176074641cec80e768fcc76265a176a2887e861b48e2:844,123,5840648760442775363,3eabdfa943524b1077c76342cd49dd883c1d02e6abf0a6e9273162f3d53c340b,0.0
845,0,1.0928840107815132,0.34188643374818906,inside,circular,2.099894015889555,1.5580040849595433,2.6092316041016774,1.0,21.152490028645282,1,,,,False,0.28034060376726533,0.7944570304721106,False,0.10211813567098807,3.7796693984813303,1.2863218437774933,1.5106400909860034,diffusive,,18.359435001846954,0.07251426072666531,6.726020904867216,1.234527601168332,2.59266809913804,4.371687879253245,6.831197915723772,0.17986609144997626,0.40506686772716227,0.9705647288371788,0.602177706885977,0.26887454160232677,0.5276115130222687,28.484544701682644,2.8194617567556124,0.03329881077455119,qp_ode,0.05,100.0,1.501358295117923e-08,100.00000000000001,188.48033507752348,1.4178754889760272,191.0,5.0,0.999,independent_lognormal,False,0.0,False,0.0,60.778476160249404,0.13304899995099304,False,0.0,fixed_device,0,83.8352488853537,118.05332671712425,167.6704977707074,204.94395774055712,107.50854;83.835249;108.17078;117.03402;89.487233;118.05333;86.697402;85.209342;102.47198;92.587643;100.74184;98.930132;99.136065;93.433459;94.419352;116.50486;105.77879,198.80062;167.6705;194.33474;189.94553;178.97447;197.9976;173.3948;170.41868;204.94396;185.17529;198.89142;197.86026;196.57891;186.86692;188.8387;189.8481;183.62519,4.9457111;5.0272209;5.0049862;5.0861229;5.0349499;4.97517;4.9890876;5.0206058;4.8965438;5.0073491;4.9351045;5.0695225;5.0068295;5.0800369;4.971503;4.9932767;4.9559796,4.41992227706578e-07,35.25218963623047,2.2144289957282126e-08,42980.199123443395,1.0,0.1796317644256627,True,,,2,2365692611513931542,1cebbe2c85286d125a19176074641cec80e768fcc76265a176a2887e861b48e2:845,123,6817103323364022834,3eabdfa943524b1077c76342cd49dd883c1d02e6abf0a6e9273162f3d53c340b,0.0
846,0,-1.4105120973217482,-2.2693935391599123,inside,elliptical,1.9152552019748925,1.2516880704405022,8.078763236619384,2.3737532080902843,44.304308806049846,1,,,,False,0.3031811313123631,0.26059961681579213,False,0.3215102828620229,1.8299710362325596,0.6937482396044606,2.597685275040331,diffusive,,16.69698725732149,0.040574318289561206,18.954702992911805,0.5257736859606092,2.2072021467207215,6.009836667310259,6.164860274215487,0.3370156435538282,0.452584663987213,0.8264799335091689,0.06665568442585679,0.28626504537084146,0.5483012882015773,34.70401463002308,2.8187228070679824,0.07309765175762989,qp_ode,0.05,100.0,3.9975924342224616e-10,100.00000000000001,188.48033507752348,1.746039054152719,191.0,5.0,0.999,independent_lognormal,False,0.0,False,0.0,17.77613717273264,0.13886030229733176,False,0.0,fixed_device,0,83.8352488853537,118.05332671712425,167.6704977707074,204.94395774055712,107.50854;83.835249;108.17078;117.03402;89.487233;118.05333;86.697402;85.209342;102.47198;92.587643;100.74184;98.930132;99.136065;93.433459;94.419352;116.50486;105.77879,198.80062;167.6705;194.33474;189.94553;178.97447;197.9976;173.3948;170.41868;204.94396;185.17529;198.89142;197.86026;196.57891;186.86692;188.8387;189.8481;183.62519,4.9457111;5.0272209;5.0049862;5.0861229;5.0349499;4.97517;4.9890876;5.0206058;4.8965438;5.0073491;4.9351045;5.0695225;5.0068295;5.0800369;4.971503;4.9932767;4.9559796,1.2427022078043137e-08,82.5055923461914,6.242300010228519e-10,42980.199123443395,1.0,0.17804379066002993,True,,,0,6030427183260965037,1cebbe2c85286d125a19176074641cec80e768fcc76265a176a2887e861b48e2:846,123,3081674213187802141,3eabdfa943524b1077c76342cd49dd883c1d02e6abf0a6e9273162f3d53c340b,0.0
847,0,0.7971923506386265,3.0,edge,circular,2.075056931240063,1.4831188875552463,5.763117585103619,1.0,94.50636104734154,1,,,,False,0.13859030101390113,0.7148681164995874,False,0.3733398250076616,2.9846199868336227,0.9677616759609715,2.541028343047724,diffusive,,6.798003036940855,0.021432935920476532,77.91790409889215,0.8866367974483462,2.915231232503425,5.248102767422827,8.884978158079775,0.25836614985857376,0.360600392877105,0.9217182405921582,0.6415038622606879,0.1141468030210891,0.8760388675166544,27.36548394483029,3.2709485075110694,0.0699161725052493,qp_ode,0.05,100.0,1.684305349074925e-10,100.00000000000001,188.48033507752348,1.1146046637271088,191.0,5.0,0.999,independent_lognormal,False,0.0,False,0.0,13.607239136902649,0.2808449515106747,False,0.0,fixed_device,0,83.8352488853537,118.05332671712425,167.6704977707074,204.94395774055712,107.50854;83.835249;108.17078;117.03402;89.487233;118.05333;86.697402;85.209342;102.47198;92.587643;100.74184;98.930132;99.136065;93.433459;94.419352;116.50486;105.77879,198.80062;167.6705;194.33474;189.94553;178.97447;197.9976;173.3948;170.41868;204.94396;185.17529;198.89142;197.86026;196.57891;186.86692;188.8387;189.8481;183.62519,4.9457111;5.0272209;5.0049862;5.0861229;5.0349499;4.97517;4.9890876;5.0206058;4.8965438;5.0073491;4.9351045;5.0695225;5.0068295;5.0800369;4.971503;4.9932767;4.9559796,6.210675529416676e-09,83.83525085449219,3.1754207596712547e-10,42980.199123443395,1.0,0.20587497649989758,True,,,0,9681997555137006641,1cebbe2c85286d125a19176074641cec80e768fcc76265a176a2887e861b48e2:847,123,676230746123113590,3eabdfa943524b1077c76342cd49dd883c1d02e6abf0a6e9273162f3d53c340b,0.0
848,0,-1.0930992791801037,3.0,edge,elliptical,2.406521554871747,1.1896809955271486,7.981319451424546,1.6745361963322376,78.79937958785591,1,,,,False,0.2740397692688635,0.2748945820629498,False,0.13807069086433382,3.9570248325075243,0.7469102809904046,1.3719309953566956,ballistic,24.208760040069812,,0.052174790517527866,14.13087279367054,1.161409653591287,2.6059523257084765,5.2376226363737715,6.351535246953214,0.4064697601747377,0.22347131667521888,0.8996762776338927,0.40296588425538843,0.4720955947991624,0.7414870791087858,23.8475370293629,3.0107885046467087,0.019660767778792696,qp_ode,0.05,100.0,2.3622106161128638e-08,100.00000000000001,188.48033507752348,0.486389496175273,191.0,5.0,0.999,independent_lognormal,False,0.0,False,0.0,49.41696635890431,0.53299993728498,False,0.0,fixed_device,0,83.8352488853537,118.05332671712425,167.6704977707074,204.94395774055712,107.50854;83.835249;108.17078;117.03402;89.487233;118.05333;86.697402;85.209342;102.47198;92.587643;100.74184;98.930132;99.136065;93.433459;94.419352;116.50486;105.77879,198.80062;167.6705;194.33474;189.94553;178.97447;197.9976;173.3948;170.41868;204.94396;185.17529;198.89142;197.86026;196.57891;186.86692;188.8387;189.8481;183.62519,4.9457111;5.0272209;5.0049862;5.0861229;5.0349499;4.97517;4.9890876;5.0206058;4.8965438;5.0073491;4.9351045;5.0695225;5.0068295;5.0800369;4.971503;4.9932767;4.9559796,4.891613798463368e-07,32.910484313964844,2.4482652349888667e-08,42980.199123443395,1.0,0.18141885458240548,True,,,2,16003771219780760056,1cebbe2c85286d125a19176074641cec80e768fcc76265a176a2887e861b48e2:848,123,5879269315335013708,3eabdfa943524b1077c76342cd49dd883c1d02e6abf0a6e9273162f3d53c340b,0.0
849,0,-0.9188521252824433,-3.5336726009342296,outside,circular,1.8883459270599252,1.5212041782569337,2.8992223405757684,1.0,171.01219547257503,1,,,,False,0.25697181453374185,0.7496847932504179,False,0.33752514015638035,3.9546956953557983,0.8118152525354791,1.399824884749079,ballistic,14.752433771536374,,0.06105307167008728,51.984512647864705,1.0101447506314734,2.250147101369891,4.6223669452647895,9.876356383555244,0.37568935431691985,0.19790483356042513,0.8150017918201404,0.5144670038203032,0.1758163863458227,1.0431691469266409,26.196609623978453,2.804846941311449,0.05703304181334322,qp_ode,0.05,100.0,1.377772626867379e-08,100.00000000000001,188.48033507752348,1.4084851822109978,191.0,5.0,0.999,independent_lognormal,False,0.0,False,0.0,17.315204437759753,0.41306924669083456,False,0.0,fixed_device,0,83.8352488853537,118.05332671712425,167.6704977707074,204.94395774055712,107.50854;83.835249;108.17078;117.03402;89.487233;118.05333;86.697402;85.209342;102.47198;92.587643;100.74184;98.930132;99.136065;93.433459;94.419352;116.50486;105.77879,198.80062;167.6705;194.33474;189.94553;178.97447;197.9976;173.3948;170.41868;204.94396;185.17529;198.89142;197.86026;196.57891;186.86692;188.8387;189.8481;183.62519,4.9457111;5.0272209;5.0049862;5.0861229;5.0349499;4.97517;4.9890876;5.0206058;4.8965438;5.0073491;4.9351045;5.0695225;5.0068295;5.0800369;4.971503;4.9932767;4.9559796,2.9408016644083546e-07,40.6466064453125,1.4731948105861647e-08,42980.199123443395,1.0,0.17548783881429805,True,,,2,5690971391417464563,1cebbe2c85286d125a19176074641cec80e768fcc76265a176a2887e861b48e2:849,123,4525745424550546134,3eabdfa943524b1077c76342cd49dd883c1d02e6abf0a6e9273162f3d53c340b,0.0
850,0,-2.783708880925434,2.604732757015041,inside,elliptical,1.876166691355325,1.052605792912809,6.582974913140044,1.8089848228830698,147.90097896014888,1,,,,False,0.12675906384273514,0.20553790214505208,False,0.12694836356830214,2.3500389628463174,1.1997919971368165,1.7650149618594737,ballistic,20.037172788805115,,0.08803007379564065,47.65852224548817,0.5284820048425708,2.3223154553784666,4.179074687249818,9.721009507144688,0.5582397736315875,0.2781836907369416,0.9012649172964505,0.39998823370744135,0.08242710778423126,1.1663053047147733,33.16731061280753,3.0844143300822924,0.07546412453252578,qp_ode,0.05,100.0,2.959203658860632e-10,100.00000000000001,188.48033507752348,1.015663250727274,191.0,5.0,0.999,independent_lognormal,False,0.0,False,0.0,4.021078976839097,0.5833703148031132,False,0.0,fixed_device,0,83.8352488853537,118.05332671712425,167.6704977707074,204.94395774055712,107.50854;83.835249;108.17078;117.03402;89.487233;118.05333;86.697402;85.209342;102.47198;92.587643;100.74184;98.930132;99.136065;93.433459;94.419352;116.50486;105.77879,198.80062;167.6705;194.33474;189.94553;178.97447;197.9976;173.3948;170.41868;204.94396;185.17529;198.89142;197.86026;196.57891;186.86692;188.8387;189.8481;183.62519,4.9457111;5.0272209;5.0049862;5.0861229;5.0349499;4.97517;4.9890876;5.0206058;4.8965438;5.0073491;4.9351045;5.0695225;5.0068295;5.0800369;4.971503;4.9932767;4.9559796,5.10199171799286e-09,83.64103698730469,2.553692535212093e-10,42980.199123443395,1.0,0.19480063582544124,True,,,0,1904770311944021108,1cebbe2c85286d125a19176074641cec80e768fcc76265a176a2887e861b48e2:850,123,1090636506438811425,3eabdfa943524b1077c76342cd49dd883c1d02e6abf0a6e9273162f3d53c340b,0.0
851,0,-0.06452601169230032,-3.0,edge,elliptical,1.8815229070371031,1.0322935792709447,3.092790533116494,2.3081380834366367,131.19700134565355,1,,,,False,0.16654876149860665,0.7414987297549841,False,0.19009509484084758,3.843479705515257,0.9214430417439017,1.7193175221280863,diffusive,,7.771371704603255,0.08685585103163672,51.69444734286042,0.8631720548114056,2.793788217115165,6.1375305707834515,9.617915533343242,0.5714823582613086,0.166576479157154,0.9973684611838031,0.43019771883769486,0.48475336087233795,1.1204791790241169,31.494240383477305,3.1154047432166685,0.03063555098283227,qp_ode,0.05,100.0,3.170706820001203e-09,100.00000000000001,188.48033507752348,0.6985479327221011,191.0,5.0,0.999,independent_lognormal,False,0.0,False,0.0,5.910459155360939,0.12414391078661284,False,0.0,fixed_device,0,83.8352488853537,118.05332671712425,167.6704977707074,204.94395774055712,107.50854;83.835249;108.17078;117.03402;89.487233;118.05333;86.697402;85.209342;102.47198;92.587643;100.74184;98.930132;99.136065;93.433459;94.419352;116.50486;105.77879,198.80062;167.6705;194.33474;189.94553;178.97447;197.9976;173.3948;170.41868;204.94396;185.17529;198.89142;197.86026;196.57891;186.86692;188.8387;189.8481;183.62519,4.9457111;5.0272209;5.0049862;5.0861229;5.0349499;4.97517;4.9890876;5.0206058;4.8965438;5.0073491;4.9351045;5.0695225;5.0068295;5.0800369;4.971503;4.9932767;4.9559796,6.289030096695569e-08,68.31265258789062,3.150004701524267e-09,42980.199123443395,1.0,0.18904963065307656,True,,,1,2998086973167749266,1cebbe2c85286d125a19176074641cec80e768fcc76265a176a2887e861b48e2:851,123,2823303853457771645,3eabdfa943524b1077c76342cd49dd883c1d02e6abf0a6e9273162f3d53c340b,0.0
852,0,-3.767186861419545,2.3940431818347765,outside,elliptical,2.280747928826966,1.0207040248865071,6.815615771912049,1.6043363965303385,46.50988124494235,1,,,,False,0.07917453812324121,0.578317780076554,False,0.10524807076498095,1.863836331394963,0.8348671285971994,1.3964089038781606,diffusive,,16.672388509660387,0.020649945393430364,56.24590660587724,0.41411673142470085,3.6111355204391145,6.207338922411025,5.273044938231167,0.436084023472159,0.43718752332498645,0.9689353600475061,0.13640810916049775,0.1670390811111104,0.5961828725642835,32.656628000580525,3.3647596206940014,0.06256097509634471,qp_ode,0.05,100.0,3.277583662130603e-10,100.00000000000001,188.48033507752348,1.6461077365692014,191.0,5.0,0.999,independent_lognormal,False,0.0,False,0.0,9.655599084256997,0.32625025503417765,False,0.0,fixed_device,0,83.8352488853537,118.05332671712425,167.6704977707074,204.94395774055712,107.50854;83.835249;108.17078;117.03402;89.487233;118.05333;86.697402;85.209342;102.47198;92.587643;100.74184;98.930132;99.136065;93.433459;94.419352;116.50486;105.77879,198.80062;167.6705;194.33474;189.94553;178.97447;197.9976;173.3948;170.41868;204.94396;185.17529;198.89142;197.86026;196.57891;186.86692;188.8387;189.8481;183.62519,4.9457111;5.0272209;5.0049862;5.0861229;5.0349499;4.97517;4.9890876;5.0206058;4.8965438;5.0073491;4.9351045;5.0695225;5.0068295;5.0800369;4.971503;4.9932767;4.9559796,5.8356173227025465e-09,83.83525085449219,2.9236507659291533e-10,42980.199123443395,1.0,0.21031001339523647,True,,,0,14081470006077346111,1cebbe2c85286d125a19176074641cec80e768fcc76265a176a2887e861b48e2:852,123,8955945671364874366,3eabdfa943524b1077c76342cd49dd883c1d02e6abf0a6e9273162f3d53c340b,0.0
853,0,-2.9807004989444428,-3.9955513636067046,outside,elliptical,2.445744210665392,1.3184231821318506,8.91173083751895,1.114413196674529,147.14157664673237,1,,,,False,0.23632554296722008,0.8130838279594704,False,0.3637661230465239,3.1504808123987957,1.1817064842471092,1.5282512411654747,ballistic,24.972219064232686,,0.08469666790783269,5.6610775847094,1.26875356743097,2.7507660423920406,6.491455226598848,6.729686350407571,0.23753769797646523,0.21696492840765905,0.97014407587275,0.22818266937878617,0.43035351376872966,0.8460503782050421,30.31809513687808,3.0760932202153763,0.0109031498857604,qp_ode,0.05,100.0,3.5072506853633094e-10,100.00000000000001,188.48033507752348,0.9282380889020305,191.0,5.0,0.999,independent_lognormal,False,0.0,False,0.0,18.69003855981697,0.5554472561417836,False,0.0,fixed_device,0,83.8352488853537,118.05332671712425,167.6704977707074,204.94395774055712,107.50854;83.835249;108.17078;117.03402;89.487233;118.05333;86.697402;85.209342;102.47198;92.587643;100.74184;98.930132;99.136065;93.433459;94.419352;116.50486;105.77879,198.80062;167.6705;194.33474;189.94553;178.97447;197.9976;173.3948;170.41868;204.94396;185.17529;198.89142;197.86026;196.57891;186.86692;188.8387;189.8481;183.62519,4.9457111;5.0272209;5.0049862;5.0861229;5.0349499;4.97517;4.9890876;5.0206058;4.8965438;5.0073491;4.9351045;5.0695225;5.0068295;5.0800369;4.971503;4.9932767;4.9559796,6.802044261178253e-09,82.91322326660156,3.408846815933231e-10,42980.199123443395,1.0,0.1829020491759793,True,,,0,7775277794881219329,1cebbe2c85286d125a19176074641cec80e768fcc76265a176a2887e861b48e2:853,123,5783889738369733301,3eabdfa943524b1077c76342cd49dd883c1d02e6abf0a6e9273162f3d53c340b,0.0
854,0,1.9744678072008126,3.6338319440518023,outside,circular,2.0565620960487254,1.5887486666998119,3.3794267495104604,1.0,138.4542255078301,1,,,,False,0.09899534836335279,0.23680685374472965,False,0.2976332396628015,3.7595987920196507,0.5105930445356768,1.1096461352141074,ballistic,36.26810634070867,,0.09650419150636551,36.18661836162016,0.47048348958791575,3.380056178725451,4.635473643498658,5.244257150076755,0.553142238771997,0.28717159351159294,0.9233509095625645,0.07336200999098903,0.2734713533505898,1.0073393967254947,30.417561240365302,2.868482247734647,0.006215055827086938,qp_ode,0.05,100.0,7.741473447135705e-10,100.00000000000001,188.48033507752348,0.42136679995370285,191.0,5.0,0.999,independent_lognormal,False,0.0,False,0.0,20.20369806404046,0.15309831664571422,False,0.0,fixed_device,0,83.8352488853537,118.05332671712425,167.6704977707074,204.94395774055712,107.50854;83.835249;108.17078;117.03402;89.487233;118.05333;86.697402;85.209342;102.47198;92.587643;100.74184;98.930132;99.136065;93.433459;94.419352;116.50486;105.77879,198.80062;167.6705;194.33474;189.94553;178.97447;197.9976;173.3948;170.41868;204.94396;185.17529;198.89142;197.86026;196.57891;186.86692;188.8387;189.8481;183.62519,4.9457111;5.0272209;5.0049862;5.0861229;5.0349499;4.97517;4.9890876;5.0206058;4.8965438;5.0073491;4.9351045;5.0695225;5.0068295;5.0800369;4.971503;4.9932767;4.9559796,2.0393207122992862e-08,83.52948760986328,1.019881623598451e-09,42980.199123443395,1.0,0.16983938157989747,True,,,0,16316266966711321429,1cebbe2c85286d125a19176074641cec80e768fcc76265a176a2887e861b48e2:854,123,8053356914198278672,3eabdfa943524b1077c76342cd49dd883c1d02e6abf0a6e9273162f3d53c340b,0.0
855,0,-1.4358127298551064,3.0,edge,elliptical,1.7670659509374338,0.9699487315873664,9.112008204885619,1.548100799413326,46.0042909408612,1,,,,False,0.2418330891026253,0.7498838325633796,False,0.13938380474215714,3.751078843545888,0.7517426651433037,1.68050739240219,diffusive,,18.07235361243883,0.06295208002358091,11.474614984326337,1.409081711412966,2.379734806870107,5.855244373736376,5.166149417699906,0.5660320751960888,0.1238130026012157,0.8426412469698837,0.18702107024702413,0.4570122978080357,0.6444168779208594,25.318206518819828,3.2217718626722447,0.03842354041804304,qp_ode,0.05,100.0,3.776282708163559e-08,100.00000000000001,188.48033507752348,1.0335144335861366,191.0,5.0,0.999,independent_lognormal,False,0.0,False,0.0,91.75401614548882,0.061896900262450455,False,0.0,fixed_device,0,83.8352488853537,118.05332671712425,167.6704977707074,204.94395774055712,107.50854;83.835249;108.17078;117.03402;89.487233;118.05333;86.697402;85.209342;102.47198;92.587643;100.74184;98.930132;99.136065;93.433459;94.419352;116.50486;105.77879,198.80062;167.6705;194.33474;189.94553;178.97447;197.9976;173.3948;170.41868;204.94396;185.17529;198.89142;197.86026;196.57891;186.86692;188.8387;189.8481;183.62519,4.9457111;5.0272209;5.0049862;5.0861229;5.0349499;4.97517;4.9890876;5.0206058;4.8965438;5.0073491;4.9351045;5.0695225;5.0068295;5.0800369;4.971503;4.9932767;4.9559796,5.896260404369968e-07,27.318105697631836,2.9520236921598553e-08,42980.199123443395,1.0,0.20181688380830773,True,,,2,18061732841168322318,1cebbe2c85286d125a19176074641cec80e768fcc76265a176a2887e861b48e2:855,123,4466432484561000087,3eabdfa943524b1077c76342cd49dd883c1d02e6abf0a6e9273162f3d53c340b,0.12672334558823528
856,0,-2.349122505058544,-1.70276133057788,inside,elliptical,1.7832072708612994,1.257354851381808,9.822752278685488,2.117465521773995,109.29526098114114,1,,,,False,0.14353074380573239,0.39895921263907286,False,0.22431871804435252,1.8347779640011659,1.2581549721027963,2.5019139571066162,ballistic,18.12468889158292,,0.1042264226815955,11.813342447509303,0.6026555305145458,3.7335588346947066,4.180130739078656,9.0365922904416,0.16986003449320158,0.3081568400963249,0.8537210917501535,0.13763116532786884,0.44546672346427296,0.734088869316192,26.77031253786123,3.2347424730348555,0.03625155709650783,qp_ode,0.05,100.0,3.0949977350257445e-09,100.00000000000001,188.48033507752348,0.4683512813687148,191.0,5.0,0.999,independent_lognormal,False,0.0,False,0.0,8.035484276289413,0.6188897458983462,False,0.0,fixed_device,0,83.8352488853537,118.05332671712425,167.6704977707074,204.94395774055712,107.50854;83.835249;108.17078;117.03402;89.487233;118.05333;86.697402;85.209342;102.47198;92.587643;100.74184;98.930132;99.136065;93.433459;94.419352;116.50486;105.77879,198.80062;167.6705;194.33474;189.94553;178.97447;197.9976;173.3948;170.41868;204.94396;185.17529;198.89142;197.86026;196.57891;186.86692;188.8387;189.8481;183.62519,4.9457111;5.0272209;5.0049862;5.0861229;5.0349499;4.97517;4.9890876;5.0206058;4.8965438;5.0073491;4.9351045;5.0695225;5.0068295;5.0800369;4.971503;4.9932767;4.9559796,4.408832765534498e-08,72.74764251708984,2.2127080168132807e-09,42980.199123443395,1.0,0.19680606551352828,True,,,1,11594615962427611181,1cebbe2c85286d125a19176074641cec80e768fcc76265a176a2887e861b48e2:856,123,2012247569410208476,3eabdfa943524b1077c76342cd49dd883c1d02e6abf0a6e9273162f3d53c340b,0.0
857,0,-0.8982094544230383,3.553398608379765,outside,elliptical,1.7467053772017451,1.2243247721672992,8.840929959863313,1.3814217169912586,117.7014186862009,1,,,,False,0.10671057819269786,0.9853534594505419,False,0.26671267257032516,3.1298910815103187,0.9208686403067325,2.8070586853490664,diffusive,,18.460607526091376,0.06358085974489913,65.35344868622273,1.6541152967692416,2.9814652358270033,4.851799421292229,6.638161652342396,0.48110713719946774,0.12183195606670441,0.9272398212703349,0.29248086733390827,0.30076491453928117,0.6600965750955846,24.893389416027677,2.8277276646886915,0.062132748395314415,qp_ode,0.05,100.0,1.4201946943888058e-08,100.00000000000001,188.48033507752348,1.8908412788197593,191.0,5.0,0.999,independent_lognormal,False,0.0,False,0.0,10.30914266205239,0.219584700442091,False,0.0,fixed_device,0,83.8352488853537,118.05332671712425,167.6704977707074,204.94395774055712,107.50854;83.835249;108.17078;117.03402;89.487233;118.05333;86.697402;85.209342;102.47198;92.587643;100.74184;98.930132;99.136065;93.433459;94.419352;116.50486;105.77879,198.80062;167.6705;194.33474;189.94553;178.97447;197.9976;173.3948;170.41868;204.94396;185.17529;198.89142;197.86026;196.57891;186.86692;188.8387;189.8481;183.62519,4.9457111;5.0272209;5.0049862;5.0861229;5.0349499;4.97517;4.9890876;5.0206058;4.8965438;5.0073491;4.9351045;5.0695225;5.0068295;5.0800369;4.971503;4.9932767;4.9559796,3.433995061641326e-07,41.41105651855469,1.722553477634392e-08,42980.199123443395,1.0,0.1796748910144166,True,,,2,16136641461565815388,1cebbe2c85286d125a19176074641cec80e768fcc76265a176a2887e861b48e2:857,123,9015030139255281043,3eabdfa943524b1077c76342cd49dd883c1d02e6abf0a6e9273162f3d53c340b,0.0
858,0,-2.673113813560006,-2.945993573856158,inside,elliptical,2.1701770314362827,1.603346294676049,9.8074620487288,2.0811065196276504,43.23590539021285,1,,,,False,0.10178070579525816,0.7354837509949272,False,0.3052599915730325,3.1454353154673536,1.1882504363251027,1.069755827191058,diffusive,,15.03263780656171,0.09008260714877787,29.691835402968472,0.5971887317366064,2.708951471968696,4.467175652226954,6.085802398181837,0.41697101620791355,0.2851905970503486,0.8520216384980016,0.7633091742629132,0.08628751222990647,0.9701030980802352,29.02511050434319,2.8030705305835015,0.041568449478573764,qp_ode,0.05,100.0,2.7126932617094793e-08,100.00000000000001,188.48033507752348,0.20557511626218183,191.0,5.0,0.999,independent_lognormal,False,0.0,False,0.0,9.841256006541096,0.5382583749881502,False,0.0,fixed_device,0,83.8352488853537,118.05332671712425,167.6704977707074,204.94395774055712,107.50854;83.835249;108.17078;117.03402;89.487233;118.05333;86.697402;85.209342;102.47198;92.587643;100.74184;98.930132;99.136065;93.433459;94.419352;116.50486;105.77879,198.80062;167.6705;194.33474;189.94553;178.97447;197.9976;173.3948;170.41868;204.94396;185.17529;198.89142;197.86026;196.57891;186.86692;188.8387;189.8481;183.62519,4.9457111;5.0272209;5.0049862;5.0861229;5.0349499;4.97517;4.9890876;5.0206058;4.8965438;5.0073491;4.9351045;5.0695225;5.0068295;5.0800369;4.971503;4.9932767;4.9559796,4.2477475403757126e-07,36.34926223754883,2.1267242189537683e-08,42980.199123443395,1.0,0.17172487548775722,True,,,2,4470104402747035309,1cebbe2c85286d125a19176074641cec80e768fcc76265a176a2887e861b48e2:858,123,8516858502997217785,3eabdfa943524b1077c76342cd49dd883c1d02e6abf0a6e9273162f3d53c340b,0.0
859,0,1.93494481663845,-3.733498480867799,outside,elliptical,2.4869860598250417,1.318468032701575,5.579301172318223,1.836448510687366,21.46310233339342,1,,,,False,0.2680743843208761,0.0829668410526353,False,0.3918990033247097,1.8399316702470987,1.2556795884765763,2.0230576642902065,ballistic,13.463403154009132,,0.06418623484442769,42.28015099179309,0.6550390500444779,3.36950477056486,6.251874141979095,7.084492240245943,0.25492547673451715,0.4106533512892099,0.9114570494404289,0.7702190538099571,0.3308339664600975,0.8127752103153759,25.220343131979376,3.2525593163981483,0.03315266206123699,qp_ode,0.05,100.0,1.7850640284734905e-07,100.00000000000001,188.48033507752348,0.34169517537478855,191.0,5.0,0.999,independent_lognormal,False,0.0,False,0.0,9.029070234860903,0.13595996246627973,False,0.0,fixed_device,0,83.8352488853537,118.05332671712425,167.6704977707074,204.94395774055712,107.50854;83.835249;108.17078;117.03402;89.487233;118.05333;86.697402;85.209342;102.47198;92.587643;100.74184;98.930132;99.136065;93.433459;94.419352;116.50486;105.77879,198.80062;167.6705;194.33474;189.94553;178.97447;197.9976;173.3948;170.41868;204.94396;185.17529;198.89142;197.86026;196.57891;186.86692;188.8387;189.8481;183.62519,4.9457111;5.0272209;5.0049862;5.0861229;5.0349499;4.97517;4.9890876;5.0206058;4.8965438;5.0073491;4.9351045;5.0695225;5.0068295;5.0800369;4.971503;4.9932767;4.9559796,3.4482768569432665e-06,6.228956699371338,1.736403874019743e-07,42980.199123443395,1.0,0.21106543656307525,True,,,2,4205944837940588978,1cebbe2c85286d125a19176074641cec80e768fcc76265a176a2887e861b48e2:859,123,3712000429756700654,3eabdfa943524b1077c76342cd49dd883c1d02e6abf0a6e9273162f3d53c340b,0.4665096507352941
860,0,-2.113038547753564,-1.5644279322439734,inside,circular,2.123469298981286,1.5638397426901895,3.0530769134216458,1.0,33.77079246081026,1,,,,False,0.19029826518750392,0.6755051439838898,False,0.3787900475418893,2.5730145739035883,1.0490895418871797,2.584651948254098,ballistic,28.472918018351578,,0.05236750201003325,67.92348613789896,1.5036225723579788,2.729248170280463,4.334441814984015,9.75831590210047,0.31015734736916345,0.23476001863371412,0.8005356592513971,0.026325958600688804,0.14502942505091285,0.6279254933860986,22.48511468346234,3.0106330423440806,0.007468826525628761,qp_ode,0.05,100.0,2.033686213603912e-08,100.00000000000001,188.48033507752348,1.272515031477174,191.0,5.0,0.999,independent_lognormal,False,0.0,False,0.0,11.29775063357481,0.24781512984851223,False,0.0,fixed_device,0,83.8352488853537,118.05332671712425,167.6704977707074,204.94395774055712,107.50854;83.835249;108.17078;117.03402;89.487233;118.05333;86.697402;85.209342;102.47198;92.587643;100.74184;98.930132;99.136065;93.433459;94.419352;116.50486;105.77879,198.80062;167.6705;194.33474;189.94553;178.97447;197.9976;173.3948;170.41868;204.94396;185.17529;198.89142;197.86026;196.57891;186.86692;188.8387;189.8481;183.62519,4.9457111;5.0272209;5.0049862;5.0861229;5.0349499;4.97517;4.9890876;5.0206058;4.8965438;5.0073491;4.9351045;5.0695225;5.0068295;5.0800369;4.971503;4.9932767;4.9559796,2.955011950689368e-07,42.018714904785156,1.47919179127598e-08,42980.199123443395,1.0,0.1851995186140142,True,,,2,2484651922254576575,1cebbe2c85286d125a19176074641cec80e768fcc76265a176a2887e861b48e2:860,123,9126415267898454835,3eabdfa943524b1077c76342cd49dd883c1d02e6abf0a6e9273162f3d53c340b,0.0
861,0,-1.9081944429176647,3.7203999728111894,outside,elliptical,2.1867315705448647,1.034258034163316,4.449162443406043,1.2856076567923176,109.4967900189495,1,,,,False,0.16803654349159977,0.27169108791728835,False,0.2990118396734454,1.62160360724614,1.0270651472769114,2.315010869665736,ballistic,24.898328685311817,,0.09830094098287759,9.891399993505514,1.73235191934566,2.680600047922727,4.5789342041026355,8.525222173507292,0.3503405400246822,0.3467809990743572,0.9478877260491856,0.2922681371963946,0.4681026428340956,0.7715287850342704,31.51020744594922,2.913999668849433,0.06978133147276326,qp_ode,0.05,100.0,8.569121068243556e-09,100.00000000000001,188.48033507752348,1.4771725196068852,191.0,5.0,0.999,independent_lognormal,False,0.0,False,0.0,4.497896836237487,0.4517285615087832,False,0.0,fixed_device,0,83.8352488853537,118.05332671712425,167.6704977707074,204.94395774055712,107.50854;83.835249;108.17078;117.03402;89.487233;118.05333;86.697402;85.209342;102.47198;92.587643;100.74184;98.930132;99.136065;93.433459;94.419352;116.50486;105.77879,198.80062;167.6705;194.33474;189.94553;178.97447;197.9976;173.3948;170.41868;204.94396;185.17529;198.89142;197.86026;196.57891;186.86692;188.8387;189.8481;183.62519,4.9457111;5.0272209;5.0049862;5.0861229;5.0349499;4.97517;4.9890876;5.0206058;4.8965438;5.0073491;4.9351045;5.0695225;5.0068295;5.0800369;4.971503;4.9932767;4.9559796,1.4082866073295008e-07,61.71696853637695,7.046756511641661e-09,42980.199123443395,1.0,0.1836110171014861,True,,,1,3757378707811230356,1cebbe2c85286d125a19176074641cec80e768fcc76265a176a2887e861b48e2:861,123,3206122450836943189,3eabdfa943524b1077c76342cd49dd883c1d02e6abf0a6e9273162f3d53c340b,0.0
862,0,-3.0,0.7403556487897296,edge,circular,2.4180022801609242,1.5725262630636467,8.948143453113378,1.0,171.89738466860078,1,,,,False,0.08226037125451638,0.9809758397575259,False,0.32479409159213557,2.257086772884501,0.782384236053709,1.0056100189872366,diffusive,,8.432695531148468,0.09845047919608056,12.15724312264018,0.768141890763483,3.5942698424222113,4.349628246420936,8.900414555821271,0.15632583843733922,0.23771976305880346,0.8667276106098232,0.6818791204568303,0.2704283118721649,0.6390302485220077,26.350734197073407,3.2474569441827392,0.043063680137162566,qp_ode,0.05,100.0,1.1755087968352182e-09,100.00000000000001,188.48033507752348,0.6662823810431252,191.0,5.0,0.999,independent_lognormal,False,0.0,False,0.0,17.397763102833682,0.12588591011370454,False,0.0,fixed_device,0,83.8352488853537,118.05332671712425,167.6704977707074,204.94395774055712,107.50854;83.835249;108.17078;117.03402;89.487233;118.05333;86.697402;85.209342;102.47198;92.587643;100.74184;98.930132;99.136065;93.433459;94.419352;116.50486;105.77879,198.80062;167.6705;194.33474;189.94553;178.97447;197.9976;173.3948;170.41868;204.94396;185.17529;198.89142;197.86026;196.57891;186.86692;188.8387;189.8481;183.62519,4.9457111;5.0272209;5.0049862;5.0861229;5.0349499;4.97517;4.9890876;5.0206058;4.8965438;5.0073491;4.9351045;5.0695225;5.0068295;5.0800369;4.971503;4.9932767;4.9559796,2.0272469924975667e-08,83.57622528076172,1.0145673190464777e-09,42980.199123443395,1.0,0.1993067672995239,True,,,1,925970178619171300,1cebbe2c85286d125a19176074641cec80e768fcc76265a176a2887e861b48e2:862,123,1524715338254655110,3eabdfa943524b1077c76342cd49dd883c1d02e6abf0a6e9273162f3d53c340b,0.0
863,0,-0.729863184785617,-2.0173868905579524,inside,circular,1.8421506679197293,0.9697608713748093,4.350583618709696,1.0,74.84135240471348,1,,,,False,0.08430180211552595,0.4251572166380574,False,0.11479317701020146,3.7518168660050133,0.7034311938616792,1.8462623324632357,ballistic,29.734500505714568,,0.031521113344979895,77.21372665564017,1.4493817798456954,3.2894628076694783,5.773782327569334,8.450778828581992,0.5383981228688344,0.10886010269181479,0.9208659352734069,0.530869758052991,0.24038951030290578,0.5123759075806332,26.39123179474178,3.1312826236428712,0.07115113357060504,qp_ode,0.05,100.0,4.041563036116358e-10,100.00000000000001,188.48033507752348,1.2604647193927188,191.0,5.0,0.999,independent_lognormal,False,0.0,False,0.0,5.907559065176938,0.18306625628649859,False,0.0,fixed_device,0,83.8352488853537,118.05332671712425,167.6704977707074,204.94395774055712,107.50854;83.835249;108.17078;117.03402;89.487233;118.05333;86.697402;85.209342;102.47198;92.587643;100.74184;98.930132;99.136065;93.433459;94.419352;116.50486;105.77879,198.80062;167.6705;194.33474;189.94553;178.97447;197.9976;173.3948;170.41868;204.94396;185.17529;198.89142;197.86026;196.57891;186.86692;188.8387;189.8481;183.62519,4.9457111;5.0272209;5.0049862;5.0861229;5.0349499;4.97517;4.9890876;5.0206058;4.8965438;5.0073491;4.9351045;5.0695225;5.0068295;5.0800369;4.971503;4.9932767;4.9559796,7.498575982367583e-09,81.62580871582031,3.761603806218261e-10,42980.199123443395,1.0,0.1974750646075052,True,,,0,14354505600967912550,1cebbe2c85286d125a19176074641cec80e768fcc76265a176a2887e861b48e2:863,123,4157694365928658491,3eabdfa943524b1077c76342cd49dd883c1d02e6abf0a6e9273162f3d53c340b,0.0
