event,run_id,epicenter_row,epicenter_col,epicenter_region,geometry,initial_beta,late_beta,beta_transition_ms,axis_ratio,angle_degrees,source_count,secondary_epicenter_row,secondary_epicenter_col,secondary_source_strength,reflection_enabled,reflection_coefficient,reflection_boundary_margin_mm,halo_enabled,halo_strength,halo_lambda_multiplier,halo_beta,halo_front_width_multiplier,propagation_law,apparent_speed_m_per_s,diffusion_coefficient_mm2_per_ms,front_width_ms,arrival_jitter_sd_us,arrival_jitter_correlation_length_mm,initial_lambda_mm,maximum_lambda_mm,maximum_distance_mm,spread_time_ms,cutoff_width_mm,maximum_amplitude,prompt_fraction,rise_time_ms,peak_time_ms,decay_time_ms,baseline_total_errors,baseline_drift_fraction,temporal_backend,qp_trapping_rate_per_us,qp_recombination_rate_per_us,qp_generation_scale_per_us,qp_baseline_t1_us,qp_baseline_t2_us,qp_measurement_exposure_us,qp_al_gap_uev,qp_qubit_frequency_ghz,qp_maximum_radiation_probability,qp_source_decay_mode,qp_dephasing_enabled,qp_charging_energy_ghz,qp_frequency_shift_enabled,qp_frequency_shift_coefficient_a,qp_source_lifetime_ms,event_onset_ms,is_control,global_spatial_mixing_fraction,qp_hardware_mode,qp_device_id,qp_baseline_t1_min_us,qp_baseline_t1_max_us,qp_baseline_t2_min_us,qp_baseline_t2_max_us,qp_baseline_t1_by_qubit_us,qp_baseline_t2_by_qubit_us,qp_qubit_frequency_by_qubit_ghz,qp_peak_density,qp_minimum_t1_us,qp_peak_generation_rate_per_us,qp_relaxation_coefficient_per_us,qp_generation_event_scale,achieved_peak_error_fraction,spatial_residual_enabled,low_rank_spatial_coefficients,missing_qubits,strength_band,generation_seed,event_uid,device_seed,syndrome_seed,circuit_id,fraction_round_qubits_below_30us
1656,0,-2.4327532781739416,1.5136439327875397,inside,circular,2.4257009598345496,1.5455232759747595,9.662209228268496,1.0,136.65904690998312,1,,,,False,0.22195134574938696,0.7275273241360347,False,0.3712238968818411,1.7613735493371196,0.6339554801684751,2.872239946793746,ballistic,14.835420692179444,,0.11688795297780753,57.44982137455543,0.9848332038595784,3.6920291175042848,4.639422459364524,7.2240089559222715,0.410826582383619,0.3088540384384009,0.9736172273341214,0.006502089408220968,0.2813821690084926,0.6582198134486008,25.880599801180622,3.2363906723067535,0.06988734381227973,qp_ode,0.05,100.0,5.014964407262141e-09,100.00000000000001,188.48033507752348,0.22954827462774807,191.0,5.0,0.999,independent_lognormal,False,0.0,False,0.0,6.125398743185959,0.21080543743993074,False,0.0,fixed_device,0,83.8352488853537,118.05332671712425,167.6704977707074,204.94395774055712,107.50854;83.835249;108.17078;117.03402;89.487233;118.05333;86.697402;85.209342;102.47198;92.587643;100.74184;98.930132;99.136065;93.433459;94.419352;116.50486;105.77879,198.80062;167.6705;194.33474;189.94553;178.97447;197.9976;173.3948;170.41868;204.94396;185.17529;198.89142;197.86026;196.57891;186.86692;188.8387;189.8481;183.62519,4.9457111;5.0272209;5.0049862;5.0861229;5.0349499;4.97517;4.9890876;5.0206058;4.8965438;5.0073491;4.9351045;5.0695225;5.0068295;5.0800369;4.971503;4.9932767;4.9559796,9.736973538565508e-08,70.31934356689453,4.889730398360825e-09,42980.199123443395,1.0,0.20386285995941797,True,,,1,3715925350165864152,1cebbe2c85286d125a19176074641cec80e768fcc76265a176a2887e861b48e2:1656,123,2178932156310737045,3eabdfa943524b1077c76342cd49dd883c1d02e6abf0a6e9273162f3d53c340b,0.0
1657,0,-0.4634228508969822,-2.0251068908420398,inside,elliptical,1.8964268537181828,0.9779554793544266,2.581001845398931,1.5875347493803713,156.49656791298736,1,,,,False,0.17803906044000428,0.9111593239158369,False,0.2388646716972652,3.1580203366691046,1.244054408030029,2.357547745245241,diffusive,,7.411789627441831,0.0337681305235827,69.33763106438991,0.6556206375259013,2.6506262850476796,4.269847668620149,8.156656140404918,0.3481323603663612,0.1875847103361863,0.9856924560354939,0.21552150574583964,0.28544306097626754,1.1879598670748377,33.68724026781026,2.9286117572555197,0.05021833377759922,qp_ode,0.05,100.0,1.657042368380978e-10,100.00000000000001,188.48033507752348,1.3143559364437514,191.0,5.0,0.999,independent_lognormal,False,0.0,False,0.0,11.75705188437494,0.10201012009803345,False,0.0,fixed_device,0,83.8352488853537,118.05332671712425,167.6704977707074,204.94395774055712,107.50854;83.835249;108.17078;117.03402;89.487233;118.05333;86.697402;85.209342;102.47198;92.587643;100.74184;98.930132;99.136065;93.433459;94.419352;116.50486;105.77879,198.80062;167.6705;194.33474;189.94553;178.97447;197.9976;173.3948;170.41868;204.94396;185.17529;198.89142;197.86026;196.57891;186.86692;188.8387;189.8481;183.62519,4.9457111;5.0272209;5.0049862;5.0861229;5.0349499;4.97517;4.9890876;5.0206058;4.8965438;5.0073491;4.9351045;5.0695225;5.0068295;5.0800369;4.971503;4.9932767;4.9559796,3.309333918011248e-09,82.98460388183594,1.6551710002588038e-10,42980.199123443395,1.0,0.1809494741952348,True,,,0,10619849858301295748,1cebbe2c85286d125a19176074641cec80e768fcc76265a176a2887e861b48e2:1657,123,3779464570864038596,3eabdfa943524b1077c76342cd49dd883c1d02e6abf0a6e9273162f3d53c340b,0.0
1658,0,3.0,-1.9186626376591414,edge,circular,2.232107626895525,0.9342405882580197,3.2383042269044955,1.0,91.71377844573009,1,,,,False,0.3344625862854383,0.7016750859636119,False,0.33267866580499805,2.4069575759948663,1.119462234154316,2.8613518973288965,ballistic,15.784334979814805,,0.09302012039161413,53.071675041190424,1.5683463841032088,3.0338704587360086,5.296696215628964,9.494762919583096,0.4162433727765402,0.2459688447396433,0.8705620475015193,0.08883006394434485,0.306704328695248,0.9768217524263431,22.547595857421157,3.3048100650685877,0.01926522381651485,qp_ode,0.05,100.0,7.1001409281031e-08,100.00000000000001,188.48033507752348,1.639957972673645,191.0,5.0,0.999,independent_lognormal,False,0.0,False,0.0,19.89842683511049,0.3440566213921824,False,0.0,fixed_device,0,83.8352488853537,118.05332671712425,167.6704977707074,204.94395774055712,107.50854;83.835249;108.17078;117.03402;89.487233;118.05333;86.697402;85.209342;102.47198;92.587643;100.74184;98.930132;99.136065;93.433459;94.419352;116.50486;105.77879,198.80062;167.6705;194.33474;189.94553;178.97447;197.9976;173.3948;170.41868;204.94396;185.17529;198.89142;197.86026;196.57891;186.86692;188.8387;189.8481;183.62519,4.9457111;5.0272209;5.0049862;5.0861229;5.0349499;4.97517;4.9890876;5.0206058;4.8965438;5.0073491;4.9351045;5.0695225;5.0068295;5.0800369;4.971503;4.9932767;4.9559796,1.4114265241005342e-06,13.984195709228516,7.083136210894736e-08,42980.199123443395,1.0,0.23187997343411618,True,,,2,10114624319908436642,1cebbe2c85286d125a19176074641cec80e768fcc76265a176a2887e861b48e2:1658,123,4945556958887179123,3eabdfa943524b1077c76342cd49dd883c1d02e6abf0a6e9273162f3d53c340b,0.36316636029411764
1659,0,1.1722326553572842,-3.0,edge,elliptical,1.9873887938280115,1.567097601062122,5.4919850914247865,2.0069433172274582,173.20955159004845,1,,,,False,0.2724481278151653,0.36493661169690805,False,0.1411065512905389,1.872674670642018,0.5885809671327548,1.8088581561578443,diffusive,,16.54942395643023,0.09546331836452239,63.554641182607256,1.3307931837370184,2.004473425639683,5.081882164175998,7.036882852635475,0.23886543023397053,0.47126837473406724,0.8076720689140778,0.0278840211682037,0.20575862540152162,1.1711563480382106,27.402778930928704,3.282294793301376,0.012087383223978865,qp_ode,0.05,100.0,2.6219293514526075e-07,100.00000000000001,188.48033507752348,0.3203852837819551,191.0,5.0,0.999,independent_lognormal,False,0.0,False,0.0,7.464157276200647,0.47174168724500093,False,0.0,fixed_device,0,83.8352488853537,118.05332671712425,167.6704977707074,204.94395774055712,107.50854;83.835249;108.17078;117.03402;89.487233;118.05333;86.697402;85.209342;102.47198;92.587643;100.74184;98.930132;99.136065;93.433459;94.419352;116.50486;105.77879,198.80062;167.6705;194.33474;189.94553;178.97447;197.9976;173.3948;170.41868;204.94396;185.17529;198.89142;197.86026;196.57891;186.86692;188.8387;189.8481;183.62519,4.9457111;5.0272209;5.0049862;5.0861229;5.0349499;4.97517;4.9890876;5.0206058;4.8965438;5.0073491;4.9351045;5.0695225;5.0068295;5.0800369;4.971503;4.9932767;4.9559796,4.707066182163544e-06,4.724587917327881,2.375807071075542e-07,42980.199123443395,1.0,0.21142491814902986,True,,,2,5900701807760116738,1cebbe2c85286d125a19176074641cec80e768fcc76265a176a2887e861b48e2:1659,123,2629603735398184219,3eabdfa943524b1077c76342cd49dd883c1d02e6abf0a6e9273162f3d53c340b,0.30256204044117646
1660,0,-2.5964266050516036,-1.1116527227674107,inside,elliptical,2.0820850451783706,1.2235564441051647,9.0935168941024,1.590201113634901,96.2234448502686,1,,,,False,0.1818413809205035,0.782596799530341,False,0.2743879285900563,1.7714753309712534,0.8008968755789706,1.1534182126847823,diffusive,,12.28919275410334,0.08921398783036542,77.78641264530266,1.0806102847025358,2.9467131659021315,3.900034983978201,8.775908869651541,0.5913645787866627,0.15484250857266035,0.9042334958091479,0.5833448169933092,0.31088772904442424,0.5071732283905566,23.668988886087092,3.1448188789655878,0.005767194673877505,qp_ode,0.05,100.0,1.95791825408556e-09,100.00000000000001,188.48033507752348,1.1170795154436532,191.0,5.0,0.999,independent_lognormal,False,0.0,False,0.0,53.676982538149275,0.37507989632397154,False,0.0,fixed_device,0,83.8352488853537,118.05332671712425,167.6704977707074,204.94395774055712,107.50854;83.835249;108.17078;117.03402;89.487233;118.05333;86.697402;85.209342;102.47198;92.587643;100.74184;98.930132;99.136065;93.433459;94.419352;116.50486;105.77879,198.80062;167.6705;194.33474;189.94553;178.97447;197.9976;173.3948;170.41868;204.94396;185.17529;198.89142;197.86026;196.57891;186.86692;188.8387;189.8481;183.62519,4.9457111;5.0272209;5.0049862;5.0861229;5.0349499;4.97517;4.9890876;5.0206058;4.8965438;5.0073491;4.9351045;5.0695225;5.0068295;5.0800369;4.971503;4.9932767;4.9559796,4.489249505468251e-08,76.61807250976562,2.2477211203408842e-09,42980.199123443395,1.0,0.1861997051073828,True,,,1,3265449353984486334,1cebbe2c85286d125a19176074641cec80e768fcc76265a176a2887e861b48e2:1660,123,4172539031231841635,3eabdfa943524b1077c76342cd49dd883c1d02e6abf0a6e9273162f3d53c340b,0.0
1661,0,2.9470876797369403,3.0,edge,circular,2.293615162181374,1.3279840754968373,3.9473186221458247,1.0,50.00729444300976,1,,,,False,0.308231274265296,0.011018710876755322,False,0.37690692773104206,2.42873742799447,0.5059690807977807,1.6644769282218665,diffusive,,8.930243921116466,0.02052107508702006,33.41230309302328,1.7782114061320673,3.1640116759697166,5.302127901515078,8.91110262914545,0.5770346788891074,0.1267800346161408,0.9135754069845101,0.1983223910367219,0.24841889134429967,1.1429745477219888,21.810743023804466,2.9850520298425005,0.060490984579208894,qp_ode,0.05,100.0,3.78424178899624e-10,100.00000000000001,188.48033507752348,1.5276094998775487,191.0,5.0,0.999,independent_lognormal,False,0.0,False,0.0,26.39395754521927,0.20949331026496043,False,0.0,fixed_device,0,83.8352488853537,118.05332671712425,167.6704977707074,204.94395774055712,107.50854;83.835249;108.17078;117.03402;89.487233;118.05333;86.697402;85.209342;102.47198;92.587643;100.74184;98.930132;99.136065;93.433459;94.419352;116.50486;105.77879,198.80062;167.6705;194.33474;189.94553;178.97447;197.9976;173.3948;170.41868;204.94396;185.17529;198.89142;197.86026;196.57891;186.86692;188.8387;189.8481;183.62519,4.9457111;5.0272209;5.0049862;5.0861229;5.0349499;4.97517;4.9890876;5.0206058;4.8965438;5.0073491;4.9351045;5.0695225;5.0068295;5.0800369;4.971503;4.9932767;4.9559796,7.615600594590433e-09,83.83525085449219,3.80791093101962e-10,42980.199123443395,1.0,0.18622392065414228,True,,,0,5629360581635107263,1cebbe2c85286d125a19176074641cec80e768fcc76265a176a2887e861b48e2:1661,123,6935914001572487657,3eabdfa943524b1077c76342cd49dd883c1d02e6abf0a6e9273162f3d53c340b,0.0
1662,0,0.6781767901643745,3.4787817194039596,outside,elliptical,2.2733434434318083,1.4586831903027675,2.0902761519353152,1.6537950498335823,164.5984731254219,1,,,,False,0.2860571041672469,0.9780916470441481,False,0.37788879713942913,3.4406094418113975,0.5897074833194671,1.2590442164971876,ballistic,12.263356247119244,,0.09474405910834541,23.542819876043623,1.8244567676650152,2.9769544318287964,4.3933151306835185,5.291150866266683,0.2695000951200902,0.2889601134928346,0.9465897134361758,0.6336398659101663,0.21389567380929725,1.1589432830393678,22.84217939298309,3.138183638929738,0.0332253075486499,qp_ode,0.05,100.0,1.67325247810453e-09,100.00000000000001,188.48033507752348,0.28257113703126274,191.0,5.0,0.999,independent_lognormal,False,0.0,False,0.0,1.512498138211288,0.10421752489754496,False,0.0,fixed_device,0,83.8352488853537,118.05332671712425,167.6704977707074,204.94395774055712,107.50854;83.835249;108.17078;117.03402;89.487233;118.05333;86.697402;85.209342;102.47198;92.587643;100.74184;98.930132;99.136065;93.433459;94.419352;116.50486;105.77879,198.80062;167.6705;194.33474;189.94553;178.97447;197.9976;173.3948;170.41868;204.94396;185.17529;198.89142;197.86026;196.57891;186.86692;188.8387;189.8481;183.62519,4.9457111;5.0272209;5.0049862;5.0861229;5.0349499;4.97517;4.9890876;5.0206058;4.8965438;5.0073491;4.9351045;5.0695225;5.0068295;5.0800369;4.971503;4.9932767;4.9559796,4.6683126697644184e-08,83.83524322509766,2.3347650479621507e-09,42980.199123443395,1.0,0.19081792375159012,True,,,1,2513375904036165426,1cebbe2c85286d125a19176074641cec80e768fcc76265a176a2887e861b48e2:1662,123,3915976643330530777,3eabdfa943524b1077c76342cd49dd883c1d02e6abf0a6e9273162f3d53c340b,0.0
1663,0,-2.340280973846439,-0.19123952396127608,inside,circular,1.8591872674243812,1.592318130905316,4.465488717090313,1.0,156.4783346192534,1,,,,False,0.24477145865246908,0.9524672636137982,False,0.34082558875552743,3.4317471427495723,1.007502238735836,2.8126986666421754,diffusive,,14.55150921950312,0.07701686286606571,28.49076011582598,1.9629355134048492,2.3724919898498085,3.5305340122032396,8.614882838107935,0.47532280421014617,0.43990821019962223,0.8475582441105944,0.5468365975552147,0.3368409879384148,0.6160041241013008,34.07951971938438,3.3987423976295905,0.011651947455531496,qp_ode,0.05,100.0,3.870833604529582e-09,100.00000000000001,188.48033507752348,0.2904868255567409,191.0,5.0,0.999,independent_lognormal,False,0.0,False,0.0,14.91336579187659,0.2953977106596782,False,0.0,fixed_device,0,83.8352488853537,118.05332671712425,167.6704977707074,204.94395774055712,107.50854;83.835249;108.17078;117.03402;89.487233;118.05333;86.697402;85.209342;102.47198;92.587643;100.74184;98.930132;99.136065;93.433459;94.419352;116.50486;105.77879,198.80062;167.6705;194.33474;189.94553;178.97447;197.9976;173.3948;170.41868;204.94396;185.17529;198.89142;197.86026;196.57891;186.86692;188.8387;189.8481;183.62519,4.9457111;5.0272209;5.0049862;5.0861229;5.0349499;4.97517;4.9890876;5.0206058;4.8965438;5.0073491;4.9351045;5.0695225;5.0068295;5.0800369;4.971503;4.9932767;4.9559796,5.4759684786631624e-08,74.40975189208984,2.738328674922741e-09,42980.199123443395,1.0,0.2023326576185131,True,,,1,12972711967407383496,1cebbe2c85286d125a19176074641cec80e768fcc76265a176a2887e861b48e2:1663,123,6639087552656126584,3eabdfa943524b1077c76342cd49dd883c1d02e6abf0a6e9273162f3d53c340b,0.0
1664,0,3.0,1.3554859552031742,edge,circular,1.8630136437000149,1.6380966953722165,5.271777628244863,1.0,57.2944943215786,1,,,,False,0.11811005174181076,0.13855216448802887,False,0.3802590780959886,1.8457799150751681,1.2816992899466815,1.8426655996710406,diffusive,,8.285213213108932,0.05812893750382882,47.64467241709823,0.9456476883022179,3.698764315469617,5.282385558067505,7.616996640304819,0.2450113317205442,0.3713622988417169,0.8880298397426342,0.2780223921301514,0.13096366449978725,0.6369173525230777,30.057020994850216,3.2710847257891023,0.009844722915528532,qp_ode,0.05,100.0,2.369103910797232e-09,100.00000000000001,188.48033507752348,0.6068193126545307,191.0,5.0,0.999,independent_lognormal,False,0.0,False,0.0,15.04608748940045,0.549905627762996,False,0.0,fixed_device,0,83.8352488853537,118.05332671712425,167.6704977707074,204.94395774055712,107.50854;83.835249;108.17078;117.03402;89.487233;118.05333;86.697402;85.209342;102.47198;92.587643;100.74184;98.930132;99.136065;93.433459;94.419352;116.50486;105.77879,198.80062;167.6705;194.33474;189.94553;178.97447;197.9976;173.3948;170.41868;204.94396;185.17529;198.89142;197.86026;196.57891;186.86692;188.8387;189.8481;183.62519,4.9457111;5.0272209;5.0049862;5.0861229;5.0349499;4.97517;4.9890876;5.0206058;4.8965438;5.0073491;4.9351045;5.0695225;5.0068295;5.0800369;4.971503;4.9932767;4.9559796,5.473978603731666e-08,77.86363983154297,2.7386761747294486e-09,42980.199123443395,1.0,0.19429854122898538,True,,,1,13565246725713967657,1cebbe2c85286d125a19176074641cec80e768fcc76265a176a2887e861b48e2:1664,123,5677473721777450953,3eabdfa943524b1077c76342cd49dd883c1d02e6abf0a6e9273162f3d53c340b,0.0
1665,0,2.1286210736269355,2.4175786463205986,inside,circular,1.7295744823668668,0.8066510864776815,2.1516288783033186,1.0,19.508404706400697,1,,,,False,0.3485881848161002,0.7224151365268887,False,0.1848392271965988,3.190895573470085,1.2670034927121065,2.7359376193686824,ballistic,14.280087595636342,,0.10552717855576277,31.167906124239224,0.6874577378552322,3.24293174806973,5.679964182806377,9.839373341567756,0.23482197536414995,0.3091384631630668,0.8268911191318654,0.5443986377049113,0.22422891857646737,1.139299015694483,21.84656712142207,3.133542553321546,0.07831655976843527,qp_ode,0.05,100.0,1.7462974195087084e-08,100.00000000000001,188.48033507752348,0.564005657377507,191.0,5.0,0.999,independent_lognormal,False,0.0,False,0.0,13.62333723724048,0.5476388118334148,False,0.0,fixed_device,0,83.8352488853537,118.05332671712425,167.6704977707074,204.94395774055712,107.50854;83.835249;108.17078;117.03402;89.487233;118.05333;86.697402;85.209342;102.47198;92.587643;100.74184;98.930132;99.136065;93.433459;94.419352;116.50486;105.77879,198.80062;167.6705;194.33474;189.94553;178.97447;197.9976;173.3948;170.41868;204.94396;185.17529;198.89142;197.86026;196.57891;186.86692;188.8387;189.8481;183.62519,4.9457111;5.0272209;5.0049862;5.0861229;5.0349499;4.97517;4.9890876;5.0206058;4.8965438;5.0073491;4.9351045;5.0695225;5.0068295;5.0800369;4.971503;4.9932767;4.9559796,4.760089211686136e-07,33.53156661987305,2.382363639696905e-08,42980.199123443395,1.0,0.19875885004438318,True,,,2,88192367781993355,1cebbe2c85286d125a19176074641cec80e768fcc76265a176a2887e861b48e2:1665,123,8049740580585485490,3eabdfa943524b1077c76342cd49dd883c1d02e6abf0a6e9273162f3d53c340b,0.0
1666,0,-1.615435694382509,-3.3962085119914613,outside,circular,1.7789710171115651,1.1535895595404162,5.210469904969815,1.0,72.94986242765636,1,,,,False,0.09023012874893022,0.4745524988073342,False,0.22175752322860676,2.8919351436465606,1.0811221096534793,2.9419854455696903,diffusive,,17.126713386694007,0.10010197049645207,68.66542266701092,1.6497278543334124,2.8531886810090494,5.085448198754551,8.315924314628353,0.5899105806495415,0.26595490661872967,0.9890776412123521,0.23650818985033456,0.10181319186090078,0.8990655982015361,25.35813312432436,3.042101509079876,0.07900652072649691,qp_ode,0.05,100.0,1.336267535760729e-09,100.00000000000001,188.48033507752348,0.5527797713292788,191.0,5.0,0.999,independent_lognormal,False,0.0,False,0.0,35.958644810211844,0.43382586903180836,False,0.0,fixed_device,0,83.8352488853537,118.05332671712425,167.6704977707074,204.94395774055712,107.50854;83.835249;108.17078;117.03402;89.487233;118.05333;86.697402;85.209342;102.47198;92.587643;100.74184;98.930132;99.136065;93.433459;94.419352;116.50486;105.77879,198.80062;167.6705;194.33474;189.94553;178.97447;197.9976;173.3948;170.41868;204.94396;185.17529;198.89142;197.86026;196.57891;186.86692;188.8387;189.8481;183.62519,4.9457111;5.0272209;5.0049862;5.0861229;5.0349499;4.97517;4.9890876;5.0206058;4.8965438;5.0073491;4.9351045;5.0695225;5.0068295;5.0800369;4.971503;4.9932767;4.9559796,2.4767773609823962e-08,77.53898620605469,1.2385175107709756e-09,42980.199123443395,1.0,0.1930951487544217,True,,,1,4848973355776896292,1cebbe2c85286d125a19176074641cec80e768fcc76265a176a2887e861b48e2:1666,123,4754970695393382706,3eabdfa943524b1077c76342cd49dd883c1d02e6abf0a6e9273162f3d53c340b,0.0
1667,0,-0.28450522705767467,3.8288418674918203,outside,elliptical,2.180486367242723,1.3959747116149437,9.74416394121858,1.962334751193323,80.90304349284528,1,,,,False,0.2339405931372498,0.11752587044837481,False,0.3733762492430819,2.1740605854001407,1.2565039296679263,2.7735130906982537,diffusive,,12.698554987523002,0.0794247167179166,25.510598947620178,1.8372116490977617,3.0217179823999123,5.311921253738012,6.376947239493692,0.3040375647440068,0.4217431737513603,0.9394988512008274,0.5870403779367152,0.48935896993746,0.9433259500907616,21.31154408287112,3.392206496740423,0.06873316967498375,qp_ode,0.05,100.0,2.6850066763281278e-08,100.00000000000001,188.48033507752348,1.3914697124022832,191.0,5.0,0.999,independent_lognormal,False,0.0,False,0.0,12.498922165962984,0.48211460680676643,False,0.0,fixed_device,0,83.8352488853537,118.05332671712425,167.6704977707074,204.94395774055712,107.50854;83.835249;108.17078;117.03402;89.487233;118.05333;86.697402;85.209342;102.47198;92.587643;100.74184;98.930132;99.136065;93.433459;94.419352;116.50486;105.77879,198.80062;167.6705;194.33474;189.94553;178.97447;197.9976;173.3948;170.41868;204.94396;185.17529;198.89142;197.86026;196.57891;186.86692;188.8387;189.8481;183.62519,4.9457111;5.0272209;5.0049862;5.0861229;5.0349499;4.97517;4.9890876;5.0206058;4.8965438;5.0073491;4.9351045;5.0695225;5.0068295;5.0800369;4.971503;4.9932767;4.9559796,5.805397904623533e-07,29.158226013183594,2.910727303628846e-08,42980.199123443395,1.0,0.21335133506171292,True,,,2,13880541541864033928,1cebbe2c85286d125a19176074641cec80e768fcc76265a176a2887e861b48e2:1667,123,5561041462809448139,3eabdfa943524b1077c76342cd49dd883c1d02e6abf0a6e9273162f3d53c340b,0.021053538602941176
1668,0,3.0,-0.2962173827555734,edge,elliptical,1.9525977459942283,1.5647224728945053,6.3423587502229335,1.9810468345626735,37.026191257734666,1,,,,False,0.14217026068548078,0.5705983609367442,False,0.1498526933768889,1.512299175823213,1.190390212075715,2.2172662155255667,ballistic,20.054495681732863,,0.02579766310823174,65.17846302892318,0.9122399354732142,2.379109840803277,5.397918249590573,6.1809066082026884,0.33668068738171897,0.2516027565254329,0.8451421215107299,0.24391284016309528,0.2384454722382019,1.007139028395044,31.65563547491388,3.3466462970021675,0.009177400456226694,qp_ode,0.05,100.0,2.0116108865397044e-09,100.00000000000001,188.48033507752348,0.26845620438179435,191.0,5.0,0.999,independent_lognormal,False,0.0,False,0.0,15.2366529960433,0.4532418192182801,False,0.0,fixed_device,0,83.8352488853537,118.05332671712425,167.6704977707074,204.94395774055712,107.50854;83.835249;108.17078;117.03402;89.487233;118.05333;86.697402;85.209342;102.47198;92.587643;100.74184;98.930132;99.136065;93.433459;94.419352;116.50486;105.77879,198.80062;167.6705;194.33474;189.94553;178.97447;197.9976;173.3948;170.41868;204.94396;185.17529;198.89142;197.86026;196.57891;186.86692;188.8387;189.8481;183.62519,4.9457111;5.0272209;5.0049862;5.0861229;5.0349499;4.97517;4.9890876;5.0206058;4.8965438;5.0073491;4.9351045;5.0695225;5.0068295;5.0800369;4.971503;4.9932767;4.9559796,4.122516372717655e-08,75.58882141113281,2.062542581171556e-09,42980.199123443395,1.0,0.1986763162239764,True,,,1,13631406196851993316,1cebbe2c85286d125a19176074641cec80e768fcc76265a176a2887e861b48e2:1668,123,4632041038444844319,3eabdfa943524b1077c76342cd49dd883c1d02e6abf0a6e9273162f3d53c340b,0.0
1669,0,3.2912543860682573,-1.4019808974361367,outside,elliptical,2.3075574830268737,1.2730971349521545,4.172971210896708,2.07933211145898,166.17852356248105,1,,,,False,0.39107908815036097,0.5871449024430354,False,0.38754556537376295,3.4333581643622235,1.1659604121093516,2.7806891609130986,diffusive,,9.085495130259732,0.05798088553571212,79.88453265136533,0.6354226191563814,2.7880464965808742,6.335608328208428,9.405679923192006,0.587035473698251,0.23270437666941035,0.9115965383125726,0.6677633010555344,0.3259012713511644,0.8732035405519833,30.067615560099064,3.136460181683181,0.030172900184557826,qp_ode,0.05,100.0,7.920964592653091e-10,100.00000000000001,188.48033507752348,1.5227053561221442,191.0,5.0,0.999,independent_lognormal,False,0.0,False,0.0,9.330120806678794,0.333104644092205,False,0.0,fixed_device,0,83.8352488853537,118.05332671712425,167.6704977707074,204.94395774055712,107.50854;83.835249;108.17078;117.03402;89.487233;118.05333;86.697402;85.209342;102.47198;92.587643;100.74184;98.930132;99.136065;93.433459;94.419352;116.50486;105.77879,198.80062;167.6705;194.33474;189.94553;178.97447;197.9976;173.3948;170.41868;204.94396;185.17529;198.89142;197.86026;196.57891;186.86692;188.8387;189.8481;183.62519,4.9457111;5.0272209;5.0049862;5.0861229;5.0349499;4.97517;4.9890876;5.0206058;4.8965438;5.0073491;4.9351045;5.0695225;5.0068295;5.0800369;4.971503;4.9932767;4.9559796,1.8324143979953078e-08,80.59515380859375,9.163634295816792e-10,42980.199123443395,1.0,0.19014894966548135,True,,,0,13074473084743894401,1cebbe2c85286d125a19176074641cec80e768fcc76265a176a2887e861b48e2:1669,123,5169393546756164883,3eabdfa943524b1077c76342cd49dd883c1d02e6abf0a6e9273162f3d53c340b,0.0
1670,0,2.038440170501346,3.0,edge,circular,2.4846753319263417,1.1848867746224032,5.300042728117783,1.0,64.61150269865279,1,,,,False,0.3323016809239961,0.8048098107927559,False,0.3020308758708348,3.823144734198916,0.984133268506618,1.567607152130309,ballistic,12.134733637343864,,0.07368187932922624,60.67547984078355,1.529553884824744,3.1635767508881933,5.89458702386615,7.380085789419351,0.4917725394085697,0.10032390515308696,0.9823326288881447,0.3498831831790056,0.3141366837073858,0.9274763452785901,34.50465525340054,3.132121986496313,0.07706481773309033,qp_ode,0.05,100.0,1.5668136897790154e-09,100.00000000000001,188.48033507752348,1.7304970013636396,191.0,5.0,0.999,independent_lognormal,False,0.0,False,0.0,11.337831483300056,0.2390645205099683,False,0.0,fixed_device,0,83.8352488853537,118.05332671712425,167.6704977707074,204.94395774055712,107.50854;83.835249;108.17078;117.03402;89.487233;118.05333;86.697402;85.209342;102.47198;92.587643;100.74184;98.930132;99.136065;93.433459;94.419352;116.50486;105.77879,198.80062;167.6705;194.33474;189.94553;178.97447;197.9976;173.3948;170.41868;204.94396;185.17529;198.89142;197.86026;196.57891;186.86692;188.8387;189.8481;183.62519,4.9457111;5.0272209;5.0049862;5.0861229;5.0349499;4.97517;4.9890876;5.0206058;4.8965438;5.0073491;4.9351045;5.0695225;5.0068295;5.0800369;4.971503;4.9932767;4.9559796,3.987362973134623e-08,80.49685668945312,1.9961208241880968e-09,42980.199123443395,1.0,0.19876457763016311,True,,,1,12823092061819177617,1cebbe2c85286d125a19176074641cec80e768fcc76265a176a2887e861b48e2:1670,123,2022040426680869820,3eabdfa943524b1077c76342cd49dd883c1d02e6abf0a6e9273162f3d53c340b,0.0
1671,0,-2.97812128231988,0.8371422657958929,inside,circular,1.8824984769535669,1.1981530705933205,3.11531691082705,1.0,128.1374789457306,1,,,,False,0.2697672651863224,0.4229956682935597,False,0.3466163032084981,3.4786524116521838,1.046619438092949,2.7011031299826933,diffusive,,8.896853967940316,0.029969478753699024,43.21861387771005,1.5039555787457757,2.0628069944910643,5.199072613160668,6.470409562920123,0.16191008601057544,0.4964320507776573,0.9503618727589973,0.6216859481243653,0.1208810296681588,0.5287779329674992,34.216721153098206,3.0558434061618867,0.025503172773483556,qp_ode,0.05,100.0,1.5751579036335897e-07,100.00000000000001,188.48033507752348,1.6020788852393038,191.0,5.0,0.999,independent_lognormal,False,0.0,False,0.0,9.649898025824186,0.3579078393742414,False,0.0,fixed_device,0,83.8352488853537,118.05332671712425,167.6704977707074,204.94395774055712,107.50854;83.835249;108.17078;117.03402;89.487233;118.05333;86.697402;85.209342;102.47198;92.587643;100.74184;98.930132;99.136065;93.433459;94.419352;116.50486;105.77879,198.80062;167.6705;194.33474;189.94553;178.97447;197.9976;173.3948;170.41868;204.94396;185.17529;198.89142;197.86026;196.57891;186.86692;188.8387;189.8481;183.62519,4.9457111;5.0272209;5.0049862;5.0861229;5.0349499;4.97517;4.9890876;5.0206058;4.8965438;5.0073491;4.9351045;5.0695225;5.0068295;5.0800369;4.971503;4.9932767;4.9559796,2.92488243758271e-06,7.315678119659424,1.4716763985234138e-07,42980.199123443395,1.0,0.22471815096935027,True,,,2,16838100630016045090,1cebbe2c85286d125a19176074641cec80e768fcc76265a176a2887e861b48e2:1671,123,3239277939558915128,3eabdfa943524b1077c76342cd49dd883c1d02e6abf0a6e9273162f3d53c340b,0.2480755974264706
1672,0,-1.6808166961370157,3.0,edge,circular,1.9126942840874381,1.3078555551068054,6.730556258314082,1.0,122.6620258200617,1,,,,False,0.2737857916919944,0.6965858272531957,False,0.2405431400231561,2.763099217736737,1.2184628059381626,2.711039218783066,ballistic,24.908975904563363,,0.049941644566372345,39.407747161925364,1.9159397704530061,2.7321020313122437,4.028411375438992,8.853058480917914,0.5566872906946736,0.27022691409617894,0.8254653094503318,0.6417260168571516,0.3786585286928274,0.9179597974531093,27.313320110944904,3.348882915001257,0.05208646220624401,qp_ode,0.05,100.0,1.688297310079947e-10,100.00000000000001,188.48033507752348,1.142639117769436,191.0,5.0,0.999,independent_lognormal,False,0.0,False,0.0,11.146948984072187,0.5112876856588128,False,0.0,fixed_device,0,83.8352488853537,118.05332671712425,167.6704977707074,204.94395774055712,107.50854;83.835249;108.17078;117.03402;89.487233;118.05333;86.697402;85.209342;102.47198;92.587643;100.74184;98.930132;99.136065;93.433459;94.419352;116.50486;105.77879,198.80062;167.6705;194.33474;189.94553;178.97447;197.9976;173.3948;170.41868;204.94396;185.17529;198.89142;197.86026;196.57891;186.86692;188.8387;189.8481;183.62519,4.9457111;5.0272209;5.0049862;5.0861229;5.0349499;4.97517;4.9890876;5.0206058;4.8965438;5.0073491;4.9351045;5.0695225;5.0068295;5.0800369;4.971503;4.9932767;4.9559796,2.7657010015502692e-09,83.72183990478516,1.3841799928471232e-10,42980.199123443395,1.0,0.2072539166471214,True,,,0,15599278771815030583,1cebbe2c85286d125a19176074641cec80e768fcc76265a176a2887e861b48e2:1672,123,1274248740084322432,3eabdfa943524b1077c76342cd49dd883c1d02e6abf0a6e9273162f3d53c340b,0.0
1673,0,3.0,-1.6731654483989993,edge,elliptical,2.2144065862170113,0.9548124085586149,8.104907471559272,1.6870460002954082,29.469326285203667,1,,,,False,0.2753702389913017,0.15290307767736055,False,0.29541441424814097,2.190199083243308,0.9570171808302965,2.3824270702614654,diffusive,,6.772853686687654,0.030370411906719633,68.52686680427854,0.9450687754925897,2.70578819115537,6.488918280241066,6.4605045449432215,0.5412833763387146,0.2076252098462562,0.907432979724548,0.46308772876291093,0.3891573358983504,1.1933683764378986,34.99380092177258,3.194945823087301,0.038604687901497285,qp_ode,0.05,100.0,6.882062877658688e-09,100.00000000000001,188.48033507752348,0.48030331650837493,191.0,5.0,0.999,independent_lognormal,False,0.0,False,0.0,16.09276563124595,0.11596194160353335,False,0.0,fixed_device,0,83.8352488853537,118.05332671712425,167.6704977707074,204.94395774055712,107.50854;83.835249;108.17078;117.03402;89.487233;118.05333;86.697402;85.209342;102.47198;92.587643;100.74184;98.930132;99.136065;93.433459;94.419352;116.50486;105.77879,198.80062;167.6705;194.33474;189.94553;178.97447;197.9976;173.3948;170.41868;204.94396;185.17529;198.89142;197.86026;196.57891;186.86692;188.8387;189.8481;183.62519,4.9457111;5.0272209;5.0049862;5.0861229;5.0349499;4.97517;4.9890876;5.0206058;4.8965438;5.0073491;4.9351045;5.0695225;5.0068295;5.0800369;4.971503;4.9932767;4.9559796,1.5752652871015016e-07,56.89525604248047,7.878933949712064e-09,42980.199123443395,1.0,0.19536894455844722,True,,,1,3998809876519779865,1cebbe2c85286d125a19176074641cec80e768fcc76265a176a2887e861b48e2:1673,123,1086242396476525350,3eabdfa943524b1077c76342cd49dd883c1d02e6abf0a6e9273162f3d53c340b,0.0
1674,0,-1.6735967561530738,-3.331706161921849,outside,elliptical,2.261791898488066,1.4114463476401578,7.694867901758995,2.4577815969869157,145.1801635172847,1,,,,False,0.15306903254838167,0.17630150437037018,False,0.25924097570997673,3.4586162243750405,1.239767165993654,2.1711209008866996,ballistic,20.18770460455478,,0.03528866583466263,65.58621537214393,1.200046614831666,3.2304520620614188,6.040348946575948,5.917179624795269,0.2806264239308877,0.28766962832290865,0.9721792132938557,0.5405189334639421,0.19119646003712581,0.5420699151948972,29.544502889040224,3.1208377778327674,0.07075909250503899,qp_ode,0.05,100.0,5.778827257114865e-10,100.00000000000001,188.48033507752348,1.5743782252055776,191.0,5.0,0.999,independent_lognormal,False,0.0,False,0.0,15.777805167094563,0.48464658058017995,False,0.0,fixed_device,0,83.8352488853537,118.05332671712425,167.6704977707074,204.94395774055712,107.50854;83.835249;108.17078;117.03402;89.487233;118.05333;86.697402;85.209342;102.47198;92.587643;100.74184;98.930132;99.136065;93.433459;94.419352;116.50486;105.77879,198.80062;167.6705;194.33474;189.94553;178.97447;197.9976;173.3948;170.41868;204.94396;185.17529;198.89142;197.86026;196.57891;186.86692;188.8387;189.8481;183.62519,4.9457111;5.0272209;5.0049862;5.0861229;5.0349499;4.97517;4.9890876;5.0206058;4.8965438;5.0073491;4.9351045;5.0695225;5.0068295;5.0800369;4.971503;4.9932767;4.9559796,9.659869348865868e-09,81.45967102050781,4.831477440347953e-10,42980.199123443395,1.0,0.1965697577717836,True,,,0,6320692744281848684,1cebbe2c85286d125a19176074641cec80e768fcc76265a176a2887e861b48e2:1674,123,6733052045887006107,3eabdfa943524b1077c76342cd49dd883c1d02e6abf0a6e9273162f3d53c340b,0.0
1675,0,2.2259868515547048,-3.909264961026775,outside,circular,1.86619783985364,1.6545922569432299,3.3522057296547505,1.0,60.220132443349954,1,,,,False,0.3908363697351725,0.3117138291355046,False,0.18112380669822487,2.9814021844824747,1.1003173403050048,2.253924930176007,diffusive,,10.882561453188512,0.05719469174865004,20.10379572127844,1.2047679649912535,3.30215636407714,6.161755046959793,6.25260898087679,0.5043941115334244,0.2155686709517134,0.9605489303357316,0.037270748875765224,0.49281136775414747,0.5178203933800276,32.37094782684415,3.3105946662117893,0.044398036064496785,qp_ode,0.05,100.0,1.0271409036645673e-07,100.00000000000001,188.48033507752348,1.56208825438845,191.0,5.0,0.999,independent_lognormal,False,0.0,False,0.0,33.45106352697387,0.6354558180148561,False,0.0,fixed_device,0,83.8352488853537,118.05332671712425,167.6704977707074,204.94395774055712,107.50854;83.835249;108.17078;117.03402;89.487233;118.05333;86.697402;85.209342;102.47198;92.587643;100.74184;98.930132;99.136065;93.433459;94.419352;116.50486;105.77879,198.80062;167.6705;194.33474;189.94553;178.97447;197.9976;173.3948;170.41868;204.94396;185.17529;198.89142;197.86026;196.57891;186.86692;188.8387;189.8481;183.62519,4.9457111;5.0272209;5.0049862;5.0861229;5.0349499;4.97517;4.9890876;5.0206058;4.8965438;5.0073491;4.9351045;5.0695225;5.0068295;5.0800369;4.971503;4.9932767;4.9559796,1.5267329445123323e-06,13.077213287353516,7.657176581687963e-08,42980.199123443395,1.0,0.21560522980581265,True,,,2,15043234331257627032,1cebbe2c85286d125a19176074641cec80e768fcc76265a176a2887e861b48e2:1675,123,1541470994536505478,3eabdfa943524b1077c76342cd49dd883c1d02e6abf0a6e9273162f3d53c340b,0.09127987132352941
1676,0,-1.706399947300643,1.741898642950444,inside,circular,1.8975664034108237,1.3163820726699347,6.864089268059414,1.0,124.13786833837449,1,,,,False,0.18878134564142773,0.9489657164612483,False,0.2990913625064885,2.1033047451638924,0.8900461781861388,2.2881731700473456,ballistic,13.838100247601204,,0.03150080029813279,50.58716781842722,1.4403409231361524,3.100809907254434,5.6040950392758155,7.216141175784798,0.22848698007811494,0.3913073007176707,0.9357857915247794,0.5078450604768504,0.4136659988790816,1.1057668686191215,30.101426371859862,3.1350409607246315,0.04948449440394199,qp_ode,0.05,100.0,5.687333045533043e-10,100.00000000000001,188.48033507752348,0.6165082516106666,191.0,5.0,0.999,independent_lognormal,False,0.0,False,0.0,8.499178883208316,0.4536669388437811,False,0.0,fixed_device,0,83.8352488853537,118.05332671712425,167.6704977707074,204.94395774055712,107.50854;83.835249;108.17078;117.03402;89.487233;118.05333;86.697402;85.209342;102.47198;92.587643;100.74184;98.930132;99.136065;93.433459;94.419352;116.50486;105.77879,198.80062;167.6705;194.33474;189.94553;178.97447;197.9976;173.3948;170.41868;204.94396;185.17529;198.89142;197.86026;196.57891;186.86692;188.8387;189.8481;183.62519,4.9457111;5.0272209;5.0049862;5.0861229;5.0349499;4.97517;4.9890876;5.0206058;4.8965438;5.0073491;4.9351045;5.0695225;5.0068295;5.0800369;4.971503;4.9932767;4.9559796,1.0813360873385136e-08,82.78507995605469,5.4144499994635e-10,42980.199123443395,1.0,0.19354754085982445,True,,,0,5161622646967138428,1cebbe2c85286d125a19176074641cec80e768fcc76265a176a2887e861b48e2:1676,123,6876011253145213205,3eabdfa943524b1077c76342cd49dd883c1d02e6abf0a6e9273162f3d53c340b,0.0
1677,0,2.7986764812440867,-3.3898227664928293,outside,elliptical,2.038314491294423,1.3209332506546285,9.285447843757495,1.6406038715193163,41.202364687249414,1,,,,False,0.05148126587440816,0.26532838769079825,False,0.2523103309353145,1.5121108556073075,1.0606807958432825,2.475183341551692,ballistic,23.2726397245454,,0.11365114664814846,49.52635374393804,0.930096005029085,3.231151428629143,5.284844866895563,7.588764083012689,0.3211047209767316,0.4518832695092624,0.865697419861739,0.37468955025765677,0.11564692850254435,0.9882357008859288,30.287737021902252,2.9031139074270733,0.047609159737450474,qp_ode,0.05,100.0,2.636082390383517e-08,100.00000000000001,188.48033507752348,1.5209221413406449,191.0,5.0,0.999,independent_lognormal,False,0.0,False,0.0,1.999433995555664,0.5565554142226729,False,0.0,fixed_device,0,83.8352488853537,118.05332671712425,167.6704977707074,204.94395774055712,107.50854;83.835249;108.17078;117.03402;89.487233;118.05333;86.697402;85.209342;102.47198;92.587643;100.74184;98.930132;99.136065;93.433459;94.419352;116.50486;105.77879,198.80062;167.6705;194.33474;189.94553;178.97447;197.9976;173.3948;170.41868;204.94396;185.17529;198.89142;197.86026;196.57891;186.86692;188.8387;189.8481;183.62519,4.9457111;5.0272209;5.0049862;5.0861229;5.0349499;4.97517;4.9890876;5.0206058;4.8965438;5.0073491;4.9351045;5.0695225;5.0068295;5.0800369;4.971503;4.9932767;4.9559796,4.345207571532228e-07,33.90943145751953,2.1759554158506944e-08,42980.199123443395,1.0,0.17975705418640306,True,,,2,14126753428411453389,1cebbe2c85286d125a19176074641cec80e768fcc76265a176a2887e861b48e2:1677,123,6066242838755784233,3eabdfa943524b1077c76342cd49dd883c1d02e6abf0a6e9273162f3d53c340b,0.0
1678,0,1.6243439548489125,2.4316694094157336,inside,elliptical,2.4341383564673835,1.4245296615360228,6.880491219726567,1.413775697169283,71.28053268332363,1,,,,False,0.23563099685973599,0.15556494335516158,False,0.22808414169793995,3.043237618125353,1.0718936171291022,2.687217671498888,ballistic,21.716508818093597,,0.054783272635997485,71.5919419370451,0.5368135192160438,2.5648117430806927,4.575873247543294,5.312132453646115,0.4118210120842347,0.4457776775212384,0.9972605763169955,0.7110179576165165,0.47434299585397127,0.576559302472723,20.5760296776887,2.9900344323177217,0.03540226652817073,qp_ode,0.05,100.0,1.6681663261597565e-08,100.00000000000001,188.48033507752348,1.3376326078471006,191.0,5.0,0.999,independent_lognormal,False,0.0,False,0.0,6.56144608183167,0.6475481523544292,False,0.0,fixed_device,0,83.8352488853537,118.05332671712425,167.6704977707074,204.94395774055712,107.50854;83.835249;108.17078;117.03402;89.487233;118.05333;86.697402;85.209342;102.47198;92.587643;100.74184;98.930132;99.136065;93.433459;94.419352;116.50486;105.77879,198.80062;167.6705;194.33474;189.94553;178.97447;197.9976;173.3948;170.41868;204.94396;185.17529;198.89142;197.86026;196.57891;186.86692;188.8387;189.8481;183.62519,4.9457111;5.0272209;5.0049862;5.0861229;5.0349499;4.97517;4.9890876;5.0206058;4.8965438;5.0073491;4.9351045;5.0695225;5.0068295;5.0800369;4.971503;4.9932767;4.9559796,4.047030017773068e-07,35.99017333984375,2.0311354376190138e-08,42980.199123443395,1.0,0.18418310459742293,True,,,2,17201478252885433785,1cebbe2c85286d125a19176074641cec80e768fcc76265a176a2887e861b48e2:1678,123,340367292267120171,3eabdfa943524b1077c76342cd49dd883c1d02e6abf0a6e9273162f3d53c340b,0.0
1679,0,-1.2543598974118328,-2.482767121461074,inside,elliptical,1.978928328955903,1.4240607426484262,4.431670757996796,2.0072212903512474,55.31271656064303,1,,,,False,0.1969239510374619,0.9068063090771055,False,0.1478295968619186,1.8768063374183157,1.126684027616105,1.368766510819507,ballistic,14.670187767109374,,0.08436599866130451,65.79781579222639,0.4446634245358553,2.2686921516635015,4.6231934420407566,7.644145806054495,0.17798459720466864,0.36625570307255473,0.973564405372242,0.021955321088036953,0.14126070498558319,0.9810434571384461,32.04806140417665,2.8781286002138278,0.008442248933223082,qp_ode,0.05,100.0,6.163571740560127e-09,100.00000000000001,188.48033507752348,1.747412819749802,191.0,5.0,0.999,independent_lognormal,False,0.0,False,0.0,56.65689421984716,0.09129494686069613,False,0.0,fixed_device,0,83.8352488853537,118.05332671712425,167.6704977707074,204.94395774055712,107.50854;83.835249;108.17078;117.03402;89.487233;118.05333;86.697402;85.209342;102.47198;92.587643;100.74184;98.930132;99.136065;93.433459;94.419352;116.50486;105.77879,198.80062;167.6705;194.33474;189.94553;178.97447;197.9976;173.3948;170.41868;204.94396;185.17529;198.89142;197.86026;196.57891;186.86692;188.8387;189.8481;183.62519,4.9457111;5.0272209;5.0049862;5.0861229;5.0349499;4.97517;4.9890876;5.0206058;4.8965438;5.0073491;4.9351045;5.0695225;5.0068295;5.0800369;4.971503;4.9932767;4.9559796,1.566957053000806e-07,58.825592041015625,7.83934339665393e-09,42980.199123443395,1.0,0.17500891754792902,True,,,1,2877925785061178178,1cebbe2c85286d125a19176074641cec80e768fcc76265a176a2887e861b48e2:1679,123,6012649275364533880,3eabdfa943524b1077c76342cd49dd883c1d02e6abf0a6e9273162f3d53c340b,0.0
1680,0,1.7003993641099289,3.0,edge,elliptical,2.025801529105938,1.2923069515450893,8.365174993079695,1.4019762451945315,1.6040974312372547,1,,,,False,0.1182225385968947,0.8835403813979615,False,0.3260165705416431,2.60344035955713,0.7874997795149254,2.6158884451754307,diffusive,,5.415976430075847,0.04068786303647762,65.99033743182517,1.1952955783208479,3.4149544270237944,4.636989461738418,5.057056737776174,0.1584444298006643,0.3454780142763254,0.9874025305667034,0.3638934400816773,0.28624525647201404,0.8658618747931848,22.193870535433916,2.8697102146330136,0.01736333030505916,qp_ode,0.05,100.0,5.7956887087625e-10,100.00000000000001,188.48033507752348,0.9917667796027967,191.0,5.0,0.999,independent_lognormal,False,0.0,False,0.0,24.721634487222463,0.6180959668872724,False,0.0,fixed_device,0,83.8352488853537,118.05332671712425,167.6704977707074,204.94395774055712,107.50854;83.835249;108.17078;117.03402;89.487233;118.05333;86.697402;85.209342;102.47198;92.587643;100.74184;98.930132;99.136065;93.433459;94.419352;116.50486;105.77879,198.80062;167.6705;194.33474;189.94553;178.97447;197.9976;173.3948;170.41868;204.94396;185.17529;198.89142;197.86026;196.57891;186.86692;188.8387;189.8481;183.62519,4.9457111;5.0272209;5.0049862;5.0861229;5.0349499;4.97517;4.9890876;5.0206058;4.8965438;5.0073491;4.9351045;5.0695225;5.0068295;5.0800369;4.971503;4.9932767;4.9559796,1.5952087650816793e-08,83.83525085449219,7.981507121890274e-10,42980.199123443395,1.0,0.17157996787672825,True,,,0,10549677659384841550,1cebbe2c85286d125a19176074641cec80e768fcc76265a176a2887e861b48e2:1680,123,5558545865082614180,3eabdfa943524b1077c76342cd49dd883c1d02e6abf0a6e9273162f3d53c340b,0.0
1681,0,3.3011379702802692,1.2932921692874455,outside,circular,1.9011524776654858,1.5913391000260306,5.867880591820816,1.0,162.4104974869452,1,,,,False,0.22126998889686328,0.9563984133119056,False,0.37229904549882975,3.7331323538462584,0.5587139354282444,2.219635153072017,ballistic,36.945024610441735,,0.06491572164223595,75.47300752449301,0.6190064917527969,2.9706883901772487,3.778919225218067,8.466403234668363,0.46672659835419605,0.42900702737455465,0.986044127267856,0.7908822249232123,0.14883272909079845,0.8576868992543782,22.21572564948108,3.3048369192038987,0.05432344596152309,qp_ode,0.05,100.0,1.0727165397020797e-10,100.00000000000001,188.48033507752348,0.3246738270380711,191.0,5.0,0.999,independent_lognormal,False,0.0,False,0.0,9.287189688654287,0.07638655671119868,False,0.0,fixed_device,0,83.8352488853537,118.05332671712425,167.6704977707074,204.94395774055712,107.50854;83.835249;108.17078;117.03402;89.487233;118.05333;86.697402;85.209342;102.47198;92.587643;100.74184;98.930132;99.136065;93.433459;94.419352;116.50486;105.77879,198.80062;167.6705;194.33474;189.94553;178.97447;197.9976;173.3948;170.41868;204.94396;185.17529;198.89142;197.86026;196.57891;186.86692;188.8387;189.8481;183.62519,4.9457111;5.0272209;5.0049862;5.0861229;5.0349499;4.97517;4.9890876;5.0206058;4.8965438;5.0073491;4.9351045;5.0695225;5.0068295;5.0800369;4.971503;4.9932767;4.9559796,3.0242535142832594e-09,83.79100799560547,1.5139894893323458e-10,42980.199123443395,1.0,0.2049723146604605,True,,,0,10055106108461766598,1cebbe2c85286d125a19176074641cec80e768fcc76265a176a2887e861b48e2:1681,123,5787828572165107721,3eabdfa943524b1077c76342cd49dd883c1d02e6abf0a6e9273162f3d53c340b,0.0
1682,0,2.9179177381103942,3.3823499580247023,outside,circular,2.139276296330997,1.1812090980057202,5.294346880980886,1.0,158.69744261831272,1,,,,False,0.2710888099919738,0.6895063470714098,False,0.10800871549124276,3.2167303370844893,1.019594874587948,2.7612344714542036,ballistic,30.303620845350594,,0.0710212244671715,5.9329946449209725,0.8898182068895331,2.8643245523940584,4.709659811815771,7.9187450689538235,0.5170836199872606,0.2535315148814866,0.9640522202226836,0.006922401151122238,0.4267971614404032,0.9574918008461908,31.570761534767758,3.18140103138872,0.015466846501496621,qp_ode,0.05,100.0,2.140158553190971e-09,100.00000000000001,188.48033507752348,0.7938412996254731,191.0,5.0,0.999,independent_lognormal,False,0.0,False,0.0,10.446587130881857,0.27201097982789024,False,0.0,fixed_device,0,83.8352488853537,118.05332671712425,167.6704977707074,204.94395774055712,107.50854;83.835249;108.17078;117.03402;89.487233;118.05333;86.697402;85.209342;102.47198;92.587643;100.74184;98.930132;99.136065;93.433459;94.419352;116.50486;105.77879,198.80062;167.6705;194.33474;189.94553;178.97447;197.9976;173.3948;170.41868;204.94396;185.17529;198.89142;197.86026;196.57891;186.86692;188.8387;189.8481;183.62519,4.9457111;5.0272209;5.0049862;5.0861229;5.0349499;4.97517;4.9890876;5.0206058;4.8965438;5.0073491;4.9351045;5.0695225;5.0068295;5.0800369;4.971503;4.9932767;4.9559796,6.216542658421531e-08,81.4666748046875,3.1094569141743023e-09,42980.199123443395,1.0,0.1901610556624569,True,,,1,13027152223361044432,1cebbe2c85286d125a19176074641cec80e768fcc76265a176a2887e861b48e2:1682,123,8162210678049067750,3eabdfa943524b1077c76342cd49dd883c1d02e6abf0a6e9273162f3d53c340b,0.0
1683,0,-1.3125492746353993,3.578385896392551,outside,elliptical,2.201193419370064,1.2905814285042008,2.8732694279818425,1.009082049573302,80.45412961466327,1,,,,False,0.3435441916612479,0.680028380551899,False,0.3721606494931987,2.428910737151922,0.5322616418816599,2.1354213030410714,diffusive,,9.06785039821365,0.07501955014694829,36.59078295086897,0.5939637603389069,3.4948007869505826,6.486874199389087,7.7347714989059515,0.3881288863048763,0.29859785019336027,0.8163436371149434,0.5629139682231116,0.4516860010411451,0.5850034075960518,31.57516461563155,3.118451254354041,0.007641298860106112,qp_ode,0.05,100.0,9.19964605960345e-09,100.00000000000001,188.48033507752348,0.3863606305575539,191.0,5.0,0.999,independent_lognormal,False,0.0,False,0.0,25.73141241152632,0.21513504203262207,False,0.0,fixed_device,0,83.8352488853537,118.05332671712425,167.6704977707074,204.94395774055712,107.50854;83.835249;108.17078;117.03402;89.487233;118.05333;86.697402;85.209342;102.47198;92.587643;100.74184;98.930132;99.136065;93.433459;94.419352;116.50486;105.77879,198.80062;167.6705;194.33474;189.94553;178.97447;197.9976;173.3948;170.41868;204.94396;185.17529;198.89142;197.86026;196.57891;186.86692;188.8387;189.8481;183.62519,4.9457111;5.0272209;5.0049862;5.0861229;5.0349499;4.97517;4.9890876;5.0206058;4.8965438;5.0073491;4.9351045;5.0695225;5.0068295;5.0800369;4.971503;4.9932767;4.9559796,2.0791073040982155e-07,52.33899688720703,1.0436630226706711e-08,42980.199123443395,1.0,0.18496497881780116,True,,,1,4723152538509940204,1cebbe2c85286d125a19176074641cec80e768fcc76265a176a2887e861b48e2:1683,123,1443656498826304789,3eabdfa943524b1077c76342cd49dd883c1d02e6abf0a6e9273162f3d53c340b,0.0
1684,0,1.6105676339890689,3.2659251589811156,outside,circular,2.3244282802993004,1.4522517877287244,7.5278628114563055,1.0,26.426768794603138,1,,,,False,0.0992346027483149,0.5126106977166038,False,0.3570716024652141,2.223513490985058,1.0707671093025672,1.987839072160499,ballistic,14.35321263903564,,0.044516663213213806,26.3393941893629,1.9462687051410001,3.1260996641807477,3.795331314239881,7.658715408257677,0.26162470674110744,0.45766944153963773,0.8059104509459222,0.3447031587759113,0.18615759032979623,0.9052143347309036,28.371436349735973,3.3253917690182258,0.025512293086456916,qp_ode,0.05,100.0,2.46336104437487e-07,100.00000000000001,188.48033507752348,1.9215321365752072,191.0,5.0,0.999,independent_lognormal,False,0.0,False,0.0,13.853434053428689,0.5526714128778957,False,0.0,fixed_device,0,83.8352488853537,118.05332671712425,167.6704977707074,204.94395774055712,107.50854;83.835249;108.17078;117.03402;89.487233;118.05333;86.697402;85.209342;102.47198;92.587643;100.74184;98.930132;99.136065;93.433459;94.419352;116.50486;105.77879,198.80062;167.6705;194.33474;189.94553;178.97447;197.9976;173.3948;170.41868;204.94396;185.17529;198.89142;197.86026;196.57891;186.86692;188.8387;189.8481;183.62519,4.9457111;5.0272209;5.0049862;5.0861229;5.0349499;4.97517;4.9890876;5.0206058;4.8965438;5.0073491;4.9351045;5.0695225;5.0068295;5.0800369;4.971503;4.9932767;4.9559796,6.578922693734057e-06,3.4367434978485107,3.333628058044269e-07,42980.199123443395,1.0,0.2833866683709941,True,,,2,18349784550147654683,1cebbe2c85286d125a19176074641cec80e768fcc76265a176a2887e861b48e2:1684,123,6338795792075360777,3eabdfa943524b1077c76342cd49dd883c1d02e6abf0a6e9273162f3d53c340b,0.4203527113970588
1685,0,1.1200025917246625,3.0,edge,elliptical,1.7048236595731356,0.8894225656701311,5.754242076617609,1.25294408799295,59.01574462598686,1,,,,False,0.27647935961433545,0.5885116898627154,False,0.20240754071246328,3.2951616345399923,0.6174251036085863,1.068057995311459,ballistic,22.161619302467415,,0.027253563366693927,24.92148525694529,1.6878150813913044,2.8870058131520464,4.995282451931919,5.955688971764763,0.21353807398338914,0.2867027705013881,0.8543099994855377,0.7063904382331356,0.4698103236925908,0.5909912850336984,30.242404673968203,2.954770162127402,0.02178218905239951,qp_ode,0.05,100.0,5.284754227162444e-08,100.00000000000001,188.48033507752348,1.9072507848090632,191.0,5.0,0.999,independent_lognormal,False,0.0,False,0.0,19.91183639896053,0.47185380354160583,False,0.0,fixed_device,0,83.8352488853537,118.05332671712425,167.6704977707074,204.94395774055712,107.50854;83.835249;108.17078;117.03402;89.487233;118.05333;86.697402;85.209342;102.47198;92.587643;100.74184;98.930132;99.136065;93.433459;94.419352;116.50486;105.77879,198.80062;167.6705;194.33474;189.94553;178.97447;197.9976;173.3948;170.41868;204.94396;185.17529;198.89142;197.86026;196.57891;186.86692;188.8387;189.8481;183.62519,4.9457111;5.0272209;5.0049862;5.0861229;5.0349499;4.97517;4.9890876;5.0206058;4.8965438;5.0073491;4.9351045;5.0695225;5.0068295;5.0800369;4.971503;4.9932767;4.9559796,1.4447285821006517e-06,14.030117988586426,7.260022272248534e-08,42980.199123443395,1.0,0.20930380642746801,True,,,2,3589394973681034499,1cebbe2c85286d125a19176074641cec80e768fcc76265a176a2887e861b48e2:1685,123,8433596963808084797,3eabdfa943524b1077c76342cd49dd883c1d02e6abf0a6e9273162f3d53c340b,0.2314740349264706
1686,0,-0.4686051902815631,1.2957058298536817,inside,elliptical,2.0300986855923235,1.1611865591521995,3.235201253163237,2.432035743547796,68.47264853661429,1,,,,False,0.05259744781266597,0.5811872618107742,False,0.13127233247424835,2.410449829927442,0.8722089726719648,2.2439712578083943,ballistic,24.0615361177383,,0.07522225745659951,15.91991104733891,1.9438179595758283,2.1148387100485753,5.641858989818427,6.342379317324219,0.36335090128268144,0.23909946395055953,0.99624207664576,0.1423079732447495,0.18926338228077272,1.0860312757629231,20.279527941611803,3.3333958125404557,0.06667595014620524,qp_ode,0.05,100.0,4.3079712164872336e-10,100.00000000000001,188.48033507752348,1.676865829715582,191.0,5.0,0.999,independent_lognormal,False,0.0,False,0.0,10.034845942917437,0.5336519187913166,False,0.0,fixed_device,0,83.8352488853537,118.05332671712425,167.6704977707074,204.94395774055712,107.50854;83.835249;108.17078;117.03402;89.487233;118.05333;86.697402;85.209342;102.47198;92.587643;100.74184;98.930132;99.136065;93.433459;94.419352;116.50486;105.77879,198.80062;167.6705;194.33474;189.94553;178.97447;197.9976;173.3948;170.41868;204.94396;185.17529;198.89142;197.86026;196.57891;186.86692;188.8387;189.8481;183.62519,4.9457111;5.0272209;5.0049862;5.0861229;5.0349499;4.97517;4.9890876;5.0206058;4.8965438;5.0073491;4.9351045;5.0695225;5.0068295;5.0800369;4.971503;4.9932767;4.9559796,1.3407699839262932e-08,82.30545043945312,6.707340793887795e-10,42980.199123443395,1.0,0.209127734123887,True,,,0,16222400921960767535,1cebbe2c85286d125a19176074641cec80e768fcc76265a176a2887e861b48e2:1686,123,4141311884832331279,3eabdfa943524b1077c76342cd49dd883c1d02e6abf0a6e9273162f3d53c340b,0.0
1687,0,-2.357078830272762,2.727433173610084,inside,elliptical,2.2497653846339087,0.9965433758903567,3.980835561577239,2.1287242557314237,92.38585167164075,1,,,,False,0.10753143621631686,0.9492974245612955,False,0.30617680384865775,3.598233859429814,0.6972767622314744,2.678851870664909,diffusive,,11.426273352215617,0.0216797076295202,13.349506847370636,0.8218533977284347,2.085386736458239,4.223618161754356,5.08297651515278,0.47412598773667114,0.3014726595291436,0.9027309867385799,0.4948082761450279,0.33328856520565214,0.5484705760810763,23.36477982365633,3.255673288027191,0.0704731472638607,qp_ode,0.05,100.0,1.8459702429927923e-08,100.00000000000001,188.48033507752348,1.2352226915101856,191.0,5.0,0.999,independent_lognormal,False,0.0,False,0.0,17.802342210357143,0.532476650748954,False,0.0,fixed_device,0,83.8352488853537,118.05332671712425,167.6704977707074,204.94395774055712,107.50854;83.835249;108.17078;117.03402;89.487233;118.05333;86.697402;85.209342;102.47198;92.587643;100.74184;98.930132;99.136065;93.433459;94.419352;116.50486;105.77879,198.80062;167.6705;194.33474;189.94553;178.97447;197.9976;173.3948;170.41868;204.94396;185.17529;198.89142;197.86026;196.57891;186.86692;188.8387;189.8481;183.62519,4.9457111;5.0272209;5.0049862;5.0861229;5.0349499;4.97517;4.9890876;5.0206058;4.8965438;5.0073491;4.9351045;5.0695225;5.0068295;5.0800369;4.971503;4.9932767;4.9559796,3.8811606373201357e-07,37.1674919128418,1.944510508167241e-08,42980.199123443395,1.0,0.2049786343859936,True,,,2,8828426892848326709,1cebbe2c85286d125a19176074641cec80e768fcc76265a176a2887e861b48e2:1687,123,4939661585632760881,3eabdfa943524b1077c76342cd49dd883c1d02e6abf0a6e9273162f3d53c340b,0.0
1688,0,-3.0,-0.6020754230674998,edge,circular,1.961203512995424,1.2656231810841527,5.110335388101087,1.0,84.62526150730507,1,,,,False,0.2633561582111324,0.6243507490311025,False,0.27703226658379704,3.0740216233791777,1.1212638916668123,2.320695928741804,diffusive,,14.131310045205622,0.11312233039347167,26.568827256319203,1.544264514893046,3.791629173903196,3.9955120622394507,8.510560837265121,0.188104598242431,0.356501692294128,0.8355043150466261,0.6085952200508352,0.16635419507868687,0.8341554279392569,34.809252363891076,2.837795143200493,0.0740864454410011,qp_ode,0.05,100.0,1.5033163568912504e-07,100.00000000000001,188.48033507752348,1.4415542640574295,191.0,5.0,0.999,independent_lognormal,False,0.0,False,0.0,8.253099306373045,0.29898267624452846,False,0.0,fixed_device,0,83.8352488853537,118.05332671712425,167.6704977707074,204.94395774055712,107.50854;83.835249;108.17078;117.03402;89.487233;118.05333;86.697402;85.209342;102.47198;92.587643;100.74184;98.930132;99.136065;93.433459;94.419352;116.50486;105.77879,198.80062;167.6705;194.33474;189.94553;178.97447;197.9976;173.3948;170.41868;204.94396;185.17529;198.89142;197.86026;196.57891;186.86692;188.8387;189.8481;183.62519,4.9457111;5.0272209;5.0049862;5.0861229;5.0349499;4.97517;4.9890876;5.0206058;4.8965438;5.0073491;4.9351045;5.0695225;5.0068295;5.0800369;4.971503;4.9932767;4.9559796,2.8336191917333053e-06,7.666969299316406,1.4250855429054354e-07,42980.199123443395,1.0,0.2124417413148014,True,,,2,11076539433358839376,1cebbe2c85286d125a19176074641cec80e768fcc76265a176a2887e861b48e2:1688,123,2756649509845490864,3eabdfa943524b1077c76342cd49dd883c1d02e6abf0a6e9273162f3d53c340b,0.37362132352941174
1689,0,-3.0,2.843206681649625,edge,elliptical,2.076765100267127,1.1037149938700885,8.630256657311033,1.0388666715358579,29.307687253346522,1,,,,False,0.33882706657096895,0.7449517216655606,False,0.2692497862521478,1.548597227595858,0.5536125381431548,2.2742052845991574,ballistic,15.992318519221325,,0.06305385449876447,57.473492325977375,1.60578207797341,2.529448617000367,6.200654280690861,6.293771786090436,0.3611351835515527,0.10113354882927723,0.9938328122369089,0.41481453106000954,0.39849221554808684,0.5762877922628952,33.10666302464385,3.2651060121371818,0.06422396451371692,qp_ode,0.05,100.0,5.024074292124467e-10,100.00000000000001,188.48033507752348,0.7649920062681377,191.0,5.0,0.999,independent_lognormal,False,0.0,False,0.0,6.035810105090235,0.6211379237784107,False,0.0,fixed_device,0,83.8352488853537,118.05332671712425,167.6704977707074,204.94395774055712,107.50854;83.835249;108.17078;117.03402;89.487233;118.05333;86.697402;85.209342;102.47198;92.587643;100.74184;98.930132;99.136065;93.433459;94.419352;116.50486;105.77879,198.80062;167.6705;194.33474;189.94553;178.97447;197.9976;173.3948;170.41868;204.94396;185.17529;198.89142;197.86026;196.57891;186.86692;188.8387;189.8481;183.62519,4.9457111;5.0272209;5.0049862;5.0861229;5.0349499;4.97517;4.9890876;5.0206058;4.8965438;5.0073491;4.9351045;5.0695225;5.0068295;5.0800369;4.971503;4.9932767;4.9559796,1.312224551242025e-08,83.4452896118164,6.587865253315783e-10,42980.199123443395,1.0,0.20371212564894778,True,,,0,9537920231089534291,1cebbe2c85286d125a19176074641cec80e768fcc76265a176a2887e861b48e2:1689,123,9086116653144104432,3eabdfa943524b1077c76342cd49dd883c1d02e6abf0a6e9273162f3d53c340b,0.0
1690,0,-2.818823418449373,2.574214768008047,inside,circular,2.4454553835213,1.5686171657325527,3.5776954875641183,1.0,38.76603005075659,1,,,,False,0.26414416072318314,0.48389314751203183,False,0.2809129098977359,3.929261133152831,0.9495543425867228,1.8061284351069398,diffusive,,14.42021491558261,0.032856460887031924,14.173264850068978,0.4241051392775642,2.198179095522746,3.9099873437029915,9.545117108414955,0.3099022377164306,0.4295579456443367,0.9148232248568484,0.3897773361732603,0.3434410893803016,1.1672030667434528,29.93491174085756,3.363930402400687,0.01379500894854986,qp_ode,0.05,100.0,1.9861058797576043e-10,100.00000000000001,188.48033507752348,1.3933198173598655,191.0,5.0,0.999,independent_lognormal,False,0.0,False,0.0,24.64678378701971,0.5678606373948106,False,0.0,fixed_device,0,83.8352488853537,118.05332671712425,167.6704977707074,204.94395774055712,107.50854;83.835249;108.17078;117.03402;89.487233;118.05333;86.697402;85.209342;102.47198;92.587643;100.74184;98.930132;99.136065;93.433459;94.419352;116.50486;105.77879,198.80062;167.6705;194.33474;189.94553;178.97447;197.9976;173.3948;170.41868;204.94396;185.17529;198.89142;197.86026;196.57891;186.86692;188.8387;189.8481;183.62519,4.9457111;5.0272209;5.0049862;5.0861229;5.0349499;4.97517;4.9890876;5.0206058;4.8965438;5.0073491;4.9351045;5.0695225;5.0068295;5.0800369;4.971503;4.9932767;4.9559796,6.212981684683427e-09,83.83525085449219,3.107174517680278e-10,42980.199123443395,1.0,0.2005685947251269,True,,,0,2562252943215864070,1cebbe2c85286d125a19176074641cec80e768fcc76265a176a2887e861b48e2:1690,123,1143752031336772601,3eabdfa943524b1077c76342cd49dd883c1d02e6abf0a6e9273162f3d53c340b,0.0
1691,0,0.8846600625471472,3.562760420506332,outside,circular,1.7251270985278582,1.2373385234511314,9.993226443843595,1.0,162.35097411240665,1,,,,False,0.3896107518115297,0.3924826241849083,False,0.10262355737700685,3.0681690682630114,1.2194781454707924,2.9398957368800884,diffusive,,15.872440800159357,0.029940697406410782,77.30031357632711,0.5033495871392388,2.849860459196017,6.3864882905368265,6.2865743751840775,0.5868009760099685,0.2036398411391243,0.8698383280124811,0.5764409625202613,0.4743131767457915,0.8383597903444977,33.71148461921721,3.020185423795005,0.057051109829077885,qp_ode,0.05,100.0,1.274758307278006e-10,100.00000000000001,188.48033507752348,0.4110824777006168,191.0,5.0,0.999,independent_lognormal,False,0.0,False,0.0,11.081494005757184,0.5561910220460187,False,0.0,fixed_device,0,83.8352488853537,118.05332671712425,167.6704977707074,204.94395774055712,107.50854;83.835249;108.17078;117.03402;89.487233;118.05333;86.697402;85.209342;102.47198;92.587643;100.74184;98.930132;99.136065;93.433459;94.419352;116.50486;105.77879,198.80062;167.6705;194.33474;189.94553;178.97447;197.9976;173.3948;170.41868;204.94396;185.17529;198.89142;197.86026;196.57891;186.86692;188.8387;189.8481;183.62519,4.9457111;5.0272209;5.0049862;5.0861229;5.0349499;4.97517;4.9890876;5.0206058;4.8965438;5.0073491;4.9351045;5.0695225;5.0068295;5.0800369;4.971503;4.9932767;4.9559796,2.822523992307424e-09,83.83525085449219,1.4116384450257868e-10,42980.199123443395,1.0,0.1876951803868289,True,,,0,3307227472761528016,1cebbe2c85286d125a19176074641cec80e768fcc76265a176a2887e861b48e2:1691,123,4009370454379361393,3eabdfa943524b1077c76342cd49dd883c1d02e6abf0a6e9273162f3d53c340b,0.0
1692,0,-3.0,-0.4738508918155597,edge,elliptical,2.247446034808236,1.0218482896680212,4.640510619316761,1.690139634227632,31.353341254700283,1,,,,False,0.3267622797278501,0.5787782225607909,False,0.19246394030721103,2.756859657594582,1.0871342820382663,2.41754641804531,ballistic,17.96789605220467,,0.02258242813014371,38.19455398645053,1.763219366071795,3.262626723033489,6.469754930303113,8.903315176499644,0.25386909999829865,0.43990216036131236,0.8404694239850329,0.638117648864189,0.4310887084845091,0.7435982613119805,25.50123080106303,3.3244487243534357,0.044354695769399995,qp_ode,0.05,100.0,1.2148120606337458e-09,100.00000000000001,188.48033507752348,0.4928378615595163,191.0,5.0,0.999,independent_lognormal,False,0.0,False,0.0,6.226237948193777,0.4048891115343457,False,0.0,fixed_device,0,83.8352488853537,118.05332671712425,167.6704977707074,204.94395774055712,107.50854;83.835249;108.17078;117.03402;89.487233;118.05333;86.697402;85.209342;102.47198;92.587643;100.74184;98.930132;99.136065;93.433459;94.419352;116.50486;105.77879,198.80062;167.6705;194.33474;189.94553;178.97447;197.9976;173.3948;170.41868;204.94396;185.17529;198.89142;197.86026;196.57891;186.86692;188.8387;189.8481;183.62519,4.9457111;5.0272209;5.0049862;5.0861229;5.0349499;4.97517;4.9890876;5.0206058;4.8965438;5.0073491;4.9351045;5.0695225;5.0068295;5.0800369;4.971503;4.9932767;4.9559796,3.378024970857041e-08,80.98912811279297,1.6897637733492843e-09,42980.199123443395,1.0,0.20426987101604285,True,,,1,4680677095031874475,1cebbe2c85286d125a19176074641cec80e768fcc76265a176a2887e861b48e2:1692,123,7540136819227383878,3eabdfa943524b1077c76342cd49dd883c1d02e6abf0a6e9273162f3d53c340b,0.0
1693,0,-3.0,-1.6767707866530124,edge,circular,1.9887210137978353,0.873799455544244,9.286517622469159,1.0,173.93414765677392,1,,,,False,0.21683451388371744,0.22832552581002052,False,0.29425508980710546,3.952236945374022,0.5407453527460839,2.770864234668589,ballistic,34.3937004471992,,0.09280832888634505,11.82050848310511,1.1710461521150068,3.409301107534921,4.011076263685179,6.436230594542365,0.1714946675314325,0.35696380328252264,0.9661165037144183,0.40960974243674353,0.44791522516689974,0.876828447808081,20.730328840277714,3.0547097442953466,0.020893739637677867,qp_ode,0.05,100.0,2.8525240882484446e-10,100.00000000000001,188.48033507752348,1.6568586941495813,191.0,5.0,0.999,independent_lognormal,False,0.0,False,0.0,16.84560029125044,0.15499360888174127,False,0.0,fixed_device,0,83.8352488853537,118.05332671712425,167.6704977707074,204.94395774055712,107.50854;83.835249;108.17078;117.03402;89.487233;118.05333;86.697402;85.209342;102.47198;92.587643;100.74184;98.930132;99.136065;93.433459;94.419352;116.50486;105.77879,198.80062;167.6705;194.33474;189.94553;178.97447;197.9976;173.3948;170.41868;204.94396;185.17529;198.89142;197.86026;196.57891;186.86692;188.8387;189.8481;183.62519,4.9457111;5.0272209;5.0049862;5.0861229;5.0349499;4.97517;4.9890876;5.0206058;4.8965438;5.0073491;4.9351045;5.0695225;5.0068295;5.0800369;4.971503;4.9932767;4.9559796,4.577631163016349e-09,82.99917602539062,2.2915011554935916e-10,42980.199123443395,1.0,0.18353307702509686,True,,,0,7901613231337810776,1cebbe2c85286d125a19176074641cec80e768fcc76265a176a2887e861b48e2:1693,123,2305917609241539806,3eabdfa943524b1077c76342cd49dd883c1d02e6abf0a6e9273162f3d53c340b,0.0
1694,0,-3.0,-2.5047375662871363,edge,elliptical,2.3598307366409763,1.5504455996764888,9.998318572754208,1.0100925056111392,136.59010225422296,1,,,,False,0.37899106916957653,0.4030164314017872,False,0.288790284798205,1.6741937280061139,0.7443031955280451,2.45822409306963,diffusive,,17.454149077384244,0.03152148351616701,79.15083514502282,1.0885536032663243,2.0024269240859818,3.6090573556001817,8.109574832238707,0.5535907080917668,0.3991005446480739,0.8063315311101263,0.5527289501536979,0.31395466025590674,0.5528147178595074,31.945116976155767,3.261404479299342,0.03815845388063213,qp_ode,0.05,100.0,3.3352884941815044e-09,100.00000000000001,188.48033507752348,0.356993466862222,191.0,5.0,0.999,independent_lognormal,False,0.0,False,0.0,12.153589341943915,0.4119870207943236,False,0.0,fixed_device,0,83.8352488853537,118.05332671712425,167.6704977707074,204.94395774055712,107.50854;83.835249;108.17078;117.03402;89.487233;118.05333;86.697402;85.209342;102.47198;92.587643;100.74184;98.930132;99.136065;93.433459;94.419352;116.50486;105.77879,198.80062;167.6705;194.33474;189.94553;178.97447;197.9976;173.3948;170.41868;204.94396;185.17529;198.89142;197.86026;196.57891;186.86692;188.8387;189.8481;183.62519,4.9457111;5.0272209;5.0049862;5.0861229;5.0349499;4.97517;4.9890876;5.0206058;4.8965438;5.0073491;4.9351045;5.0695225;5.0068295;5.0800369;4.971503;4.9932767;4.9559796,3.592227670878856e-08,74.20423126220703,1.7963214249405723e-09,42980.199123443395,1.0,0.19917854102464344,True,,,1,14076515722152889620,1cebbe2c85286d125a19176074641cec80e768fcc76265a176a2887e861b48e2:1694,123,4689950797372358030,3eabdfa943524b1077c76342cd49dd883c1d02e6abf0a6e9273162f3d53c340b,0.0
1695,0,2.420312915687398,-0.12913648053598603,inside,circular,2.301567662406911,1.3082763216179978,2.2708430996436784,1.0,140.0780830662348,1,,,,False,0.08221202737556811,0.2657973557946557,False,0.13199957465969453,2.5586301725088028,0.8572178925280847,1.2843552737275774,ballistic,29.888561411131136,,0.11541242413838812,39.154695762301614,0.5254718859798978,2.405984570644961,5.981617899151209,6.6710334737649735,0.27477647427373286,0.353026811953535,0.8022528360806567,0.22149241257698948,0.22874849849114942,1.1892946615457545,29.108117138559503,3.040682586387038,0.030225800077125237,qp_ode,0.05,100.0,5.769638295006368e-10,100.00000000000001,188.48033507752348,0.7527286153504882,191.0,5.0,0.999,independent_lognormal,False,0.0,False,0.0,24.24645467831423,0.5916874740807588,False,0.0,fixed_device,0,83.8352488853537,118.05332671712425,167.6704977707074,204.94395774055712,107.50854;83.835249;108.17078;117.03402;89.487233;118.05333;86.697402;85.209342;102.47198;92.587643;100.74184;98.930132;99.136065;93.433459;94.419352;116.50486;105.77879,198.80062;167.6705;194.33474;189.94553;178.97447;197.9976;173.3948;170.41868;204.94396;185.17529;198.89142;197.86026;196.57891;186.86692;188.8387;189.8481;183.62519,4.9457111;5.0272209;5.0049862;5.0861229;5.0349499;4.97517;4.9890876;5.0206058;4.8965438;5.0073491;4.9351045;5.0695225;5.0068295;5.0800369;4.971503;4.9932767;4.9559796,1.2555178230400088e-08,82.32144165039062,6.27814300546703e-10,42980.199123443395,1.0,0.18411033673609378,True,,,0,13646190993778555018,1cebbe2c85286d125a19176074641cec80e768fcc76265a176a2887e861b48e2:1695,123,5394750170111734547,3eabdfa943524b1077c76342cd49dd883c1d02e6abf0a6e9273162f3d53c340b,0.0
1696,0,1.0336187074407182,-1.9396940005455656,inside,circular,2.372366962596334,1.171015764647219,2.0895360984349445,1.0,148.1845588278281,1,,,,False,0.2277494448798813,0.2742488648110206,False,0.3956538139586647,3.851481489647216,1.1228000676106586,2.2502221741660318,diffusive,,13.763151720061396,0.038606573554817766,70.0963371379761,0.7143537366115306,2.1822814672535578,6.363018009281594,8.545100223027276,0.17465674969425232,0.4579770034016888,0.90608254642664,0.6297124425265563,0.4985069497687784,1.1555900224643632,29.720691670058255,3.344225290678093,0.025460672414332235,qp_ode,0.05,100.0,1.791509800565436e-08,100.00000000000001,188.48033507752348,0.46589884647002366,191.0,5.0,0.999,independent_lognormal,False,0.0,False,0.0,32.14062995921477,0.2696640003210545,False,0.0,fixed_device,0,83.8352488853537,118.05332671712425,167.6704977707074,204.94395774055712,107.50854;83.835249;108.17078;117.03402;89.487233;118.05333;86.697402;85.209342;102.47198;92.587643;100.74184;98.930132;99.136065;93.433459;94.419352;116.50486;105.77879,198.80062;167.6705;194.33474;189.94553;178.97447;197.9976;173.3948;170.41868;204.94396;185.17529;198.89142;197.86026;196.57891;186.86692;188.8387;189.8481;183.62519,4.9457111;5.0272209;5.0049862;5.0861229;5.0349499;4.97517;4.9890876;5.0206058;4.8965438;5.0073491;4.9351045;5.0695225;5.0068295;5.0800369;4.971503;4.9932767;4.9559796,3.9590042888448806e-07,34.73799514770508,1.981603858780545e-08,42980.199123443395,1.0,0.20294899472256056,True,,,2,14706812179409672210,1cebbe2c85286d125a19176074641cec80e768fcc76265a176a2887e861b48e2:1696,123,4974489653185310718,3eabdfa943524b1077c76342cd49dd883c1d02e6abf0a6e9273162f3d53c340b,0.0
1697,0,-3.0,-0.346424459396077,edge,elliptical,2.0552539832399987,1.5997244891690854,8.761319628302491,2.438612454727226,97.39804208381148,1,,,,False,0.23515187044458474,0.2244096217825997,False,0.39816894914803325,3.282773706915754,0.510624226565389,1.9256634959787753,diffusive,,15.486018649759927,0.1171464822912073,40.3164702075196,1.1514655198075392,2.5706029225137246,5.578193518746868,9.87304332928808,0.5538272213535537,0.1292959377174003,0.8840791390256204,0.164124949193036,0.2973964908823812,1.1252440399903794,32.193373446086994,3.1960685637748565,0.03669201197918929,qp_ode,0.05,100.0,1.0205194599779889e-08,100.00000000000001,188.48033507752348,0.8987446688261145,191.0,5.0,0.999,independent_lognormal,False,0.0,False,0.0,28.810872776071378,0.22354948778611622,False,0.0,fixed_device,0,83.8352488853537,118.05332671712425,167.6704977707074,204.94395774055712,107.50854;83.835249;108.17078;117.03402;89.487233;118.05333;86.697402;85.209342;102.47198;92.587643;100.74184;98.930132;99.136065;93.433459;94.419352;116.50486;105.77879,198.80062;167.6705;194.33474;189.94553;178.97447;197.9976;173.3948;170.41868;204.94396;185.17529;198.89142;197.86026;196.57891;186.86692;188.8387;189.8481;183.62519,4.9457111;5.0272209;5.0049862;5.0861229;5.0349499;4.97517;4.9890876;5.0206058;4.8965438;5.0073491;4.9351045;5.0695225;5.0068295;5.0800369;4.971503;4.9932767;4.9559796,1.8501420129268809e-07,58.10458755493164,9.255180621892123e-09,42980.199123443395,1.0,0.1953706359369623,True,,,2,15777506712370020212,1cebbe2c85286d125a19176074641cec80e768fcc76265a176a2887e861b48e2:1697,123,5511097715554651366,3eabdfa943524b1077c76342cd49dd883c1d02e6abf0a6e9273162f3d53c340b,0.0
1698,0,-1.52381062889594,-0.8474193268094963,inside,elliptical,2.3844030520092803,1.5557027722597516,9.484831081100248,2.182605030656671,10.73583903873779,1,,,,False,0.1938711170321038,0.3675595756535439,False,0.2607946201347972,1.5841187039044577,0.9880666129900151,2.8257795013722795,diffusive,,7.35336300204029,0.11735182661058989,34.69168562818986,0.6161645421949231,2.182255138217754,5.685172302536273,5.6996904029141335,0.42054029747092303,0.14207265308129668,0.9182428128995799,0.01639348077370828,0.1814140186000931,0.6359306883032531,24.31440749302572,3.2231467536793375,0.06847114584783942,qp_ode,0.05,100.0,1.1054639258810377e-08,100.00000000000001,188.48033507752348,0.849044936114054,191.0,5.0,0.999,independent_lognormal,False,0.0,False,0.0,35.97974652176486,0.37708724596993504,False,0.0,fixed_device,0,83.8352488853537,118.05332671712425,167.6704977707074,204.94395774055712,107.50854;83.835249;108.17078;117.03402;89.487233;118.05333;86.697402;85.209342;102.47198;92.587643;100.74184;98.930132;99.136065;93.433459;94.419352;116.50486;105.77879,198.80062;167.6705;194.33474;189.94553;178.97447;197.9976;173.3948;170.41868;204.94396;185.17529;198.89142;197.86026;196.57891;186.86692;188.8387;189.8481;183.62519,4.9457111;5.0272209;5.0049862;5.0861229;5.0349499;4.97517;4.9890876;5.0206058;4.8965438;5.0073491;4.9351045;5.0695225;5.0068295;5.0800369;4.971503;4.9932767;4.9559796,2.1390458471159945e-07,47.73610305786133,1.070100541511465e-08,42980.199123443395,1.0,0.20279466703752727,True,,,2,2721955590487042157,1cebbe2c85286d125a19176074641cec80e768fcc76265a176a2887e861b48e2:1698,123,1044499771437201508,3eabdfa943524b1077c76342cd49dd883c1d02e6abf0a6e9273162f3d53c340b,0.0
1699,0,-0.21083781743226782,-3.0,edge,elliptical,2.3871225375610474,1.3964870291126208,2.543208598013732,1.7738097480485164,97.79708491094058,1,,,,False,0.3817016358078649,0.10215552968676245,False,0.18173051307134747,2.978430834888418,0.9931486866742141,1.2741586704195629,ballistic,15.777684892572298,,0.020420731041279432,12.299694634712397,1.793506517651085,3.138718179875934,5.15310675618402,8.962713316283832,0.1771076929479557,0.4272207896465591,0.8638097830821492,0.6283575086504536,0.13398640568484024,0.6023047468819892,21.61070347039182,3.3639401458370055,0.05785294447062325,qp_ode,0.05,100.0,1.1787567089332831e-10,100.00000000000001,188.48033507752348,1.8728352638142547,191.0,5.0,0.999,independent_lognormal,False,0.0,False,0.0,21.647494065243418,0.374741443191274,False,0.0,fixed_device,0,83.8352488853537,118.05332671712425,167.6704977707074,204.94395774055712,107.50854;83.835249;108.17078;117.03402;89.487233;118.05333;86.697402;85.209342;102.47198;92.587643;100.74184;98.930132;99.136065;93.433459;94.419352;116.50486;105.77879,198.80062;167.6705;194.33474;189.94553;178.97447;197.9976;173.3948;170.41868;204.94396;185.17529;198.89142;197.86026;196.57891;186.86692;188.8387;189.8481;183.62519,4.9457111;5.0272209;5.0049862;5.0861229;5.0349499;4.97517;4.9890876;5.0206058;4.8965438;5.0073491;4.9351045;5.0695225;5.0068295;5.0800369;4.971503;4.9932767;4.9559796,2.147709121658181e-09,83.3299789428711,1.0743602535390195e-10,42980.199123443395,1.0,0.20933821053393162,True,,,0,9428020304595223911,1cebbe2c85286d125a19176074641cec80e768fcc76265a176a2887e861b48e2:1699,123,1255792883782017614,3eabdfa943524b1077c76342cd49dd883c1d02e6abf0a6e9273162f3d53c340b,0.0
1700,0,-3.706307904437244,0.3131066107071052,outside,elliptical,2.313952183850213,1.0716432047062887,6.754423510715842,1.0004539626036402,174.15640349590745,1,,,,False,0.11483573327829406,0.4948907389832651,False,0.20852994336825656,1.867161843508613,1.0765253411018874,2.9712738520953694,diffusive,,14.84565512585642,0.07753736587591051,16.38405715435555,1.716342458610252,3.790615837982706,6.292681162251144,5.068153692319059,0.47673618320678846,0.14163313125577065,0.9601872660764785,0.38881664021985424,0.48585110308749335,0.5687258977826856,26.74333908867244,3.364995138263203,0.06340395315674247,qp_ode,0.05,100.0,8.716151199750547e-10,100.00000000000001,188.48033507752348,1.530948132471764,191.0,5.0,0.999,independent_lognormal,False,0.0,False,0.0,26.516775414505272,0.055249738930233355,False,0.0,fixed_device,0,83.8352488853537,118.05332671712425,167.6704977707074,204.94395774055712,107.50854;83.835249;108.17078;117.03402;89.487233;118.05333;86.697402;85.209342;102.47198;92.587643;100.74184;98.930132;99.136065;93.433459;94.419352;116.50486;105.77879,198.80062;167.6705;194.33474;189.94553;178.97447;197.9976;173.3948;170.41868;204.94396;185.17529;198.89142;197.86026;196.57891;186.86692;188.8387;189.8481;183.62519,4.9457111;5.0272209;5.0049862;5.0861229;5.0349499;4.97517;4.9890876;5.0206058;4.8965438;5.0073491;4.9351045;5.0695225;5.0068295;5.0800369;4.971503;4.9932767;4.9559796,1.498526280840906e-08,80.98843383789062,7.492996778601935e-10,42980.199123443395,1.0,0.21055592353935704,True,,,0,9567171434648209804,1cebbe2c85286d125a19176074641cec80e768fcc76265a176a2887e861b48e2:1700,123,6524422929257350804,3eabdfa943524b1077c76342cd49dd883c1d02e6abf0a6e9273162f3d53c340b,0.0
1701,0,3.54605776413458,0.20827797705221585,outside,elliptical,2.110303382280123,1.408537081564933,2.152774674040751,1.0796744471160555,48.25588863712173,1,,,,False,0.27144100115364744,0.14780647160790172,False,0.19664475458248903,3.77558604240056,1.0820296458551644,2.798948201782033,diffusive,,16.252797239905533,0.09385066344393321,22.409095830745702,1.591499877189257,3.5983410914924514,5.458027075278776,9.482591745645362,0.2850283577092899,0.14381809048867367,0.8353826382615387,0.32563799644938574,0.08874484726524523,0.7536025875486483,23.23619354186573,3.309569145384516,0.03280773951164962,qp_ode,0.05,100.0,9.42717546124663e-09,100.00000000000001,188.48033507752348,1.8021559443643604,191.0,5.0,0.999,independent_lognormal,False,0.0,False,0.0,11.005661379640033,0.2257059806006026,False,0.0,fixed_device,0,83.8352488853537,118.05332671712425,167.6704977707074,204.94395774055712,107.50854;83.835249;108.17078;117.03402;89.487233;118.05333;86.697402;85.209342;102.47198;92.587643;100.74184;98.930132;99.136065;93.433459;94.419352;116.50486;105.77879,198.80062;167.6705;194.33474;189.94553;178.97447;197.9976;173.3948;170.41868;204.94396;185.17529;198.89142;197.86026;196.57891;186.86692;188.8387;189.8481;183.62519,4.9457111;5.0272209;5.0049862;5.0861229;5.0349499;4.97517;4.9890876;5.0206058;4.8965438;5.0073491;4.9351045;5.0695225;5.0068295;5.0800369;4.971503;4.9932767;4.9559796,2.316435967486541e-07,50.99065399169922,1.1594154081251418e-08,42980.199123443395,1.0,0.20254232926136692,True,,,1,13582245258339029860,1cebbe2c85286d125a19176074641cec80e768fcc76265a176a2887e861b48e2:1701,123,1922660001454506191,3eabdfa943524b1077c76342cd49dd883c1d02e6abf0a6e9273162f3d53c340b,0.0
1702,0,2.248296840398127,-3.5429473559735625,outside,circular,2.2983488037365354,1.2376913045938998,3.2835359519749536,1.0,134.12896268978665,1,,,,False,0.15844133080739087,0.8978807415214712,False,0.39998410668854223,3.1127774760728273,0.7715141675707043,2.201274779267569,ballistic,24.999051656697606,,0.04934415407994781,21.69691710161045,1.0355662212079397,3.142074991673069,5.733047004889315,5.182310429673245,0.327198981068712,0.23919323025600497,0.9884355698169607,0.4482277031304916,0.45603093338354966,0.5025663649798809,28.235455207409515,3.058391444552485,0.04643376903987208,qp_ode,0.05,100.0,5.086843230223221e-10,100.00000000000001,188.48033507752348,0.8179109797921664,191.0,5.0,0.999,independent_lognormal,False,0.0,False,0.0,13.801164590862541,0.17476825773373234,False,0.0,fixed_device,0,83.8352488853537,118.05332671712425,167.6704977707074,204.94395774055712,107.50854;83.835249;108.17078;117.03402;89.487233;118.05333;86.697402;85.209342;102.47198;92.587643;100.74184;98.930132;99.136065;93.433459;94.419352;116.50486;105.77879,198.80062;167.6705;194.33474;189.94553;178.97447;197.9976;173.3948;170.41868;204.94396;185.17529;198.89142;197.86026;196.57891;186.86692;188.8387;189.8481;183.62519,4.9457111;5.0272209;5.0049862;5.0861229;5.0349499;4.97517;4.9890876;5.0206058;4.8965438;5.0073491;4.9351045;5.0695225;5.0068295;5.0800369;4.971503;4.9932767;4.9559796,1.1532043764361788e-08,82.0877685546875,5.792530344272961e-10,42980.199123443395,1.0,0.1883563313513054,True,,,0,18092415029539023084,1cebbe2c85286d125a19176074641cec80e768fcc76265a176a2887e861b48e2:1702,123,2610404186986842156,3eabdfa943524b1077c76342cd49dd883c1d02e6abf0a6e9273162f3d53c340b,0.0
1703,0,-0.9476067212880119,-0.01814116692683143,inside,elliptical,1.960201973151638,0.8495516909482429,5.208951769336739,1.3411110776587765,159.17435976156128,1,,,,False,0.3551912964950008,0.8934123771040646,False,0.20409202968491313,2.2817249430847664,0.9665242514990822,2.345161911468785,ballistic,16.056595535699913,,0.027099265329403203,45.589152405783096,1.7461892819743894,2.641077677918302,5.724626476275128,5.266255381134755,0.31377803861183173,0.24186250603151802,0.8543987554627466,0.2833903451994937,0.11141955396831957,1.1370925123004385,32.15359373891783,3.0447714534760517,0.03170589146366248,qp_ode,0.05,100.0,2.990416075591568e-08,100.00000000000001,188.48033507752348,1.3196862839386334,191.0,5.0,0.999,independent_lognormal,False,0.0,False,0.0,6.3975641942724195,0.12108643519327196,False,0.0,fixed_device,0,83.8352488853537,118.05332671712425,167.6704977707074,204.94395774055712,107.50854;83.835249;108.17078;117.03402;89.487233;118.05333;86.697402;85.209342;102.47198;92.587643;100.74184;98.930132;99.136065;93.433459;94.419352;116.50486;105.77879,198.80062;167.6705;194.33474;189.94553;178.97447;197.9976;173.3948;170.41868;204.94396;185.17529;198.89142;197.86026;196.57891;186.86692;188.8387;189.8481;183.62519,4.9457111;5.0272209;5.0049862;5.0861229;5.0349499;4.97517;4.9890876;5.0206058;4.8965438;5.0073491;4.9351045;5.0695225;5.0068295;5.0800369;4.971503;4.9932767;4.9559796,7.539568969150423e-07,23.059133529663086,3.7769879668303474e-08,42980.199123443395,1.0,0.20300480582793554,True,,,2,9181030249255211775,1cebbe2c85286d125a19176074641cec80e768fcc76265a176a2887e861b48e2:1703,123,2678896921318389827,3eabdfa943524b1077c76342cd49dd883c1d02e6abf0a6e9273162f3d53c340b,0.12399471507352941
1704,0,3.0,0.09456212167408218,edge,circular,1.9861229581993394,1.3331323858086557,8.294392538270577,1.0,143.34424120775043,1,,,,False,0.18938000028742774,0.36267882358087267,False,0.32541977264124156,3.0869045821727106,0.8012381279635301,2.6808836873241564,diffusive,,5.896675298570231,0.09517110874056549,74.86351031563031,0.5045588845270116,3.6948885515948957,3.9164470949281767,6.285586243454391,0.21402622900424195,0.4346900978748863,0.8677964325031078,0.2385144307801891,0.2186743239463615,1.0113996339216955,22.150696302563738,3.1221575173967486,0.032076330008279454,qp_ode,0.05,100.0,2.7723800173323693e-10,100.00000000000001,188.48033507752348,1.0860268027883142,191.0,5.0,0.999,independent_lognormal,False,0.0,False,0.0,14.429656821908093,0.08307666539600309,False,0.0,fixed_device,0,83.8352488853537,118.05332671712425,167.6704977707074,204.94395774055712,107.50854;83.835249;108.17078;117.03402;89.487233;118.05333;86.697402;85.209342;102.47198;92.587643;100.74184;98.930132;99.136065;93.433459;94.419352;116.50486;105.77879,198.80062;167.6705;194.33474;189.94553;178.97447;197.9976;173.3948;170.41868;204.94396;185.17529;198.89142;197.86026;196.57891;186.86692;188.8387;189.8481;183.62519,4.9457111;5.0272209;5.0049862;5.0861229;5.0349499;4.97517;4.9890876;5.0206058;4.8965438;5.0073491;4.9351045;5.0695225;5.0068295;5.0800369;4.971503;4.9932767;4.9559796,4.927932284459757e-09,83.83525085449219,2.465484483238356e-10,42980.199123443395,1.0,0.18956374323632547,True,,,0,14509872332255476819,1cebbe2c85286d125a19176074641cec80e768fcc76265a176a2887e861b48e2:1704,123,6277425290604607956,3eabdfa943524b1077c76342cd49dd883c1d02e6abf0a6e9273162f3d53c340b,0.0
1705,0,-2.1069529123099553,-0.3473633798292899,inside,elliptical,2.1879653575958082,0.9654202472001179,5.240112843703153,1.5490646304661102,119.64093546012,1,,,,False,0.1136623842946741,0.4698463267332469,False,0.3734876250209116,1.6660032279872108,1.1248266551015877,1.7141678151695237,ballistic,39.23817806791131,,0.0370867010446302,77.76392341562484,1.7998470447233883,2.856773914421207,6.300499701512704,9.71452840363096,0.5432050646967986,0.46425536537888257,0.9646936089620419,0.6197497120202176,0.1870215701597302,0.9844107756450086,32.96803299666626,3.0314945985853363,0.03050727096169612,qp_ode,0.05,100.0,3.726576783324543e-10,100.00000000000001,188.48033507752348,0.33702515196843263,191.0,5.0,0.999,independent_lognormal,False,0.0,False,0.0,17.77946354534011,0.052780049218057394,False,0.0,fixed_device,0,83.8352488853537,118.05332671712425,167.6704977707074,204.94395774055712,107.50854;83.835249;108.17078;117.03402;89.487233;118.05333;86.697402;85.209342;102.47198;92.587643;100.74184;98.930132;99.136065;93.433459;94.419352;116.50486;105.77879,198.80062;167.6705;194.33474;189.94553;178.97447;197.9976;173.3948;170.41868;204.94396;185.17529;198.89142;197.86026;196.57891;186.86692;188.8387;189.8481;183.62519,4.9457111;5.0272209;5.0049862;5.0861229;5.0349499;4.97517;4.9890876;5.0206058;4.8965438;5.0073491;4.9351045;5.0695225;5.0068295;5.0800369;4.971503;4.9932767;4.9559796,7.639728849540006e-09,82.65060424804688,3.820244121044425e-10,42980.199123443395,1.0,0.18381288941217025,True,,,0,11491678541188848197,1cebbe2c85286d125a19176074641cec80e768fcc76265a176a2887e861b48e2:1705,123,4299542699751693129,3eabdfa943524b1077c76342cd49dd883c1d02e6abf0a6e9273162f3d53c340b,0.0
1706,0,-1.1136892616422869,-2.318416304936693,inside,elliptical,2.183724095787493,0.961812797981488,4.717548505543845,2.499509068243507,113.28059037646005,1,,,,False,0.39188157763393594,0.016723685599692728,False,0.30451405819272814,3.5930035334102284,0.7806885808857009,2.0014218345290393,diffusive,,9.964912815735891,0.10225168551030284,63.063566088041725,0.5080807762874864,3.6671500928987006,5.491288732647236,9.151530439849052,0.33545178753198013,0.312406771520273,0.9798493518043072,0.5310974721777048,0.33817111242545556,0.8937139030209693,27.200156788449945,2.865525901685458,0.02625487229901255,qp_ode,0.05,100.0,5.660236472237057e-09,100.00000000000001,188.48033507752348,0.8159855871335111,191.0,5.0,0.999,independent_lognormal,False,0.0,False,0.0,10.365930837791952,0.2135394575667552,False,0.0,fixed_device,0,83.8352488853537,118.05332671712425,167.6704977707074,204.94395774055712,107.50854;83.835249;108.17078;117.03402;89.487233;118.05333;86.697402;85.209342;102.47198;92.587643;100.74184;98.930132;99.136065;93.433459;94.419352;116.50486;105.77879,198.80062;167.6705;194.33474;189.94553;178.97447;197.9976;173.3948;170.41868;204.94396;185.17529;198.89142;197.86026;196.57891;186.86692;188.8387;189.8481;183.62519,4.9457111;5.0272209;5.0049862;5.0861229;5.0349499;4.97517;4.9890876;5.0206058;4.8965438;5.0073491;4.9351045;5.0695225;5.0068295;5.0800369;4.971503;4.9932767;4.9559796,1.1271098543375047e-07,60.010921478271484,5.644222866862947e-09,42980.199123443395,1.0,0.1735557112403419,True,,,1,16663085849132131095,1cebbe2c85286d125a19176074641cec80e768fcc76265a176a2887e861b48e2:1706,123,3637878717240373980,3eabdfa943524b1077c76342cd49dd883c1d02e6abf0a6e9273162f3d53c340b,0.0
1707,0,-1.6426077957869443,-1.9497871220023415,inside,circular,2.3830234839065865,1.0008851415553621,9.036812203887973,1.0,39.40638748914727,1,,,,False,0.24817572384947445,0.6970114740654259,False,0.16914152062609933,2.116939486603045,0.9582636873324442,2.9878678186950793,ballistic,21.084217245484208,,0.0760258591764434,4.968302203963937,0.40120190058341143,3.3890542311499012,5.313036552043717,8.574852912092467,0.5375739963776314,0.2713251182502903,0.9462923958364763,0.03292105008311683,0.2747431532300207,1.1922631398436137,26.59380728373684,3.0243393558222893,0.04830845139418206,qp_ode,0.05,100.0,1.5374121280736803e-08,100.00000000000001,188.48033507752348,1.3536624311890273,191.0,5.0,0.999,independent_lognormal,False,0.0,False,0.0,9.557974491765416,0.5720326819125237,False,0.0,fixed_device,0,83.8352488853537,118.05332671712425,167.6704977707074,204.94395774055712,107.50854;83.835249;108.17078;117.03402;89.487233;118.05333;86.697402;85.209342;102.47198;92.587643;100.74184;98.930132;99.136065;93.433459;94.419352;116.50486;105.77879,198.80062;167.6705;194.33474;189.94553;178.97447;197.9976;173.3948;170.41868;204.94396;185.17529;198.89142;197.86026;196.57891;186.86692;188.8387;189.8481;183.62519,4.9457111;5.0272209;5.0049862;5.0861229;5.0349499;4.97517;4.9890876;5.0206058;4.8965438;5.0073491;4.9351045;5.0695225;5.0068295;5.0800369;4.971503;4.9932767;4.9559796,2.393831266545021e-07,45.74126434326172,1.1975823888121795e-08,42980.199123443395,1.0,0.1865914623937869,True,,,2,3644059493194853934,1cebbe2c85286d125a19176074641cec80e768fcc76265a176a2887e861b48e2:1707,123,8689524710438485203,3eabdfa943524b1077c76342cd49dd883c1d02e6abf0a6e9273162f3d53c340b,0.0
1708,0,0.9101274213748329,-3.0,edge,circular,1.7322754668687794,1.4639038083378386,8.704530715347206,1.0,73.06203536667311,1,,,,False,0.104695046544672,0.7511015704641996,False,0.3767932555420518,2.420967759890672,1.1438415890987998,2.5236862605074926,diffusive,,18.15641148132006,0.07047506486249981,9.697822183091267,1.3278500535271105,3.561587817733238,3.8156543984972533,7.804159054494555,0.5594434727958093,0.342965897570829,0.894619716645807,0.05758303679618307,0.11192262105844453,1.0264445138675855,33.8173858307315,3.3170796519095207,0.029882995471848153,qp_ode,0.05,100.0,6.3887088424221355e-09,100.00000000000001,188.48033507752348,1.914357569651615,191.0,5.0,0.999,independent_lognormal,False,0.0,False,0.0,8.128067347518998,0.22989046458509915,False,0.0,fixed_device,0,83.8352488853537,118.05332671712425,167.6704977707074,204.94395774055712,107.50854;83.835249;108.17078;117.03402;89.487233;118.05333;86.697402;85.209342;102.47198;92.587643;100.74184;98.930132;99.136065;93.433459;94.419352;116.50486;105.77879,198.80062;167.6705;194.33474;189.94553;178.97447;197.9976;173.3948;170.41868;204.94396;185.17529;198.89142;197.86026;196.57891;186.86692;188.8387;189.8481;183.62519,4.9457111;5.0272209;5.0049862;5.0861229;5.0349499;4.97517;4.9890876;5.0206058;4.8965438;5.0073491;4.9351045;5.0695225;5.0068295;5.0800369;4.971503;4.9932767;4.9559796,1.5333671399275772e-07,59.21037292480469,7.67055041706044e-09,42980.199123443395,1.0,0.2023951494420129,True,,,1,15202449108375633478,1cebbe2c85286d125a19176074641cec80e768fcc76265a176a2887e861b48e2:1708,123,8507796072117379439,3eabdfa943524b1077c76342cd49dd883c1d02e6abf0a6e9273162f3d53c340b,0.0
1709,0,2.3634948488505616,3.723188837302521,outside,elliptical,1.9919471880659119,1.1531722965791338,7.54892634369035,2.1670430503062694,134.39611509565128,1,,,,False,0.30920897767790256,0.857366871449557,False,0.22714593558020582,1.8613171177621057,0.6371966564315457,2.233833663258588,diffusive,,15.980134562962542,0.10891596373626551,3.290018780547932,1.4400963409079437,2.923351003233775,4.614798849758305,8.74599346873515,0.5126620461125454,0.4047657387121296,0.884273406296688,0.024062272375784313,0.0819665047835238,0.5763891640844926,28.92639682900288,2.880592414753702,0.01627118492964314,qp_ode,0.05,100.0,1.7124591176452955e-07,100.00000000000001,188.48033507752348,0.43365873777197306,191.0,5.0,0.999,independent_lognormal,False,0.0,False,0.0,23.925280253130754,0.48689031293271384,False,0.0,fixed_device,0,83.8352488853537,118.05332671712425,167.6704977707074,204.94395774055712,107.50854;83.835249;108.17078;117.03402;89.487233;118.05333;86.697402;85.209342;102.47198;92.587643;100.74184;98.930132;99.136065;93.433459;94.419352;116.50486;105.77879,198.80062;167.6705;194.33474;189.94553;178.97447;197.9976;173.3948;170.41868;204.94396;185.17529;198.89142;197.86026;196.57891;186.86692;188.8387;189.8481;183.62519,4.9457111;5.0272209;5.0049862;5.0861229;5.0349499;4.97517;4.9890876;5.0206058;4.8965438;5.0073491;4.9351045;5.0695225;5.0068295;5.0800369;4.971503;4.9932767;4.9559796,2.9538507533288794e-06,7.360937595367432,1.4871486087031371e-07,42980.199123443395,1.0,0.17749088693426862,True,,,2,5907439990305714421,1cebbe2c85286d125a19176074641cec80e768fcc76265a176a2887e861b48e2:1709,123,3460096620086672254,3eabdfa943524b1077c76342cd49dd883c1d02e6abf0a6e9273162f3d53c340b,0.10388901654411764
1710,0,-3.5499744960311554,1.6277672658830866,outside,circular,2.423829031560926,1.3933194841931822,8.174093008263554,1.0,101.60969357956186,1,,,,False,0.35895046076813864,0.0038314286802119124,False,0.298140606511054,2.525369517814929,1.0363141916815664,1.5624173198423383,ballistic,35.943404122066354,,0.028284063647733608,20.554817347968743,1.8120644589940986,3.126911619513564,4.024967743940731,8.737250731361254,0.3455673044907064,0.2231209300578328,0.934078032198716,0.5464406275090479,0.28833601993517355,1.163202043389273,25.567333674095195,3.054621039947278,0.0023573161312171464,qp_ode,0.05,100.0,6.265866289080476e-08,100.00000000000001,188.48033507752348,1.5735021269697238,191.0,5.0,0.999,independent_lognormal,False,0.0,False,0.0,5.59297897505678,0.27159372747466115,False,0.0,fixed_device,0,83.8352488853537,118.05332671712425,167.6704977707074,204.94395774055712,107.50854;83.835249;108.17078;117.03402;89.487233;118.05333;86.697402;85.209342;102.47198;92.587643;100.74184;98.930132;99.136065;93.433459;94.419352;116.50486;105.77879,198.80062;167.6705;194.33474;189.94553;178.97447;197.9976;173.3948;170.41868;204.94396;185.17529;198.89142;197.86026;196.57891;186.86692;188.8387;189.8481;183.62519,4.9457111;5.0272209;5.0049862;5.0861229;5.0349499;4.97517;4.9890876;5.0206058;4.8965438;5.0073491;4.9351045;5.0695225;5.0068295;5.0800369;4.971503;4.9932767;4.9559796,7.940553246044146e-07,22.694414138793945,3.981488205795358e-08,42980.199123443395,1.0,0.20000349041419674,True,,,2,5822186146743696217,1cebbe2c85286d125a19176074641cec80e768fcc76265a176a2887e861b48e2:1710,123,3907699638028186659,3eabdfa943524b1077c76342cd49dd883c1d02e6abf0a6e9273162f3d53c340b,0.19232536764705882
1711,0,-2.533293167368666,1.6270362143947352,inside,circular,2.0367255848336154,1.1402369700830537,7.507561602836799,1.0,98.30413381790538,1,,,,False,0.07239044546123377,0.4017686150020786,False,0.3801686450119006,1.5831496685087583,0.5315366145890763,2.921366220974363,diffusive,,6.1096124800233085,0.03791681142218349,66.36588845754827,1.47364269856125,2.543217086683713,3.938505962696893,8.68523513788277,0.20917675830748284,0.45542857462150454,0.8754336732000148,0.17786463765579905,0.4979205312519639,0.8983639918009616,30.193906863809143,2.8776183238513577,0.05890255856279922,qp_ode,0.05,100.0,1.8991537209360385e-10,100.00000000000001,188.48033507752348,1.6152820387924751,191.0,5.0,0.999,independent_lognormal,False,0.0,False,0.0,13.692297852835996,0.17393616161193967,False,0.0,fixed_device,0,83.8352488853537,118.05332671712425,167.6704977707074,204.94395774055712,107.50854;83.835249;108.17078;117.03402;89.487233;118.05333;86.697402;85.209342;102.47198;92.587643;100.74184;98.930132;99.136065;93.433459;94.419352;116.50486;105.77879,198.80062;167.6705;194.33474;189.94553;178.97447;197.9976;173.3948;170.41868;204.94396;185.17529;198.89142;197.86026;196.57891;186.86692;188.8387;189.8481;183.62519,4.9457111;5.0272209;5.0049862;5.0861229;5.0349499;4.97517;4.9890876;5.0206058;4.8965438;5.0073491;4.9351045;5.0695225;5.0068295;5.0800369;4.971503;4.9932767;4.9559796,3.200715248397046e-09,83.83525085449219,1.6050270834622182e-10,42980.199123443395,1.0,0.17925553340789982,True,,,0,3732706581891124057,1cebbe2c85286d125a19176074641cec80e768fcc76265a176a2887e861b48e2:1711,123,6263755622866127075,3eabdfa943524b1077c76342cd49dd883c1d02e6abf0a6e9273162f3d53c340b,0.0
1712,0,-2.242460774626027,-3.549575746456277,outside,elliptical,1.9016820077855248,1.3628759750792878,6.362919306596335,1.0100214105214222,11.830532267490765,1,,,,False,0.2671129639767147,0.4894677042652543,False,0.2872132882358729,3.1736287886525973,0.8113145956562271,1.2175730694802678,ballistic,29.7852062250126,,0.07653807764768558,18.159125410723227,1.6348753078130929,2.4923465455826648,4.525105450605979,8.748587391535576,0.15022015994558172,0.2592605583979624,0.9509018591436474,0.40923853030454754,0.1786308435207145,1.1851575780690289,33.078164750847066,3.13528492668274,0.043785126347321006,qp_ode,0.05,100.0,1.2494533355109082e-09,100.00000000000001,188.48033507752348,1.5590953710408078,191.0,5.0,0.999,independent_lognormal,False,0.0,False,0.0,6.495471173556901,0.2634845080092146,False,0.0,fixed_device,0,83.8352488853537,118.05332671712425,167.6704977707074,204.94395774055712,107.50854;83.835249;108.17078;117.03402;89.487233;118.05333;86.697402;85.209342;102.47198;92.587643;100.74184;98.930132;99.136065;93.433459;94.419352;116.50486;105.77879,198.80062;167.6705;194.33474;189.94553;178.97447;197.9976;173.3948;170.41868;204.94396;185.17529;198.89142;197.86026;196.57891;186.86692;188.8387;189.8481;183.62519,4.9457111;5.0272209;5.0049862;5.0861229;5.0349499;4.97517;4.9890876;5.0206058;4.8965438;5.0073491;4.9351045;5.0695225;5.0068295;5.0800369;4.971503;4.9932767;4.9559796,2.4253806074625572e-08,78.34895324707031,1.2128752446827207e-09,42980.199123443395,1.0,0.19280198427550677,True,,,1,16161427819445587294,1cebbe2c85286d125a19176074641cec80e768fcc76265a176a2887e861b48e2:1712,123,8172670051641149697,3eabdfa943524b1077c76342cd49dd883c1d02e6abf0a6e9273162f3d53c340b,0.0
1713,0,-3.0,2.4020146919706757,edge,elliptical,1.7840732234409657,0.8666665347762385,6.954260913464327,2.035126563526034,168.03474115512083,1,,,,False,0.2003525177919449,0.4300835317326267,False,0.1621973938638332,3.159917042392615,0.5032259293125404,2.9747655075517936,diffusive,,18.52374361901678,0.03780936767048942,17.830763004278857,1.2240205596561085,3.26139190125297,4.719610212166286,6.049037054117505,0.5093615791996532,0.3938148985892337,0.9306284734308312,0.5446011709568601,0.18666270734589238,0.8658017808119516,21.12357956051644,3.017351488116933,0.07533693672630878,qp_ode,0.05,100.0,4.1239780325887656e-10,100.00000000000001,188.48033507752348,1.3165948973819674,191.0,5.0,0.999,independent_lognormal,False,0.0,False,0.0,21.63721778809455,0.22601212814735855,False,0.0,fixed_device,0,83.8352488853537,118.05332671712425,167.6704977707074,204.94395774055712,107.50854;83.835249;108.17078;117.03402;89.487233;118.05333;86.697402;85.209342;102.47198;92.587643;100.74184;98.930132;99.136065;93.433459;94.419352;116.50486;105.77879,198.80062;167.6705;194.33474;189.94553;178.97447;197.9976;173.3948;170.41868;204.94396;185.17529;198.89142;197.86026;196.57891;186.86692;188.8387;189.8481;183.62519,4.9457111;5.0272209;5.0049862;5.0861229;5.0349499;4.97517;4.9890876;5.0206058;4.8965438;5.0073491;4.9351045;5.0695225;5.0068295;5.0800369;4.971503;4.9932767;4.9559796,6.098931581988154e-09,83.83525085449219,3.0527708139160836e-10,42980.199123443395,1.0,0.19089139913348616,True,,,0,3287451892706372908,1cebbe2c85286d125a19176074641cec80e768fcc76265a176a2887e861b48e2:1713,123,6869008342469226394,3eabdfa943524b1077c76342cd49dd883c1d02e6abf0a6e9273162f3d53c340b,0.0
1714,0,-3.0,-2.0439445903652222,edge,elliptical,2.2981994615384025,0.9081409502570834,9.36964914905583,1.7001984567567,22.743905489237385,1,,,,False,0.23316703799073113,0.07169418027044627,False,0.17004828985596793,2.1576426847021404,0.6477519225047368,1.763580362126242,ballistic,39.913707284376926,,0.08993724150840131,73.21868463533286,1.2528685785479619,2.880338809910646,5.790715165795294,9.387440288648001,0.5652848116054594,0.19164969404457477,0.9020959597502972,0.35606565753963654,0.15810418345008664,1.1574142580862363,28.501586522743764,2.9746841144476175,0.048013442718877,qp_ode,0.05,100.0,1.540324387166983e-08,100.00000000000001,188.48033507752348,1.4392572535420942,191.0,5.0,0.999,independent_lognormal,False,0.0,False,0.0,28.06811826031149,0.10232602625095555,False,0.0,fixed_device,0,83.8352488853537,118.05332671712425,167.6704977707074,204.94395774055712,107.50854;83.835249;108.17078;117.03402;89.487233;118.05333;86.697402;85.209342;102.47198;92.587643;100.74184;98.930132;99.136065;93.433459;94.419352;116.50486;105.77879,198.80062;167.6705;194.33474;189.94553;178.97447;197.9976;173.3948;170.41868;204.94396;185.17529;198.89142;197.86026;196.57891;186.86692;188.8387;189.8481;183.62519,4.9457111;5.0272209;5.0049862;5.0861229;5.0349499;4.97517;4.9890876;5.0206058;4.8965438;5.0073491;4.9351045;5.0695225;5.0068295;5.0800369;4.971503;4.9932767;4.9559796,3.2151743312169856e-07,41.62272644042969,1.6090405452473533e-08,42980.199123443395,1.0,0.1904650967436916,True,,,2,13840263966452295973,1cebbe2c85286d125a19176074641cec80e768fcc76265a176a2887e861b48e2:1714,123,6392694294296632965,3eabdfa943524b1077c76342cd49dd883c1d02e6abf0a6e9273162f3d53c340b,0.0
1715,0,-1.8981113255200692,1.1615986161545786,inside,elliptical,2.0889126601645036,1.6246260871730218,3.8764458097742027,2.061559141972096,110.53421688054941,1,,,,False,0.3492984175070964,0.12307519579501425,False,0.3064499191528577,1.5365570141573817,0.7395114586633873,2.8049862910784555,ballistic,24.16507128311561,,0.108973839691287,20.364768201081837,1.9974052332148942,3.263215338467222,4.409737213893569,6.926011524004568,0.16474008254341038,0.25233706913216414,0.8900322358447442,0.12372681057267006,0.3450897194183749,0.666165942199597,27.910905704934443,3.2226951487222015,0.06766325946665527,qp_ode,0.05,100.0,1.276337604841818e-09,100.00000000000001,188.48033507752348,0.6286202547303417,191.0,5.0,0.999,independent_lognormal,False,0.0,False,0.0,32.5905721799323,0.4271657892794884,False,0.0,fixed_device,0,83.8352488853537,118.05332671712425,167.6704977707074,204.94395774055712,107.50854;83.835249;108.17078;117.03402;89.487233;118.05333;86.697402;85.209342;102.47198;92.587643;100.74184;98.930132;99.136065;93.433459;94.419352;116.50486;105.77879,198.80062;167.6705;194.33474;189.94553;178.97447;197.9976;173.3948;170.41868;204.94396;185.17529;198.89142;197.86026;196.57891;186.86692;188.8387;189.8481;183.62519,4.9457111;5.0272209;5.0049862;5.0861229;5.0349499;4.97517;4.9890876;5.0206058;4.8965438;5.0073491;4.9351045;5.0695225;5.0068295;5.0800369;4.971503;4.9932767;4.9559796,2.283344180398217e-08,80.10214233398438,1.1457698123606974e-09,42980.199123443395,1.0,0.20242846040082305,True,,,1,6219302941978128196,1cebbe2c85286d125a19176074641cec80e768fcc76265a176a2887e861b48e2:1715,123,1033079376946310290,3eabdfa943524b1077c76342cd49dd883c1d02e6abf0a6e9273162f3d53c340b,0.0
1716,0,-3.340296993688032,0.6157101065286348,outside,circular,2.0719730829349063,1.2720065376659948,7.699711624092381,1.0,41.12803607312982,1,,,,False,0.22478859406869378,0.8677623495689228,False,0.27296580812993754,3.766473882501199,0.5496008159900698,2.37260591360526,diffusive,,11.56943084702123,0.0292450134755943,5.962382932518002,1.124995044874486,3.352405811080681,5.710998566978677,9.833431515087003,0.40691946877204976,0.40279213553981696,0.8805491797854454,0.24663530971325454,0.23929119117627745,0.599465042689752,30.15254986064903,3.1345632656296143,0.06483401793731235,qp_ode,0.05,100.0,5.517181893419697e-10,100.00000000000001,188.48033507752348,1.7553237376250668,191.0,5.0,0.999,independent_lognormal,False,0.0,False,0.0,9.098689209787976,0.08800044526521525,False,0.0,fixed_device,0,83.8352488853537,118.05332671712425,167.6704977707074,204.94395774055712,107.50854;83.835249;108.17078;117.03402;89.487233;118.05333;86.697402;85.209342;102.47198;92.587643;100.74184;98.930132;99.136065;93.433459;94.419352;116.50486;105.77879,198.80062;167.6705;194.33474;189.94553;178.97447;197.9976;173.3948;170.41868;204.94396;185.17529;198.89142;197.86026;196.57891;186.86692;188.8387;189.8481;183.62519,4.9457111;5.0272209;5.0049862;5.0861229;5.0349499;4.97517;4.9890876;5.0206058;4.8965438;5.0073491;4.9351045;5.0695225;5.0068295;5.0800369;4.971503;4.9932767;4.9559796,8.937546702725285e-09,82.67752838134766,4.475477488607993e-10,42980.199123443395,1.0,0.19641978140641989,True,,,0,14115282936347220418,1cebbe2c85286d125a19176074641cec80e768fcc76265a176a2887e861b48e2:1716,123,3819218875824510334,3eabdfa943524b1077c76342cd49dd883c1d02e6abf0a6e9273162f3d53c340b,0.0
1717,0,3.31795178879622,2.6621494786113713,outside,circular,2.28445447299956,1.2593884545430942,6.623016834246671,1.0,115.78375330592307,1,,,,False,0.2268351899114706,0.09739118635573873,False,0.1086228759877887,3.7469502049703474,1.1027638595373217,1.8227492465119441,ballistic,39.40039317065361,,0.10522200995681934,49.3968063762421,1.0650425303086133,3.2484479314991095,4.226619442707339,9.801970968728984,0.36780228722256136,0.3216135583893518,0.8295916285456006,0.7700095526345584,0.472776855309122,0.8907007370589775,25.80723177860794,2.915878965682941,0.009839611467380705,qp_ode,0.05,100.0,8.352067243795035e-09,100.00000000000001,188.48033507752348,0.6331555153284553,191.0,5.0,0.999,independent_lognormal,False,0.0,False,0.0,24.049024940905067,0.4363944455259211,False,0.0,fixed_device,0,83.8352488853537,118.05332671712425,167.6704977707074,204.94395774055712,107.50854;83.835249;108.17078;117.03402;89.487233;118.05333;86.697402;85.209342;102.47198;92.587643;100.74184;98.930132;99.136065;93.433459;94.419352;116.50486;105.77879,198.80062;167.6705;194.33474;189.94553;178.97447;197.9976;173.3948;170.41868;204.94396;185.17529;198.89142;197.86026;196.57891;186.86692;188.8387;189.8481;183.62519,4.9457111;5.0272209;5.0049862;5.0861229;5.0349499;4.97517;4.9890876;5.0206058;4.8965438;5.0073491;4.9351045;5.0695225;5.0068295;5.0800369;4.971503;4.9932767;4.9559796,2.042180256012216e-07,57.62071228027344,1.0224676216807893e-08,42980.199123443395,1.0,0.17366166018389972,True,,,1,270110826594189889,1cebbe2c85286d125a19176074641cec80e768fcc76265a176a2887e861b48e2:1717,123,5694340210633656254,3eabdfa943524b1077c76342cd49dd883c1d02e6abf0a6e9273162f3d53c340b,0.0
1718,0,-0.8294385504855928,3.986648952270004,outside,circular,2.2810661750681662,1.5282184728166128,4.690039778056022,1.0,45.72859362452439,1,,,,False,0.39963912656825307,0.9137323631720802,False,0.210760684125566,3.45484052517362,0.7255114113279789,2.4515170828853634,diffusive,,15.067628161323654,0.07684195490989086,52.41836385129034,1.548263337869984,2.6276527648867827,3.589687737993111,9.424105265182908,0.5748451446199409,0.4860665363534129,0.8992837762650582,0.6456129259740848,0.2622583936568159,0.6142637446904562,32.15447109584935,2.9160898042655754,0.025122925642147482,qp_ode,0.05,100.0,4.709214508019253e-09,100.00000000000001,188.48033507752348,1.3079685884686418,191.0,5.0,0.999,independent_lognormal,False,0.0,False,0.0,9.632388314620433,0.5156274719018246,False,0.0,fixed_device,0,83.8352488853537,118.05332671712425,167.6704977707074,204.94395774055712,107.50854;83.835249;108.17078;117.03402;89.487233;118.05333;86.697402;85.209342;102.47198;92.587643;100.74184;98.930132;99.136065;93.433459;94.419352;116.50486;105.77879,198.80062;167.6705;194.33474;189.94553;178.97447;197.9976;173.3948;170.41868;204.94396;185.17529;198.89142;197.86026;196.57891;186.86692;188.8387;189.8481;183.62519,4.9457111;5.0272209;5.0049862;5.0861229;5.0349499;4.97517;4.9890876;5.0206058;4.8965438;5.0073491;4.9351045;5.0695225;5.0068295;5.0800369;4.971503;4.9932767;4.9559796,7.408423385868446e-08,75.48139953613281,3.7053118351337844e-09,42980.199123443395,1.0,0.1758439255959988,True,,,1,4317810738149950755,1cebbe2c85286d125a19176074641cec80e768fcc76265a176a2887e861b48e2:1718,123,3996509995456623743,3eabdfa943524b1077c76342cd49dd883c1d02e6abf0a6e9273162f3d53c340b,0.0
1719,0,3.3717065146623533,-0.3204550787931577,outside,elliptical,2.046813349880634,1.5897568072353374,3.8540269068948003,1.0838633485612135,5.970264130746257,1,,,,False,0.154682923992132,0.8844763580353067,False,0.2255024775022668,2.70823824626552,0.5081479434240543,2.9949853284990544,ballistic,23.266746887050175,,0.06070175967947071,63.74272945712114,0.7026851708756203,3.0824376094655497,4.545539827780034,6.810372673857004,0.4064405088230848,0.13287352519930573,0.8587652789684552,0.5549539768947237,0.16098993677563878,1.06415846990789,34.24493264385645,3.1227498725588934,0.03479823875723997,qp_ode,0.05,100.0,5.292832425441733e-10,100.00000000000001,188.48033507752348,0.2512613574959913,191.0,5.0,0.999,independent_lognormal,False,0.0,False,0.0,47.373022443064556,0.14327505737961949,False,0.0,fixed_device,0,83.8352488853537,118.05332671712425,167.6704977707074,204.94395774055712,107.50854;83.835249;108.17078;117.03402;89.487233;118.05333;86.697402;85.209342;102.47198;92.587643;100.74184;98.930132;99.136065;93.433459;94.419352;116.50486;105.77879,198.80062;167.6705;194.33474;189.94553;178.97447;197.9976;173.3948;170.41868;204.94396;185.17529;198.89142;197.86026;196.57891;186.86692;188.8387;189.8481;183.62519,4.9457111;5.0272209;5.0049862;5.0861229;5.0349499;4.97517;4.9890876;5.0206058;4.8965438;5.0073491;4.9351045;5.0695225;5.0068295;5.0800369;4.971503;4.9932767;4.9559796,1.5730650559930837e-08,82.42406463623047,7.866620133079039e-10,42980.199123443395,1.0,0.19012143189332417,True,,,0,1611028844195918342,1cebbe2c85286d125a19176074641cec80e768fcc76265a176a2887e861b48e2:1719,123,7495823069158862564,3eabdfa943524b1077c76342cd49dd883c1d02e6abf0a6e9273162f3d53c340b,0.0
1720,0,-3.0,0.460708923976481,edge,circular,2.2104142408590435,1.4913333490588392,4.318008695363482,1.0,145.12332284452282,1,,,,False,0.3268408775600002,0.9724311198599948,False,0.13880345520843004,2.9534177122899568,0.7376506348168443,2.039337569773239,ballistic,33.42533887827642,,0.06693789218207521,19.45204088841009,1.3995114795163233,3.1524115919853117,5.058463795302843,7.35697059093299,0.35225517585055827,0.16340099047175805,0.8823792916919236,0.13149646499685394,0.10755441172626802,0.935567221537971,23.823663328608202,3.2560885313342087,0.055178926661561184,qp_ode,0.05,100.0,1.3630071740336916e-07,100.00000000000001,188.48033507752348,1.1076099714592982,191.0,5.0,0.999,independent_lognormal,False,0.0,False,0.0,11.471175231068406,0.38826045754232447,False,0.0,fixed_device,0,83.8352488853537,118.05332671712425,167.6704977707074,204.94395774055712,107.50854;83.835249;108.17078;117.03402;89.487233;118.05333;86.697402;85.209342;102.47198;92.587643;100.74184;98.930132;99.136065;93.433459;94.419352;116.50486;105.77879,198.80062;167.6705;194.33474;189.94553;178.97447;197.9976;173.3948;170.41868;204.94396;185.17529;198.89142;197.86026;196.57891;186.86692;188.8387;189.8481;183.62519,4.9457111;5.0272209;5.0049862;5.0861229;5.0349499;4.97517;4.9890876;5.0206058;4.8965438;5.0073491;4.9351045;5.0695225;5.0068295;5.0800369;4.971503;4.9932767;4.9559796,2.5416397875233088e-06,8.441905975341797,1.2773737978477584e-07,42980.199123443395,1.0,0.2444886442080673,True,,,2,10419313832346215215,1cebbe2c85286d125a19176074641cec80e768fcc76265a176a2887e861b48e2:1720,123,5580964444783106498,3eabdfa943524b1077c76342cd49dd883c1d02e6abf0a6e9273162f3d53c340b,0.6373506433823529
1721,0,-2.981935452007731,3.0,edge,circular,2.495012794834315,1.180654184254276,5.11352865861386,1.0,176.63030948539495,1,,,,False,0.25233247185258906,0.383193760797802,False,0.21668732583179223,1.579189337154137,1.2412144570544448,2.57760851586985,ballistic,29.044828202247878,,0.07442212069489759,49.44665214192389,1.4071282420703866,3.7472973857520153,5.68471699006537,5.654335827075808,0.21094438918527422,0.18758958623255825,0.8230271670859777,0.2163688145680899,0.39084897961727855,0.7746001327622226,26.036831150816244,3.292179675946058,0.07132360734123909,qp_ode,0.05,100.0,8.078254741935155e-09,100.00000000000001,188.48033507752348,1.814597161374976,191.0,5.0,0.999,independent_lognormal,False,0.0,False,0.0,12.118385225404154,0.17220239287188183,False,0.0,fixed_device,0,83.8352488853537,118.05332671712425,167.6704977707074,204.94395774055712,107.50854;83.835249;108.17078;117.03402;89.487233;118.05333;86.697402;85.209342;102.47198;92.587643;100.74184;98.930132;99.136065;93.433459;94.419352;116.50486;105.77879,198.80062;167.6705;194.33474;189.94553;178.97447;197.9976;173.3948;170.41868;204.94396;185.17529;198.89142;197.86026;196.57891;186.86692;188.8387;189.8481;183.62519,4.9457111;5.0272209;5.0049862;5.0861229;5.0349499;4.97517;4.9890876;5.0206058;4.8965438;5.0073491;4.9351045;5.0695225;5.0068295;5.0800369;4.971503;4.9932767;4.9559796,1.4917195301222819e-07,58.25659942626953,7.48276818285376e-09,42980.199123443395,1.0,0.21022636497958438,True,,,1,6204204731038738510,1cebbe2c85286d125a19176074641cec80e768fcc76265a176a2887e861b48e2:1721,123,9145400016496424609,3eabdfa943524b1077c76342cd49dd883c1d02e6abf0a6e9273162f3d53c340b,0.0
1722,0,-1.6923047199938532,-1.1149963929521267,inside,circular,1.8269108498013786,1.29669363833882,9.755156442331078,1.0,61.6959977139763,1,,,,False,0.22803787991674512,0.8016864701878786,False,0.15578499233954568,3.805332469794844,0.7466266853951241,1.1137216960309726,diffusive,,11.56616478308285,0.07171042996758352,8.120135111757287,0.6782867904329409,2.44178765205569,4.28007829714332,7.882063512304098,0.5835265207134965,0.26167914984767915,0.8498996962513675,0.14092972063591322,0.3423894778898014,1.1463848374616052,21.61797584709155,2.9684957141253854,0.01331692058106219,qp_ode,0.05,100.0,1.3622965889979437e-09,100.00000000000001,188.48033507752348,1.3400180496917617,191.0,5.0,0.999,independent_lognormal,False,0.0,False,0.0,6.119213389893579,0.6274447045564987,False,0.0,fixed_device,0,83.8352488853537,118.05332671712425,167.6704977707074,204.94395774055712,107.50854;83.835249;108.17078;117.03402;89.487233;118.05333;86.697402;85.209342;102.47198;92.587643;100.74184;98.930132;99.136065;93.433459;94.419352;116.50486;105.77879,198.80062;167.6705;194.33474;189.94553;178.97447;197.9976;173.3948;170.41868;204.94396;185.17529;198.89142;197.86026;196.57891;186.86692;188.8387;189.8481;183.62519,4.9457111;5.0272209;5.0049862;5.0861229;5.0349499;4.97517;4.9890876;5.0206058;4.8965438;5.0073491;4.9351045;5.0695225;5.0068295;5.0800369;4.971503;4.9932767;4.9559796,1.8424444192532974e-08,79.81273651123047,9.225464836504216e-10,42980.199123443395,1.0,0.1767986541353798,True,,,1,7637739268450873918,1cebbe2c85286d125a19176074641cec80e768fcc76265a176a2887e861b48e2:1722,123,5844772739591867310,3eabdfa943524b1077c76342cd49dd883c1d02e6abf0a6e9273162f3d53c340b,0.0
1723,0,1.4179115323304874,-3.7384709232223976,outside,circular,1.86401244907444,1.2425241039509087,6.703471585876891,1.0,130.0926948094668,1,,,,False,0.19943558733611683,0.05856769851758892,False,0.27277394179957654,2.280693365721118,0.8192980040324229,2.878747155627794,diffusive,,12.050302967007845,0.09818900828733004,59.709592867274424,1.1731937260752239,2.712543392423401,4.203117534412343,6.797445115577916,0.2635900477458475,0.2936534554008761,0.917152215282053,0.036697777438271295,0.2930649195239839,1.1788093797517871,26.49121573183245,3.176878604427876,0.058998153606417025,qp_ode,0.05,100.0,1.7038227821506352e-07,100.00000000000001,188.48033507752348,0.27871632614337644,191.0,5.0,0.999,independent_lognormal,False,0.0,False,0.0,4.379964871004903,0.4640751654454943,False,0.0,fixed_device,0,83.8352488853537,118.05332671712425,167.6704977707074,204.94395774055712,107.50854;83.835249;108.17078;117.03402;89.487233;118.05333;86.697402;85.209342;102.47198;92.587643;100.74184;98.930132;99.136065;93.433459;94.419352;116.50486;105.77879,198.80062;167.6705;194.33474;189.94553;178.97447;197.9976;173.3948;170.41868;204.94396;185.17529;198.89142;197.86026;196.57891;186.86692;188.8387;189.8481;183.62519,4.9457111;5.0272209;5.0049862;5.0861229;5.0349499;4.97517;4.9890876;5.0206058;4.8965438;5.0073491;4.9351045;5.0695225;5.0068295;5.0800369;4.971503;4.9932767;4.9559796,2.9206109957158333e-06,7.399129867553711,1.469852861646359e-07,42980.199123443395,1.0,0.19791163704762846,True,,,2,14687824620001337646,1cebbe2c85286d125a19176074641cec80e768fcc76265a176a2887e861b48e2:1723,123,7284906342455127508,3eabdfa943524b1077c76342cd49dd883c1d02e6abf0a6e9273162f3d53c340b,0.19272748161764705
1724,0,1.0217722728891214,-1.5366299102503052,inside,circular,1.8240408546105107,0.9772420043632217,9.517638179982306,1.0,88.1531062030191,1,,,,False,0.21399707307787913,0.6974568571365735,False,0.21551288513467406,2.3747628570159085,0.5149880242730158,1.5195144900873379,ballistic,17.541390685079755,,0.039075990102569805,31.4856090924612,1.256823694866519,2.3818860510913864,6.167491347300008,7.163124885704634,0.23450803272627452,0.12113528919298591,0.9934637866209667,0.7095721894324604,0.4974788163756825,0.9448129866906125,33.2971902577902,3.1491332016400104,0.007730767988195853,qp_ode,0.05,100.0,1.3699098506748934e-09,100.00000000000001,188.48033507752348,1.2548341051944147,191.0,5.0,0.999,independent_lognormal,False,0.0,False,0.0,14.0843505409229,0.29306702158595466,False,0.0,fixed_device,0,83.8352488853537,118.05332671712425,167.6704977707074,204.94395774055712,107.50854;83.835249;108.17078;117.03402;89.487233;118.05333;86.697402;85.209342;102.47198;92.587643;100.74184;98.930132;99.136065;93.433459;94.419352;116.50486;105.77879,198.80062;167.6705;194.33474;189.94553;178.97447;197.9976;173.3948;170.41868;204.94396;185.17529;198.89142;197.86026;196.57891;186.86692;188.8387;189.8481;183.62519,4.9457111;5.0272209;5.0049862;5.0861229;5.0349499;4.97517;4.9890876;5.0206058;4.8965438;5.0073491;4.9351045;5.0695225;5.0068295;5.0800369;4.971503;4.9932767;4.9559796,3.53667424235482e-08,74.6756591796875,1.7685370945486056e-09,42980.199123443395,1.0,0.18734443082920374,True,,,1,13843855329987419278,1cebbe2c85286d125a19176074641cec80e768fcc76265a176a2887e861b48e2:1724,123,2791022459144449862,3eabdfa943524b1077c76342cd49dd883c1d02e6abf0a6e9273162f3d53c340b,0.0
1725,0,3.78197358310143,2.502487611962726,outside,elliptical,1.9416077112747705,1.6132973741306218,2.9912221224855324,1.5500794595823657,8.718925897580025,1,,,,False,0.26666598523293045,0.6332786437949582,False,0.14980979269321426,1.8800381836866031,0.5648175154481117,2.1858494934094717,ballistic,36.12496271156102,,0.10876212732981078,59.70500784355743,0.8192059100711715,2.4622199649357244,3.777169000490166,6.640412061557717,0.5034750310510699,0.29372747282603684,0.976402207947722,0.4204098475276159,0.3264821382887126,0.5557053281589168,26.449314335573515,3.22303760281892,0.002972385421787678,qp_ode,0.05,100.0,1.9842956940122337e-07,100.00000000000001,188.48033507752348,0.2788508436720988,191.0,5.0,0.999,independent_lognormal,False,0.0,False,0.0,17.30678218641708,0.20760563253496822,False,0.0,fixed_device,0,83.8352488853537,118.05332671712425,167.6704977707074,204.94395774055712,107.50854;83.835249;108.17078;117.03402;89.487233;118.05333;86.697402;85.209342;102.47198;92.587643;100.74184;98.930132;99.136065;93.433459;94.419352;116.50486;105.77879,198.80062;167.6705;194.33474;189.94553;178.97447;197.9976;173.3948;170.41868;204.94396;185.17529;198.89142;197.86026;196.57891;186.86692;188.8387;189.8481;183.62519,4.9457111;5.0272209;5.0049862;5.0861229;5.0349499;4.97517;4.9890876;5.0206058;4.8965438;5.0073491;4.9351045;5.0695225;5.0068295;5.0800369;4.971503;4.9932767;4.9559796,2.8619408567465143e-06,7.60404634475708,1.4391953584436123e-07,42980.199123443395,1.0,0.19988114944907587,True,,,2,18128460408467481887,1cebbe2c85286d125a19176074641cec80e768fcc76265a176a2887e861b48e2:1725,123,8800978274817061896,3eabdfa943524b1077c76342cd49dd883c1d02e6abf0a6e9273162f3d53c340b,0.43936695772058826
1726,0,-0.9943486644586095,-0.8797838777706328,inside,elliptical,2.3740924546628,1.4310087852429305,7.248088882578329,2.01303765862213,143.67899644228333,1,,,,False,0.32469882049774873,0.937908864546604,False,0.3395652137243419,2.519494587897719,1.2614248149920582,2.585445684797789,diffusive,,6.699841478360241,0.03657844526818203,78.11290238671694,0.49425986768999675,2.0359758124318375,3.84845626414197,5.265504831166107,0.54675759230536,0.21989632288145003,0.9181782040406261,0.7386273143337067,0.10278799159397303,1.1739814592601276,24.447662455701817,2.962425901737392,0.025557305079964055,qp_ode,0.05,100.0,1.832042905610653e-10,100.00000000000001,188.48033507752348,0.33467031004820247,191.0,5.0,0.999,independent_lognormal,False,0.0,False,0.0,7.400331555269606,0.5145467436014233,False,0.0,fixed_device,0,83.8352488853537,118.05332671712425,167.6704977707074,204.94395774055712,107.50854;83.835249;108.17078;117.03402;89.487233;118.05333;86.697402;85.209342;102.47198;92.587643;100.74184;98.930132;99.136065;93.433459;94.419352;116.50486;105.77879,198.80062;167.6705;194.33474;189.94553;178.97447;197.9976;173.3948;170.41868;204.94396;185.17529;198.89142;197.86026;196.57891;186.86692;188.8387;189.8481;183.62519,4.9457111;5.0272209;5.0049862;5.0861229;5.0349499;4.97517;4.9890876;5.0206058;4.8965438;5.0073491;4.9351045;5.0695225;5.0068295;5.0800369;4.971503;4.9932767;4.9559796,3.0212232715598475e-09,83.36095428466797,1.5117311569223801e-10,42980.199123443395,1.0,0.17871372876849745,True,,,0,4512222387248198356,1cebbe2c85286d125a19176074641cec80e768fcc76265a176a2887e861b48e2:1726,123,1658534237638636495,3eabdfa943524b1077c76342cd49dd883c1d02e6abf0a6e9273162f3d53c340b,0.0
1727,0,-2.2695220383697663,3.0,edge,circular,1.8579692113178778,1.334679733121825,8.105437661116053,1.0,6.0655100044807515,1,,,,False,0.13614064440612067,0.4464456855404909,False,0.2261410005963074,3.8558860116961675,1.2053835177752228,2.656212952687882,diffusive,,7.088384155662805,0.06539476114389545,3.760376361807083,0.8680235518790358,2.8186521699198246,5.569060277640128,6.921405121655425,0.28727905351924005,0.23406398784977278,0.9067741498784282,0.3582059990696549,0.42976111163996716,0.7861413840399506,33.10933048271853,2.8545455473319334,0.027829819124480154,qp_ode,0.05,100.0,4.954953210358412e-08,100.00000000000001,188.48033507752348,1.1581423633255694,191.0,5.0,0.999,independent_lognormal,False,0.0,False,0.0,47.42691189793891,0.2812622842071537,False,0.0,fixed_device,0,83.8352488853537,118.05332671712425,167.6704977707074,204.94395774055712,107.50854;83.835249;108.17078;117.03402;89.487233;118.05333;86.697402;85.209342;102.47198;92.587643;100.74184;98.930132;99.136065;93.433459;94.419352;116.50486;105.77879,198.80062;167.6705;194.33474;189.94553;178.97447;197.9976;173.3948;170.41868;204.94396;185.17529;198.89142;197.86026;196.57891;186.86692;188.8387;189.8481;183.62519,4.9457111;5.0272209;5.0049862;5.0861229;5.0349499;4.97517;4.9890876;5.0206058;4.8965438;5.0073491;4.9351045;5.0695225;5.0068295;5.0800369;4.971503;4.9932767;4.9559796,1.3017890978517244e-06,15.347145080566406,6.559383791682194e-08,42980.199123443395,1.0,0.17877593696179878,True,,,2,910442990217136045,1cebbe2c85286d125a19176074641cec80e768fcc76265a176a2887e861b48e2:1727,123,573916319295147325,3eabdfa943524b1077c76342cd49dd883c1d02e6abf0a6e9273162f3d53c340b,0.07559742647058823
