event,run_id,epicenter_row,epicenter_col,epicenter_region,geometry,initial_beta,late_beta,beta_transition_ms,axis_ratio,angle_degrees,source_count,secondary_epicenter_row,secondary_epicenter_col,secondary_source_strength,reflection_enabled,reflection_coefficient,reflection_boundary_margin_mm,halo_enabled,halo_strength,halo_lambda_multiplier,halo_beta,halo_front_width_multiplier,propagation_law,apparent_speed_m_per_s,diffusion_coefficient_mm2_per_ms,front_width_ms,arrival_jitter_sd_us,arrival_jitter_correlation_length_mm,initial_lambda_mm,maximum_lambda_mm,maximum_distance_mm,spread_time_ms,cutoff_width_mm,maximum_amplitude,prompt_fraction,rise_time_ms,peak_time_ms,decay_time_ms,baseline_total_errors,baseline_drift_fraction,temporal_backend,qp_trapping_rate_per_us,qp_recombination_rate_per_us,qp_generation_scale_per_us,qp_baseline_t1_us,qp_baseline_t2_us,qp_measurement_exposure_us,qp_al_gap_uev,qp_qubit_frequency_ghz,qp_maximum_radiation_probability,qp_source_decay_mode,qp_dephasing_enabled,qp_charging_energy_ghz,qp_frequency_shift_enabled,qp_frequency_shift_coefficient_a,qp_source_lifetime_ms,event_onset_ms,is_control,global_spatial_mixing_fraction,qp_hardware_mode,qp_device_id,qp_baseline_t1_min_us,qp_baseline_t1_max_us,qp_baseline_t2_min_us,qp_baseline_t2_max_us,qp_baseline_t1_by_qubit_us,qp_baseline_t2_by_qubit_us,qp_qubit_frequency_by_qubit_ghz,qp_peak_density,qp_minimum_t1_us,qp_peak_generation_rate_per_us,qp_relaxation_coefficient_per_us,qp_generation_event_scale,achieved_peak_error_fraction,spatial_residual_enabled,low_rank_spatial_coefficients,missing_qubits,strength_band,generation_seed,event_uid,device_seed,syndrome_seed,circuit_id,fraction_round_qubits_below_30us
1368,0,3.0,1.4460536534240234,edge,elliptical,1.891051393646152,1.4379980356438802,5.588324384668232,1.7306214724903861,87.00684358529273,1,,,,False,0.0633238555598939,0.6954270465025757,False,0.14286397346773155,1.7572201927631632,1.177825723063136,1.505655842534152,ballistic,18.87971153297593,,0.03751796706216942,34.76169904101752,0.7997575481729782,3.4569464543511508,3.71676262439794,7.593466867397412,0.3476928722261552,0.17731980411437365,0.904880662642561,0.6174763421594224,0.4526691293647397,0.9268559964457878,23.393596832931813,2.853909850385107,0.03177399103787975,qp_ode,0.05,100.0,6.526396055735499e-10,100.00000000000001,188.48033507752348,1.4995399660942474,191.0,5.0,0.999,independent_lognormal,False,0.0,False,0.0,3.161921381666746,0.08665128642580006,False,0.0,fixed_device,0,83.8352488853537,118.05332671712425,167.6704977707074,204.94395774055712,107.50854;83.835249;108.17078;117.03402;89.487233;118.05333;86.697402;85.209342;102.47198;92.587643;100.74184;98.930132;99.136065;93.433459;94.419352;116.50486;105.77879,198.80062;167.6705;194.33474;189.94553;178.97447;197.9976;173.3948;170.41868;204.94396;185.17529;198.89142;197.86026;196.57891;186.86692;188.8387;189.8481;183.62519,4.9457111;5.0272209;5.0049862;5.0861229;5.0349499;4.97517;4.9890876;5.0206058;4.8965438;5.0073491;4.9351045;5.0695225;5.0068295;5.0800369;4.971503;4.9932767;4.9559796,1.122593396019056e-08,83.35792541503906,5.624230525747009e-10,42980.199123443395,1.0,0.17340894824742523,True,,,0,16816396427710481881,1cebbe2c85286d125a19176074641cec80e768fcc76265a176a2887e861b48e2:1368,123,7950527015371331863,3eabdfa943524b1077c76342cd49dd883c1d02e6abf0a6e9273162f3d53c340b,0.0
1369,0,-0.8600489014355421,-0.7119773948842476,inside,circular,2.176372429595395,0.8171586761164279,7.411899664323523,1.0,42.283418576763836,1,,,,False,0.2789292071437579,0.1051997111699764,False,0.351552399526771,3.8713967771914666,0.8981852101196086,2.9507338149582774,diffusive,,8.029801840627307,0.11913293505642522,69.62197425566887,1.1916873221261972,3.783590352895713,4.71523378085537,8.449549010116204,0.3811596064152432,0.4339308055353853,0.9041136501674224,0.383184539902312,0.09704064323914838,0.8021161091230592,27.242873740632227,2.8277480817387075,0.012761546148627909,qp_ode,0.05,100.0,8.293299061720875e-09,100.00000000000001,188.48033507752348,1.2932586958252092,191.0,5.0,0.999,independent_lognormal,False,0.0,False,0.0,7.626033988774215,0.19707225620890767,False,0.0,fixed_device,0,83.8352488853537,118.05332671712425,167.6704977707074,204.94395774055712,107.50854;83.835249;108.17078;117.03402;89.487233;118.05333;86.697402;85.209342;102.47198;92.587643;100.74184;98.930132;99.136065;93.433459;94.419352;116.50486;105.77879,198.80062;167.6705;194.33474;189.94553;178.97447;197.9976;173.3948;170.41868;204.94396;185.17529;198.89142;197.86026;196.57891;186.86692;188.8387;189.8481;183.62519,4.9457111;5.0272209;5.0049862;5.0861229;5.0349499;4.97517;4.9890876;5.0206058;4.8965438;5.0073491;4.9351045;5.0695225;5.0068295;5.0800369;4.971503;4.9932767;4.9559796,1.7039471345015045e-07,57.080013275146484,8.52397175066244e-09,42980.199123443395,1.0,0.1703963361637713,True,,,1,4663337429295113054,1cebbe2c85286d125a19176074641cec80e768fcc76265a176a2887e861b48e2:1369,123,8067535227929527717,3eabdfa943524b1077c76342cd49dd883c1d02e6abf0a6e9273162f3d53c340b,0.0
1370,0,3.0,-2.644154840044019,edge,circular,1.833212087906331,0.8524604778782895,2.4275808898851174,1.0,7.335057534950115,1,,,,False,0.37780387230689805,0.45429246688383484,False,0.331860119053996,1.9021472551087095,0.8002731151637545,2.742044154980742,ballistic,30.532024119022008,,0.03448721151703535,17.80889170042218,1.5873975551259103,3.768019277446916,5.737209105075004,9.964143524686968,0.20191091341025666,0.47063683059436134,0.9227433168649685,0.006521999918106847,0.340025691063971,1.0806160865746848,31.827473713751196,3.287247779246136,0.07528130119785457,qp_ode,0.05,100.0,1.2963543412247766e-09,100.00000000000001,188.48033507752348,1.7073743036930003,191.0,5.0,0.999,independent_lognormal,False,0.0,False,0.0,75.4734129740772,0.47282125799506197,False,0.0,fixed_device,0,83.8352488853537,118.05332671712425,167.6704977707074,204.94395774055712,107.50854;83.835249;108.17078;117.03402;89.487233;118.05333;86.697402;85.209342;102.47198;92.587643;100.74184;98.930132;99.136065;93.433459;94.419352;116.50486;105.77879,198.80062;167.6705;194.33474;189.94553;178.97447;197.9976;173.3948;170.41868;204.94396;185.17529;198.89142;197.86026;196.57891;186.86692;188.8387;189.8481;183.62519,4.9457111;5.0272209;5.0049862;5.0861229;5.0349499;4.97517;4.9890876;5.0206058;4.8965438;5.0073491;4.9351045;5.0695225;5.0068295;5.0800369;4.971503;4.9932767;4.9559796,3.297700601478937e-08,79.32587432861328,1.6506798150572877e-09,42980.199123443395,1.0,0.20793598635824526,True,,,1,7568717167290047799,1cebbe2c85286d125a19176074641cec80e768fcc76265a176a2887e861b48e2:1370,123,6617065812276326686,3eabdfa943524b1077c76342cd49dd883c1d02e6abf0a6e9273162f3d53c340b,0.0
1371,0,-3.6901219944197283,0.9803387187040102,outside,circular,2.2938679170105827,1.018405371818171,6.659721806455917,1.0,124.45689784374675,1,,,,False,0.2797494606866811,0.38758084669871073,False,0.2843947764162218,2.6736486068601613,1.0095695537388818,2.9362311166608306,ballistic,14.624184159206328,,0.10200274194246321,53.68119190282851,1.5381850379978843,2.939326751829147,3.7768956298323606,7.71799718924541,0.2412652386437146,0.21088093438026242,0.9524682307615812,0.7104272916531209,0.36766284032636587,1.1863229912586664,24.37627908671911,3.262357332946339,0.00721048469762148,qp_ode,0.05,100.0,8.131513454258457e-10,100.00000000000001,188.48033507752348,0.5253608164100662,191.0,5.0,0.999,independent_lognormal,False,0.0,False,0.0,10.039820625332766,0.47620104707110483,False,0.0,fixed_device,0,83.8352488853537,118.05332671712425,167.6704977707074,204.94395774055712,107.50854;83.835249;108.17078;117.03402;89.487233;118.05333;86.697402;85.209342;102.47198;92.587643;100.74184;98.930132;99.136065;93.433459;94.419352;116.50486;105.77879,198.80062;167.6705;194.33474;189.94553;178.97447;197.9976;173.3948;170.41868;204.94396;185.17529;198.89142;197.86026;196.57891;186.86692;188.8387;189.8481;183.62519,4.9457111;5.0272209;5.0049862;5.0861229;5.0349499;4.97517;4.9890876;5.0206058;4.8965438;5.0073491;4.9351045;5.0695225;5.0068295;5.0800369;4.971503;4.9932767;4.9559796,1.3995268943745032e-08,83.06794738769531,7.003876922873076e-10,42980.199123443395,1.0,0.1932945071127142,True,,,0,9370873162992327815,1cebbe2c85286d125a19176074641cec80e768fcc76265a176a2887e861b48e2:1371,123,2513449084059069707,3eabdfa943524b1077c76342cd49dd883c1d02e6abf0a6e9273162f3d53c340b,0.0
1372,0,2.941792611247921,1.1291558399539738,inside,circular,2.247256635571242,1.2748454072652642,3.197904426568191,1.0,7.813596228286648,1,,,,False,0.1815083193944399,0.1578877411052021,False,0.38621488210405,2.121134217493467,0.5121441371983291,1.5600505117948344,ballistic,35.790946435483264,,0.038945197470029086,79.66942296497275,1.637196904657947,2.2761249997762394,3.907667351118753,8.5931713481232,0.5533757903765902,0.21118090668612935,0.8371403775701949,0.6804533274020743,0.3942665740149277,0.82743523808485,34.28737264572101,3.384310027313616,0.0003877564411417378,qp_ode,0.05,100.0,3.3162369038390264e-08,100.00000000000001,188.48033507752348,0.25593541952666476,191.0,5.0,0.999,independent_lognormal,False,0.0,False,0.0,17.53464567758587,0.3371369588553549,False,0.0,fixed_device,0,83.8352488853537,118.05332671712425,167.6704977707074,204.94395774055712,107.50854;83.835249;108.17078;117.03402;89.487233;118.05333;86.697402;85.209342;102.47198;92.587643;100.74184;98.930132;99.136065;93.433459;94.419352;116.50486;105.77879,198.80062;167.6705;194.33474;189.94553;178.97447;197.9976;173.3948;170.41868;204.94396;185.17529;198.89142;197.86026;196.57891;186.86692;188.8387;189.8481;183.62519,4.9457111;5.0272209;5.0049862;5.0861229;5.0349499;4.97517;4.9890876;5.0206058;4.8965438;5.0073491;4.9351045;5.0695225;5.0068295;5.0800369;4.971503;4.9932767;4.9559796,6.380935815286648e-07,27.100801467895508,3.196775111291572e-08,42980.199123443395,1.0,0.20120257121231816,True,,,2,14576437328167827406,1cebbe2c85286d125a19176074641cec80e768fcc76265a176a2887e861b48e2:1372,123,8085860813731899375,3eabdfa943524b1077c76342cd49dd883c1d02e6abf0a6e9273162f3d53c340b,0.06356272977941177
1373,0,1.3384368890480545,2.1906749904786462,inside,elliptical,2.397991782140624,1.0478718268112772,6.557425488235039,1.0060263429430285,100.29581376970157,1,,,,False,0.30559050007265903,0.4392646365927938,False,0.359201548898062,3.3306878764789603,0.8611093806798669,1.1983149576141008,ballistic,22.122024466606362,,0.1010202560344782,43.28094978947399,1.4395103160909275,3.3197668589193876,4.037308934635129,7.308009026159374,0.4891258156114232,0.39189236290247387,0.9808860453711085,0.34195543938666256,0.3420443546215899,1.1286694384353737,22.695354405236273,3.2405140670007206,0.011746944245056862,qp_ode,0.05,100.0,1.668815257951082e-10,100.00000000000001,188.48033507752348,1.5435671212633948,191.0,5.0,0.999,independent_lognormal,False,0.0,False,0.0,51.86403730420388,0.24306191756698936,False,0.0,fixed_device,0,83.8352488853537,118.05332671712425,167.6704977707074,204.94395774055712,107.50854;83.835249;108.17078;117.03402;89.487233;118.05333;86.697402;85.209342;102.47198;92.587643;100.74184;98.930132;99.136065;93.433459;94.419352;116.50486;105.77879,198.80062;167.6705;194.33474;189.94553;178.97447;197.9976;173.3948;170.41868;204.94396;185.17529;198.89142;197.86026;196.57891;186.86692;188.8387;189.8481;183.62519,4.9457111;5.0272209;5.0049862;5.0861229;5.0349499;4.97517;4.9890876;5.0206058;4.8965438;5.0073491;4.9351045;5.0695225;5.0068295;5.0800369;4.971503;4.9932767;4.9559796,4.4052810288519595e-09,83.72541809082031,2.20279877671814e-10,42980.199123443395,1.0,0.19291186014493916,True,,,0,2519069599610557592,1cebbe2c85286d125a19176074641cec80e768fcc76265a176a2887e861b48e2:1373,123,9050641587625155213,3eabdfa943524b1077c76342cd49dd883c1d02e6abf0a6e9273162f3d53c340b,0.0
1374,0,-0.41834472837292846,-3.0,edge,elliptical,2.4978110718517197,1.2938351781329112,2.0873182628319222,1.0740605560822725,174.93696095982864,1,,,,False,0.08229067422145195,0.4810740819545797,False,0.21239171018704778,2.740967204979252,0.8371975759707866,1.5631085607849182,diffusive,,14.093717924020302,0.09897967638530554,62.241954983807936,1.7567946451527474,2.178994876308105,5.969604607908961,8.034854998574096,0.17822793797862863,0.11894585733768932,0.8624058916771778,0.4835786489628697,0.4417268551047278,0.6483766305855017,33.08972604243842,2.9147444839847276,0.07364974228985056,qp_ode,0.05,100.0,1.5325016136753405e-08,100.00000000000001,188.48033507752348,1.1863732738824242,191.0,5.0,0.999,independent_lognormal,False,0.0,False,0.0,75.99606080333027,0.6015672105303783,False,0.0,fixed_device,0,83.8352488853537,118.05332671712425,167.6704977707074,204.94395774055712,107.50854;83.835249;108.17078;117.03402;89.487233;118.05333;86.697402;85.209342;102.47198;92.587643;100.74184;98.930132;99.136065;93.433459;94.419352;116.50486;105.77879,198.80062;167.6705;194.33474;189.94553;178.97447;197.9976;173.3948;170.41868;204.94396;185.17529;198.89142;197.86026;196.57891;186.86692;188.8387;189.8481;183.62519,4.9457111;5.0272209;5.0049862;5.0861229;5.0349499;4.97517;4.9890876;5.0206058;4.8965438;5.0073491;4.9351045;5.0695225;5.0068295;5.0800369;4.971503;4.9932767;4.9559796,2.756337948994769e-07,42.36008071899414,1.3792737618700812e-08,42980.199123443395,1.0,0.18362267139979793,True,,,2,3498303776903409076,1cebbe2c85286d125a19176074641cec80e768fcc76265a176a2887e861b48e2:1374,123,2727887953864860228,3eabdfa943524b1077c76342cd49dd883c1d02e6abf0a6e9273162f3d53c340b,0.0
1375,0,-2.6151486106704622,1.3224410477571036,inside,elliptical,2.050808279597384,1.6017749443737213,3.3215415755864584,1.7944247564739335,4.7346455031894985,1,,,,False,0.0579037559981245,0.25829261918186386,False,0.16137689472857908,2.9226528541991073,1.176453791780998,2.226866823786114,ballistic,15.88783363797171,,0.09385653345181709,79.77850111513072,1.5925631544060268,3.1323778997650487,4.309821747295852,7.735391481731218,0.5237246756735714,0.20608083618760792,0.8700524758710052,0.5152263908773465,0.1845402341711064,0.5452738100665023,21.81695913053906,2.87298443407539,0.011384273228355673,qp_ode,0.05,100.0,1.3758707865834724e-07,100.00000000000001,188.48033507752348,1.5875803863627025,191.0,5.0,0.999,independent_lognormal,False,0.0,False,0.0,36.5397719626691,0.2358396618645454,False,0.0,fixed_device,0,83.8352488853537,118.05332671712425,167.6704977707074,204.94395774055712,107.50854;83.835249;108.17078;117.03402;89.487233;118.05333;86.697402;85.209342;102.47198;92.587643;100.74184;98.930132;99.136065;93.433459;94.419352;116.50486;105.77879,198.80062;167.6705;194.33474;189.94553;178.97447;197.9976;173.3948;170.41868;204.94396;185.17529;198.89142;197.86026;196.57891;186.86692;188.8387;189.8481;183.62519,4.9457111;5.0272209;5.0049862;5.0861229;5.0349499;4.97517;4.9890876;5.0206058;4.8965438;5.0073491;4.9351045;5.0695225;5.0068295;5.0800369;4.971503;4.9932767;4.9559796,2.5893230031215353e-06,8.185301780700684,1.3032716594807425e-07,42980.199123443395,1.0,0.2330661764504701,True,,,2,13188196463484666464,1cebbe2c85286d125a19176074641cec80e768fcc76265a176a2887e861b48e2:1375,123,5056434875141762236,3eabdfa943524b1077c76342cd49dd883c1d02e6abf0a6e9273162f3d53c340b,0.6309168198529411
1376,0,3.0,-2.429790948763521,edge,circular,2.171026443000521,1.4397403478034445,2.0736308224513946,1.0,179.47566172250635,1,,,,False,0.1434343220065717,0.05037121020217361,False,0.24663104329160015,3.4908621315654678,1.1609791325452141,1.5234342117950392,ballistic,15.995780541591152,,0.03952095767744103,3.6835489664961685,1.9315692179040007,3.2698904213907163,4.949168152296801,7.1217002570892785,0.3124353296166439,0.4625354849845863,0.9977889154083405,0.768688112470965,0.3679232501423351,0.5207202780347473,20.385263773837334,3.249317580936379,0.07684140783734222,qp_ode,0.05,100.0,1.4984168234484353e-10,100.00000000000001,188.48033507752348,1.4069123097218432,191.0,5.0,0.999,independent_lognormal,False,0.0,False,0.0,9.86939161864695,0.5923734710902884,False,0.0,fixed_device,0,83.8352488853537,118.05332671712425,167.6704977707074,204.94395774055712,107.50854;83.835249;108.17078;117.03402;89.487233;118.05333;86.697402;85.209342;102.47198;92.587643;100.74184;98.930132;99.136065;93.433459;94.419352;116.50486;105.77879,198.80062;167.6705;194.33474;189.94553;178.97447;197.9976;173.3948;170.41868;204.94396;185.17529;198.89142;197.86026;196.57891;186.86692;188.8387;189.8481;183.62519,4.9457111;5.0272209;5.0049862;5.0861229;5.0349499;4.97517;4.9890876;5.0206058;4.8965438;5.0073491;4.9351045;5.0695225;5.0068295;5.0800369;4.971503;4.9932767;4.9559796,4.097304273642521e-09,83.37342834472656,2.0519426435772203e-10,42980.199123443395,1.0,0.20536774114258374,True,,,0,5339731230473137038,1cebbe2c85286d125a19176074641cec80e768fcc76265a176a2887e861b48e2:1376,123,2982234362505496927,3eabdfa943524b1077c76342cd49dd883c1d02e6abf0a6e9273162f3d53c340b,0.0
1377,0,2.3092454745849738,-0.6008027292495566,inside,circular,2.4191218126369414,1.6899696679367109,2.182894036809092,1.0,6.189712793659414,1,,,,False,0.10065067552877227,0.07563153599333872,False,0.284468779819837,3.823916742801969,0.5993194175225478,2.3173698898975164,diffusive,,12.344726698672385,0.07862217825697868,36.7834741048393,1.8186626846678942,3.1744878761804496,4.870831311394128,6.978811242493636,0.39931722531824093,0.35758176909153583,0.8711607416015118,0.26661136096446464,0.2956002203680831,1.168344806582006,33.756304502293816,3.1379619795482263,0.07765883111628771,qp_ode,0.05,100.0,3.855512314838917e-10,100.00000000000001,188.48033507752348,1.4513209497509407,191.0,5.0,0.999,independent_lognormal,False,0.0,False,0.0,20.969072556359887,0.33605930621790814,False,0.0,fixed_device,0,83.8352488853537,118.05332671712425,167.6704977707074,204.94395774055712,107.50854;83.835249;108.17078;117.03402;89.487233;118.05333;86.697402;85.209342;102.47198;92.587643;100.74184;98.930132;99.136065;93.433459;94.419352;116.50486;105.77879,198.80062;167.6705;194.33474;189.94553;178.97447;197.9976;173.3948;170.41868;204.94396;185.17529;198.89142;197.86026;196.57891;186.86692;188.8387;189.8481;183.62519,4.9457111;5.0272209;5.0049862;5.0861229;5.0349499;4.97517;4.9890876;5.0206058;4.8965438;5.0073491;4.9351045;5.0695225;5.0068295;5.0800369;4.971503;4.9932767;4.9559796,7.275685831586998e-09,82.99333190917969,3.640339418797822e-10,42980.199123443395,1.0,0.19895416934763854,True,,,0,1370801800824743800,1cebbe2c85286d125a19176074641cec80e768fcc76265a176a2887e861b48e2:1377,123,6187855880377580958,3eabdfa943524b1077c76342cd49dd883c1d02e6abf0a6e9273162f3d53c340b,0.0
1378,0,1.2426064611247813,-3.4750941732844485,outside,circular,2.151390249188974,1.4389710403339113,5.5338860130964695,1.0,168.70061934793088,1,,,,False,0.06645557217154871,0.39730319625936095,False,0.2022707216448924,3.639125713818744,0.5302241607097831,1.0857458373973359,diffusive,,11.942899936612509,0.09109709889144393,43.84759797203601,1.6354624393941637,2.2033944781177826,5.728584164697061,9.045354075832403,0.4445665915434288,0.16442204394773047,0.9483161637711915,0.11891331951618832,0.18314900724223188,0.9981258216123147,21.550880247408266,3.197250808217086,0.0021973531512224655,qp_ode,0.05,100.0,6.78763968481819e-08,100.00000000000001,188.48033507752348,0.7252094479364117,191.0,5.0,0.999,independent_lognormal,False,0.0,False,0.0,7.572707688141845,0.48464762482727664,False,0.0,fixed_device,0,83.8352488853537,118.05332671712425,167.6704977707074,204.94395774055712,107.50854;83.835249;108.17078;117.03402;89.487233;118.05333;86.697402;85.209342;102.47198;92.587643;100.74184;98.930132;99.136065;93.433459;94.419352;116.50486;105.77879,198.80062;167.6705;194.33474;189.94553;178.97447;197.9976;173.3948;170.41868;204.94396;185.17529;198.89142;197.86026;196.57891;186.86692;188.8387;189.8481;183.62519,4.9457111;5.0272209;5.0049862;5.0861229;5.0349499;4.97517;4.9890876;5.0206058;4.8965438;5.0073491;4.9351045;5.0695225;5.0068295;5.0800369;4.971503;4.9932767;4.9559796,1.3180928135625436e-06,14.54867935180664,6.610136438212066e-08,42980.199123443395,1.0,0.19985205460930253,True,,,2,8547873443582291402,1cebbe2c85286d125a19176074641cec80e768fcc76265a176a2887e861b48e2:1378,123,5411998405008355972,3eabdfa943524b1077c76342cd49dd883c1d02e6abf0a6e9273162f3d53c340b,0.20387178308823528
1379,0,2.801730889058585,3.0,edge,elliptical,2.4747830937863915,1.4015992735908005,3.7852687771719493,1.9286401522350898,42.244629962486165,1,,,,False,0.3774362997067817,0.7534790629251245,False,0.27271000938399736,1.5792663806096425,0.9521053529511685,2.23352479614742,diffusive,,18.311390128444295,0.06450165990036195,25.601708726560428,1.9578333730730848,2.5486392942773697,3.56113757568883,6.216979537705196,0.460018769403961,0.132912516191568,0.9949940821921965,0.19413821395195205,0.43954896538691574,1.1182640883125972,27.22481715960866,2.879215879119715,0.06362811511068776,qp_ode,0.05,100.0,1.5991360926465582e-09,100.00000000000001,188.48033507752348,0.40945759415902705,191.0,5.0,0.999,independent_lognormal,False,0.0,False,0.0,17.805968577988587,0.5962498702529221,False,0.0,fixed_device,0,83.8352488853537,118.05332671712425,167.6704977707074,204.94395774055712,107.50854;83.835249;108.17078;117.03402;89.487233;118.05333;86.697402;85.209342;102.47198;92.587643;100.74184;98.930132;99.136065;93.433459;94.419352;116.50486;105.77879,198.80062;167.6705;194.33474;189.94553;178.97447;197.9976;173.3948;170.41868;204.94396;185.17529;198.89142;197.86026;196.57891;186.86692;188.8387;189.8481;183.62519,4.9457111;5.0272209;5.0049862;5.0861229;5.0349499;4.97517;4.9890876;5.0206058;4.8965438;5.0073491;4.9351045;5.0695225;5.0068295;5.0800369;4.971503;4.9932767;4.9559796,3.2712907938048374e-08,82.18521881103516,1.638298607886668e-09,42980.199123443395,1.0,0.179774241284105,True,,,1,18327459520648182491,1cebbe2c85286d125a19176074641cec80e768fcc76265a176a2887e861b48e2:1379,123,6578534997225566958,3eabdfa943524b1077c76342cd49dd883c1d02e6abf0a6e9273162f3d53c340b,0.0
1380,0,-1.0295287435022775,-3.0,edge,circular,2.005048215658016,0.9241836728600433,7.397182764111039,1.0,29.72542550969277,1,,,,False,0.1639583346160257,0.6391036078541839,False,0.2592469031090152,3.9369405641402024,0.9767897717749072,2.347779223929897,ballistic,29.94645542913992,,0.050739032550065497,47.30309968140502,1.7618551136362242,2.119200597396086,5.859887123756659,8.360602450702588,0.16104849233958313,0.30306913760050735,0.9256191502799921,0.4453577295086333,0.23744507271980758,0.6109870688733975,30.954814556752222,3.2730758425921467,0.022646500661848857,qp_ode,0.05,100.0,5.58609566935759e-08,100.00000000000001,188.48033507752348,1.396536593914282,191.0,5.0,0.999,independent_lognormal,False,0.0,False,0.0,9.815449450166795,0.09952471848753404,False,0.0,fixed_device,0,83.8352488853537,118.05332671712425,167.6704977707074,204.94395774055712,107.50854;83.835249;108.17078;117.03402;89.487233;118.05333;86.697402;85.209342;102.47198;92.587643;100.74184;98.930132;99.136065;93.433459;94.419352;116.50486;105.77879,198.80062;167.6705;194.33474;189.94553;178.97447;197.9976;173.3948;170.41868;204.94396;185.17529;198.89142;197.86026;196.57891;186.86692;188.8387;189.8481;183.62519,4.9457111;5.0272209;5.0049862;5.0861229;5.0349499;4.97517;4.9890876;5.0206058;4.8965438;5.0073491;4.9351045;5.0695225;5.0068295;5.0800369;4.971503;4.9932767;4.9559796,1.1706268878697301e-06,16.78299331665039,5.875435604707491e-08,42980.199123443395,1.0,0.2283161343757235,True,,,2,12427172228992999151,1cebbe2c85286d125a19176074641cec80e768fcc76265a176a2887e861b48e2:1380,123,6388817993462012094,3eabdfa943524b1077c76342cd49dd883c1d02e6abf0a6e9273162f3d53c340b,0.4787741268382353
1381,0,-3.9065602843898795,-1.7921608951777468,outside,circular,2.4319371083590333,1.62489481189608,5.0470712093357095,1.0,160.59575072258332,1,,,,False,0.34063454032728985,0.9263069380780797,False,0.3388190067823176,3.101400556738774,1.0426088486090173,2.6775788666841205,ballistic,15.086440368673683,,0.04768058075092485,60.629968861082276,0.45067805991154747,3.1854887805352905,4.309430111119104,6.324822022959315,0.3694508905474845,0.3571535450431814,0.9753559983649771,0.5055318115332059,0.1698237032983937,1.0758508923668977,21.776055713626416,2.974517826636502,0.07694244384706359,qp_ode,0.05,100.0,3.5225972215549323e-09,100.00000000000001,188.48033507752348,1.8736681858178874,191.0,5.0,0.999,independent_lognormal,False,0.0,False,0.0,9.723927222994659,0.3659653975998521,False,0.0,fixed_device,0,83.8352488853537,118.05332671712425,167.6704977707074,204.94395774055712,107.50854;83.835249;108.17078;117.03402;89.487233;118.05333;86.697402;85.209342;102.47198;92.587643;100.74184;98.930132;99.136065;93.433459;94.419352;116.50486;105.77879,198.80062;167.6705;194.33474;189.94553;178.97447;197.9976;173.3948;170.41868;204.94396;185.17529;198.89142;197.86026;196.57891;186.86692;188.8387;189.8481;183.62519,4.9457111;5.0272209;5.0049862;5.0861229;5.0349499;4.97517;4.9890876;5.0206058;4.8965438;5.0073491;4.9351045;5.0695225;5.0068295;5.0800369;4.971503;4.9932767;4.9559796,5.4776027269554106e-08,73.25505065917969,2.7412379033364687e-09,42980.199123443395,1.0,0.1886171427976684,True,,,1,5914074347949590315,1cebbe2c85286d125a19176074641cec80e768fcc76265a176a2887e861b48e2:1381,123,939304100651031119,3eabdfa943524b1077c76342cd49dd883c1d02e6abf0a6e9273162f3d53c340b,0.0
1382,0,-1.8558793117308183,3.3275002247239875,outside,elliptical,2.389691186761958,1.3861970330924611,6.90024073449611,2.268373347773384,20.680246668240862,1,,,,False,0.24563409292333205,0.28430541645108176,False,0.17364087748315582,2.522616652449167,0.7980386191390809,1.8349142211114298,ballistic,20.41525833849891,,0.0510566934096133,2.1248612592697835,1.6425105829236162,2.421046358202274,5.0850877436570965,6.342336023702824,0.4903923048371396,0.2099185725622247,0.868632382287776,0.6125045159527333,0.21041333829788372,0.9939831344909457,22.341391451985274,3.1978269403097226,0.006489751716851018,qp_ode,0.05,100.0,4.0469279082139605e-09,100.00000000000001,188.48033507752348,0.37942584208574753,191.0,5.0,0.999,independent_lognormal,False,0.0,False,0.0,34.36045810603027,0.1068209946907597,False,0.0,fixed_device,0,83.8352488853537,118.05332671712425,167.6704977707074,204.94395774055712,107.50854;83.835249;108.17078;117.03402;89.487233;118.05333;86.697402;85.209342;102.47198;92.587643;100.74184;98.930132;99.136065;93.433459;94.419352;116.50486;105.77879,198.80062;167.6705;194.33474;189.94553;178.97447;197.9976;173.3948;170.41868;204.94396;185.17529;198.89142;197.86026;196.57891;186.86692;188.8387;189.8481;183.62519,4.9457111;5.0272209;5.0049862;5.0861229;5.0349499;4.97517;4.9890876;5.0206058;4.8965438;5.0073491;4.9351045;5.0695225;5.0068295;5.0800369;4.971503;4.9932767;4.9559796,7.315327366086422e-08,77.93195343017578,3.658251923610578e-09,42980.199123443395,1.0,0.18952296439095684,True,,,1,16025786065286405638,1cebbe2c85286d125a19176074641cec80e768fcc76265a176a2887e861b48e2:1382,123,7894314674780121336,3eabdfa943524b1077c76342cd49dd883c1d02e6abf0a6e9273162f3d53c340b,0.0
1383,0,-0.012076363725769923,-1.436460001825573,inside,elliptical,1.9449266476550537,1.5578042697616636,3.8192650644859043,2.0552896721399594,166.2659222663578,1,,,,False,0.23706731451925106,0.6097993503294721,False,0.317605135363082,1.7747318498995934,0.5669894773014506,2.8863986314633934,diffusive,,19.39776927761585,0.03772557472296972,41.21233192059285,0.5256745978753972,2.5648661239031263,5.867600288083568,5.700838049473948,0.354613375105841,0.2539094594984499,0.901620421734498,0.23040669489514265,0.18728020464517237,0.9313301453262913,25.120057904375777,3.2933727961630432,0.010471583451404953,qp_ode,0.05,100.0,5.05136989741036e-09,100.00000000000001,188.48033507752348,0.793874774570337,191.0,5.0,0.999,independent_lognormal,False,0.0,False,0.0,23.25185713989747,0.4745116474778672,False,0.0,fixed_device,0,83.8352488853537,118.05332671712425,167.6704977707074,204.94395774055712,107.50854;83.835249;108.17078;117.03402;89.487233;118.05333;86.697402;85.209342;102.47198;92.587643;100.74184;98.930132;99.136065;93.433459;94.419352;116.50486;105.77879,198.80062;167.6705;194.33474;189.94553;178.97447;197.9976;173.3948;170.41868;204.94396;185.17529;198.89142;197.86026;196.57891;186.86692;188.8387;189.8481;183.62519,4.9457111;5.0272209;5.0049862;5.0861229;5.0349499;4.97517;4.9890876;5.0206058;4.8965438;5.0073491;4.9351045;5.0695225;5.0068295;5.0800369;4.971503;4.9932767;4.9559796,1.1080813067110284e-07,65.87946319580078,5.543287162623756e-09,42980.199123443395,1.0,0.1959735148062418,True,,,1,15389224051925605765,1cebbe2c85286d125a19176074641cec80e768fcc76265a176a2887e861b48e2:1383,123,1954212501510019189,3eabdfa943524b1077c76342cd49dd883c1d02e6abf0a6e9273162f3d53c340b,0.0
1384,0,-3.0,-0.029011836944823344,edge,circular,2.4086981135259946,1.111549700644655,2.154589921137001,1.0,104.53184090598441,1,,,,False,0.20913775438315674,0.5157569141595023,False,0.1301294764867369,1.6686505833396765,0.6563920313815341,2.2261638491786555,diffusive,,9.251143769305077,0.027161021407883894,15.91998847901638,0.7125958984219829,2.040129639145073,5.176823526101505,8.910392449763783,0.20714461912117277,0.21155841036938194,0.9065454467940481,0.11348319801771237,0.330848818453369,0.5384387785483735,23.14973059170868,2.9292620466281174,0.06874070109933648,qp_ode,0.05,100.0,2.172759193038431e-09,100.00000000000001,188.48033507752348,1.8505871745943503,191.0,5.0,0.999,independent_lognormal,False,0.0,False,0.0,61.772799889612315,0.502486941997943,False,0.0,fixed_device,0,83.8352488853537,118.05332671712425,167.6704977707074,204.94395774055712,107.50854;83.835249;108.17078;117.03402;89.487233;118.05333;86.697402;85.209342;102.47198;92.587643;100.74184;98.930132;99.136065;93.433459;94.419352;116.50486;105.77879,198.80062;167.6705;194.33474;189.94553;178.97447;197.9976;173.3948;170.41868;204.94396;185.17529;198.89142;197.86026;196.57891;186.86692;188.8387;189.8481;183.62519,4.9457111;5.0272209;5.0049862;5.0861229;5.0349499;4.97517;4.9890876;5.0206058;4.8965438;5.0073491;4.9351045;5.0695225;5.0068295;5.0800369;4.971503;4.9932767;4.9559796,3.118940838930939e-08,78.48870086669922,1.5617419579783132e-09,42980.199123443395,1.0,0.18415459818388788,True,,,1,2327868518418107153,1cebbe2c85286d125a19176074641cec80e768fcc76265a176a2887e861b48e2:1384,123,1596130429395110766,3eabdfa943524b1077c76342cd49dd883c1d02e6abf0a6e9273162f3d53c340b,0.0
1385,0,-3.5470863626299916,1.8234848537341088,outside,elliptical,2.124431956140884,1.2914593061993431,7.25052099053453,1.224479505950602,128.6025063514557,1,,,,False,0.35214898098418707,0.17836303340518544,False,0.26928894672124165,2.0473339519960763,0.5084527286382621,2.828576283481497,diffusive,,18.372240245658908,0.05833920587205449,60.158177894129224,1.705581297591587,3.4865611559913763,5.035015865256359,7.8543619606808335,0.3783132437899735,0.22054740175521326,0.8479455683156759,0.36532337989668984,0.4379486596681707,0.6126127552510447,33.214997624545894,2.9966057595687268,0.05999721778123626,qp_ode,0.05,100.0,8.160766867018791e-09,100.00000000000001,188.48033507752348,1.069462686591316,191.0,5.0,0.999,independent_lognormal,False,0.0,False,0.0,6.339551970273451,0.2648427348762771,False,0.0,fixed_device,0,83.8352488853537,118.05332671712425,167.6704977707074,204.94395774055712,107.50854;83.835249;108.17078;117.03402;89.487233;118.05333;86.697402;85.209342;102.47198;92.587643;100.74184;98.930132;99.136065;93.433459;94.419352;116.50486;105.77879,198.80062;167.6705;194.33474;189.94553;178.97447;197.9976;173.3948;170.41868;204.94396;185.17529;198.89142;197.86026;196.57891;186.86692;188.8387;189.8481;183.62519,4.9457111;5.0272209;5.0049862;5.0861229;5.0349499;4.97517;4.9890876;5.0206058;4.8965438;5.0073491;4.9351045;5.0695225;5.0068295;5.0800369;4.971503;4.9932767;4.9559796,1.601815853291555e-07,58.68349838256836,8.04688049527158e-09,42980.199123443395,1.0,0.18729899335067604,True,,,1,6446095824198463478,1cebbe2c85286d125a19176074641cec80e768fcc76265a176a2887e861b48e2:1385,123,813541980274671894,3eabdfa943524b1077c76342cd49dd883c1d02e6abf0a6e9273162f3d53c340b,0.0
1386,0,-0.8802346797410165,3.6906725132492997,outside,elliptical,2.468921895934444,1.2941349408858824,5.977428900738938,1.7842424636030596,89.52465045403603,1,,,,False,0.23780853800026014,0.5062882238849361,False,0.18560060525550576,2.8950789436573796,0.792132865105512,2.3621804213657396,diffusive,,17.57781108070368,0.0938502495044522,26.550016533777505,0.8423913371392768,3.3977214973643317,6.433464563571887,7.411343159454407,0.2052821737488737,0.12660344473971594,0.8770801070884151,0.1589101722281277,0.37421069607862073,1.0990787093408385,27.111992687396405,2.9447638256928106,0.03503212721667442,qp_ode,0.05,100.0,1.0035219496203722e-10,100.00000000000001,188.48033507752348,1.3935662129499309,191.0,5.0,0.999,independent_lognormal,False,0.0,False,0.0,4.829719040718833,0.1305155605042318,False,0.0,fixed_device,0,83.8352488853537,118.05332671712425,167.6704977707074,204.94395774055712,107.50854;83.835249;108.17078;117.03402;89.487233;118.05333;86.697402;85.209342;102.47198;92.587643;100.74184;98.930132;99.136065;93.433459;94.419352;116.50486;105.77879,198.80062;167.6705;194.33474;189.94553;178.97447;197.9976;173.3948;170.41868;204.94396;185.17529;198.89142;197.86026;196.57891;186.86692;188.8387;189.8481;183.62519,4.9457111;5.0272209;5.0049862;5.0861229;5.0349499;4.97517;4.9890876;5.0206058;4.8965438;5.0073491;4.9351045;5.0695225;5.0068295;5.0800369;4.971503;4.9932767;4.9559796,2.128712761617635e-09,83.71985626220703,1.0649420928432463e-10,42980.199123443395,1.0,0.17929980652303731,True,,,0,11077784483010392011,1cebbe2c85286d125a19176074641cec80e768fcc76265a176a2887e861b48e2:1386,123,8372927471570732437,3eabdfa943524b1077c76342cd49dd883c1d02e6abf0a6e9273162f3d53c340b,0.0
1387,0,2.4875724209106913,-0.6223729931597513,inside,circular,2.3967910281708797,1.6973492241852144,6.7347549756891585,1.0,158.43700153343025,1,,,,False,0.29629491576456846,0.5049550521473616,False,0.3710958962697688,1.5148878444215248,0.8578639060098096,1.163789495397525,ballistic,12.607794856574692,,0.06748680543239141,65.19335045988474,1.5643936880560392,2.3106796028588374,4.333956518326177,5.041717452652044,0.19033048247317547,0.29148216878118244,0.9137984639823058,0.7191922353838475,0.4899472404126039,0.9274437975010376,33.60172812878294,2.863244614141288,0.045382781552073634,qp_ode,0.05,100.0,2.124356330951122e-10,100.00000000000001,188.48033507752348,0.3778130441587543,191.0,5.0,0.999,independent_lognormal,False,0.0,False,0.0,17.093938418440562,0.4085020769246863,False,0.0,fixed_device,0,83.8352488853537,118.05332671712425,167.6704977707074,204.94395774055712,107.50854;83.835249;108.17078;117.03402;89.487233;118.05333;86.697402;85.209342;102.47198;92.587643;100.74184;98.930132;99.136065;93.433459;94.419352;116.50486;105.77879,198.80062;167.6705;194.33474;189.94553;178.97447;197.9976;173.3948;170.41868;204.94396;185.17529;198.89142;197.86026;196.57891;186.86692;188.8387;189.8481;183.62519,4.9457111;5.0272209;5.0049862;5.0861229;5.0349499;4.97517;4.9890876;5.0206058;4.8965438;5.0073491;4.9351045;5.0695225;5.0068295;5.0800369;4.971503;4.9932767;4.9559796,6.386605022612457e-09,83.56446838378906,3.1963973134985224e-10,42980.199123443395,1.0,0.1760763767519526,True,,,0,8407467343529000730,1cebbe2c85286d125a19176074641cec80e768fcc76265a176a2887e861b48e2:1387,123,1451495113468035746,3eabdfa943524b1077c76342cd49dd883c1d02e6abf0a6e9273162f3d53c340b,0.0
1388,0,-1.6194568468063144,-2.449289423442563,inside,circular,1.7290581698285081,0.9718024029479273,5.976862093724125,1.0,74.4820324744686,1,,,,False,0.11737366405892803,0.5574714968179557,False,0.3853340173654096,3.0935229676347076,0.5862776405368115,2.6066466207714543,diffusive,,13.116220820173307,0.07843865449007882,21.081305686211813,1.068502823830202,3.639564625765334,4.5998242888577,5.265687697994999,0.15366570262610943,0.4636837599293403,0.8440055277578465,0.4848781693826272,0.286319173266683,0.9249448509110201,25.42624154879242,3.0150921843740925,0.021990597566644798,qp_ode,0.05,100.0,5.85853141783454e-08,100.00000000000001,188.48033507752348,1.619771532364853,191.0,5.0,0.999,independent_lognormal,False,0.0,False,0.0,28.497830799283097,0.3754730933096535,False,0.0,fixed_device,0,83.8352488853537,118.05332671712425,167.6704977707074,204.94395774055712,107.50854;83.835249;108.17078;117.03402;89.487233;118.05333;86.697402;85.209342;102.47198;92.587643;100.74184;98.930132;99.136065;93.433459;94.419352;116.50486;105.77879,198.80062;167.6705;194.33474;189.94553;178.97447;197.9976;173.3948;170.41868;204.94396;185.17529;198.89142;197.86026;196.57891;186.86692;188.8387;189.8481;183.62519,4.9457111;5.0272209;5.0049862;5.0861229;5.0349499;4.97517;4.9890876;5.0206058;4.8965438;5.0073491;4.9351045;5.0695225;5.0068295;5.0800369;4.971503;4.9932767;4.9559796,9.376283287565457e-07,20.1756534576416,4.6978300360933645e-08,42980.199123443395,1.0,0.19899695393060526,True,,,2,1696079581210947404,1cebbe2c85286d125a19176074641cec80e768fcc76265a176a2887e861b48e2:1388,123,4572769554039388798,3eabdfa943524b1077c76342cd49dd883c1d02e6abf0a6e9273162f3d53c340b,0.16673368566176472
1389,0,2.2215132314936827,3.0,edge,circular,2.174142075476345,1.5510408251410035,2.8620900225507473,1.0,173.00924693460541,1,,,,False,0.3849792753672108,0.28408309831791834,False,0.1224308045959992,1.80108996223922,1.0094561430108988,2.059676829224542,diffusive,,11.72510320129598,0.027632134667833888,52.20102519205447,0.9448979398585448,2.445294011298516,4.56790352029905,8.75820348136501,0.52629414685494,0.42895786560703664,0.9017915997262281,0.22086570766533484,0.1931355208858426,1.0682524360010706,20.05398827912462,3.3893117078320985,0.043959746826873446,qp_ode,0.05,100.0,2.07640898652533e-07,100.00000000000001,188.48033507752348,0.2377215397937748,191.0,5.0,0.999,independent_lognormal,False,0.0,False,0.0,18.200552885144777,0.1872168564385157,False,0.0,fixed_device,0,83.8352488853537,118.05332671712425,167.6704977707074,204.94395774055712,107.50854;83.835249;108.17078;117.03402;89.487233;118.05333;86.697402;85.209342;102.47198;92.587643;100.74184;98.930132;99.136065;93.433459;94.419352;116.50486;105.77879,198.80062;167.6705;194.33474;189.94553;178.97447;197.9976;173.3948;170.41868;204.94396;185.17529;198.89142;197.86026;196.57891;186.86692;188.8387;189.8481;183.62519,4.9457111;5.0272209;5.0049862;5.0861229;5.0349499;4.97517;4.9890876;5.0206058;4.8965438;5.0073491;4.9351045;5.0695225;5.0068295;5.0800369;4.971503;4.9932767;4.9559796,5.03737828694284e-06,4.444272041320801,2.544089170442021e-07,42980.199123443395,1.0,0.21193232920659721,True,,,2,3501806672598221068,1cebbe2c85286d125a19176074641cec80e768fcc76265a176a2887e861b48e2:1389,123,1015324053988714634,3eabdfa943524b1077c76342cd49dd883c1d02e6abf0a6e9273162f3d53c340b,0.2834041819852941
1390,0,-1.3867843875808263,2.3688643774500866,inside,elliptical,2.2732248606992993,0.9918925717632494,9.081687976069997,2.2805893815455907,26.036572305425494,1,,,,False,0.3326923111553265,0.11193938188982655,False,0.16328792469809933,3.644236935417562,0.9969496606555546,2.36868887631962,diffusive,,15.698763371884775,0.09953470274892749,57.85710321958448,0.909726263944312,2.680655921442767,3.6776264707359814,5.468148024270633,0.22522282220898407,0.39052788403857686,0.9827361136646365,0.6837043114667839,0.35046150672811677,0.9128220238432957,31.769694963158933,2.932034217025222,0.023128630897873252,qp_ode,0.05,100.0,3.221921412697926e-08,100.00000000000001,188.48033507752348,1.79469287122141,191.0,5.0,0.999,independent_lognormal,False,0.0,False,0.0,16.81728388056321,0.14684347747357424,False,0.0,fixed_device,0,83.8352488853537,118.05332671712425,167.6704977707074,204.94395774055712,107.50854;83.835249;108.17078;117.03402;89.487233;118.05333;86.697402;85.209342;102.47198;92.587643;100.74184;98.930132;99.136065;93.433459;94.419352;116.50486;105.77879,198.80062;167.6705;194.33474;189.94553;178.97447;197.9976;173.3948;170.41868;204.94396;185.17529;198.89142;197.86026;196.57891;186.86692;188.8387;189.8481;183.62519,4.9457111;5.0272209;5.0049862;5.0861229;5.0349499;4.97517;4.9890876;5.0206058;4.8965438;5.0073491;4.9351045;5.0695225;5.0068295;5.0800369;4.971503;4.9932767;4.9559796,6.364699629557435e-07,27.256160736083984,3.189555286553514e-08,42980.199123443395,1.0,0.18536463846960277,True,,,2,16901675975678974735,1cebbe2c85286d125a19176074641cec80e768fcc76265a176a2887e861b48e2:1390,123,6967885118325353418,3eabdfa943524b1077c76342cd49dd883c1d02e6abf0a6e9273162f3d53c340b,0.09627757352941177
1391,0,2.293849082580488,3.9480258047858023,outside,elliptical,2.3074441913777006,1.3017248668878298,6.549143090394101,1.5827161536044387,9.726790239071768,1,,,,False,0.15009004232497355,0.18332621209321953,False,0.23268107051957965,2.1395172556271835,0.9702955984278576,2.55180549012747,ballistic,19.73075022535719,,0.09956902824568718,58.72144931119065,0.7452183019452611,3.1950049882311022,6.36871839025346,7.069119947743259,0.18193820868897204,0.1353509951398129,0.9808544258139911,0.283859514213513,0.29670792522919376,0.5891694401499924,27.519312173086163,3.0639544766402995,0.06414308522541291,qp_ode,0.05,100.0,2.6264267059348798e-08,100.00000000000001,188.48033507752348,1.5545150272371806,191.0,5.0,0.999,independent_lognormal,False,0.0,False,0.0,20.66822784911077,0.3673350211697701,False,0.0,fixed_device,0,83.8352488853537,118.05332671712425,167.6704977707074,204.94395774055712,107.50854;83.835249;108.17078;117.03402;89.487233;118.05333;86.697402;85.209342;102.47198;92.587643;100.74184;98.930132;99.136065;93.433459;94.419352;116.50486;105.77879,198.80062;167.6705;194.33474;189.94553;178.97447;197.9976;173.3948;170.41868;204.94396;185.17529;198.89142;197.86026;196.57891;186.86692;188.8387;189.8481;183.62519,4.9457111;5.0272209;5.0049862;5.0861229;5.0349499;4.97517;4.9890876;5.0206058;4.8965438;5.0073491;4.9351045;5.0695225;5.0068295;5.0800369;4.971503;4.9932767;4.9559796,7.033354449959006e-07,25.28432273864746,3.521887137480917e-08,42980.199123443395,1.0,0.1979046860138001,True,,,2,11388022986648536968,1cebbe2c85286d125a19176074641cec80e768fcc76265a176a2887e861b48e2:1391,123,9087949064961911478,3eabdfa943524b1077c76342cd49dd883c1d02e6abf0a6e9273162f3d53c340b,0.03653492647058824
1392,0,3.866186661341891,1.8553463498361102,outside,circular,1.7789397076033713,1.1485918511127546,3.3223976735534553,1.0,167.62266840811557,1,,,,False,0.31320451636794017,0.9123689043870564,False,0.14568412326493274,1.503567985434167,0.5364345435450774,2.3605985299845824,ballistic,26.989537468719792,,0.07274756759222305,6.179703971241395,1.9311608402135865,3.2600174078187543,4.762857054809927,6.839296049891718,0.5968073107085349,0.10249490261181866,0.8090287894441952,0.10913846662487679,0.4279956852986573,0.8651992913324626,27.567806977957197,2.89775043356722,0.008510226531763747,qp_ode,0.05,100.0,3.4985230362628806e-08,100.00000000000001,188.48033507752348,1.1803160935917973,191.0,5.0,0.999,independent_lognormal,False,0.0,False,0.0,9.587703808992432,0.18820953385011013,False,0.0,fixed_device,0,83.8352488853537,118.05332671712425,167.6704977707074,204.94395774055712,107.50854;83.835249;108.17078;117.03402;89.487233;118.05333;86.697402;85.209342;102.47198;92.587643;100.74184;98.930132;99.136065;93.433459;94.419352;116.50486;105.77879,198.80062;167.6705;194.33474;189.94553;178.97447;197.9976;173.3948;170.41868;204.94396;185.17529;198.89142;197.86026;196.57891;186.86692;188.8387;189.8481;183.62519,4.9457111;5.0272209;5.0049862;5.0861229;5.0349499;4.97517;4.9890876;5.0206058;4.8965438;5.0073491;4.9351045;5.0695225;5.0068295;5.0800369;4.971503;4.9932767;4.9559796,6.550022249030008e-07,27.235431671142578,3.281937921428835e-08,42980.199123443395,1.0,0.17942410730589772,True,,,2,7620920992461428426,1cebbe2c85286d125a19176074641cec80e768fcc76265a176a2887e861b48e2:1392,123,7363927631147068946,3eabdfa943524b1077c76342cd49dd883c1d02e6abf0a6e9273162f3d53c340b,0.023983226102941176
1393,0,-2.497567726985573,-3.7036915289164725,outside,elliptical,1.9134734340789596,1.5665855892971625,9.836188062827311,1.0866411837650238,93.77140875902292,1,,,,False,0.1609919246649716,0.6602897477508914,False,0.26525804240073225,1.5552718152311826,0.5748801700247788,2.3843154896646057,diffusive,,9.852425229106085,0.042507237700487435,15.412562425850753,1.6440425121653095,3.0971439869217425,5.328807974600865,6.419828296525527,0.3940686762115184,0.33823868011081804,0.9856485216332914,0.22769613972419647,0.21369050219910152,0.7314527137160036,22.281886045574712,3.051981690927778,0.03739892801458494,qp_ode,0.05,100.0,1.0159266483850303e-07,100.00000000000001,188.48033507752348,1.130293204923248,191.0,5.0,0.999,independent_lognormal,False,0.0,False,0.0,6.414762016498873,0.1634482339620822,False,0.0,fixed_device,0,83.8352488853537,118.05332671712425,167.6704977707074,204.94395774055712,107.50854;83.835249;108.17078;117.03402;89.487233;118.05333;86.697402;85.209342;102.47198;92.587643;100.74184;98.930132;99.136065;93.433459;94.419352;116.50486;105.77879,198.80062;167.6705;194.33474;189.94553;178.97447;197.9976;173.3948;170.41868;204.94396;185.17529;198.89142;197.86026;196.57891;186.86692;188.8387;189.8481;183.62519,4.9457111;5.0272209;5.0049862;5.0861229;5.0349499;4.97517;4.9890876;5.0206058;4.8965438;5.0073491;4.9351045;5.0695225;5.0068295;5.0800369;4.971503;4.9932767;4.9559796,1.988400526897749e-06,10.243446350097656,9.99793954292727e-08,42980.199123443395,1.0,0.1934273815093558,True,,,2,14165514007954961030,1cebbe2c85286d125a19176074641cec80e768fcc76265a176a2887e861b48e2:1393,123,8305411177372268783,3eabdfa943524b1077c76342cd49dd883c1d02e6abf0a6e9273162f3d53c340b,0.16119025735294118
1394,0,1.3184143288893333,-0.22487973022257135,inside,circular,2.0447760452511163,1.672463853209071,7.158012192151988,1.0,140.65722210910332,1,,,,False,0.17430249508246165,0.18552896571151967,False,0.14063503609861552,2.7606250234850003,1.1906324699352346,2.0386340390800783,ballistic,26.48413402596469,,0.05802018956461974,68.95460419315698,0.5741811463486427,2.3705792998529813,4.099932966447756,5.628642361268745,0.2870290767912262,0.2968014178852212,0.937937712312124,0.3780244073489962,0.4683308267708298,1.1941151885314811,32.97700291387211,2.839614604193469,0.004284391095916416,qp_ode,0.05,100.0,4.963522895598172e-09,100.00000000000001,188.48033507752348,1.682457402513586,191.0,5.0,0.999,independent_lognormal,False,0.0,False,0.0,20.588820722294837,0.13125341419678913,False,0.0,fixed_device,0,83.8352488853537,118.05332671712425,167.6704977707074,204.94395774055712,107.50854;83.835249;108.17078;117.03402;89.487233;118.05333;86.697402;85.209342;102.47198;92.587643;100.74184;98.930132;99.136065;93.433459;94.419352;116.50486;105.77879,198.80062;167.6705;194.33474;189.94553;178.97447;197.9976;173.3948;170.41868;204.94396;185.17529;198.89142;197.86026;196.57891;186.86692;188.8387;189.8481;183.62519,4.9457111;5.0272209;5.0049862;5.0861229;5.0349499;4.97517;4.9890876;5.0206058;4.8965438;5.0073491;4.9351045;5.0695225;5.0068295;5.0800369;4.971503;4.9932767;4.9559796,1.0029145158796382e-07,65.20184326171875,5.018892856867296e-09,42980.199123443395,1.0,0.17078501757953876,True,,,1,6001819026323393851,1cebbe2c85286d125a19176074641cec80e768fcc76265a176a2887e861b48e2:1394,123,8862890608009571874,3eabdfa943524b1077c76342cd49dd883c1d02e6abf0a6e9273162f3d53c340b,0.0
1395,0,2.037903879872963,3.0,edge,circular,2.2517589902409836,1.4238521981819754,8.156812324562011,1.0,45.51523789886898,1,,,,False,0.17688461874697098,0.21442987850049977,False,0.18243205559192888,2.3775864240745364,1.202912913044481,1.2322278330334302,diffusive,,12.358713998268437,0.11557884783482822,74.01629995825246,1.1906107686458702,2.049822303476043,5.114744931659592,7.616661546266196,0.5517487235902714,0.27933418670146803,0.8118770802701853,0.08115594373578423,0.2985492422127978,1.1376661905535421,29.52110251237641,3.144652767800609,0.0032813111804444973,qp_ode,0.05,100.0,2.2905338849810975e-10,100.00000000000001,188.48033507752348,0.6216141577183361,191.0,5.0,0.999,independent_lognormal,False,0.0,False,0.0,16.082646377294104,0.05748519134692698,False,0.0,fixed_device,0,83.8352488853537,118.05332671712425,167.6704977707074,204.94395774055712,107.50854;83.835249;108.17078;117.03402;89.487233;118.05333;86.697402;85.209342;102.47198;92.587643;100.74184;98.930132;99.136065;93.433459;94.419352;116.50486;105.77879,198.80062;167.6705;194.33474;189.94553;178.97447;197.9976;173.3948;170.41868;204.94396;185.17529;198.89142;197.86026;196.57891;186.86692;188.8387;189.8481;183.62519,4.9457111;5.0272209;5.0049862;5.0861229;5.0349499;4.97517;4.9890876;5.0206058;4.8965438;5.0073491;4.9351045;5.0695225;5.0068295;5.0800369;4.971503;4.9932767;4.9559796,4.8590278467486314e-09,83.83525085449219,2.429698386929857e-10,42980.199123443395,1.0,0.18559744311757106,True,,,0,9223924981307173037,1cebbe2c85286d125a19176074641cec80e768fcc76265a176a2887e861b48e2:1395,123,851260738359809787,3eabdfa943524b1077c76342cd49dd883c1d02e6abf0a6e9273162f3d53c340b,0.0
1396,0,-1.4646314657491974,-3.3655142056085783,outside,circular,2.237967702296343,1.3024803999629402,6.1171693841325565,1.0,171.40374149409823,1,,,,False,0.34570382887599016,0.5250609689728251,False,0.3371618644387371,2.074043276753013,1.2138090040665581,2.5937174737204343,diffusive,,13.079675734956925,0.03214040143270011,77.71451069175835,0.7485601899123071,3.3597986632742076,4.736903403863376,6.75711112713355,0.5657796841405823,0.20784833907066438,0.8540182112218551,0.5170081748826075,0.20589061216780952,0.730417852139367,31.899734551735946,2.832586683277008,0.04134089557718732,qp_ode,0.05,100.0,3.333524441933979e-10,100.00000000000001,188.48033507752348,0.23520222729057058,191.0,5.0,0.999,independent_lognormal,False,0.0,False,0.0,5.5296261543765235,0.43204044483693377,False,0.0,fixed_device,0,83.8352488853537,118.05332671712425,167.6704977707074,204.94395774055712,107.50854;83.835249;108.17078;117.03402;89.487233;118.05333;86.697402;85.209342;102.47198;92.587643;100.74184;98.930132;99.136065;93.433459;94.419352;116.50486;105.77879,198.80062;167.6705;194.33474;189.94553;178.97447;197.9976;173.3948;170.41868;204.94396;185.17529;198.89142;197.86026;196.57891;186.86692;188.8387;189.8481;183.62519,4.9457111;5.0272209;5.0049862;5.0861229;5.0349499;4.97517;4.9890876;5.0206058;4.8965438;5.0073491;4.9351045;5.0695225;5.0068295;5.0800369;4.971503;4.9932767;4.9559796,8.171785026434009e-09,82.46430969238281,4.08678951790975e-10,42980.199123443395,1.0,0.17351258528902125,True,,,0,2605642720052974139,1cebbe2c85286d125a19176074641cec80e768fcc76265a176a2887e861b48e2:1396,123,7026239658220136760,3eabdfa943524b1077c76342cd49dd883c1d02e6abf0a6e9273162f3d53c340b,0.0
1397,0,2.658941073215379,-3.310742495072698,outside,elliptical,2.1793666104215066,0.96855138979835,8.824424617573285,1.917779666402053,108.39160371699055,1,,,,False,0.32183129762512286,0.9081549128350752,False,0.25145276499038016,3.1211005626964012,1.099474369197388,2.637596339889245,ballistic,35.38716143706502,,0.02075697073349871,72.95980617870691,0.9595954285585528,2.496513812644263,4.338411949719354,7.641632959931616,0.4537741184592412,0.1655677498518182,0.8679649200847054,0.15327424546318769,0.29350915722489124,0.8722515033833386,29.47791253099227,3.0700296249172516,0.07773151599516409,qp_ode,0.05,100.0,1.4363453566377813e-10,100.00000000000001,188.48033507752348,1.6550546979276517,191.0,5.0,0.999,independent_lognormal,False,0.0,False,0.0,23.8628830532232,0.12491522388472634,False,0.0,fixed_device,0,83.8352488853537,118.05332671712425,167.6704977707074,204.94395774055712,107.50854;83.835249;108.17078;117.03402;89.487233;118.05333;86.697402;85.209342;102.47198;92.587643;100.74184;98.930132;99.136065;93.433459;94.419352;116.50486;105.77879,198.80062;167.6705;194.33474;189.94553;178.97447;197.9976;173.3948;170.41868;204.94396;185.17529;198.89142;197.86026;196.57891;186.86692;188.8387;189.8481;183.62519,4.9457111;5.0272209;5.0049862;5.0861229;5.0349499;4.97517;4.9890876;5.0206058;4.8965438;5.0073491;4.9351045;5.0695225;5.0068295;5.0800369;4.971503;4.9932767;4.9559796,2.833633772070243e-09,83.65217590332031,1.416838452117375e-10,42980.199123443395,1.0,0.19466585078350243,True,,,0,6513675519166465823,1cebbe2c85286d125a19176074641cec80e768fcc76265a176a2887e861b48e2:1397,123,1934380933087534619,3eabdfa943524b1077c76342cd49dd883c1d02e6abf0a6e9273162f3d53c340b,0.0
1398,0,-0.13010011367635466,2.9939356967614703,inside,elliptical,1.993615037381927,1.4505500115984813,5.5129840539936605,1.5216055867219445,131.86672213298993,1,,,,False,0.18314944213929596,0.7129492855426095,False,0.373102427588034,3.676799679594409,0.8864632113619939,2.8693041299201587,ballistic,34.08329422507528,,0.021354500064104182,45.411143606235285,0.5432108369450118,2.754076955867559,5.75420152968266,9.928758504363069,0.4398530035842171,0.2808558497298326,0.8785034457119942,0.23121322015542117,0.15175738044772386,0.7074818050861935,28.674786169980656,3.2383635793281926,0.06270776025658004,qp_ode,0.05,100.0,4.290376269343379e-09,100.00000000000001,188.48033507752348,1.956466578232097,191.0,5.0,0.999,independent_lognormal,False,0.0,False,0.0,15.864446315093595,0.6085398245710841,False,0.0,fixed_device,0,83.8352488853537,118.05332671712425,167.6704977707074,204.94395774055712,107.50854;83.835249;108.17078;117.03402;89.487233;118.05333;86.697402;85.209342;102.47198;92.587643;100.74184;98.930132;99.136065;93.433459;94.419352;116.50486;105.77879,198.80062;167.6705;194.33474;189.94553;178.97447;197.9976;173.3948;170.41868;204.94396;185.17529;198.89142;197.86026;196.57891;186.86692;188.8387;189.8481;183.62519,4.9457111;5.0272209;5.0049862;5.0861229;5.0349499;4.97517;4.9890876;5.0206058;4.8965438;5.0073491;4.9351045;5.0695225;5.0068295;5.0800369;4.971503;4.9932767;4.9559796,1.5251646345859626e-07,62.57806396484375,7.630344356357455e-09,42980.199123443395,1.0,0.20190883122085457,True,,,1,11014513961785251965,1cebbe2c85286d125a19176074641cec80e768fcc76265a176a2887e861b48e2:1398,123,6031354925638247681,3eabdfa943524b1077c76342cd49dd883c1d02e6abf0a6e9273162f3d53c340b,0.0
1399,0,1.1354379911718233,-3.846839936321049,outside,circular,2.3606335802005094,0.9630226931651172,8.981901531191,1.0,18.80155566955012,1,,,,False,0.20963788299132596,0.2399260221075552,False,0.24487252835830162,3.478291560721573,0.810477670171836,1.058999135277348,diffusive,,18.23620667916054,0.04228245244304035,15.588647458478482,1.6007843948417273,3.6329580135291546,5.853084706440261,9.820935310289988,0.4118446046568902,0.30653482547651567,0.8187009802237697,0.6579501144925641,0.33836223215329364,0.5421723966524109,26.015358025929462,2.8890114097036728,0.016844750196857508,qp_ode,0.05,100.0,7.325216030944594e-09,100.00000000000001,188.48033507752348,0.6100314709762023,191.0,5.0,0.999,independent_lognormal,False,0.0,False,0.0,1.965512442339959,0.08492700806047529,False,0.0,fixed_device,0,83.8352488853537,118.05332671712425,167.6704977707074,204.94395774055712,107.50854;83.835249;108.17078;117.03402;89.487233;118.05333;86.697402;85.209342;102.47198;92.587643;100.74184;98.930132;99.136065;93.433459;94.419352;116.50486;105.77879,198.80062;167.6705;194.33474;189.94553;178.97447;197.9976;173.3948;170.41868;204.94396;185.17529;198.89142;197.86026;196.57891;186.86692;188.8387;189.8481;183.62519,4.9457111;5.0272209;5.0049862;5.0861229;5.0349499;4.97517;4.9890876;5.0206058;4.8965438;5.0073491;4.9351045;5.0695225;5.0068295;5.0800369;4.971503;4.9932767;4.9559796,1.286707487224703e-07,61.23848342895508,6.449496936511423e-09,42980.199123443395,1.0,0.1732551654152731,True,,,1,13749828837986928396,1cebbe2c85286d125a19176074641cec80e768fcc76265a176a2887e861b48e2:1399,123,6450749971523012139,3eabdfa943524b1077c76342cd49dd883c1d02e6abf0a6e9273162f3d53c340b,0.0
1400,0,-1.8652582061562393,3.0,edge,elliptical,2.0303522308275377,1.2283365470671486,8.48501982357714,2.353855644542138,130.04406327217097,1,,,,False,0.33711067135191475,0.6626137243805954,False,0.20203332745688668,1.8397863805517827,1.1944618202846389,1.631420564643193,diffusive,,17.61602270238508,0.0925323676365535,36.36149366883818,0.4268110933511251,3.496657898026437,6.326147305006332,5.02107001705692,0.5666667102394672,0.1397949942631124,0.8386200401851879,0.004697554943742688,0.20038859105209525,0.8876021523507907,26.504188326577456,3.396460735581685,0.06702328343476423,qp_ode,0.05,100.0,6.913873446215183e-10,100.00000000000001,188.48033507752348,1.0489133722981767,191.0,5.0,0.999,independent_lognormal,False,0.0,False,0.0,8.30426027471101,0.3592189281487573,False,0.0,fixed_device,0,83.8352488853537,118.05332671712425,167.6704977707074,204.94395774055712,107.50854;83.835249;108.17078;117.03402;89.487233;118.05333;86.697402;85.209342;102.47198;92.587643;100.74184;98.930132;99.136065;93.433459;94.419352;116.50486;105.77879,198.80062;167.6705;194.33474;189.94553;178.97447;197.9976;173.3948;170.41868;204.94396;185.17529;198.89142;197.86026;196.57891;186.86692;188.8387;189.8481;183.62519,4.9457111;5.0272209;5.0049862;5.0861229;5.0349499;4.97517;4.9890876;5.0206058;4.8965438;5.0073491;4.9351045;5.0695225;5.0068295;5.0800369;4.971503;4.9932767;4.9559796,1.2079230060635382e-08,83.1120376586914,6.046459444242203e-10,42980.199123443395,1.0,0.21319897500720433,True,,,0,9851084298119190609,1cebbe2c85286d125a19176074641cec80e768fcc76265a176a2887e861b48e2:1400,123,4416110757257172916,3eabdfa943524b1077c76342cd49dd883c1d02e6abf0a6e9273162f3d53c340b,0.0
1401,0,3.0,1.7160501625444997,edge,elliptical,2.421980585300613,1.6704770165150509,9.726309221663978,2.0524712344030065,19.135383450218455,1,,,,False,0.17814964551534124,0.6724190228847745,False,0.3027742610951103,3.715940749632322,0.8456553625448249,2.3328734498164785,ballistic,30.557037863448866,,0.08618214709535071,57.39620443320935,1.7883467787695237,2.9766174052647063,3.676755183285368,6.088525943359613,0.22103211027463932,0.21700710749583163,0.8836814971996817,0.6559066975049381,0.1343131940175455,0.5714743383180347,22.826425214042597,3.030404434257329,0.07791301685390986,qp_ode,0.05,100.0,3.9118140388686636e-08,100.00000000000001,188.48033507752348,1.494783449738701,191.0,5.0,0.999,independent_lognormal,False,0.0,False,0.0,26.40211106193044,0.4690528797288372,False,0.0,fixed_device,0,83.8352488853537,118.05332671712425,167.6704977707074,204.94395774055712,107.50854;83.835249;108.17078;117.03402;89.487233;118.05333;86.697402;85.209342;102.47198;92.587643;100.74184;98.930132;99.136065;93.433459;94.419352;116.50486;105.77879,198.80062;167.6705;194.33474;189.94553;178.97447;197.9976;173.3948;170.41868;204.94396;185.17529;198.89142;197.86026;196.57891;186.86692;188.8387;189.8481;183.62519,4.9457111;5.0272209;5.0049862;5.0861229;5.0349499;4.97517;4.9890876;5.0206058;4.8965438;5.0073491;4.9351045;5.0695225;5.0068295;5.0800369;4.971503;4.9932767;4.9559796,8.680721066411934e-07,21.8013973236084,4.348546056576197e-08,42980.199123443395,1.0,0.20128029098334477,True,,,2,4922208725620400368,1cebbe2c85286d125a19176074641cec80e768fcc76265a176a2887e861b48e2:1401,123,3139551283068405066,3eabdfa943524b1077c76342cd49dd883c1d02e6abf0a6e9273162f3d53c340b,0.10486557904411764
1402,0,2.0697095143733284,-3.0,edge,elliptical,2.2968913919637277,1.1910512107963829,7.5999643986532215,1.3874366065511583,69.19989824889646,1,,,,False,0.3458833010453453,0.429759787794709,False,0.15238123735890535,2.2416088069910267,1.0346602964826306,1.0265452840311236,ballistic,25.460193444326087,,0.03506436757545786,61.920397663204774,0.5782033622520187,2.29842111506257,6.1048882053067075,8.013210195637095,0.5298727990118091,0.13886512365150652,0.9954381966416805,0.5664930157376475,0.12810084529822924,1.0108705569699803,26.728783388457465,3.3730950160594437,0.06947801588713762,qp_ode,0.05,100.0,8.070690918404108e-09,100.00000000000001,188.48033507752348,0.5376660884386717,191.0,5.0,0.999,independent_lognormal,False,0.0,False,0.0,52.311971903924565,0.3157420690804441,False,0.0,fixed_device,0,83.8352488853537,118.05332671712425,167.6704977707074,204.94395774055712,107.50854;83.835249;108.17078;117.03402;89.487233;118.05333;86.697402;85.209342;102.47198;92.587643;100.74184;98.930132;99.136065;93.433459;94.419352;116.50486;105.77879,198.80062;167.6705;194.33474;189.94553;178.97447;197.9976;173.3948;170.41868;204.94396;185.17529;198.89142;197.86026;196.57891;186.86692;188.8387;189.8481;183.62519,4.9457111;5.0272209;5.0049862;5.0861229;5.0349499;4.97517;4.9890876;5.0206058;4.8965438;5.0073491;4.9351045;5.0695225;5.0068295;5.0800369;4.971503;4.9932767;4.9559796,2.0997981664550025e-07,53.50456237792969,1.0504871639227531e-08,42980.199123443395,1.0,0.21286813755315231,True,,,1,16640924637939548639,1cebbe2c85286d125a19176074641cec80e768fcc76265a176a2887e861b48e2:1402,123,8437368895755144439,3eabdfa943524b1077c76342cd49dd883c1d02e6abf0a6e9273162f3d53c340b,0.0
1403,0,2.4760810865738154,-1.140268169226013,inside,elliptical,2.0095494573433776,1.0258227577599703,2.425056642169209,1.8219004431805117,119.76134639201751,1,,,,False,0.19681727813841754,0.29002142098915007,False,0.3432498202159797,1.6923733157696341,1.2857650473344466,1.9494795637984614,diffusive,,17.13319562121282,0.06419972883192085,45.062034666969396,0.588515491771076,2.360183457382191,4.176997674989404,7.645174554249917,0.47145874210854155,0.42968841023744964,0.8245385716325737,0.08369381438354423,0.3144916619902134,0.8286660066503936,29.70618097941097,3.178997912776448,0.03289533804456411,qp_ode,0.05,100.0,2.2881577631752523e-10,100.00000000000001,188.48033507752348,1.6220076584803285,191.0,5.0,0.999,independent_lognormal,False,0.0,False,0.0,12.6029443871859,0.48290988889345243,False,0.0,fixed_device,0,83.8352488853537,118.05332671712425,167.6704977707074,204.94395774055712,107.50854;83.835249;108.17078;117.03402;89.487233;118.05333;86.697402;85.209342;102.47198;92.587643;100.74184;98.930132;99.136065;93.433459;94.419352;116.50486;105.77879,198.80062;167.6705;194.33474;189.94553;178.97447;197.9976;173.3948;170.41868;204.94396;185.17529;198.89142;197.86026;196.57891;186.86692;188.8387;189.8481;183.62519,4.9457111;5.0272209;5.0049862;5.0861229;5.0349499;4.97517;4.9890876;5.0206058;4.8965438;5.0073491;4.9351045;5.0695225;5.0068295;5.0800369;4.971503;4.9932767;4.9559796,5.010674097860601e-09,83.8180160522461,2.5066829167919025e-10,42980.199123443395,1.0,0.19315371048020358,True,,,0,516540766497758292,1cebbe2c85286d125a19176074641cec80e768fcc76265a176a2887e861b48e2:1403,123,598094196887639529,3eabdfa943524b1077c76342cd49dd883c1d02e6abf0a6e9273162f3d53c340b,0.0
1404,0,-2.589948522658883,-3.0,edge,elliptical,2.0642889979333923,1.2629886194059825,8.444986145337317,1.5568581344045391,123.28796649010746,1,,,,False,0.3084445325041277,0.7655807500827944,False,0.27268153506431436,2.669739605995682,0.6270419528982358,2.1729801657702934,diffusive,,11.57012065590953,0.10839105248073258,53.572083989688714,0.6131794752284963,3.296326298673888,4.875919994576716,9.072994124564946,0.23334868312164486,0.2231880748666787,0.863406549884123,0.6315783772217227,0.38636243532311626,0.5716805305531285,30.754085247789156,3.1604697097464465,0.023869508898445267,qp_ode,0.05,100.0,1.0461162175239048e-09,100.00000000000001,188.48033507752348,0.5739387828428173,191.0,5.0,0.999,independent_lognormal,False,0.0,False,0.0,23.57573293294938,0.2616379762180369,False,0.0,fixed_device,0,83.8352488853537,118.05332671712425,167.6704977707074,204.94395774055712,107.50854;83.835249;108.17078;117.03402;89.487233;118.05333;86.697402;85.209342;102.47198;92.587643;100.74184;98.930132;99.136065;93.433459;94.419352;116.50486;105.77879,198.80062;167.6705;194.33474;189.94553;178.97447;197.9976;173.3948;170.41868;204.94396;185.17529;198.89142;197.86026;196.57891;186.86692;188.8387;189.8481;183.62519,4.9457111;5.0272209;5.0049862;5.0861229;5.0349499;4.97517;4.9890876;5.0206058;4.8965438;5.0073491;4.9351045;5.0695225;5.0068295;5.0800369;4.971503;4.9932767;4.9559796,1.2260374049333223e-08,80.62175750732422,6.130877472365626e-10,42980.199123443395,1.0,0.19036047412353801,True,,,1,14940700499995447315,1cebbe2c85286d125a19176074641cec80e768fcc76265a176a2887e861b48e2:1404,123,1420661151227359441,3eabdfa943524b1077c76342cd49dd883c1d02e6abf0a6e9273162f3d53c340b,0.0
1405,0,-0.4688344674700833,3.0,edge,elliptical,1.7126543206587515,1.2859150940778794,4.469308598828672,2.133324037993784,53.7644372977361,1,,,,False,0.1273204626231737,0.13871883406297325,False,0.2057281520799707,3.5390542526545223,1.1142448845806818,1.858157765861536,ballistic,20.53322465458986,,0.11250761621101892,78.3350430157676,1.2911032655880494,3.7688467605042457,4.250842419399623,5.371015322696969,0.38948979756593394,0.15117915164970983,0.9757855854387064,0.5193445018205846,0.18267463558271618,0.6411922407796309,34.4269896330013,3.3787807827858516,0.06428396721428292,qp_ode,0.05,100.0,1.571944051747484e-10,100.00000000000001,188.48033507752348,1.7803512817192257,191.0,5.0,0.999,independent_lognormal,False,0.0,False,0.0,98.48294120714684,0.3571422758193288,False,0.0,fixed_device,0,83.8352488853537,118.05332671712425,167.6704977707074,204.94395774055712,107.50854;83.835249;108.17078;117.03402;89.487233;118.05333;86.697402;85.209342;102.47198;92.587643;100.74184;98.930132;99.136065;93.433459;94.419352;116.50486;105.77879,198.80062;167.6705;194.33474;189.94553;178.97447;197.9976;173.3948;170.41868;204.94396;185.17529;198.89142;197.86026;196.57891;186.86692;188.8387;189.8481;183.62519,4.9457111;5.0272209;5.0049862;5.0861229;5.0349499;4.97517;4.9890876;5.0206058;4.8965438;5.0073491;4.9351045;5.0695225;5.0068295;5.0800369;4.971503;4.9932767;4.9559796,3.04953085006332e-09,83.82538604736328,1.524819159826052e-10,42980.199123443395,1.0,0.21155586394190332,True,,,0,14982344917751665204,1cebbe2c85286d125a19176074641cec80e768fcc76265a176a2887e861b48e2:1405,123,2657898978633107613,3eabdfa943524b1077c76342cd49dd883c1d02e6abf0a6e9273162f3d53c340b,0.0
1406,0,-3.645062681825418,-2.4387373347964667,outside,elliptical,2.363633846198882,1.0084235089489326,5.112704613308399,2.349315813035999,143.6625105255742,1,,,,False,0.15262030158237,0.12724871272940885,False,0.21448761404349084,1.7909417435818833,1.133850413669062,2.368056784341106,diffusive,,7.892332465937012,0.0885735822815661,78.34362439248282,1.2745167846583794,3.0625543092943626,5.69647984848942,8.731100791026623,0.5152571595386569,0.4401134687783792,0.839974426253904,0.2938318233072469,0.13972276440724724,0.6028830076252467,30.004210688495327,3.0755242761235593,0.07212702691563612,qp_ode,0.05,100.0,1.526454658990165e-07,100.00000000000001,188.48033507752348,0.31999852631502773,191.0,5.0,0.999,independent_lognormal,False,0.0,False,0.0,8.847815910352361,0.2564472848630475,False,0.0,fixed_device,0,83.8352488853537,118.05332671712425,167.6704977707074,204.94395774055712,107.50854;83.835249;108.17078;117.03402;89.487233;118.05333;86.697402;85.209342;102.47198;92.587643;100.74184;98.930132;99.136065;93.433459;94.419352;116.50486;105.77879,198.80062;167.6705;194.33474;189.94553;178.97447;197.9976;173.3948;170.41868;204.94396;185.17529;198.89142;197.86026;196.57891;186.86692;188.8387;189.8481;183.62519,4.9457111;5.0272209;5.0049862;5.0861229;5.0349499;4.97517;4.9890876;5.0206058;4.8965438;5.0073491;4.9351045;5.0695225;5.0068295;5.0800369;4.971503;4.9932767;4.9559796,2.8498636766016716e-06,7.4211297035217285,1.43377306471848e-07,42980.199123443395,1.0,0.1939851306312008,True,,,2,5284024698899952770,1cebbe2c85286d125a19176074641cec80e768fcc76265a176a2887e861b48e2:1406,123,8676831889539683529,3eabdfa943524b1077c76342cd49dd883c1d02e6abf0a6e9273162f3d53c340b,0.07034122242647059
1407,0,1.2710059515307357,-0.006147561467012785,inside,circular,1.8900358994838824,1.3323146029758817,2.0622131740052767,1.0,8.351284532997237,1,,,,False,0.16499936511279395,0.7565906021138604,False,0.33302616146241226,3.172108663671256,1.2113386575847576,1.1404428928900696,ballistic,24.342741061025944,,0.06136281320530561,20.607285388181865,0.6489602744559259,2.144345477788679,6.395058691670831,6.59986171873423,0.4900139052352105,0.13493725041725768,0.9292984298160705,0.4500424455480514,0.40594593828035236,1.026527663574318,33.82626460918484,3.337541106005319,0.0651616877587784,qp_ode,0.05,100.0,8.191760165125109e-09,100.00000000000001,188.48033507752348,0.5885863282367629,191.0,5.0,0.999,independent_lognormal,False,0.0,False,0.0,2.4556207362250677,0.1807239053825841,False,0.0,fixed_device,0,83.8352488853537,118.05332671712425,167.6704977707074,204.94395774055712,107.50854;83.835249;108.17078;117.03402;89.487233;118.05333;86.697402;85.209342;102.47198;92.587643;100.74184;98.930132;99.136065;93.433459;94.419352;116.50486;105.77879,198.80062;167.6705;194.33474;189.94553;178.97447;197.9976;173.3948;170.41868;204.94396;185.17529;198.89142;197.86026;196.57891;186.86692;188.8387;189.8481;183.62519,4.9457111;5.0272209;5.0049862;5.0861229;5.0349499;4.97517;4.9890876;5.0206058;4.8965438;5.0073491;4.9351045;5.0695225;5.0068295;5.0800369;4.971503;4.9932767;4.9559796,1.6072942798928125e-07,53.59547424316406,8.058685274647814e-09,42980.199123443395,1.0,0.21067400371146092,True,,,1,2913140340393947757,1cebbe2c85286d125a19176074641cec80e768fcc76265a176a2887e861b48e2:1407,123,3467626372720156554,3eabdfa943524b1077c76342cd49dd883c1d02e6abf0a6e9273162f3d53c340b,0.0
1408,0,2.2298367869829416,-3.7528509299828885,outside,elliptical,1.7764309739862967,0.9312622997480452,8.497510643943523,1.7826181642560461,126.86272591643488,1,,,,False,0.21913360828532263,0.5731524357794393,False,0.11443637406977604,3.8081186511826854,0.7070644022265278,2.229662275591167,diffusive,,5.780289566893952,0.05345969467710196,58.7645737283189,0.41943600677077736,2.1811452063108505,5.353965969816599,5.4022663220392735,0.40333910176713494,0.22667796827533715,0.8724949430516302,0.45574597354877516,0.3046247730735039,0.8711608378302393,26.230628871915762,3.293664035795681,0.02695167128880817,qp_ode,0.05,100.0,3.3968127144784326e-09,100.00000000000001,188.48033507752348,1.595604763742354,191.0,5.0,0.999,independent_lognormal,False,0.0,False,0.0,15.687949612374977,0.10834307679066642,False,0.0,fixed_device,0,83.8352488853537,118.05332671712425,167.6704977707074,204.94395774055712,107.50854;83.835249;108.17078;117.03402;89.487233;118.05333;86.697402;85.209342;102.47198;92.587643;100.74184;98.930132;99.136065;93.433459;94.419352;116.50486;105.77879,198.80062;167.6705;194.33474;189.94553;178.97447;197.9976;173.3948;170.41868;204.94396;185.17529;198.89142;197.86026;196.57891;186.86692;188.8387;189.8481;183.62519,4.9457111;5.0272209;5.0049862;5.0861229;5.0349499;4.97517;4.9890876;5.0206058;4.8965438;5.0073491;4.9351045;5.0695225;5.0068295;5.0800369;4.971503;4.9932767;4.9559796,6.383947237509346e-08,73.82709503173828,3.196866771304485e-09,42980.199123443395,1.0,0.19898816269030828,True,,,1,2695941453192219462,1cebbe2c85286d125a19176074641cec80e768fcc76265a176a2887e861b48e2:1408,123,2813094157249437598,3eabdfa943524b1077c76342cd49dd883c1d02e6abf0a6e9273162f3d53c340b,0.0
1409,0,1.2378731745776257,3.298003959747539,outside,circular,2.0902805151948565,1.0761251873448074,4.600269991752911,1.0,36.75590839670246,1,,,,False,0.391883905694879,0.07651952629935321,False,0.395739303815406,3.3181063804979125,0.6260906854140378,2.7381541526872457,ballistic,32.48469578955982,,0.025392689040868346,2.2196706417050116,0.6413304621332554,2.126915339825455,4.541721283872635,9.739181694508009,0.21057478979760785,0.4420871534285794,0.8498314156613295,0.6650998006643328,0.40361284065116343,0.9388823267570106,26.652562450947354,3.106510855200322,0.03163463079478512,qp_ode,0.05,100.0,4.680611320795545e-10,100.00000000000001,188.48033507752348,1.4992678361423493,191.0,5.0,0.999,independent_lognormal,False,0.0,False,0.0,18.73354363671265,0.1206550014792459,False,0.0,fixed_device,0,83.8352488853537,118.05332671712425,167.6704977707074,204.94395774055712,107.50854;83.835249;108.17078;117.03402;89.487233;118.05333;86.697402;85.209342;102.47198;92.587643;100.74184;98.930132;99.136065;93.433459;94.419352;116.50486;105.77879,198.80062;167.6705;194.33474;189.94553;178.97447;197.9976;173.3948;170.41868;204.94396;185.17529;198.89142;197.86026;196.57891;186.86692;188.8387;189.8481;183.62519,4.9457111;5.0272209;5.0049862;5.0861229;5.0349499;4.97517;4.9890876;5.0206058;4.8965438;5.0073491;4.9351045;5.0695225;5.0068295;5.0800369;4.971503;4.9932767;4.9559796,1.064212362678063e-08,83.5784912109375,5.326202812128145e-10,42980.199123443395,1.0,0.1886880672729384,True,,,0,9421763329561648679,1cebbe2c85286d125a19176074641cec80e768fcc76265a176a2887e861b48e2:1409,123,1503138040797805358,3eabdfa943524b1077c76342cd49dd883c1d02e6abf0a6e9273162f3d53c340b,0.0
1410,0,-0.4947599134077585,-3.7418481024616583,outside,elliptical,1.744289702955224,1.4379383797460832,6.839592863345341,2.1925881089816643,147.50605455084005,1,,,,False,0.2661268068664859,0.14365356990754075,False,0.1355489019430742,3.403372958458734,0.9217276098501326,2.5607336767607123,diffusive,,11.029106982203347,0.07219744408392673,27.89160763522218,0.7599258877074511,3.420007221855347,6.078727223749115,8.006762642024096,0.5315156572958022,0.21526526407414082,0.9634317737210092,0.02736695894059578,0.34373806731965567,0.6535727535060559,32.471449593041996,3.3957347325551077,0.030965491030997504,qp_ode,0.05,100.0,7.666195675592555e-10,100.00000000000001,188.48033507752348,0.5490766660008676,191.0,5.0,0.999,independent_lognormal,False,0.0,False,0.0,16.740234845953015,0.510080153903339,False,0.0,fixed_device,0,83.8352488853537,118.05332671712425,167.6704977707074,204.94395774055712,107.50854;83.835249;108.17078;117.03402;89.487233;118.05333;86.697402;85.209342;102.47198;92.587643;100.74184;98.930132;99.136065;93.433459;94.419352;116.50486;105.77879,198.80062;167.6705;194.33474;189.94553;178.97447;197.9976;173.3948;170.41868;204.94396;185.17529;198.89142;197.86026;196.57891;186.86692;188.8387;189.8481;183.62519,4.9457111;5.0272209;5.0049862;5.0861229;5.0349499;4.97517;4.9890876;5.0206058;4.8965438;5.0073491;4.9351045;5.0695225;5.0068295;5.0800369;4.971503;4.9932767;4.9559796,1.6501916277888995e-08,79.11799621582031,8.286548114355696e-10,42980.199123443395,1.0,0.2059344402326347,True,,,0,12985029038786616168,1cebbe2c85286d125a19176074641cec80e768fcc76265a176a2887e861b48e2:1410,123,6422540445996967394,3eabdfa943524b1077c76342cd49dd883c1d02e6abf0a6e9273162f3d53c340b,0.0
1411,0,3.450384418481754,2.058620869857018,outside,elliptical,2.18182730523897,0.9353397394605464,8.959971996742336,1.88550061526649,172.88465964127167,1,,,,False,0.2369015025355875,0.5896655610136318,False,0.19220516228254236,1.7872739170397864,0.9352694186597251,2.314024092862919,ballistic,26.0043113232647,,0.09348714928050005,47.08591145312309,0.8897947562721771,3.2526083660419487,5.884023073073641,8.675742690627562,0.5760726147792787,0.440202717008468,0.8504879727818452,0.2702517523394308,0.20085694763105089,0.8081182062826724,25.006766435126007,3.383585844950147,0.018263444547931336,qp_ode,0.05,100.0,2.5754667566437098e-08,100.00000000000001,188.48033507752348,1.621562839677165,191.0,5.0,0.999,independent_lognormal,False,0.0,False,0.0,15.608667199594699,0.2344214897477545,False,0.0,fixed_device,0,83.8352488853537,118.05332671712425,167.6704977707074,204.94395774055712,107.50854;83.835249;108.17078;117.03402;89.487233;118.05333;86.697402;85.209342;102.47198;92.587643;100.74184;98.930132;99.136065;93.433459;94.419352;116.50486;105.77879,198.80062;167.6705;194.33474;189.94553;178.97447;197.9976;173.3948;170.41868;204.94396;185.17529;198.89142;197.86026;196.57891;186.86692;188.8387;189.8481;183.62519,4.9457111;5.0272209;5.0049862;5.0861229;5.0349499;4.97517;4.9890876;5.0206058;4.8965438;5.0073491;4.9351045;5.0695225;5.0068295;5.0800369;4.971503;4.9932767;4.9559796,4.638506254650565e-07,34.84284973144531,2.323564984862969e-08,42980.199123443395,1.0,0.2122179347941723,True,,,2,4894293316121957301,1cebbe2c85286d125a19176074641cec80e768fcc76265a176a2887e861b48e2:1411,123,2138343496625379044,3eabdfa943524b1077c76342cd49dd883c1d02e6abf0a6e9273162f3d53c340b,0.0
1412,0,-1.9228346867214878,-1.7335395529749262,inside,elliptical,1.9730349340307267,1.0120699947831917,6.8538712218746625,2.0619772692862597,119.46970103308675,1,,,,False,0.356793470273374,0.48704700729074313,False,0.10614833313196903,3.9092652176260954,1.1689866778348428,2.9719276562765717,diffusive,,9.277872779596043,0.07088562730299938,21.563389929900687,1.4628835612254019,2.808760768066164,3.7750773207536423,7.810448402839567,0.36764169953047326,0.18549385600640578,0.8540533364693513,0.2855355786364915,0.393714420095502,0.7269059770445573,22.699213801727883,3.154876000461168,0.04749263749762328,qp_ode,0.05,100.0,2.998396367445641e-08,100.00000000000001,188.48033507752348,1.860951618857582,191.0,5.0,0.999,independent_lognormal,False,0.0,False,0.0,28.456262000746175,0.0818885494960847,False,0.0,fixed_device,0,83.8352488853537,118.05332671712425,167.6704977707074,204.94395774055712,107.50854;83.835249;108.17078;117.03402;89.487233;118.05333;86.697402;85.209342;102.47198;92.587643;100.74184;98.930132;99.136065;93.433459;94.419352;116.50486;105.77879,198.80062;167.6705;194.33474;189.94553;178.97447;197.9976;173.3948;170.41868;204.94396;185.17529;198.89142;197.86026;196.57891;186.86692;188.8387;189.8481;183.62519,4.9457111;5.0272209;5.0049862;5.0861229;5.0349499;4.97517;4.9890876;5.0206058;4.8965438;5.0073491;4.9351045;5.0695225;5.0068295;5.0800369;4.971503;4.9932767;4.9559796,5.0984743893423e-07,32.42817306518555,2.559327327844585e-08,42980.199123443395,1.0,0.19960085307248987,True,,,2,16847257065342072435,1cebbe2c85286d125a19176074641cec80e768fcc76265a176a2887e861b48e2:1412,123,1886954603671152165,3eabdfa943524b1077c76342cd49dd883c1d02e6abf0a6e9273162f3d53c340b,0.0
1413,0,3.823127641747232,2.8239626191007865,outside,circular,2.1812093919962643,1.65591220799084,8.207602377882123,1.0,35.8782399268262,1,,,,False,0.3960015969906729,0.5314536351544771,False,0.2089060903540239,3.8753961087682,0.8761501254620394,1.5509303749951426,diffusive,,5.876365495234747,0.09620001175794395,48.933159949035385,0.9622240692196666,2.7843049394123653,5.204944979532696,6.119375810831704,0.2799269129461555,0.29269763526977066,0.904943397222234,0.5727539376526629,0.28303930030027413,1.1849521409561303,23.336199061438673,3.027867552123836,0.04147849749534981,qp_ode,0.05,100.0,1.0940712629018763e-09,100.00000000000001,188.48033507752348,0.861501229314029,191.0,5.0,0.999,independent_lognormal,False,0.0,False,0.0,3.622159290383005,0.316504305596898,False,0.0,fixed_device,0,83.8352488853537,118.05332671712425,167.6704977707074,204.94395774055712,107.50854;83.835249;108.17078;117.03402;89.487233;118.05333;86.697402;85.209342;102.47198;92.587643;100.74184;98.930132;99.136065;93.433459;94.419352;116.50486;105.77879,198.80062;167.6705;194.33474;189.94553;178.97447;197.9976;173.3948;170.41868;204.94396;185.17529;198.89142;197.86026;196.57891;186.86692;188.8387;189.8481;183.62519,4.9457111;5.0272209;5.0049862;5.0861229;5.0349499;4.97517;4.9890876;5.0206058;4.8965438;5.0073491;4.9351045;5.0695225;5.0068295;5.0800369;4.971503;4.9932767;4.9559796,2.019020861609988e-08,83.83525085449219,1.0118640370038179e-09,42980.199123443395,1.0,0.18549768654088925,True,,,1,9393627039193780065,1cebbe2c85286d125a19176074641cec80e768fcc76265a176a2887e861b48e2:1413,123,3190427057990740507,3eabdfa943524b1077c76342cd49dd883c1d02e6abf0a6e9273162f3d53c340b,0.0
1414,0,2.4581646191259257,-2.3995830174500723,inside,elliptical,2.2410148301648363,1.487108458657727,7.481987567816131,2.4560540628062055,76.94346394035429,1,,,,False,0.21417585239652603,0.10805119762522097,False,0.3172191945748993,3.5727842183291894,0.6287476176557482,2.2900746286930325,diffusive,,9.067473828792917,0.0392813772507367,73.69177203060676,1.3195799149934575,3.058867515776487,5.100195062051333,8.603580990498724,0.15727575402213756,0.3307920704424476,0.9131826044310234,0.41762831276923357,0.4798338559677774,0.631051601364099,34.244592727244736,3.254066174057404,0.06644887718507964,qp_ode,0.05,100.0,3.658235163925169e-09,100.00000000000001,188.48033507752348,1.1867655665778725,191.0,5.0,0.999,independent_lognormal,False,0.0,False,0.0,10.075323530081093,0.6478802060491358,False,0.0,fixed_device,0,83.8352488853537,118.05332671712425,167.6704977707074,204.94395774055712,107.50854;83.835249;108.17078;117.03402;89.487233;118.05333;86.697402;85.209342;102.47198;92.587643;100.74184;98.930132;99.136065;93.433459;94.419352;116.50486;105.77879,198.80062;167.6705;194.33474;189.94553;178.97447;197.9976;173.3948;170.41868;204.94396;185.17529;198.89142;197.86026;196.57891;186.86692;188.8387;189.8481;183.62519,4.9457111;5.0272209;5.0049862;5.0861229;5.0349499;4.97517;4.9890876;5.0206058;4.8965438;5.0073491;4.9351045;5.0695225;5.0068295;5.0800369;4.971503;4.9932767;4.9559796,8.446166077646922e-08,69.28341674804688,4.240336970440239e-09,42980.199123443395,1.0,0.20305381489660856,True,,,1,8258752066977820211,1cebbe2c85286d125a19176074641cec80e768fcc76265a176a2887e861b48e2:1414,123,5733946728103133266,3eabdfa943524b1077c76342cd49dd883c1d02e6abf0a6e9273162f3d53c340b,0.0
1415,0,1.1527865187584485,2.086341175349225,inside,elliptical,1.8021615074160109,1.0864712059811612,7.92284488755388,1.6201344371955608,44.3648942980103,1,,,,False,0.18145671601528396,0.2670935436286156,False,0.3448342101840787,3.884162498460991,0.7667587395252271,2.8890813792216727,ballistic,29.28858712772069,,0.08895066106118633,45.64162300988092,0.6876344020481024,3.7267804152193555,4.130501314984417,6.341119441324035,0.2772128958392923,0.34310004128604155,0.8731118816866623,0.04729566985605667,0.4639260823092417,0.7306938751895679,24.175535576840648,3.2949342597743514,0.028683787126805617,qp_ode,0.05,100.0,7.703538925335779e-09,100.00000000000001,188.48033507752348,1.3412861461773324,191.0,5.0,0.999,independent_lognormal,False,0.0,False,0.0,12.885820377310855,0.32785176688780243,False,0.0,fixed_device,0,83.8352488853537,118.05332671712425,167.6704977707074,204.94395774055712,107.50854;83.835249;108.17078;117.03402;89.487233;118.05333;86.697402;85.209342;102.47198;92.587643;100.74184;98.930132;99.136065;93.433459;94.419352;116.50486;105.77879,198.80062;167.6705;194.33474;189.94553;178.97447;197.9976;173.3948;170.41868;204.94396;185.17529;198.89142;197.86026;196.57891;186.86692;188.8387;189.8481;183.62519,4.9457111;5.0272209;5.0049862;5.0861229;5.0349499;4.97517;4.9890876;5.0206058;4.8965438;5.0073491;4.9351045;5.0695225;5.0068295;5.0800369;4.971503;4.9932767;4.9559796,1.8115278521690925e-07,58.1212158203125,9.09525077474882e-09,42980.199123443395,1.0,0.20096258822127402,True,,,1,7015424979843769133,1cebbe2c85286d125a19176074641cec80e768fcc76265a176a2887e861b48e2:1415,123,8214643530527942991,3eabdfa943524b1077c76342cd49dd883c1d02e6abf0a6e9273162f3d53c340b,0.0
1416,0,-2.000709060271075,-0.8631608544309248,inside,circular,2.137879307572474,0.9767176593682535,4.400328376551343,1.0,130.98526263786164,1,,,,False,0.310812539860385,0.6177641946490176,False,0.39612059556554047,2.5878749403888763,1.2813164271234485,1.4788411329584759,ballistic,18.893779421299882,,0.10222550707840583,14.042711379499613,0.8271483334333949,3.630713473772297,4.433105474116365,5.7830640430913745,0.42889724379891425,0.44791002423905824,0.853967827459422,0.2240129838723789,0.11754678085706932,1.0105747070279503,25.9562864561435,3.3874175816819814,0.03459306027836115,qp_ode,0.05,100.0,2.5086275900850835e-08,100.00000000000001,188.48033507752348,0.9634204668359281,191.0,5.0,0.999,independent_lognormal,False,0.0,False,0.0,11.131068395421263,0.46976280069644766,False,0.0,fixed_device,0,83.8352488853537,118.05332671712425,167.6704977707074,204.94395774055712,107.50854;83.835249;108.17078;117.03402;89.487233;118.05333;86.697402;85.209342;102.47198;92.587643;100.74184;98.930132;99.136065;93.433459;94.419352;116.50486;105.77879,198.80062;167.6705;194.33474;189.94553;178.97447;197.9976;173.3948;170.41868;204.94396;185.17529;198.89142;197.86026;196.57891;186.86692;188.8387;189.8481;183.62519,4.9457111;5.0272209;5.0049862;5.0861229;5.0349499;4.97517;4.9890876;5.0206058;4.8965438;5.0073491;4.9351045;5.0695225;5.0068295;5.0800369;4.971503;4.9932767;4.9559796,6.429884820136067e-07,27.18332290649414,3.221661515340202e-08,42980.199123443395,1.0,0.21058733862267084,True,,,2,17609119182785726617,1cebbe2c85286d125a19176074641cec80e768fcc76265a176a2887e861b48e2:1416,123,2756710283422664697,3eabdfa943524b1077c76342cd49dd883c1d02e6abf0a6e9273162f3d53c340b,0.027745863970588234
1417,0,3.4842918896396133,2.050424887691902,outside,circular,2.381187212172579,1.5780620727626324,6.08324153708134,1.0,113.95890532161484,1,,,,False,0.13447293893504475,0.5469399449203394,False,0.18990547670524002,1.874723857413242,0.886124487864862,1.2753640761291734,diffusive,,8.632707700479084,0.07635793444618706,60.368364635988115,0.8516013046967734,3.2736272004431592,3.7219043791095756,9.679613338960486,0.5701217622854613,0.3245731242132418,0.8102869386213227,0.4869886556631231,0.2510706144563619,1.003088292921644,32.57656582719114,2.955939882703553,0.022780879147558757,qp_ode,0.05,100.0,2.405943779947422e-07,100.00000000000001,188.48033507752348,1.888341605906083,191.0,5.0,0.999,independent_lognormal,False,0.0,False,0.0,16.951104319875803,0.5462968952681538,False,0.0,fixed_device,0,83.8352488853537,118.05332671712425,167.6704977707074,204.94395774055712,107.50854;83.835249;108.17078;117.03402;89.487233;118.05333;86.697402;85.209342;102.47198;92.587643;100.74184;98.930132;99.136065;93.433459;94.419352;116.50486;105.77879,198.80062;167.6705;194.33474;189.94553;178.97447;197.9976;173.3948;170.41868;204.94396;185.17529;198.89142;197.86026;196.57891;186.86692;188.8387;189.8481;183.62519,4.9457111;5.0272209;5.0049862;5.0861229;5.0349499;4.97517;4.9890876;5.0206058;4.8965438;5.0073491;4.9351045;5.0695225;5.0068295;5.0800369;4.971503;4.9932767;4.9559796,3.7253264508763095e-06,5.9314470291137695,1.876922368637679e-07,42980.199123443395,1.0,0.22562243968918466,True,,,2,10976351252207732907,1cebbe2c85286d125a19176074641cec80e768fcc76265a176a2887e861b48e2:1417,123,3721033441473387113,3eabdfa943524b1077c76342cd49dd883c1d02e6abf0a6e9273162f3d53c340b,0.12353515625
1418,0,-0.17014804760412083,3.0,edge,circular,1.8405259466967658,1.205375225629014,3.3564666348825662,1.0,16.43600061821558,1,,,,False,0.29872547514732667,0.9617400054425624,False,0.3651822972797292,2.5179935372099433,1.1332893323914008,2.595521661285935,ballistic,25.21246679131761,,0.11100259537455406,8.381496658701613,0.7297237944448294,2.761177414018074,3.8268008529848743,7.727604154322687,0.30904195593702133,0.4456353112273078,0.9454643224648644,0.7402878172916686,0.1998495455920935,0.9847111903851555,27.412475974713608,3.1334424771907377,0.03570187530698009,qp_ode,0.05,100.0,4.268502715964754e-09,100.00000000000001,188.48033507752348,1.0969432608503293,191.0,5.0,0.999,independent_lognormal,False,0.0,False,0.0,39.70454425478057,0.12763445835103074,False,0.0,fixed_device,0,83.8352488853537,118.05332671712425,167.6704977707074,204.94395774055712,107.50854;83.835249;108.17078;117.03402;89.487233;118.05333;86.697402;85.209342;102.47198;92.587643;100.74184;98.930132;99.136065;93.433459;94.419352;116.50486;105.77879,198.80062;167.6705;194.33474;189.94553;178.97447;197.9976;173.3948;170.41868;204.94396;185.17529;198.89142;197.86026;196.57891;186.86692;188.8387;189.8481;183.62519,4.9457111;5.0272209;5.0049862;5.0861229;5.0349499;4.97517;4.9890876;5.0206058;4.8965438;5.0073491;4.9351045;5.0695225;5.0068295;5.0800369;4.971503;4.9932767;4.9559796,1.3884498173410975e-07,62.04571533203125,6.950753750345484e-09,42980.199123443395,1.0,0.19227714614795186,True,,,1,4028701493168107512,1cebbe2c85286d125a19176074641cec80e768fcc76265a176a2887e861b48e2:1418,123,8135193551185820042,3eabdfa943524b1077c76342cd49dd883c1d02e6abf0a6e9273162f3d53c340b,0.0
1419,0,-2.8585844980036543,-0.9198402444024332,inside,elliptical,1.7337323900999029,1.5263470723556614,9.617078549084502,1.657895967631838,21.441912272032052,1,,,,False,0.33202026948342783,0.49266832649679015,False,0.20964094000331285,2.6419452839252573,0.7741703642100777,2.683108722391099,diffusive,,16.040292023072404,0.06951262474798897,21.685601605744658,1.486788799035947,2.351048275970072,6.266785487973692,8.843566526559197,0.199787644402046,0.4454795663909906,0.9254455389323671,0.5418280088075431,0.40460116860832734,0.6117927237485106,32.68601285885592,2.8472828226846296,0.01745873192668677,qp_ode,0.05,100.0,1.9462791185334017e-10,100.00000000000001,188.48033507752348,0.3971992249024398,191.0,5.0,0.999,independent_lognormal,False,0.0,False,0.0,12.957241874972725,0.11700939943114963,False,0.0,fixed_device,0,83.8352488853537,118.05332671712425,167.6704977707074,204.94395774055712,107.50854;83.835249;108.17078;117.03402;89.487233;118.05333;86.697402;85.209342;102.47198;92.587643;100.74184;98.930132;99.136065;93.433459;94.419352;116.50486;105.77879,198.80062;167.6705;194.33474;189.94553;178.97447;197.9976;173.3948;170.41868;204.94396;185.17529;198.89142;197.86026;196.57891;186.86692;188.8387;189.8481;183.62519,4.9457111;5.0272209;5.0049862;5.0861229;5.0349499;4.97517;4.9890876;5.0206058;4.8965438;5.0073491;4.9351045;5.0695225;5.0068295;5.0800369;4.971503;4.9932767;4.9559796,4.823036192647123e-09,83.09178924560547,2.414778377257676e-10,42980.199123443395,1.0,0.1704244170319667,True,,,0,18407597401984298149,1cebbe2c85286d125a19176074641cec80e768fcc76265a176a2887e861b48e2:1419,123,6086192598744126011,3eabdfa943524b1077c76342cd49dd883c1d02e6abf0a6e9273162f3d53c340b,0.0
1420,0,1.0432243116122066,3.4631204871753605,outside,circular,2.2950128282086473,1.075101225338412,8.177995790351773,1.0,68.67009293382327,1,,,,False,0.19791195112176158,0.25398223708875933,False,0.14501655541050978,2.217776155790326,1.1444372768734672,1.1225003484502967,diffusive,,16.663445635322937,0.0894389487576672,20.56370497408217,1.729106180501053,2.260799251707821,3.926638793512418,9.371066719223567,0.27196511427380327,0.3365788392063756,0.9364949364834257,0.07025727332137492,0.45942943082369975,0.7883592046785455,21.328882946421896,3.002677201804707,0.02232384360145332,qp_ode,0.05,100.0,1.3695007675073325e-10,100.00000000000001,188.48033507752348,0.7263380246370934,191.0,5.0,0.999,independent_lognormal,False,0.0,False,0.0,48.26794992678737,0.378890442277649,False,0.0,fixed_device,0,83.8352488853537,118.05332671712425,167.6704977707074,204.94395774055712,107.50854;83.835249;108.17078;117.03402;89.487233;118.05333;86.697402;85.209342;102.47198;92.587643;100.74184;98.930132;99.136065;93.433459;94.419352;116.50486;105.77879,198.80062;167.6705;194.33474;189.94553;178.97447;197.9976;173.3948;170.41868;204.94396;185.17529;198.89142;197.86026;196.57891;186.86692;188.8387;189.8481;183.62519,4.9457111;5.0272209;5.0049862;5.0861229;5.0349499;4.97517;4.9890876;5.0206058;4.8965438;5.0073491;4.9351045;5.0695225;5.0068295;5.0800369;4.971503;4.9932767;4.9559796,3.401568582361847e-09,83.83525085449219,1.7010017006047207e-10,42980.199123443395,1.0,0.18057298218183196,True,,,0,10555565121619555234,1cebbe2c85286d125a19176074641cec80e768fcc76265a176a2887e861b48e2:1420,123,3688510077849804950,3eabdfa943524b1077c76342cd49dd883c1d02e6abf0a6e9273162f3d53c340b,0.0
1421,0,-1.0399049137471965,-1.4319057668037287,inside,circular,2.1013771401188093,1.0894055995858134,5.6433098432681685,1.0,113.22632330483185,1,,,,False,0.3578219725811457,0.11789586286277798,False,0.33664275896493684,3.546389756115006,0.969115640037945,1.3314572995594376,diffusive,,11.328312709356865,0.08695420382047547,1.9046668635914443,1.5204379666766634,2.8598118084329816,5.608072220917806,9.113747825143516,0.27696902215180813,0.3992446265318603,0.8262912843625966,0.7235719242649866,0.25594721585031194,0.8162796083585944,27.041152340002856,2.834949963570225,0.06667970192385018,qp_ode,0.05,100.0,7.831647761265309e-08,100.00000000000001,188.48033507752348,1.8841999826554217,191.0,5.0,0.999,independent_lognormal,False,0.0,False,0.0,9.693428550384933,0.3298722017411801,False,0.0,fixed_device,0,83.8352488853537,118.05332671712425,167.6704977707074,204.94395774055712,107.50854;83.835249;108.17078;117.03402;89.487233;118.05333;86.697402;85.209342;102.47198;92.587643;100.74184;98.930132;99.136065;93.433459;94.419352;116.50486;105.77879,198.80062;167.6705;194.33474;189.94553;178.97447;197.9976;173.3948;170.41868;204.94396;185.17529;198.89142;197.86026;196.57891;186.86692;188.8387;189.8481;183.62519,4.9457111;5.0272209;5.0049862;5.0861229;5.0349499;4.97517;4.9890876;5.0206058;4.8965438;5.0073491;4.9351045;5.0695225;5.0068295;5.0800369;4.971503;4.9932767;4.9559796,1.4285627685239888e-06,14.149088859558105,7.169521865080242e-08,42980.199123443395,1.0,0.2188629085870347,True,,,2,7238149163239440154,1cebbe2c85286d125a19176074641cec80e768fcc76265a176a2887e861b48e2:1421,123,590383855758609691,3eabdfa943524b1077c76342cd49dd883c1d02e6abf0a6e9273162f3d53c340b,0.4518037683823529
1422,0,2.128323390309655,-3.0,edge,circular,2.120145042289259,1.5887376555447574,9.515782563838894,1.0,68.13974752709015,1,,,,False,0.3240857255343855,0.17479739320094023,False,0.2039277210451498,1.9642912845649658,0.5838325111204944,2.412211896303041,diffusive,,10.724666186252183,0.034975390601826334,16.05333107794296,0.42949057813559793,3.3867677798712545,3.9199043966226794,7.291024001361169,0.49302370220776226,0.26405098177752684,0.8314957203703248,0.1840985551877685,0.17707350880261702,1.0039326819659706,23.392962645488765,2.8418872369329056,0.05687824376297851,qp_ode,0.05,100.0,9.901210400239791e-09,100.00000000000001,188.48033507752348,0.654198072496183,191.0,5.0,0.999,independent_lognormal,False,0.0,False,0.0,26.93101791440929,0.39488046364936386,False,0.0,fixed_device,0,83.8352488853537,118.05332671712425,167.6704977707074,204.94395774055712,107.50854;83.835249;108.17078;117.03402;89.487233;118.05333;86.697402;85.209342;102.47198;92.587643;100.74184;98.930132;99.136065;93.433459;94.419352;116.50486;105.77879,198.80062;167.6705;194.33474;189.94553;178.97447;197.9976;173.3948;170.41868;204.94396;185.17529;198.89142;197.86026;196.57891;186.86692;188.8387;189.8481;183.62519,4.9457111;5.0272209;5.0049862;5.0861229;5.0349499;4.97517;4.9890876;5.0206058;4.8965438;5.0073491;4.9351045;5.0695225;5.0068295;5.0800369;4.971503;4.9932767;4.9559796,1.5635706063221733e-07,55.29517364501953,7.82092435258619e-09,42980.199123443395,1.0,0.17674986484466185,True,,,1,5817373273818643393,1cebbe2c85286d125a19176074641cec80e768fcc76265a176a2887e861b48e2:1422,123,347625763092844469,3eabdfa943524b1077c76342cd49dd883c1d02e6abf0a6e9273162f3d53c340b,0.0
1423,0,1.1191783237782644,3.0,edge,circular,2.1334162740910134,1.341116982577675,3.10320995046966,1.0,68.17710784997367,1,,,,False,0.06943558180075621,0.12043076445704604,False,0.33424355474927275,2.331624302108122,0.8766904059445613,2.782103030479387,diffusive,,18.72438072423504,0.1084339898146727,1.059872170633902,0.4797714605275104,3.7612884856057454,3.7612884856057454,6.442646151192239,0.43485641698014765,0.4803413189697975,0.8522291310269784,0.14533130940997438,0.35786434594078637,0.5587618992033687,24.892738060076034,2.888347634291266,0.058864841788460395,qp_ode,0.05,100.0,4.1505079112992596e-08,100.00000000000001,188.48033507752348,1.130685220081895,191.0,5.0,0.999,independent_lognormal,False,0.0,False,0.0,38.008302006195585,0.3981578608897794,False,0.0,fixed_device,0,83.8352488853537,118.05332671712425,167.6704977707074,204.94395774055712,107.50854;83.835249;108.17078;117.03402;89.487233;118.05333;86.697402;85.209342;102.47198;92.587643;100.74184;98.930132;99.136065;93.433459;94.419352;116.50486;105.77879,198.80062;167.6705;194.33474;189.94553;178.97447;197.9976;173.3948;170.41868;204.94396;185.17529;198.89142;197.86026;196.57891;186.86692;188.8387;189.8481;183.62519,4.9457111;5.0272209;5.0049862;5.0861229;5.0349499;4.97517;4.9890876;5.0206058;4.8965438;5.0073491;4.9351045;5.0695225;5.0068295;5.0800369;4.971503;4.9932767;4.9559796,6.337645572784822e-07,26.205707550048828,3.176667462412297e-08,42980.199123443395,1.0,0.18138088664765725,True,,,2,141267936883558673,1cebbe2c85286d125a19176074641cec80e768fcc76265a176a2887e861b48e2:1423,123,1463953946407548924,3eabdfa943524b1077c76342cd49dd883c1d02e6abf0a6e9273162f3d53c340b,0.08771829044117647
1424,0,3.0,1.3192335635288543,edge,circular,2.414373666332601,1.0649606891790715,7.529331501842555,1.0,7.546668127666766,1,,,,False,0.13393921347760154,0.9453511257584143,False,0.2379731142275367,3.05120122262291,1.1226934786087353,1.6717590194403638,ballistic,29.851158987362627,,0.10056302682226574,72.08505758524544,1.3377537263912895,2.187615260968578,3.64713308163306,9.288786203527645,0.5168322383356915,0.42951755428169747,0.9104067157880271,0.0609323685523175,0.2886464689820706,0.5542559445892568,27.850900422313366,2.977840898289482,0.010354780943853354,qp_ode,0.05,100.0,6.374011054461931e-10,100.00000000000001,188.48033507752348,0.5590301015432192,191.0,5.0,0.999,independent_lognormal,False,0.0,False,0.0,4.96857744331556,0.6147333299820136,False,0.0,fixed_device,0,83.8352488853537,118.05332671712425,167.6704977707074,204.94395774055712,107.50854;83.835249;108.17078;117.03402;89.487233;118.05333;86.697402;85.209342;102.47198;92.587643;100.74184;98.930132;99.136065;93.433459;94.419352;116.50486;105.77879,198.80062;167.6705;194.33474;189.94553;178.97447;197.9976;173.3948;170.41868;204.94396;185.17529;198.89142;197.86026;196.57891;186.86692;188.8387;189.8481;183.62519,4.9457111;5.0272209;5.0049862;5.0861229;5.0349499;4.97517;4.9890876;5.0206058;4.8965438;5.0073491;4.9351045;5.0695225;5.0068295;5.0800369;4.971503;4.9932767;4.9559796,1.0901854530231958e-08,83.71135711669922,5.473267949973604e-10,42980.199123443395,1.0,0.17689045513215682,True,,,0,17789272248193747606,1cebbe2c85286d125a19176074641cec80e768fcc76265a176a2887e861b48e2:1424,123,7492619276797830063,3eabdfa943524b1077c76342cd49dd883c1d02e6abf0a6e9273162f3d53c340b,0.0
1425,0,-0.36713232395105866,-1.1003653339538617,inside,circular,1.7924892703134268,1.4447740284206714,9.317060296656232,1.0,59.292003754171,1,,,,False,0.080507330786791,0.15747331124407693,False,0.10766277201294638,2.1429388334010913,1.1555928890059382,1.1853092409832873,diffusive,,19.459788038437196,0.11763287426027383,38.20030934339246,1.0822915321218463,3.5458729957587303,3.9446819063739653,7.452782373926515,0.5493085491442148,0.3974258643016212,0.8357719822696005,0.6607740732172087,0.24472764936432378,0.7201985457560702,23.513331872323835,3.1238283653362977,0.03543127767786809,qp_ode,0.05,100.0,5.404215886219215e-09,100.00000000000001,188.48033507752348,1.006798938724788,191.0,5.0,0.999,independent_lognormal,False,0.0,False,0.0,21.090212227125512,0.1296477606420323,False,0.0,fixed_device,0,83.8352488853537,118.05332671712425,167.6704977707074,204.94395774055712,107.50854;83.835249;108.17078;117.03402;89.487233;118.05333;86.697402;85.209342;102.47198;92.587643;100.74184;98.930132;99.136065;93.433459;94.419352;116.50486;105.77879,198.80062;167.6705;194.33474;189.94553;178.97447;197.9976;173.3948;170.41868;204.94396;185.17529;198.89142;197.86026;196.57891;186.86692;188.8387;189.8481;183.62519,4.9457111;5.0272209;5.0049862;5.0861229;5.0349499;4.97517;4.9890876;5.0206058;4.8965438;5.0073491;4.9351045;5.0695225;5.0068295;5.0800369;4.971503;4.9932767;4.9559796,9.13979647521046e-08,64.52275848388672,4.570802403236485e-09,42980.199123443395,1.0,0.19145946414678539,True,,,1,3492157092913359630,1cebbe2c85286d125a19176074641cec80e768fcc76265a176a2887e861b48e2:1425,123,2680532497796926462,3eabdfa943524b1077c76342cd49dd883c1d02e6abf0a6e9273162f3d53c340b,0.0
1426,0,1.8361093129615673,3.7589547238186,outside,elliptical,1.9340612077907533,1.4709331908588514,5.629381929621891,2.388050344098245,38.196757147799026,1,,,,False,0.2690237489958332,0.21393596251982672,False,0.32220874907312913,2.6711678547292306,1.210334452524199,2.5787845310852964,ballistic,32.039488886714594,,0.08894005637066471,57.39101887138701,1.5411014025339251,3.765118561741576,4.967587673320847,5.895074380431901,0.30683907046402065,0.3546514651352414,0.9588245028473101,0.3409716639749822,0.18074038637642342,0.9635214166070991,34.16176034178817,2.899393362208914,0.06456654636966232,qp_ode,0.05,100.0,4.110886193934474e-10,100.00000000000001,188.48033507752348,0.7096150332599387,191.0,5.0,0.999,independent_lognormal,False,0.0,False,0.0,2.0150302401144575,0.5108269202395116,False,0.0,fixed_device,0,83.8352488853537,118.05332671712425,167.6704977707074,204.94395774055712,107.50854;83.835249;108.17078;117.03402;89.487233;118.05333;86.697402;85.209342;102.47198;92.587643;100.74184;98.930132;99.136065;93.433459;94.419352;116.50486;105.77879,198.80062;167.6705;194.33474;189.94553;178.97447;197.9976;173.3948;170.41868;204.94396;185.17529;198.89142;197.86026;196.57891;186.86692;188.8387;189.8481;183.62519,4.9457111;5.0272209;5.0049862;5.0861229;5.0349499;4.97517;4.9890876;5.0206058;4.8965438;5.0073491;4.9351045;5.0695225;5.0068295;5.0800369;4.971503;4.9932767;4.9559796,9.704654857500827e-09,83.80548095703125,4.856562374477846e-10,42980.199123443395,1.0,0.18156528779340644,True,,,0,14802003893678385925,1cebbe2c85286d125a19176074641cec80e768fcc76265a176a2887e861b48e2:1426,123,2570720432151930825,3eabdfa943524b1077c76342cd49dd883c1d02e6abf0a6e9273162f3d53c340b,0.0
1427,0,-1.3544548132915977,-2.915287643971201,inside,circular,1.7384892984557088,1.3636404804333093,6.764283766605211,1.0,102.64102511470442,1,,,,False,0.36043413209697206,0.033622415624056545,False,0.22793632335832642,2.3755251230522823,0.8417300746023801,1.4463660280551205,diffusive,,12.537602900822634,0.02809068328899303,8.917057190144853,0.8391908596542849,3.719563867447828,5.478408403509359,9.628282259880645,0.1921118129352713,0.2671037388628583,0.8471279231020892,0.44687498711134865,0.271496957861212,1.0767985565075824,33.02966009385234,3.2801655550434354,0.06391981684634261,qp_ode,0.05,100.0,2.36102548666415e-10,100.00000000000001,188.48033507752348,0.6756333563171952,191.0,5.0,0.999,independent_lognormal,False,0.0,False,0.0,11.836383470440891,0.49643076543655557,False,0.0,fixed_device,0,83.8352488853537,118.05332671712425,167.6704977707074,204.94395774055712,107.50854;83.835249;108.17078;117.03402;89.487233;118.05333;86.697402;85.209342;102.47198;92.587643;100.74184;98.930132;99.136065;93.433459;94.419352;116.50486;105.77879,198.80062;167.6705;194.33474;189.94553;178.97447;197.9976;173.3948;170.41868;204.94396;185.17529;198.89142;197.86026;196.57891;186.86692;188.8387;189.8481;183.62519,4.9457111;5.0272209;5.0049862;5.0861229;5.0349499;4.97517;4.9890876;5.0206058;4.8965438;5.0073491;4.9351045;5.0695225;5.0068295;5.0800369;4.971503;4.9932767;4.9559796,5.1946207335618055e-09,82.83373260498047,2.5974905559777994e-10,42980.199123443395,1.0,0.20528478133716843,True,,,0,17102555139614802316,1cebbe2c85286d125a19176074641cec80e768fcc76265a176a2887e861b48e2:1427,123,9200235967451192020,3eabdfa943524b1077c76342cd49dd883c1d02e6abf0a6e9273162f3d53c340b,0.0
1428,0,3.0,0.3361147094780028,edge,elliptical,2.2740876567151815,1.2400378822260139,4.914106425076718,1.7129598644749817,118.81656160386981,1,,,,False,0.38890252436870576,0.3298415058391293,False,0.16277396627324842,2.1930400200783873,1.299961942713285,1.7680612151142532,ballistic,14.972413984541904,,0.10173842835928419,75.02021633436718,1.5513514171198226,2.0483052606016603,4.68472686853614,7.062066425764014,0.4435888777879107,0.4438631157172094,0.97832773975486,0.31654516475200306,0.4441033263412438,1.059910865970778,21.763051472401315,3.054626200007418,0.07502135702243239,qp_ode,0.05,100.0,1.6601622306701958e-09,100.00000000000001,188.48033507752348,1.5817571382123299,191.0,5.0,0.999,independent_lognormal,False,0.0,False,0.0,20.2376820049399,0.5958269974472327,False,0.0,fixed_device,0,83.8352488853537,118.05332671712425,167.6704977707074,204.94395774055712,107.50854;83.835249;108.17078;117.03402;89.487233;118.05333;86.697402;85.209342;102.47198;92.587643;100.74184;98.930132;99.136065;93.433459;94.419352;116.50486;105.77879,198.80062;167.6705;194.33474;189.94553;178.97447;197.9976;173.3948;170.41868;204.94396;185.17529;198.89142;197.86026;196.57891;186.86692;188.8387;189.8481;183.62519,4.9457111;5.0272209;5.0049862;5.0861229;5.0349499;4.97517;4.9890876;5.0206058;4.8965438;5.0073491;4.9351045;5.0695225;5.0068295;5.0800369;4.971503;4.9932767;4.9559796,4.485506011064899e-08,78.55522918701172,2.2462980364679197e-09,42980.199123443395,1.0,0.19272508203636862,True,,,1,14935164184902009020,1cebbe2c85286d125a19176074641cec80e768fcc76265a176a2887e861b48e2:1428,123,4975926675336064280,3eabdfa943524b1077c76342cd49dd883c1d02e6abf0a6e9273162f3d53c340b,0.0
1429,0,3.0,2.944500051997074,edge,elliptical,2.347652774516936,0.9765828629362034,6.713081781311718,1.7232904073145578,43.86055617941047,1,,,,False,0.09065564902567691,0.6726158005854761,False,0.12629194989611575,1.9106996292624414,0.5367986735014141,1.4102734764045668,diffusive,,16.11278672435424,0.07516056256384675,79.58849925346325,0.6782770345730309,2.9643160500790504,6.144692462800508,7.867890471470043,0.1673928914194185,0.16370521079029782,0.8168709157792221,0.5116997219662424,0.3851826846689164,0.9482313856548616,31.483793781402824,2.8826467576807886,0.018488639826966226,qp_ode,0.05,100.0,2.0533998162064007e-10,100.00000000000001,188.48033507752348,0.943011080084629,191.0,5.0,0.999,independent_lognormal,False,0.0,False,0.0,13.8837717050025,0.5001996103599885,False,0.0,fixed_device,0,83.8352488853537,118.05332671712425,167.6704977707074,204.94395774055712,107.50854;83.835249;108.17078;117.03402;89.487233;118.05333;86.697402;85.209342;102.47198;92.587643;100.74184;98.930132;99.136065;93.433459;94.419352;116.50486;105.77879,198.80062;167.6705;194.33474;189.94553;178.97447;197.9976;173.3948;170.41868;204.94396;185.17529;198.89142;197.86026;196.57891;186.86692;188.8387;189.8481;183.62519,4.9457111;5.0272209;5.0049862;5.0861229;5.0349499;4.97517;4.9890876;5.0206058;4.8965438;5.0073491;4.9351045;5.0695225;5.0068295;5.0800369;4.971503;4.9932767;4.9559796,4.451444546305083e-09,83.83489990234375,2.227611706207e-10,42980.199123443395,1.0,0.17270341083599303,True,,,0,4931037174826993876,1cebbe2c85286d125a19176074641cec80e768fcc76265a176a2887e861b48e2:1429,123,9178884559116832938,3eabdfa943524b1077c76342cd49dd883c1d02e6abf0a6e9273162f3d53c340b,0.0
1430,0,3.77230579794811,2.078419992234462,outside,circular,2.12125659237082,1.1878924171135086,4.552449305536337,1.0,66.57766585656651,1,,,,False,0.16917126296948606,0.08512080111977172,False,0.18919262275571574,3.1026020249788475,1.0143716343773401,1.6775169399242198,ballistic,20.59200555556147,,0.09238438563738437,29.48014863493153,0.650455428937939,2.5600750857274495,6.2901843413541565,8.2144825148857,0.2617535675001392,0.20540434601803859,0.9181708400172652,0.4495964786786637,0.20482333734911928,0.6464121710364641,27.324329147099796,3.060543603296044,0.0684529722957095,qp_ode,0.05,100.0,1.5349577247723267e-09,100.00000000000001,188.48033507752348,0.4774323316678286,191.0,5.0,0.999,independent_lognormal,False,0.0,False,0.0,37.55539807223836,0.612758666624668,False,0.0,fixed_device,0,83.8352488853537,118.05332671712425,167.6704977707074,204.94395774055712,107.50854;83.835249;108.17078;117.03402;89.487233;118.05333;86.697402;85.209342;102.47198;92.587643;100.74184;98.930132;99.136065;93.433459;94.419352;116.50486;105.77879,198.80062;167.6705;194.33474;189.94553;178.97447;197.9976;173.3948;170.41868;204.94396;185.17529;198.89142;197.86026;196.57891;186.86692;188.8387;189.8481;183.62519,4.9457111;5.0272209;5.0049862;5.0861229;5.0349499;4.97517;4.9890876;5.0206058;4.8965438;5.0073491;4.9351045;5.0695225;5.0068295;5.0800369;4.971503;4.9932767;4.9559796,4.0764678743698823e-08,79.5667724609375,2.0385286791935187e-09,42980.199123443395,1.0,0.1917643148365836,True,,,1,8194420457688368399,1cebbe2c85286d125a19176074641cec80e768fcc76265a176a2887e861b48e2:1430,123,7288951127676012946,3eabdfa943524b1077c76342cd49dd883c1d02e6abf0a6e9273162f3d53c340b,0.0
1431,0,-1.5606583313564777,-0.8860109436438948,inside,circular,2.413168347826092,1.1889448555519972,5.759816222190746,1.0,174.8639704352449,1,,,,False,0.15706767475730682,0.3902716765371512,False,0.3102784275518663,3.758159567987206,1.0035015407205883,1.489417736690656,ballistic,38.603260313899185,,0.062179241013562564,27.378964499950442,0.5679641288960019,2.7136962809642373,5.254806322720096,7.4142221874238,0.4988571550765071,0.3810921469435897,0.8680339704767535,0.554458072746402,0.37098113500013286,0.7469893849543734,26.35825193650591,3.0609072758863904,0.04891191088218402,qp_ode,0.05,100.0,2.556895909656486e-10,100.00000000000001,188.48033507752348,0.2809135092630736,191.0,5.0,0.999,independent_lognormal,False,0.0,False,0.0,12.145531136086586,0.4382789121672768,False,0.0,fixed_device,0,83.8352488853537,118.05332671712425,167.6704977707074,204.94395774055712,107.50854;83.835249;108.17078;117.03402;89.487233;118.05333;86.697402;85.209342;102.47198;92.587643;100.74184;98.930132;99.136065;93.433459;94.419352;116.50486;105.77879,198.80062;167.6705;194.33474;189.94553;178.97447;197.9976;173.3948;170.41868;204.94396;185.17529;198.89142;197.86026;196.57891;186.86692;188.8387;189.8481;183.62519,4.9457111;5.0272209;5.0049862;5.0861229;5.0349499;4.97517;4.9890876;5.0206058;4.8965438;5.0073491;4.9351045;5.0695225;5.0068295;5.0800369;4.971503;4.9932767;4.9559796,4.713514467624691e-09,82.76680755615234,2.3608218158166494e-10,42980.199123443395,1.0,0.18886711366216627,True,,,0,4135022489150255675,1cebbe2c85286d125a19176074641cec80e768fcc76265a176a2887e861b48e2:1431,123,5184061189373121118,3eabdfa943524b1077c76342cd49dd883c1d02e6abf0a6e9273162f3d53c340b,0.0
1432,0,-3.0,0.6709344826879557,edge,circular,1.8002919514249542,1.6780933906650835,8.243343401339393,1.0,20.58877173879809,1,,,,False,0.37078159639621405,0.22157049360949843,False,0.23346824926771978,1.631159961775715,1.209129732192634,1.4784108328407068,diffusive,,11.752652220503403,0.052424791984063454,79.25555602414482,0.7958999681419678,3.276862966885898,4.775217259126837,5.2453749303067525,0.23267921500773237,0.4936354668745643,0.9651397505792281,0.06615832101407362,0.2760333495281382,0.5642229079595232,28.478298494064013,3.222293301941507,0.044118494374124496,qp_ode,0.05,100.0,6.394617379245641e-10,100.00000000000001,188.48033507752348,0.32672902768104894,191.0,5.0,0.999,independent_lognormal,False,0.0,False,0.0,46.03733335536935,0.34836926609325003,False,0.0,fixed_device,0,83.8352488853537,118.05332671712425,167.6704977707074,204.94395774055712,107.50854;83.835249;108.17078;117.03402;89.487233;118.05333;86.697402;85.209342;102.47198;92.587643;100.74184;98.930132;99.136065;93.433459;94.419352;116.50486;105.77879,198.80062;167.6705;194.33474;189.94553;178.97447;197.9976;173.3948;170.41868;204.94396;185.17529;198.89142;197.86026;196.57891;186.86692;188.8387;189.8481;183.62519,4.9457111;5.0272209;5.0049862;5.0861229;5.0349499;4.97517;4.9890876;5.0206058;4.8965438;5.0073491;4.9351045;5.0695225;5.0068295;5.0800369;4.971503;4.9932767;4.9559796,1.1813275690997216e-08,82.63302612304688,5.907488387357773e-10,42980.199123443395,1.0,0.19791296564862948,True,,,0,6568158537392448306,1cebbe2c85286d125a19176074641cec80e768fcc76265a176a2887e861b48e2:1432,123,7572007905202853047,3eabdfa943524b1077c76342cd49dd883c1d02e6abf0a6e9273162f3d53c340b,0.0
1433,0,-2.0805716537123145,-0.19814107986089713,inside,elliptical,1.868207401432728,1.130282666734924,6.317877403644752,1.9465904478773342,169.7518907504913,1,,,,False,0.15672524632577334,0.20184555043146313,False,0.3206733148451782,2.9675091066943673,1.1604294972202456,2.4828487303091125,ballistic,31.857764277335654,,0.040786013505245966,50.669535064685924,0.6036441676116218,3.0176589672082326,6.362007090420321,9.830644794035088,0.5527560752436032,0.19482017804040985,0.823217810466041,0.4780906694122359,0.24991331697373748,0.6915694499358419,31.202287717563898,2.812953278022161,0.018818764138062376,qp_ode,0.05,100.0,2.168948663722665e-08,100.00000000000001,188.48033507752348,1.7621927661694008,191.0,5.0,0.999,independent_lognormal,False,0.0,False,0.0,29.039098639660747,0.19847885907041274,False,0.0,fixed_device,0,83.8352488853537,118.05332671712425,167.6704977707074,204.94395774055712,107.50854;83.835249;108.17078;117.03402;89.487233;118.05333;86.697402;85.209342;102.47198;92.587643;100.74184;98.930132;99.136065;93.433459;94.419352;116.50486;105.77879,198.80062;167.6705;194.33474;189.94553;178.97447;197.9976;173.3948;170.41868;204.94396;185.17529;198.89142;197.86026;196.57891;186.86692;188.8387;189.8481;183.62519,4.9457111;5.0272209;5.0049862;5.0861229;5.0349499;4.97517;4.9890876;5.0206058;4.8965438;5.0073491;4.9351045;5.0695225;5.0068295;5.0800369;4.971503;4.9932767;4.9559796,3.8653539036204165e-07,35.549476623535156,1.9362857983651338e-08,42980.199123443395,1.0,0.182790152895611,True,,,2,7187906699230620291,1cebbe2c85286d125a19176074641cec80e768fcc76265a176a2887e861b48e2:1433,123,2209461290003830054,3eabdfa943524b1077c76342cd49dd883c1d02e6abf0a6e9273162f3d53c340b,0.0
1434,0,-2.0125704783200016,0.33482609377859607,inside,elliptical,1.9111542513745434,0.9734047029476047,3.360925701912209,1.887641540493814,75.12163542261237,1,,,,False,0.13895714022661998,0.9562912378193762,False,0.1703537357885791,2.7983276865818487,1.2588153329155887,2.4610099985470173,ballistic,26.362038152637304,,0.02307366415025537,16.6800556387728,1.2753436743929094,2.7645115766001798,5.994589498327425,7.105803027404836,0.24115092245253716,0.12557094484958806,0.8800763185704161,0.453518441913819,0.4906899444113952,1.1404871821000846,33.77966690985032,3.218209428149585,0.05184588092242676,qp_ode,0.05,100.0,7.05722292872803e-10,100.00000000000001,188.48033507752348,1.0605047396186353,191.0,5.0,0.999,independent_lognormal,False,0.0,False,0.0,8.32041751915682,0.22481972904450576,False,0.0,fixed_device,0,83.8352488853537,118.05332671712425,167.6704977707074,204.94395774055712,107.50854;83.835249;108.17078;117.03402;89.487233;118.05333;86.697402;85.209342;102.47198;92.587643;100.74184;98.930132;99.136065;93.433459;94.419352;116.50486;105.77879,198.80062;167.6705;194.33474;189.94553;178.97447;197.9976;173.3948;170.41868;204.94396;185.17529;198.89142;197.86026;196.57891;186.86692;188.8387;189.8481;183.62519,4.9457111;5.0272209;5.0049862;5.0861229;5.0349499;4.97517;4.9890876;5.0206058;4.8965438;5.0073491;4.9351045;5.0695225;5.0068295;5.0800369;4.971503;4.9932767;4.9559796,1.1152750722942528e-08,81.52606964111328,5.581263229359479e-10,42980.199123443395,1.0,0.19930583622782538,True,,,0,1010804898871883677,1cebbe2c85286d125a19176074641cec80e768fcc76265a176a2887e861b48e2:1434,123,6138632278893923176,3eabdfa943524b1077c76342cd49dd883c1d02e6abf0a6e9273162f3d53c340b,0.0
1435,0,-3.9436451938356045,1.774164924988102,outside,elliptical,1.9796046114535126,1.6981416962288316,9.95278544613183,2.3346221262362463,151.57655144592366,1,,,,False,0.37755390414552775,0.3380111351439935,False,0.22542975438767254,2.3503051540581925,1.069453058850284,2.665860241939003,ballistic,13.861648765769191,,0.11923495218883993,48.620627044169765,1.556240352754323,3.1535158728007113,5.230322969122907,9.270282662184654,0.509816118265825,0.4019934864393243,0.8716845717968069,0.11619324079275294,0.4565313512913939,0.6666085664993794,26.22155669906693,2.9948465118487526,0.024474425406042687,qp_ode,0.05,100.0,9.976456056770343e-09,100.00000000000001,188.48033507752348,1.9743697078837998,191.0,5.0,0.999,independent_lognormal,False,0.0,False,0.0,27.694734391146575,0.5778335166501157,False,0.0,fixed_device,0,83.8352488853537,118.05332671712425,167.6704977707074,204.94395774055712,107.50854;83.835249;108.17078;117.03402;89.487233;118.05333;86.697402;85.209342;102.47198;92.587643;100.74184;98.930132;99.136065;93.433459;94.419352;116.50486;105.77879,198.80062;167.6705;194.33474;189.94553;178.97447;197.9976;173.3948;170.41868;204.94396;185.17529;198.89142;197.86026;196.57891;186.86692;188.8387;189.8481;183.62519,4.9457111;5.0272209;5.0049862;5.0861229;5.0349499;4.97517;4.9890876;5.0206058;4.8965438;5.0073491;4.9351045;5.0695225;5.0068295;5.0800369;4.971503;4.9932767;4.9559796,2.2586164050153457e-07,51.09638214111328,1.1339854388836557e-08,42980.199123443395,1.0,0.18295902837412426,True,,,1,16017333343713467981,1cebbe2c85286d125a19176074641cec80e768fcc76265a176a2887e861b48e2:1435,123,3189656427766479855,3eabdfa943524b1077c76342cd49dd883c1d02e6abf0a6e9273162f3d53c340b,0.0
1436,0,-3.6181549831715927,1.8914436793803615,outside,circular,2.223671931121213,1.224456253836023,3.845536306307075,1.0,179.6771201365334,1,,,,False,0.2797269477990313,0.9398984182162372,False,0.1917690184858452,2.151023883356742,1.064723973401008,1.9447232449260685,ballistic,33.09933518563552,,0.08129655653597309,74.64025413162115,0.515568804023563,2.0852650394201686,4.525044433915564,7.994517733757769,0.19893042193842508,0.2566465977102854,0.8668888162288645,0.3485670069276415,0.2858301543689034,1.005740525623746,32.60906278000597,3.2288098238802663,0.06946850065148313,qp_ode,0.05,100.0,2.1776718784997772e-07,100.00000000000001,188.48033507752348,0.504593299508352,191.0,5.0,0.999,independent_lognormal,False,0.0,False,0.0,7.8351172298941645,0.4909084172030473,False,0.0,fixed_device,0,83.8352488853537,118.05332671712425,167.6704977707074,204.94395774055712,107.50854;83.835249;108.17078;117.03402;89.487233;118.05333;86.697402;85.209342;102.47198;92.587643;100.74184;98.930132;99.136065;93.433459;94.419352;116.50486;105.77879,198.80062;167.6705;194.33474;189.94553;178.97447;197.9976;173.3948;170.41868;204.94396;185.17529;198.89142;197.86026;196.57891;186.86692;188.8387;189.8481;183.62519,4.9457111;5.0272209;5.0049862;5.0861229;5.0349499;4.97517;4.9890876;5.0206058;4.8965438;5.0073491;4.9351045;5.0695225;5.0068295;5.0800369;4.971503;4.9932767;4.9559796,3.5976840990770143e-06,6.030978202819824,1.8130481294065248e-07,42980.199123443395,1.0,0.2143254377267989,True,,,2,1850486486390772491,1cebbe2c85286d125a19176074641cec80e768fcc76265a176a2887e861b48e2:1436,123,7778205497998810335,3eabdfa943524b1077c76342cd49dd883c1d02e6abf0a6e9273162f3d53c340b,0.5492015165441176
1437,0,-1.0441429880528283,3.0,edge,circular,2.297212363649405,1.5474998254738923,8.249380268004769,1.0,108.2945896053061,1,,,,False,0.07458928773914651,0.1906434791857725,False,0.17963834471015555,3.7970561476157325,0.5752951479925479,2.3875990703935672,ballistic,27.879830385516364,,0.032505273614403044,34.7178460877431,0.6762199748666351,2.715445918867964,3.746719174421984,8.035938993795442,0.32041180558212634,0.3081836521169126,0.8870154096762003,0.5023259932889825,0.23535119140369204,1.022334191738192,21.4591758416517,3.029628941325952,0.026307065992281064,qp_ode,0.05,100.0,5.947752576210882e-08,100.00000000000001,188.48033507752348,0.4754482878268801,191.0,5.0,0.999,independent_lognormal,False,0.0,False,0.0,19.372987371296567,0.12032188193231597,False,0.0,fixed_device,0,83.8352488853537,118.05332671712425,167.6704977707074,204.94395774055712,107.50854;83.835249;108.17078;117.03402;89.487233;118.05333;86.697402;85.209342;102.47198;92.587643;100.74184;98.930132;99.136065;93.433459;94.419352;116.50486;105.77879,198.80062;167.6705;194.33474;189.94553;178.97447;197.9976;173.3948;170.41868;204.94396;185.17529;198.89142;197.86026;196.57891;186.86692;188.8387;189.8481;183.62519,4.9457111;5.0272209;5.0049862;5.0861229;5.0349499;4.97517;4.9890876;5.0206058;4.8965438;5.0073491;4.9351045;5.0695225;5.0068295;5.0800369;4.971503;4.9932767;4.9559796,1.1942232731598779e-06,16.51368522644043,5.985447870671123e-08,42980.199123443395,1.0,0.18887473767081567,True,,,2,4534545942255378189,1cebbe2c85286d125a19176074641cec80e768fcc76265a176a2887e861b48e2:1437,123,7407648838134471985,3eabdfa943524b1077c76342cd49dd883c1d02e6abf0a6e9273162f3d53c340b,0.23319738051470587
1438,0,3.0,2.402416007924719,edge,elliptical,2.2762989354647623,0.9158562890740757,6.906152635683567,1.3149067469115676,24.641574276342837,1,,,,False,0.2414327832206516,0.04378748050824066,False,0.1537229850326982,2.6343883730897897,0.8123936992237124,1.5747174236145942,diffusive,,12.109013552307601,0.07331171318061959,79.32380827318342,0.6320719640365123,2.7434998838519546,5.12023113764765,5.35371703247231,0.3347712993003884,0.44778722131254967,0.8616536153942507,0.717739641288433,0.28481757311537353,0.594266231390452,24.79805732452675,3.205202861798366,0.03973581265645906,qp_ode,0.05,100.0,2.618890274691221e-07,100.00000000000001,188.48033507752348,0.9606759987822366,191.0,5.0,0.999,independent_lognormal,False,0.0,False,0.0,19.567522500508915,0.17347742687078516,False,0.0,fixed_device,0,83.8352488853537,118.05332671712425,167.6704977707074,204.94395774055712,107.50854;83.835249;108.17078;117.03402;89.487233;118.05333;86.697402;85.209342;102.47198;92.587643;100.74184;98.930132;99.136065;93.433459;94.419352;116.50486;105.77879,198.80062;167.6705;194.33474;189.94553;178.97447;197.9976;173.3948;170.41868;204.94396;185.17529;198.89142;197.86026;196.57891;186.86692;188.8387;189.8481;183.62519,4.9457111;5.0272209;5.0049862;5.0861229;5.0349499;4.97517;4.9890876;5.0206058;4.8965438;5.0073491;4.9351045;5.0695225;5.0068295;5.0800369;4.971503;4.9932767;4.9559796,6.701344773318851e-06,3.3759636878967285,3.398699846002273e-07,42980.199123443395,1.0,0.25004460388513794,True,,,2,17445268568232551471,1cebbe2c85286d125a19176074641cec80e768fcc76265a176a2887e861b48e2:1438,123,1828604867542690675,3eabdfa943524b1077c76342cd49dd883c1d02e6abf0a6e9273162f3d53c340b,0.33438648897058826
1439,0,1.1401301619800899,3.0,edge,elliptical,2.240071881022803,1.2526508822273978,3.5100525617389833,2.009680200893397,82.7977754680742,1,,,,False,0.35074999002353285,0.9186884234661694,False,0.29524884484262004,3.189593723251207,0.536795733847686,2.848981976377234,ballistic,13.027548897345298,,0.077785566368947,61.490132378336824,0.47909686433443216,2.042348193523927,4.958596755951056,9.228074686300122,0.34239304054717434,0.13677939945379824,0.823538479042624,0.06755826242411854,0.14836309933236427,1.162503148133633,20.995144219189097,3.318678407033818,0.044972022781902245,qp_ode,0.05,100.0,6.464079006367186e-08,100.00000000000001,188.48033507752348,0.44694717255706934,191.0,5.0,0.999,independent_lognormal,False,0.0,False,0.0,7.77815240215649,0.262862515600239,False,0.0,fixed_device,0,83.8352488853537,118.05332671712425,167.6704977707074,204.94395774055712,107.50854;83.835249;108.17078;117.03402;89.487233;118.05333;86.697402;85.209342;102.47198;92.587643;100.74184;98.930132;99.136065;93.433459;94.419352;116.50486;105.77879,198.80062;167.6705;194.33474;189.94553;178.97447;197.9976;173.3948;170.41868;204.94396;185.17529;198.89142;197.86026;196.57891;186.86692;188.8387;189.8481;183.62519,4.9457111;5.0272209;5.0049862;5.0861229;5.0349499;4.97517;4.9890876;5.0206058;4.8965438;5.0073491;4.9351045;5.0695225;5.0068295;5.0800369;4.971503;4.9932767;4.9559796,1.2466531416066573e-06,15.923726081848145,6.250741080293665e-08,42980.199123443395,1.0,0.2102177205030616,True,,,2,10279320581996641530,1cebbe2c85286d125a19176074641cec80e768fcc76265a176a2887e861b48e2:1439,123,3702663928592543704,3eabdfa943524b1077c76342cd49dd883c1d02e6abf0a6e9273162f3d53c340b,0.4144071691176471
