event,run_id,epicenter_row,epicenter_col,epicenter_region,geometry,initial_beta,late_beta,beta_transition_ms,axis_ratio,angle_degrees,source_count,secondary_epicenter_row,secondary_epicenter_col,secondary_source_strength,reflection_enabled,reflection_coefficient,reflection_boundary_margin_mm,halo_enabled,halo_strength,halo_lambda_multiplier,halo_beta,halo_front_width_multiplier,propagation_law,apparent_speed_m_per_s,diffusion_coefficient_mm2_per_ms,front_width_ms,arrival_jitter_sd_us,arrival_jitter_correlation_length_mm,initial_lambda_mm,maximum_lambda_mm,maximum_distance_mm,spread_time_ms,cutoff_width_mm,maximum_amplitude,prompt_fraction,rise_time_ms,peak_time_ms,decay_time_ms,baseline_total_errors,baseline_drift_fraction,temporal_backend,qp_trapping_rate_per_us,qp_recombination_rate_per_us,qp_generation_scale_per_us,qp_baseline_t1_us,qp_baseline_t2_us,qp_measurement_exposure_us,qp_al_gap_uev,qp_qubit_frequency_ghz,qp_maximum_radiation_probability,qp_source_decay_mode,qp_dephasing_enabled,qp_charging_energy_ghz,qp_frequency_shift_enabled,qp_frequency_shift_coefficient_a,qp_source_lifetime_ms,event_onset_ms,is_control,global_spatial_mixing_fraction,qp_hardware_mode,qp_device_id,qp_baseline_t1_min_us,qp_baseline_t1_max_us,qp_baseline_t2_min_us,qp_baseline_t2_max_us,qp_baseline_t1_by_qubit_us,qp_baseline_t2_by_qubit_us,qp_qubit_frequency_by_qubit_ghz,qp_peak_density,qp_minimum_t1_us,qp_peak_generation_rate_per_us,qp_relaxation_coefficient_per_us,qp_generation_event_scale,achieved_peak_error_fraction,spatial_residual_enabled,low_rank_spatial_coefficients,missing_qubits,strength_band,generation_seed,event_uid,device_seed,syndrome_seed,circuit_id,fraction_round_qubits_below_30us
576,0,-2.2537278194907806,-0.2895427963314847,inside,circular,2.4099732366095945,0.844621965472153,9.940628602893552,1.0,147.27203254492582,1,,,,False,0.06882507482468544,0.14615583590898662,False,0.26032556526990863,2.2905063610108547,0.6266433384070027,1.5642240010101487,diffusive,,15.449957721741557,0.08980385982102122,31.942418181603234,1.5983220345036995,3.617545375051254,5.940182598647148,6.3280969822330935,0.3318852033689914,0.49306975488193894,0.9751437981755355,0.730037453128491,0.23490951496906437,0.6560361582293937,23.074045674634583,3.0966949217922464,0.04634443208154635,qp_ode,0.05,100.0,3.0340709046180134e-08,100.00000000000001,188.48033507752348,1.5356751404237339,191.0,5.0,0.999,independent_lognormal,False,0.0,False,0.0,9.813954385643557,0.38214191744566084,False,0.0,fixed_device,0,83.8352488853537,118.05332671712425,167.6704977707074,204.94395774055712,107.50854;83.835249;108.17078;117.03402;89.487233;118.05333;86.697402;85.209342;102.47198;92.587643;100.74184;98.930132;99.136065;93.433459;94.419352;116.50486;105.77879,198.80062;167.6705;194.33474;189.94553;178.97447;197.9976;173.3948;170.41868;204.94396;185.17529;198.89142;197.86026;196.57891;186.86692;188.8387;189.8481;183.62519,4.9457111;5.0272209;5.0049862;5.0861229;5.0349499;4.97517;4.9890876;5.0206058;4.8965438;5.0073491;4.9351045;5.0695225;5.0068295;5.0800369;4.971503;4.9932767;4.9559796,7.306942393370264e-07,24.59052276611328,3.6606763842428336e-08,42980.199123443395,1.0,0.20240472356383055,True,,,2,1968331079320921413,1cebbe2c85286d125a19176074641cec80e768fcc76265a176a2887e861b48e2:576,123,304139800130220369,3eabdfa943524b1077c76342cd49dd883c1d02e6abf0a6e9273162f3d53c340b,0.060776654411764705
577,0,1.8749857515295956,-3.7887424969465955,outside,elliptical,2.0129108305534746,1.167746703491096,8.108540953563367,1.0685055804454786,132.93445308307838,1,,,,False,0.30872616422130866,0.9978942209313082,False,0.3555385659247139,2.047194654060663,1.0049767025187841,2.0222193099102137,ballistic,29.979449302257454,,0.07479098162881936,59.25589430918599,0.4755341091244478,2.7800951117142296,3.6848327378937427,5.989250679347315,0.5832393244683233,0.39223014267546064,0.8195384670512407,0.5117408655569126,0.23121103713811286,1.1739534877343614,24.218078217679484,3.1628188561923345,0.06518604396842229,qp_ode,0.05,100.0,7.067716559388964e-09,100.00000000000001,188.48033507752348,0.24727352138832648,191.0,5.0,0.999,independent_lognormal,False,0.0,False,0.0,14.247167446222544,0.07226673300216935,False,0.0,fixed_device,0,83.8352488853537,118.05332671712425,167.6704977707074,204.94395774055712,107.50854;83.835249;108.17078;117.03402;89.487233;118.05333;86.697402;85.209342;102.47198;92.587643;100.74184;98.930132;99.136065;93.433459;94.419352;116.50486;105.77879,198.80062;167.6705;194.33474;189.94553;178.97447;197.9976;173.3948;170.41868;204.94396;185.17529;198.89142;197.86026;196.57891;186.86692;188.8387;189.8481;183.62519,4.9457111;5.0272209;5.0049862;5.0861229;5.0349499;4.97517;4.9890876;5.0206058;4.8965438;5.0073491;4.9351045;5.0695225;5.0068295;5.0800369;4.971503;4.9932767;4.9559796,1.0639534053780153e-07,63.48374938964844,5.321032503502465e-09,42980.199123443395,1.0,0.19842840877675028,True,,,1,6588361586223755744,1cebbe2c85286d125a19176074641cec80e768fcc76265a176a2887e861b48e2:577,123,3016950361149204827,3eabdfa943524b1077c76342cd49dd883c1d02e6abf0a6e9273162f3d53c340b,0.0
578,0,0.6197708091339864,-3.488149640672321,outside,circular,2.0199332674716635,1.2983641854842056,3.830640710342223,1.0,143.2756409727536,1,,,,False,0.39627801612914143,0.8958774679106845,False,0.2899431614055804,3.3278838922631087,1.0667022891368294,2.0097250661066295,diffusive,,7.659967022431547,0.08159693141224253,1.4943757360835441,1.263098232533734,2.686593800464686,6.416991412201192,5.847439306504384,0.2201212517696834,0.45425711871838503,0.8102808913905757,0.49044913369596443,0.3599375894342529,0.7925600444069478,20.249936613793956,3.067674752723091,0.024845528133028746,qp_ode,0.05,100.0,1.935615750091698e-10,100.00000000000001,188.48033507752348,1.9570369581903158,191.0,5.0,0.999,independent_lognormal,False,0.0,False,0.0,9.04259642422765,0.49116879061083135,False,0.0,fixed_device,0,83.8352488853537,118.05332671712425,167.6704977707074,204.94395774055712,107.50854;83.835249;108.17078;117.03402;89.487233;118.05333;86.697402;85.209342;102.47198;92.587643;100.74184;98.930132;99.136065;93.433459;94.419352;116.50486;105.77879,198.80062;167.6705;194.33474;189.94553;178.97447;197.9976;173.3948;170.41868;204.94396;185.17529;198.89142;197.86026;196.57891;186.86692;188.8387;189.8481;183.62519,4.9457111;5.0272209;5.0049862;5.0861229;5.0349499;4.97517;4.9890876;5.0206058;4.8965438;5.0073491;4.9351045;5.0695225;5.0068295;5.0800369;4.971503;4.9932767;4.9559796,3.1849387571725174e-09,83.07695007324219,1.5951275023073919e-10,42980.199123443395,1.0,0.18493495528926407,True,,,0,705322464824674917,1cebbe2c85286d125a19176074641cec80e768fcc76265a176a2887e861b48e2:578,123,6909996609267504385,3eabdfa943524b1077c76342cd49dd883c1d02e6abf0a6e9273162f3d53c340b,0.0
579,0,-3.0,-0.48940787402555896,edge,circular,2.4392837665150227,1.3108447973732058,2.79035868246023,1.0,78.56382061370712,1,,,,False,0.21998448128465198,0.3041936871383282,False,0.11085530770087929,2.8404187641125294,1.0965481940977315,1.310627277700043,diffusive,,10.750158932475088,0.08224542457015972,53.23900042937375,1.199549286827395,2.6361133547873585,3.595432783551557,7.575074092119028,0.3407966892296212,0.48515108664852147,0.8704235540403975,0.006258270017945478,0.4963679735663011,0.8399565125079194,26.400660743369684,2.8122036059395823,0.024960031901027867,qp_ode,0.05,100.0,5.816885414524643e-10,100.00000000000001,188.48033507752348,1.3235838651398502,191.0,5.0,0.999,independent_lognormal,False,0.0,False,0.0,22.58578753455124,0.5552909148778056,False,0.0,fixed_device,0,83.8352488853537,118.05332671712425,167.6704977707074,204.94395774055712,107.50854;83.835249;108.17078;117.03402;89.487233;118.05333;86.697402;85.209342;102.47198;92.587643;100.74184;98.930132;99.136065;93.433459;94.419352;116.50486;105.77879,198.80062;167.6705;194.33474;189.94553;178.97447;197.9976;173.3948;170.41868;204.94396;185.17529;198.89142;197.86026;196.57891;186.86692;188.8387;189.8481;183.62519,4.9457111;5.0272209;5.0049862;5.0861229;5.0349499;4.97517;4.9890876;5.0206058;4.8965438;5.0073491;4.9351045;5.0695225;5.0068295;5.0800369;4.971503;4.9932767;4.9559796,7.860387007951886e-09,82.5865249633789,3.941294235421111e-10,42980.199123443395,1.0,0.16951608067442153,True,,,0,16223815532290787389,1cebbe2c85286d125a19176074641cec80e768fcc76265a176a2887e861b48e2:579,123,292942501924131930,3eabdfa943524b1077c76342cd49dd883c1d02e6abf0a6e9273162f3d53c340b,0.0
580,0,-3.0,-0.6900261660538538,edge,circular,2.0293312403153854,0.9038708698334503,6.4763454195493875,1.0,53.42843826144589,1,,,,False,0.08488124518486692,0.4839986805603613,False,0.3342475848745803,2.1508320284663798,1.058838253572275,2.3480850828080855,ballistic,37.028117359842526,,0.11186216077472316,54.821758233253064,1.0235700628583309,2.244746081968626,3.6378477634686552,7.926601041505331,0.33637756602541546,0.2914165553565521,0.8837938978026599,0.37608435018618835,0.10432323615365777,1.0890110136672004,28.92509907554965,3.110629669441602,0.046713813281461486,qp_ode,0.05,100.0,7.895621963782913e-10,100.00000000000001,188.48033507752348,0.5655560662359282,191.0,5.0,0.999,independent_lognormal,False,0.0,False,0.0,8.78465842382254,0.25320000830782696,False,0.0,fixed_device,0,83.8352488853537,118.05332671712425,167.6704977707074,204.94395774055712,107.50854;83.835249;108.17078;117.03402;89.487233;118.05333;86.697402;85.209342;102.47198;92.587643;100.74184;98.930132;99.136065;93.433459;94.419352;116.50486;105.77879,198.80062;167.6705;194.33474;189.94553;178.97447;197.9976;173.3948;170.41868;204.94396;185.17529;198.89142;197.86026;196.57891;186.86692;188.8387;189.8481;183.62519,4.9457111;5.0272209;5.0049862;5.0861229;5.0349499;4.97517;4.9890876;5.0206058;4.8965438;5.0073491;4.9351045;5.0695225;5.0068295;5.0800369;4.971503;4.9932767;4.9559796,1.5693965238483543e-08,82.3946762084961,7.849394467740467e-10,42980.199123443395,1.0,0.19157868575809744,True,,,0,16704385653054315507,1cebbe2c85286d125a19176074641cec80e768fcc76265a176a2887e861b48e2:580,123,1845251090658825636,3eabdfa943524b1077c76342cd49dd883c1d02e6abf0a6e9273162f3d53c340b,0.0
581,0,1.477953845213153,-3.3856555380213695,outside,elliptical,2.2449477688825876,1.4005900288033528,4.268341553894772,1.8101303147107672,97.47323276774827,1,,,,False,0.13816484706310164,0.34011501916685705,False,0.21976648686278924,2.255374543516177,0.6637613272613117,2.7359674646568832,diffusive,,7.015894426364614,0.05304732548919015,7.7385791854717745,0.5183686642474991,2.98366130438144,6.453508473201307,5.383606830604922,0.4560981380754512,0.16144382468862248,0.9222611675647969,0.18127974616137596,0.24538153548308034,0.5522192568286101,25.330712894794452,2.962239704351482,0.012781319287548864,qp_ode,0.05,100.0,3.380613965280204e-08,100.00000000000001,188.48033507752348,0.6436785786804083,191.0,5.0,0.999,independent_lognormal,False,0.0,False,0.0,8.554782461487322,0.2811388235459639,False,0.0,fixed_device,0,83.8352488853537,118.05332671712425,167.6704977707074,204.94395774055712,107.50854;83.835249;108.17078;117.03402;89.487233;118.05333;86.697402;85.209342;102.47198;92.587643;100.74184;98.930132;99.136065;93.433459;94.419352;116.50486;105.77879,198.80062;167.6705;194.33474;189.94553;178.97447;197.9976;173.3948;170.41868;204.94396;185.17529;198.89142;197.86026;196.57891;186.86692;188.8387;189.8481;183.62519,4.9457111;5.0272209;5.0049862;5.0861229;5.0349499;4.97517;4.9890876;5.0206058;4.8965438;5.0073491;4.9351045;5.0695225;5.0068295;5.0800369;4.971503;4.9932767;4.9559796,6.927314757376735e-07,25.618959426879883,3.469970977221237e-08,42980.199123443395,1.0,0.17952749190096565,True,,,2,133228151488784819,1cebbe2c85286d125a19176074641cec80e768fcc76265a176a2887e861b48e2:581,123,500203274755321553,3eabdfa943524b1077c76342cd49dd883c1d02e6abf0a6e9273162f3d53c340b,0.07915900735294118
582,0,1.5304528635245438,-2.8024799586843647,inside,circular,1.7082436820690898,1.2962550437796778,8.16934792137614,1.0,76.10819905082191,1,,,,False,0.1623664946936111,0.8319730736631122,False,0.187314802949691,2.3436966588723034,1.0564322772513828,2.701591013890294,diffusive,,15.332449784329317,0.0546668767306038,50.21988081817278,0.7906001317849194,2.6629552271617154,4.246124853902158,5.2911734561778605,0.5945681656341311,0.3057555221072621,0.9428681619827092,0.5204256619182395,0.48749051245202907,0.9033663977123934,22.24544063000957,2.829120937905742,0.04423060952693634,qp_ode,0.05,100.0,3.347662329511032e-09,100.00000000000001,188.48033507752348,0.9108129164943919,191.0,5.0,0.999,independent_lognormal,False,0.0,False,0.0,22.15309569933978,0.41000574374759,False,0.0,fixed_device,0,83.8352488853537,118.05332671712425,167.6704977707074,204.94395774055712,107.50854;83.835249;108.17078;117.03402;89.487233;118.05333;86.697402;85.209342;102.47198;92.587643;100.74184;98.930132;99.136065;93.433459;94.419352;116.50486;105.77879,198.80062;167.6705;194.33474;189.94553;178.97447;197.9976;173.3948;170.41868;204.94396;185.17529;198.89142;197.86026;196.57891;186.86692;188.8387;189.8481;183.62519,4.9457111;5.0272209;5.0049862;5.0861229;5.0349499;4.97517;4.9890876;5.0206058;4.8965438;5.0073491;4.9351045;5.0695225;5.0068295;5.0800369;4.971503;4.9932767;4.9559796,6.17491977550344e-08,72.16226959228516,3.087906819132513e-09,42980.199123443395,1.0,0.17380359356933925,True,,,1,2102831176044317746,1cebbe2c85286d125a19176074641cec80e768fcc76265a176a2887e861b48e2:582,123,6450320708773873073,3eabdfa943524b1077c76342cd49dd883c1d02e6abf0a6e9273162f3d53c340b,0.0
583,0,-1.1025164209082716,3.932149614519263,outside,elliptical,2.4171740179152628,0.8163843672952701,6.900359517894977,1.3678292037640567,24.812385756998225,1,,,,False,0.3029970823033244,0.08792763035593354,False,0.39477737257016987,3.2893891102503057,1.059060946044236,1.488641509324555,ballistic,21.753343457973944,,0.08225626082263042,2.492538743827426,1.0323229786667225,2.491903714268648,6.0274241107874,5.452674039752564,0.37012174662872693,0.17994360773837645,0.9859897890188944,0.07905571662849686,0.14626581620634194,1.1825472326575648,29.92426349360705,3.1217921140498177,0.005924278675595147,qp_ode,0.05,100.0,8.896011975596435e-10,100.00000000000001,188.48033507752348,0.9105455338350386,191.0,5.0,0.999,independent_lognormal,False,0.0,False,0.0,15.44062555419176,0.5378838887739134,False,0.0,fixed_device,0,83.8352488853537,118.05332671712425,167.6704977707074,204.94395774055712,107.50854;83.835249;108.17078;117.03402;89.487233;118.05333;86.697402;85.209342;102.47198;92.587643;100.74184;98.930132;99.136065;93.433459;94.419352;116.50486;105.77879,198.80062;167.6705;194.33474;189.94553;178.97447;197.9976;173.3948;170.41868;204.94396;185.17529;198.89142;197.86026;196.57891;186.86692;188.8387;189.8481;183.62519,4.9457111;5.0272209;5.0049862;5.0861229;5.0349499;4.97517;4.9890876;5.0206058;4.8965438;5.0073491;4.9351045;5.0695225;5.0068295;5.0800369;4.971503;4.9932767;4.9559796,1.8090380748958523e-08,83.77826690673828,9.045648119432315e-10,42980.199123443395,1.0,0.1847194157288033,True,,,0,15561284313485879257,1cebbe2c85286d125a19176074641cec80e768fcc76265a176a2887e861b48e2:583,123,8303749233199164896,3eabdfa943524b1077c76342cd49dd883c1d02e6abf0a6e9273162f3d53c340b,0.0
584,0,-3.2535107128566256,-1.5358217194619677,outside,circular,1.8794198427467197,0.9484138363157261,6.685929606571009,1.0,152.0572001330431,1,,,,False,0.12929493080477045,0.19462903924820518,False,0.2723131880579327,3.129170282306506,1.1805871089940734,2.1443391540451753,ballistic,36.247971900802625,,0.05877605718859437,23.437972668819143,1.4269513528938633,2.892796437571268,6.265574962593149,9.195828856901384,0.306358753720935,0.2408192883177855,0.9576227984475849,0.4567656920394534,0.322921195290893,0.9939439235421932,22.54784374484018,2.935557995078228,0.028936139045138143,qp_ode,0.05,100.0,2.0110527495418107e-07,100.00000000000001,188.48033507752348,0.7870445610618757,191.0,5.0,0.999,independent_lognormal,False,0.0,False,0.0,86.8447834290748,0.3854905078608514,False,0.0,fixed_device,0,83.8352488853537,118.05332671712425,167.6704977707074,204.94395774055712,107.50854;83.835249;108.17078;117.03402;89.487233;118.05333;86.697402;85.209342;102.47198;92.587643;100.74184;98.930132;99.136065;93.433459;94.419352;116.50486;105.77879,198.80062;167.6705;194.33474;189.94553;178.97447;197.9976;173.3948;170.41868;204.94396;185.17529;198.89142;197.86026;196.57891;186.86692;188.8387;189.8481;183.62519,4.9457111;5.0272209;5.0049862;5.0861229;5.0349499;4.97517;4.9890876;5.0206058;4.8965438;5.0073491;4.9351045;5.0695225;5.0068295;5.0800369;4.971503;4.9932767;4.9559796,6.182101515150862e-06,3.635195255279541,3.1299887837121787e-07,42980.199123443395,1.0,0.23565616559053867,True,,,2,2509041885082234597,1cebbe2c85286d125a19176074641cec80e768fcc76265a176a2887e861b48e2:584,123,3730246304852970650,3eabdfa943524b1077c76342cd49dd883c1d02e6abf0a6e9273162f3d53c340b,0.7300379136029411
585,0,1.1396651948795444,1.6024563927987394,inside,circular,1.8255050529253505,1.6201760015867,3.776468839530552,1.0,53.77272756478797,1,,,,False,0.05229481921969264,0.32823860653845616,False,0.18298207263159166,3.7125432164982364,0.9270742905330063,2.3215926796513964,ballistic,17.595044491168544,,0.047157062422964725,50.46823282653217,0.711791113812703,3.5719430768754634,6.012749545335042,5.805071500333058,0.35756309359348504,0.2542430467360438,0.8104937409973871,0.12228376803740222,0.16573524030133346,1.1453478873064775,29.02134161218932,2.847488083989755,0.01603189037020396,qp_ode,0.05,100.0,4.9514152236734556e-08,100.00000000000001,188.48033507752348,1.2751851948117672,191.0,5.0,0.999,independent_lognormal,False,0.0,False,0.0,22.761854404807753,0.14231488064697786,False,0.0,fixed_device,0,83.8352488853537,118.05332671712425,167.6704977707074,204.94395774055712,107.50854;83.835249;108.17078;117.03402;89.487233;118.05333;86.697402;85.209342;102.47198;92.587643;100.74184;98.930132;99.136065;93.433459;94.419352;116.50486;105.77879,198.80062;167.6705;194.33474;189.94553;178.97447;197.9976;173.3948;170.41868;204.94396;185.17529;198.89142;197.86026;196.57891;186.86692;188.8387;189.8481;183.62519,4.9457111;5.0272209;5.0049862;5.0861229;5.0349499;4.97517;4.9890876;5.0206058;4.8965438;5.0073491;4.9351045;5.0695225;5.0068295;5.0800369;4.971503;4.9932767;4.9559796,9.102642479774659e-07,20.972780227661133,4.5600902609521654e-08,42980.199123443395,1.0,0.1953874940725285,True,,,2,3067312334474325160,1cebbe2c85286d125a19176074641cec80e768fcc76265a176a2887e861b48e2:585,123,708733135546350961,3eabdfa943524b1077c76342cd49dd883c1d02e6abf0a6e9273162f3d53c340b,0.5240981158088235
586,0,0.017993022221451938,-3.0,edge,circular,1.8536789368058828,1.6677000132679614,8.882250168817967,1.0,68.24408938837978,1,,,,False,0.2649593850785017,0.2917148725507609,False,0.16557269537225291,3.684074706463307,1.2254864997140658,2.453164615699147,ballistic,27.09416378616071,,0.09253448678004343,30.302814206044857,1.2363375742824403,3.443464321119818,3.659565620102586,9.61864637056997,0.16539617918706162,0.2900454114975616,0.832269336189478,0.641444347645682,0.3095262507418592,0.8380475116315265,29.79447587830449,3.0451337422837605,0.03299652698500071,qp_ode,0.05,100.0,1.6930336493398938e-09,100.00000000000001,188.48033507752348,0.331295859307978,191.0,5.0,0.999,independent_lognormal,False,0.0,False,0.0,31.971098559345883,0.1282334791247065,False,0.0,fixed_device,0,83.8352488853537,118.05332671712425,167.6704977707074,204.94395774055712,107.50854;83.835249;108.17078;117.03402;89.487233;118.05333;86.697402;85.209342;102.47198;92.587643;100.74184;98.930132;99.136065;93.433459;94.419352;116.50486;105.77879,198.80062;167.6705;194.33474;189.94553;178.97447;197.9976;173.3948;170.41868;204.94396;185.17529;198.89142;197.86026;196.57891;186.86692;188.8387;189.8481;183.62519,4.9457111;5.0272209;5.0049862;5.0861229;5.0349499;4.97517;4.9890876;5.0206058;4.8965438;5.0073491;4.9351045;5.0695225;5.0068295;5.0800369;4.971503;4.9932767;4.9559796,3.165033035656961e-08,76.32498931884766,1.5838592659633832e-09,42980.199123443395,1.0,0.18516152500077634,True,,,1,152129330281398822,1cebbe2c85286d125a19176074641cec80e768fcc76265a176a2887e861b48e2:586,123,2378622928000952109,3eabdfa943524b1077c76342cd49dd883c1d02e6abf0a6e9273162f3d53c340b,0.0
587,0,3.0,-0.3938454213156808,edge,circular,1.9455014005731068,1.2433855341610336,5.139627767731419,1.0,30.907099572664933,1,,,,False,0.15104663444323618,0.6618443875000611,False,0.30754247396334056,2.8259085137197015,1.2236554287294084,1.0139223261391854,ballistic,33.55125069433453,,0.0499258113471686,33.6980078076496,0.4996753109700478,3.4731982720908987,4.861159126674468,7.450656537008536,0.5439303772889329,0.4508593469197798,0.9669056395676616,0.218065873005881,0.4108777215684072,0.7117452790511913,28.11711206712775,2.8511391971314017,0.06412516744098286,qp_ode,0.05,100.0,7.28810465641081e-08,100.00000000000001,188.48033507752348,0.9115002321227557,191.0,5.0,0.999,independent_lognormal,False,0.0,False,0.0,14.429143492072088,0.11513933898311413,False,0.0,fixed_device,0,83.8352488853537,118.05332671712425,167.6704977707074,204.94395774055712,107.50854;83.835249;108.17078;117.03402;89.487233;118.05333;86.697402;85.209342;102.47198;92.587643;100.74184;98.930132;99.136065;93.433459;94.419352;116.50486;105.77879,198.80062;167.6705;194.33474;189.94553;178.97447;197.9976;173.3948;170.41868;204.94396;185.17529;198.89142;197.86026;196.57891;186.86692;188.8387;189.8481;183.62519,4.9457111;5.0272209;5.0049862;5.0861229;5.0349499;4.97517;4.9890876;5.0206058;4.8965438;5.0073491;4.9351045;5.0695225;5.0068295;5.0800369;4.971503;4.9932767;4.9559796,2.296944558111136e-06,9.124298095703125,1.1569524360766081e-07,42980.199123443395,1.0,0.19987938845217323,True,,,2,8135496123386948199,1cebbe2c85286d125a19176074641cec80e768fcc76265a176a2887e861b48e2:587,123,1386710467764382874,3eabdfa943524b1077c76342cd49dd883c1d02e6abf0a6e9273162f3d53c340b,0.5134420955882353
588,0,0.853810886189394,3.0,edge,elliptical,2.2723290927398363,0.9150096931306955,3.631981139684057,2.1852407131005234,81.82543222323298,1,,,,False,0.23490656884328054,0.8547881259123156,False,0.15140519177776818,1.6453102020704593,1.0172257243888971,1.6121465612580788,diffusive,,14.183966727111978,0.05453139391009616,26.264380748274156,1.3110528846795022,3.4983028139520966,3.771456936235987,8.551108877021358,0.27543057985466124,0.47563956876403524,0.8672065878886235,0.614764265360758,0.4669625902411733,1.0324770576907025,24.064782447537894,3.1832412382462962,0.06584732154212695,qp_ode,0.05,100.0,1.0095144545723136e-09,100.00000000000001,188.48033507752348,1.1766920070334437,191.0,5.0,0.999,independent_lognormal,False,0.0,False,0.0,12.356946623943852,0.3296740074723587,False,0.0,fixed_device,0,83.8352488853537,118.05332671712425,167.6704977707074,204.94395774055712,107.50854;83.835249;108.17078;117.03402;89.487233;118.05333;86.697402;85.209342;102.47198;92.587643;100.74184;98.930132;99.136065;93.433459;94.419352;116.50486;105.77879,198.80062;167.6705;194.33474;189.94553;178.97447;197.9976;173.3948;170.41868;204.94396;185.17529;198.89142;197.86026;196.57891;186.86692;188.8387;189.8481;183.62519,4.9457111;5.0272209;5.0049862;5.0861229;5.0349499;4.97517;4.9890876;5.0206058;4.8965438;5.0073491;4.9351045;5.0695225;5.0068295;5.0800369;4.971503;4.9932767;4.9559796,2.4586668700976588e-08,81.91230010986328,1.2301443197415551e-09,42980.199123443395,1.0,0.19966043154196478,True,,,1,6857061336998589882,1cebbe2c85286d125a19176074641cec80e768fcc76265a176a2887e861b48e2:588,123,6141029306571870867,3eabdfa943524b1077c76342cd49dd883c1d02e6abf0a6e9273162f3d53c340b,0.0
589,0,0.7460239244655718,-3.487055707539957,outside,elliptical,2.49189521076978,1.2465271276840089,9.081080588532075,1.4857585965586662,33.663487226136944,1,,,,False,0.11255656085610032,0.802781399011928,False,0.3821173266010207,1.74101587860127,0.902207919716203,2.8981109431546703,diffusive,,19.78283870407768,0.03915895340452842,42.99364656929715,0.6439153918871654,3.0089175377358215,5.036370781624566,8.249518074502195,0.24600161138363913,0.37451211373952087,0.9192066611119963,0.05702780704821242,0.29529352477601783,1.1247390046831915,33.76915002134638,3.2825485754409853,0.042923350113587125,qp_ode,0.05,100.0,6.802678432976965e-09,100.00000000000001,188.48033507752348,1.9475234631436156,191.0,5.0,0.999,independent_lognormal,False,0.0,False,0.0,2.933549973388802,0.3446802699678001,False,0.0,fixed_device,0,83.8352488853537,118.05332671712425,167.6704977707074,204.94395774055712,107.50854;83.835249;108.17078;117.03402;89.487233;118.05333;86.697402;85.209342;102.47198;92.587643;100.74184;98.930132;99.136065;93.433459;94.419352;116.50486;105.77879,198.80062;167.6705;194.33474;189.94553;178.97447;197.9976;173.3948;170.41868;204.94396;185.17529;198.89142;197.86026;196.57891;186.86692;188.8387;189.8481;183.62519,4.9457111;5.0272209;5.0049862;5.0861229;5.0349499;4.97517;4.9890876;5.0206058;4.8965438;5.0073491;4.9351045;5.0695225;5.0068295;5.0800369;4.971503;4.9932767;4.9559796,1.9740458867545385e-07,51.83655548095703,9.890823271518911e-09,42980.199123443395,1.0,0.20166899537549152,True,,,1,5734999931572528010,1cebbe2c85286d125a19176074641cec80e768fcc76265a176a2887e861b48e2:589,123,1767291835438555557,3eabdfa943524b1077c76342cd49dd883c1d02e6abf0a6e9273162f3d53c340b,0.0
590,0,-2.2030284848730775,3.459703472373674,outside,circular,1.9422831611175728,1.2120377808881262,7.8466307892059985,1.0,96.68754919918202,1,,,,False,0.1200793646885096,0.5294808653091257,False,0.3850938061740087,2.2147094036099615,1.0279370451276093,2.0298101515491735,diffusive,,17.332385168862288,0.05755905822906025,21.916160933744216,1.015274474881711,2.0791927253380944,4.17907145645415,6.977747856632194,0.4669401554194048,0.4290044559010938,0.9496101876373501,0.7577917202096671,0.2968171533841579,0.5529565687731749,28.038792537040262,3.358603990956644,0.07507999024761797,qp_ode,0.05,100.0,8.376828738558736e-09,100.00000000000001,188.48033507752348,1.4281701731453178,191.0,5.0,0.999,independent_lognormal,False,0.0,False,0.0,26.49153623319362,0.42493171804604735,False,0.0,fixed_device,0,83.8352488853537,118.05332671712425,167.6704977707074,204.94395774055712,107.50854;83.835249;108.17078;117.03402;89.487233;118.05333;86.697402;85.209342;102.47198;92.587643;100.74184;98.930132;99.136065;93.433459;94.419352;116.50486;105.77879,198.80062;167.6705;194.33474;189.94553;178.97447;197.9976;173.3948;170.41868;204.94396;185.17529;198.89142;197.86026;196.57891;186.86692;188.8387;189.8481;183.62519,4.9457111;5.0272209;5.0049862;5.0861229;5.0349499;4.97517;4.9890876;5.0206058;4.8965438;5.0073491;4.9351045;5.0695225;5.0068295;5.0800369;4.971503;4.9932767;4.9559796,1.2246204050825327e-07,64.79076385498047,6.124763807235922e-09,42980.199123443395,1.0,0.21245144589094675,True,,,1,4481888350681898917,1cebbe2c85286d125a19176074641cec80e768fcc76265a176a2887e861b48e2:590,123,157930245609308551,3eabdfa943524b1077c76342cd49dd883c1d02e6abf0a6e9273162f3d53c340b,0.0
591,0,-3.3163566783156115,2.282742462626043,outside,elliptical,2.0388897012930896,1.6624362596263318,8.679717238410575,1.315807360198239,40.06034292279097,1,,,,False,0.37601696342665064,0.12445414062395221,False,0.17919198691489363,2.679675540998872,1.0776908085416355,1.3772057068714176,ballistic,12.86376213230694,,0.06044530228437857,52.57138409531531,1.4800392013076897,3.079513411854621,4.500612003169342,6.386388280232643,0.38668242538416336,0.15861777009256245,0.8242894627303303,0.08843857963937599,0.333797846923631,1.0891434731032639,20.682525783415024,3.393323806047693,0.0663399083333375,qp_ode,0.05,100.0,9.177251450414822e-08,100.00000000000001,188.48033507752348,1.123218271911361,191.0,5.0,0.999,independent_lognormal,False,0.0,False,0.0,14.405918478578878,0.35515607912973,False,0.0,fixed_device,0,83.8352488853537,118.05332671712425,167.6704977707074,204.94395774055712,107.50854;83.835249;108.17078;117.03402;89.487233;118.05333;86.697402;85.209342;102.47198;92.587643;100.74184;98.930132;99.136065;93.433459;94.419352;116.50486;105.77879,198.80062;167.6705;194.33474;189.94553;178.97447;197.9976;173.3948;170.41868;204.94396;185.17529;198.89142;197.86026;196.57891;186.86692;188.8387;189.8481;183.62519,4.9457111;5.0272209;5.0049862;5.0861229;5.0349499;4.97517;4.9890876;5.0206058;4.8965438;5.0073491;4.9351045;5.0695225;5.0068295;5.0800369;4.971503;4.9932767;4.9559796,1.5656909226891003e-06,12.842093467712402,7.86012392950397e-08,42980.199123443395,1.0,0.21956786813046225,True,,,2,1241437465719353798,1cebbe2c85286d125a19176074641cec80e768fcc76265a176a2887e861b48e2:591,123,4784558396667124788,3eabdfa943524b1077c76342cd49dd883c1d02e6abf0a6e9273162f3d53c340b,0.22607421875
592,0,-2.465391920717913,1.6050061533237319,inside,elliptical,1.9192996298786076,1.286296384759981,5.416655765181725,2.0566932382276546,95.94032349100613,1,,,,False,0.29518737556949454,0.6543271416274291,False,0.1145628924350163,1.8112535856365926,0.5140245178815289,2.038786553267321,diffusive,,12.377167103742488,0.02265428714170187,0.9331121986924007,1.938632486555981,3.091293775470068,3.8412002947898074,8.316016508910689,0.4438772911992195,0.19099924819890793,0.8751913383784274,0.796334635815642,0.23009902180004077,0.7305386481590317,34.57902264840326,2.9409503409914444,0.03313214032258491,qp_ode,0.05,100.0,2.009323598026858e-09,100.00000000000001,188.48033507752348,1.0203595569976946,191.0,5.0,0.999,independent_lognormal,False,0.0,False,0.0,74.70860617257738,0.5463540117381211,False,0.0,fixed_device,0,83.8352488853537,118.05332671712425,167.6704977707074,204.94395774055712,107.50854;83.835249;108.17078;117.03402;89.487233;118.05333;86.697402;85.209342;102.47198;92.587643;100.74184;98.930132;99.136065;93.433459;94.419352;116.50486;105.77879,198.80062;167.6705;194.33474;189.94553;178.97447;197.9976;173.3948;170.41868;204.94396;185.17529;198.89142;197.86026;196.57891;186.86692;188.8387;189.8481;183.62519,4.9457111;5.0272209;5.0049862;5.0861229;5.0349499;4.97517;4.9890876;5.0206058;4.8965438;5.0073491;4.9351045;5.0695225;5.0068295;5.0800369;4.971503;4.9932767;4.9559796,3.148880622916295e-08,79.20203399658203,1.5745446058090806e-09,42980.199123443395,1.0,0.17869527875075472,True,,,1,13248722625752605209,1cebbe2c85286d125a19176074641cec80e768fcc76265a176a2887e861b48e2:592,123,6076273943935520744,3eabdfa943524b1077c76342cd49dd883c1d02e6abf0a6e9273162f3d53c340b,0.0
593,0,-0.18703248889494795,0.4992468716955032,inside,circular,1.886494684924981,1.6432889929861634,6.114601560115397,1.0,4.317200998111699,1,,,,False,0.06979771004814736,0.2823308080424878,False,0.23598490277555512,2.7836211544731886,0.6731141777670977,1.16690108142136,ballistic,24.83945097393164,,0.04525432127913618,5.531568713224377,0.8848348116266603,3.4073234429691093,3.8575381486181057,6.628322401339184,0.1755007975589866,0.22847257702657392,0.853815174781855,0.17604904648636,0.4078428846230805,1.1928503114457576,22.286476287991352,3.3487897120446743,0.034271342625227866,qp_ode,0.05,100.0,4.395543428576087e-09,100.00000000000001,188.48033507752348,0.7919374642407466,191.0,5.0,0.999,independent_lognormal,False,0.0,False,0.0,4.273767693076084,0.2079482258925669,False,0.0,fixed_device,0,83.8352488853537,118.05332671712425,167.6704977707074,204.94395774055712,107.50854;83.835249;108.17078;117.03402;89.487233;118.05333;86.697402;85.209342;102.47198;92.587643;100.74184;98.930132;99.136065;93.433459;94.419352;116.50486;105.77879,198.80062;167.6705;194.33474;189.94553;178.97447;197.9976;173.3948;170.41868;204.94396;185.17529;198.89142;197.86026;196.57891;186.86692;188.8387;189.8481;183.62519,4.9457111;5.0272209;5.0049862;5.0861229;5.0349499;4.97517;4.9890876;5.0206058;4.8965438;5.0073491;4.9351045;5.0695225;5.0068295;5.0800369;4.971503;4.9932767;4.9559796,1.0908280501098488e-07,69.79106903076172,5.456442853102317e-09,42980.199123443395,1.0,0.20466242284099365,True,,,1,2115822452611946428,1cebbe2c85286d125a19176074641cec80e768fcc76265a176a2887e861b48e2:593,123,788953828128333356,3eabdfa943524b1077c76342cd49dd883c1d02e6abf0a6e9273162f3d53c340b,0.0
594,0,2.6917352542142616,-1.504322785665123,inside,elliptical,1.7947987480941188,0.8789151847575242,6.209958256456322,2.3130224838328433,3.6495011444710057,1,,,,False,0.24056990922144744,0.025556074391135386,False,0.21881365330208963,2.1863679774454434,0.9127897748823566,2.2009312412081403,ballistic,16.545324790487474,,0.03935662807975337,55.569229191323764,0.867517431702403,2.475045247739841,4.9930124711711645,8.089407290138709,0.19793206645273181,0.1439984542289958,0.9021447932743056,0.7363074121128792,0.4758523052056174,0.9685037802706009,29.86594138518068,2.8302123239933317,0.07145299114879083,qp_ode,0.05,100.0,1.963781921243867e-07,100.00000000000001,188.48033507752348,1.1410560645357433,191.0,5.0,0.999,independent_lognormal,False,0.0,False,0.0,3.352815180552474,0.32696270263174043,False,0.0,fixed_device,0,83.8352488853537,118.05332671712425,167.6704977707074,204.94395774055712,107.50854;83.835249;108.17078;117.03402;89.487233;118.05333;86.697402;85.209342;102.47198;92.587643;100.74184;98.930132;99.136065;93.433459;94.419352;116.50486;105.77879,198.80062;167.6705;194.33474;189.94553;178.97447;197.9976;173.3948;170.41868;204.94396;185.17529;198.89142;197.86026;196.57891;186.86692;188.8387;189.8481;183.62519,4.9457111;5.0272209;5.0049862;5.0861229;5.0349499;4.97517;4.9890876;5.0206058;4.8965438;5.0073491;4.9351045;5.0695225;5.0068295;5.0800369;4.971503;4.9932767;4.9559796,4.9464579205960035e-06,4.47308874130249,2.501726612536004e-07,42980.199123443395,1.0,0.2432033491924887,True,,,2,11699366227810171610,1cebbe2c85286d125a19176074641cec80e768fcc76265a176a2887e861b48e2:594,123,5533228259691174037,3eabdfa943524b1077c76342cd49dd883c1d02e6abf0a6e9273162f3d53c340b,0.7089269301470589
595,0,-3.0,-2.5435317904087245,edge,elliptical,1.7423698928555633,1.1651044478928467,6.204145659940719,1.1833949057937474,71.61911327753631,1,,,,False,0.2577952078165841,0.12803387333881833,False,0.3690082576578616,2.8888934209968897,1.0483277683507088,2.887359453669946,diffusive,,12.024920395821402,0.08034150193086273,39.49105643273187,1.0049053504930474,2.3254608845950004,5.986942179428674,7.948294101283423,0.5474965712438257,0.2211756238562253,0.9735884557861985,0.1822725462127721,0.28323671637812947,0.6728481997547152,22.027673098482566,3.224613032012346,0.04760931485137478,qp_ode,0.05,100.0,1.0270280162870494e-10,100.00000000000001,188.48033507752348,1.783596079371592,191.0,5.0,0.999,independent_lognormal,False,0.0,False,0.0,7.917011106172008,0.3524814668400511,False,0.0,fixed_device,0,83.8352488853537,118.05332671712425,167.6704977707074,204.94395774055712,107.50854;83.835249;108.17078;117.03402;89.487233;118.05333;86.697402;85.209342;102.47198;92.587643;100.74184;98.930132;99.136065;93.433459;94.419352;116.50486;105.77879,198.80062;167.6705;194.33474;189.94553;178.97447;197.9976;173.3948;170.41868;204.94396;185.17529;198.89142;197.86026;196.57891;186.86692;188.8387;189.8481;183.62519,4.9457111;5.0272209;5.0049862;5.0861229;5.0349499;4.97517;4.9890876;5.0206058;4.8965438;5.0073491;4.9351045;5.0695225;5.0068295;5.0800369;4.971503;4.9932767;4.9559796,1.9196675360433346e-09,83.40202331542969,9.61700857837755e-11,42980.199123443395,1.0,0.1987161355402956,True,,,0,9271447989772656732,1cebbe2c85286d125a19176074641cec80e768fcc76265a176a2887e861b48e2:595,123,4863398668852736733,3eabdfa943524b1077c76342cd49dd883c1d02e6abf0a6e9273162f3d53c340b,0.0
596,0,1.6977331779077858,3.0,edge,elliptical,2.349975696398762,1.689083963893105,5.527360401948513,2.1487537320222163,23.085262533413506,1,,,,False,0.10606828253556547,0.31618625027361424,False,0.3884643010604176,3.536570408803132,1.1427946649694412,1.3889369294658818,ballistic,29.566718783613204,,0.025887229273312745,17.054693002682892,1.7259791441814745,3.125502780071742,4.608310942051517,7.102310739951861,0.23767469454309642,0.2591327684519832,0.8578497204674569,0.0393525175730229,0.20078582031208803,0.8118621095255362,33.204065718256466,3.192009571227275,0.057748960627081215,qp_ode,0.05,100.0,3.540881981130308e-08,100.00000000000001,188.48033507752348,0.23034115278701217,191.0,5.0,0.999,independent_lognormal,False,0.0,False,0.0,18.9046349261788,0.33354199424409314,False,0.0,fixed_device,0,83.8352488853537,118.05332671712425,167.6704977707074,204.94395774055712,107.50854;83.835249;108.17078;117.03402;89.487233;118.05333;86.697402;85.209342;102.47198;92.587643;100.74184;98.930132;99.136065;93.433459;94.419352;116.50486;105.77879,198.80062;167.6705;194.33474;189.94553;178.97447;197.9976;173.3948;170.41868;204.94396;185.17529;198.89142;197.86026;196.57891;186.86692;188.8387;189.8481;183.62519,4.9457111;5.0272209;5.0049862;5.0861229;5.0349499;4.97517;4.9890876;5.0206058;4.8965438;5.0073491;4.9351045;5.0695225;5.0068295;5.0800369;4.971503;4.9932767;4.9559796,8.794251584731683e-07,21.57206153869629,4.4089304651606653e-08,42980.199123443395,1.0,0.1997889723660655,True,,,2,11869591029668067749,1cebbe2c85286d125a19176074641cec80e768fcc76265a176a2887e861b48e2:596,123,2280438840691019737,3eabdfa943524b1077c76342cd49dd883c1d02e6abf0a6e9273162f3d53c340b,0.07875689338235294
597,0,-3.0,-2.8031450524400463,edge,circular,2.2233445646527183,1.3492248640479843,8.390687576875223,1.0,117.81143880093703,1,,,,False,0.22209491913796958,0.8815578815903363,False,0.21166971929076558,3.930138821062592,0.6463553819931511,2.8782797409957315,diffusive,,16.80481558061242,0.05463189122156098,36.343720367222076,1.9573113176453165,3.73293812684388,5.797292380663613,5.120156138976196,0.1806951879835051,0.23148088093780497,0.9814453188081931,0.6070044137795758,0.1522235786025556,1.0754732067779464,23.402705071851916,3.273602896754048,0.0237687202112073,qp_ode,0.05,100.0,1.6691671410949144e-09,100.00000000000001,188.48033507752348,0.921670917772716,191.0,5.0,0.999,independent_lognormal,False,0.0,False,0.0,13.276085380031398,0.2438209060324572,False,0.0,fixed_device,0,83.8352488853537,118.05332671712425,167.6704977707074,204.94395774055712,107.50854;83.835249;108.17078;117.03402;89.487233;118.05333;86.697402;85.209342;102.47198;92.587643;100.74184;98.930132;99.136065;93.433459;94.419352;116.50486;105.77879,198.80062;167.6705;194.33474;189.94553;178.97447;197.9976;173.3948;170.41868;204.94396;185.17529;198.89142;197.86026;196.57891;186.86692;188.8387;189.8481;183.62519,4.9457111;5.0272209;5.0049862;5.0861229;5.0349499;4.97517;4.9890876;5.0206058;4.8965438;5.0073491;4.9351045;5.0695225;5.0068295;5.0800369;4.971503;4.9932767;4.9559796,4.008186138548808e-08,75.4600601196289,2.0059112149084513e-09,42980.199123443395,1.0,0.19724655230263732,True,,,1,3165268847308337684,1cebbe2c85286d125a19176074641cec80e768fcc76265a176a2887e861b48e2:597,123,9123688647163904935,3eabdfa943524b1077c76342cd49dd883c1d02e6abf0a6e9273162f3d53c340b,0.0
598,0,-2.9273837345025093,3.274423380136343,outside,circular,2.4557063658772122,1.1902061708412641,6.119618509113177,1.0,176.02943028695663,1,,,,False,0.08723476281080844,0.18998086270386938,False,0.2995049874185539,3.6162117635988698,0.8681315527008474,1.6577527572368729,diffusive,,13.008198465180763,0.05245470274850149,52.5867626970447,0.5316914165575816,2.7008035771265795,5.932110512460372,7.360366094160152,0.23942336261845165,0.4205524701069644,0.9153211236639615,0.08383005412923117,0.45175390946735267,0.774715815082594,23.69700445710406,2.8958324067008916,0.014800240700439877,qp_ode,0.05,100.0,7.54734225131237e-08,100.00000000000001,188.48033507752348,1.5458282246775008,191.0,5.0,0.999,independent_lognormal,False,0.0,False,0.0,13.415208097018194,0.1953316563496768,False,0.0,fixed_device,0,83.8352488853537,118.05332671712425,167.6704977707074,204.94395774055712,107.50854;83.835249;108.17078;117.03402;89.487233;118.05333;86.697402;85.209342;102.47198;92.587643;100.74184;98.930132;99.136065;93.433459;94.419352;116.50486;105.77879,198.80062;167.6705;194.33474;189.94553;178.97447;197.9976;173.3948;170.41868;204.94396;185.17529;198.89142;197.86026;196.57891;186.86692;188.8387;189.8481;183.62519,4.9457111;5.0272209;5.0049862;5.0861229;5.0349499;4.97517;4.9890876;5.0206058;4.8965438;5.0073491;4.9351045;5.0695225;5.0068295;5.0800369;4.971503;4.9932767;4.9559796,1.6185135791602079e-06,12.475826263427734,8.147787156076447e-08,42980.199123443395,1.0,0.19447370192321714,True,,,2,9130899285578121166,1cebbe2c85286d125a19176074641cec80e768fcc76265a176a2887e861b48e2:598,123,3382936104784981403,3eabdfa943524b1077c76342cd49dd883c1d02e6abf0a6e9273162f3d53c340b,0.2075482536764706
599,0,-2.314486228863128,1.2484209329950735,inside,circular,2.2525624334805823,1.2496333641775406,3.102944481894623,1.0,70.20575151098159,1,,,,False,0.27303603404366905,0.4950183634842238,False,0.1259190887524119,2.54002602201467,1.2447945150463484,2.9952143381776684,ballistic,22.556203982024687,,0.04915300448978677,54.00580033702501,0.5258361709932603,3.6383646797289053,3.6383646797289053,8.344398498774975,0.5182408839647763,0.23321442728398356,0.9088883878063035,0.5260081597436405,0.1458480217054799,1.1404151319125588,22.31770223254147,3.02726714779462,0.04373519414673523,qp_ode,0.05,100.0,6.079496688180441e-10,100.00000000000001,188.48033507752348,1.6523847159424732,191.0,5.0,0.999,independent_lognormal,False,0.0,False,0.0,42.63728074157224,0.15488583099569048,False,0.0,fixed_device,0,83.8352488853537,118.05332671712425,167.6704977707074,204.94395774055712,107.50854;83.835249;108.17078;117.03402;89.487233;118.05333;86.697402;85.209342;102.47198;92.587643;100.74184;98.930132;99.136065;93.433459;94.419352;116.50486;105.77879,198.80062;167.6705;194.33474;189.94553;178.97447;197.9976;173.3948;170.41868;204.94396;185.17529;198.89142;197.86026;196.57891;186.86692;188.8387;189.8481;183.62519,4.9457111;5.0272209;5.0049862;5.0861229;5.0349499;4.97517;4.9890876;5.0206058;4.8965438;5.0073491;4.9351045;5.0695225;5.0068295;5.0800369;4.971503;4.9932767;4.9559796,8.458792777332746e-09,83.11409759521484,4.2295786317758655e-10,42980.199123443395,1.0,0.18613658325207072,True,,,0,12377569596674347694,1cebbe2c85286d125a19176074641cec80e768fcc76265a176a2887e861b48e2:599,123,5671395715263347698,3eabdfa943524b1077c76342cd49dd883c1d02e6abf0a6e9273162f3d53c340b,0.0
600,0,-2.019740338918817,3.0,edge,elliptical,2.4512655511857977,0.884603622693819,6.35195323635819,1.8296685304797466,75.97247608520041,1,,,,False,0.1715758884283945,0.2553806311226232,False,0.3761575004767853,3.7361895006202994,1.299508094300561,2.40159403485678,diffusive,,14.011228782483782,0.08196376451233614,9.927933425371505,0.5311530902878353,2.849106505171196,5.173604503832408,6.113100249611383,0.34946367812378454,0.12609490948708288,0.8279828091650321,0.08346478868594742,0.45482476275336364,0.7733059213407911,30.196571982195515,3.0482004918491685,0.0018176734729855504,qp_ode,0.05,100.0,3.1136357665046634e-08,100.00000000000001,188.48033507752348,0.36279255397156257,191.0,5.0,0.999,independent_lognormal,False,0.0,False,0.0,2.2629377940359485,0.5813543570776238,False,0.0,fixed_device,0,83.8352488853537,118.05332671712425,167.6704977707074,204.94395774055712,107.50854;83.835249;108.17078;117.03402;89.487233;118.05333;86.697402;85.209342;102.47198;92.587643;100.74184;98.930132;99.136065;93.433459;94.419352;116.50486;105.77879,198.80062;167.6705;194.33474;189.94553;178.97447;197.9976;173.3948;170.41868;204.94396;185.17529;198.89142;197.86026;196.57891;186.86692;188.8387;189.8481;183.62519,4.9457111;5.0272209;5.0049862;5.0861229;5.0349499;4.97517;4.9890876;5.0206058;4.8965438;5.0073491;4.9351045;5.0695225;5.0068295;5.0800369;4.971503;4.9932767;4.9559796,5.856350639987795e-07,28.20591163635254,2.943627386287062e-08,42980.199123443395,1.0,0.18112840183633286,True,,,2,18320557023737481784,1cebbe2c85286d125a19176074641cec80e768fcc76265a176a2887e861b48e2:600,123,8774204138881575304,3eabdfa943524b1077c76342cd49dd883c1d02e6abf0a6e9273162f3d53c340b,0.011402803308823529
601,0,3.0,2.2224085174154222,edge,elliptical,1.8264576023772927,1.299289321478497,3.9178511380114545,1.2596260983056795,122.61986066212829,1,,,,False,0.07299430866751226,0.9867912469861523,False,0.2061436705943549,2.0686728597227346,1.171967950291724,2.2509837206204044,ballistic,35.88682135998803,,0.06218186477300919,28.426075791125403,1.0637231548911243,2.9673788027576897,3.8699778123424258,6.342213678148516,0.5641633325195673,0.38082447742200465,0.821415293374642,0.26135657929466166,0.35502703768104765,0.8228526928057143,32.93116625516985,3.081263589388303,0.03641446007147106,qp_ode,0.05,100.0,6.6158020091349e-10,100.00000000000001,188.48033507752348,0.3398017703283064,191.0,5.0,0.999,independent_lognormal,False,0.0,False,0.0,17.38028202661151,0.3776625703851403,False,0.0,fixed_device,0,83.8352488853537,118.05332671712425,167.6704977707074,204.94395774055712,107.50854;83.835249;108.17078;117.03402;89.487233;118.05333;86.697402;85.209342;102.47198;92.587643;100.74184;98.930132;99.136065;93.433459;94.419352;116.50486;105.77879,198.80062;167.6705;194.33474;189.94553;178.97447;197.9976;173.3948;170.41868;204.94396;185.17529;198.89142;197.86026;196.57891;186.86692;188.8387;189.8481;183.62519,4.9457111;5.0272209;5.0049862;5.0861229;5.0349499;4.97517;4.9890876;5.0206058;4.8965438;5.0073491;4.9351045;5.0695225;5.0068295;5.0800369;4.971503;4.9932767;4.9559796,8.960157060755591e-09,83.8253173828125,4.48933196173229e-10,42980.199123443395,1.0,0.1878608803889914,True,,,0,4462232053918124480,1cebbe2c85286d125a19176074641cec80e768fcc76265a176a2887e861b48e2:601,123,4985465587398606935,3eabdfa943524b1077c76342cd49dd883c1d02e6abf0a6e9273162f3d53c340b,0.0
602,0,3.655857038024897,1.9446253161377864,outside,elliptical,2.0083294427582628,1.3035236523698608,3.794374338751222,1.3475443777323681,119.30145883429653,1,,,,False,0.28740002884175025,0.2697922584095104,False,0.18520940720212076,2.026973088247739,1.2244696988579382,2.7594232566899635,diffusive,,5.32400092639447,0.027998992605061872,48.57876720860139,1.1583497968476895,2.3291351374297986,5.737255627503222,5.064278100109671,0.2234188760618191,0.4148431233250328,0.8690452557988245,0.46985624995686054,0.4476311580756226,0.8596225450003845,34.60797252201703,3.28183628816263,0.017616664459733436,qp_ode,0.05,100.0,3.362674814484826e-10,100.00000000000001,188.48033507752348,1.8265302071677263,191.0,5.0,0.999,independent_lognormal,False,0.0,False,0.0,10.977539053234096,0.30764663358686967,False,0.0,fixed_device,0,83.8352488853537,118.05332671712425,167.6704977707074,204.94395774055712,107.50854;83.835249;108.17078;117.03402;89.487233;118.05333;86.697402;85.209342;102.47198;92.587643;100.74184;98.930132;99.136065;93.433459;94.419352;116.50486;105.77879,198.80062;167.6705;194.33474;189.94553;178.97447;197.9976;173.3948;170.41868;204.94396;185.17529;198.89142;197.86026;196.57891;186.86692;188.8387;189.8481;183.62519,4.9457111;5.0272209;5.0049862;5.0861229;5.0349499;4.97517;4.9890876;5.0206058;4.8965438;5.0073491;4.9351045;5.0695225;5.0068295;5.0800369;4.971503;4.9932767;4.9559796,5.518613566124486e-09,83.83525085449219,2.7614094344485807e-10,42980.199123443395,1.0,0.19645007229556619,True,,,0,3787753505061819311,1cebbe2c85286d125a19176074641cec80e768fcc76265a176a2887e861b48e2:602,123,2049973138093344331,3eabdfa943524b1077c76342cd49dd883c1d02e6abf0a6e9273162f3d53c340b,0.0
603,0,1.8792200916797785,-1.898756516194016,inside,elliptical,1.7252511032461848,1.5415331682975917,5.859732375772101,1.6348432827937427,146.81128366560074,1,,,,False,0.13623566382278274,0.639728366384471,False,0.13965891388460452,1.5261772807056062,0.5054858065380083,2.835301740897883,diffusive,,9.98027829493483,0.053987641512491163,17.93104950395155,0.9278617526413827,2.841072737843647,3.9647543230837057,8.282269386157145,0.5548975425586157,0.2661806649688257,0.9755975942919501,0.6154186130617367,0.1520267490205961,0.756762358990951,20.987682157631927,3.0374446235639314,0.07974693058657638,qp_ode,0.05,100.0,1.9974785926175858e-07,100.00000000000001,188.48033507752348,1.8564084420394409,191.0,5.0,0.999,independent_lognormal,False,0.0,False,0.0,8.603003112367436,0.5413546947830189,False,0.0,fixed_device,0,83.8352488853537,118.05332671712425,167.6704977707074,204.94395774055712,107.50854;83.835249;108.17078;117.03402;89.487233;118.05333;86.697402;85.209342;102.47198;92.587643;100.74184;98.930132;99.136065;93.433459;94.419352;116.50486;105.77879,198.80062;167.6705;194.33474;189.94553;178.97447;197.9976;173.3948;170.41868;204.94396;185.17529;198.89142;197.86026;196.57891;186.86692;188.8387;189.8481;183.62519,4.9457111;5.0272209;5.0049862;5.0861229;5.0349499;4.97517;4.9890876;5.0206058;4.8965438;5.0073491;4.9351045;5.0695225;5.0068295;5.0800369;4.971503;4.9932767;4.9559796,4.490411811275408e-06,4.874855041503906,2.2654862164017686e-07,42980.199123443395,1.0,0.27473414374896643,True,,,2,10245596055841301279,1cebbe2c85286d125a19176074641cec80e768fcc76265a176a2887e861b48e2:603,123,752541041892970715,3eabdfa943524b1077c76342cd49dd883c1d02e6abf0a6e9273162f3d53c340b,0.29216452205882354
604,0,1.830611862641475,-2.076561699061833,inside,elliptical,1.8825241313024559,1.351249746288488,2.440296076064131,1.675415442690369,133.64204131442366,1,,,,False,0.1555499015167378,0.9487873618615789,False,0.2240414669179256,2.5374830285832313,0.9973871585894238,1.5574948057343916,ballistic,38.17914518149276,,0.10731761849414748,22.282327512824168,0.6391113798588981,2.819447792511505,6.19674383119741,8.074985809209835,0.19511681020068644,0.37697774310060994,0.9407910464984768,0.342717019695109,0.220517530554655,0.7147889661656588,33.2887183871746,3.364503379009134,0.01259953819903755,qp_ode,0.05,100.0,2.7708056106039146e-09,100.00000000000001,188.48033507752348,1.1499907342115727,191.0,5.0,0.999,independent_lognormal,False,0.0,False,0.0,61.567434027225815,0.09140764819843175,False,0.0,fixed_device,0,83.8352488853537,118.05332671712425,167.6704977707074,204.94395774055712,107.50854;83.835249;108.17078;117.03402;89.487233;118.05333;86.697402;85.209342;102.47198;92.587643;100.74184;98.930132;99.136065;93.433459;94.419352;116.50486;105.77879,198.80062;167.6705;194.33474;189.94553;178.97447;197.9976;173.3948;170.41868;204.94396;185.17529;198.89142;197.86026;196.57891;186.86692;188.8387;189.8481;183.62519,4.9457111;5.0272209;5.0049862;5.0861229;5.0349499;4.97517;4.9890876;5.0206058;4.8965438;5.0073491;4.9351045;5.0695225;5.0068295;5.0800369;4.971503;4.9932767;4.9559796,7.348000963247614e-08,71.03535461425781,3.6805529735062237e-09,42980.199123443395,1.0,0.20176438474107983,True,,,1,1313637197353688617,1cebbe2c85286d125a19176074641cec80e768fcc76265a176a2887e861b48e2:604,123,4873745231660271208,3eabdfa943524b1077c76342cd49dd883c1d02e6abf0a6e9273162f3d53c340b,0.0
605,0,0.6392878783982541,-1.3087347338125053,inside,elliptical,2.452531137627436,1.377752165513733,6.667840820423539,1.5702561255261174,94.82171390171247,1,,,,False,0.2916038346417451,0.3864049134083991,False,0.24503842559762576,3.684735272451469,0.9105856811425396,2.6437703731442124,diffusive,,14.613668121202364,0.10510501866013842,12.016603343492074,0.6077725387286961,2.867191453936799,4.154117255836883,6.839048178020516,0.5849918626890327,0.32062045885942214,0.839062825422037,0.3239101911137353,0.2734398553292887,0.7021861533231406,28.417796591149163,2.943238807396047,0.028447575334088857,qp_ode,0.05,100.0,3.0571343124286374e-10,100.00000000000001,188.48033507752348,0.7222898636619088,191.0,5.0,0.999,independent_lognormal,False,0.0,False,0.0,26.738256969507244,0.11319354186797408,False,0.0,fixed_device,0,83.8352488853537,118.05332671712425,167.6704977707074,204.94395774055712,107.50854;83.835249;108.17078;117.03402;89.487233;118.05333;86.697402;85.209342;102.47198;92.587643;100.74184;98.930132;99.136065;93.433459;94.419352;116.50486;105.77879,198.80062;167.6705;194.33474;189.94553;178.97447;197.9976;173.3948;170.41868;204.94396;185.17529;198.89142;197.86026;196.57891;186.86692;188.8387;189.8481;183.62519,4.9457111;5.0272209;5.0049862;5.0861229;5.0349499;4.97517;4.9890876;5.0206058;4.8965438;5.0073491;4.9351045;5.0695225;5.0068295;5.0800369;4.971503;4.9932767;4.9559796,6.663769980264078e-09,82.75884246826172,3.3383074082848907e-10,42980.199123443395,1.0,0.17809603071756072,True,,,0,17157114099974065975,1cebbe2c85286d125a19176074641cec80e768fcc76265a176a2887e861b48e2:605,123,7466076186247911455,3eabdfa943524b1077c76342cd49dd883c1d02e6abf0a6e9273162f3d53c340b,0.0
606,0,-1.3518452505693799,0.6707276049784543,inside,circular,1.9895648316210952,0.8726833379315099,5.19652947357115,1.0,122.44645439474534,1,,,,False,0.20434636545893542,0.4459361738796509,False,0.3725879188563539,2.8858988479755125,0.798066305982251,1.9409047060419495,diffusive,,8.243483528437231,0.10639414219718218,52.25665843295069,1.611699037922138,2.5765667918313033,4.110957908616601,6.773525338791401,0.574696076852422,0.21372450333578297,0.9736880741831258,0.43424797679428473,0.2035122467520143,0.5238228616226857,30.722597269370603,2.8028778379241013,0.017592835038203924,qp_ode,0.05,100.0,1.8182141564428053e-10,100.00000000000001,188.48033507752348,0.7095254723685207,191.0,5.0,0.999,independent_lognormal,False,0.0,False,0.0,24.385320498674112,0.22199163425618273,False,0.0,fixed_device,0,83.8352488853537,118.05332671712425,167.6704977707074,204.94395774055712,107.50854;83.835249;108.17078;117.03402;89.487233;118.05333;86.697402;85.209342;102.47198;92.587643;100.74184;98.930132;99.136065;93.433459;94.419352;116.50486;105.77879,198.80062;167.6705;194.33474;189.94553;178.97447;197.9976;173.3948;170.41868;204.94396;185.17529;198.89142;197.86026;196.57891;186.86692;188.8387;189.8481;183.62519,4.9457111;5.0272209;5.0049862;5.0861229;5.0349499;4.97517;4.9890876;5.0206058;4.8965438;5.0073491;4.9351045;5.0695225;5.0068295;5.0800369;4.971503;4.9932767;4.9559796,3.5628497929707237e-09,83.5683822631836,1.782315961484926e-10,42980.199123443395,1.0,0.16778760863880748,True,,,0,16468888069820671906,1cebbe2c85286d125a19176074641cec80e768fcc76265a176a2887e861b48e2:606,123,5384072650227431477,3eabdfa943524b1077c76342cd49dd883c1d02e6abf0a6e9273162f3d53c340b,0.0
607,0,-3.0,-0.04609568013131149,edge,circular,2.0909344939519126,1.2538574307041284,3.7329835741051065,1.0,58.61785667833219,1,,,,False,0.3944626543530413,0.1273470340405385,False,0.16128460083221186,3.8790003283399868,0.6982227143324814,1.7441838732529678,diffusive,,10.244274018518334,0.04102719761937937,78.05205602739944,1.5777286216445798,2.2788515150527866,6.339043813618109,5.252542043235747,0.28829902549106046,0.40278454050616375,0.8842300510057476,0.4974650471521387,0.4401356297624907,0.9604916296727195,28.07295838944715,2.9820076704577763,0.03804447007663035,qp_ode,0.05,100.0,1.3362241679856456e-07,100.00000000000001,188.48033507752348,0.4421112546217083,191.0,5.0,0.999,independent_lognormal,False,0.0,False,0.0,39.61284070991562,0.6226483585473804,False,0.0,fixed_device,0,83.8352488853537,118.05332671712425,167.6704977707074,204.94395774055712,107.50854;83.835249;108.17078;117.03402;89.487233;118.05333;86.697402;85.209342;102.47198;92.587643;100.74184;98.930132;99.136065;93.433459;94.419352;116.50486;105.77879,198.80062;167.6705;194.33474;189.94553;178.97447;197.9976;173.3948;170.41868;204.94396;185.17529;198.89142;197.86026;196.57891;186.86692;188.8387;189.8481;183.62519,4.9457111;5.0272209;5.0049862;5.0861229;5.0349499;4.97517;4.9890876;5.0206058;4.8965438;5.0073491;4.9351045;5.0695225;5.0068295;5.0800369;4.971503;4.9932767;4.9559796,2.203690200985875e-06,9.420881271362305,1.1079983863737652e-07,42980.199123443395,1.0,0.19128506068216622,True,,,2,650167322613059694,1cebbe2c85286d125a19176074641cec80e768fcc76265a176a2887e861b48e2:607,123,3044623232508724491,3eabdfa943524b1077c76342cd49dd883c1d02e6abf0a6e9273162f3d53c340b,0.21840533088235295
608,0,-3.566014583757465,-1.3406405276913138,outside,circular,1.700843814806,1.104380038593756,5.318927626905459,1.0,163.6258914541241,1,,,,False,0.12017765937155765,0.06499791865443272,False,0.12426583590203819,3.6987767779320806,1.191664212067029,2.1785661375774557,ballistic,33.79203103066464,,0.05468694181550074,40.360176073611804,1.6440165535154407,2.022061837292016,4.01264806930401,8.034410797469636,0.2578587801637632,0.33097503635424064,0.9287980686357377,0.013707445313696632,0.37089447808804016,0.9948429967650554,20.53875035963178,3.051650646227188,0.050419819510412564,qp_ode,0.05,100.0,2.817936330472031e-10,100.00000000000001,188.48033507752348,0.669886672578127,191.0,5.0,0.999,independent_lognormal,False,0.0,False,0.0,5.265590609398204,0.4994237086472344,False,0.0,fixed_device,0,83.8352488853537,118.05332671712425,167.6704977707074,204.94395774055712,107.50854;83.835249;108.17078;117.03402;89.487233;118.05333;86.697402;85.209342;102.47198;92.587643;100.74184;98.930132;99.136065;93.433459;94.419352;116.50486;105.77879,198.80062;167.6705;194.33474;189.94553;178.97447;197.9976;173.3948;170.41868;204.94396;185.17529;198.89142;197.86026;196.57891;186.86692;188.8387;189.8481;183.62519,4.9457111;5.0272209;5.0049862;5.0861229;5.0349499;4.97517;4.9890876;5.0206058;4.8965438;5.0073491;4.9351045;5.0695225;5.0068295;5.0800369;4.971503;4.9932767;4.9559796,3.613540577873664e-09,83.0628433227539,1.810984417982553e-10,42980.199123443395,1.0,0.18855970513473452,True,,,0,827511845953442210,1cebbe2c85286d125a19176074641cec80e768fcc76265a176a2887e861b48e2:608,123,1946947051840470626,3eabdfa943524b1077c76342cd49dd883c1d02e6abf0a6e9273162f3d53c340b,0.0
609,0,3.945166503858668,-1.7581603988761307,outside,circular,1.7366802445886875,1.5771890453727697,6.833828693247155,1.0,112.36697521337722,1,,,,False,0.09176525017615592,0.3901796393619683,False,0.14889405546940182,1.7161606425723197,0.5421619403715503,2.534642798473571,ballistic,21.57948638469423,,0.1165272453839137,6.639968478779821,1.513375025055717,3.36666581607588,3.896856039962794,6.43899619982172,0.4468075125830322,0.33317579570878453,0.8254634464049568,0.08638930222724978,0.4011039164574466,0.5049906780586755,30.20994987832796,3.2274309328899804,0.06330280562717096,qp_ode,0.05,100.0,6.623014847008456e-09,100.00000000000001,188.48033507752348,1.824883646462979,191.0,5.0,0.999,independent_lognormal,False,0.0,False,0.0,13.623553695165823,0.18750466203115435,False,0.0,fixed_device,0,83.8352488853537,118.05332671712425,167.6704977707074,204.94395774055712,107.50854;83.835249;108.17078;117.03402;89.487233;118.05333;86.697402;85.209342;102.47198;92.587643;100.74184;98.930132;99.136065;93.433459;94.419352;116.50486;105.77879,198.80062;167.6705;194.33474;189.94553;178.97447;197.9976;173.3948;170.41868;204.94396;185.17529;198.89142;197.86026;196.57891;186.86692;188.8387;189.8481;183.62519,4.9457111;5.0272209;5.0049862;5.0861229;5.0349499;4.97517;4.9890876;5.0206058;4.8965438;5.0073491;4.9351045;5.0695225;5.0068295;5.0800369;4.971503;4.9932767;4.9559796,1.0778511239095678e-07,64.78083801269531,5.390464963284103e-09,42980.199123443395,1.0,0.20302321535014634,True,,,1,13646593498998824791,1cebbe2c85286d125a19176074641cec80e768fcc76265a176a2887e861b48e2:609,123,1350141826383837467,3eabdfa943524b1077c76342cd49dd883c1d02e6abf0a6e9273162f3d53c340b,0.0
610,0,-0.2175181135502644,-1.2019735605078472,inside,elliptical,1.7945110684952277,1.1107917634982285,3.7920002233087082,2.2347629794491883,10.950292110811892,1,,,,False,0.31522393139993515,0.8963614898982307,False,0.38427489908994406,1.862216392227083,1.2426054256040393,2.329423678342243,ballistic,17.756908062114867,,0.08286407530006358,45.03674953035396,1.9128003952909673,2.693709043757572,5.280082920160072,6.51798204804281,0.46661377725812025,0.22765651455018268,0.9758337873685939,0.6987112064422494,0.27894381306181687,0.7186165109880958,29.736976844927952,3.3573616667183073,0.04495477097028538,qp_ode,0.05,100.0,5.985848639754083e-10,100.00000000000001,188.48033507752348,0.6528021106206503,191.0,5.0,0.999,independent_lognormal,False,0.0,False,0.0,9.398381876636584,0.12050368920220703,False,0.0,fixed_device,0,83.8352488853537,118.05332671712425,167.6704977707074,204.94395774055712,107.50854;83.835249;108.17078;117.03402;89.487233;118.05333;86.697402;85.209342;102.47198;92.587643;100.74184;98.930132;99.136065;93.433459;94.419352;116.50486;105.77879,198.80062;167.6705;194.33474;189.94553;178.97447;197.9976;173.3948;170.41868;204.94396;185.17529;198.89142;197.86026;196.57891;186.86692;188.8387;189.8481;183.62519,4.9457111;5.0272209;5.0049862;5.0861229;5.0349499;4.97517;4.9890876;5.0206058;4.8965438;5.0073491;4.9351045;5.0695225;5.0068295;5.0800369;4.971503;4.9932767;4.9559796,1.336209543012501e-08,81.47380065917969,6.688247178310291e-10,42980.199123443395,1.0,0.2065045326031272,True,,,0,320956791154004772,1cebbe2c85286d125a19176074641cec80e768fcc76265a176a2887e861b48e2:610,123,8588182076745815040,3eabdfa943524b1077c76342cd49dd883c1d02e6abf0a6e9273162f3d53c340b,0.0
611,0,-0.08986334919162786,-3.0,edge,elliptical,1.8905373130207237,1.3957499802871385,6.266217154747723,2.4335739073842517,27.79384527193203,1,,,,False,0.17468642522637018,0.018950166875245644,False,0.194330781297265,2.4518006014106906,0.5559185403569893,2.943958681672745,ballistic,22.556189544605107,,0.03725124882512669,35.28860796257732,1.0262674965056515,3.3088853097307496,6.172043256420745,7.752045140840738,0.3564262265067498,0.1240335007825518,0.9508955313074859,0.3201369812310125,0.17604637299149656,0.6522349037003319,34.721197713664786,2.809230761725219,0.04174384686160258,qp_ode,0.05,100.0,5.4231086537529845e-09,100.00000000000001,188.48033507752348,1.09408601787696,191.0,5.0,0.999,independent_lognormal,False,0.0,False,0.0,10.564332111109549,0.37910612678035904,False,0.0,fixed_device,0,83.8352488853537,118.05332671712425,167.6704977707074,204.94395774055712,107.50854;83.835249;108.17078;117.03402;89.487233;118.05333;86.697402;85.209342;102.47198;92.587643;100.74184;98.930132;99.136065;93.433459;94.419352;116.50486;105.77879,198.80062;167.6705;194.33474;189.94553;178.97447;197.9976;173.3948;170.41868;204.94396;185.17529;198.89142;197.86026;196.57891;186.86692;188.8387;189.8481;183.62519,4.9457111;5.0272209;5.0049862;5.0861229;5.0349499;4.97517;4.9890876;5.0206058;4.8965438;5.0073491;4.9351045;5.0695225;5.0068295;5.0800369;4.971503;4.9932767;4.9559796,1.0780616577221735e-07,61.34546661376953,5.3976663139110315e-09,42980.199123443395,1.0,0.17305026353121553,True,,,1,6136350539688302514,1cebbe2c85286d125a19176074641cec80e768fcc76265a176a2887e861b48e2:611,123,5260972119712788523,3eabdfa943524b1077c76342cd49dd883c1d02e6abf0a6e9273162f3d53c340b,0.0
612,0,-2.212366678136659,-3.0,edge,elliptical,1.7808482373915602,1.0986497492515979,8.370095030280817,1.95601966336691,8.065025516609683,1,,,,False,0.06972991270645854,0.608955326504071,False,0.14847048639680047,3.2861637710627045,1.240942849197253,2.530541087840257,diffusive,,5.753956354060858,0.049331624060275234,10.382525291553302,0.8928541722158014,2.9777147367544075,3.6823368726941235,8.001802172410521,0.34940840258125677,0.2793989523389163,0.9583780366269918,0.657785855965197,0.09777756712555871,0.9096020201718319,21.654531018424777,3.1134692342856987,0.010291755742713243,qp_ode,0.05,100.0,1.614442731956319e-08,100.00000000000001,188.48033507752348,0.29946756943721914,191.0,5.0,0.999,independent_lognormal,False,0.0,False,0.0,6.141701206623718,0.09063044732643735,False,0.0,fixed_device,0,83.8352488853537,118.05332671712425,167.6704977707074,204.94395774055712,107.50854;83.835249;108.17078;117.03402;89.487233;118.05333;86.697402;85.209342;102.47198;92.587643;100.74184;98.930132;99.136065;93.433459;94.419352;116.50486;105.77879,198.80062;167.6705;194.33474;189.94553;178.97447;197.9976;173.3948;170.41868;204.94396;185.17529;198.89142;197.86026;196.57891;186.86692;188.8387;189.8481;183.62519,4.9457111;5.0272209;5.0049862;5.0861229;5.0349499;4.97517;4.9890876;5.0206058;4.8965438;5.0073491;4.9351045;5.0695225;5.0068295;5.0800369;4.971503;4.9932767;4.9559796,2.766898887784919e-07,47.29719161987305,1.3865285808378758e-08,42980.199123443395,1.0,0.18522514595289055,True,,,2,3877701059229480995,1cebbe2c85286d125a19176074641cec80e768fcc76265a176a2887e861b48e2:612,123,594123788805329037,3eabdfa943524b1077c76342cd49dd883c1d02e6abf0a6e9273162f3d53c340b,0.0
613,0,-3.0,-2.4074420987839593,edge,circular,2.332625948910039,1.5431471974598494,4.877136486032193,1.0,154.52608373602223,1,,,,False,0.13758946205646663,0.28751720098603795,False,0.2515200342556477,1.7887359129026388,0.7033302746434438,2.080611717261893,ballistic,30.155115666267346,,0.11238273101531045,34.645216964695386,0.4293831153630491,2.861423096556158,5.252630691600338,9.345843480437182,0.1746613486658608,0.4779451486127476,0.9236215187029635,0.6372286216786142,0.34689669239385923,1.0785395611963589,31.526583896192037,3.0841436084334517,0.010047157329012029,qp_ode,0.05,100.0,5.063030156796681e-10,100.00000000000001,188.48033507752348,1.978366030671093,191.0,5.0,0.999,independent_lognormal,False,0.0,False,0.0,41.765768916427035,0.6136942171384411,False,0.0,fixed_device,0,83.8352488853537,118.05332671712425,167.6704977707074,204.94395774055712,107.50854;83.835249;108.17078;117.03402;89.487233;118.05333;86.697402;85.209342;102.47198;92.587643;100.74184;98.930132;99.136065;93.433459;94.419352;116.50486;105.77879,198.80062;167.6705;194.33474;189.94553;178.97447;197.9976;173.3948;170.41868;204.94396;185.17529;198.89142;197.86026;196.57891;186.86692;188.8387;189.8481;183.62519,4.9457111;5.0272209;5.0049862;5.0861229;5.0349499;4.97517;4.9890876;5.0206058;4.8965438;5.0073491;4.9351045;5.0695225;5.0068295;5.0800369;4.971503;4.9932767;4.9559796,8.597301537349722e-09,81.81864929199219,4.300858003070118e-10,42980.199123443395,1.0,0.18315569211182336,True,,,0,11896493142031959730,1cebbe2c85286d125a19176074641cec80e768fcc76265a176a2887e861b48e2:613,123,4695963126892046448,3eabdfa943524b1077c76342cd49dd883c1d02e6abf0a6e9273162f3d53c340b,0.0
614,0,0.9995929180607899,1.8432370151495308,inside,circular,1.7027326588310427,1.3323599790441216,4.624203425869498,1.0,169.6213683056644,1,,,,False,0.3026700496362542,0.8287625208788568,False,0.17505581985296714,3.9912061809583914,0.6188879010812348,1.32024277539484,ballistic,21.635454898989586,,0.09860988121130206,57.92904200665552,1.9893094887978675,2.5360534692797696,5.211357883916747,7.0586351592472125,0.5930935900049712,0.26549529081755174,0.843805416488893,0.3804943625576007,0.4583344624267496,0.7246735935897957,21.709793967101863,2.8130686473698976,0.014338489717346067,qp_ode,0.05,100.0,5.384168536676594e-10,100.00000000000001,188.48033507752348,1.2019425229578036,191.0,5.0,0.999,independent_lognormal,False,0.0,False,0.0,40.84719464889776,0.41089125164967466,False,0.0,fixed_device,0,83.8352488853537,118.05332671712425,167.6704977707074,204.94395774055712,107.50854;83.835249;108.17078;117.03402;89.487233;118.05333;86.697402;85.209342;102.47198;92.587643;100.74184;98.930132;99.136065;93.433459;94.419352;116.50486;105.77879,198.80062;167.6705;194.33474;189.94553;178.97447;197.9976;173.3948;170.41868;204.94396;185.17529;198.89142;197.86026;196.57891;186.86692;188.8387;189.8481;183.62519,4.9457111;5.0272209;5.0049862;5.0861229;5.0349499;4.97517;4.9890876;5.0206058;4.8965438;5.0073491;4.9351045;5.0695225;5.0068295;5.0800369;4.971503;4.9932767;4.9559796,1.570291807695412e-08,82.35354614257812,7.851866934416307e-10,42980.199123443395,1.0,0.16789621632843346,True,,,0,591376437042899139,1cebbe2c85286d125a19176074641cec80e768fcc76265a176a2887e861b48e2:614,123,5150105652478635707,3eabdfa943524b1077c76342cd49dd883c1d02e6abf0a6e9273162f3d53c340b,0.0
615,0,1.5515112531243656,-3.0,edge,circular,2.403005770273909,0.841718451726576,2.2044998856445543,1.0,119.23353223411338,1,,,,False,0.2312152791928686,0.5991844295626166,False,0.13860769657108338,3.1121817338917106,1.0350443948388754,2.9124987941897986,diffusive,,12.099907843822548,0.1132503561260566,74.09533397118086,0.8462370162008434,2.085208336510026,5.349304116336613,6.57044197499874,0.26905694486670834,0.29274353096639383,0.927060519695873,0.22210895932297614,0.26784505892161914,1.1066634337151278,24.0191503719435,3.236780808254519,0.07121615623065353,qp_ode,0.05,100.0,4.6499383147927936e-08,100.00000000000001,188.48033507752348,1.5769322543650022,191.0,5.0,0.999,independent_lognormal,False,0.0,False,0.0,16.656483455847958,0.409857903140172,False,0.0,fixed_device,0,83.8352488853537,118.05332671712425,167.6704977707074,204.94395774055712,107.50854;83.835249;108.17078;117.03402;89.487233;118.05333;86.697402;85.209342;102.47198;92.587643;100.74184;98.930132;99.136065;93.433459;94.419352;116.50486;105.77879,198.80062;167.6705;194.33474;189.94553;178.97447;197.9976;173.3948;170.41868;204.94396;185.17529;198.89142;197.86026;196.57891;186.86692;188.8387;189.8481;183.62519,4.9457111;5.0272209;5.0049862;5.0861229;5.0349499;4.97517;4.9890876;5.0206058;4.8965438;5.0073491;4.9351045;5.0695225;5.0068295;5.0800369;4.971503;4.9932767;4.9559796,1.0244896202493692e-06,18.88379669189453,5.133150438041412e-08,42980.199123443395,1.0,0.2114660142761086,True,,,2,7278743145524220319,1cebbe2c85286d125a19176074641cec80e768fcc76265a176a2887e861b48e2:615,123,8610993242079455229,3eabdfa943524b1077c76342cd49dd883c1d02e6abf0a6e9273162f3d53c340b,0.18916590073529413
616,0,-1.6274067016691716,2.822345015635218,inside,circular,2.124538961361269,1.5578808978604144,8.542954605321793,1.0,101.3831524472975,1,,,,False,0.20030074112972307,0.6124845309417537,False,0.16372021538244844,2.7857068113805994,0.9617157262090209,2.387848845804431,diffusive,,13.67638880650237,0.09416577004991622,67.3392818923248,0.4203881900385453,2.0905043079266976,5.989046693545854,8.238655722982598,0.45983575941149746,0.1770018979739399,0.86370172592337,0.13536997794321232,0.17524458557530348,0.9859904258051138,33.86224965476055,2.8216504490701952,0.060955853460767824,qp_ode,0.05,100.0,2.9487011118520314e-07,100.00000000000001,188.48033507752348,0.9827653841090584,191.0,5.0,0.999,independent_lognormal,False,0.0,False,0.0,14.739229881453536,0.22722209894677087,False,0.0,fixed_device,0,83.8352488853537,118.05332671712425,167.6704977707074,204.94395774055712,107.50854;83.835249;108.17078;117.03402;89.487233;118.05333;86.697402;85.209342;102.47198;92.587643;100.74184;98.930132;99.136065;93.433459;94.419352;116.50486;105.77879,198.80062;167.6705;194.33474;189.94553;178.97447;197.9976;173.3948;170.41868;204.94396;185.17529;198.89142;197.86026;196.57891;186.86692;188.8387;189.8481;183.62519,4.9457111;5.0272209;5.0049862;5.0861229;5.0349499;4.97517;4.9890876;5.0206058;4.8965438;5.0073491;4.9351045;5.0695225;5.0068295;5.0800369;4.971503;4.9932767;4.9559796,6.1650162024307065e-06,3.659496784210205,3.122067369076831e-07,42980.199123443395,1.0,0.2505015712006175,True,,,2,16533461356974490849,1cebbe2c85286d125a19176074641cec80e768fcc76265a176a2887e861b48e2:616,123,4118336474336367801,3eabdfa943524b1077c76342cd49dd883c1d02e6abf0a6e9273162f3d53c340b,0.41745174632352944
617,0,3.0,-2.4732292588796745,edge,circular,1.9729450520181342,1.5305946422504988,9.759011858105946,1.0,115.41921904347087,1,,,,False,0.32751576707272245,0.784744309706496,False,0.1959862960884194,2.76018992073377,0.7803391002368346,2.425129982478709,ballistic,30.20001114603747,,0.09424624146233339,17.5020725471326,1.4371686488676407,2.201312983024995,3.9327149171698705,6.941476137153392,0.46289393199347495,0.28743114351107546,0.9464245519970617,0.40625661908669786,0.2746227641766813,0.5111938905672768,34.37965020632113,3.0931809692924976,0.05951983221658827,qp_ode,0.05,100.0,4.504394632423135e-09,100.00000000000001,188.48033507752348,1.0367083945524467,191.0,5.0,0.999,independent_lognormal,False,0.0,False,0.0,7.313183388892837,0.5155186381106089,False,0.0,fixed_device,0,83.8352488853537,118.05332671712425,167.6704977707074,204.94395774055712,107.50854;83.835249;108.17078;117.03402;89.487233;118.05333;86.697402;85.209342;102.47198;92.587643;100.74184;98.930132;99.136065;93.433459;94.419352;116.50486;105.77879,198.80062;167.6705;194.33474;189.94553;178.97447;197.9976;173.3948;170.41868;204.94396;185.17529;198.89142;197.86026;196.57891;186.86692;188.8387;189.8481;183.62519,4.9457111;5.0272209;5.0049862;5.0861229;5.0349499;4.97517;4.9890876;5.0206058;4.8965438;5.0073491;4.9351045;5.0695225;5.0068295;5.0800369;4.971503;4.9932767;4.9559796,9.880950813112577e-08,66.44252014160156,4.9550443748103135e-09,42980.199123443395,1.0,0.1928067734058513,True,,,1,16193742240254562148,1cebbe2c85286d125a19176074641cec80e768fcc76265a176a2887e861b48e2:617,123,4064881833369407854,3eabdfa943524b1077c76342cd49dd883c1d02e6abf0a6e9273162f3d53c340b,0.0
618,0,3.0,-2.186674427109459,edge,elliptical,2.461052662262938,0.8571732792413206,4.791946606126874,1.7272427424977659,142.99526033806004,1,,,,False,0.20419512666078937,0.242974152548025,False,0.3366841665480257,3.2465294347856823,0.7554352697424778,1.8575212810354207,diffusive,,15.935716774654596,0.10025573549484025,66.76046553200122,1.5729199052631344,3.098025598652981,6.162379935757122,9.373747665592095,0.17726089311755852,0.2111713755208503,0.8856510061127427,0.6938800564453285,0.41491860499469807,0.5920506036942732,23.421025565781953,3.2893611651258254,0.07317940774286823,qp_ode,0.05,100.0,3.726707268262762e-09,100.00000000000001,188.48033507752348,1.5693190619164854,191.0,5.0,0.999,independent_lognormal,False,0.0,False,0.0,11.868165024719534,0.12004652622102288,False,0.0,fixed_device,0,83.8352488853537,118.05332671712425,167.6704977707074,204.94395774055712,107.50854;83.835249;108.17078;117.03402;89.487233;118.05333;86.697402;85.209342;102.47198;92.587643;100.74184;98.930132;99.136065;93.433459;94.419352;116.50486;105.77879,198.80062;167.6705;194.33474;189.94553;178.97447;197.9976;173.3948;170.41868;204.94396;185.17529;198.89142;197.86026;196.57891;186.86692;188.8387;189.8481;183.62519,4.9457111;5.0272209;5.0049862;5.0861229;5.0349499;4.97517;4.9890876;5.0206058;4.8965438;5.0073491;4.9351045;5.0695225;5.0068295;5.0800369;4.971503;4.9932767;4.9559796,7.617251895908339e-08,66.91215515136719,3.8094496446205994e-09,42980.199123443395,1.0,0.20851564721269,True,,,1,8665673001475968482,1cebbe2c85286d125a19176074641cec80e768fcc76265a176a2887e861b48e2:618,123,706051489198231085,3eabdfa943524b1077c76342cd49dd883c1d02e6abf0a6e9273162f3d53c340b,0.0
619,0,-2.013998184935729,3.5681401864324362,outside,elliptical,1.858199196073943,0.9213868463361089,2.3115298470855707,2.4574250716359662,100.39971326425076,1,,,,False,0.26531419866696776,0.8397690385608826,False,0.26961135873797615,2.262549791186517,0.6013479733252933,1.7099664054688728,ballistic,29.116642362723248,,0.07052163691932288,49.332430902739155,0.5517084511900366,3.6355445273993903,4.477162228441091,5.843420654721194,0.43449265734648335,0.4048292509430158,0.9316132334572099,0.047557489846054325,0.3458957754956756,0.8122493971424614,24.875348856544537,2.842362295348884,0.03746965670889678,qp_ode,0.05,100.0,7.81605348777645e-09,100.00000000000001,188.48033507752348,1.5469092089014076,191.0,5.0,0.999,independent_lognormal,False,0.0,False,0.0,20.90233693075271,0.4843254853418504,False,0.0,fixed_device,0,83.8352488853537,118.05332671712425,167.6704977707074,204.94395774055712,107.50854;83.835249;108.17078;117.03402;89.487233;118.05333;86.697402;85.209342;102.47198;92.587643;100.74184;98.930132;99.136065;93.433459;94.419352;116.50486;105.77879,198.80062;167.6705;194.33474;189.94553;178.97447;197.9976;173.3948;170.41868;204.94396;185.17529;198.89142;197.86026;196.57891;186.86692;188.8387;189.8481;183.62519,4.9457111;5.0272209;5.0049862;5.0861229;5.0349499;4.97517;4.9890876;5.0206058;4.8965438;5.0073491;4.9351045;5.0695225;5.0068295;5.0800369;4.971503;4.9932767;4.9559796,1.1191051640935257e-07,66.8830795288086,5.60455459819309e-09,42980.199123443395,1.0,0.17359944594076684,True,,,1,8605332363857733622,1cebbe2c85286d125a19176074641cec80e768fcc76265a176a2887e861b48e2:619,123,3207770115772535549,3eabdfa943524b1077c76342cd49dd883c1d02e6abf0a6e9273162f3d53c340b,0.0
620,0,2.896683234409349,-3.3119122949536637,outside,circular,2.146102544272395,1.525955979024534,5.315312916305276,1.0,67.29544870019681,1,,,,False,0.27282989377829975,0.510711385996008,False,0.35825125557388127,2.0396052208794178,1.2536069805229462,1.914362022359435,diffusive,,6.076729805858264,0.07125203364982698,50.4240398780628,1.0432272861756557,2.1619747208955613,6.244022452763399,6.8444371151016465,0.583349303965708,0.4473899545577056,0.8415498825869423,0.5870499935424148,0.10719085233146078,0.9940737326181681,25.86657992412359,2.8301909014707367,0.07731751325188752,qp_ode,0.05,100.0,2.4492443737918066e-09,100.00000000000001,188.48033507752348,0.8551485905201559,191.0,5.0,0.999,independent_lognormal,False,0.0,False,0.0,10.463276068912354,0.21220319080464822,False,0.0,fixed_device,0,83.8352488853537,118.05332671712425,167.6704977707074,204.94395774055712,107.50854;83.835249;108.17078;117.03402;89.487233;118.05333;86.697402;85.209342;102.47198;92.587643;100.74184;98.930132;99.136065;93.433459;94.419352;116.50486;105.77879,198.80062;167.6705;194.33474;189.94553;178.97447;197.9976;173.3948;170.41868;204.94396;185.17529;198.89142;197.86026;196.57891;186.86692;188.8387;189.8481;183.62519,4.9457111;5.0272209;5.0049862;5.0861229;5.0349499;4.97517;4.9890876;5.0206058;4.8965438;5.0073491;4.9351045;5.0695225;5.0068295;5.0800369;4.971503;4.9932767;4.9559796,5.1840466142039077e-08,75.1788558959961,2.5931887748242843e-09,42980.199123443395,1.0,0.17935957886608328,True,,,1,10091931225259224566,1cebbe2c85286d125a19176074641cec80e768fcc76265a176a2887e861b48e2:620,123,2997072335722572482,3eabdfa943524b1077c76342cd49dd883c1d02e6abf0a6e9273162f3d53c340b,0.0
621,0,-1.6605648459827185,-3.790543614881642,outside,circular,2.2466285381602757,1.0093689978452083,3.8671300950121807,1.0,160.8333433792933,1,,,,False,0.34252271722126765,0.7083966858361268,False,0.3964837182760488,3.9133222330828112,0.6747315077228327,2.388991735230558,ballistic,37.63739121450071,,0.09048990329412632,12.358631088415448,1.222520144569775,2.1379686681387637,6.421366559716035,5.719868265600586,0.5632558356178659,0.4286906347520819,0.8448103571740336,0.5262017233888621,0.2841982599854012,0.6182787429412839,33.76835702751261,3.1183924619495467,0.012706680146769882,qp_ode,0.05,100.0,3.2791650176483715e-09,100.00000000000001,188.48033507752348,0.9958516952293086,191.0,5.0,0.999,independent_lognormal,False,0.0,False,0.0,28.71452604082755,0.5303661692966901,False,0.0,fixed_device,0,83.8352488853537,118.05332671712425,167.6704977707074,204.94395774055712,107.50854;83.835249;108.17078;117.03402;89.487233;118.05333;86.697402;85.209342;102.47198;92.587643;100.74184;98.930132;99.136065;93.433459;94.419352;116.50486;105.77879,198.80062;167.6705;194.33474;189.94553;178.97447;197.9976;173.3948;170.41868;204.94396;185.17529;198.89142;197.86026;196.57891;186.86692;188.8387;189.8481;183.62519,4.9457111;5.0272209;5.0049862;5.0861229;5.0349499;4.97517;4.9890876;5.0206058;4.8965438;5.0073491;4.9351045;5.0695225;5.0068295;5.0800369;4.971503;4.9932767;4.9559796,7.440978322392766e-08,66.3520736694336,3.7246261630485833e-09,42980.199123443395,1.0,0.1858125862181721,True,,,1,3841522785990359139,1cebbe2c85286d125a19176074641cec80e768fcc76265a176a2887e861b48e2:621,123,5234766607676439971,3eabdfa943524b1077c76342cd49dd883c1d02e6abf0a6e9273162f3d53c340b,0.0
622,0,2.099844801854947,-2.5090739819149803,inside,circular,2.2084839359304853,1.252194363382655,3.0480919989020956,1.0,159.54775841091922,1,,,,False,0.36357440221326076,0.92748385176614,False,0.3987885119908219,2.445663292716451,1.1144940585572376,2.0390545490020857,ballistic,15.277675948868634,,0.10263370150938099,4.03702404673461,1.6999397202902498,2.8573480656921637,5.775715805438683,9.973556456479209,0.33248905377921495,0.29952196779695806,0.9439158503275629,0.15732930826007632,0.46976776484991484,0.9793215432627905,32.85010096822576,3.238311702313429,0.03983609577905943,qp_ode,0.05,100.0,1.4272409278858932e-09,100.00000000000001,188.48033507752348,1.7598409600971683,191.0,5.0,0.999,independent_lognormal,False,0.0,False,0.0,12.642558259530727,0.17443814108761146,False,0.0,fixed_device,0,83.8352488853537,118.05332671712425,167.6704977707074,204.94395774055712,107.50854;83.835249;108.17078;117.03402;89.487233;118.05333;86.697402;85.209342;102.47198;92.587643;100.74184;98.930132;99.136065;93.433459;94.419352;116.50486;105.77879,198.80062;167.6705;194.33474;189.94553;178.97447;197.9976;173.3948;170.41868;204.94396;185.17529;198.89142;197.86026;196.57891;186.86692;188.8387;189.8481;183.62519,4.9457111;5.0272209;5.0049862;5.0861229;5.0349499;4.97517;4.9890876;5.0206058;4.8965438;5.0073491;4.9351045;5.0695225;5.0068295;5.0800369;4.971503;4.9932767;4.9559796,3.128976544530815e-08,78.36487579345703,1.5664962660366655e-09,42980.199123443395,1.0,0.19853098359754143,True,,,1,14986652212752785680,1cebbe2c85286d125a19176074641cec80e768fcc76265a176a2887e861b48e2:622,123,328296155261147158,3eabdfa943524b1077c76342cd49dd883c1d02e6abf0a6e9273162f3d53c340b,0.0
623,0,-2.563929528454376,1.4008889555277388,inside,circular,2.2524593248912255,1.0513885589688496,8.09060452970263,1.0,55.84628753780504,1,,,,False,0.07125462977738058,0.9136925969035707,False,0.19967480005040739,2.3908261773975257,0.5611694638895954,1.0721745370357403,diffusive,,7.17925467482757,0.0439669068924681,32.53264329305004,0.42153429396458775,3.4900457612422278,5.331382753018175,7.839170924528412,0.525859526490344,0.13707872557325726,0.9805560543539813,0.29575000308321403,0.4598884882731683,0.946181307737134,33.06346130148699,3.0168866893002737,0.061679357595152924,qp_ode,0.05,100.0,1.4688774747046943e-09,100.00000000000001,188.48033507752348,1.4658993252606438,191.0,5.0,0.999,independent_lognormal,False,0.0,False,0.0,8.347599876186763,0.5966441010994004,False,0.0,fixed_device,0,83.8352488853537,118.05332671712425,167.6704977707074,204.94395774055712,107.50854;83.835249;108.17078;117.03402;89.487233;118.05333;86.697402;85.209342;102.47198;92.587643;100.74184;98.930132;99.136065;93.433459;94.419352;116.50486;105.77879,198.80062;167.6705;194.33474;189.94553;178.97447;197.9976;173.3948;170.41868;204.94396;185.17529;198.89142;197.86026;196.57891;186.86692;188.8387;189.8481;183.62519,4.9457111;5.0272209;5.0049862;5.0861229;5.0349499;4.97517;4.9890876;5.0206058;4.8965438;5.0073491;4.9351045;5.0695225;5.0068295;5.0800369;4.971503;4.9932767;4.9559796,2.7405858915585668e-08,82.4035873413086,1.3736710657852313e-09,42980.199123443395,1.0,0.18803646249298578,True,,,1,842005867157736818,1cebbe2c85286d125a19176074641cec80e768fcc76265a176a2887e861b48e2:623,123,5471144763209989654,3eabdfa943524b1077c76342cd49dd883c1d02e6abf0a6e9273162f3d53c340b,0.0
624,0,1.0648927272460353,3.3393190867742426,outside,elliptical,2.3062388089765187,1.170508376261154,5.110860831855301,2.1762863632574847,50.551849011994406,1,,,,False,0.12848797786764343,0.011418368266065793,False,0.2681520837738234,2.086835549928497,1.2926404795725852,1.2241064310457026,diffusive,,5.169593165368646,0.07335135263351594,22.436679477968447,1.925626928076388,3.564982279470327,3.7767160156373563,5.819634760826417,0.5766011854997346,0.10836366627728765,0.8399671396824522,0.3880151925906562,0.250624588217404,0.8055294633561251,21.24657427680066,2.8811592441529164,0.05888118185131462,qp_ode,0.05,100.0,6.673965172950901e-09,100.00000000000001,188.48033507752348,1.7452288955736803,191.0,5.0,0.999,independent_lognormal,False,0.0,False,0.0,12.849914490717207,0.4719353220573716,False,0.0,fixed_device,0,83.8352488853537,118.05332671712425,167.6704977707074,204.94395774055712,107.50854;83.835249;108.17078;117.03402;89.487233;118.05333;86.697402;85.209342;102.47198;92.587643;100.74184;98.930132;99.136065;93.433459;94.419352;116.50486;105.77879,198.80062;167.6705;194.33474;189.94553;178.97447;197.9976;173.3948;170.41868;204.94396;185.17529;198.89142;197.86026;196.57891;186.86692;188.8387;189.8481;183.62519,4.9457111;5.0272209;5.0049862;5.0861229;5.0349499;4.97517;4.9890876;5.0206058;4.8965438;5.0073491;4.9351045;5.0695225;5.0068295;5.0800369;4.971503;4.9932767;4.9559796,1.1784699438521784e-07,64.7933120727539,5.896811039463046e-09,42980.199123443395,1.0,0.17955379043809944,True,,,1,17572227043723211273,1cebbe2c85286d125a19176074641cec80e768fcc76265a176a2887e861b48e2:624,123,1273678674679062492,3eabdfa943524b1077c76342cd49dd883c1d02e6abf0a6e9273162f3d53c340b,0.0
625,0,0.22999449103922665,0.8656523702678873,inside,elliptical,1.8656309123848738,1.4319527654462125,7.6746140121732385,1.703129638746545,92.72172823899226,1,,,,False,0.15548755752245308,0.06234857105144609,False,0.1387199039790355,1.9175658028580265,1.0887944136273522,2.7720062869492774,diffusive,,17.878141006385484,0.09609098963914635,52.618615944000496,0.757449294139183,3.1596641665667295,5.043799660933599,5.790460826113141,0.2255026026646476,0.2561946548528969,0.8859264382442054,0.11051324096470579,0.4981469249650575,0.6072514917940848,22.1646791161426,2.8930027013662647,0.008467510179866338,qp_ode,0.05,100.0,7.343760437139184e-08,100.00000000000001,188.48033507752348,0.2731269868852232,191.0,5.0,0.999,independent_lognormal,False,0.0,False,0.0,19.428453746031163,0.3196813272128937,False,0.0,fixed_device,0,83.8352488853537,118.05332671712425,167.6704977707074,204.94395774055712,107.50854;83.835249;108.17078;117.03402;89.487233;118.05333;86.697402;85.209342;102.47198;92.587643;100.74184;98.930132;99.136065;93.433459;94.419352;116.50486;105.77879,198.80062;167.6705;194.33474;189.94553;178.97447;197.9976;173.3948;170.41868;204.94396;185.17529;198.89142;197.86026;196.57891;186.86692;188.8387;189.8481;183.62519,4.9457111;5.0272209;5.0049862;5.0861229;5.0349499;4.97517;4.9890876;5.0206058;4.8965438;5.0073491;4.9351045;5.0695225;5.0068295;5.0800369;4.971503;4.9932767;4.9559796,1.7986892544286093e-06,11.2102689743042,9.071698769957948e-08,42980.199123443395,1.0,0.1792558259017642,True,,,2,634543329017343430,1cebbe2c85286d125a19176074641cec80e768fcc76265a176a2887e861b48e2:625,123,810649378526329416,3eabdfa943524b1077c76342cd49dd883c1d02e6abf0a6e9273162f3d53c340b,0.5086167279411765
626,0,-3.878470861420988,-0.3074594084181923,outside,elliptical,2.1015741479629266,1.6512501270106563,3.787615602749341,1.2403850464181025,75.66727329427005,1,,,,False,0.14984197919567116,0.14930544259120593,False,0.1244394503077898,3.2800611313382224,0.5921196025347877,1.0233831171957966,ballistic,15.83146335246586,,0.04350779320134297,53.85642973161599,0.5959425870553332,3.424028634437417,5.058605913837717,6.051956297299388,0.5246620374983744,0.4536599108224352,0.8746320658688218,0.3681037857766982,0.45352045018746867,0.7477140277017866,31.337142783018624,2.9445213058943125,0.015856310749779494,qp_ode,0.05,100.0,9.037903354696519e-08,100.00000000000001,188.48033507752348,1.0038616935572546,191.0,5.0,0.999,independent_lognormal,False,0.0,False,0.0,11.818299671215042,0.3523884932954922,False,0.0,fixed_device,0,83.8352488853537,118.05332671712425,167.6704977707074,204.94395774055712,107.50854;83.835249;108.17078;117.03402;89.487233;118.05333;86.697402;85.209342;102.47198;92.587643;100.74184;98.930132;99.136065;93.433459;94.419352;116.50486;105.77879,198.80062;167.6705;194.33474;189.94553;178.97447;197.9976;173.3948;170.41868;204.94396;185.17529;198.89142;197.86026;196.57891;186.86692;188.8387;189.8481;183.62519,4.9457111;5.0272209;5.0049862;5.0861229;5.0349499;4.97517;4.9890876;5.0206058;4.8965438;5.0073491;4.9351045;5.0695225;5.0068295;5.0800369;4.971503;4.9932767;4.9559796,1.7602031903152238e-06,11.75245189666748,8.859785083359384e-08,42980.199123443395,1.0,0.19433176355379267,True,,,2,556613208227682830,1cebbe2c85286d125a19176074641cec80e768fcc76265a176a2887e861b48e2:626,123,3742908584996973885,3eabdfa943524b1077c76342cd49dd883c1d02e6abf0a6e9273162f3d53c340b,0.3760340073529412
627,0,3.838582712656542,2.9139667167321326,outside,circular,2.2704084013133112,1.5108387640995593,4.225922990113557,1.0,41.846501909135256,1,,,,False,0.05617220312859759,0.39593808959770305,False,0.1939997744820941,3.3194812515749477,1.2610901882177459,2.9198082851187683,diffusive,,5.92838626583153,0.0813861868408818,46.894806722367186,0.4647863283744256,3.138154719199253,4.842806487571851,7.63624315776531,0.3472813729547387,0.4409546483962328,0.8280838740596203,0.4237181001538128,0.47121011765697784,0.9906412430389766,34.05146104581118,3.2888188315037405,0.06033649115501012,qp_ode,0.05,100.0,2.4434514213366707e-08,100.00000000000001,188.48033507752348,1.4083838996325657,191.0,5.0,0.999,independent_lognormal,False,0.0,False,0.0,15.041527487335522,0.30163832993584716,False,0.0,fixed_device,0,83.8352488853537,118.05332671712425,167.6704977707074,204.94395774055712,107.50854;83.835249;108.17078;117.03402;89.487233;118.05333;86.697402;85.209342;102.47198;92.587643;100.74184;98.930132;99.136065;93.433459;94.419352;116.50486;105.77879,198.80062;167.6705;194.33474;189.94553;178.97447;197.9976;173.3948;170.41868;204.94396;185.17529;198.89142;197.86026;196.57891;186.86692;188.8387;189.8481;183.62519,4.9457111;5.0272209;5.0049862;5.0861229;5.0349499;4.97517;4.9890876;5.0206058;4.8965438;5.0073491;4.9351045;5.0695225;5.0068295;5.0800369;4.971503;4.9932767;4.9559796,3.6531071145873284e-07,40.893348693847656,1.8284412206526213e-08,42980.199123443395,1.0,0.20513520114863013,True,,,2,12509812797080311216,1cebbe2c85286d125a19176074641cec80e768fcc76265a176a2887e861b48e2:627,123,3247389741871408785,3eabdfa943524b1077c76342cd49dd883c1d02e6abf0a6e9273162f3d53c340b,0.0
628,0,-2.823748368451953,-3.0,edge,circular,2.1157353550439018,1.5098738022599125,3.3784511707693765,1.0,165.68817414224304,1,,,,False,0.2515536861776809,0.07700867141266665,False,0.17021508841875593,3.844478153711817,0.9857867586692333,1.9813076761038508,ballistic,21.42160616687581,,0.02519641244182559,65.67566725244471,1.7044923446059719,2.4273065231715174,4.44044307018834,8.255794242115421,0.5062948298672095,0.17705863242224656,0.9047742777949161,0.14275512255332687,0.1420535999376335,1.031097589792524,33.95047102841314,2.8320091006239823,0.013609471621849903,qp_ode,0.05,100.0,2.5716113110148596e-07,100.00000000000001,188.48033507752348,0.2552097383833147,191.0,5.0,0.999,independent_lognormal,False,0.0,False,0.0,40.585709222196165,0.09596289738406041,False,0.0,fixed_device,0,83.8352488853537,118.05332671712425,167.6704977707074,204.94395774055712,107.50854;83.835249;108.17078;117.03402;89.487233;118.05333;86.697402;85.209342;102.47198;92.587643;100.74184;98.930132;99.136065;93.433459;94.419352;116.50486;105.77879,198.80062;167.6705;194.33474;189.94553;178.97447;197.9976;173.3948;170.41868;204.94396;185.17529;198.89142;197.86026;196.57891;186.86692;188.8387;189.8481;183.62519,4.9457111;5.0272209;5.0049862;5.0861229;5.0349499;4.97517;4.9890876;5.0206058;4.8965438;5.0073491;4.9351045;5.0695225;5.0068295;5.0800369;4.971503;4.9932767;4.9559796,3.676547976283473e-06,6.007372856140137,1.8521514277836104e-07,42980.199123443395,1.0,0.18187276336695857,True,,,2,592076683865939806,1cebbe2c85286d125a19176074641cec80e768fcc76265a176a2887e861b48e2:628,123,5539786514398474806,3eabdfa943524b1077c76342cd49dd883c1d02e6abf0a6e9273162f3d53c340b,0.6932444852941176
629,0,3.0,0.06987878835731731,edge,elliptical,1.770656090979789,0.8357212672697639,9.552128247771975,2.1265727872719165,154.02044411839887,1,,,,False,0.2793721426853843,0.41007349466955345,False,0.3436832219853656,3.810845794986878,1.2235410482823794,1.021082940844188,diffusive,,9.46637886245463,0.10240159061849018,14.27569579509588,1.3654449422402337,2.4335384085440777,4.810188996682641,8.640668885664216,0.2931289437200339,0.4369123524798726,0.8662916294571718,0.15728271094213142,0.12146561024379442,0.6399612054786318,31.470244901181417,2.9750153297595587,0.02635501545641805,qp_ode,0.05,100.0,3.322040684931682e-10,100.00000000000001,188.48033507752348,1.4061460683080833,191.0,5.0,0.999,independent_lognormal,False,0.0,False,0.0,15.735748326334154,0.3156238476904762,False,0.0,fixed_device,0,83.8352488853537,118.05332671712425,167.6704977707074,204.94395774055712,107.50854;83.835249;108.17078;117.03402;89.487233;118.05333;86.697402;85.209342;102.47198;92.587643;100.74184;98.930132;99.136065;93.433459;94.419352;116.50486;105.77879,198.80062;167.6705;194.33474;189.94553;178.97447;197.9976;173.3948;170.41868;204.94396;185.17529;198.89142;197.86026;196.57891;186.86692;188.8387;189.8481;183.62519,4.9457111;5.0272209;5.0049862;5.0861229;5.0349499;4.97517;4.9890876;5.0206058;4.8965438;5.0073491;4.9351045;5.0695225;5.0068295;5.0800369;4.971503;4.9932767;4.9559796,8.239527282682957e-09,83.83525085449219,4.1207914858176764e-10,42980.199123443395,1.0,0.179633133805347,True,,,0,13642369998081700183,1cebbe2c85286d125a19176074641cec80e768fcc76265a176a2887e861b48e2:629,123,5885826744261443377,3eabdfa943524b1077c76342cd49dd883c1d02e6abf0a6e9273162f3d53c340b,0.0
630,0,0.12766601240966935,1.3150062529971738,inside,circular,1.8315152860626536,1.1161072019911558,5.8011291197850925,1.0,18.894008106518214,1,,,,False,0.11158061245174027,0.5560652619605567,False,0.1060681397941646,2.6829596791710237,0.8181530354716604,1.5105970640944666,ballistic,29.343990981823715,,0.0697004668009564,52.60605126164218,1.959753205998339,3.2252587603444542,5.590338904067871,7.636469258219986,0.30567580847541875,0.3544084228735197,0.9527267897283608,0.2969778574217822,0.45002330355092396,0.6279468341625215,26.171534242580478,2.9666179091992784,0.019482403915467596,qp_ode,0.05,100.0,1.7531374619716313e-08,100.00000000000001,188.48033507752348,1.9911643677945123,191.0,5.0,0.999,independent_lognormal,False,0.0,False,0.0,10.28070510666852,0.4850794347391284,False,0.0,fixed_device,0,83.8352488853537,118.05332671712425,167.6704977707074,204.94395774055712,107.50854;83.835249;108.17078;117.03402;89.487233;118.05333;86.697402;85.209342;102.47198;92.587643;100.74184;98.930132;99.136065;93.433459;94.419352;116.50486;105.77879,198.80062;167.6705;194.33474;189.94553;178.97447;197.9976;173.3948;170.41868;204.94396;185.17529;198.89142;197.86026;196.57891;186.86692;188.8387;189.8481;183.62519,4.9457111;5.0272209;5.0049862;5.0861229;5.0349499;4.97517;4.9890876;5.0206058;4.8965438;5.0073491;4.9351045;5.0695225;5.0068295;5.0800369;4.971503;4.9932767;4.9559796,4.905935497845348e-07,31.34585952758789,2.4623764360853784e-08,42980.199123443395,1.0,0.19210423878718438,True,,,2,5270809514130969116,1cebbe2c85286d125a19176074641cec80e768fcc76265a176a2887e861b48e2:630,123,23622257369331533,3eabdfa943524b1077c76342cd49dd883c1d02e6abf0a6e9273162f3d53c340b,0.0
631,0,3.0,-1.5976622405548693,edge,circular,2.469242889809868,1.5122901214090982,3.185844249892721,1.0,88.84286607189858,1,,,,False,0.11470052428765652,0.9490654998625035,False,0.28386364369229744,3.1835913119714343,1.1430852255259716,2.783876871967107,diffusive,,7.620340952314651,0.09969281057790541,46.74367307581137,1.3080187872237463,2.6340769155702355,4.989349401586728,7.8919794121432645,0.4625206307249812,0.4413421040451986,0.835609363745083,0.4071204536608363,0.199712194007153,0.5424073338539847,27.91093157355794,2.8368117452989536,0.02072201267557772,qp_ode,0.05,100.0,2.7149986347874543e-10,100.00000000000001,188.48033507752348,1.7336817990464921,191.0,5.0,0.999,independent_lognormal,False,0.0,False,0.0,70.33671217882133,0.5884044887177472,False,0.0,fixed_device,0,83.8352488853537,118.05332671712425,167.6704977707074,204.94395774055712,107.50854;83.835249;108.17078;117.03402;89.487233;118.05333;86.697402;85.209342;102.47198;92.587643;100.74184;98.930132;99.136065;93.433459;94.419352;116.50486;105.77879,198.80062;167.6705;194.33474;189.94553;178.97447;197.9976;173.3948;170.41868;204.94396;185.17529;198.89142;197.86026;196.57891;186.86692;188.8387;189.8481;183.62519,4.9457111;5.0272209;5.0049862;5.0861229;5.0349499;4.97517;4.9890876;5.0206058;4.8965438;5.0073491;4.9351045;5.0695225;5.0068295;5.0800369;4.971503;4.9932767;4.9559796,4.448258650313619e-09,83.83514404296875,2.2487089967881957e-10,42980.199123443395,1.0,0.17023221684767328,True,,,0,9394256342471542306,1cebbe2c85286d125a19176074641cec80e768fcc76265a176a2887e861b48e2:631,123,7383958398060356459,3eabdfa943524b1077c76342cd49dd883c1d02e6abf0a6e9273162f3d53c340b,0.0
632,0,-3.526063023233638,1.716257912573795,outside,circular,2.1087563080600398,1.259690344461403,3.090569140092941,1.0,119.15121563607019,1,,,,False,0.3184653972244097,0.7893978554137279,False,0.26205348035617937,3.639532060363564,0.7391395367971374,1.5774419842495129,diffusive,,17.104992183944837,0.025734532679620906,75.78624658653291,1.212884024646532,3.2723513041547427,5.853418244737962,7.578810246451521,0.19565893542626533,0.36604278394482415,0.8309387734979289,0.385621755153333,0.20458992111777188,0.8464459500509122,21.153942333484697,2.830751733378454,0.017635054967291338,qp_ode,0.05,100.0,2.2294229274874547e-10,100.00000000000001,188.48033507752348,0.7623261411035909,191.0,5.0,0.999,independent_lognormal,False,0.0,False,0.0,66.45186142913609,0.48807242110574756,False,0.0,fixed_device,0,83.8352488853537,118.05332671712425,167.6704977707074,204.94395774055712,107.50854;83.835249;108.17078;117.03402;89.487233;118.05333;86.697402;85.209342;102.47198;92.587643;100.74184;98.930132;99.136065;93.433459;94.419352;116.50486;105.77879,198.80062;167.6705;194.33474;189.94553;178.97447;197.9976;173.3948;170.41868;204.94396;185.17529;198.89142;197.86026;196.57891;186.86692;188.8387;189.8481;183.62519,4.9457111;5.0272209;5.0049862;5.0861229;5.0349499;4.97517;4.9890876;5.0206058;4.8965438;5.0073491;4.9351045;5.0695225;5.0068295;5.0800369;4.971503;4.9932767;4.9559796,3.581490659598785e-09,83.83340454101562,1.7909064509158412e-10,42980.199123443395,1.0,0.16945234073530202,True,,,0,1120327387528345435,1cebbe2c85286d125a19176074641cec80e768fcc76265a176a2887e861b48e2:632,123,189818684716689690,3eabdfa943524b1077c76342cd49dd883c1d02e6abf0a6e9273162f3d53c340b,0.0
633,0,2.028376093730789,-3.0,edge,elliptical,1.8764243058122019,1.1346233411362578,3.8499977723685346,1.9653456825719773,119.01473996989958,1,,,,False,0.34352887367580015,0.1798595831119919,False,0.144434762954636,2.1625808085718674,0.9213179961092786,2.1979725476495453,ballistic,24.558461732060124,,0.10357307557995327,15.077689816226254,1.8062742052367082,3.2962667651125837,5.067537331106525,9.482954523787447,0.5105255827169057,0.4272868924619414,0.8232852942849063,0.15475542856775384,0.2205329143647543,1.094754184528266,32.248833049966834,2.865037325088524,0.0463844582590312,qp_ode,0.05,100.0,1.3132371688554055e-09,100.00000000000001,188.48033507752348,0.4632948660042634,191.0,5.0,0.999,independent_lognormal,False,0.0,False,0.0,70.05728712312059,0.08779553017073,False,0.0,fixed_device,0,83.8352488853537,118.05332671712425,167.6704977707074,204.94395774055712,107.50854;83.835249;108.17078;117.03402;89.487233;118.05333;86.697402;85.209342;102.47198;92.587643;100.74184;98.930132;99.136065;93.433459;94.419352;116.50486;105.77879,198.80062;167.6705;194.33474;189.94553;178.97447;197.9976;173.3948;170.41868;204.94396;185.17529;198.89142;197.86026;196.57891;186.86692;188.8387;189.8481;183.62519,4.9457111;5.0272209;5.0049862;5.0861229;5.0349499;4.97517;4.9890876;5.0206058;4.8965438;5.0073491;4.9351045;5.0695225;5.0068295;5.0800369;4.971503;4.9932767;4.9559796,2.5852882501453678e-08,78.18077850341797,1.2927837689247212e-09,42980.199123443395,1.0,0.17650157743902575,True,,,1,5442427057692208622,1cebbe2c85286d125a19176074641cec80e768fcc76265a176a2887e861b48e2:633,123,5654809813912204439,3eabdfa943524b1077c76342cd49dd883c1d02e6abf0a6e9273162f3d53c340b,0.0
634,0,3.0,-2.072036088495139,edge,elliptical,2.1261332675110767,1.4020995846848185,9.53994744004626,1.1455854221697408,123.10709791903517,1,,,,False,0.3924444599692951,0.7388081749122918,False,0.21289166733155987,3.3461963208543635,0.8824548845552928,2.3910782102448596,ballistic,31.866661813977917,,0.11745173832435929,48.07370520006537,1.2232182572998749,2.7706656454456704,5.199051107904845,6.9607609877832495,0.5413070422316955,0.19589609012222153,0.8715973516601297,0.7357149846052553,0.24222922742278763,0.7361240297535465,31.86187349175769,3.377940175539983,0.06092450244106365,qp_ode,0.05,100.0,3.635208788182892e-08,100.00000000000001,188.48033507752348,1.0451004602898566,191.0,5.0,0.999,independent_lognormal,False,0.0,False,0.0,9.38642306045291,0.37125541424782804,False,0.0,fixed_device,0,83.8352488853537,118.05332671712425,167.6704977707074,204.94395774055712,107.50854;83.835249;108.17078;117.03402;89.487233;118.05333;86.697402;85.209342;102.47198;92.587643;100.74184;98.930132;99.136065;93.433459;94.419352;116.50486;105.77879,198.80062;167.6705;194.33474;189.94553;178.97447;197.9976;173.3948;170.41868;204.94396;185.17529;198.89142;197.86026;196.57891;186.86692;188.8387;189.8481;183.62519,4.9457111;5.0272209;5.0049862;5.0861229;5.0349499;4.97517;4.9890876;5.0206058;4.8965438;5.0073491;4.9351045;5.0695225;5.0068295;5.0800369;4.971503;4.9932767;4.9559796,1.1629822438408155e-06,16.44111442565918,5.8304433281364254e-08,42980.199123443395,1.0,0.217718607107172,True,,,2,14989242256081720541,1cebbe2c85286d125a19176074641cec80e768fcc76265a176a2887e861b48e2:634,123,3336781510519876915,3eabdfa943524b1077c76342cd49dd883c1d02e6abf0a6e9273162f3d53c340b,0.09013097426470588
635,0,1.1426901393576117,1.9389702966939053,inside,elliptical,2.0541061061599364,1.627254197727511,9.872542542071095,1.5786599245484485,160.5724242765956,1,,,,False,0.07109266887478796,0.5773444505696997,False,0.14361737853693307,2.5816446658307535,0.9333921838935673,1.4514183440223327,ballistic,30.960564684087604,,0.04961313336068354,55.55709066730026,1.1157365062289237,3.539609290381807,5.489630584787332,9.651609174525706,0.34382054521655137,0.34759055344871304,0.8099853001146756,0.6253172434085068,0.49965324135641404,0.9133962324764431,23.799864487945914,3.0031271652636606,0.029226596421164777,qp_ode,0.05,100.0,1.6697652328534786e-10,100.00000000000001,188.48033507752348,0.864804309054124,191.0,5.0,0.999,independent_lognormal,False,0.0,False,0.0,15.0952630398244,0.43593606832245496,False,0.0,fixed_device,0,83.8352488853537,118.05332671712425,167.6704977707074,204.94395774055712,107.50854;83.835249;108.17078;117.03402;89.487233;118.05333;86.697402;85.209342;102.47198;92.587643;100.74184;98.930132;99.136065;93.433459;94.419352;116.50486;105.77879,198.80062;167.6705;194.33474;189.94553;178.97447;197.9976;173.3948;170.41868;204.94396;185.17529;198.89142;197.86026;196.57891;186.86692;188.8387;189.8481;183.62519,4.9457111;5.0272209;5.0049862;5.0861229;5.0349499;4.97517;4.9890876;5.0206058;4.8965438;5.0073491;4.9351045;5.0695225;5.0068295;5.0800369;4.971503;4.9932767;4.9559796,4.518626361971201e-09,83.66978454589844,2.2597135274082802e-10,42980.199123443395,1.0,0.18183339576749707,True,,,0,13494920985819455885,1cebbe2c85286d125a19176074641cec80e768fcc76265a176a2887e861b48e2:635,123,3874181054143491156,3eabdfa943524b1077c76342cd49dd883c1d02e6abf0a6e9273162f3d53c340b,0.0
636,0,-0.7769501438239388,2.708954770282089,inside,elliptical,2.383493215945691,1.451655323919542,4.9333985277579515,1.1979276873562263,150.32176073795569,1,,,,False,0.2507509288351737,0.18142300946088608,False,0.17017554390586115,3.3158603301081744,0.8815290819323081,2.012413711769167,diffusive,,13.127525441834361,0.033997815111399377,27.148665850889397,1.299196871149546,2.576081678516904,4.132727529579782,8.588561504496948,0.2710647432003199,0.28245865268042747,0.8575218765298603,0.5167290406719597,0.28806930666057695,0.8291638335399774,34.95922459639942,3.1318220980843128,0.0037149583648565265,qp_ode,0.05,100.0,1.6615105338816818e-09,100.00000000000001,188.48033507752348,0.4678301486908187,191.0,5.0,0.999,independent_lognormal,False,0.0,False,0.0,23.836610172410722,0.09881343126630224,False,0.0,fixed_device,0,83.8352488853537,118.05332671712425,167.6704977707074,204.94395774055712,107.50854;83.835249;108.17078;117.03402;89.487233;118.05333;86.697402;85.209342;102.47198;92.587643;100.74184;98.930132;99.136065;93.433459;94.419352;116.50486;105.77879,198.80062;167.6705;194.33474;189.94553;178.97447;197.9976;173.3948;170.41868;204.94396;185.17529;198.89142;197.86026;196.57891;186.86692;188.8387;189.8481;183.62519,4.9457111;5.0272209;5.0049862;5.0861229;5.0349499;4.97517;4.9890876;5.0206058;4.8965438;5.0073491;4.9351045;5.0695225;5.0068295;5.0800369;4.971503;4.9932767;4.9559796,3.354767486030141e-08,81.13612365722656,1.6775141276070826e-09,42980.199123443395,1.0,0.18501471264129563,True,,,1,6922959532177074239,1cebbe2c85286d125a19176074641cec80e768fcc76265a176a2887e861b48e2:636,123,8070304478288801822,3eabdfa943524b1077c76342cd49dd883c1d02e6abf0a6e9273162f3d53c340b,0.0
637,0,-0.23390917181064896,3.0,edge,circular,1.8158523426339777,1.4123556905052288,5.375437779023025,1.0,25.658877334985167,1,,,,False,0.07768996244174337,0.4720790191374432,False,0.19138618932121254,2.6063753485958205,0.5119645605238775,1.3015600990950724,diffusive,,6.779881545820021,0.05553893664293305,76.30752167903887,0.6523457584785155,2.479172423938004,3.510498762458375,5.132612641463287,0.484841602214666,0.25572970918896165,0.8815098492991874,0.5517401195791999,0.13101804779672643,1.1324437890971022,24.93855996446098,3.3625180579484484,0.06363469739221714,qp_ode,0.05,100.0,2.754702929227035e-09,100.00000000000001,188.48033507752348,1.9867927294621486,191.0,5.0,0.999,independent_lognormal,False,0.0,False,0.0,4.127666375260292,0.6498921811782165,False,0.0,fixed_device,0,83.8352488853537,118.05332671712425,167.6704977707074,204.94395774055712,107.50854;83.835249;108.17078;117.03402;89.487233;118.05333;86.697402;85.209342;102.47198;92.587643;100.74184;98.930132;99.136065;93.433459;94.419352;116.50486;105.77879,198.80062;167.6705;194.33474;189.94553;178.97447;197.9976;173.3948;170.41868;204.94396;185.17529;198.89142;197.86026;196.57891;186.86692;188.8387;189.8481;183.62519,4.9457111;5.0272209;5.0049862;5.0861229;5.0349499;4.97517;4.9890876;5.0206058;4.8965438;5.0073491;4.9351045;5.0695225;5.0068295;5.0800369;4.971503;4.9932767;4.9559796,4.0683993063339585e-08,81.69422912597656,2.036206092626003e-09,42980.199123443395,1.0,0.2092805418247456,True,,,1,9815958656161569291,1cebbe2c85286d125a19176074641cec80e768fcc76265a176a2887e861b48e2:637,123,8165788742944906506,3eabdfa943524b1077c76342cd49dd883c1d02e6abf0a6e9273162f3d53c340b,0.0
638,0,-3.4969927497004845,1.7071407642084848,outside,elliptical,2.4887514932086487,1.2025626359728339,3.97622995068751,2.030744117188846,57.529455587083206,1,,,,False,0.32647061604245153,0.5897263656105965,False,0.29357687781857894,2.9481927524685014,0.6578695603824336,1.7952326268042553,ballistic,19.91328655230959,,0.06923001893977476,4.221333147029069,0.961887435137458,2.4790799796737923,4.27708642991756,6.030763834585555,0.29573924027110327,0.4254944681848928,0.8165916145308579,0.41846831620859837,0.4738021409199691,1.1240901069597566,20.21181287419939,3.2759695379245666,0.0595337079530907,qp_ode,0.05,100.0,5.804284320315582e-10,100.00000000000001,188.48033507752348,1.6058587679988845,191.0,5.0,0.999,independent_lognormal,False,0.0,False,0.0,4.541116037802872,0.17567530419357558,False,0.0,fixed_device,0,83.8352488853537,118.05332671712425,167.6704977707074,204.94395774055712,107.50854;83.835249;108.17078;117.03402;89.487233;118.05333;86.697402;85.209342;102.47198;92.587643;100.74184;98.930132;99.136065;93.433459;94.419352;116.50486;105.77879,198.80062;167.6705;194.33474;189.94553;178.97447;197.9976;173.3948;170.41868;204.94396;185.17529;198.89142;197.86026;196.57891;186.86692;188.8387;189.8481;183.62519,4.9457111;5.0272209;5.0049862;5.0861229;5.0349499;4.97517;4.9890876;5.0206058;4.8965438;5.0073491;4.9351045;5.0695225;5.0068295;5.0800369;4.971503;4.9932767;4.9559796,8.24449397640592e-09,83.81619262695312,4.129966924004691e-10,42980.199123443395,1.0,0.20423916831581757,True,,,0,10956859420268441780,1cebbe2c85286d125a19176074641cec80e768fcc76265a176a2887e861b48e2:638,123,6936001654990166717,3eabdfa943524b1077c76342cd49dd883c1d02e6abf0a6e9273162f3d53c340b,0.0
639,0,3.0,2.3134856993150787,edge,elliptical,2.4795845534432583,1.126072388750268,3.168579947377733,1.7654821682755188,76.59169552061304,1,,,,False,0.14406128698756848,0.058650403509245,False,0.15359765338758263,2.005625751141519,0.7885361551578086,2.009112585311162,ballistic,16.949143702610364,,0.02535031631097007,67.5223548729902,0.46960466923405486,3.1222543106633975,6.091660395479554,5.033837207038239,0.1509699745064286,0.4728504459922266,0.8034577776633024,0.1707525004597014,0.3224595596738823,1.090918663381307,24.28880212374189,2.82475457310262,0.07311830921450121,qp_ode,0.05,100.0,1.6217430298600062e-10,100.00000000000001,188.48033507752348,0.31679081361484546,191.0,5.0,0.999,independent_lognormal,False,0.0,False,0.0,9.840678542970783,0.33430314635866604,False,0.0,fixed_device,0,83.8352488853537,118.05332671712425,167.6704977707074,204.94395774055712,107.50854;83.835249;108.17078;117.03402;89.487233;118.05333;86.697402;85.209342;102.47198;92.587643;100.74184;98.930132;99.136065;93.433459;94.419352;116.50486;105.77879,198.80062;167.6705;194.33474;189.94553;178.97447;197.9976;173.3948;170.41868;204.94396;185.17529;198.89142;197.86026;196.57891;186.86692;188.8387;189.8481;183.62519,4.9457111;5.0272209;5.0049862;5.0861229;5.0349499;4.97517;4.9890876;5.0206058;4.8965438;5.0073491;4.9351045;5.0695225;5.0068295;5.0800369;4.971503;4.9932767;4.9559796,3.5775471474153164e-09,83.77864074707031,1.7893712900285408e-10,42980.199123443395,1.0,0.17831454888810425,True,,,0,7029409049466327016,1cebbe2c85286d125a19176074641cec80e768fcc76265a176a2887e861b48e2:639,123,3802906688169786433,3eabdfa943524b1077c76342cd49dd883c1d02e6abf0a6e9273162f3d53c340b,0.0
640,0,-0.41307409639346027,-0.15210525277866616,inside,elliptical,1.9328225185147805,0.9943683975370878,3.26918842757404,1.749853811895938,77.14712807428062,1,,,,False,0.15006709149426897,0.8370671586055396,False,0.1540470045565429,1.6000564375392932,0.8675547115002826,2.0273389082408775,ballistic,20.649062383780347,,0.09567580048457895,17.1488942229006,1.0284969507142923,3.4124115341636787,4.003378375823615,8.15195082889824,0.17274985449396632,0.2496989663276702,0.8298801302100512,0.32521321772941497,0.14756521543547624,0.5586331823176041,34.92890881897485,2.9888104064698555,0.05034849328584195,qp_ode,0.05,100.0,6.729274043113311e-09,100.00000000000001,188.48033507752348,0.3160488373160186,191.0,5.0,0.999,independent_lognormal,False,0.0,False,0.0,9.5491478621651,0.16821792248263168,False,0.0,fixed_device,0,83.8352488853537,118.05332671712425,167.6704977707074,204.94395774055712,107.50854;83.835249;108.17078;117.03402;89.487233;118.05333;86.697402;85.209342;102.47198;92.587643;100.74184;98.930132;99.136065;93.433459;94.419352;116.50486;105.77879,198.80062;167.6705;194.33474;189.94553;178.97447;197.9976;173.3948;170.41868;204.94396;185.17529;198.89142;197.86026;196.57891;186.86692;188.8387;189.8481;183.62519,4.9457111;5.0272209;5.0049862;5.0861229;5.0349499;4.97517;4.9890876;5.0206058;4.8965438;5.0073491;4.9351045;5.0695225;5.0068295;5.0800369;4.971503;4.9932767;4.9559796,1.1444394942827785e-07,62.37688064575195,5.732659236201698e-09,42980.199123443395,1.0,0.18535110560546988,True,,,1,3497897184464187408,1cebbe2c85286d125a19176074641cec80e768fcc76265a176a2887e861b48e2:640,123,2140659945397990057,3eabdfa943524b1077c76342cd49dd883c1d02e6abf0a6e9273162f3d53c340b,0.0
641,0,0.8600747361281877,-1.8625326802071418,inside,circular,1.97308883098747,1.1999712359452277,9.761591375976774,1.0,70.59262105584823,1,,,,False,0.3472015344290099,0.07810397551153192,False,0.3591400547001128,1.5322469878289657,0.7181148380660927,2.609162721721656,diffusive,,13.33164141175942,0.05379128856177916,73.98017999254891,1.202929542024643,3.140718725107379,4.574134585995184,9.03900744842361,0.5678927332131085,0.3008243962974196,0.9941508956442358,0.5762266138143901,0.26470779023525737,0.6700075550675877,34.22951958784263,3.060373078723942,0.06009727738490112,qp_ode,0.05,100.0,3.383460156220192e-10,100.00000000000001,188.48033507752348,0.5483346274822828,191.0,5.0,0.999,independent_lognormal,False,0.0,False,0.0,3.2687243644539765,0.3716369342035315,False,0.0,fixed_device,0,83.8352488853537,118.05332671712425,167.6704977707074,204.94395774055712,107.50854;83.835249;108.17078;117.03402;89.487233;118.05333;86.697402;85.209342;102.47198;92.587643;100.74184;98.930132;99.136065;93.433459;94.419352;116.50486;105.77879,198.80062;167.6705;194.33474;189.94553;178.97447;197.9976;173.3948;170.41868;204.94396;185.17529;198.89142;197.86026;196.57891;186.86692;188.8387;189.8481;183.62519,4.9457111;5.0272209;5.0049862;5.0861229;5.0349499;4.97517;4.9890876;5.0206058;4.8965438;5.0073491;4.9351045;5.0695225;5.0068295;5.0800369;4.971503;4.9932767;4.9559796,8.165629949985487e-09,82.45006561279297,4.091745275935921e-10,42980.199123443395,1.0,0.19085220751459997,True,,,0,1126093180239784612,1cebbe2c85286d125a19176074641cec80e768fcc76265a176a2887e861b48e2:641,123,1817944244015544353,3eabdfa943524b1077c76342cd49dd883c1d02e6abf0a6e9273162f3d53c340b,0.0
642,0,2.2467461335055825,-2.352947084725665,inside,elliptical,2.081541619322026,1.2797446169263536,7.123489807285874,2.289569907946345,153.98194959389357,1,,,,False,0.0633879597093876,0.9016207167768826,False,0.19320610742215785,3.940915378895081,0.5855264048311608,1.1313278654447527,ballistic,37.54148037564794,,0.08421706346083425,79.17345233696776,0.6584811606256974,2.4590817223870305,6.14157882231431,8.728058487017876,0.4806116523263617,0.43528694718897476,0.815175723243915,0.3973878064748547,0.09832090719404254,0.5659000199799815,30.301312459117963,2.826748840461816,0.029028102281472394,qp_ode,0.05,100.0,1.8379469621528107e-07,100.00000000000001,188.48033507752348,0.7045071194735806,191.0,5.0,0.999,independent_lognormal,False,0.0,False,0.0,5.115478497908397,0.2544304423892286,False,0.0,fixed_device,0,83.8352488853537,118.05332671712425,167.6704977707074,204.94395774055712,107.50854;83.835249;108.17078;117.03402;89.487233;118.05333;86.697402;85.209342;102.47198;92.587643;100.74184;98.930132;99.136065;93.433459;94.419352;116.50486;105.77879,198.80062;167.6705;194.33474;189.94553;178.97447;197.9976;173.3948;170.41868;204.94396;185.17529;198.89142;197.86026;196.57891;186.86692;188.8387;189.8481;183.62519,4.9457111;5.0272209;5.0049862;5.0861229;5.0349499;4.97517;4.9890876;5.0206058;4.8965438;5.0073491;4.9351045;5.0695225;5.0068295;5.0800369;4.971503;4.9932767;4.9559796,3.7852257719350746e-06,5.7926859855651855,1.9079827495716017e-07,42980.199123443395,1.0,0.21343709242811806,True,,,2,15670172639472019116,1cebbe2c85286d125a19176074641cec80e768fcc76265a176a2887e861b48e2:642,123,1961718258147649914,3eabdfa943524b1077c76342cd49dd883c1d02e6abf0a6e9273162f3d53c340b,0.7761948529411765
643,0,0.5979233977037515,0.8255584913170493,inside,elliptical,2.2510145546221914,0.8288975478978251,7.558502290041681,1.2450262600065645,171.65051156479905,1,,,,False,0.3241185707507778,0.6989380351332991,False,0.38175481859148597,2.5202869220837396,1.106113447582536,2.6386980197477463,diffusive,,15.92493497036031,0.09606360460139284,21.600620652529603,0.9539510026718218,2.458309764807402,4.421769607973733,9.464684350830119,0.38797446475442054,0.11212785464068338,0.9812185984394861,0.1835642330574265,0.3945886975714887,0.9184296443297528,22.773847304926967,3.3082209877335145,0.025434554897249575,qp_ode,0.05,100.0,2.198685937863406e-10,100.00000000000001,188.48033507752348,0.2226665569669074,191.0,5.0,0.999,independent_lognormal,False,0.0,False,0.0,14.76860278725188,0.545517960428765,False,0.0,fixed_device,0,83.8352488853537,118.05332671712425,167.6704977707074,204.94395774055712,107.50854;83.835249;108.17078;117.03402;89.487233;118.05333;86.697402;85.209342;102.47198;92.587643;100.74184;98.930132;99.136065;93.433459;94.419352;116.50486;105.77879,198.80062;167.6705;194.33474;189.94553;178.97447;197.9976;173.3948;170.41868;204.94396;185.17529;198.89142;197.86026;196.57891;186.86692;188.8387;189.8481;183.62519,4.9457111;5.0272209;5.0049862;5.0861229;5.0349499;4.97517;4.9890876;5.0206058;4.8965438;5.0073491;4.9351045;5.0695225;5.0068295;5.0800369;4.971503;4.9932767;4.9559796,6.284897935415756e-09,83.39801025390625,3.1485955509502617e-10,42980.199123443395,1.0,0.19952476875585332,True,,,0,15557424325256900197,1cebbe2c85286d125a19176074641cec80e768fcc76265a176a2887e861b48e2:643,123,2404733058774622275,3eabdfa943524b1077c76342cd49dd883c1d02e6abf0a6e9273162f3d53c340b,0.0
644,0,3.953569909198304,-0.554597415104924,outside,circular,2.3221556093385995,1.1402206401454147,9.873819692042055,1.0,131.21086226569992,1,,,,False,0.37678779727868894,0.9623035136910084,False,0.2012623691435983,3.688890549721422,1.061067812242406,1.9124754227080376,ballistic,34.72025490816252,,0.0528424700419458,42.40469027237091,1.7956316158702417,2.732794883551228,4.117030829848633,9.685766344443975,0.5079532539459723,0.20357519923892517,0.854088886297696,0.6688167889272985,0.08711039885811708,0.9574124369749627,28.244123070411117,3.126897405736157,0.004453866195722868,qp_ode,0.05,100.0,2.395215998397327e-08,100.00000000000001,188.48033507752348,1.0681040565317774,191.0,5.0,0.999,independent_lognormal,False,0.0,False,0.0,45.68407354964125,0.2596744798666185,False,0.0,fixed_device,0,83.8352488853537,118.05332671712425,167.6704977707074,204.94395774055712,107.50854;83.835249;108.17078;117.03402;89.487233;118.05333;86.697402;85.209342;102.47198;92.587643;100.74184;98.930132;99.136065;93.433459;94.419352;116.50486;105.77879,198.80062;167.6705;194.33474;189.94553;178.97447;197.9976;173.3948;170.41868;204.94396;185.17529;198.89142;197.86026;196.57891;186.86692;188.8387;189.8481;183.62519,4.9457111;5.0272209;5.0049862;5.0861229;5.0349499;4.97517;4.9890876;5.0206058;4.8965438;5.0073491;4.9351045;5.0695225;5.0068295;5.0800369;4.971503;4.9932767;4.9559796,3.6666625646830653e-07,38.73255920410156,1.8347465768897564e-08,42980.199123443395,1.0,0.18949039020876943,True,,,2,3950367710164910780,1cebbe2c85286d125a19176074641cec80e768fcc76265a176a2887e861b48e2:644,123,182443266439533009,3eabdfa943524b1077c76342cd49dd883c1d02e6abf0a6e9273162f3d53c340b,0.0
645,0,1.178198988677435,-3.6873168809310024,outside,elliptical,1.9496597644650986,1.39466208071781,9.636710791395886,1.7738782254317016,163.4528790877303,1,,,,False,0.37557841551175364,0.06621498066336229,False,0.1535597391771028,3.1823837935804433,1.2605174315489491,1.974081800993963,diffusive,,6.5486418463723695,0.045524389427161666,46.93430823058194,1.5881780632750089,2.1497060519326916,4.392738470307919,5.29647789993958,0.3074124903476969,0.14588336326630072,0.9788599524339074,0.5580219149242381,0.45238753377020186,0.5944272248681981,29.92929128362436,3.0852745080175032,0.02610152082682853,qp_ode,0.05,100.0,1.4207509713743286e-07,100.00000000000001,188.48033507752348,1.6673146501860188,191.0,5.0,0.999,independent_lognormal,False,0.0,False,0.0,8.583325762547046,0.5483625315923366,False,0.0,fixed_device,0,83.8352488853537,118.05332671712425,167.6704977707074,204.94395774055712,107.50854;83.835249;108.17078;117.03402;89.487233;118.05333;86.697402;85.209342;102.47198;92.587643;100.74184;98.930132;99.136065;93.433459;94.419352;116.50486;105.77879,198.80062;167.6705;194.33474;189.94553;178.97447;197.9976;173.3948;170.41868;204.94396;185.17529;198.89142;197.86026;196.57891;186.86692;188.8387;189.8481;183.62519,4.9457111;5.0272209;5.0049862;5.0861229;5.0349499;4.97517;4.9890876;5.0206058;4.8965438;5.0073491;4.9351045;5.0695225;5.0068295;5.0800369;4.971503;4.9932767;4.9559796,2.64920686277037e-06,8.11910629272461,1.3323345626758964e-07,42980.199123443395,1.0,0.20496454070042358,True,,,2,3207335597540830710,1cebbe2c85286d125a19176074641cec80e768fcc76265a176a2887e861b48e2:645,123,2202481888202141673,3eabdfa943524b1077c76342cd49dd883c1d02e6abf0a6e9273162f3d53c340b,0.0793600643382353
646,0,-0.8922820426805647,-3.260541413610377,outside,elliptical,2.151354355743971,0.8034956100968422,3.4407220691658944,1.2127342555435208,17.09162868625921,1,,,,False,0.12043659598552127,0.5590658107888369,False,0.12033930278457167,3.8784788371928247,0.5700602630898245,1.0587997917172314,diffusive,,15.374827525468437,0.09651358867459935,56.515178336566834,1.8132152019661016,3.536425698236282,4.2141652908625185,9.417804550783758,0.43521060741200746,0.3686427963293295,0.9331297007334589,0.38736562008911674,0.21872474374115936,0.6079422209716403,34.36391687865226,3.1156625617438936,0.07263240908403855,qp_ode,0.05,100.0,9.934138873496202e-10,100.00000000000001,188.48033507752348,1.9079620372713382,191.0,5.0,0.999,independent_lognormal,False,0.0,False,0.0,48.93787020596306,0.07706898479740762,False,0.0,fixed_device,0,83.8352488853537,118.05332671712425,167.6704977707074,204.94395774055712,107.50854;83.835249;108.17078;117.03402;89.487233;118.05333;86.697402;85.209342;102.47198;92.587643;100.74184;98.930132;99.136065;93.433459;94.419352;116.50486;105.77879,198.80062;167.6705;194.33474;189.94553;178.97447;197.9976;173.3948;170.41868;204.94396;185.17529;198.89142;197.86026;196.57891;186.86692;188.8387;189.8481;183.62519,4.9457111;5.0272209;5.0049862;5.0861229;5.0349499;4.97517;4.9890876;5.0206058;4.8965438;5.0073491;4.9351045;5.0695225;5.0068295;5.0800369;4.971503;4.9932767;4.9559796,1.896457746397573e-08,78.45915985107422,9.485396912367605e-10,42980.199123443395,1.0,0.1968437070415554,True,,,0,12897354780456394451,1cebbe2c85286d125a19176074641cec80e768fcc76265a176a2887e861b48e2:646,123,4196810998521524469,3eabdfa943524b1077c76342cd49dd883c1d02e6abf0a6e9273162f3d53c340b,0.0
647,0,1.9192548326091563,3.8354876660189063,outside,circular,2.3616578029710498,1.1418898573653116,7.90192286070671,1.0,135.74372375877837,1,,,,False,0.05428059876034893,0.4828430018559816,False,0.31383072214524643,3.5022897663853927,0.7250453034468075,2.4107300577615796,ballistic,22.91053573717197,,0.023855371983976373,30.783701537325072,1.1710625510814427,3.2023133340255976,4.335481704961503,9.673436884821736,0.31946983769178544,0.4507949957692844,0.9317434443710981,0.2136661817030915,0.08422800802283333,0.641530857278338,24.520330724171355,3.062587030098493,0.02107874360452648,qp_ode,0.05,100.0,1.3513464048766275e-10,100.00000000000001,188.48033507752348,1.640980442772223,191.0,5.0,0.999,independent_lognormal,False,0.0,False,0.0,7.597487542063051,0.28985684452827176,False,0.0,fixed_device,0,83.8352488853537,118.05332671712425,167.6704977707074,204.94395774055712,107.50854;83.835249;108.17078;117.03402;89.487233;118.05333;86.697402;85.209342;102.47198;92.587643;100.74184;98.930132;99.136065;93.433459;94.419352;116.50486;105.77879,198.80062;167.6705;194.33474;189.94553;178.97447;197.9976;173.3948;170.41868;204.94396;185.17529;198.89142;197.86026;196.57891;186.86692;188.8387;189.8481;183.62519,4.9457111;5.0272209;5.0049862;5.0861229;5.0349499;4.97517;4.9890876;5.0206058;4.8965438;5.0073491;4.9351045;5.0695225;5.0068295;5.0800369;4.971503;4.9932767;4.9559796,3.6266030178921937e-09,83.80699920654297,1.8133990142832346e-10,42980.199123443395,1.0,0.18398398744141822,True,,,0,332609758032600690,1cebbe2c85286d125a19176074641cec80e768fcc76265a176a2887e861b48e2:647,123,3289782472660022831,3eabdfa943524b1077c76342cd49dd883c1d02e6abf0a6e9273162f3d53c340b,0.0
