event,run_id,epicenter_row,epicenter_col,epicenter_region,geometry,initial_beta,late_beta,beta_transition_ms,axis_ratio,angle_degrees,source_count,secondary_epicenter_row,secondary_epicenter_col,secondary_source_strength,reflection_enabled,reflection_coefficient,reflection_boundary_margin_mm,halo_enabled,halo_strength,halo_lambda_multiplier,halo_beta,halo_front_width_multiplier,propagation_law,apparent_speed_m_per_s,diffusion_coefficient_mm2_per_ms,front_width_ms,arrival_jitter_sd_us,arrival_jitter_correlation_length_mm,initial_lambda_mm,maximum_lambda_mm,maximum_distance_mm,spread_time_ms,cutoff_width_mm,maximum_amplitude,prompt_fraction,rise_time_ms,peak_time_ms,decay_time_ms,baseline_total_errors,baseline_drift_fraction,temporal_backend,qp_trapping_rate_per_us,qp_recombination_rate_per_us,qp_generation_scale_per_us,qp_baseline_t1_us,qp_baseline_t2_us,qp_measurement_exposure_us,qp_al_gap_uev,qp_qubit_frequency_ghz,qp_maximum_radiation_probability,qp_source_decay_mode,qp_dephasing_enabled,qp_charging_energy_ghz,qp_frequency_shift_enabled,qp_frequency_shift_coefficient_a,qp_source_lifetime_ms,event_onset_ms,is_control,global_spatial_mixing_fraction,qp_hardware_mode,qp_device_id,qp_baseline_t1_min_us,qp_baseline_t1_max_us,qp_baseline_t2_min_us,qp_baseline_t2_max_us,qp_baseline_t1_by_qubit_us,qp_baseline_t2_by_qubit_us,qp_qubit_frequency_by_qubit_ghz,qp_peak_density,qp_minimum_t1_us,qp_peak_generation_rate_per_us,qp_relaxation_coefficient_per_us,qp_generation_event_scale,achieved_peak_error_fraction,spatial_residual_enabled,low_rank_spatial_coefficients,missing_qubits,strength_band,generation_seed,event_uid,device_seed,syndrome_seed,circuit_id,fraction_round_qubits_below_30us
1008,0,-1.5433874730415273,3.748589172444462,outside,circular,2.3828721574756786,1.5318360569992295,7.489901881761013,1.0,91.21368357740124,1,,,,False,0.07453270315899094,0.08566289904242175,False,0.29783204074570685,2.999021788945537,0.7557458737512017,1.8680995833957208,diffusive,,9.535392960468585,0.10823062320612141,4.508711572206758,0.5003613043433912,2.95148660923533,4.648499954176415,9.272318840919969,0.45045389110543044,0.2681518196299292,0.852950632367962,0.5868719108503919,0.31212916034525895,1.0816912702804828,32.497827256890005,3.3572068774660617,0.017866840697197208,qp_ode,0.05,100.0,1.4986284707380235e-07,100.00000000000001,188.48033507752348,0.7011751777836182,191.0,5.0,0.999,independent_lognormal,False,0.0,False,0.0,9.830048130886167,0.4137994041049766,False,0.0,fixed_device,0,83.8352488853537,118.05332671712425,167.6704977707074,204.94395774055712,107.50854;83.835249;108.17078;117.03402;89.487233;118.05333;86.697402;85.209342;102.47198;92.587643;100.74184;98.930132;99.136065;93.433459;94.419352;116.50486;105.77879,198.80062;167.6705;194.33474;189.94553;178.97447;197.9976;173.3948;170.41868;204.94396;185.17529;198.89142;197.86026;196.57891;186.86692;188.8387;189.8481;183.62519,4.9457111;5.0272209;5.0049862;5.0861229;5.0349499;4.97517;4.9890876;5.0206058;4.8965438;5.0073491;4.9351045;5.0695225;5.0068295;5.0800369;4.971503;4.9932767;4.9559796,2.646737129907706e-06,8.079415321350098,1.3306511448263336e-07,42980.199123443395,1.0,0.2154725306999717,True,,,2,9996653373817630250,1cebbe2c85286d125a19176074641cec80e768fcc76265a176a2887e861b48e2:1008,123,6453782690710395298,3eabdfa943524b1077c76342cd49dd883c1d02e6abf0a6e9273162f3d53c340b,0.15685317095588236
1009,0,-1.795291311282149,-0.23693058544858436,inside,elliptical,1.7448814305469647,1.0334781641806112,2.9347644475656596,1.2200851259185483,84.45739607584126,1,,,,False,0.3594378704447262,0.345504594452674,False,0.3257884725476472,3.3816528634381764,1.1129805779560669,2.2158426724407914,diffusive,,11.964368264968476,0.1172845151413843,54.586015334405296,1.404683592595568,2.173318035796731,3.5535421313184123,5.762529974930927,0.36832201462193537,0.10741230372609367,0.8011842505292093,0.058532691520945694,0.3339544392698432,1.0350699055605999,30.655190969935255,2.9886184794559685,0.04943025255376363,qp_ode,0.05,100.0,2.0417365621774574e-09,100.00000000000001,188.48033507752348,1.8277541837319105,191.0,5.0,0.999,independent_lognormal,False,0.0,False,0.0,4.067258769860548,0.2901612743103598,False,0.0,fixed_device,0,83.8352488853537,118.05332671712425,167.6704977707074,204.94395774055712,107.50854;83.835249;108.17078;117.03402;89.487233;118.05333;86.697402;85.209342;102.47198;92.587643;100.74184;98.930132;99.136065;93.433459;94.419352;116.50486;105.77879,198.80062;167.6705;194.33474;189.94553;178.97447;197.9976;173.3948;170.41868;204.94396;185.17529;198.89142;197.86026;196.57891;186.86692;188.8387;189.8481;183.62519,4.9457111;5.0272209;5.0049862;5.0861229;5.0349499;4.97517;4.9890876;5.0206058;4.8965438;5.0073491;4.9351045;5.0695225;5.0068295;5.0800369;4.971503;4.9932767;4.9559796,2.8462176615562385e-08,79.62877655029297,1.4233106915284566e-09,42980.199123443395,1.0,0.18466336515136342,True,,,1,13800444530672620073,1cebbe2c85286d125a19176074641cec80e768fcc76265a176a2887e861b48e2:1009,123,8630181561339131943,3eabdfa943524b1077c76342cd49dd883c1d02e6abf0a6e9273162f3d53c340b,0.0
1010,0,-2.702719334320815,-3.3226464363321115,outside,elliptical,2.490152337638267,1.3093244829716886,5.51771706493693,1.5481666625572128,85.63213054051901,1,,,,False,0.29397786477471194,0.38853533532510554,False,0.2898553396598959,2.330813774839294,0.6019242974668102,1.2407111277818392,ballistic,24.373259691691615,,0.10047227579522808,38.851438362213734,1.305492150233286,3.3118767731854843,4.7397299640866555,5.451196261330831,0.4143088764018834,0.38037523664524264,0.8821848140331923,0.37618795925315685,0.4765283879540397,1.095752598680221,24.91604727395532,2.8715840943433886,0.06079958668010155,qp_ode,0.05,100.0,6.47661121812597e-10,100.00000000000001,188.48033507752348,1.8890972160355783,191.0,5.0,0.999,independent_lognormal,False,0.0,False,0.0,27.07262056386978,0.39740302149054113,False,0.0,fixed_device,0,83.8352488853537,118.05332671712425,167.6704977707074,204.94395774055712,107.50854;83.835249;108.17078;117.03402;89.487233;118.05333;86.697402;85.209342;102.47198;92.587643;100.74184;98.930132;99.136065;93.433459;94.419352;116.50486;105.77879,198.80062;167.6705;194.33474;189.94553;178.97447;197.9976;173.3948;170.41868;204.94396;185.17529;198.89142;197.86026;196.57891;186.86692;188.8387;189.8481;183.62519,4.9457111;5.0272209;5.0049862;5.0861229;5.0349499;4.97517;4.9890876;5.0206058;4.8965438;5.0073491;4.9351045;5.0695225;5.0068295;5.0800369;4.971503;4.9932767;4.9559796,1.046956921157971e-08,80.77955627441406,5.239254030620089e-10,42980.199123443395,1.0,0.17922121128701163,True,,,0,4410934703074916646,1cebbe2c85286d125a19176074641cec80e768fcc76265a176a2887e861b48e2:1010,123,3661922982647605050,3eabdfa943524b1077c76342cd49dd883c1d02e6abf0a6e9273162f3d53c340b,0.0
1011,0,-0.0144696262937698,2.7381424491692448,inside,circular,1.8010789128405047,1.037491741571497,2.2151762256172605,1.0,32.128158832928456,1,,,,False,0.3886824994384831,0.4147519213996661,False,0.1113207485255014,1.6271255810007774,0.7622722345707935,2.1385579007942543,diffusive,,8.119349738552676,0.07565941772016481,61.28584531351086,0.48807077520264175,3.023627583997965,6.0810948680755805,5.5053321421117385,0.5947581482643539,0.44636516855700614,0.9767247529885785,0.4660355790491245,0.17146682177639155,1.1756230620985044,29.93324336771649,3.27998474639997,0.017207723811764143,qp_ode,0.05,100.0,2.6683840396223904e-09,100.00000000000001,188.48033507752348,1.4641051455512424,191.0,5.0,0.999,independent_lognormal,False,0.0,False,0.0,26.916855736780725,0.48748985665406325,False,0.0,fixed_device,0,83.8352488853537,118.05332671712425,167.6704977707074,204.94395774055712,107.50854;83.835249;108.17078;117.03402;89.487233;118.05333;86.697402;85.209342;102.47198;92.587643;100.74184;98.930132;99.136065;93.433459;94.419352;116.50486;105.77879,198.80062;167.6705;194.33474;189.94553;178.97447;197.9976;173.3948;170.41868;204.94396;185.17529;198.89142;197.86026;196.57891;186.86692;188.8387;189.8481;183.62519,4.9457111;5.0272209;5.0049862;5.0861229;5.0349499;4.97517;4.9890876;5.0206058;4.8965438;5.0073491;4.9351045;5.0695225;5.0068295;5.0800369;4.971503;4.9932767;4.9559796,4.8080899262004095e-08,76.20392608642578,2.4090016648159462e-09,42980.199123443395,1.0,0.19627141329511216,True,,,1,3200356717028457101,1cebbe2c85286d125a19176074641cec80e768fcc76265a176a2887e861b48e2:1011,123,123857409823699576,3eabdfa943524b1077c76342cd49dd883c1d02e6abf0a6e9273162f3d53c340b,0.0
1012,0,-0.4432724357948121,-2.971717827020025,inside,elliptical,2.2381788621964054,1.4796871739733615,4.913163228772272,2.4419751771122753,133.72605166305596,1,,,,False,0.22846471518187106,0.933112656996397,False,0.11656785398680447,3.8750757624066874,1.2114400271789276,1.6650144444187007,ballistic,26.69796611654835,,0.11390177507415158,48.95328114009849,1.722702564308297,2.1730849025846526,4.173957639609329,6.017895460183329,0.28250836077286495,0.24573756903644567,0.8360336904582714,0.6134659425609486,0.41477921835950043,0.5619681241159756,25.864109217757232,3.008491660178472,0.0315566071903871,qp_ode,0.05,100.0,2.486594136252095e-07,100.00000000000001,188.48033507752348,0.7510340673307139,191.0,5.0,0.999,independent_lognormal,False,0.0,False,0.0,10.09435257575402,0.3289289633820931,False,0.0,fixed_device,0,83.8352488853537,118.05332671712425,167.6704977707074,204.94395774055712,107.50854;83.835249;108.17078;117.03402;89.487233;118.05333;86.697402;85.209342;102.47198;92.587643;100.74184;98.930132;99.136065;93.433459;94.419352;116.50486;105.77879,198.80062;167.6705;194.33474;189.94553;178.97447;197.9976;173.3948;170.41868;204.94396;185.17529;198.89142;197.86026;196.57891;186.86692;188.8387;189.8481;183.62519,4.9457111;5.0272209;5.0049862;5.0861229;5.0349499;4.97517;4.9890876;5.0206058;4.8965438;5.0073491;4.9351045;5.0695225;5.0068295;5.0800369;4.971503;4.9932767;4.9559796,4.416811407281784e-06,5.020658016204834,2.2307916935915273e-07,42980.199123443395,1.0,0.21693568250048473,True,,,2,15955389082164136213,1cebbe2c85286d125a19176074641cec80e768fcc76265a176a2887e861b48e2:1012,123,3771100744303095521,3eabdfa943524b1077c76342cd49dd883c1d02e6abf0a6e9273162f3d53c340b,0.48977481617647056
1013,0,3.0,2.6168637982700327,edge,circular,2.2442647388564314,1.3578194822156484,7.966748623389848,1.0,51.22547042661244,1,,,,False,0.35571442610466875,0.9288877356037427,False,0.32182079153271825,3.891293804747197,0.9991159255671842,2.8133621394750685,ballistic,32.35726701384218,,0.08078128523473267,5.010826134005626,1.4973723345755334,2.044638875387149,5.91129012656068,8.741351883289358,0.3186104595671987,0.4270828394913295,0.8417681983086045,0.7737021792835914,0.46769179342444456,0.7270710700818777,27.05208538288964,2.90644901534241,0.06845983452524969,qp_ode,0.05,100.0,4.2388373511154974e-08,100.00000000000001,188.48033507752348,0.40907148825718487,191.0,5.0,0.999,independent_lognormal,False,0.0,False,0.0,28.92433259271265,0.06984872703042347,False,0.0,fixed_device,0,83.8352488853537,118.05332671712425,167.6704977707074,204.94395774055712,107.50854;83.835249;108.17078;117.03402;89.487233;118.05333;86.697402;85.209342;102.47198;92.587643;100.74184;98.930132;99.136065;93.433459;94.419352;116.50486;105.77879,198.80062;167.6705;194.33474;189.94553;178.97447;197.9976;173.3948;170.41868;204.94396;185.17529;198.89142;197.86026;196.57891;186.86692;188.8387;189.8481;183.62519,4.9457111;5.0272209;5.0049862;5.0861229;5.0349499;4.97517;4.9890876;5.0206058;4.8965438;5.0073491;4.9351045;5.0695225;5.0068295;5.0800369;4.971503;4.9932767;4.9559796,7.856216370782931e-07,23.21730613708496,3.934428960405967e-08,42980.199123443395,1.0,0.1874468034374796,True,,,2,17425892236559129000,1cebbe2c85286d125a19176074641cec80e768fcc76265a176a2887e861b48e2:1013,123,4197579083703328757,3eabdfa943524b1077c76342cd49dd883c1d02e6abf0a6e9273162f3d53c340b,0.27194393382352944
1014,0,-0.30775221642994577,-3.0,edge,elliptical,2.126694039535482,1.3340858646853215,7.800096663230027,1.1493595621600532,119.12771626563772,1,,,,False,0.07913890629121262,0.500883553488418,False,0.2159900869783987,3.7609315790121514,0.7720239844699903,2.57255322601116,ballistic,39.89355930831623,,0.06552765791104206,71.6136169918796,1.8597653098544682,2.423735633947904,5.978094353735525,9.431879110708293,0.4904883409977967,0.2593856164342687,0.8275968529305759,0.6782332974159804,0.3831932896035668,0.7397637095457432,28.131851118109378,2.868648312454171,0.04575611256273373,qp_ode,0.05,100.0,9.287457038597552e-09,100.00000000000001,188.48033507752348,1.6473172004954484,191.0,5.0,0.999,independent_lognormal,False,0.0,False,0.0,10.954715797204576,0.17037546342369797,False,0.0,fixed_device,0,83.8352488853537,118.05332671712425,167.6704977707074,204.94395774055712,107.50854;83.835249;108.17078;117.03402;89.487233;118.05333;86.697402;85.209342;102.47198;92.587643;100.74184;98.930132;99.136065;93.433459;94.419352;116.50486;105.77879,198.80062;167.6705;194.33474;189.94553;178.97447;197.9976;173.3948;170.41868;204.94396;185.17529;198.89142;197.86026;196.57891;186.86692;188.8387;189.8481;183.62519,4.9457111;5.0272209;5.0049862;5.0861229;5.0349499;4.97517;4.9890876;5.0206058;4.8965438;5.0073491;4.9351045;5.0695225;5.0068295;5.0800369;4.971503;4.9932767;4.9559796,1.9371248072275193e-07,56.623287200927734,9.698447378525543e-09,42980.199123443395,1.0,0.18059958397926482,True,,,1,4279248448165255984,1cebbe2c85286d125a19176074641cec80e768fcc76265a176a2887e861b48e2:1014,123,1442405910357685108,3eabdfa943524b1077c76342cd49dd883c1d02e6abf0a6e9273162f3d53c340b,0.0
1015,0,1.2104996136048545,-3.9935067185215174,outside,circular,1.8012304769540122,1.0587181452489907,3.1892811282051854,1.0,153.69174992836915,1,,,,False,0.2601472977155474,0.41627017572622316,False,0.2158697304961021,1.964496956946763,0.5525279239849824,1.1458768409206739,diffusive,,13.932628266173293,0.09640379066659421,16.415104370102522,1.337454748472036,2.1860360460471884,5.214501742456186,9.146995223010453,0.37488640699544784,0.4934155484766908,0.8947380302853342,0.6371681676545734,0.19741960859702312,0.7096969203253655,34.96581427445986,3.171878517826046,0.021302091596842834,qp_ode,0.05,100.0,1.0940100342179106e-10,100.00000000000001,188.48033507752348,0.8866589592763452,191.0,5.0,0.999,independent_lognormal,False,0.0,False,0.0,74.39549589892154,0.28027514326262776,False,0.0,fixed_device,0,83.8352488853537,118.05332671712425,167.6704977707074,204.94395774055712,107.50854;83.835249;108.17078;117.03402;89.487233;118.05333;86.697402;85.209342;102.47198;92.587643;100.74184;98.930132;99.136065;93.433459;94.419352;116.50486;105.77879,198.80062;167.6705;194.33474;189.94553;178.97447;197.9976;173.3948;170.41868;204.94396;185.17529;198.89142;197.86026;196.57891;186.86692;188.8387;189.8481;183.62519,4.9457111;5.0272209;5.0049862;5.0861229;5.0349499;4.97517;4.9890876;5.0206058;4.8965438;5.0073491;4.9351045;5.0695225;5.0068295;5.0800369;4.971503;4.9932767;4.9559796,1.5517044316126771e-09,83.51665496826172,7.759291820175207e-11,42980.199123443395,1.0,0.19055649970770916,True,,,0,7670681841775924875,1cebbe2c85286d125a19176074641cec80e768fcc76265a176a2887e861b48e2:1015,123,2172989656217938142,3eabdfa943524b1077c76342cd49dd883c1d02e6abf0a6e9273162f3d53c340b,0.0
1016,0,1.8416894027382327,-1.0638923213194373,inside,circular,2.426806344665004,1.507772813921335,9.460211872711772,1.0,27.831467376446657,1,,,,False,0.33066049951195026,0.5423375813620285,False,0.24172864081669812,3.1094566494662517,0.9427424963136184,1.2703239924013543,ballistic,20.76323650590028,,0.030185253729644573,75.37735388072602,0.4484868668293574,2.91445903621394,4.17284114697861,6.676614354519108,0.2622178226090347,0.1758686594709465,0.8331067954796004,0.17743365189136134,0.29676312384588044,1.0047707925393703,20.116512516903278,3.162916909283368,0.008240844085818821,qp_ode,0.05,100.0,1.3339684513642103e-09,100.00000000000001,188.48033507752348,0.6436454422655611,191.0,5.0,0.999,independent_lognormal,False,0.0,False,0.0,15.526088069153348,0.6252745720264766,False,0.0,fixed_device,0,83.8352488853537,118.05332671712425,167.6704977707074,204.94395774055712,107.50854;83.835249;108.17078;117.03402;89.487233;118.05333;86.697402;85.209342;102.47198;92.587643;100.74184;98.930132;99.136065;93.433459;94.419352;116.50486;105.77879,198.80062;167.6705;194.33474;189.94553;178.97447;197.9976;173.3948;170.41868;204.94396;185.17529;198.89142;197.86026;196.57891;186.86692;188.8387;189.8481;183.62519,4.9457111;5.0272209;5.0049862;5.0861229;5.0349499;4.97517;4.9890876;5.0206058;4.8965438;5.0073491;4.9351045;5.0695225;5.0068295;5.0800369;4.971503;4.9932767;4.9559796,2.6919781959122702e-08,77.54814147949219,1.347397637907477e-09,42980.199123443395,1.0,0.18749538391225853,True,,,1,6448750357008891354,1cebbe2c85286d125a19176074641cec80e768fcc76265a176a2887e861b48e2:1016,123,1109154394526125280,3eabdfa943524b1077c76342cd49dd883c1d02e6abf0a6e9273162f3d53c340b,0.0
1017,0,-0.6328203748012884,-3.3624120486914326,outside,circular,1.7464030596722342,1.4474240747858664,4.247540212003395,1.0,80.77546581589932,1,,,,False,0.06841361331011342,0.5358982468958617,False,0.26360391128303745,3.5290678933117174,1.2067521661375578,2.84265485721788,ballistic,39.00007506841345,,0.044913413685670645,14.080718953421236,1.0769235014669016,3.258143399620423,5.9222497295247845,7.694307100000469,0.24201653587984234,0.2802733557439122,0.970794296115774,0.1035253619836495,0.21984309497657634,0.5015862304970526,27.481308353816218,2.849699254827221,0.04748756926744225,qp_ode,0.05,100.0,6.448637813984261e-09,100.00000000000001,188.48033507752348,0.6583331806036501,191.0,5.0,0.999,independent_lognormal,False,0.0,False,0.0,25.783602739804152,0.3963563985938381,False,0.0,fixed_device,0,83.8352488853537,118.05332671712425,167.6704977707074,204.94395774055712,107.50854;83.835249;108.17078;117.03402;89.487233;118.05333;86.697402;85.209342;102.47198;92.587643;100.74184;98.930132;99.136065;93.433459;94.419352;116.50486;105.77879,198.80062;167.6705;194.33474;189.94553;178.97447;197.9976;173.3948;170.41868;204.94396;185.17529;198.89142;197.86026;196.57891;186.86692;188.8387;189.8481;183.62519,4.9457111;5.0272209;5.0049862;5.0861229;5.0349499;4.97517;4.9890876;5.0206058;4.8965438;5.0073491;4.9351045;5.0695225;5.0068295;5.0800369;4.971503;4.9932767;4.9559796,1.7642010163854138e-07,51.19951248168945,8.858920708121332e-09,42980.199123443395,1.0,0.1762376442642757,True,,,1,13376373125205356408,1cebbe2c85286d125a19176074641cec80e768fcc76265a176a2887e861b48e2:1017,123,181897066899682453,3eabdfa943524b1077c76342cd49dd883c1d02e6abf0a6e9273162f3d53c340b,0.0
1018,0,-2.7901950921005385,3.0,edge,circular,2.4357862311298977,1.1983363071429864,8.755206877778853,1.0,42.416871962581816,1,,,,False,0.220451038543152,0.03916892500135827,False,0.35960564214409896,3.317539940109211,1.0394480629416847,1.2337948402640102,diffusive,,7.01799844803618,0.031342628785268625,64.75438737265287,0.6840008133087127,3.0015692210199827,4.701267478459253,8.1729390441564,0.5305541505718145,0.2362511084152426,0.8602969732373985,0.7525524817327076,0.24372753493343846,1.0570110884694328,20.912792405236758,3.147606501408989,0.050827528705961175,qp_ode,0.05,100.0,3.345528271951755e-10,100.00000000000001,188.48033507752348,0.8737477093205719,191.0,5.0,0.999,independent_lognormal,False,0.0,False,0.0,26.35197196504349,0.588720672557514,False,0.0,fixed_device,0,83.8352488853537,118.05332671712425,167.6704977707074,204.94395774055712,107.50854;83.835249;108.17078;117.03402;89.487233;118.05333;86.697402;85.209342;102.47198;92.587643;100.74184;98.930132;99.136065;93.433459;94.419352;116.50486;105.77879,198.80062;167.6705;194.33474;189.94553;178.97447;197.9976;173.3948;170.41868;204.94396;185.17529;198.89142;197.86026;196.57891;186.86692;188.8387;189.8481;183.62519,4.9457111;5.0272209;5.0049862;5.0861229;5.0349499;4.97517;4.9890876;5.0206058;4.8965438;5.0073491;4.9351045;5.0695225;5.0068295;5.0800369;4.971503;4.9932767;4.9559796,5.178056206034398e-09,83.83525085449219,2.5892077371025835e-10,42980.199123443395,1.0,0.19429996072890277,True,,,0,5177758700711404329,1cebbe2c85286d125a19176074641cec80e768fcc76265a176a2887e861b48e2:1018,123,3521563294359986414,3eabdfa943524b1077c76342cd49dd883c1d02e6abf0a6e9273162f3d53c340b,0.0
1019,0,-0.6709008235714089,3.639964819155031,outside,elliptical,2.2479065550787443,1.6708815619376916,8.540715302457887,1.6801614298578862,99.97448968761589,1,,,,False,0.252593204884117,0.020616269417690236,False,0.3354835494714329,1.6593996188211169,1.0273637160706615,1.6072730090554705,diffusive,,13.564499880027439,0.05820925459999683,11.968250430947487,0.7068344834679895,3.780466947639581,4.057429294357654,8.607728974446005,0.30359613185827905,0.2745630233582162,0.9130918887066611,0.16070433621930383,0.45781720992765174,1.1631209417347577,26.408527452128876,3.226605134828992,0.04192294171855753,qp_ode,0.05,100.0,1.867780056492464e-08,100.00000000000001,188.48033507752348,0.2998709197556638,191.0,5.0,0.999,independent_lognormal,False,0.0,False,0.0,7.859981257096131,0.58536881738558,False,0.0,fixed_device,0,83.8352488853537,118.05332671712425,167.6704977707074,204.94395774055712,107.50854;83.835249;108.17078;117.03402;89.487233;118.05333;86.697402;85.209342;102.47198;92.587643;100.74184;98.930132;99.136065;93.433459;94.419352;116.50486;105.77879,198.80062;167.6705;194.33474;189.94553;178.97447;197.9976;173.3948;170.41868;204.94396;185.17529;198.89142;197.86026;196.57891;186.86692;188.8387;189.8481;183.62519,4.9457111;5.0272209;5.0049862;5.0861229;5.0349499;4.97517;4.9890876;5.0206058;4.8965438;5.0073491;4.9351045;5.0695225;5.0068295;5.0800369;4.971503;4.9932767;4.9559796,4.881175641457958e-07,32.95893478393555,2.4432697642851053e-08,42980.199123443395,1.0,0.19755626164453394,True,,,2,12067223125032679884,1cebbe2c85286d125a19176074641cec80e768fcc76265a176a2887e861b48e2:1019,123,5648616957462161049,3eabdfa943524b1077c76342cd49dd883c1d02e6abf0a6e9273162f3d53c340b,0.0
1020,0,0.47386276569696584,-0.36907636260712184,inside,elliptical,1.8635434739117516,1.09963411466913,4.327893724274048,1.3091055183641425,166.50483835945235,1,,,,False,0.19568581921842781,0.81363609984858,False,0.36844354757805664,2.0077885432790272,1.1369387933871722,1.5742429750177322,ballistic,28.97143660681831,,0.09369454890590652,32.351476982485856,0.855484497502863,3.74892785823971,3.888611274055436,7.1864134429761215,0.19137667394391644,0.3047614879523438,0.9755783775580517,0.26663244467070735,0.4095539961500919,0.8962694403708936,32.211002151750876,3.1585646875490077,0.03398439216318505,qp_ode,0.05,100.0,5.937370415213832e-09,100.00000000000001,188.48033507752348,1.8721201350103989,191.0,5.0,0.999,independent_lognormal,False,0.0,False,0.0,4.414863436714109,0.33264398926251915,False,0.0,fixed_device,0,83.8352488853537,118.05332671712425,167.6704977707074,204.94395774055712,107.50854;83.835249;108.17078;117.03402;89.487233;118.05333;86.697402;85.209342;102.47198;92.587643;100.74184;98.930132;99.136065;93.433459;94.419352;116.50486;105.77879,198.80062;167.6705;194.33474;189.94553;178.97447;197.9976;173.3948;170.41868;204.94396;185.17529;198.89142;197.86026;196.57891;186.86692;188.8387;189.8481;183.62519,4.9457111;5.0272209;5.0049862;5.0861229;5.0349499;4.97517;4.9890876;5.0206058;4.8965438;5.0073491;4.9351045;5.0695225;5.0068295;5.0800369;4.971503;4.9932767;4.9559796,1.1563518143020701e-07,61.4114875793457,5.801969127361417e-09,42980.199123443395,1.0,0.19478595004179802,True,,,1,12239530745727107038,1cebbe2c85286d125a19176074641cec80e768fcc76265a176a2887e861b48e2:1020,123,8856551522094094838,3eabdfa943524b1077c76342cd49dd883c1d02e6abf0a6e9273162f3d53c340b,0.0
1021,0,2.493498226026155,-3.0,edge,circular,2.15487797955426,0.9059916453479882,9.985696415062112,1.0,17.19862046615873,1,,,,False,0.34480070338547564,0.1828422470627321,False,0.11711301518212713,2.132474208749119,0.7256560516611679,2.897911210549559,diffusive,,11.34858629131649,0.09436352685872294,31.642325686191775,0.4138197740616134,2.3971438319557175,3.781700022659619,6.941963721938134,0.570297653469055,0.11010602888732005,0.8086176401562098,0.4511762059266324,0.40677455788755046,0.7483757045669024,21.52730574257068,2.97371200790942,0.06280779365087588,qp_ode,0.05,100.0,1.0999483684475374e-09,100.00000000000001,188.48033507752348,1.5631274821036536,191.0,5.0,0.999,independent_lognormal,False,0.0,False,0.0,40.424663650384595,0.4990137906426815,False,0.0,fixed_device,0,83.8352488853537,118.05332671712425,167.6704977707074,204.94395774055712,107.50854;83.835249;108.17078;117.03402;89.487233;118.05333;86.697402;85.209342;102.47198;92.587643;100.74184;98.930132;99.136065;93.433459;94.419352;116.50486;105.77879,198.80062;167.6705;194.33474;189.94553;178.97447;197.9976;173.3948;170.41868;204.94396;185.17529;198.89142;197.86026;196.57891;186.86692;188.8387;189.8481;183.62519,4.9457111;5.0272209;5.0049862;5.0861229;5.0349499;4.97517;4.9890876;5.0206058;4.8965438;5.0073491;4.9351045;5.0695225;5.0068295;5.0800369;4.971503;4.9932767;4.9559796,1.720000852856174e-08,81.4149169921875,8.60406690339488e-10,42980.199123443395,1.0,0.18591491452432837,True,,,1,2771057601768860432,1cebbe2c85286d125a19176074641cec80e768fcc76265a176a2887e861b48e2:1021,123,8409797752304192581,3eabdfa943524b1077c76342cd49dd883c1d02e6abf0a6e9273162f3d53c340b,0.0
1022,0,1.438095566188375,3.3964369569169612,outside,circular,2.4161055606385786,1.0405252686618465,9.273886947952235,1.0,37.55226086408392,1,,,,False,0.3304338405663102,0.9606350249270547,False,0.3512896879825551,3.47264472448372,0.5335294079103992,1.7192147100965247,ballistic,37.18333938151709,,0.04720762936383929,63.47203972212034,0.6240745524218048,2.8559730784583555,3.677789578102172,6.839271160294621,0.2854487772690612,0.24391737769449479,0.8206313649586787,0.3839920542164036,0.41342936784433704,0.6837723874760689,24.486892650412532,3.0462740061432623,0.0704205374902575,qp_ode,0.05,100.0,9.258098219312791e-08,100.00000000000001,188.48033507752348,1.7128886762549984,191.0,5.0,0.999,independent_lognormal,False,0.0,False,0.0,7.615056070343489,0.07146063507808968,False,0.0,fixed_device,0,83.8352488853537,118.05332671712425,167.6704977707074,204.94395774055712,107.50854;83.835249;108.17078;117.03402;89.487233;118.05333;86.697402;85.209342;102.47198;92.587643;100.74184;98.930132;99.136065;93.433459;94.419352;116.50486;105.77879,198.80062;167.6705;194.33474;189.94553;178.97447;197.9976;173.3948;170.41868;204.94396;185.17529;198.89142;197.86026;196.57891;186.86692;188.8387;189.8481;183.62519,4.9457111;5.0272209;5.0049862;5.0861229;5.0349499;4.97517;4.9890876;5.0206058;4.8965438;5.0073491;4.9351045;5.0695225;5.0068295;5.0800369;4.971503;4.9932767;4.9559796,2.2784454358770745e-06,9.350083351135254,1.1484417683504944e-07,42980.199123443395,1.0,0.21983108608757612,True,,,2,1357285591345503676,1cebbe2c85286d125a19176074641cec80e768fcc76265a176a2887e861b48e2:1022,123,1460434716483618471,3eabdfa943524b1077c76342cd49dd883c1d02e6abf0a6e9273162f3d53c340b,0.27883731617647056
1023,0,3.8722123444432563,2.9165207011164647,outside,circular,2.217815920657966,0.9027073963252201,4.503810396241104,1.0,69.35290095421026,1,,,,False,0.34418445369810347,0.6512544418550491,False,0.29581327310505334,3.839156688533179,0.5634171103835756,1.666908762544742,diffusive,,17.886859649644073,0.0738801268541877,73.67359296004979,0.5491156860898108,3.5387651770857684,5.532525063760032,5.840661707080469,0.2583438379888562,0.1793793325453336,0.8320667999458883,0.08243690982824381,0.4735932466816867,0.9794445468129065,32.11941513985607,3.1796123707251285,0.06436762173277946,qp_ode,0.05,100.0,2.834062829101095e-09,100.00000000000001,188.48033507752348,1.1162236844353313,191.0,5.0,0.999,independent_lognormal,False,0.0,False,0.0,3.403356411530849,0.30657146951822106,False,0.0,fixed_device,0,83.8352488853537,118.05332671712425,167.6704977707074,204.94395774055712,107.50854;83.835249;108.17078;117.03402;89.487233;118.05333;86.697402;85.209342;102.47198;92.587643;100.74184;98.930132;99.136065;93.433459;94.419352;116.50486;105.77879,198.80062;167.6705;194.33474;189.94553;178.97447;197.9976;173.3948;170.41868;204.94396;185.17529;198.89142;197.86026;196.57891;186.86692;188.8387;189.8481;183.62519,4.9457111;5.0272209;5.0049862;5.0861229;5.0349499;4.97517;4.9890876;5.0206058;4.8965438;5.0073491;4.9351045;5.0695225;5.0068295;5.0800369;4.971503;4.9932767;4.9559796,5.439459016542969e-08,80.23696899414062,2.7319322359886655e-09,42980.199123443395,1.0,0.1990891779363969,True,,,1,13072885278620474306,1cebbe2c85286d125a19176074641cec80e768fcc76265a176a2887e861b48e2:1023,123,1137808677266264295,3eabdfa943524b1077c76342cd49dd883c1d02e6abf0a6e9273162f3d53c340b,0.0
1024,0,-3.0,2.538605305763384,edge,elliptical,2.062191841811331,1.3340942061803251,5.900022448767391,1.0168178059655637,86.75096637939116,1,,,,False,0.37551587368199096,0.38015585489512627,False,0.15723320902220012,3.4235451731685735,0.9151531168680946,2.621306244387201,ballistic,15.03961108039262,,0.11498316238483422,78.96998157432334,0.7526743326880789,2.8006436609880225,6.281901738363997,9.253383836785922,0.5248925665885006,0.22654924357271167,0.8539144895332458,0.23793225930245435,0.22821356716644348,0.5241673315261581,26.709600588147946,2.9325214571250835,0.06433686657934941,qp_ode,0.05,100.0,2.4794423983168985e-07,100.00000000000001,188.48033507752348,0.5279328671430129,191.0,5.0,0.999,independent_lognormal,False,0.0,False,0.0,8.218491321943684,0.3528943504440575,False,0.0,fixed_device,0,83.8352488853537,118.05332671712425,167.6704977707074,204.94395774055712,107.50854;83.835249;108.17078;117.03402;89.487233;118.05333;86.697402;85.209342;102.47198;92.587643;100.74184;98.930132;99.136065;93.433459;94.419352;116.50486;105.77879,198.80062;167.6705;194.33474;189.94553;178.97447;197.9976;173.3948;170.41868;204.94396;185.17529;198.89142;197.86026;196.57891;186.86692;188.8387;189.8481;183.62519,4.9457111;5.0272209;5.0049862;5.0861229;5.0349499;4.97517;4.9890876;5.0206058;4.8965438;5.0073491;4.9351045;5.0695225;5.0068295;5.0800369;4.971503;4.9932767;4.9559796,3.9312999433605e-06,5.547881603240967,1.9814211782431812e-07,42980.199123443395,1.0,0.21144796430544566,True,,,2,7812357317945716070,1cebbe2c85286d125a19176074641cec80e768fcc76265a176a2887e861b48e2:1024,123,3378924449791514721,3eabdfa943524b1077c76342cd49dd883c1d02e6abf0a6e9273162f3d53c340b,0.6769014246323529
1025,0,-0.3223810858848486,3.956898054183661,outside,elliptical,2.3969789574192437,0.9531950948923287,5.531643450852334,2.0720909255284687,105.95376348953644,1,,,,False,0.11298928241181254,0.37012537874547413,False,0.38981417714151434,3.248168576786097,0.7722801235200754,1.0924251861711145,diffusive,,16.334262478040692,0.020875444591530828,47.287947649168764,1.7102626686722888,2.6657760754960074,6.4124172094444924,8.936841846519181,0.25379336355459825,0.43268420975891086,0.8130512808855739,0.5934330696752422,0.0989128461042221,0.929740979412228,20.01041206109925,2.8700072664706107,0.061270247654661894,qp_ode,0.05,100.0,2.255461620983162e-09,100.00000000000001,188.48033507752348,1.5790219680182458,191.0,5.0,0.999,independent_lognormal,False,0.0,False,0.0,60.13583638516788,0.15919186737873461,False,0.0,fixed_device,0,83.8352488853537,118.05332671712425,167.6704977707074,204.94395774055712,107.50854;83.835249;108.17078;117.03402;89.487233;118.05333;86.697402;85.209342;102.47198;92.587643;100.74184;98.930132;99.136065;93.433459;94.419352;116.50486;105.77879,198.80062;167.6705;194.33474;189.94553;178.97447;197.9976;173.3948;170.41868;204.94396;185.17529;198.89142;197.86026;196.57891;186.86692;188.8387;189.8481;183.62519,4.9457111;5.0272209;5.0049862;5.0861229;5.0349499;4.97517;4.9890876;5.0206058;4.8965438;5.0073491;4.9351045;5.0695225;5.0068295;5.0800369;4.971503;4.9932767;4.9559796,4.975213485636232e-08,72.3792953491211,2.48786435896875e-09,42980.199123443395,1.0,0.17949891906401846,True,,,1,12830298750085040208,1cebbe2c85286d125a19176074641cec80e768fcc76265a176a2887e861b48e2:1025,123,1292744770788880677,3eabdfa943524b1077c76342cd49dd883c1d02e6abf0a6e9273162f3d53c340b,0.0
1026,0,2.8677707993221375,-1.9204435067490537,inside,circular,2.1427432290964328,1.1764834802257538,7.9878114777496245,1.0,57.204641978286446,1,,,,False,0.3108208885713184,0.8648413229405945,False,0.23820412914775177,2.0255190353744847,0.5650699035611182,2.6881290627352623,diffusive,,7.395254705748102,0.026069859766811514,77.24652631611261,1.5008465050827318,2.1313276356847046,6.083897500840091,6.878985074987787,0.5673512876911136,0.16525477461682203,0.8655053713163703,0.6028882760642511,0.3448991364140894,0.7802113061411597,24.377689300579128,2.847084010872486,0.06080039853939136,qp_ode,0.05,100.0,2.361614238336458e-10,100.00000000000001,188.48033507752348,0.6529734188500294,191.0,5.0,0.999,independent_lognormal,False,0.0,False,0.0,20.407670101213174,0.23720728072136466,False,0.0,fixed_device,0,83.8352488853537,118.05332671712425,167.6704977707074,204.94395774055712,107.50854;83.835249;108.17078;117.03402;89.487233;118.05333;86.697402;85.209342;102.47198;92.587643;100.74184;98.930132;99.136065;93.433459;94.419352;116.50486;105.77879,198.80062;167.6705;194.33474;189.94553;178.97447;197.9976;173.3948;170.41868;204.94396;185.17529;198.89142;197.86026;196.57891;186.86692;188.8387;189.8481;183.62519,4.9457111;5.0272209;5.0049862;5.0861229;5.0349499;4.97517;4.9890876;5.0206058;4.8965438;5.0073491;4.9351045;5.0695225;5.0068295;5.0800369;4.971503;4.9932767;4.9559796,6.170741695399329e-09,83.78916931152344,3.088439226583972e-10,42980.199123443395,1.0,0.1776700989255456,True,,,0,10991681472787241223,1cebbe2c85286d125a19176074641cec80e768fcc76265a176a2887e861b48e2:1026,123,677487925830729688,3eabdfa943524b1077c76342cd49dd883c1d02e6abf0a6e9273162f3d53c340b,0.0
1027,0,-2.723462743969517,3.0,edge,circular,2.402782418915977,0.9053534385154397,6.599223883033086,1.0,128.97908419506592,1,,,,False,0.14319849601705956,0.21423359796372443,False,0.31770824350714744,3.0879342982462683,0.9881771106894464,1.0793587430023317,diffusive,,9.082654251587455,0.06293883593136312,15.776969729216823,1.8342454180310228,2.0088842326759626,4.607616169103775,7.703000711649713,0.31153135260416565,0.3783324080422368,0.8513468320109332,0.2709574320094074,0.23027688874563335,0.760546511019978,29.225799267611574,2.909294764781986,0.035589160794649494,qp_ode,0.05,100.0,1.6812473626897932e-08,100.00000000000001,188.48033507752348,1.736634387119302,191.0,5.0,0.999,independent_lognormal,False,0.0,False,0.0,30.528080662748373,0.4281053786542701,False,0.0,fixed_device,0,83.8352488853537,118.05332671712425,167.6704977707074,204.94395774055712,107.50854;83.835249;108.17078;117.03402;89.487233;118.05333;86.697402;85.209342;102.47198;92.587643;100.74184;98.930132;99.136065;93.433459;94.419352;116.50486;105.77879,198.80062;167.6705;194.33474;189.94553;178.97447;197.9976;173.3948;170.41868;204.94396;185.17529;198.89142;197.86026;196.57891;186.86692;188.8387;189.8481;183.62519,4.9457111;5.0272209;5.0049862;5.0861229;5.0349499;4.97517;4.9890876;5.0206058;4.8965438;5.0073491;4.9351045;5.0695225;5.0068295;5.0800369;4.971503;4.9932767;4.9559796,2.109181309606356e-07,51.98486328125,1.0562404284542026e-08,42980.199123443395,1.0,0.17728639549536343,True,,,2,4187889285620820954,1cebbe2c85286d125a19176074641cec80e768fcc76265a176a2887e861b48e2:1027,123,4776961011830334137,3eabdfa943524b1077c76342cd49dd883c1d02e6abf0a6e9273162f3d53c340b,0.0
1028,0,1.9445471197233655,1.7663493514468875,inside,circular,2.434640858193573,1.2043876428512041,5.129583003058975,1.0,164.70111386504206,1,,,,False,0.39951025056899314,0.9571998939123822,False,0.2682544076984441,2.7480450558834377,0.9655233667142227,1.774258175689895,diffusive,,19.566264298526193,0.10370955942446,0.22671480494328655,0.4380353577326204,3.666654042156993,6.484011840638196,8.632618571793438,0.26946927388172653,0.3976577303855596,0.8107605701171714,0.7382398457635047,0.24875687978914662,0.8236933449103337,32.37672976371685,3.316900081862838,0.06679139037053827,qp_ode,0.05,100.0,1.4708113809165875e-07,100.00000000000001,188.48033507752348,0.48429844372999953,191.0,5.0,0.999,independent_lognormal,False,0.0,False,0.0,41.20305452353492,0.21747732174742662,False,0.0,fixed_device,0,83.8352488853537,118.05332671712425,167.6704977707074,204.94395774055712,107.50854;83.835249;108.17078;117.03402;89.487233;118.05333;86.697402;85.209342;102.47198;92.587643;100.74184;98.930132;99.136065;93.433459;94.419352;116.50486;105.77879,198.80062;167.6705;194.33474;189.94553;178.97447;197.9976;173.3948;170.41868;204.94396;185.17529;198.89142;197.86026;196.57891;186.86692;188.8387;189.8481;183.62519,4.9457111;5.0272209;5.0049862;5.0861229;5.0349499;4.97517;4.9890876;5.0206058;4.8965438;5.0073491;4.9351045;5.0695225;5.0068295;5.0800369;4.971503;4.9932767;4.9559796,3.932927029381972e-06,5.625941276550293,1.982899959784845e-07,42980.199123443395,1.0,0.22601843379476724,True,,,2,866982561786493198,1cebbe2c85286d125a19176074641cec80e768fcc76265a176a2887e861b48e2:1028,123,658403011630750909,3eabdfa943524b1077c76342cd49dd883c1d02e6abf0a6e9273162f3d53c340b,0.5961626838235294
1029,0,3.938500586366323,0.16339900515048988,outside,elliptical,2.2746111628366212,1.4949433254101108,2.5529467851481256,1.2792945434825251,160.0866101126991,1,,,,False,0.1083608650643971,0.8844242800926302,False,0.38122997866932695,2.5173536874829563,1.1067838780058916,2.257436692571659,diffusive,,12.955879217692274,0.03212510952454004,47.19257021392004,1.8404226616903738,3.1152873550674975,4.7039286833378835,8.716430164374232,0.373898446449637,0.43069764185981063,0.935303834991851,0.6515489183947506,0.4856554905571822,0.9265923354374332,26.884306537369994,3.0121771899787486,0.011965976577313287,qp_ode,0.05,100.0,3.5891117999405194e-10,100.00000000000001,188.48033507752348,0.4883265972358682,191.0,5.0,0.999,independent_lognormal,False,0.0,False,0.0,7.5183577835402255,0.5898764161127836,False,0.0,fixed_device,0,83.8352488853537,118.05332671712425,167.6704977707074,204.94395774055712,107.50854;83.835249;108.17078;117.03402;89.487233;118.05333;86.697402;85.209342;102.47198;92.587643;100.74184;98.930132;99.136065;93.433459;94.419352;116.50486;105.77879,198.80062;167.6705;194.33474;189.94553;178.97447;197.9976;173.3948;170.41868;204.94396;185.17529;198.89142;197.86026;196.57891;186.86692;188.8387;189.8481;183.62519,4.9457111;5.0272209;5.0049862;5.0861229;5.0349499;4.97517;4.9890876;5.0206058;4.8965438;5.0073491;4.9351045;5.0695225;5.0068295;5.0800369;4.971503;4.9932767;4.9559796,9.445789928008708e-09,83.83525085449219,4.723744728707402e-10,42980.199123443395,1.0,0.17924757416919218,True,,,0,115235747080843971,1cebbe2c85286d125a19176074641cec80e768fcc76265a176a2887e861b48e2:1029,123,4212315107626430223,3eabdfa943524b1077c76342cd49dd883c1d02e6abf0a6e9273162f3d53c340b,0.0
1030,0,1.442469513018354,-2.8630999532664756,inside,circular,1.7398091119471042,1.5819977964662848,3.0202984456353397,1.0,84.49274686596334,1,,,,False,0.38480814659533524,0.7356752952897916,False,0.27097089249902506,2.7524298148105966,0.7421934341914977,2.7310363966366467,ballistic,34.947681062854556,,0.077769742192883,62.18582796012182,1.0906420953610558,2.954568661548822,5.390554099370209,6.687491982870148,0.45132972336876154,0.37988728328352406,0.8601094203954512,0.58717135169354,0.23126303169012968,1.1029671637000917,29.516350747022077,3.2192662076820477,0.06071643901066498,qp_ode,0.05,100.0,1.2922333428678986e-08,100.00000000000001,188.48033507752348,0.9052114150846975,191.0,5.0,0.999,independent_lognormal,False,0.0,False,0.0,6.902716252911408,0.058257007125029174,False,0.0,fixed_device,0,83.8352488853537,118.05332671712425,167.6704977707074,204.94395774055712,107.50854;83.835249;108.17078;117.03402;89.487233;118.05333;86.697402;85.209342;102.47198;92.587643;100.74184;98.930132;99.136065;93.433459;94.419352;116.50486;105.77879,198.80062;167.6705;194.33474;189.94553;178.97447;197.9976;173.3948;170.41868;204.94396;185.17529;198.89142;197.86026;196.57891;186.86692;188.8387;189.8481;183.62519,4.9457111;5.0272209;5.0049862;5.0861229;5.0349499;4.97517;4.9890876;5.0206058;4.8965438;5.0073491;4.9351045;5.0695225;5.0068295;5.0800369;4.971503;4.9932767;4.9559796,2.1997237809046055e-07,48.20107650756836,1.1013558953720803e-08,42980.199123443395,1.0,0.20404817455815358,True,,,2,8822819020304546568,1cebbe2c85286d125a19176074641cec80e768fcc76265a176a2887e861b48e2:1030,123,8238182584951550269,3eabdfa943524b1077c76342cd49dd883c1d02e6abf0a6e9273162f3d53c340b,0.0
1031,0,-0.7625779073569658,-3.504242732522145,outside,circular,2.1972903088959446,1.181180847936688,5.694354309633346,1.0,72.29781713613703,1,,,,False,0.13218932193211588,0.35577398727824705,False,0.18421191102605455,2.827487667799793,0.60578953336114,1.044575573513294,ballistic,25.36890531779338,,0.08382055418688968,78.95675106800267,1.0269204284372728,2.793368729556825,4.18701977791116,7.813918297048552,0.30943598829440655,0.32129804655138555,0.9024897897376939,0.18048654676813147,0.14002959396808118,1.0837426941413308,34.960431256396994,2.8482351356949835,0.026748818929145796,qp_ode,0.05,100.0,1.3369840558332104e-10,100.00000000000001,188.48033507752348,1.8751727887114353,191.0,5.0,0.999,independent_lognormal,False,0.0,False,0.0,7.73202070636482,0.3407296888867166,False,0.0,fixed_device,0,83.8352488853537,118.05332671712425,167.6704977707074,204.94395774055712,107.50854;83.835249;108.17078;117.03402;89.487233;118.05333;86.697402;85.209342;102.47198;92.587643;100.74184;98.930132;99.136065;93.433459;94.419352;116.50486;105.77879,198.80062;167.6705;194.33474;189.94553;178.97447;197.9976;173.3948;170.41868;204.94396;185.17529;198.89142;197.86026;196.57891;186.86692;188.8387;189.8481;183.62519,4.9457111;5.0272209;5.0049862;5.0861229;5.0349499;4.97517;4.9890876;5.0206058;4.8965438;5.0073491;4.9351045;5.0695225;5.0068295;5.0800369;4.971503;4.9932767;4.9559796,2.81228818010959e-09,82.99195861816406,1.4061610209559205e-10,42980.199123443395,1.0,0.17204782495453097,True,,,0,14906025245597037004,1cebbe2c85286d125a19176074641cec80e768fcc76265a176a2887e861b48e2:1031,123,8030953228367696207,3eabdfa943524b1077c76342cd49dd883c1d02e6abf0a6e9273162f3d53c340b,0.0
1032,0,-0.9907266969795794,1.2858800246599786,inside,elliptical,1.9743231851477216,1.3668150135808426,8.046419013405776,1.8804568454086248,111.41761633701043,1,,,,False,0.38232115187422877,0.6930025516438097,False,0.24532502551749683,3.6753530344801195,1.211711875527191,2.723940117289979,diffusive,,16.91591266209594,0.041181804257021754,4.027466555149557,1.1236534685987467,2.525689501189208,6.349842382907642,9.680153217708519,0.5413707975290531,0.1786713013549294,0.8711908024151668,0.4353499003210476,0.1362710871133477,0.7092811807530135,30.872912592933723,3.05259109972278,0.03161676295662813,qp_ode,0.05,100.0,9.368050556707913e-08,100.00000000000001,188.48033507752348,1.2994059313393476,191.0,5.0,0.999,independent_lognormal,False,0.0,False,0.0,9.633036521032974,0.35139167165663376,False,0.0,fixed_device,0,83.8352488853537,118.05332671712425,167.6704977707074,204.94395774055712,107.50854;83.835249;108.17078;117.03402;89.487233;118.05333;86.697402;85.209342;102.47198;92.587643;100.74184;98.930132;99.136065;93.433459;94.419352;116.50486;105.77879,198.80062;167.6705;194.33474;189.94553;178.97447;197.9976;173.3948;170.41868;204.94396;185.17529;198.89142;197.86026;196.57891;186.86692;188.8387;189.8481;183.62519,4.9457111;5.0272209;5.0049862;5.0861229;5.0349499;4.97517;4.9890876;5.0206058;4.8965438;5.0073491;4.9351045;5.0695225;5.0068295;5.0800369;4.971503;4.9932767;4.9559796,2.143822257494321e-06,9.609052658081055,1.0769522162945577e-07,42980.199123443395,1.0,0.23192774402304955,True,,,2,10931282058618891802,1cebbe2c85286d125a19176074641cec80e768fcc76265a176a2887e861b48e2:1032,123,8294403861376380449,3eabdfa943524b1077c76342cd49dd883c1d02e6abf0a6e9273162f3d53c340b,0.5446346507352942
1033,0,3.0,2.527073350804307,edge,elliptical,2.1678254703488986,1.4177739971629821,2.889008486373956,2.2942417054172815,13.85506325194636,1,,,,False,0.2041076000832826,0.04798942353802704,False,0.13440862633351972,3.2304522087376117,0.810823307942178,1.538400604668753,diffusive,,17.161325108634134,0.031381016414206014,41.81957017441252,1.1527739813636964,2.944327515063385,3.8587941790046427,5.1374384821055346,0.5098350859582654,0.2523683599669986,0.8038089524641444,0.3466712942480264,0.08435525853814148,0.9199770761902294,31.17974783529601,3.0406649971076405,0.0267633080064435,qp_ode,0.05,100.0,1.5320893264592066e-10,100.00000000000001,188.48033507752348,1.0445225708047459,191.0,5.0,0.999,independent_lognormal,False,0.0,False,0.0,10.364327499846413,0.2186738233600134,False,0.0,fixed_device,0,83.8352488853537,118.05332671712425,167.6704977707074,204.94395774055712,107.50854;83.835249;108.17078;117.03402;89.487233;118.05333;86.697402;85.209342;102.47198;92.587643;100.74184;98.930132;99.136065;93.433459;94.419352;116.50486;105.77879,198.80062;167.6705;194.33474;189.94553;178.97447;197.9976;173.3948;170.41868;204.94396;185.17529;198.89142;197.86026;196.57891;186.86692;188.8387;189.8481;183.62519,4.9457111;5.0272209;5.0049862;5.0861229;5.0349499;4.97517;4.9890876;5.0206058;4.8965438;5.0073491;4.9351045;5.0695225;5.0068295;5.0800369;4.971503;4.9932767;4.9559796,3.10108139167653e-09,83.83525085449219,1.556157008808512e-10,42980.199123443395,1.0,0.18366272465237454,True,,,0,13405121047531681949,1cebbe2c85286d125a19176074641cec80e768fcc76265a176a2887e861b48e2:1033,123,4641476717827231279,3eabdfa943524b1077c76342cd49dd883c1d02e6abf0a6e9273162f3d53c340b,0.0
1034,0,-0.5330319796251963,1.7497826240745766,inside,circular,2.413549168118394,1.615033276549807,9.201942791020151,1.0,151.88211248238355,1,,,,False,0.3778927552651955,0.30375965580860353,False,0.11516251985946749,2.2522197506012,0.9428189016126509,2.1247829333680555,ballistic,29.679128593729743,,0.06327774100085919,72.54727291922224,1.17504718818436,2.6827232201751743,5.785308971685266,5.115236130492358,0.3962947617958311,0.34017755616211376,0.906990609624352,0.4050217008041774,0.4978646598592586,0.6225497768521754,21.101144402905987,2.962825869119735,0.045221448003006696,qp_ode,0.05,100.0,3.9547170653562154e-10,100.00000000000001,188.48033507752348,0.36843491772507686,191.0,5.0,0.999,independent_lognormal,False,0.0,False,0.0,88.64099664756066,0.46954116132308577,False,0.0,fixed_device,0,83.8352488853537,118.05332671712425,167.6704977707074,204.94395774055712,107.50854;83.835249;108.17078;117.03402;89.487233;118.05333;86.697402;85.209342;102.47198;92.587643;100.74184;98.930132;99.136065;93.433459;94.419352;116.50486;105.77879,198.80062;167.6705;194.33474;189.94553;178.97447;197.9976;173.3948;170.41868;204.94396;185.17529;198.89142;197.86026;196.57891;186.86692;188.8387;189.8481;183.62519,4.9457111;5.0272209;5.0049862;5.0861229;5.0349499;4.97517;4.9890876;5.0206058;4.8965438;5.0073491;4.9351045;5.0695225;5.0068295;5.0800369;4.971503;4.9932767;4.9559796,9.987696003577184e-09,82.96656799316406,4.99510710572082e-10,42980.199123443395,1.0,0.18217170970120117,True,,,0,8114263374480873440,1cebbe2c85286d125a19176074641cec80e768fcc76265a176a2887e861b48e2:1034,123,3084232111234722506,3eabdfa943524b1077c76342cd49dd883c1d02e6abf0a6e9273162f3d53c340b,0.0
1035,0,-0.7000729030145418,3.0,edge,circular,2.4703644228801456,1.2205913887270596,5.767364638475731,1.0,89.20030726708126,1,,,,False,0.3113019917483706,0.31766652817390795,False,0.32455527193829986,3.363002287771911,0.614388023773335,2.640244583285093,ballistic,19.429129612671026,,0.09733827600088361,29.535710752705235,1.1070328574577828,2.9439339594542266,5.593785015306909,7.9870646257977995,0.3401818438953661,0.4084749621288494,0.894073088767222,0.2283945890367657,0.33226141006213816,0.541745754707266,28.787682286952464,2.933199273495736,0.068914358014649,qp_ode,0.05,100.0,7.769044433422242e-10,100.00000000000001,188.48033507752348,1.2826523812386308,191.0,5.0,0.999,independent_lognormal,False,0.0,False,0.0,23.643851502018734,0.48372240562209284,False,0.0,fixed_device,0,83.8352488853537,118.05332671712425,167.6704977707074,204.94395774055712,107.50854;83.835249;108.17078;117.03402;89.487233;118.05333;86.697402;85.209342;102.47198;92.587643;100.74184;98.930132;99.136065;93.433459;94.419352;116.50486;105.77879,198.80062;167.6705;194.33474;189.94553;178.97447;197.9976;173.3948;170.41868;204.94396;185.17529;198.89142;197.86026;196.57891;186.86692;188.8387;189.8481;183.62519,4.9457111;5.0272209;5.0049862;5.0861229;5.0349499;4.97517;4.9890876;5.0206058;4.8965438;5.0073491;4.9351045;5.0695225;5.0068295;5.0800369;4.971503;4.9932767;4.9559796,1.791169879084009e-08,82.70130920410156,8.983911392590471e-10,42980.199123443395,1.0,0.18444688532008346,True,,,0,12569523013057757344,1cebbe2c85286d125a19176074641cec80e768fcc76265a176a2887e861b48e2:1035,123,3415058070827496000,3eabdfa943524b1077c76342cd49dd883c1d02e6abf0a6e9273162f3d53c340b,0.0
1036,0,3.0,-2.265320339376535,edge,elliptical,2.224887556295411,1.0517831508301814,6.90049012804445,1.4325899856536128,160.37477519277115,1,,,,False,0.13549684213861068,0.06628753565286394,False,0.1723739106466596,1.9347852705189246,1.1827693472199468,2.555063279049131,diffusive,,16.252858529245295,0.10271733664040371,14.553484089870254,1.3234455897775583,2.2164952584872832,5.231114952324326,6.7112979685840815,0.428371650165946,0.38342347857887626,0.8844320775792354,0.5590017163085148,0.3434986142957488,0.9619856268839766,26.925973184097437,3.038530441396425,0.016671536085771647,qp_ode,0.05,100.0,3.6036161517637956e-09,100.00000000000001,188.48033507752348,0.24823053204255105,191.0,5.0,0.999,independent_lognormal,False,0.0,False,0.0,5.112020110482422,0.4344426329069613,False,0.0,fixed_device,0,83.8352488853537,118.05332671712425,167.6704977707074,204.94395774055712,107.50854;83.835249;108.17078;117.03402;89.487233;118.05333;86.697402;85.209342;102.47198;92.587643;100.74184;98.930132;99.136065;93.433459;94.419352;116.50486;105.77879,198.80062;167.6705;194.33474;189.94553;178.97447;197.9976;173.3948;170.41868;204.94396;185.17529;198.89142;197.86026;196.57891;186.86692;188.8387;189.8481;183.62519,4.9457111;5.0272209;5.0049862;5.0861229;5.0349499;4.97517;4.9890876;5.0206058;4.8965438;5.0073491;4.9351045;5.0695225;5.0068295;5.0800369;4.971503;4.9932767;4.9559796,1.2884427746939764e-07,61.190269470214844,6.451585488065348e-09,42980.199123443395,1.0,0.1817495493572051,True,,,1,9224307579787126336,1cebbe2c85286d125a19176074641cec80e768fcc76265a176a2887e861b48e2:1036,123,4284717643836383771,3eabdfa943524b1077c76342cd49dd883c1d02e6abf0a6e9273162f3d53c340b,0.0
1037,0,-3.832841240653293,-2.658044473763484,outside,elliptical,1.7075912033659193,0.9551037393324688,7.8505310393095336,1.6045152955425408,70.26579738313305,1,,,,False,0.2796540225615746,0.7698992044684545,False,0.14466298218935136,3.8663583377487454,1.0048626268903103,1.4232940849914992,ballistic,36.62152531897918,,0.050588513074111954,21.879839097867865,1.833471127809339,2.8199973919899546,4.780748182818165,8.264013222125858,0.288886267435691,0.4514574162850312,0.8440794231414418,0.028393136797847343,0.33105118393347605,0.6798093505339006,29.625213472469497,3.369617273695991,0.05633335459653026,qp_ode,0.05,100.0,7.571992368557729e-09,100.00000000000001,188.48033507752348,0.5527208155816037,191.0,5.0,0.999,independent_lognormal,False,0.0,False,0.0,24.106769442160047,0.6439227049628901,False,0.0,fixed_device,0,83.8352488853537,118.05332671712425,167.6704977707074,204.94395774055712,107.50854;83.835249;108.17078;117.03402;89.487233;118.05333;86.697402;85.209342;102.47198;92.587643;100.74184;98.930132;99.136065;93.433459;94.419352;116.50486;105.77879,198.80062;167.6705;194.33474;189.94553;178.97447;197.9976;173.3948;170.41868;204.94396;185.17529;198.89142;197.86026;196.57891;186.86692;188.8387;189.8481;183.62519,4.9457111;5.0272209;5.0049862;5.0861229;5.0349499;4.97517;4.9890876;5.0206058;4.8965438;5.0073491;4.9351045;5.0695225;5.0068295;5.0800369;4.971503;4.9932767;4.9559796,8.038662002718411e-08,69.96035766601562,4.020165089713146e-09,42980.199123443395,1.0,0.20848406072851955,True,,,1,15924792279083676251,1cebbe2c85286d125a19176074641cec80e768fcc76265a176a2887e861b48e2:1037,123,3577570457324779756,3eabdfa943524b1077c76342cd49dd883c1d02e6abf0a6e9273162f3d53c340b,0.0
1038,0,3.0,-1.9787231672444061,edge,circular,1.7886049168298077,1.67497496104698,9.019122835475933,1.0,99.31433407341169,1,,,,False,0.15160304580162817,0.5720536468858634,False,0.22949292085044606,3.46520669238501,0.6968974475663232,1.675575962797203,ballistic,19.942232788558762,,0.03586429511501054,77.63436376325157,0.7663583970268194,2.3665636956597833,5.1557247342119465,9.220371819643407,0.26705715981097977,0.2939917579720524,0.9066321822791741,0.23023486102139146,0.251798905006931,0.876758209186048,21.0714053563367,2.868400596236395,0.008142874792127169,qp_ode,0.05,100.0,2.973740339681116e-09,100.00000000000001,188.48033507752348,1.1222093660173376,191.0,5.0,0.999,independent_lognormal,False,0.0,False,0.0,27.39974383882866,0.40985807457528234,False,0.0,fixed_device,0,83.8352488853537,118.05332671712425,167.6704977707074,204.94395774055712,107.50854;83.835249;108.17078;117.03402;89.487233;118.05333;86.697402;85.209342;102.47198;92.587643;100.74184;98.930132;99.136065;93.433459;94.419352;116.50486;105.77879,198.80062;167.6705;194.33474;189.94553;178.97447;197.9976;173.3948;170.41868;204.94396;185.17529;198.89142;197.86026;196.57891;186.86692;188.8387;189.8481;183.62519,4.9457111;5.0272209;5.0049862;5.0861229;5.0349499;4.97517;4.9890876;5.0206058;4.8965438;5.0073491;4.9351045;5.0695225;5.0068295;5.0800369;4.971503;4.9932767;4.9559796,8.362530223848808e-08,67.39899444580078,4.183029922444348e-09,42980.199123443395,1.0,0.17073269219571505,True,,,1,5498507307133673869,1cebbe2c85286d125a19176074641cec80e768fcc76265a176a2887e861b48e2:1038,123,2596872098183104852,3eabdfa943524b1077c76342cd49dd883c1d02e6abf0a6e9273162f3d53c340b,0.0
1039,0,-1.4238390797246587,-0.41986454935747375,inside,elliptical,2.3599393497361154,1.084528039601887,3.1739599879723883,1.961012683881271,178.98916456263478,1,,,,False,0.13337157319064724,0.3442369834721416,False,0.2490346723863658,1.7312647318935608,1.0134616321552687,1.054348940535805,ballistic,24.713388566516613,,0.08331680238667993,4.628016393136285,0.7313232376364298,3.0644040287302627,3.5400678538663675,7.0835386532845215,0.1549430591868238,0.18968229926665,0.952478810856372,0.30987418348970464,0.2537553558337965,0.9489186570380375,29.825303190183817,3.3842606324284357,0.0640436919948274,qp_ode,0.05,100.0,1.6859164573952524e-10,100.00000000000001,188.48033507752348,0.48390116944114014,191.0,5.0,0.999,independent_lognormal,False,0.0,False,0.0,4.207089249255818,0.4927584705657497,False,0.0,fixed_device,0,83.8352488853537,118.05332671712425,167.6704977707074,204.94395774055712,107.50854;83.835249;108.17078;117.03402;89.487233;118.05333;86.697402;85.209342;102.47198;92.587643;100.74184;98.930132;99.136065;93.433459;94.419352;116.50486;105.77879,198.80062;167.6705;194.33474;189.94553;178.97447;197.9976;173.3948;170.41868;204.94396;185.17529;198.89142;197.86026;196.57891;186.86692;188.8387;189.8481;183.62519,4.9457111;5.0272209;5.0049862;5.0861229;5.0349499;4.97517;4.9890876;5.0206058;4.8965438;5.0073491;4.9351045;5.0695225;5.0068295;5.0800369;4.971503;4.9932767;4.9559796,3.1196247807230293e-09,83.58696746826172,1.559939677431288e-10,42980.199123443395,1.0,0.21182542763541456,True,,,0,18399479454560066934,1cebbe2c85286d125a19176074641cec80e768fcc76265a176a2887e861b48e2:1039,123,395187740814657246,3eabdfa943524b1077c76342cd49dd883c1d02e6abf0a6e9273162f3d53c340b,0.0
1040,0,0.789099811201694,3.0,edge,elliptical,2.377120550796789,1.2412101397476543,7.150137799881192,1.4254330619462101,110.18351975722655,1,,,,False,0.058335174218836106,0.7937614876383565,False,0.2642314652575989,2.9743267599403747,1.0209529307636824,1.2958033300842253,diffusive,,8.457552861733795,0.044407265207651925,29.77506368213115,0.9404862948753833,2.9645391186808943,4.15592633266042,7.08625711970896,0.30891771396598666,0.27617897584774287,0.8938416175107201,0.2334302667496921,0.10907432692061413,0.7975674867774123,31.174409309578134,2.9358170040404,0.022978282951103875,qp_ode,0.05,100.0,1.0137918713592512e-07,100.00000000000001,188.48033507752348,1.4641052899925728,191.0,5.0,0.999,independent_lognormal,False,0.0,False,0.0,15.244446225260587,0.2799959592040299,False,0.0,fixed_device,0,83.8352488853537,118.05332671712425,167.6704977707074,204.94395774055712,107.50854;83.835249;108.17078;117.03402;89.487233;118.05333;86.697402;85.209342;102.47198;92.587643;100.74184;98.930132;99.136065;93.433459;94.419352;116.50486;105.77879,198.80062;167.6705;194.33474;189.94553;178.97447;197.9976;173.3948;170.41868;204.94396;185.17529;198.89142;197.86026;196.57891;186.86692;188.8387;189.8481;183.62519,4.9457111;5.0272209;5.0049862;5.0861229;5.0349499;4.97517;4.9890876;5.0206058;4.8965438;5.0073491;4.9351045;5.0695225;5.0068295;5.0800369;4.971503;4.9932767;4.9559796,3.524362227835809e-06,6.239662170410156,1.774785118868749e-07,42980.199123443395,1.0,0.20948415419153235,True,,,2,14977166402359767940,1cebbe2c85286d125a19176074641cec80e768fcc76265a176a2887e861b48e2:1040,123,1402977041514769138,3eabdfa943524b1077c76342cd49dd883c1d02e6abf0a6e9273162f3d53c340b,0.24531824448529413
1041,0,0.4076580717346321,-3.5867778937694133,outside,elliptical,2.343348437815126,1.6350944034448123,5.623077208247506,2.3633092292010462,177.4856144322784,1,,,,False,0.3467201973711825,0.3725332044880859,False,0.27131499546218557,2.78043466598635,0.9503139829144557,2.7924576160611494,ballistic,19.489396092728956,,0.108473878331476,27.020618551664796,1.713494235452937,3.3846555539573977,5.549055548001187,7.542641460211589,0.20737803097512258,0.23942447637645436,0.8528935706186552,0.3503213142983018,0.43952362884773966,1.0891681196155365,30.4796936975398,2.9798261847346366,0.02166967437844355,qp_ode,0.05,100.0,2.108112712116696e-08,100.00000000000001,188.48033507752348,1.1700855703728554,191.0,5.0,0.999,independent_lognormal,False,0.0,False,0.0,5.398861222643574,0.6085440932754628,False,0.0,fixed_device,0,83.8352488853537,118.05332671712425,167.6704977707074,204.94395774055712,107.50854;83.835249;108.17078;117.03402;89.487233;118.05333;86.697402;85.209342;102.47198;92.587643;100.74184;98.930132;99.136065;93.433459;94.419352;116.50486;105.77879,198.80062;167.6705;194.33474;189.94553;178.97447;197.9976;173.3948;170.41868;204.94396;185.17529;198.89142;197.86026;196.57891;186.86692;188.8387;189.8481;183.62519,4.9457111;5.0272209;5.0049862;5.0861229;5.0349499;4.97517;4.9890876;5.0206058;4.8965438;5.0073491;4.9351045;5.0695225;5.0068295;5.0800369;4.971503;4.9932767;4.9559796,3.012104059507692e-07,40.2763557434082,1.5070739323164162e-08,42980.199123443395,1.0,0.1804041198650481,True,,,2,16477832400064061720,1cebbe2c85286d125a19176074641cec80e768fcc76265a176a2887e861b48e2:1041,123,4622419379268457680,3eabdfa943524b1077c76342cd49dd883c1d02e6abf0a6e9273162f3d53c340b,0.0
1042,0,-0.8027830246228644,2.9884110423702213,inside,elliptical,1.8859970574177247,1.3009188732733334,7.0368672774370875,1.1243726555577591,36.715240672807006,1,,,,False,0.16501862941487955,0.2939576272823714,False,0.21633225206873,1.7370865183041975,1.2817338491456352,2.557823316496227,diffusive,,8.957618616239778,0.10751952460924033,65.80836795692338,1.4783206014420283,2.4149369172961768,5.812328546541791,8.301719229595662,0.20801314675265203,0.2855407375347512,0.8086527301062286,0.0756383866718041,0.2976961995356337,0.9478446378856333,23.687298170369736,2.948804633826655,0.041040392630660456,qp_ode,0.05,100.0,9.764015020234475e-10,100.00000000000001,188.48033507752348,1.9517222454080199,191.0,5.0,0.999,independent_lognormal,False,0.0,False,0.0,25.360399139133477,0.1818850324324267,False,0.0,fixed_device,0,83.8352488853537,118.05332671712425,167.6704977707074,204.94395774055712,107.50854;83.835249;108.17078;117.03402;89.487233;118.05333;86.697402;85.209342;102.47198;92.587643;100.74184;98.930132;99.136065;93.433459;94.419352;116.50486;105.77879,198.80062;167.6705;194.33474;189.94553;178.97447;197.9976;173.3948;170.41868;204.94396;185.17529;198.89142;197.86026;196.57891;186.86692;188.8387;189.8481;183.62519,4.9457111;5.0272209;5.0049862;5.0861229;5.0349499;4.97517;4.9890876;5.0206058;4.8965438;5.0073491;4.9351045;5.0695225;5.0068295;5.0800369;4.971503;4.9932767;4.9559796,2.2286142709049273e-08,83.83525085449219,1.1156764401221153e-09,42980.199123443395,1.0,0.1806711941271048,True,,,0,15634796683822259465,1cebbe2c85286d125a19176074641cec80e768fcc76265a176a2887e861b48e2:1042,123,5969639725633373364,3eabdfa943524b1077c76342cd49dd883c1d02e6abf0a6e9273162f3d53c340b,0.0
1043,0,-3.0,0.005143199360203354,edge,elliptical,1.8365214718277925,0.8874153258698116,4.705138273432228,2.416266627449314,27.68591530278288,1,,,,False,0.2549751137334282,0.28287340272699424,False,0.32923529298547105,3.283262659826411,0.9214735515287971,1.6362360412067247,ballistic,34.17148426381845,,0.09805681207323758,23.122016648077484,0.9412482150389707,2.2244667157935374,5.727513083091612,7.0410840678032125,0.5798765355610006,0.4256593332908949,0.8107103433967814,0.49337972481104764,0.23551120410556908,1.067651191053851,23.729011749463716,3.228076521284277,0.02876884031480146,qp_ode,0.05,100.0,1.3942652561684477e-10,100.00000000000001,188.48033507752348,1.684269808730928,191.0,5.0,0.999,independent_lognormal,False,0.0,False,0.0,18.022915706196407,0.2541434511220631,False,0.0,fixed_device,0,83.8352488853537,118.05332671712425,167.6704977707074,204.94395774055712,107.50854;83.835249;108.17078;117.03402;89.487233;118.05333;86.697402;85.209342;102.47198;92.587643;100.74184;98.930132;99.136065;93.433459;94.419352;116.50486;105.77879,198.80062;167.6705;194.33474;189.94553;178.97447;197.9976;173.3948;170.41868;204.94396;185.17529;198.89142;197.86026;196.57891;186.86692;188.8387;189.8481;183.62519,4.9457111;5.0272209;5.0049862;5.0861229;5.0349499;4.97517;4.9890876;5.0206058;4.8965438;5.0073491;4.9351045;5.0695225;5.0068295;5.0800369;4.971503;4.9932767;4.9559796,2.083974548483525e-09,83.63786315917969,1.0420291712831542e-10,42980.199123443395,1.0,0.195382987078148,True,,,0,6198594267629646346,1cebbe2c85286d125a19176074641cec80e768fcc76265a176a2887e861b48e2:1043,123,6156944693831839804,3eabdfa943524b1077c76342cd49dd883c1d02e6abf0a6e9273162f3d53c340b,0.0
1044,0,3.382090828092658,-1.507583818061789,outside,circular,2.2052884342742565,1.6965376091082502,4.701721380729361,1.0,146.9568425068994,1,,,,False,0.29138221760196414,0.7057257774404904,False,0.3248714900830101,2.2807254936800656,0.9629470674224209,1.2926272784081758,ballistic,20.773832130600805,,0.06410399320080858,52.44147860044856,0.9462991789578222,2.784316662741098,4.729079133905563,9.877560168649325,0.5098584749104951,0.48195485297258733,0.8066619493523585,0.15169352176109127,0.3593094007439277,0.8117656047063224,24.90015278486625,2.850854772603415,0.03975391377562185,qp_ode,0.05,100.0,4.57115254999429e-09,100.00000000000001,188.48033507752348,0.2119676995511125,191.0,5.0,0.999,independent_lognormal,False,0.0,False,0.0,13.677388536488278,0.2661595604113348,False,0.0,fixed_device,0,83.8352488853537,118.05332671712425,167.6704977707074,204.94395774055712,107.50854;83.835249;108.17078;117.03402;89.487233;118.05333;86.697402;85.209342;102.47198;92.587643;100.74184;98.930132;99.136065;93.433459;94.419352;116.50486;105.77879,198.80062;167.6705;194.33474;189.94553;178.97447;197.9976;173.3948;170.41868;204.94396;185.17529;198.89142;197.86026;196.57891;186.86692;188.8387;189.8481;183.62519,4.9457111;5.0272209;5.0049862;5.0861229;5.0349499;4.97517;4.9890876;5.0206058;4.8965438;5.0073491;4.9351045;5.0695225;5.0068295;5.0800369;4.971503;4.9932767;4.9559796,1.5459853841548465e-07,57.30587387084961,7.734563212125067e-09,42980.199123443395,1.0,0.17449213549732975,True,,,1,2712264927688346186,1cebbe2c85286d125a19176074641cec80e768fcc76265a176a2887e861b48e2:1044,123,3442265086589496782,3eabdfa943524b1077c76342cd49dd883c1d02e6abf0a6e9273162f3d53c340b,0.0
1045,0,1.8081413327063505,-0.12803539566513944,inside,circular,2.0046257142726724,1.5443355461252717,6.8017692329784465,1.0,151.28997127431958,1,,,,False,0.10234616228861651,0.9267877512814955,False,0.13526737962719837,3.863566088332332,1.0431659425447255,2.057410261104036,diffusive,,9.32250690524253,0.09673655281737278,57.13022107718813,1.227394543597954,2.3414900080611423,5.408474728071727,6.769653522720945,0.502258270438485,0.24022291307602575,0.9158659034594101,0.08915173359701818,0.47388685043368817,0.614259982817405,29.26711817725692,2.9821396796259028,0.06828924155044029,qp_ode,0.05,100.0,3.5437201378229757e-09,100.00000000000001,188.48033507752348,0.9232406307612109,191.0,5.0,0.999,independent_lognormal,False,0.0,False,0.0,15.685212095088334,0.34106899364180737,False,0.0,fixed_device,0,83.8352488853537,118.05332671712425,167.6704977707074,204.94395774055712,107.50854;83.835249;108.17078;117.03402;89.487233;118.05333;86.697402;85.209342;102.47198;92.587643;100.74184;98.930132;99.136065;93.433459;94.419352;116.50486;105.77879,198.80062;167.6705;194.33474;189.94553;178.97447;197.9976;173.3948;170.41868;204.94396;185.17529;198.89142;197.86026;196.57891;186.86692;188.8387;189.8481;183.62519,4.9457111;5.0272209;5.0049862;5.0861229;5.0349499;4.97517;4.9890876;5.0206058;4.8965438;5.0073491;4.9351045;5.0695225;5.0068295;5.0800369;4.971503;4.9932767;4.9559796,7.874899665694102e-08,68.9410629272461,3.940546555725177e-09,42980.199123443395,1.0,0.1875346481395378,True,,,1,14859613966189080441,1cebbe2c85286d125a19176074641cec80e768fcc76265a176a2887e861b48e2:1045,123,7292045046325077144,3eabdfa943524b1077c76342cd49dd883c1d02e6abf0a6e9273162f3d53c340b,0.0
1046,0,-0.026548015479498144,3.0,edge,elliptical,2.306402531556274,0.8149222255558033,6.5253729676648575,1.940085543944575,102.11122674488855,1,,,,False,0.2400996303573234,0.7086826020008579,False,0.17886535738496895,2.81834920287611,0.9098279927292868,1.3584713124902836,diffusive,,16.93904253435665,0.10337204342369462,33.5281928545838,1.203067338225566,2.7963522229997455,6.2790426908749835,6.674915199141868,0.3110673664040949,0.28636394819766964,0.8150422154870292,0.6504528026951366,0.3325849165091764,0.5716161751788789,20.56830092912758,2.94163022974721,0.03182453290385609,qp_ode,0.05,100.0,1.147296075857887e-09,100.00000000000001,188.48033507752348,1.8682152775450214,191.0,5.0,0.999,independent_lognormal,False,0.0,False,0.0,23.36216982867765,0.3284648345348744,False,0.0,fixed_device,0,83.8352488853537,118.05332671712425,167.6704977707074,204.94395774055712,107.50854;83.835249;108.17078;117.03402;89.487233;118.05333;86.697402;85.209342;102.47198;92.587643;100.74184;98.930132;99.136065;93.433459;94.419352;116.50486;105.77879,198.80062;167.6705;194.33474;189.94553;178.97447;197.9976;173.3948;170.41868;204.94396;185.17529;198.89142;197.86026;196.57891;186.86692;188.8387;189.8481;183.62519,4.9457111;5.0272209;5.0049862;5.0861229;5.0349499;4.97517;4.9890876;5.0206058;4.8965438;5.0073491;4.9351045;5.0695225;5.0068295;5.0800369;4.971503;4.9932767;4.9559796,2.6685409437732233e-08,80.1500015258789,1.3345239358031336e-09,42980.199123443395,1.0,0.17873160966138543,True,,,1,5912856222185057720,1cebbe2c85286d125a19176074641cec80e768fcc76265a176a2887e861b48e2:1046,123,3074749446621179667,3eabdfa943524b1077c76342cd49dd883c1d02e6abf0a6e9273162f3d53c340b,0.0
1047,0,-3.0,-0.6299655425567314,edge,circular,2.1151223880742123,1.5613211018783426,7.430755531293459,1.0,3.0123870573406064,1,,,,False,0.17582911712888238,0.4515553463048948,False,0.25433688641564656,3.587863128660142,0.7038648633469654,1.0054910550596858,diffusive,,6.389238779087153,0.11485039439627442,42.7147096058518,0.48229183606548354,3.6378772530128822,4.435372129134127,5.4842748911177805,0.28851857691358596,0.29553259039231455,0.8032664531862503,0.0952770349067528,0.3062035040933637,0.7318380911155117,22.477480247102893,2.8258110342482357,0.01441873773210225,qp_ode,0.05,100.0,4.235043671196444e-10,100.00000000000001,188.48033507752348,1.599669588701831,191.0,5.0,0.999,independent_lognormal,False,0.0,False,0.0,12.390979354942042,0.4229743939702014,False,0.0,fixed_device,0,83.8352488853537,118.05332671712425,167.6704977707074,204.94395774055712,107.50854;83.835249;108.17078;117.03402;89.487233;118.05333;86.697402;85.209342;102.47198;92.587643;100.74184;98.930132;99.136065;93.433459;94.419352;116.50486;105.77879,198.80062;167.6705;194.33474;189.94553;178.97447;197.9976;173.3948;170.41868;204.94396;185.17529;198.89142;197.86026;196.57891;186.86692;188.8387;189.8481;183.62519,4.9457111;5.0272209;5.0049862;5.0861229;5.0349499;4.97517;4.9890876;5.0206058;4.8965438;5.0073491;4.9351045;5.0695225;5.0068295;5.0800369;4.971503;4.9932767;4.9559796,5.124903612596654e-09,82.8761215209961,2.5630594868708556e-10,42980.199123443395,1.0,0.1686223900835327,True,,,0,13974388023472473212,1cebbe2c85286d125a19176074641cec80e768fcc76265a176a2887e861b48e2:1047,123,5538667971038519325,3eabdfa943524b1077c76342cd49dd883c1d02e6abf0a6e9273162f3d53c340b,0.0
1048,0,-1.984155045935912,2.106077525712264,inside,circular,1.9173460992551243,1.4341183270043598,5.022080684908064,1.0,103.94107175125887,1,,,,False,0.3016473437559687,0.7128239293536206,False,0.3741623661579615,3.456377760402437,0.683243211873948,2.7587948186796902,ballistic,21.096877063623946,,0.07969732300186512,20.627101322470132,1.7229365233713376,3.2057026352047684,6.024295690911404,5.933131934293061,0.3355244094019149,0.4345083770347825,0.9583056306997975,0.5201948711233765,0.33879461973753966,0.7271840194147962,24.301184400722665,2.849875350122692,0.06945031096808048,qp_ode,0.05,100.0,6.0585270567275e-09,100.00000000000001,188.48033507752348,1.6275891788447778,191.0,5.0,0.999,independent_lognormal,False,0.0,False,0.0,2.705347116271875,0.6259642276496489,False,0.0,fixed_device,0,83.8352488853537,118.05332671712425,167.6704977707074,204.94395774055712,107.50854;83.835249;108.17078;117.03402;89.487233;118.05333;86.697402;85.209342;102.47198;92.587643;100.74184;98.930132;99.136065;93.433459;94.419352;116.50486;105.77879,198.80062;167.6705;194.33474;189.94553;178.97447;197.9976;173.3948;170.41868;204.94396;185.17529;198.89142;197.86026;196.57891;186.86692;188.8387;189.8481;183.62519,4.9457111;5.0272209;5.0049862;5.0861229;5.0349499;4.97517;4.9890876;5.0206058;4.8965438;5.0073491;4.9351045;5.0695225;5.0068295;5.0800369;4.971503;4.9932767;4.9559796,1.6453267903671076e-07,58.04209518432617,8.230856884949844e-09,42980.199123443395,1.0,0.17868063405653412,True,,,1,8789116191628061401,1cebbe2c85286d125a19176074641cec80e768fcc76265a176a2887e861b48e2:1048,123,7454892928782774565,3eabdfa943524b1077c76342cd49dd883c1d02e6abf0a6e9273162f3d53c340b,0.0
1049,0,-2.7863382507132397,-1.814942299508617,inside,elliptical,1.7270344064642498,1.3339120240148503,9.302017975222093,2.4115386797826797,111.45823764060998,1,,,,False,0.12328285535544561,0.3679087047233469,False,0.33893747901904625,2.3526003602871133,0.6323540596261266,2.3299888328902396,ballistic,12.588904001288954,,0.10184163461094348,31.309845046610477,1.4908461578928605,3.0614947508956343,6.222619262485727,7.635006168489105,0.43708690395463234,0.4320682476640577,0.8104905275277089,0.612468833507796,0.11501237175689638,0.974582827495216,32.07615206092947,3.225995206958697,0.028796866738190232,qp_ode,0.05,100.0,3.4829605784799177e-10,100.00000000000001,188.48033507752348,1.1032977051428852,191.0,5.0,0.999,independent_lognormal,False,0.0,False,0.0,4.4601679335167725,0.5121623642680903,False,0.0,fixed_device,0,83.8352488853537,118.05332671712425,167.6704977707074,204.94395774055712,107.50854;83.835249;108.17078;117.03402;89.487233;118.05333;86.697402;85.209342;102.47198;92.587643;100.74184;98.930132;99.136065;93.433459;94.419352;116.50486;105.77879,198.80062;167.6705;194.33474;189.94553;178.97447;197.9976;173.3948;170.41868;204.94396;185.17529;198.89142;197.86026;196.57891;186.86692;188.8387;189.8481;183.62519,4.9457111;5.0272209;5.0049862;5.0861229;5.0349499;4.97517;4.9890876;5.0206058;4.8965438;5.0073491;4.9351045;5.0695225;5.0068295;5.0800369;4.971503;4.9932767;4.9559796,5.325527130395358e-09,82.25257110595703,2.6642846262525666e-10,42980.199123443395,1.0,0.1952292399305904,True,,,0,14877401447065284937,1cebbe2c85286d125a19176074641cec80e768fcc76265a176a2887e861b48e2:1049,123,7608563211494977941,3eabdfa943524b1077c76342cd49dd883c1d02e6abf0a6e9273162f3d53c340b,0.0
1050,0,-0.708147726230862,-3.0,edge,circular,2.1456713321489156,0.8022769007852467,3.130437988326018,1.0,126.09787631845855,1,,,,False,0.16110913060226184,0.6113046053692546,False,0.12090924833917438,1.6954905672458505,0.6452860590475079,1.6187146937738865,ballistic,21.791204008576205,,0.044940439099437124,56.50413056422317,1.7717927890302385,3.495054894110983,6.225979532563904,6.044235697084084,0.3119983953911476,0.2041463684858866,0.8342577994671114,0.13448435860049993,0.3159315497277897,1.0817817190759544,26.050316154457608,2.9280799022292445,0.02337459686719412,qp_ode,0.05,100.0,2.4491798990082606e-07,100.00000000000001,188.48033507752348,0.940643185146234,191.0,5.0,0.999,independent_lognormal,False,0.0,False,0.0,48.355635433738215,0.25643092470644285,False,0.0,fixed_device,0,83.8352488853537,118.05332671712425,167.6704977707074,204.94395774055712,107.50854;83.835249;108.17078;117.03402;89.487233;118.05333;86.697402;85.209342;102.47198;92.587643;100.74184;98.930132;99.136065;93.433459;94.419352;116.50486;105.77879,198.80062;167.6705;194.33474;189.94553;178.97447;197.9976;173.3948;170.41868;204.94396;185.17529;198.89142;197.86026;196.57891;186.86692;188.8387;189.8481;183.62519,4.9457111;5.0272209;5.0049862;5.0861229;5.0349499;4.97517;4.9890876;5.0206058;4.8965438;5.0073491;4.9351045;5.0695225;5.0068295;5.0800369;4.971503;4.9932767;4.9559796,3.630662604336976e-06,5.9382100105285645,1.8287317971044104e-07,42980.199123443395,1.0,0.2487913586350085,True,,,2,13957929722624172950,1cebbe2c85286d125a19176074641cec80e768fcc76265a176a2887e861b48e2:1050,123,8911543483533400505,3eabdfa943524b1077c76342cd49dd883c1d02e6abf0a6e9273162f3d53c340b,0.7724896599264706
1051,0,-1.2147200770890747,-2.074905876308674,inside,elliptical,1.932599981053893,1.292126141234762,7.481735951009749,1.7250885391221453,173.20325638692148,1,,,,False,0.14939499043756788,0.5894374336458374,False,0.15594429441520616,2.0223014716374657,0.5322381219538255,2.4392438440065747,diffusive,,9.517171300413706,0.0461579356688977,70.11319505785784,1.3167548981517077,2.0115640141798052,4.264360948301442,7.433811681949628,0.21949973501903802,0.49959458443353955,0.8742256075693433,0.0015098899358659602,0.47117119587038053,0.8269703187207906,26.99538919432168,2.9928030725137353,0.03126802748978246,qp_ode,0.05,100.0,1.1847823325622184e-08,100.00000000000001,188.48033507752348,0.6648699320051767,191.0,5.0,0.999,independent_lognormal,False,0.0,False,0.0,6.887136798526309,0.4247825956332,False,0.0,fixed_device,0,83.8352488853537,118.05332671712425,167.6704977707074,204.94395774055712,107.50854;83.835249;108.17078;117.03402;89.487233;118.05333;86.697402;85.209342;102.47198;92.587643;100.74184;98.930132;99.136065;93.433459;94.419352;116.50486;105.77879,198.80062;167.6705;194.33474;189.94553;178.97447;197.9976;173.3948;170.41868;204.94396;185.17529;198.89142;197.86026;196.57891;186.86692;188.8387;189.8481;183.62519,4.9457111;5.0272209;5.0049862;5.0861229;5.0349499;4.97517;4.9890876;5.0206058;4.8965438;5.0073491;4.9351045;5.0695225;5.0068295;5.0800369;4.971503;4.9932767;4.9559796,2.041649196371509e-07,52.80229187011719,1.0215582157968583e-08,42980.199123443395,1.0,0.1815815966804539,True,,,2,8458894403693049111,1cebbe2c85286d125a19176074641cec80e768fcc76265a176a2887e861b48e2:1051,123,6335992003257953315,3eabdfa943524b1077c76342cd49dd883c1d02e6abf0a6e9273162f3d53c340b,0.0
1052,0,2.8987189766143615,3.919981358384283,outside,circular,2.4989585067351863,1.3239841192518615,7.648051278659023,1.0,18.603080100045567,1,,,,False,0.09146251522221399,0.3357725448015181,False,0.19628411658670453,3.220331738117375,0.80744129849596,1.93406641663096,diffusive,,19.027307809728093,0.11162869481222142,21.015828147776965,1.1684457906263614,2.6799250732767343,5.566072872596863,6.907782288545317,0.5935870232358577,0.21303270755197243,0.8071040510206905,0.779717438157201,0.09040945754248185,0.9869938262342084,25.50608237785073,3.0026393719446673,0.00913334367763735,qp_ode,0.05,100.0,1.2746345241665311e-09,100.00000000000001,188.48033507752348,1.9154094681030323,191.0,5.0,0.999,independent_lognormal,False,0.0,False,0.0,6.563430229843502,0.6120149155245689,False,0.0,fixed_device,0,83.8352488853537,118.05332671712425,167.6704977707074,204.94395774055712,107.50854;83.835249;108.17078;117.03402;89.487233;118.05333;86.697402;85.209342;102.47198;92.587643;100.74184;98.930132;99.136065;93.433459;94.419352;116.50486;105.77879,198.80062;167.6705;194.33474;189.94553;178.97447;197.9976;173.3948;170.41868;204.94396;185.17529;198.89142;197.86026;196.57891;186.86692;188.8387;189.8481;183.62519,4.9457111;5.0272209;5.0049862;5.0861229;5.0349499;4.97517;4.9890876;5.0206058;4.8965438;5.0073491;4.9351045;5.0695225;5.0068295;5.0800369;4.971503;4.9932767;4.9559796,3.106579171685553e-08,83.83525085449219,1.5546128828702876e-09,42980.199123443395,1.0,0.17816201622957129,True,,,1,7332042968600553244,1cebbe2c85286d125a19176074641cec80e768fcc76265a176a2887e861b48e2:1052,123,4270255263034387309,3eabdfa943524b1077c76342cd49dd883c1d02e6abf0a6e9273162f3d53c340b,0.0
1053,0,-3.0,-1.1907407762488322,edge,elliptical,2.2476818634262665,0.9602022693743285,2.5075751476894093,1.942946267522557,19.05787156727292,1,,,,False,0.2538005288674858,0.9095897841950434,False,0.11373757562567233,1.7091847047438136,1.019712706945056,2.69761963175059,ballistic,20.734086242544976,,0.044884030698949584,10.414911836466887,1.1546598417150125,2.3666058780733974,3.785860689061744,6.195930979179202,0.40454851325624164,0.10800515073686477,0.9080128693184298,0.46980932177129386,0.4332659500040964,0.7355076438803148,33.54080334592624,2.887337089581354,0.03795446660887457,qp_ode,0.05,100.0,1.619006474796554e-07,100.00000000000001,188.48033507752348,0.9084335938645045,191.0,5.0,0.999,independent_lognormal,False,0.0,False,0.0,37.97187368140573,0.461849082389973,False,0.0,fixed_device,0,83.8352488853537,118.05332671712425,167.6704977707074,204.94395774055712,107.50854;83.835249;108.17078;117.03402;89.487233;118.05333;86.697402;85.209342;102.47198;92.587643;100.74184;98.930132;99.136065;93.433459;94.419352;116.50486;105.77879,198.80062;167.6705;194.33474;189.94553;178.97447;197.9976;173.3948;170.41868;204.94396;185.17529;198.89142;197.86026;196.57891;186.86692;188.8387;189.8481;183.62519,4.9457111;5.0272209;5.0049862;5.0861229;5.0349499;4.97517;4.9890876;5.0206058;4.8965438;5.0073491;4.9351045;5.0695225;5.0068295;5.0800369;4.971503;4.9932767;4.9559796,2.950787575173308e-06,7.408369541168213,1.4859909924780368e-07,42980.199123443395,1.0,0.21133545928579456,True,,,2,14676615880761649469,1cebbe2c85286d125a19176074641cec80e768fcc76265a176a2887e861b48e2:1053,123,6910426283501335909,3eabdfa943524b1077c76342cd49dd883c1d02e6abf0a6e9273162f3d53c340b,0.5577320772058824
1054,0,1.507454235700794,-0.1881087142645126,inside,circular,1.9325088674052062,0.8259879938988145,3.6778256259971815,1.0,69.70798482161095,1,,,,False,0.2849839871948437,0.35523123829590086,False,0.1784390046584956,2.6816544498820507,1.1580049820346852,2.3251966381013256,diffusive,,18.31694816233437,0.07801171626112711,59.312080028240466,1.3907615487539977,2.0672238319586134,6.499645826056294,8.908410831000563,0.5115747467836833,0.21703792570244718,0.8930410038093624,0.6565000987174795,0.42588122675181544,0.938560237198113,26.228731327492866,3.0917143744312443,0.07404014257880902,qp_ode,0.05,100.0,5.57257006204041e-08,100.00000000000001,188.48033507752348,1.963017850776793,191.0,5.0,0.999,independent_lognormal,False,0.0,False,0.0,57.78737028650781,0.6387438808531698,False,0.0,fixed_device,0,83.8352488853537,118.05332671712425,167.6704977707074,204.94395774055712,107.50854;83.835249;108.17078;117.03402;89.487233;118.05333;86.697402;85.209342;102.47198;92.587643;100.74184;98.930132;99.136065;93.433459;94.419352;116.50486;105.77879,198.80062;167.6705;194.33474;189.94553;178.97447;197.9976;173.3948;170.41868;204.94396;185.17529;198.89142;197.86026;196.57891;186.86692;188.8387;189.8481;183.62519,4.9457111;5.0272209;5.0049862;5.0861229;5.0349499;4.97517;4.9890876;5.0206058;4.8965438;5.0073491;4.9351045;5.0695225;5.0068295;5.0800369;4.971503;4.9932767;4.9559796,1.234262185789703e-06,15.409626960754395,6.191599055682673e-08,42980.199123443395,1.0,0.23378162242483497,True,,,2,9285844689399223508,1cebbe2c85286d125a19176074641cec80e768fcc76265a176a2887e861b48e2:1054,123,1275669592800843401,3eabdfa943524b1077c76342cd49dd883c1d02e6abf0a6e9273162f3d53c340b,0.3680204503676471
1055,0,-1.770176368544156,3.305884288229704,outside,circular,1.9239620091812968,1.0956591238048405,4.619545572736244,1.0,64.62311981986656,1,,,,False,0.195746259947991,0.1341254314018574,False,0.2826635151849172,3.879479229353957,1.297751860268756,1.0520179109457863,diffusive,,11.240365864170757,0.06864941448135045,58.277335038845834,0.47242158915127225,3.4290117599605403,5.892210695180744,7.0313507148154555,0.38191059327697646,0.430161171625393,0.9917598753934302,0.3700882578857663,0.0828030667300323,0.8558052399093021,30.89779695725559,2.876960510319467,0.02579951798206457,qp_ode,0.05,100.0,9.76621497993401e-10,100.00000000000001,188.48033507752348,1.6143309175327378,191.0,5.0,0.999,independent_lognormal,False,0.0,False,0.0,29.701401070444142,0.21981691986012614,False,0.0,fixed_device,0,83.8352488853537,118.05332671712425,167.6704977707074,204.94395774055712,107.50854;83.835249;108.17078;117.03402;89.487233;118.05333;86.697402;85.209342;102.47198;92.587643;100.74184;98.930132;99.136065;93.433459;94.419352;116.50486;105.77879,198.80062;167.6705;194.33474;189.94553;178.97447;197.9976;173.3948;170.41868;204.94396;185.17529;198.89142;197.86026;196.57891;186.86692;188.8387;189.8481;183.62519,4.9457111;5.0272209;5.0049862;5.0861229;5.0349499;4.97517;4.9890876;5.0206058;4.8965438;5.0073491;4.9351045;5.0695225;5.0068295;5.0800369;4.971503;4.9932767;4.9559796,1.9550260077494386e-08,83.73672485351562,9.777590959103577e-10,42980.199123443395,1.0,0.17365960895985852,True,,,0,1147112424573768772,1cebbe2c85286d125a19176074641cec80e768fcc76265a176a2887e861b48e2:1055,123,1174649229751610661,3eabdfa943524b1077c76342cd49dd883c1d02e6abf0a6e9273162f3d53c340b,0.0
1056,0,3.588854728271295,-2.959487524528269,outside,elliptical,2.231083841316096,1.071710896194511,3.699321333307333,1.3878080635091288,65.4399885520872,1,,,,False,0.37751936212288945,0.26158720351126874,False,0.2450835172108524,2.998022363554458,1.0960754213064339,2.7113771497018373,diffusive,,5.216982071383786,0.06011059622264163,32.6282624981932,0.49109210645683987,3.6792080015236532,3.7444724698323095,5.29058080710665,0.15469925885551788,0.3469131060714808,0.964474227914367,0.6589638165029057,0.44921950855208087,0.8320000561631212,28.55742614570734,3.3825522432607364,0.07627166173924728,qp_ode,0.05,100.0,1.0938692990731454e-08,100.00000000000001,188.48033507752348,1.2926097262288607,191.0,5.0,0.999,independent_lognormal,False,0.0,False,0.0,16.313874582846857,0.3657469665777376,False,0.0,fixed_device,0,83.8352488853537,118.05332671712425,167.6704977707074,204.94395774055712,107.50854;83.835249;108.17078;117.03402;89.487233;118.05333;86.697402;85.209342;102.47198;92.587643;100.74184;98.930132;99.136065;93.433459;94.419352;116.50486;105.77879,198.80062;167.6705;194.33474;189.94553;178.97447;197.9976;173.3948;170.41868;204.94396;185.17529;198.89142;197.86026;196.57891;186.86692;188.8387;189.8481;183.62519,4.9457111;5.0272209;5.0049862;5.0861229;5.0349499;4.97517;4.9890876;5.0206058;4.8965438;5.0073491;4.9351045;5.0695225;5.0068295;5.0800369;4.971503;4.9932767;4.9559796,1.8143998659070348e-07,53.74977111816406,9.076361884297057e-09,42980.199123443395,1.0,0.21414969967132236,True,,,2,3174576899241453955,1cebbe2c85286d125a19176074641cec80e768fcc76265a176a2887e861b48e2:1056,123,1984526168896267065,3eabdfa943524b1077c76342cd49dd883c1d02e6abf0a6e9273162f3d53c340b,0.0
1057,0,0.9384178402296035,2.267542450020162,inside,circular,2.2045399473662926,1.0801842454883248,6.96697032231134,1.0,87.55294096539816,1,,,,False,0.06759731055139073,0.7146036395668789,False,0.21411904596564824,2.1029919311933507,0.6310728470634491,2.3345419373246803,diffusive,,12.880992207924645,0.051493401448027734,20.738554593755296,0.5080158201460461,2.734888417950397,5.856986135617857,8.182672032916816,0.2920560343557501,0.4751375039912741,0.955419117758277,0.7432191902111567,0.49358433700209386,0.6237407072670551,24.038105796281947,2.918183740913459,0.028945310995251924,qp_ode,0.05,100.0,2.3614312846250415e-10,100.00000000000001,188.48033507752348,1.6780047223359387,191.0,5.0,0.999,independent_lognormal,False,0.0,False,0.0,8.556265869584779,0.057997652229333174,False,0.0,fixed_device,0,83.8352488853537,118.05332671712425,167.6704977707074,204.94395774055712,107.50854;83.835249;108.17078;117.03402;89.487233;118.05333;86.697402;85.209342;102.47198;92.587643;100.74184;98.930132;99.136065;93.433459;94.419352;116.50486;105.77879,198.80062;167.6705;194.33474;189.94553;178.97447;197.9976;173.3948;170.41868;204.94396;185.17529;198.89142;197.86026;196.57891;186.86692;188.8387;189.8481;183.62519,4.9457111;5.0272209;5.0049862;5.0861229;5.0349499;4.97517;4.9890876;5.0206058;4.8965438;5.0073491;4.9351045;5.0695225;5.0068295;5.0800369;4.971503;4.9932767;4.9559796,8.132267304006291e-09,83.69194030761719,4.074538484388768e-10,42980.199123443395,1.0,0.1767101492202429,True,,,0,12532557126111186503,1cebbe2c85286d125a19176074641cec80e768fcc76265a176a2887e861b48e2:1057,123,2864242455661814567,3eabdfa943524b1077c76342cd49dd883c1d02e6abf0a6e9273162f3d53c340b,0.0
1058,0,-1.909860327135859,-1.6250748883750161,inside,circular,1.9513715143764143,1.4689397186338964,3.5872080804733155,1.0,122.79168869571731,1,,,,False,0.3141053410410287,0.8813229754153895,False,0.2018137985694347,1.669665112870191,1.0909788894909114,1.314176812385728,ballistic,15.684685252903746,,0.033951018295940154,20.880791064407696,0.8539063754595353,2.347905524238969,5.878093343009549,9.296191105279568,0.2093288282873315,0.1313896984767211,0.9789223144561643,0.5681775760105651,0.37829506101802485,1.1605996125161013,34.90120080195962,3.061360378221858,0.07208094790834343,qp_ode,0.05,100.0,2.5451331506533955e-08,100.00000000000001,188.48033507752348,1.386976955746941,191.0,5.0,0.999,independent_lognormal,False,0.0,False,0.0,27.954687547061308,0.6072861426705999,False,0.0,fixed_device,0,83.8352488853537,118.05332671712425,167.6704977707074,204.94395774055712,107.50854;83.835249;108.17078;117.03402;89.487233;118.05333;86.697402;85.209342;102.47198;92.587643;100.74184;98.930132;99.136065;93.433459;94.419352;116.50486;105.77879,198.80062;167.6705;194.33474;189.94553;178.97447;197.9976;173.3948;170.41868;204.94396;185.17529;198.89142;197.86026;196.57891;186.86692;188.8387;189.8481;183.62519,4.9457111;5.0272209;5.0049862;5.0861229;5.0349499;4.97517;4.9890876;5.0206058;4.8965438;5.0073491;4.9351045;5.0695225;5.0068295;5.0800369;4.971503;4.9932767;4.9559796,7.589819688291755e-07,23.87631607055664,3.800937875553245e-08,42980.199123443395,1.0,0.19733549869545955,True,,,2,1782819135188350907,1cebbe2c85286d125a19176074641cec80e768fcc76265a176a2887e861b48e2:1058,123,2271225712216523567,3eabdfa943524b1077c76342cd49dd883c1d02e6abf0a6e9273162f3d53c340b,0.06824448529411764
1059,0,3.0,-0.3453944350988465,edge,elliptical,2.0390747048425593,1.516120428935919,8.583204811686997,1.16669674204607,48.0063533665339,1,,,,False,0.19337927569615265,0.7269462586876199,False,0.21284102108553019,2.2562890008230143,0.828428916732828,1.7645954595339735,diffusive,,10.549274122759844,0.06036451488565618,2.253263549283888,1.9117409032759842,2.99133780493761,6.2164434301556435,6.050629460114276,0.2025975026438209,0.32731168175671055,0.984506208824748,0.4704729156464946,0.4125722640397245,0.5328871218963185,24.657399447082916,3.2165748954928404,0.049884441386417844,qp_ode,0.05,100.0,3.2263860906647337e-10,100.00000000000001,188.48033507752348,1.5662563622107757,191.0,5.0,0.999,independent_lognormal,False,0.0,False,0.0,21.703926303045048,0.5703018061927034,False,0.0,fixed_device,0,83.8352488853537,118.05332671712425,167.6704977707074,204.94395774055712,107.50854;83.835249;108.17078;117.03402;89.487233;118.05333;86.697402;85.209342;102.47198;92.587643;100.74184;98.930132;99.136065;93.433459;94.419352;116.50486;105.77879,198.80062;167.6705;194.33474;189.94553;178.97447;197.9976;173.3948;170.41868;204.94396;185.17529;198.89142;197.86026;196.57891;186.86692;188.8387;189.8481;183.62519,4.9457111;5.0272209;5.0049862;5.0861229;5.0349499;4.97517;4.9890876;5.0206058;4.8965438;5.0073491;4.9351045;5.0695225;5.0068295;5.0800369;4.971503;4.9932767;4.9559796,9.473928308523227e-09,82.34629821777344,4.751041227102348e-10,42980.199123443395,1.0,0.1984926669785993,True,,,0,5711711989392843861,1cebbe2c85286d125a19176074641cec80e768fcc76265a176a2887e861b48e2:1059,123,5402008456508083130,3eabdfa943524b1077c76342cd49dd883c1d02e6abf0a6e9273162f3d53c340b,0.0
1060,0,-3.0,0.34525056910145313,edge,circular,2.3735617948743775,1.6446423903726368,7.243507186751526,1.0,89.60692025512546,1,,,,False,0.16062778753112242,0.7571241275850233,False,0.16417578119653753,2.903254313828435,0.7563274143737058,2.916316285599911,diffusive,,7.504869893858362,0.04841112161984439,32.819873494354646,0.7349868143801924,2.7261241368158506,5.033293860519852,7.857553733011207,0.39779629759984203,0.32236560117448143,0.8676529026530156,0.756292127595954,0.42184170985384123,0.8677974518964638,26.940230103593613,2.9267175340451788,0.02027995545515144,qp_ode,0.05,100.0,9.02203338130523e-09,100.00000000000001,188.48033507752348,0.33544932756706136,191.0,5.0,0.999,independent_lognormal,False,0.0,False,0.0,12.889654468923673,0.1187985244668002,False,0.0,fixed_device,0,83.8352488853537,118.05332671712425,167.6704977707074,204.94395774055712,107.50854;83.835249;108.17078;117.03402;89.487233;118.05333;86.697402;85.209342;102.47198;92.587643;100.74184;98.930132;99.136065;93.433459;94.419352;116.50486;105.77879,198.80062;167.6705;194.33474;189.94553;178.97447;197.9976;173.3948;170.41868;204.94396;185.17529;198.89142;197.86026;196.57891;186.86692;188.8387;189.8481;183.62519,4.9457111;5.0272209;5.0049862;5.0861229;5.0349499;4.97517;4.9890876;5.0206058;4.8965438;5.0073491;4.9351045;5.0695225;5.0068295;5.0800369;4.971503;4.9932767;4.9559796,1.6266054103653005e-07,54.97393035888672,8.140559337732611e-09,42980.199123443395,1.0,0.17585939489783792,True,,,1,17923507610593820630,1cebbe2c85286d125a19176074641cec80e768fcc76265a176a2887e861b48e2:1060,123,5978869512434584619,3eabdfa943524b1077c76342cd49dd883c1d02e6abf0a6e9273162f3d53c340b,0.0
1061,0,2.1730072330552686,-3.932283203697508,outside,circular,1.9380909369925894,1.6287274688829383,2.1036640826326822,1.0,38.107127450593545,1,,,,False,0.32470406610748576,0.2111797713180732,False,0.1138518609084671,1.81043822882594,0.5266716499791981,1.087086148996989,ballistic,27.760291572535607,,0.08665485972186701,38.1812213239329,1.8276243943826795,2.280099657900144,4.7318482509700495,7.186099867412498,0.29880520793843657,0.26280972127754,0.8552770944777485,0.0648802764907086,0.3456329305734896,0.6110704459311598,26.805796637205496,2.8170278573420404,0.056292451993436646,qp_ode,0.05,100.0,3.8492285834895e-10,100.00000000000001,188.48033507752348,1.096571083218354,191.0,5.0,0.999,independent_lognormal,False,0.0,False,0.0,31.570583557474258,0.28708324734738316,False,0.0,fixed_device,0,83.8352488853537,118.05332671712425,167.6704977707074,204.94395774055712,107.50854;83.835249;108.17078;117.03402;89.487233;118.05333;86.697402;85.209342;102.47198;92.587643;100.74184;98.930132;99.136065;93.433459;94.419352;116.50486;105.77879,198.80062;167.6705;194.33474;189.94553;178.97447;197.9976;173.3948;170.41868;204.94396;185.17529;198.89142;197.86026;196.57891;186.86692;188.8387;189.8481;183.62519,4.9457111;5.0272209;5.0049862;5.0861229;5.0349499;4.97517;4.9890876;5.0206058;4.8965438;5.0073491;4.9351045;5.0695225;5.0068295;5.0800369;4.971503;4.9932767;4.9559796,5.519463996961349e-09,82.94236755371094,2.759822093079123e-10,42980.199123443395,1.0,0.1750590970557535,True,,,0,56877546499652051,1cebbe2c85286d125a19176074641cec80e768fcc76265a176a2887e861b48e2:1061,123,7033835742662022982,3eabdfa943524b1077c76342cd49dd883c1d02e6abf0a6e9273162f3d53c340b,0.0
1062,0,-3.0,-0.8129438834798384,edge,circular,2.232018257339763,1.286038291022598,7.288996395229185,1.0,25.73115926976434,1,,,,False,0.32647560021641453,0.9207870539636118,False,0.3552848765695559,1.6946314632379988,1.2529901423201688,2.4320751169933144,ballistic,36.91159035109564,,0.11522162494846783,11.224789199307184,1.671388640170513,2.7112528190990197,3.876481985455872,5.648407152465723,0.48241750451894205,0.14708151887249732,0.8046714191213581,0.03676240400252837,0.2080205207297262,1.1504347841053977,26.354841899167397,3.0702079318997493,0.05902176774086874,qp_ode,0.05,100.0,9.149529692375112e-10,100.00000000000001,188.48033507752348,0.8209872742231099,191.0,5.0,0.999,independent_lognormal,False,0.0,False,0.0,20.88095863217542,0.13429545547017666,False,0.0,fixed_device,0,83.8352488853537,118.05332671712425,167.6704977707074,204.94395774055712,107.50854;83.835249;108.17078;117.03402;89.487233;118.05333;86.697402;85.209342;102.47198;92.587643;100.74184;98.930132;99.136065;93.433459;94.419352;116.50486;105.77879,198.80062;167.6705;194.33474;189.94553;178.97447;197.9976;173.3948;170.41868;204.94396;185.17529;198.89142;197.86026;196.57891;186.86692;188.8387;189.8481;183.62519,4.9457111;5.0272209;5.0049862;5.0861229;5.0349499;4.97517;4.9890876;5.0206058;4.8965438;5.0073491;4.9351045;5.0695225;5.0068295;5.0800369;4.971503;4.9932767;4.9559796,1.7919987271852733e-08,80.5873031616211,8.965191367060754e-10,42980.199123443395,1.0,0.1913857557230319,True,,,0,16465927720678855906,1cebbe2c85286d125a19176074641cec80e768fcc76265a176a2887e861b48e2:1062,123,4975119447844070917,3eabdfa943524b1077c76342cd49dd883c1d02e6abf0a6e9273162f3d53c340b,0.0
1063,0,-1.2145475825885694,-0.2694281868323989,inside,elliptical,2.2065428549178785,1.2708413198875175,7.429660612790549,2.383039908869912,153.58587773919277,1,,,,False,0.14295536030006914,0.5243015388655691,False,0.34869499634808926,1.80719462730155,0.7805596138063935,1.211249773271481,ballistic,24.51832573515768,,0.09605421533539248,32.958889111995695,1.0928723657170807,2.2401408456578773,4.759969700708131,9.454288433015419,0.17166017220446375,0.17845408627228415,0.9216777248725904,0.7896032641620891,0.10737068284008683,0.7222063486460517,28.428424797324,3.1362017732848377,0.007883514550176027,qp_ode,0.05,100.0,2.8965108598294065e-09,100.00000000000001,188.48033507752348,1.5292544072484238,191.0,5.0,0.999,independent_lognormal,False,0.0,False,0.0,4.069033673755179,0.5693936617100136,False,0.0,fixed_device,0,83.8352488853537,118.05332671712425,167.6704977707074,204.94395774055712,107.50854;83.835249;108.17078;117.03402;89.487233;118.05333;86.697402;85.209342;102.47198;92.587643;100.74184;98.930132;99.136065;93.433459;94.419352;116.50486;105.77879,198.80062;167.6705;194.33474;189.94553;178.97447;197.9976;173.3948;170.41868;204.94396;185.17529;198.89142;197.86026;196.57891;186.86692;188.8387;189.8481;183.62519,4.9457111;5.0272209;5.0049862;5.0861229;5.0349499;4.97517;4.9890876;5.0206058;4.8965438;5.0073491;4.9351045;5.0695225;5.0068295;5.0800369;4.971503;4.9932767;4.9559796,5.686437276608558e-08,71.55139923095703,2.843828283971561e-09,42980.199123443395,1.0,0.18668681055948108,True,,,1,8700472738986432477,1cebbe2c85286d125a19176074641cec80e768fcc76265a176a2887e861b48e2:1063,123,2146847541930922202,3eabdfa943524b1077c76342cd49dd883c1d02e6abf0a6e9273162f3d53c340b,0.0
1064,0,-1.922060340899623,3.925924206942104,outside,circular,2.3165741177711756,1.3987412039323284,5.068022619442465,1.0,151.52843880109316,1,,,,False,0.36228187844546217,0.1844041821274942,False,0.3556617204422471,2.5224946880134484,1.0735659209701902,1.701891176977978,ballistic,37.73299910974771,,0.04803979608827683,52.905367676059015,1.606730667669757,2.8235507857715896,4.637960165379686,9.414190283614357,0.5214813634437159,0.18596777501776873,0.9966371198293282,0.12548985593708004,0.3631995923068775,0.5278391093544875,32.574427800137485,3.0220768181296056,0.02187563633379796,qp_ode,0.05,100.0,1.6018805070182166e-08,100.00000000000001,188.48033507752348,0.3705708813171088,191.0,5.0,0.999,independent_lognormal,False,0.0,False,0.0,7.96049143475618,0.37058249035852525,False,0.0,fixed_device,0,83.8352488853537,118.05332671712425,167.6704977707074,204.94395774055712,107.50854;83.835249;108.17078;117.03402;89.487233;118.05333;86.697402;85.209342;102.47198;92.587643;100.74184;98.930132;99.136065;93.433459;94.419352;116.50486;105.77879,198.80062;167.6705;194.33474;189.94553;178.97447;197.9976;173.3948;170.41868;204.94396;185.17529;198.89142;197.86026;196.57891;186.86692;188.8387;189.8481;183.62519,4.9457111;5.0272209;5.0049862;5.0861229;5.0349499;4.97517;4.9890876;5.0206058;4.8965438;5.0073491;4.9351045;5.0695225;5.0068295;5.0800369;4.971503;4.9932767;4.9559796,3.359766935773223e-07,39.59071350097656,1.683191008794438e-08,42980.199123443395,1.0,0.18205831726635496,True,,,2,9591276579338346101,1cebbe2c85286d125a19176074641cec80e768fcc76265a176a2887e861b48e2:1064,123,1145589658919641968,3eabdfa943524b1077c76342cd49dd883c1d02e6abf0a6e9273162f3d53c340b,0.0
1065,0,-3.2824428999759485,-2.6486362622650828,outside,elliptical,1.8042074025018642,1.1238891645809248,9.542014561180853,2.4823671884874132,62.46498057874996,1,,,,False,0.2864103989184374,0.4636574282494441,False,0.15236688626462308,3.214100186942504,0.5186749513966937,1.8821791917558568,ballistic,13.931143706832312,,0.07162486844800042,61.529818463007146,1.7662488711686586,2.1603672042547726,4.454719298893221,5.384535902078787,0.5545907799732464,0.3195895224536629,0.9655902013215335,0.5618369126593677,0.3457623968783615,0.9998636840318711,22.453304645643307,3.1539850777916976,0.004338898107834153,qp_ode,0.05,100.0,1.8592683183281838e-10,100.00000000000001,188.48033507752348,1.8788491065498978,191.0,5.0,0.999,independent_lognormal,False,0.0,False,0.0,24.98169088643623,0.5539004775502522,False,0.0,fixed_device,0,83.8352488853537,118.05332671712425,167.6704977707074,204.94395774055712,107.50854;83.835249;108.17078;117.03402;89.487233;118.05333;86.697402;85.209342;102.47198;92.587643;100.74184;98.930132;99.136065;93.433459;94.419352;116.50486;105.77879,198.80062;167.6705;194.33474;189.94553;178.97447;197.9976;173.3948;170.41868;204.94396;185.17529;198.89142;197.86026;196.57891;186.86692;188.8387;189.8481;183.62519,4.9457111;5.0272209;5.0049862;5.0861229;5.0349499;4.97517;4.9890876;5.0206058;4.8965438;5.0073491;4.9351045;5.0695225;5.0068295;5.0800369;4.971503;4.9932767;4.9559796,2.450079472637867e-09,83.39498138427734,1.2250815639713863e-10,42980.199123443395,1.0,0.18632702443892132,True,,,0,11547224189737378308,1cebbe2c85286d125a19176074641cec80e768fcc76265a176a2887e861b48e2:1065,123,9049125648162733286,3eabdfa943524b1077c76342cd49dd883c1d02e6abf0a6e9273162f3d53c340b,0.0
1066,0,-1.1579444825689094,3.0,edge,circular,1.8882232783730695,1.064154298780272,9.161331488134794,1.0,42.26347528038596,1,,,,False,0.2642539164101572,0.28409427737637616,False,0.18084926552949204,2.529697730062339,0.5747278869196581,1.3365620027533245,ballistic,36.50043686594637,,0.10648561385868897,42.52163492939378,1.2025753303826874,2.3562471163332157,3.718551729812113,6.216737127704173,0.3073020667596291,0.18099757030954083,0.9899992472123782,0.3487761435706916,0.46835277624554333,0.8520668559695306,28.192731027025374,3.2093666352261985,0.006891438332664261,qp_ode,0.05,100.0,2.327333691048969e-09,100.00000000000001,188.48033507752348,1.9562242581162614,191.0,5.0,0.999,independent_lognormal,False,0.0,False,0.0,16.909935952424426,0.42120010543914765,False,0.0,fixed_device,0,83.8352488853537,118.05332671712425,167.6704977707074,204.94395774055712,107.50854;83.835249;108.17078;117.03402;89.487233;118.05333;86.697402;85.209342;102.47198;92.587643;100.74184;98.930132;99.136065;93.433459;94.419352;116.50486;105.77879,198.80062;167.6705;194.33474;189.94553;178.97447;197.9976;173.3948;170.41868;204.94396;185.17529;198.89142;197.86026;196.57891;186.86692;188.8387;189.8481;183.62519,4.9457111;5.0272209;5.0049862;5.0861229;5.0349499;4.97517;4.9890876;5.0206058;4.8965438;5.0073491;4.9351045;5.0695225;5.0068295;5.0800369;4.971503;4.9932767;4.9559796,4.34435420970658e-08,79.87659454345703,2.176756330740659e-09,42980.199123443395,1.0,0.1904992735762045,True,,,1,9193860405680003663,1cebbe2c85286d125a19176074641cec80e768fcc76265a176a2887e861b48e2:1066,123,6246158263941091341,3eabdfa943524b1077c76342cd49dd883c1d02e6abf0a6e9273162f3d53c340b,0.0
1067,0,-3.3479460132195586,-1.0188189765900064,outside,elliptical,1.864488607858799,0.8337134919219129,4.834276599391173,1.7543095808683247,133.36208516766825,1,,,,False,0.08357741056777432,0.7643388127436825,False,0.3741434364008047,1.5171619235801257,0.9978218856595087,1.2289148046294192,diffusive,,19.961292708173477,0.09010805317765995,42.6560031238645,1.5263300483745783,3.5674072942805237,3.768758735959717,8.951184379555693,0.5786237483270884,0.2770788965280566,0.847412257544831,0.39210753795551273,0.3236622057301345,0.8678722983338942,22.257412684706047,3.2059242994568686,0.009136795965810381,qp_ode,0.05,100.0,5.3941129093030875e-09,100.00000000000001,188.48033507752348,1.9018438518572034,191.0,5.0,0.999,independent_lognormal,False,0.0,False,0.0,3.2821189298570204,0.19683395956554994,False,0.0,fixed_device,0,83.8352488853537,118.05332671712425,167.6704977707074,204.94395774055712,107.50854;83.835249;108.17078;117.03402;89.487233;118.05333;86.697402;85.209342;102.47198;92.587643;100.74184;98.930132;99.136065;93.433459;94.419352;116.50486;105.77879,198.80062;167.6705;194.33474;189.94553;178.97447;197.9976;173.3948;170.41868;204.94396;185.17529;198.89142;197.86026;196.57891;186.86692;188.8387;189.8481;183.62519,4.9457111;5.0272209;5.0049862;5.0861229;5.0349499;4.97517;4.9890876;5.0206058;4.8965438;5.0073491;4.9351045;5.0695225;5.0068295;5.0800369;4.971503;4.9932767;4.9559796,6.853667144923747e-08,71.41392517089844,3.4358760281349987e-09,42980.199123443395,1.0,0.19100318216579978,True,,,1,15640440033859260758,1cebbe2c85286d125a19176074641cec80e768fcc76265a176a2887e861b48e2:1067,123,6994766012067027984,3eabdfa943524b1077c76342cd49dd883c1d02e6abf0a6e9273162f3d53c340b,0.0
1068,0,3.2590412657014105,-2.8328259050077707,outside,circular,2.4162011850622758,1.0025677130937185,9.17985872270723,1.0,15.382040667461329,1,,,,False,0.30273168405877154,0.36768910418544665,False,0.13400128141007112,3.057532467998396,0.952226258161279,1.9658350513600376,diffusive,,18.753861154454412,0.0567043012009934,66.89031080068354,1.163195325935162,3.3779373901198593,5.440032954398609,7.237203076246345,0.5255293575019522,0.3179576550892514,0.958136420782127,0.0043426230132724624,0.43900443398065364,1.048526661508375,24.166100239716656,3.254709138801778,0.0628591588662699,qp_ode,0.05,100.0,1.7076351638626825e-07,100.00000000000001,188.48033507752348,1.9833350965803704,191.0,5.0,0.999,independent_lognormal,False,0.0,False,0.0,60.10253282011019,0.3660545292953151,False,0.0,fixed_device,0,83.8352488853537,118.05332671712425,167.6704977707074,204.94395774055712,107.50854;83.835249;108.17078;117.03402;89.487233;118.05333;86.697402;85.209342;102.47198;92.587643;100.74184;98.930132;99.136065;93.433459;94.419352;116.50486;105.77879,198.80062;167.6705;194.33474;189.94553;178.97447;197.9976;173.3948;170.41868;204.94396;185.17529;198.89142;197.86026;196.57891;186.86692;188.8387;189.8481;183.62519,4.9457111;5.0272209;5.0049862;5.0861229;5.0349499;4.97517;4.9890876;5.0206058;4.8965438;5.0073491;4.9351045;5.0695225;5.0068295;5.0800369;4.971503;4.9932767;4.9559796,2.958122649943107e-06,7.328675270080566,1.487836414071353e-07,42980.199123443395,1.0,0.2726340619949017,True,,,2,7489272162134969471,1cebbe2c85286d125a19176074641cec80e768fcc76265a176a2887e861b48e2:1068,123,2734277074409197596,3eabdfa943524b1077c76342cd49dd883c1d02e6abf0a6e9273162f3d53c340b,0.28116383272058826
1069,0,-3.0,1.9986841099458914,edge,elliptical,2.184344778667019,1.0768087533944473,8.237029235754562,2.23383181939508,157.79273963816107,1,,,,False,0.18539807911527628,0.4480594016162479,False,0.11302334428961094,3.2288616779300936,0.8791006543538002,1.5949366186053555,diffusive,,16.711832867174785,0.04314546888946222,70.3245520866866,0.6379458881270041,2.851023246808766,4.701910009475748,5.341325348866356,0.19056551389540308,0.14533554655125364,0.9888717408874136,0.38751921677221546,0.22092108879789435,0.9488731256888804,23.233482455402097,3.1293846559921508,0.03716702883891065,qp_ode,0.05,100.0,1.0941112392850947e-08,100.00000000000001,188.48033507752348,0.7532267423323953,191.0,5.0,0.999,independent_lognormal,False,0.0,False,0.0,40.384997553113955,0.19242566751048834,False,0.0,fixed_device,0,83.8352488853537,118.05332671712425,167.6704977707074,204.94395774055712,107.50854;83.835249;108.17078;117.03402;89.487233;118.05333;86.697402;85.209342;102.47198;92.587643;100.74184;98.930132;99.136065;93.433459;94.419352;116.50486;105.77879,198.80062;167.6705;194.33474;189.94553;178.97447;197.9976;173.3948;170.41868;204.94396;185.17529;198.89142;197.86026;196.57891;186.86692;188.8387;189.8481;183.62519,4.9457111;5.0272209;5.0049862;5.0861229;5.0349499;4.97517;4.9890876;5.0206058;4.8965438;5.0073491;4.9351045;5.0695225;5.0068295;5.0800369;4.971503;4.9932767;4.9559796,2.1621973189667187e-07,50.857913970947266,1.0820612850181988e-08,42980.199123443395,1.0,0.19191745926753304,True,,,2,2496347307055855601,1cebbe2c85286d125a19176074641cec80e768fcc76265a176a2887e861b48e2:1069,123,6192254125311820230,3eabdfa943524b1077c76342cd49dd883c1d02e6abf0a6e9273162f3d53c340b,0.0
1070,0,3.0,0.9779246362171765,edge,elliptical,2.3645115587443843,1.1783172283815766,4.330037098878535,1.4137491022001853,59.93626895547286,1,,,,False,0.38081237827232717,0.7077130846450502,False,0.20477291478911727,3.2746048742211378,1.032664003021737,2.0213999271727,ballistic,39.751910137607794,,0.04954977963785433,2.6386003285201642,1.855024279545081,2.984012089591914,5.261052851685362,9.351397340791685,0.44383056635884277,0.4600527135736877,0.8557227642620805,0.22262039099340375,0.1600538585232381,1.0223196593866062,33.360030438196084,3.3534132368720506,0.06093061705131694,qp_ode,0.05,100.0,6.331562017979849e-09,100.00000000000001,188.48033507752348,0.7917883199053464,191.0,5.0,0.999,independent_lognormal,False,0.0,False,0.0,57.094998219898635,0.5335054193815286,False,0.0,fixed_device,0,83.8352488853537,118.05332671712425,167.6704977707074,204.94395774055712,107.50854;83.835249;108.17078;117.03402;89.487233;118.05333;86.697402;85.209342;102.47198;92.587643;100.74184;98.930132;99.136065;93.433459;94.419352;116.50486;105.77879,198.80062;167.6705;194.33474;189.94553;178.97447;197.9976;173.3948;170.41868;204.94396;185.17529;198.89142;197.86026;196.57891;186.86692;188.8387;189.8481;183.62519,4.9457111;5.0272209;5.0049862;5.0861229;5.0349499;4.97517;4.9890876;5.0206058;4.8965438;5.0073491;4.9351045;5.0695225;5.0068295;5.0800369;4.971503;4.9932767;4.9559796,1.2131727089581545e-07,62.8309326171875,6.06843775230459e-09,42980.199123443395,1.0,0.20925326937526934,True,,,1,3549835952457687769,1cebbe2c85286d125a19176074641cec80e768fcc76265a176a2887e861b48e2:1070,123,1808438830483001938,3eabdfa943524b1077c76342cd49dd883c1d02e6abf0a6e9273162f3d53c340b,0.0
1071,0,2.966391824213706,-3.6973590193389354,outside,elliptical,2.46256430333611,0.8540427673223138,9.297662633577225,2.035259100431918,166.82953577796994,1,,,,False,0.1247503553562427,0.8161314517061568,False,0.36030175491931893,1.9665261464773252,0.8028620645072728,2.657625106991912,ballistic,12.908235287799904,,0.04077789046613105,18.693146103514906,1.232124440087187,2.2517705111720168,5.377725523663075,6.883286502529627,0.23995346717399105,0.2602137060705598,0.9269152238621129,0.31864550497913813,0.4863958083248481,1.0782249181265493,34.75699363563467,3.2825333992714625,0.06547092848218837,qp_ode,0.05,100.0,2.18489791418673e-09,100.00000000000001,188.48033507752348,1.9687663090258436,191.0,5.0,0.999,independent_lognormal,False,0.0,False,0.0,9.79089475755271,0.08046423062665112,False,0.0,fixed_device,0,83.8352488853537,118.05332671712425,167.6704977707074,204.94395774055712,107.50854;83.835249;108.17078;117.03402;89.487233;118.05333;86.697402;85.209342;102.47198;92.587643;100.74184;98.930132;99.136065;93.433459;94.419352;116.50486;105.77879,198.80062;167.6705;194.33474;189.94553;178.97447;197.9976;173.3948;170.41868;204.94396;185.17529;198.89142;197.86026;196.57891;186.86692;188.8387;189.8481;183.62519,4.9457111;5.0272209;5.0049862;5.0861229;5.0349499;4.97517;4.9890876;5.0206058;4.8965438;5.0073491;4.9351045;5.0695225;5.0068295;5.0800369;4.971503;4.9932767;4.9559796,4.5763535183596105e-08,77.23602294921875,2.2911117447677043e-09,42980.199123443395,1.0,0.2063876089097969,True,,,1,7302646237123124352,1cebbe2c85286d125a19176074641cec80e768fcc76265a176a2887e861b48e2:1071,123,2063922767723425860,3eabdfa943524b1077c76342cd49dd883c1d02e6abf0a6e9273162f3d53c340b,0.0
1072,0,1.8028191543507965,-0.793000226162925,inside,elliptical,1.824818495990121,1.2502108939715573,2.649897105448024,1.8088330554245127,131.87588385932736,1,,,,False,0.3747776394664459,0.4231451507107572,False,0.13497176259493296,3.318371731969855,0.6400113534008522,2.3367729888416466,diffusive,,11.579562692691752,0.1147024374380144,6.652889714259862,0.4273071662505302,2.6544130873768803,6.412078874349327,9.252235342119462,0.5205182068374792,0.45526741466394294,0.9309528273429477,0.5090240139748378,0.38704823969102026,0.9432195340423428,29.44689273563747,2.878429026386919,0.03473460356551545,qp_ode,0.05,100.0,1.0074723104105827e-09,100.00000000000001,188.48033507752348,1.0590258407140973,191.0,5.0,0.999,independent_lognormal,False,0.0,False,0.0,8.947472048173456,0.45953242095184754,False,0.0,fixed_device,0,83.8352488853537,118.05332671712425,167.6704977707074,204.94395774055712,107.50854;83.835249;108.17078;117.03402;89.487233;118.05333;86.697402;85.209342;102.47198;92.587643;100.74184;98.930132;99.136065;93.433459;94.419352;116.50486;105.77879,198.80062;167.6705;194.33474;189.94553;178.97447;197.9976;173.3948;170.41868;204.94396;185.17529;198.89142;197.86026;196.57891;186.86692;188.8387;189.8481;183.62519,4.9457111;5.0272209;5.0049862;5.0861229;5.0349499;4.97517;4.9890876;5.0206058;4.8965438;5.0073491;4.9351045;5.0695225;5.0068295;5.0800369;4.971503;4.9932767;4.9559796,2.0266854861006323e-08,79.79548645019531,1.0147374052138503e-09,42980.199123443395,1.0,0.1752344499464162,True,,,1,1721212902147504073,1cebbe2c85286d125a19176074641cec80e768fcc76265a176a2887e861b48e2:1072,123,7390274975593856522,3eabdfa943524b1077c76342cd49dd883c1d02e6abf0a6e9273162f3d53c340b,0.0
1073,0,-3.961486369837573,-1.13298259088347,outside,elliptical,1.8010858038989748,1.0925869119693055,6.020028159983822,1.586966102592514,17.411050942809887,1,,,,False,0.08214373970885466,0.9387585097374783,False,0.327039620997264,3.7683754409516146,0.7601685024325264,2.697310978811944,diffusive,,17.12266414280044,0.08095421335853245,22.1816471175773,1.6124119525731793,2.4853648235684296,4.170309404651893,9.71473119635608,0.46373599219406814,0.47823390354051276,0.957540459057559,0.41295888883421156,0.4279992225290091,0.9807714399022391,22.91226706194686,3.294115645410975,0.024333684335975186,qp_ode,0.05,100.0,2.3086286446011192e-10,100.00000000000001,188.48033507752348,0.4992980131399681,191.0,5.0,0.999,independent_lognormal,False,0.0,False,0.0,27.244713379819963,0.22971716662767772,False,0.0,fixed_device,0,83.8352488853537,118.05332671712425,167.6704977707074,204.94395774055712,107.50854;83.835249;108.17078;117.03402;89.487233;118.05333;86.697402;85.209342;102.47198;92.587643;100.74184;98.930132;99.136065;93.433459;94.419352;116.50486;105.77879,198.80062;167.6705;194.33474;189.94553;178.97447;197.9976;173.3948;170.41868;204.94396;185.17529;198.89142;197.86026;196.57891;186.86692;188.8387;189.8481;183.62519,4.9457111;5.0272209;5.0049862;5.0861229;5.0349499;4.97517;4.9890876;5.0206058;4.8965438;5.0073491;4.9351045;5.0695225;5.0068295;5.0800369;4.971503;4.9932767;4.9559796,2.5809150372424483e-09,83.39004516601562,1.2904836921290297e-10,42980.199123443395,1.0,0.19848860938131035,True,,,0,17707812438517175266,1cebbe2c85286d125a19176074641cec80e768fcc76265a176a2887e861b48e2:1073,123,6173973177869016786,3eabdfa943524b1077c76342cd49dd883c1d02e6abf0a6e9273162f3d53c340b,0.0
1074,0,0.7306816313128048,-1.4704619865049529,inside,circular,2.313877473526889,1.1660052397933136,5.737849215894084,1.0,54.725360579522345,1,,,,False,0.3175300596510867,0.7402307613213441,False,0.11761298865302919,2.063009599912419,0.776648926415,1.1839157476873023,ballistic,20.436345738838185,,0.11875695264449874,25.33765348921846,0.6273571047338564,3.363324300516923,6.458373830528998,7.167268092966121,0.22650210208475735,0.15688966816983882,0.9030332335915199,0.6864441105435359,0.42036889881607287,1.0021475384978125,21.22363656741233,3.1087428144651175,0.07493250802760497,qp_ode,0.05,100.0,1.1878793925420324e-10,100.00000000000001,188.48033507752348,0.6879953984827987,191.0,5.0,0.999,independent_lognormal,False,0.0,False,0.0,5.578691180532047,0.2787275696498526,False,0.0,fixed_device,0,83.8352488853537,118.05332671712425,167.6704977707074,204.94395774055712,107.50854;83.835249;108.17078;117.03402;89.487233;118.05333;86.697402;85.209342;102.47198;92.587643;100.74184;98.930132;99.136065;93.433459;94.419352;116.50486;105.77879,198.80062;167.6705;194.33474;189.94553;178.97447;197.9976;173.3948;170.41868;204.94396;185.17529;198.89142;197.86026;196.57891;186.86692;188.8387;189.8481;183.62519,4.9457111;5.0272209;5.0049862;5.0861229;5.0349499;4.97517;4.9890876;5.0206058;4.8965438;5.0073491;4.9351045;5.0695225;5.0068295;5.0800369;4.971503;4.9932767;4.9559796,2.8621662817585047e-09,83.10515594482422,1.4332750264411942e-10,42980.199123443395,1.0,0.19659215471889663,True,,,0,3638327985416278401,1cebbe2c85286d125a19176074641cec80e768fcc76265a176a2887e861b48e2:1074,123,7394279010685996224,3eabdfa943524b1077c76342cd49dd883c1d02e6abf0a6e9273162f3d53c340b,0.0
1075,0,2.8832808408989274,-2.888571356165154,inside,elliptical,2.3911371629000024,1.345039168249202,4.935242052925559,2.4850199130910267,56.73306598940547,1,,,,False,0.13270689091479537,0.34702599332140116,False,0.39673473703867146,3.4094306472388296,0.6531354231583446,2.5399496781442292,diffusive,,13.429594233343519,0.06084290099974003,71.74522427101978,1.2597778489410425,2.3296600021108382,4.826445085718917,5.1153495412797225,0.42354874704318135,0.1788067654224742,0.8818419434612629,0.02079062746963638,0.4021470852939565,0.9360948706434067,31.025087221247162,3.394604889870781,0.02009974304071734,qp_ode,0.05,100.0,2.2982063750238658e-10,100.00000000000001,188.48033507752348,1.3027478960163743,191.0,5.0,0.999,independent_lognormal,False,0.0,False,0.0,8.003459846303178,0.5309653881232527,False,0.0,fixed_device,0,83.8352488853537,118.05332671712425,167.6704977707074,204.94395774055712,107.50854;83.835249;108.17078;117.03402;89.487233;118.05333;86.697402;85.209342;102.47198;92.587643;100.74184;98.930132;99.136065;93.433459;94.419352;116.50486;105.77879,198.80062;167.6705;194.33474;189.94553;178.97447;197.9976;173.3948;170.41868;204.94396;185.17529;198.89142;197.86026;196.57891;186.86692;188.8387;189.8481;183.62519,4.9457111;5.0272209;5.0049862;5.0861229;5.0349499;4.97517;4.9890876;5.0206058;4.8965438;5.0073491;4.9351045;5.0695225;5.0068295;5.0800369;4.971503;4.9932767;4.9559796,4.114203200344946e-09,83.83517456054688,2.0627718977372922e-10,42980.199123443395,1.0,0.2036890441373014,True,,,0,15385547757395636212,1cebbe2c85286d125a19176074641cec80e768fcc76265a176a2887e861b48e2:1075,123,6775096707645268781,3eabdfa943524b1077c76342cd49dd883c1d02e6abf0a6e9273162f3d53c340b,0.0
1076,0,3.0,2.1306669946533283,edge,elliptical,1.8118639936043308,1.5913509656207037,5.04961201259871,1.2735664750356577,144.36828302518504,1,,,,False,0.14391455007546936,0.5218082395765374,False,0.15413481157647896,3.39572234744064,0.8718123957204273,1.4120958645039186,ballistic,17.32193884414528,,0.10088339955103331,31.17237616785923,1.2060775217414443,3.3069641904611267,6.218352879966667,8.891448491743095,0.4757534221386668,0.19179234391190647,0.8696326634671352,0.5712152734124456,0.34406671796181887,0.6332037662671866,26.67105741331359,2.844768458265858,0.0293032870385382,qp_ode,0.05,100.0,1.3683803561361175e-10,100.00000000000001,188.48033507752348,1.686952920936697,191.0,5.0,0.999,independent_lognormal,False,0.0,False,0.0,32.20518278219639,0.23923388009359936,False,0.0,fixed_device,0,83.8352488853537,118.05332671712425,167.6704977707074,204.94395774055712,107.50854;83.835249;108.17078;117.03402;89.487233;118.05333;86.697402;85.209342;102.47198;92.587643;100.74184;98.930132;99.136065;93.433459;94.419352;116.50486;105.77879,198.80062;167.6705;194.33474;189.94553;178.97447;197.9976;173.3948;170.41868;204.94396;185.17529;198.89142;197.86026;196.57891;186.86692;188.8387;189.8481;183.62519,4.9457111;5.0272209;5.0049862;5.0861229;5.0349499;4.97517;4.9890876;5.0206058;4.8965438;5.0073491;4.9351045;5.0695225;5.0068295;5.0800369;4.971503;4.9932767;4.9559796,5.933177504857667e-09,83.67909240722656,2.9680327640058124e-10,42980.199123443395,1.0,0.1722973505991526,True,,,0,8985463322562375760,1cebbe2c85286d125a19176074641cec80e768fcc76265a176a2887e861b48e2:1076,123,6346311246474913529,3eabdfa943524b1077c76342cd49dd883c1d02e6abf0a6e9273162f3d53c340b,0.0
1077,0,-0.8352448030390063,-1.0989826691408164,inside,elliptical,1.9818326326168831,1.0208543443029023,9.415388907406596,2.4820739565334975,15.4441993247286,1,,,,False,0.21866532673921002,0.4319604999215312,False,0.11152044215657875,3.535094034710238,1.2760484228621167,1.0090624997444138,ballistic,39.9037988177688,,0.11426761353344925,31.04647528463735,1.2788749954344345,3.706702194425394,6.097391453973965,7.322124501936498,0.3276783270086577,0.14875810188630356,0.9672473288097285,0.32187899785443225,0.09681156532288399,0.6180955959402545,22.120702136763107,3.275307071760947,0.06921932913305008,qp_ode,0.05,100.0,9.465641030106092e-08,100.00000000000001,188.48033507752348,1.8220385509548258,191.0,5.0,0.999,independent_lognormal,False,0.0,False,0.0,33.04180539793995,0.38960409726389855,False,0.0,fixed_device,0,83.8352488853537,118.05332671712425,167.6704977707074,204.94395774055712,107.50854;83.835249;108.17078;117.03402;89.487233;118.05333;86.697402;85.209342;102.47198;92.587643;100.74184;98.930132;99.136065;93.433459;94.419352;116.50486;105.77879,198.80062;167.6705;194.33474;189.94553;178.97447;197.9976;173.3948;170.41868;204.94396;185.17529;198.89142;197.86026;196.57891;186.86692;188.8387;189.8481;183.62519,4.9457111;5.0272209;5.0049862;5.0861229;5.0349499;4.97517;4.9890876;5.0206058;4.8965438;5.0073491;4.9351045;5.0695225;5.0068295;5.0800369;4.971503;4.9932767;4.9559796,2.276368149978225e-06,9.109360694885254,1.1436399915965012e-07,42980.199123443395,1.0,0.2742852720469879,True,,,2,13176148836107384664,1cebbe2c85286d125a19176074641cec80e768fcc76265a176a2887e861b48e2:1077,123,2988921188680443672,3eabdfa943524b1077c76342cd49dd883c1d02e6abf0a6e9273162f3d53c340b,0.7342026654411765
1078,0,0.5187248242896807,3.9901025845826936,outside,elliptical,1.868402762140488,1.153452907181585,4.936587066127009,2.3559521389631346,14.881869951537833,1,,,,False,0.1855211325359722,0.8364248957950561,False,0.26484580514671785,3.647619557842066,0.8699940047942698,1.9965650893826536,ballistic,34.43816806625016,,0.07568007970336804,26.93295124006856,0.761625108735178,2.967066157353574,4.898934582672821,8.834254430753678,0.5148423514778204,0.1446747303563427,0.9920370075445317,0.6050684893920648,0.39157391505209854,0.8648125036315191,31.210957213991726,3.0656112623021037,0.03930503179596061,qp_ode,0.05,100.0,2.4743805997377697e-07,100.00000000000001,188.48033507752348,0.7857042535631993,191.0,5.0,0.999,independent_lognormal,False,0.0,False,0.0,24.370279232711496,0.38790877872856866,False,0.0,fixed_device,0,83.8352488853537,118.05332671712425,167.6704977707074,204.94395774055712,107.50854;83.835249;108.17078;117.03402;89.487233;118.05333;86.697402;85.209342;102.47198;92.587643;100.74184;98.930132;99.136065;93.433459;94.419352;116.50486;105.77879,198.80062;167.6705;194.33474;189.94553;178.97447;197.9976;173.3948;170.41868;204.94396;185.17529;198.89142;197.86026;196.57891;186.86692;188.8387;189.8481;183.62519,4.9457111;5.0272209;5.0049862;5.0861229;5.0349499;4.97517;4.9890876;5.0206058;4.8965438;5.0073491;4.9351045;5.0695225;5.0068295;5.0800369;4.971503;4.9932767;4.9559796,5.248188244877383e-06,4.272965431213379,2.651998727287719e-07,42980.199123443395,1.0,0.2194615307942378,True,,,2,12066388673339758824,1cebbe2c85286d125a19176074641cec80e768fcc76265a176a2887e861b48e2:1078,123,8992336057123672255,3eabdfa943524b1077c76342cd49dd883c1d02e6abf0a6e9273162f3d53c340b,0.44772518382352944
1079,0,-3.0,-0.24834742813708166,edge,circular,2.377382667573431,1.4530651754695874,2.9885630748096057,1.0,7.377149753381422,1,,,,False,0.14667824376542601,0.2234143081268043,False,0.30519924400942566,2.163738311665517,0.5350974820675708,1.8232947840827511,diffusive,,8.35400778554349,0.058823134214609066,41.65420785440088,0.46412597741028083,3.359973732064649,5.210693687977214,5.913989455798325,0.4603304701380093,0.39372790158892423,0.826609868162361,0.07610004428422715,0.4099213666267051,0.6112379219363097,24.527218545510873,3.1222398301496863,0.030273361844901182,qp_ode,0.05,100.0,2.856127700612642e-07,100.00000000000001,188.48033507752348,1.7502130960446531,191.0,5.0,0.999,independent_lognormal,False,0.0,False,0.0,31.51963709403355,0.5976448788872024,False,0.0,fixed_device,0,83.8352488853537,118.05332671712425,167.6704977707074,204.94395774055712,107.50854;83.835249;108.17078;117.03402;89.487233;118.05333;86.697402;85.209342;102.47198;92.587643;100.74184;98.930132;99.136065;93.433459;94.419352;116.50486;105.77879,198.80062;167.6705;194.33474;189.94553;178.97447;197.9976;173.3948;170.41868;204.94396;185.17529;198.89142;197.86026;196.57891;186.86692;188.8387;189.8481;183.62519,4.9457111;5.0272209;5.0049862;5.0861229;5.0349499;4.97517;4.9890876;5.0206058;4.8965438;5.0073491;4.9351045;5.0695225;5.0068295;5.0800369;4.971503;4.9932767;4.9559796,4.726032329926966e-06,4.722947120666504,2.397004550402926e-07,42980.199123443395,1.0,0.266344249338739,True,,,2,5997269879220334331,1cebbe2c85286d125a19176074641cec80e768fcc76265a176a2887e861b48e2:1079,123,1641831665191087315,3eabdfa943524b1077c76342cd49dd883c1d02e6abf0a6e9273162f3d53c340b,0.19712201286764705
