family,strength,reach,generation_per_us,range_scale,epicenter_row,epicenter_col,axis_ratio,angle_degrees,geometry,propagation_law,epicenter_region,event_onset_ms,front_width_ms,qp_minimum_t1_us,fraction_round_qubits_below_30us,hardware_t1_map,wall_seconds,cpu_seconds,worker_peak_rss_mib,file,sha256,bytes
0,0,0,1e-09,0.5,-0.5523648296336088,2.970338448641672,1.1910919550051662,48.55189342855034,elliptical,ballistic,inside,0.090179042970527,0.09960748791023837,83.83522033691406,0.0,107.50854;83.835249;108.17078;117.03402;89.487233;118.05333;86.697402;85.209342;102.47198;92.587643;100.74184;98.930132;99.136065;93.433459;94.419352;116.50486;105.77879,5.74527922300058,5.745271611000001,163.171875,f0000_s0_r0.npz,dc0235bc4bf1d55a824332fadd6ff625a6c946d23c089259e5705c11481f79c8,44506
0,0,1,1e-09,1.0,-0.5523648296336088,2.970338448641672,1.1910919550051662,48.55189342855034,elliptical,ballistic,inside,0.090179042970527,0.09960748791023837,83.08622741699219,0.0,107.50854;83.835249;108.17078;117.03402;89.487233;118.05333;86.697402;85.209342;102.47198;92.587643;100.74184;98.930132;99.136065;93.433459;94.419352;116.50486;105.77879,5.178503391000049,5.178533217,163.578125,f0000_s0_r1.npz,cc4960311184fff51b85ae9f08497855388ece9ab0426d5971f1e49975dd82d4,44437
0,1,0,1e-08,0.5,-0.5523648296336088,2.970338448641672,1.1910919550051662,48.55189342855034,elliptical,ballistic,inside,0.090179042970527,0.09960748791023837,61.06121063232422,0.0,107.50854;83.835249;108.17078;117.03402;89.487233;118.05333;86.697402;85.209342;102.47198;92.587643;100.74184;98.930132;99.136065;93.433459;94.419352;116.50486;105.77879,6.759761223999703,6.758069058999999,163.4453125,f0000_s1_r0.npz,39ec34280473942fa8f3e44884f6aab3f7558b7703dea5edd37e29e35bea1d33,44534
0,1,1,1e-08,1.0,-0.5523648296336088,2.970338448641672,1.1910919550051662,48.55189342855034,elliptical,ballistic,inside,0.090179042970527,0.09960748791023837,52.64726257324219,0.0,107.50854;83.835249;108.17078;117.03402;89.487233;118.05333;86.697402;85.209342;102.47198;92.587643;100.74184;98.930132;99.136065;93.433459;94.419352;116.50486;105.77879,5.3645347239998955,5.364566272999999,163.3984375,f0000_s1_r1.npz,d3c0a6fa44dd91f61761f12c3aaad054ae33aa01b6ad53049027540be5f5c8b8,44617
0,2,0,1e-07,0.5,-0.5523648296336088,2.970338448641672,1.1910919550051662,48.55189342855034,elliptical,ballistic,inside,0.090179042970527,0.09960748791023837,14.299388885498047,0.20711741727941177,107.50854;83.835249;108.17078;117.03402;89.487233;118.05333;86.697402;85.209342;102.47198;92.587643;100.74184;98.930132;99.136065;93.433459;94.419352;116.50486;105.77879,7.015534658999968,7.014981354000001,172.2578125,f0000_s2_r0.npz,1104f68e9596a41abffb89e6b10899821309548336cc050dd5d5889381b9668a,45043
0,2,1,1e-07,1.0,-0.5523648296336088,2.970338448641672,1.1910919550051662,48.55189342855034,elliptical,ballistic,inside,0.090179042970527,0.09960748791023837,10.137338638305664,0.6071633731617647,107.50854;83.835249;108.17078;117.03402;89.487233;118.05333;86.697402;85.209342;102.47198;92.587643;100.74184;98.930132;99.136065;93.433459;94.419352;116.50486;105.77879,7.8510437409995575,7.843863421999999,171.55078125,f0000_s2_r1.npz,91a4dd78710f0b0ab4a1a04c4b598bbc439fd1aab4085bb12bd0645693e43260,46066
1,0,0,1e-09,0.5,-0.09139115971475587,0.36665765381694904,1.9870578987526448,142.95069397697196,elliptical,diffusive,inside,0.10039002976320657,0.03727097300719512,80.67329406738281,0.0,107.50854;83.835249;108.17078;117.03402;89.487233;118.05333;86.697402;85.209342;102.47198;92.587643;100.74184;98.930132;99.136065;93.433459;94.419352;116.50486;105.77879,8.190378633000364,8.187009515,171.734375,f0001_s0_r0.npz,a0059a963b12743a6c716dba8a294b2ab366d70338b427ad10ef02d8f633307a,44436
1,0,1,1e-09,1.0,-0.09139115971475587,0.36665765381694904,1.9870578987526448,142.95069397697196,elliptical,diffusive,inside,0.10039002976320657,0.03727097300719512,79.70465850830078,0.0,107.50854;83.835249;108.17078;117.03402;89.487233;118.05333;86.697402;85.209342;102.47198;92.587643;100.74184;98.930132;99.136065;93.433459;94.419352;116.50486;105.77879,8.249992444999407,8.249127277,171.91796875,f0001_s0_r1.npz,a153841bc268d13f4ad1db7be938379a3302d8044b6dcf80172e8baa73a143b8,44521
1,1,0,1e-08,0.5,-0.09139115971475587,0.36665765381694904,1.9870578987526448,142.95069397697196,elliptical,diffusive,inside,0.10039002976320657,0.03727097300719512,53.061702728271484,0.0,107.50854;83.835249;108.17078;117.03402;89.487233;118.05333;86.697402;85.209342;102.47198;92.587643;100.74184;98.930132;99.136065;93.433459;94.419352;116.50486;105.77879,5.3147677130000375,5.314723502,180.390625,f0001_s1_r0.npz,c411f76e114ec51c885bdb56e94b81856cf883424ed6678b83392aa850fe77d1,44543
1,1,1,1e-08,1.0,-0.09139115971475587,0.36665765381694904,1.9870578987526448,142.95069397697196,elliptical,diffusive,inside,0.10039002976320657,0.03727097300719512,48.9386100769043,0.0,107.50854;83.835249;108.17078;117.03402;89.487233;118.05333;86.697402;85.209342;102.47198;92.587643;100.74184;98.930132;99.136065;93.433459;94.419352;116.50486;105.77879,7.282096532000651,7.281003356999998,174.27734375,f0001_s1_r1.npz,88a334bf8655d110d7eca015eccf11060c7ffca4725a8baedd00833a8129df87,44596
1,2,0,1e-07,0.5,-0.09139115971475587,0.36665765381694904,1.9870578987526448,142.95069397697196,elliptical,diffusive,inside,0.10039002976320657,0.03727097300719512,11.844390869140625,0.48434627757352944,107.50854;83.835249;108.17078;117.03402;89.487233;118.05333;86.697402;85.209342;102.47198;92.587643;100.74184;98.930132;99.136065;93.433459;94.419352;116.50486;105.77879,6.02870279400031,6.028044705999999,174.25390625,f0001_s2_r0.npz,e71835f5288581caffb8b8377a07271fe0b1dd94e9d3a76e33f28389e7a7d10e,45548
1,2,1,1e-07,1.0,-0.09139115971475587,0.36665765381694904,1.9870578987526448,142.95069397697196,elliptical,diffusive,inside,0.10039002976320657,0.03727097300719512,9.206679344177246,0.5022690716911765,107.50854;83.835249;108.17078;117.03402;89.487233;118.05333;86.697402;85.209342;102.47198;92.587643;100.74184;98.930132;99.136065;93.433459;94.419352;116.50486;105.77879,5.41912921400035,5.419209294999998,174.46875,f0001_s2_r1.npz,89a8fba5e3f2bb43b9c837add7ec6f3ef0f205daaf64f6dcae8f2183ba6fabad,45882
2,0,0,1e-09,0.5,2.814639567146494,3.0,2.2747035494009955,23.201259930524103,elliptical,diffusive,edge,0.1290036693618855,0.04854800767048385,83.83525085449219,0.0,107.50854;83.835249;108.17078;117.03402;89.487233;118.05333;86.697402;85.209342;102.47198;92.587643;100.74184;98.930132;99.136065;93.433459;94.419352;116.50486;105.77879,6.108632452000165,6.104498951,180.390625,f0002_s0_r0.npz,e23ed7a0b1004f5b67524bec1b512cd388f48318c18905d3bb46f1d6a7b1bc6c,44404
2,0,1,1e-09,1.0,2.814639567146494,3.0,2.2747035494009955,23.201259930524103,elliptical,diffusive,edge,0.1290036693618855,0.04854800767048385,83.49293518066406,0.0,107.50854;83.835249;108.17078;117.03402;89.487233;118.05333;86.697402;85.209342;102.47198;92.587643;100.74184;98.930132;99.136065;93.433459;94.419352;116.50486;105.77879,8.404937125999822,8.404319932,175.515625,f0002_s0_r1.npz,c7a10a0fbb6f7994ed97c55ff744ba208b644c323ecb49551fbb455f98be5524,44406
2,1,0,1e-08,0.5,2.814639567146494,3.0,2.2747035494009955,23.201259930524103,elliptical,diffusive,edge,0.1290036693618855,0.04854800767048385,63.25469970703125,0.0,107.50854;83.835249;108.17078;117.03402;89.487233;118.05333;86.697402;85.209342;102.47198;92.587643;100.74184;98.930132;99.136065;93.433459;94.419352;116.50486;105.77879,5.447817841999495,5.447910365999999,175.2109375,f0002_s1_r0.npz,0f360f15db8720aff83ac4f6213aa6024f27cf432dbc5cb77c658b68e6a1c35a,44398
2,1,1,1e-08,1.0,2.814639567146494,3.0,2.2747035494009955,23.201259930524103,elliptical,diffusive,edge,0.1290036693618855,0.04854800767048385,54.4870719909668,0.0,107.50854;83.835249;108.17078;117.03402;89.487233;118.05333;86.697402;85.209342;102.47198;92.587643;100.74184;98.930132;99.136065;93.433459;94.419352;116.50486;105.77879,7.997535319000235,7.996857333999998,174.65625,f0002_s1_r1.npz,b381c861dfe80526bcd7c9daae60a02109074568a974f000c60407bb979d30ba,44481
2,2,0,1e-07,0.5,2.814639567146494,3.0,2.2747035494009955,23.201259930524103,elliptical,diffusive,edge,0.1290036693618855,0.04854800767048385,13.728740692138672,0.1708984375,107.50854;83.835249;108.17078;117.03402;89.487233;118.05333;86.697402;85.209342;102.47198;92.587643;100.74184;98.930132;99.136065;93.433459;94.419352;116.50486;105.77879,8.063046765000763,8.050172097,181.23828125,f0002_s2_r0.npz,2f6f93aa6d45d1e500c88c175e2758c4010ddbc7df5dc52c7755d1129aafc580,44911
2,2,1,1e-07,1.0,2.814639567146494,3.0,2.2747035494009955,23.201259930524103,elliptical,diffusive,edge,0.1290036693618855,0.04854800767048385,10.191715240478516,0.27145565257352944,107.50854;83.835249;108.17078;117.03402;89.487233;118.05333;86.697402;85.209342;102.47198;92.587643;100.74184;98.930132;99.136065;93.433459;94.419352;116.50486;105.77879,7.451836005999212,7.449662333999999,175.8203125,f0002_s2_r1.npz,aa94b1775c5f8ebbb99b2c9ecce764bb6e18533c8625105a9ca79a07874a37d5,45214
3,0,0,1e-09,0.5,0.9253022780060673,3.0,2.2316643541474246,109.70625280597484,elliptical,ballistic,edge,0.06115767642965551,0.1078777044511848,83.70446014404297,0.0,107.50854;83.835249;108.17078;117.03402;89.487233;118.05333;86.697402;85.209342;102.47198;92.587643;100.74184;98.930132;99.136065;93.433459;94.419352;116.50486;105.77879,8.310868835999827,8.310368884999995,175.54296875,f0003_s0_r0.npz,41d4c8c08bf043d5e8d916bafcd0d5e9c1b533f1dd673e20e2d03deefd9dd2a0,44453
3,0,1,1e-09,1.0,0.9253022780060673,3.0,2.2316643541474246,109.70625280597484,elliptical,ballistic,edge,0.06115767642965551,0.1078777044511848,80.96619415283203,0.0,107.50854;83.835249;108.17078;117.03402;89.487233;118.05333;86.697402;85.209342;102.47198;92.587643;100.74184;98.930132;99.136065;93.433459;94.419352;116.50486;105.77879,8.487991787999817,8.486511287000003,175.19140625,f0003_s0_r1.npz,8f412ea733b590371102b74db25fb9264f827621186985db2f1725f495b0a739,44435
3,1,0,1e-08,0.5,0.9253022780060673,3.0,2.2316643541474246,109.70625280597484,elliptical,ballistic,edge,0.06115767642965551,0.1078777044511848,52.32614517211914,0.0,107.50854;83.835249;108.17078;117.03402;89.487233;118.05333;86.697402;85.209342;102.47198;92.587643;100.74184;98.930132;99.136065;93.433459;94.419352;116.50486;105.77879,8.71966741200049,8.702721497999999,181.7265625,f0003_s1_r0.npz,ea582008c3189bff408e205f01241f790456f3de72e3acbe7fc7cd9c40f35a72,44512
3,1,1,1e-08,1.0,0.9253022780060673,3.0,2.2316643541474246,109.70625280597484,elliptical,ballistic,edge,0.06115767642965551,0.1078777044511848,51.344181060791016,0.0,107.50854;83.835249;108.17078;117.03402;89.487233;118.05333;86.697402;85.209342;102.47198;92.587643;100.74184;98.930132;99.136065;93.433459;94.419352;116.50486;105.77879,7.810516395999912,7.809470088000005,176.35546875,f0003_s1_r1.npz,785de666e885e370b95927c7dc8da3266bb8bfa341c87c6d0dbff049938eb451,44665
3,2,0,1e-07,0.5,0.9253022780060673,3.0,2.2316643541474246,109.70625280597484,elliptical,ballistic,edge,0.06115767642965551,0.1078777044511848,9.46623420715332,0.2868221507352941,107.50854;83.835249;108.17078;117.03402;89.487233;118.05333;86.697402;85.209342;102.47198;92.587643;100.74184;98.930132;99.136065;93.433459;94.419352;116.50486;105.77879,6.569440010000108,6.568583883999999,175.90234375,f0003_s2_r0.npz,9c9669f2fb38212300aee7baa241df6eaee3f14c79b63ca4bc089c10509f559b,45226
3,2,1,1e-07,1.0,0.9253022780060673,3.0,2.2316643541474246,109.70625280597484,elliptical,ballistic,edge,0.06115767642965551,0.1078777044511848,9.460553169250488,0.6648380055147058,107.50854;83.835249;108.17078;117.03402;89.487233;118.05333;86.697402;85.209342;102.47198;92.587643;100.74184;98.930132;99.136065;93.433459;94.419352;116.50486;105.77879,5.190538687999833,5.190531978999999,181.3203125,f0003_s2_r1.npz,7cf9b708f2733842f6e6a5725661322ead19d520987c61d55351422c3b09a08f,45995
4,0,0,1e-09,0.5,3.523778693609847,-0.888799345721075,1.9170825351110587,84.83167352982915,elliptical,ballistic,outside,0.056865322062694894,0.05380713638528521,83.83525085449219,0.0,107.50854;83.835249;108.17078;117.03402;89.487233;118.05333;86.697402;85.209342;102.47198;92.587643;100.74184;98.930132;99.136065;93.433459;94.419352;116.50486;105.77879,6.3535689170003025,6.346411463999999,181.7265625,f0004_s0_r0.npz,ad78e61d5ad6a912f070a353edbababfca938fd77125c3135857fdeea2e38a49,44389
4,0,1,1e-09,1.0,3.523778693609847,-0.888799345721075,1.9170825351110587,84.83167352982915,elliptical,ballistic,outside,0.056865322062694894,0.05380713638528521,82.2513198852539,0.0,107.50854;83.835249;108.17078;117.03402;89.487233;118.05333;86.697402;85.209342;102.47198;92.587643;100.74184;98.930132;99.136065;93.433459;94.419352;116.50486;105.77879,6.070049696000751,6.069866435000002,176.35546875,f0004_s0_r1.npz,a3f509ad4a398cc5f8225f58f4409828be9305c0de40a86085e019e7e59bcc36,44412
4,1,0,1e-08,0.5,3.523778693609847,-0.888799345721075,1.9170825351110587,84.83167352982915,elliptical,ballistic,outside,0.056865322062694894,0.05380713638528521,55.0083122253418,0.0,107.50854;83.835249;108.17078;117.03402;89.487233;118.05333;86.697402;85.209342;102.47198;92.587643;100.74184;98.930132;99.136065;93.433459;94.419352;116.50486;105.77879,5.535415945999375,5.535229684999997,181.3203125,f0004_s1_r0.npz,a9ed96bf927d036bf65a2c90cf0ee0ae9adc9a77b26fa6fb25e20088d3ab267d,44472
4,1,1,1e-08,1.0,3.523778693609847,-0.888799345721075,1.9170825351110587,84.83167352982915,elliptical,ballistic,outside,0.056865322062694894,0.05380713638528521,52.87961959838867,0.0,107.50854;83.835249;108.17078;117.03402;89.487233;118.05333;86.697402;85.209342;102.47198;92.587643;100.74184;98.930132;99.136065;93.433459;94.419352;116.50486;105.77879,9.073679441999957,9.073139497,176.16796875,f0004_s1_r1.npz,c25f55a1e391ddfaf771e75c720c80ed718336fb97d74056e2233878a4a1b5fa,44478
4,2,0,1e-07,0.5,3.523778693609847,-0.888799345721075,1.9170825351110587,84.83167352982915,elliptical,ballistic,outside,0.056865322062694894,0.05380713638528521,11.853931427001953,0.05060891544117647,107.50854;83.835249;108.17078;117.03402;89.487233;118.05333;86.697402;85.209342;102.47198;92.587643;100.74184;98.930132;99.136065;93.433459;94.419352;116.50486;105.77879,5.532374852999965,5.532256701000001,181.7265625,f0004_s2_r0.npz,c16f038133ef95b4901036ddc342b9ce91c7211af423698c04aa44ad2bd2883a,44650
4,2,1,1e-07,1.0,3.523778693609847,-0.888799345721075,1.9170825351110587,84.83167352982915,elliptical,ballistic,outside,0.056865322062694894,0.05380713638528521,10.91326904296875,0.24882238051470587,107.50854;83.835249;108.17078;117.03402;89.487233;118.05333;86.697402;85.209342;102.47198;92.587643;100.74184;98.930132;99.136065;93.433459;94.419352;116.50486;105.77879,5.453572405000159,5.453640137999997,176.35546875,f0004_s2_r1.npz,c6573293b2e78f51293fe95334f9e44252a243e329bb7fe58dbe0f83ce87c4f1,45190
5,0,0,1e-09,0.5,-3.6975938246221,-1.3097211066320131,1.0,24.459663061090776,circular,ballistic,outside,0.05263093356524992,0.02316705818176799,82.96078491210938,0.0,107.50854;83.835249;108.17078;117.03402;89.487233;118.05333;86.697402;85.209342;102.47198;92.587643;100.74184;98.930132;99.136065;93.433459;94.419352;116.50486;105.77879,6.577725006999572,6.577244721999996,181.3203125,f0005_s0_r0.npz,f3750c5c9b4b6128a99a2496057117836256247cd54cb2db44197de2d1e30085,44387
5,0,1,1e-09,1.0,-3.6975938246221,-1.3097211066320131,1.0,24.459663061090776,circular,ballistic,outside,0.05263093356524992,0.02316705818176799,81.14363861083984,0.0,107.50854;83.835249;108.17078;117.03402;89.487233;118.05333;86.697402;85.209342;102.47198;92.587643;100.74184;98.930132;99.136065;93.433459;94.419352;116.50486;105.77879,6.143368212000496,6.143398953000002,181.7265625,f0005_s0_r1.npz,13a8ac5b788d2d6bbdd61e692527872b8d01af9014238fe950d53207bfce8ba8,44432
5,1,0,1e-08,0.5,-3.6975938246221,-1.3097211066320131,1.0,24.459663061090776,circular,ballistic,outside,0.05263093356524992,0.02316705818176799,67.94560241699219,0.0,107.50854;83.835249;108.17078;117.03402;89.487233;118.05333;86.697402;85.209342;102.47198;92.587643;100.74184;98.930132;99.136065;93.433459;94.419352;116.50486;105.77879,7.779861514000004,7.776806852,176.16796875,f0005_s1_r0.npz,aa3ab3936857821b021dea84c7cd7400732146012b1a66d45214b2b11e768a03,44497
5,1,1,1e-08,1.0,-3.6975938246221,-1.3097211066320131,1.0,24.459663061090776,circular,ballistic,outside,0.05263093356524992,0.02316705818176799,60.002323150634766,0.0,107.50854;83.835249;108.17078;117.03402;89.487233;118.05333;86.697402;85.209342;102.47198;92.587643;100.74184;98.930132;99.136065;93.433459;94.419352;116.50486;105.77879,6.266263168000478,6.265937563999998,176.35546875,f0005_s1_r1.npz,a5e894779ffbd533f4ccd7554860a174aaa222b76caf5de4972909a88892e736,44636
5,2,0,1e-07,0.5,-3.6975938246221,-1.3097211066320131,1.0,24.459663061090776,circular,ballistic,outside,0.05263093356524992,0.02316705818176799,20.576526641845703,0.14165900735294118,107.50854;83.835249;108.17078;117.03402;89.487233;118.05333;86.697402;85.209342;102.47198;92.587643;100.74184;98.930132;99.136065;93.433459;94.419352;116.50486;105.77879,5.801097196999763,5.8011477330000005,181.3203125,f0005_s2_r0.npz,fff1d43f545037fce9d275ab1f45ddf5ae01afeacdf3409cd101a88d52399a89,44895
5,2,1,1e-07,1.0,-3.6975938246221,-1.3097211066320131,1.0,24.459663061090776,circular,ballistic,outside,0.05263093356524992,0.02316705818176799,13.439794540405273,0.7174574908088235,107.50854;83.835249;108.17078;117.03402;89.487233;118.05333;86.697402;85.209342;102.47198;92.587643;100.74184;98.930132;99.136065;93.433459;94.419352;116.50486;105.77879,7.11124195299999,7.094128769000001,181.9140625,f0005_s2_r1.npz,09e9985d938befebfdba2a9cf42bd59ed6ce1a93950a51f01ad1045d53ea30a1,45876
6,0,0,1e-09,0.5,2.2592549515137286,-3.5560034424507725,1.4190197152674813,93.96383014332696,elliptical,diffusive,outside,0.0966674679285704,0.023429300652792077,83.33351135253906,0.0,107.50854;83.835249;108.17078;117.03402;89.487233;118.05333;86.697402;85.209342;102.47198;92.587643;100.74184;98.930132;99.136065;93.433459;94.419352;116.50486;105.77879,7.589526243999899,7.589033094000001,176.35546875,f0006_s0_r0.npz,b76d8e1c38114202fff086dedf4a83f2a51589a326ac3708b0c8b4ceb495c449,44440
6,0,1,1e-09,1.0,2.2592549515137286,-3.5560034424507725,1.4190197152674813,93.96383014332696,elliptical,diffusive,outside,0.0966674679285704,0.023429300652792077,80.31571960449219,0.0,107.50854;83.835249;108.17078;117.03402;89.487233;118.05333;86.697402;85.209342;102.47198;92.587643;100.74184;98.930132;99.136065;93.433459;94.419352;116.50486;105.77879,6.090168421000271,6.090066893999996,181.3203125,f0006_s0_r1.npz,543d07f8efbf02d6e9f432519e005f4c09fb8cff155bb36da9dbebf45e012d97,44443
6,1,0,1e-08,0.5,2.2592549515137286,-3.5560034424507725,1.4190197152674813,93.96383014332696,elliptical,diffusive,outside,0.0966674679285704,0.023429300652792077,66.61688232421875,0.0,107.50854;83.835249;108.17078;117.03402;89.487233;118.05333;86.697402;85.209342;102.47198;92.587643;100.74184;98.930132;99.136065;93.433459;94.419352;116.50486;105.77879,5.743438882999726,5.742889203000004,176.16796875,f0006_s1_r0.npz,e8a159a3fcc8db35a9f738d1ad43597a89143fa52ead6423e21b6d7b59831204,44457
6,1,1,1e-08,1.0,2.2592549515137286,-3.5560034424507725,1.4190197152674813,93.96383014332696,elliptical,diffusive,outside,0.0966674679285704,0.023429300652792077,52.954097747802734,0.0,107.50854;83.835249;108.17078;117.03402;89.487233;118.05333;86.697402;85.209342;102.47198;92.587643;100.74184;98.930132;99.136065;93.433459;94.419352;116.50486;105.77879,5.521266310000101,5.520929198999994,181.91796875,f0006_s1_r1.npz,c7ed1c4000f23713a4acf1ab0ab1a3ae398ba52a896d244b656ece2b8da84777,44478
6,2,0,1e-07,0.5,2.2592549515137286,-3.5560034424507725,1.4190197152674813,93.96383014332696,elliptical,diffusive,outside,0.0966674679285704,0.023429300652792077,13.69114875793457,0.09326171875,107.50854;83.835249;108.17078;117.03402;89.487233;118.05333;86.697402;85.209342;102.47198;92.587643;100.74184;98.930132;99.136065;93.433459;94.419352;116.50486;105.77879,6.490933650000443,6.490932409999999,176.16796875,f0006_s2_r0.npz,29cfa8efaaf3216c16511a1223077fe7323ba71956bcfe5b31b69585f4fb6751,44673
6,2,1,1e-07,1.0,2.2592549515137286,-3.5560034424507725,1.4190197152674813,93.96383014332696,elliptical,diffusive,outside,0.0966674679285704,0.023429300652792077,10.819992065429688,0.12729779411764705,107.50854;83.835249;108.17078;117.03402;89.487233;118.05333;86.697402;85.209342;102.47198;92.587643;100.74184;98.930132;99.136065;93.433459;94.419352;116.50486;105.77879,6.39905759299927,6.399011368999993,181.3203125,f0006_s2_r1.npz,40f76f5f9b0e6793cc4c03ff1b8ab7a14504cca677027fc347405e975be7b38b,44840
7,0,0,1e-09,0.5,-2.15169964947037,3.0,1.0,34.28789936300133,circular,ballistic,edge,0.0754470229633563,0.048798100577472414,83.83525085449219,0.0,107.50854;83.835249;108.17078;117.03402;89.487233;118.05333;86.697402;85.209342;102.47198;92.587643;100.74184;98.930132;99.136065;93.433459;94.419352;116.50486;105.77879,8.722996278999744,8.721748290000008,176.35546875,f0007_s0_r0.npz,5a69c3a55e6a2167acf40404c562f11fd3485e2d29e9cdd5332881135326923c,44394
7,0,1,1e-09,1.0,-2.15169964947037,3.0,1.0,34.28789936300133,circular,ballistic,edge,0.0754470229633563,0.048798100577472414,83.78015899658203,0.0,107.50854;83.835249;108.17078;117.03402;89.487233;118.05333;86.697402;85.209342;102.47198;92.587643;100.74184;98.930132;99.136065;93.433459;94.419352;116.50486;105.77879,5.328634454999701,5.328384843000009,181.91796875,f0007_s0_r1.npz,91b9c480bbab934f9cc328ada7df59208897cbd5d6c5544591d506e57fc5fa1d,44386
7,1,0,1e-08,0.5,-2.15169964947037,3.0,1.0,34.28789936300133,circular,ballistic,edge,0.0754470229633563,0.048798100577472414,68.01560974121094,0.0,107.50854;83.835249;108.17078;117.03402;89.487233;118.05333;86.697402;85.209342;102.47198;92.587643;100.74184;98.930132;99.136065;93.433459;94.419352;116.50486;105.77879,6.97671551700023,6.976805103999993,176.16796875,f0007_s1_r0.npz,f15a076cb4c8311dd8dd77dfe9fd0aca028922375d923ff2a6b011c65cc18168,44390
7,1,1,1e-08,1.0,-2.15169964947037,3.0,1.0,34.28789936300133,circular,ballistic,edge,0.0754470229633563,0.048798100577472414,62.33504867553711,0.0,107.50854;83.835249;108.17078;117.03402;89.487233;118.05333;86.697402;85.209342;102.47198;92.587643;100.74184;98.930132;99.136065;93.433459;94.419352;116.50486;105.77879,6.574685844999294,6.574719497999993,181.3203125,f0007_s1_r1.npz,2f7f8060657f752faf6c0e6ba9e8c3b0c2b8a8b0ded9a6f5aea1e9923486dadc,44499
7,2,0,1e-07,0.5,-2.15169964947037,3.0,1.0,34.28789936300133,circular,ballistic,edge,0.0754470229633563,0.048798100577472414,17.86850929260254,0.053481158088235295,107.50854;83.835249;108.17078;117.03402;89.487233;118.05333;86.697402;85.209342;102.47198;92.587643;100.74184;98.930132;99.136065;93.433459;94.419352;116.50486;105.77879,9.276161198999944,9.268051721999996,176.35546875,f0007_s2_r0.npz,ccd1469cd6942ca3ed263f8c9463afc4ffe2d5ed6a42d12904b5a778246baed6,44577
7,2,1,1e-07,1.0,-2.15169964947037,3.0,1.0,34.28789936300133,circular,ballistic,edge,0.0754470229633563,0.048798100577472414,14.098495483398438,0.40294692095588236,107.50854;83.835249;108.17078;117.03402;89.487233;118.05333;86.697402;85.209342;102.47198;92.587643;100.74184;98.930132;99.136065;93.433459;94.419352;116.50486;105.77879,5.386966840000241,5.386638157999997,181.91796875,f0007_s2_r1.npz,22d69298627050cbd32d2442d67f4b7e2846064fc9520de15a7438593803c9af,45453
8,0,0,1e-09,0.5,-1.7816200597344998,-0.7829806520542029,1.0,33.38260415405377,circular,ballistic,inside,0.12646313695360248,0.06272282913148472,82.0394058227539,0.0,107.50854;83.835249;108.17078;117.03402;89.487233;118.05333;86.697402;85.209342;102.47198;92.587643;100.74184;98.930132;99.136065;93.433459;94.419352;116.50486;105.77879,6.050716327999908,6.050440801999997,181.3203125,f0008_s0_r0.npz,6592b20247dc8a7f6c416cb909fec936ea1f95f7c93a587b43301d3ea5575f1f,44404
8,0,1,1e-09,1.0,-1.7816200597344998,-0.7829806520542029,1.0,33.38260415405377,circular,ballistic,inside,0.12646313695360248,0.06272282913148472,78.52971649169922,0.0,107.50854;83.835249;108.17078;117.03402;89.487233;118.05333;86.697402;85.209342;102.47198;92.587643;100.74184;98.930132;99.136065;93.433459;94.419352;116.50486;105.77879,7.033207559000402,7.0332932940000035,176.16796875,f0008_s0_r1.npz,bb10bccc172dd87d69cd14b72d9809b68936c328371d84ed86247b550f197f3d,44401
8,1,0,1e-08,0.5,-1.7816200597344998,-0.7829806520542029,1.0,33.38260415405377,circular,ballistic,inside,0.12646313695360248,0.06272282913148472,65.26811981201172,0.0,107.50854;83.835249;108.17078;117.03402;89.487233;118.05333;86.697402;85.209342;102.47198;92.587643;100.74184;98.930132;99.136065;93.433459;94.419352;116.50486;105.77879,5.7337759689999075,5.733836412999992,181.91796875,f0008_s1_r0.npz,1ba599d660b9d78a9908e1fdfeb9e229106a8f1560c812e4307b33a3d4719f89,44445
8,1,1,1e-08,1.0,-1.7816200597344998,-0.7829806520542029,1.0,33.38260415405377,circular,ballistic,inside,0.12646313695360248,0.06272282913148472,50.039493560791016,0.0,107.50854;83.835249;108.17078;117.03402;89.487233;118.05333;86.697402;85.209342;102.47198;92.587643;100.74184;98.930132;99.136065;93.433459;94.419352;116.50486;105.77879,9.422179275999952,9.41748657299999,176.35546875,f0008_s1_r1.npz,62030e633202610d988215e160d01e0356f0d19ffbd7d699693510f77d2d3181,44626
8,2,0,1e-07,0.5,-1.7816200597344998,-0.7829806520542029,1.0,33.38260415405377,circular,ballistic,inside,0.12646313695360248,0.06272282913148472,14.051718711853027,0.34099264705882354,107.50854;83.835249;108.17078;117.03402;89.487233;118.05333;86.697402;85.209342;102.47198;92.587643;100.74184;98.930132;99.136065;93.433459;94.419352;116.50486;105.77879,6.168014748000132,6.1681068610000125,181.3203125,f0008_s2_r0.npz,d2536f80065ed38bc04914399468f42b0169f4532997fdc3f6f420340d5555ba,45121
8,2,1,1e-07,1.0,-1.7816200597344998,-0.7829806520542029,1.0,33.38260415405377,circular,ballistic,inside,0.12646313695360248,0.06272282913148472,10.843615531921387,0.6594669117647058,107.50854;83.835249;108.17078;117.03402;89.487233;118.05333;86.697402;85.209342;102.47198;92.587643;100.74184;98.930132;99.136065;93.433459;94.419352;116.50486;105.77879,6.699539351000567,6.6965286479999975,176.16796875,f0008_s2_r1.npz,42c5cb00678a4b6d6785afdfd2d440e5d49c02970e7441863eb2f70bad5aa4c0,45956
9,0,0,1e-09,0.5,-1.3395273274121275,3.0,1.0,143.58466454323735,circular,diffusive,edge,0.09230479906238423,0.03791526227092647,83.83525085449219,0.0,107.50854;83.835249;108.17078;117.03402;89.487233;118.05333;86.697402;85.209342;102.47198;92.587643;100.74184;98.930132;99.136065;93.433459;94.419352;116.50486;105.77879,8.732929125000737,8.730917065,181.91796875,f0009_s0_r0.npz,dd538fcca4c91756e0f1e29f13ace3b79e2df3f9d874ab9e43aa077d9e293cff,44341
9,0,1,1e-09,1.0,-1.3395273274121275,3.0,1.0,143.58466454323735,circular,diffusive,edge,0.09230479906238423,0.03791526227092647,82.09716033935547,0.0,107.50854;83.835249;108.17078;117.03402;89.487233;118.05333;86.697402;85.209342;102.47198;92.587643;100.74184;98.930132;99.136065;93.433459;94.419352;116.50486;105.77879,7.208311919000153,7.208405927000001,181.3203125,f0009_s0_r1.npz,2b5798c6110265c7a36e4285ac85c093438e1cfaae4167290ee72eda062e24f8,44377
9,1,0,1e-08,0.5,-1.3395273274121275,3.0,1.0,143.58466454323735,circular,diffusive,edge,0.09230479906238423,0.03791526227092647,62.17282485961914,0.0,107.50854;83.835249;108.17078;117.03402;89.487233;118.05333;86.697402;85.209342;102.47198;92.587643;100.74184;98.930132;99.136065;93.433459;94.419352;116.50486;105.77879,5.8171352330000445,5.813869483000005,176.16796875,f0009_s1_r0.npz,f6db534cabf96fe18180ea066fef2a507ec2c3427e4a0a5350fd893dfa8d13ea,44426
9,1,1,1e-08,1.0,-1.3395273274121275,3.0,1.0,143.58466454323735,circular,diffusive,edge,0.09230479906238423,0.03791526227092647,55.46104431152344,0.0,107.50854;83.835249;108.17078;117.03402;89.487233;118.05333;86.697402;85.209342;102.47198;92.587643;100.74184;98.930132;99.136065;93.433459;94.419352;116.50486;105.77879,7.811519093000243,7.8090705020000115,176.35546875,f0009_s1_r1.npz,303f59ffc1d92adcb9b57ef8a6305f900bc46448628c100b13cdbfe3b44778bc,44535
9,2,0,1e-07,0.5,-1.3395273274121275,3.0,1.0,143.58466454323735,circular,diffusive,edge,0.09230479906238423,0.03791526227092647,15.52866268157959,0.21857766544117646,107.50854;83.835249;108.17078;117.03402;89.487233;118.05333;86.697402;85.209342;102.47198;92.587643;100.74184;98.930132;99.136065;93.433459;94.419352;116.50486;105.77879,7.9466979970002285,7.9436375899999945,181.91796875,f0009_s2_r0.npz,d0bb3ca97a784ce26d90357283b103847f074c665105bf64fdf453787fd7f446,44841
9,2,1,1e-07,1.0,-1.3395273274121275,3.0,1.0,143.58466454323735,circular,diffusive,edge,0.09230479906238423,0.03791526227092647,10.53554916381836,0.37589039522058826,107.50854;83.835249;108.17078;117.03402;89.487233;118.05333;86.697402;85.209342;102.47198;92.587643;100.74184;98.930132;99.136065;93.433459;94.419352;116.50486;105.77879,12.105630314000337,12.101538078000004,181.3203125,f0009_s2_r1.npz,4cafc8b8c2e47429f1efc37f01b6fad5bf309954758de0410e74161b0cf98b1b,45291
10,0,0,1e-09,0.5,-2.447914934102131,-0.27138104988994183,1.0,73.65809344233466,circular,diffusive,inside,0.05645176206915175,0.04766648913084648,82.98116302490234,0.0,107.50854;83.835249;108.17078;117.03402;89.487233;118.05333;86.697402;85.209342;102.47198;92.587643;100.74184;98.930132;99.136065;93.433459;94.419352;116.50486;105.77879,5.99298676699982,5.982760885999994,176.16796875,f0010_s0_r0.npz,3e3c5a759d12ff1f1d362899bf955853e5c0332741b87bb72eb96f0f97b16c54,44466
10,0,1,1e-09,1.0,-2.447914934102131,-0.27138104988994183,1.0,73.65809344233466,circular,diffusive,inside,0.05645176206915175,0.04766648913084648,80.55706787109375,0.0,107.50854;83.835249;108.17078;117.03402;89.487233;118.05333;86.697402;85.209342;102.47198;92.587643;100.74184;98.930132;99.136065;93.433459;94.419352;116.50486;105.77879,6.463297634999435,6.450702346,176.35546875,f0010_s0_r1.npz,cfa223dd02005fa9554350f1619064cde304237d0b5f72231de7f00fb7720f1e,44367
10,1,0,1e-08,0.5,-2.447914934102131,-0.27138104988994183,1.0,73.65809344233466,circular,diffusive,inside,0.05645176206915175,0.04766648913084648,65.71685028076172,0.0,107.50854;83.835249;108.17078;117.03402;89.487233;118.05333;86.697402;85.209342;102.47198;92.587643;100.74184;98.930132;99.136065;93.433459;94.419352;116.50486;105.77879,7.536989115000324,7.536669465000003,181.91796875,f0010_s1_r0.npz,5cbb9968ce7e95942a6e9dd20fbfc332378c192d0cbe0e426f551a207cc1ea9a,44512
10,1,1,1e-08,1.0,-2.447914934102131,-0.27138104988994183,1.0,73.65809344233466,circular,diffusive,inside,0.05645176206915175,0.04766648913084648,58.70034408569336,0.0,107.50854;83.835249;108.17078;117.03402;89.487233;118.05333;86.697402;85.209342;102.47198;92.587643;100.74184;98.930132;99.136065;93.433459;94.419352;116.50486;105.77879,7.248901611000292,7.246817846000013,176.16796875,f0010_s1_r1.npz,ec07fa883df2395108dfd30ea5de65c8b5258f386b7a8d967fd2383a007740fa,44585
10,2,0,1e-07,0.5,-2.447914934102131,-0.27138104988994183,1.0,73.65809344233466,circular,diffusive,inside,0.05645176206915175,0.04766648913084648,19.407127380371094,0.24572035845588236,107.50854;83.835249;108.17078;117.03402;89.487233;118.05333;86.697402;85.209342;102.47198;92.587643;100.74184;98.930132;99.136065;93.433459;94.419352;116.50486;105.77879,6.076704107999831,6.073697871000007,176.35546875,f0010_s2_r0.npz,2e372f1f69ace15b4e20d9fd31a97fcf5dc5c576ebbe8519b39a01eb8a2b5cf2,45080
10,2,1,1e-07,1.0,-2.447914934102131,-0.27138104988994183,1.0,73.65809344233466,circular,diffusive,inside,0.05645176206915175,0.04766648913084648,12.628618240356445,0.6018210018382353,107.50854;83.835249;108.17078;117.03402;89.487233;118.05333;86.697402;85.209342;102.47198;92.587643;100.74184;98.930132;99.136065;93.433459;94.419352;116.50486;105.77879,10.772457429000497,10.771968493999992,181.3203125,f0010_s2_r1.npz,eff898244a475944b44ca11bb93d62e3200f0490fc762445fbc32c4c08534a9e,45715
11,0,0,1e-09,0.5,-3.269164656336655,0.8381924561477581,1.0,64.08541636195379,circular,diffusive,outside,0.1213096458409274,0.05554640753125538,83.77665710449219,0.0,107.50854;83.835249;108.17078;117.03402;89.487233;118.05333;86.697402;85.209342;102.47198;92.587643;100.74184;98.930132;99.136065;93.433459;94.419352;116.50486;105.77879,6.516516095000043,6.516409592000002,181.91796875,f0011_s0_r0.npz,a577209e1558aac2fb8868055a1f31293466937f4dabd500ac8b668fd745c433,44395
11,0,1,1e-09,1.0,-3.269164656336655,0.8381924561477581,1.0,64.08541636195379,circular,diffusive,outside,0.1213096458409274,0.05554640753125538,81.45589447021484,0.0,107.50854;83.835249;108.17078;117.03402;89.487233;118.05333;86.697402;85.209342;102.47198;92.587643;100.74184;98.930132;99.136065;93.433459;94.419352;116.50486;105.77879,6.073487710999871,6.073460574999999,176.16796875,f0011_s0_r1.npz,165cdd0ccd561e014a850b2053f8bb74f2609415d42ceb505d4c7cd78aa3088a,44464
11,1,0,1e-08,0.5,-3.269164656336655,0.8381924561477581,1.0,64.08541636195379,circular,diffusive,outside,0.1213096458409274,0.05554640753125538,56.90727996826172,0.0,107.50854;83.835249;108.17078;117.03402;89.487233;118.05333;86.697402;85.209342;102.47198;92.587643;100.74184;98.930132;99.136065;93.433459;94.419352;116.50486;105.77879,6.332954661999793,6.332622224000005,176.35546875,f0011_s1_r0.npz,15144c8229b11aa3da84fd952a89b5e191b4d83e92eaf0ab17cacbafb9489c61,44509
11,1,1,1e-08,1.0,-3.269164656336655,0.8381924561477581,1.0,64.08541636195379,circular,diffusive,outside,0.1213096458409274,0.05554640753125538,49.52156066894531,0.0,107.50854;83.835249;108.17078;117.03402;89.487233;118.05333;86.697402;85.209342;102.47198;92.587643;100.74184;98.930132;99.136065;93.433459;94.419352;116.50486;105.77879,5.754062444999363,5.754008604000006,176.16796875,f0011_s1_r1.npz,1d7673440a235b6e46e093cde64332f57a804b4873aaaecfd3438af88a66d0fd,44577
11,2,0,1e-07,0.5,-3.269164656336655,0.8381924561477581,1.0,64.08541636195379,circular,diffusive,outside,0.1213096458409274,0.05554640753125538,11.608646392822266,0.15366498161764705,107.50854;83.835249;108.17078;117.03402;89.487233;118.05333;86.697402;85.209342;102.47198;92.587643;100.74184;98.930132;99.136065;93.433459;94.419352;116.50486;105.77879,5.797284028000831,5.797294047999998,181.91796875,f0011_s2_r0.npz,7f6ab404bcfd9802afd303ee6f1eff8c12c3abe81179cfa9c5c6f83d45d75d76,45051
11,2,1,1e-07,1.0,-3.269164656336655,0.8381924561477581,1.0,64.08541636195379,circular,diffusive,outside,0.1213096458409274,0.05554640753125538,9.046442985534668,0.38088809742647056,107.50854;83.835249;108.17078;117.03402;89.487233;118.05333;86.697402;85.209342;102.47198;92.587643;100.74184;98.930132;99.136065;93.433459;94.419352;116.50486;105.77879,6.669992120000643,6.669711663000001,176.35546875,f0011_s2_r1.npz,865e6f91341b7e137f7b4f2323882b297a1434aa1ce6f26f885b48e8f6efe188,45493
12,0,0,1e-09,0.5,-2.636395936412514,2.893736819186085,1.0,122.1085969602234,circular,diffusive,inside,0.060575346827514934,0.09376770202807648,83.83525085449219,0.0,107.50854;83.835249;108.17078;117.03402;89.487233;118.05333;86.697402;85.209342;102.47198;92.587643;100.74184;98.930132;99.136065;93.433459;94.419352;116.50486;105.77879,10.241096963000018,10.237250165000006,181.3203125,f0012_s0_r0.npz,b8fe8e719d2dcec1902a7cdfc7c33d4bf8499a40c0cde3d263dc3ac6c2b1d6f3,44384
12,0,1,1e-09,1.0,-2.636395936412514,2.893736819186085,1.0,122.1085969602234,circular,diffusive,inside,0.060575346827514934,0.09376770202807648,83.63157653808594,0.0,107.50854;83.835249;108.17078;117.03402;89.487233;118.05333;86.697402;85.209342;102.47198;92.587643;100.74184;98.930132;99.136065;93.433459;94.419352;116.50486;105.77879,5.912713368000368,5.911765103999997,176.16796875,f0012_s0_r1.npz,7f5de2a3e80b9310a350a833e1cdc842db234be1ebd8d76a8f6e41fb7889e951,44433
12,1,0,1e-08,0.5,-2.636395936412514,2.893736819186085,1.0,122.1085969602234,circular,diffusive,inside,0.060575346827514934,0.09376770202807648,57.07725524902344,0.0,107.50854;83.835249;108.17078;117.03402;89.487233;118.05333;86.697402;85.209342;102.47198;92.587643;100.74184;98.930132;99.136065;93.433459;94.419352;116.50486;105.77879,7.067338576000111,7.066481260999993,181.91796875,f0012_s1_r0.npz,02ca8da633a2170fe76528f04c2343f3b486d910ae23a8249debd17c36e3346f,44474
12,1,1,1e-08,1.0,-2.636395936412514,2.893736819186085,1.0,122.1085969602234,circular,diffusive,inside,0.060575346827514934,0.09376770202807648,50.316043853759766,0.0,107.50854;83.835249;108.17078;117.03402;89.487233;118.05333;86.697402;85.209342;102.47198;92.587643;100.74184;98.930132;99.136065;93.433459;94.419352;116.50486;105.77879,5.895619781000278,5.895505186999998,176.35546875,f0012_s1_r1.npz,626244414542ea77058f0d58081d4e65a86bdaba4c2ae90ba7da5dec880fd575,44552
12,2,0,1e-07,0.5,-2.636395936412514,2.893736819186085,1.0,122.1085969602234,circular,diffusive,inside,0.060575346827514934,0.09376770202807648,11.904601097106934,0.17839499080882354,107.50854;83.835249;108.17078;117.03402;89.487233;118.05333;86.697402;85.209342;102.47198;92.587643;100.74184;98.930132;99.136065;93.433459;94.419352;116.50486;105.77879,5.731144489000144,5.7309165949999965,176.16796875,f0012_s2_r0.npz,2a9d677a48f50a2b49f8b83f417ee96f787fb2b894adb0c3fa94cc8fd9c3d5b2,44934
12,2,1,1e-07,1.0,-2.636395936412514,2.893736819186085,1.0,122.1085969602234,circular,diffusive,inside,0.060575346827514934,0.09376770202807648,9.79690170288086,0.3484030330882353,107.50854;83.835249;108.17078;117.03402;89.487233;118.05333;86.697402;85.209342;102.47198;92.587643;100.74184;98.930132;99.136065;93.433459;94.419352;116.50486;105.77879,7.0927246860001105,7.092764853999995,181.91796875,f0012_s2_r1.npz,8c8b44efe2c0e885767e6a92e10acdecb5c070b9ffc92ef7e7f7371a0911bdb6,45399
13,0,0,1e-09,0.5,-3.0,-0.4210192483483084,1.0,6.86788498268122,circular,diffusive,edge,0.059306819051477916,0.101732694697257,82.3924560546875,0.0,107.50854;83.835249;108.17078;117.03402;89.487233;118.05333;86.697402;85.209342;102.47198;92.587643;100.74184;98.930132;99.136065;93.433459;94.419352;116.50486;105.77879,9.496764737000376,9.496315392000014,181.3203125,f0013_s0_r0.npz,5de64d2333502d654e353b6eb5d2c0fdd449529a1a317b735df5f886fe2540cc,44409
13,0,1,1e-09,1.0,-3.0,-0.4210192483483084,1.0,6.86788498268122,circular,diffusive,edge,0.059306819051477916,0.101732694697257,79.98902893066406,0.0,107.50854;83.835249;108.17078;117.03402;89.487233;118.05333;86.697402;85.209342;102.47198;92.587643;100.74184;98.930132;99.136065;93.433459;94.419352;116.50486;105.77879,5.957989520999945,5.957967336000024,176.35546875,f0013_s0_r1.npz,547cc7fd714176cdfe44c13c2a56657d4046251d315972208d206287a2d15530,44394
13,1,0,1e-08,0.5,-3.0,-0.4210192483483084,1.0,6.86788498268122,circular,diffusive,edge,0.059306819051477916,0.101732694697257,62.462764739990234,0.0,107.50854;83.835249;108.17078;117.03402;89.487233;118.05333;86.697402;85.209342;102.47198;92.587643;100.74184;98.930132;99.136065;93.433459;94.419352;116.50486;105.77879,5.629550149000352,5.629544240999991,176.16796875,f0013_s1_r0.npz,0198163f0ad9a8cff553f73b70d015d18ecde4c27358e77bf052cb3aa8ba624a,44488
13,1,1,1e-08,1.0,-3.0,-0.4210192483483084,1.0,6.86788498268122,circular,diffusive,edge,0.059306819051477916,0.101732694697257,56.339107513427734,0.0,107.50854;83.835249;108.17078;117.03402;89.487233;118.05333;86.697402;85.209342;102.47198;92.587643;100.74184;98.930132;99.136065;93.433459;94.419352;116.50486;105.77879,7.142453018999731,7.14248493300002,181.91796875,f0013_s1_r1.npz,f52e80a41de9db05ed1901cb2fdca345ce5806d83db5fd61295d60e67d08f167,44663
13,2,0,1e-07,0.5,-3.0,-0.4210192483483084,1.0,6.86788498268122,circular,diffusive,edge,0.059306819051477916,0.101732694697257,14.1636962890625,0.27042164522058826,107.50854;83.835249;108.17078;117.03402;89.487233;118.05333;86.697402;85.209342;102.47198;92.587643;100.74184;98.930132;99.136065;93.433459;94.419352;116.50486;105.77879,6.14349396399939,6.143113166000006,176.35546875,f0013_s2_r0.npz,48457cc2dc5d5d20b07b6b83512c8ee7afc6c248a5a590998f4ae33d29764d63,45136
13,2,1,1e-07,1.0,-3.0,-0.4210192483483084,1.0,6.86788498268122,circular,diffusive,edge,0.059306819051477916,0.101732694697257,11.589861869812012,0.4244600183823529,107.50854;83.835249;108.17078;117.03402;89.487233;118.05333;86.697402;85.209342;102.47198;92.587643;100.74184;98.930132;99.136065;93.433459;94.419352;116.50486;105.77879,7.2923439879996295,7.29154394599999,181.3203125,f0013_s2_r1.npz,ce7bb031c8c115f98e26528d54787a1dc8d716e4c0e628a4bb62ee67fefc23aa,45535
14,0,0,1e-09,0.5,0.8484666015212912,0.18559316481429455,2.25090926029455,3.1614414553046766,elliptical,diffusive,inside,0.08021574104037939,0.0872342443790121,78.82283782958984,0.0,107.50854;83.835249;108.17078;117.03402;89.487233;118.05333;86.697402;85.209342;102.47198;92.587643;100.74184;98.930132;99.136065;93.433459;94.419352;116.50486;105.77879,5.95754000100078,5.9574905460000025,176.16796875,f0014_s0_r0.npz,35903a8fde1e77adc18742741f55f8173851041f333b4ef4e3f5e64ed10dad5a,44415
14,0,1,1e-09,1.0,0.8484666015212912,0.18559316481429455,2.25090926029455,3.1614414553046766,elliptical,diffusive,inside,0.08021574104037939,0.0872342443790121,76.71990966796875,0.0,107.50854;83.835249;108.17078;117.03402;89.487233;118.05333;86.697402;85.209342;102.47198;92.587643;100.74184;98.930132;99.136065;93.433459;94.419352;116.50486;105.77879,10.39144771700012,10.387868650000001,176.35546875,f0014_s0_r1.npz,d4f1b326fbbddc82c60c761150d3850f4d7c65cabef16502fe40889a151ee60a,44483
14,1,0,1e-08,0.5,0.8484666015212912,0.18559316481429455,2.25090926029455,3.1614414553046766,elliptical,diffusive,inside,0.08021574104037939,0.0872342443790121,41.6227912902832,0.0,107.50854;83.835249;108.17078;117.03402;89.487233;118.05333;86.697402;85.209342;102.47198;92.587643;100.74184;98.930132;99.136065;93.433459;94.419352;116.50486;105.77879,6.242106138999588,6.241489605000027,181.91796875,f0014_s1_r0.npz,618a407ae2afcbb4ccfe96fef6215e3a96522f283fe85d20e3c32c2ef5d8cf2a,44593
14,1,1,1e-08,1.0,0.8484666015212912,0.18559316481429455,2.25090926029455,3.1614414553046766,elliptical,diffusive,inside,0.08021574104037939,0.0872342443790121,40.143455505371094,0.0,107.50854;83.835249;108.17078;117.03402;89.487233;118.05333;86.697402;85.209342;102.47198;92.587643;100.74184;98.930132;99.136065;93.433459;94.419352;116.50486;105.77879,6.798882699999922,6.798687602000001,176.16796875,f0014_s1_r1.npz,7dcb46df808ee1ed4e0dce1112674d0d35fdc3f2896d180742ae48c9878d90a4,44721
14,2,0,1e-07,0.5,0.8484666015212912,0.18559316481429455,2.25090926029455,3.1614414553046766,elliptical,diffusive,inside,0.08021574104037939,0.0872342443790121,6.597357749938965,0.4566004136029412,107.50854;83.835249;108.17078;117.03402;89.487233;118.05333;86.697402;85.209342;102.47198;92.587643;100.74184;98.930132;99.136065;93.433459;94.419352;116.50486;105.77879,6.286401962999662,6.286243326999994,181.3203125,f0014_s2_r0.npz,41933200ce19cada6dbfed5628a4a6ae50c766dd6d058f2ccd348326199eb7af,45801
14,2,1,1e-07,1.0,0.8484666015212912,0.18559316481429455,2.25090926029455,3.1614414553046766,elliptical,diffusive,inside,0.08021574104037939,0.0872342443790121,6.2374467849731445,0.6268669577205882,107.50854;83.835249;108.17078;117.03402;89.487233;118.05333;86.697402;85.209342;102.47198;92.587643;100.74184;98.930132;99.136065;93.433459;94.419352;116.50486;105.77879,7.017848579999736,7.000592170999994,181.91796875,f0014_s2_r1.npz,61faf3f871ee6055b5b61128e96e1d324f79bb770f15dd138b8209a9d2af57ed,46217
15,0,0,1e-09,0.5,-1.8897014989063141,-3.402125737521887,2.03672827594076,53.08137641957927,elliptical,diffusive,outside,0.11632536471915393,0.07473337065147709,79.8217544555664,0.0,107.50854;83.835249;108.17078;117.03402;89.487233;118.05333;86.697402;85.209342;102.47198;92.587643;100.74184;98.930132;99.136065;93.433459;94.419352;116.50486;105.77879,6.935237233999942,6.934755523000007,176.16796875,f0015_s0_r0.npz,a8b6a3d9dc27672e791d90f227bba61d47b685e6d53606d89ba6fde5ec5230c6,44351
15,0,1,1e-09,1.0,-1.8897014989063141,-3.402125737521887,2.03672827594076,53.08137641957927,elliptical,diffusive,outside,0.11632536471915393,0.07473337065147709,79.40729522705078,0.0,107.50854;83.835249;108.17078;117.03402;89.487233;118.05333;86.697402;85.209342;102.47198;92.587643;100.74184;98.930132;99.136065;93.433459;94.419352;116.50486;105.77879,7.041830674000266,7.0272515910000095,181.3203125,f0015_s0_r1.npz,7bd0d1241d0a4eec35c5995ce33572ee4665656388d81b88d1cafdaa773b97db,44396
15,1,0,1e-08,0.5,-1.8897014989063141,-3.402125737521887,2.03672827594076,53.08137641957927,elliptical,diffusive,outside,0.11632536471915393,0.07473337065147709,55.79043197631836,0.0,107.50854;83.835249;108.17078;117.03402;89.487233;118.05333;86.697402;85.209342;102.47198;92.587643;100.74184;98.930132;99.136065;93.433459;94.419352;116.50486;105.77879,8.742566775000341,8.742129527000003,176.35546875,f0015_s1_r0.npz,f8a15ae6b417f9b484ddcb0808c629f973a46369a3ee91a21ca74df24bb8a3b0,44423
15,1,1,1e-08,1.0,-1.8897014989063141,-3.402125737521887,2.03672827594076,53.08137641957927,elliptical,diffusive,outside,0.11632536471915393,0.07473337065147709,53.82780075073242,0.0,107.50854;83.835249;108.17078;117.03402;89.487233;118.05333;86.697402;85.209342;102.47198;92.587643;100.74184;98.930132;99.136065;93.433459;94.419352;116.50486;105.77879,9.338561835999826,9.336095540000002,181.91796875,f0015_s1_r1.npz,613c986892d6c10fe2dc90df3ae1750ea05b8ae24acd82ab32aeadb0e65ac796,44596
15,2,0,1e-07,0.5,-1.8897014989063141,-3.402125737521887,2.03672827594076,53.08137641957927,elliptical,diffusive,outside,0.11632536471915393,0.07473337065147709,13.939157485961914,0.22765395220588236,107.50854;83.835249;108.17078;117.03402;89.487233;118.05333;86.697402;85.209342;102.47198;92.587643;100.74184;98.930132;99.136065;93.433459;94.419352;116.50486;105.77879,7.6510730019999755,7.651176191000019,176.16796875,f0015_s2_r0.npz,2549adbab58b0222213a02dfddc1b7ded95334bbdac9ac791d75782c9418796f,44966
15,2,1,1e-07,1.0,-1.8897014989063141,-3.402125737521887,2.03672827594076,53.08137641957927,elliptical,diffusive,outside,0.11632536471915393,0.07473337065147709,10.605481147766113,0.25588809742647056,107.50854;83.835249;108.17078;117.03402;89.487233;118.05333;86.697402;85.209342;102.47198;92.587643;100.74184;98.930132;99.136065;93.433459;94.419352;116.50486;105.77879,9.822043787999974,9.821238045000001,181.3203125,f0015_s2_r1.npz,7db29c0a9040beb2b54c222970fe1ad06418129051ab73c615077f90f24da66a,45224
16,0,0,1e-09,0.5,3.6391271470504805,2.2616848336586957,1.0,124.12547152360263,circular,diffusive,outside,0.055676952753489856,0.11844831263774018,83.83525085449219,0.0,107.50854;83.835249;108.17078;117.03402;89.487233;118.05333;86.697402;85.209342;102.47198;92.587643;100.74184;98.930132;99.136065;93.433459;94.419352;116.50486;105.77879,8.418629959999635,8.416422490000002,176.35546875,f0016_s0_r0.npz,4c5fd0599f3128d4e4bdd88cc09e60b480a0287f15b0a3ee94a3871f87dbc560,44511
16,0,1,1e-09,1.0,3.6391271470504805,2.2616848336586957,1.0,124.12547152360263,circular,diffusive,outside,0.055676952753489856,0.11844831263774018,83.11788940429688,0.0,107.50854;83.835249;108.17078;117.03402;89.487233;118.05333;86.697402;85.209342;102.47198;92.587643;100.74184;98.930132;99.136065;93.433459;94.419352;116.50486;105.77879,10.434323946999939,10.433520192000003,181.91796875,f0016_s0_r1.npz,baa44cda8c139eb5c03bfffff442564686f5444754e5fa5bea2e730589b55532,44426
16,1,0,1e-08,0.5,3.6391271470504805,2.2616848336586957,1.0,124.12547152360263,circular,diffusive,outside,0.055676952753489856,0.11844831263774018,75.3899154663086,0.0,107.50854;83.835249;108.17078;117.03402;89.487233;118.05333;86.697402;85.209342;102.47198;92.587643;100.74184;98.930132;99.136065;93.433459;94.419352;116.50486;105.77879,8.6777195880004,8.677547783999984,176.16796875,f0016_s1_r0.npz,a3e61ccdd555a3487c686f3a237a896c9c61b41dfa013e9a053f9226802e0d63,44429
16,1,1,1e-08,1.0,3.6391271470504805,2.2616848336586957,1.0,124.12547152360263,circular,diffusive,outside,0.055676952753489856,0.11844831263774018,58.769683837890625,0.0,107.50854;83.835249;108.17078;117.03402;89.487233;118.05333;86.697402;85.209342;102.47198;92.587643;100.74184;98.930132;99.136065;93.433459;94.419352;116.50486;105.77879,10.830707092000011,10.829582791000007,181.3203125,f0016_s1_r1.npz,78ee367e89113cbbfa16865b7516f50f1e6a6f9534d2a06fedb3d469f328a3eb,44559
16,2,0,1e-07,0.5,3.6391271470504805,2.2616848336586957,1.0,124.12547152360263,circular,diffusive,outside,0.055676952753489856,0.11844831263774018,18.082277297973633,0.08711511948529412,107.50854;83.835249;108.17078;117.03402;89.487233;118.05333;86.697402;85.209342;102.47198;92.587643;100.74184;98.930132;99.136065;93.433459;94.419352;116.50486;105.77879,9.618097586999284,9.611945603999999,176.35546875,f0016_s2_r0.npz,01b7734ae8e676ded34d71eff6cfd692334c576f51b1ac1d86d8a4861e821235,44789
16,2,1,1e-07,1.0,3.6391271470504805,2.2616848336586957,1.0,124.12547152360263,circular,diffusive,outside,0.055676952753489856,0.11844831263774018,11.787586212158203,0.33185891544117646,107.50854;83.835249;108.17078;117.03402;89.487233;118.05333;86.697402;85.209342;102.47198;92.587643;100.74184;98.930132;99.136065;93.433459;94.419352;116.50486;105.77879,9.477046236000206,9.477076694000004,176.16796875,f0016_s2_r1.npz,ad6b864e8c772ff85af661980ced4fe8ec4e3867cf7be9bb4404a91088779db2,45252
17,0,0,1e-09,0.5,-3.0,-1.1690888097692391,2.3519246084202563,156.7455453216593,elliptical,diffusive,edge,0.11761246807177723,0.021353720596962427,83.03518676757812,0.0,107.50854;83.835249;108.17078;117.03402;89.487233;118.05333;86.697402;85.209342;102.47198;92.587643;100.74184;98.930132;99.136065;93.433459;94.419352;116.50486;105.77879,10.742713644000105,10.738990803000007,181.91796875,f0017_s0_r0.npz,8407ddbe3296e9436b938ad89f279240ed233f0f0ad9c8c4bc6ab2fff1141621,44489
17,0,1,1e-09,1.0,-3.0,-1.1690888097692391,2.3519246084202563,156.7455453216593,elliptical,diffusive,edge,0.11761246807177723,0.021353720596962427,81.65054321289062,0.0,107.50854;83.835249;108.17078;117.03402;89.487233;118.05333;86.697402;85.209342;102.47198;92.587643;100.74184;98.930132;99.136065;93.433459;94.419352;116.50486;105.77879,10.810036253999897,10.806636480000009,181.3203125,f0017_s0_r1.npz,efbf746ae6657ee116357b009d9c31abaac58f4331db6aab5acf1a07fdf96e3d,44374
17,1,0,1e-08,0.5,-3.0,-1.1690888097692391,2.3519246084202563,156.7455453216593,elliptical,diffusive,edge,0.11761246807177723,0.021353720596962427,69.08573913574219,0.0,107.50854;83.835249;108.17078;117.03402;89.487233;118.05333;86.697402;85.209342;102.47198;92.587643;100.74184;98.930132;99.136065;93.433459;94.419352;116.50486;105.77879,11.15809450100005,11.157321605999982,176.35546875,f0017_s1_r0.npz,8dfd1c6ef281c10522940c28895c0d65bc3355b4adc76a882fb64e9edef3296a,44441
17,1,1,1e-08,1.0,-3.0,-1.1690888097692391,2.3519246084202563,156.7455453216593,elliptical,diffusive,edge,0.11761246807177723,0.021353720596962427,61.263755798339844,0.0,107.50854;83.835249;108.17078;117.03402;89.487233;118.05333;86.697402;85.209342;102.47198;92.587643;100.74184;98.930132;99.136065;93.433459;94.419352;116.50486;105.77879,10.4999504540001,10.49993959699998,176.16796875,f0017_s1_r1.npz,d085699526a2c882f86653ba7f5deca868bc1ee3e61ee842f4815f364ea9ab94,44467
17,2,0,1e-07,0.5,-3.0,-1.1690888097692391,2.3519246084202563,156.7455453216593,elliptical,diffusive,edge,0.11761246807177723,0.021353720596962427,16.414579391479492,0.05184397977941176,107.50854;83.835249;108.17078;117.03402;89.487233;118.05333;86.697402;85.209342;102.47198;92.587643;100.74184;98.930132;99.136065;93.433459;94.419352;116.50486;105.77879,11.000906918999135,10.995545956,181.91796875,f0017_s2_r0.npz,25ac1f6a2624d3c063b2bc568b12b5457e872f0548a4e83100c920ed6bf53c7a,44765
17,2,1,1e-07,1.0,-3.0,-1.1690888097692391,2.3519246084202563,156.7455453216593,elliptical,diffusive,edge,0.11761246807177723,0.021353720596962427,13.16331958770752,0.3058938419117647,107.50854;83.835249;108.17078;117.03402;89.487233;118.05333;86.697402;85.209342;102.47198;92.587643;100.74184;98.930132;99.136065;93.433459;94.419352;116.50486;105.77879,10.835486160000073,10.83550696499998,181.3203125,f0017_s2_r1.npz,5f7222b6f62377ccde6a3641fe7d79e7c14162b99748775d0f652c6934648cec,45073
18,0,0,1e-09,0.5,1.353826917309524,1.316598072427519,1.0938387589706902,51.026109774545304,elliptical,ballistic,inside,0.125662909508447,0.07490482293193305,81.20156860351562,0.0,107.50854;83.835249;108.17078;117.03402;89.487233;118.05333;86.697402;85.209342;102.47198;92.587643;100.74184;98.930132;99.136065;93.433459;94.419352;116.50486;105.77879,11.102363533000243,11.102210718999999,176.35546875,f0018_s0_r0.npz,9176b759a5b3e2dae7a9caa0488ef7770bf8891add964d4190aebb8a84254ae7,44455
18,0,1,1e-09,1.0,1.353826917309524,1.316598072427519,1.0938387589706902,51.026109774545304,elliptical,ballistic,inside,0.125662909508447,0.07490482293193305,79.26788330078125,0.0,107.50854;83.835249;108.17078;117.03402;89.487233;118.05333;86.697402;85.209342;102.47198;92.587643;100.74184;98.930132;99.136065;93.433459;94.419352;116.50486;105.77879,10.519572304000576,10.516564381999984,176.16796875,f0018_s0_r1.npz,8b00d9089e94080ffb94d8209ca654790a2690bca12085b13ba25226f77fd407,44476
18,1,0,1e-08,0.5,1.353826917309524,1.316598072427519,1.0938387589706902,51.026109774545304,elliptical,ballistic,inside,0.125662909508447,0.07490482293193305,52.798030853271484,0.0,107.50854;83.835249;108.17078;117.03402;89.487233;118.05333;86.697402;85.209342;102.47198;92.587643;100.74184;98.930132;99.136065;93.433459;94.419352;116.50486;105.77879,10.338629767999919,10.335761118000022,181.91796875,f0018_s1_r0.npz,27ab75ba77a8d196f6904f9d3f7bf26874ecfea220a4e2d617930520250ecdc6,44631
18,1,1,1e-08,1.0,1.353826917309524,1.316598072427519,1.0938387589706902,51.026109774545304,elliptical,ballistic,inside,0.125662909508447,0.07490482293193305,48.71146774291992,0.0,107.50854;83.835249;108.17078;117.03402;89.487233;118.05333;86.697402;85.209342;102.47198;92.587643;100.74184;98.930132;99.136065;93.433459;94.419352;116.50486;105.77879,9.682470395000564,9.681534848000013,181.3203125,f0018_s1_r1.npz,aa3a9216ef833c0855553765e5208a1c130d635e31b50aace219d40b9972d5b9,44674
18,2,0,1e-07,0.5,1.353826917309524,1.316598072427519,1.0938387589706902,51.026109774545304,elliptical,ballistic,inside,0.125662909508447,0.07490482293193305,10.661977767944336,0.42957261029411764,107.50854;83.835249;108.17078;117.03402;89.487233;118.05333;86.697402;85.209342;102.47198;92.587643;100.74184;98.930132;99.136065;93.433459;94.419352;116.50486;105.77879,10.930948514000193,10.930669219999999,176.35546875,f0018_s2_r0.npz,41c1b4b7db2e0934029fb3bea585eaf542ae463b43cb54cc4beb39cf6051233a,45525
18,2,1,1e-07,1.0,1.353826917309524,1.316598072427519,1.0938387589706902,51.026109774545304,elliptical,ballistic,inside,0.125662909508447,0.07490482293193305,10.065656661987305,0.8310259650735294,107.50854;83.835249;108.17078;117.03402;89.487233;118.05333;86.697402;85.209342;102.47198;92.587643;100.74184;98.930132;99.136065;93.433459;94.419352;116.50486;105.77879,9.186610468999788,9.186094782000026,176.16796875,f0018_s2_r1.npz,f8d3b4b7a4974ef667828b3be680fefbbb4815a740a93b07072b496db6f137a0,46406
19,0,0,1e-09,0.5,2.0203759673454833,3.8457207003066545,2.1165367190883773,48.82385501217109,elliptical,ballistic,outside,0.11146995800731932,0.0282373590236144,83.83516693115234,0.0,107.50854;83.835249;108.17078;117.03402;89.487233;118.05333;86.697402;85.209342;102.47198;92.587643;100.74184;98.930132;99.136065;93.433459;94.419352;116.50486;105.77879,9.457306563000202,9.456484380999996,181.91796875,f0019_s0_r0.npz,616a3b6c7b7f2efb19f9bfbe800b1c0132ab9604930c0dcb3ab2c9dd681a7766,44351
19,0,1,1e-09,1.0,2.0203759673454833,3.8457207003066545,2.1165367190883773,48.82385501217109,elliptical,ballistic,outside,0.11146995800731932,0.0282373590236144,82.58637237548828,0.0,107.50854;83.835249;108.17078;117.03402;89.487233;118.05333;86.697402;85.209342;102.47198;92.587643;100.74184;98.930132;99.136065;93.433459;94.419352;116.50486;105.77879,9.47767802600083,9.474937901999994,181.3203125,f0019_s0_r1.npz,9cde68c4ffe01cc1211c774844d3397d12df249f1f0186e790856410023434dd,44420
19,1,0,1e-08,0.5,2.0203759673454833,3.8457207003066545,2.1165367190883773,48.82385501217109,elliptical,ballistic,outside,0.11146995800731932,0.0282373590236144,51.002750396728516,0.0,107.50854;83.835249;108.17078;117.03402;89.487233;118.05333;86.697402;85.209342;102.47198;92.587643;100.74184;98.930132;99.136065;93.433459;94.419352;116.50486;105.77879,10.565017113000067,10.560469034000022,176.35546875,f0019_s1_r0.npz,2ad3c5810d034eb643a6598d021457f6e4789f58b78968986bde1684feb129e3,44517
19,1,1,1e-08,1.0,2.0203759673454833,3.8457207003066545,2.1165367190883773,48.82385501217109,elliptical,ballistic,outside,0.11146995800731932,0.0282373590236144,46.8544807434082,0.0,107.50854;83.835249;108.17078;117.03402;89.487233;118.05333;86.697402;85.209342;102.47198;92.587643;100.74184;98.930132;99.136065;93.433459;94.419352;116.50486;105.77879,9.335175932999846,9.327726529999978,176.16796875,f0019_s1_r1.npz,e5e16a6076f4d187115e3b2420af9813295fadaecbf3af2e4ba04797be8046be,44571
19,2,0,1e-07,0.5,2.0203759673454833,3.8457207003066545,2.1165367190883773,48.82385501217109,elliptical,ballistic,outside,0.11146995800731932,0.0282373590236144,9.04499340057373,0.14073988970588236,107.50854;83.835249;108.17078;117.03402;89.487233;118.05333;86.697402;85.209342;102.47198;92.587643;100.74184;98.930132;99.136065;93.433459;94.419352;116.50486;105.77879,9.378105652999693,9.371807617000002,181.91796875,f0019_s2_r0.npz,a467e168be6738fedb95e82c8b23c1a099c0a2073555f032549e787e5c17c54b,44940
19,2,1,1e-07,1.0,2.0203759673454833,3.8457207003066545,2.1165367190883773,48.82385501217109,elliptical,ballistic,outside,0.11146995800731932,0.0282373590236144,7.827164649963379,0.5415900735294118,107.50854;83.835249;108.17078;117.03402;89.487233;118.05333;86.697402;85.209342;102.47198;92.587643;100.74184;98.930132;99.136065;93.433459;94.419352;116.50486;105.77879,9.11526334700011,9.110239543999995,181.3203125,f0019_s2_r1.npz,0bf9baa5c3231527f22ed71d035b6f318c9ca767c3d16445e0e2a3afee746729,45759
20,0,0,1e-09,0.5,0.5402301183524107,3.0,1.7983378553441538,37.287264833654696,elliptical,ballistic,edge,0.06609872777666856,0.08905082133899565,83.83443450927734,0.0,107.50854;83.835249;108.17078;117.03402;89.487233;118.05333;86.697402;85.209342;102.47198;92.587643;100.74184;98.930132;99.136065;93.433459;94.419352;116.50486;105.77879,9.316788258000088,9.312352860000004,176.35546875,f0020_s0_r0.npz,e5bff4e22cc44a32abeda1f1be3584b77550c4068d023c32899ddfda80589fd8,44324
20,0,1,1e-09,1.0,0.5402301183524107,3.0,1.7983378553441538,37.287264833654696,elliptical,ballistic,edge,0.06609872777666856,0.08905082133899565,83.00752258300781,0.0,107.50854;83.835249;108.17078;117.03402;89.487233;118.05333;86.697402;85.209342;102.47198;92.587643;100.74184;98.930132;99.136065;93.433459;94.419352;116.50486;105.77879,7.875015184999938,7.871795291000012,176.16796875,f0020_s0_r1.npz,3c876d06ae0ca850244c7d5842f40afed4469dc335f6fc1c3f8d560b998268c5,44488
20,1,0,1e-08,0.5,0.5402301183524107,3.0,1.7983378553441538,37.287264833654696,elliptical,ballistic,edge,0.06609872777666856,0.08905082133899565,55.8940315246582,0.0,107.50854;83.835249;108.17078;117.03402;89.487233;118.05333;86.697402;85.209342;102.47198;92.587643;100.74184;98.930132;99.136065;93.433459;94.419352;116.50486;105.77879,7.553376922000098,7.550745172999996,181.91796875,f0020_s1_r0.npz,9fad3b30458f8cc30d9daaee5d699ad85d6349eaaa293032f30efd9f91718770,44467
20,1,1,1e-08,1.0,0.5402301183524107,3.0,1.7983378553441538,37.287264833654696,elliptical,ballistic,edge,0.06609872777666856,0.08905082133899565,54.7653923034668,0.0,107.50854;83.835249;108.17078;117.03402;89.487233;118.05333;86.697402;85.209342;102.47198;92.587643;100.74184;98.930132;99.136065;93.433459;94.419352;116.50486;105.77879,8.060054202000174,8.057716126000003,181.3203125,f0020_s1_r1.npz,0cf07545e810bb6e7f5e3ffcc48a3adac80d0fbbf875783dece0cfbb804cdb5b,44609
20,2,0,1e-07,0.5,0.5402301183524107,3.0,1.7983378553441538,37.287264833654696,elliptical,ballistic,edge,0.06609872777666856,0.08905082133899565,10.691725730895996,0.14298023897058823,107.50854;83.835249;108.17078;117.03402;89.487233;118.05333;86.697402;85.209342;102.47198;92.587643;100.74184;98.930132;99.136065;93.433459;94.419352;116.50486;105.77879,9.0831155449996,9.079672342999999,176.16796875,f0020_s2_r0.npz,25b1857dd4113d93ec80ba39f8ea6d3829e9bb0001b6fb68e2fc0ee6f0eb5646,45119
20,2,1,1e-07,1.0,0.5402301183524107,3.0,1.7983378553441538,37.287264833654696,elliptical,ballistic,edge,0.06609872777666856,0.08905082133899565,10.289015769958496,0.5645105698529411,107.50854;83.835249;108.17078;117.03402;89.487233;118.05333;86.697402;85.209342;102.47198;92.587643;100.74184;98.930132;99.136065;93.433459;94.419352;116.50486;105.77879,9.226958522000132,9.224835256000006,176.35546875,f0020_s2_r1.npz,416e39d9eb63b0ca625fba4ce6c5de1758cb1630aeb997e840b8904bec63baf9,45752
21,0,0,1e-09,0.5,3.0,0.46133812280709385,1.0,119.40630140765006,circular,ballistic,edge,0.1203016638047233,0.1139481207840567,83.46073150634766,0.0,107.50854;83.835249;108.17078;117.03402;89.487233;118.05333;86.697402;85.209342;102.47198;92.587643;100.74184;98.930132;99.136065;93.433459;94.419352;116.50486;105.77879,7.655517100999532,7.653586659000013,181.91796875,f0021_s0_r0.npz,d792671dec503f64830d3aa29aa4cd1bd68908519bb49a1bfc7fc18e6d0266ea,44442
21,0,1,1e-09,1.0,3.0,0.46133812280709385,1.0,119.40630140765006,circular,ballistic,edge,0.1203016638047233,0.1139481207840567,79.46766662597656,0.0,107.50854;83.835249;108.17078;117.03402;89.487233;118.05333;86.697402;85.209342;102.47198;92.587643;100.74184;98.930132;99.136065;93.433459;94.419352;116.50486;105.77879,7.418917054000303,7.4167268539999895,181.3203125,f0021_s0_r1.npz,6505b38403ef4214bdf2c6a8e65c8eccec14f52821c35888bebdfd57b8c3e258,44465
21,1,0,1e-08,0.5,3.0,0.46133812280709385,1.0,119.40630140765006,circular,ballistic,edge,0.1203016638047233,0.1139481207840567,44.941368103027344,0.0,107.50854;83.835249;108.17078;117.03402;89.487233;118.05333;86.697402;85.209342;102.47198;92.587643;100.74184;98.930132;99.136065;93.433459;94.419352;116.50486;105.77879,8.180079243999899,8.17820758800002,176.16796875,f0021_s1_r0.npz,7be431d1a916bc49ddddd21624352bd7e0473c66f7164df134a468cbf6839b00,44504
21,1,1,1e-08,1.0,3.0,0.46133812280709385,1.0,119.40630140765006,circular,ballistic,edge,0.1203016638047233,0.1139481207840567,38.6029052734375,0.0,107.50854;83.835249;108.17078;117.03402;89.487233;118.05333;86.697402;85.209342;102.47198;92.587643;100.74184;98.930132;99.136065;93.433459;94.419352;116.50486;105.77879,7.914116698999351,7.9117141790000005,181.91796875,f0021_s1_r1.npz,f00201e978a410268a03ddcf03a4e3cc8bb7d9f19ba7d6cee7921e9e935bf3cb,44657
21,2,0,1e-07,0.5,3.0,0.46133812280709385,1.0,119.40630140765006,circular,ballistic,edge,0.1203016638047233,0.1139481207840567,8.014721870422363,0.1816693474264706,107.50854;83.835249;108.17078;117.03402;89.487233;118.05333;86.697402;85.209342;102.47198;92.587643;100.74184;98.930132;99.136065;93.433459;94.419352;116.50486;105.77879,8.768227894999654,8.766753754999996,180.95703125,f0021_s2_r0.npz,91c0a44857922dd4bef77a4f62314f99a19106007f5ca758c4876971dea9ce88,45153
21,2,1,1e-07,1.0,3.0,0.46133812280709385,1.0,119.40630140765006,circular,ballistic,edge,0.1203016638047233,0.1139481207840567,6.214535713195801,0.60546875,107.50854;83.835249;108.17078;117.03402;89.487233;118.05333;86.697402;85.209342;102.47198;92.587643;100.74184;98.930132;99.136065;93.433459;94.419352;116.50486;105.77879,7.329832600999907,7.328914077000007,181.3203125,f0021_s2_r1.npz,ef192fcfa75165549e15203efffcef5dba98042b847718c8a857c4d3855909ad,45930
22,0,0,1e-09,0.5,3.2667374982528092,1.6397254677804805,1.0,3.757837259571546,circular,ballistic,outside,0.09311066413199326,0.02970236269476189,83.83525085449219,0.0,107.50854;83.835249;108.17078;117.03402;89.487233;118.05333;86.697402;85.209342;102.47198;92.587643;100.74184;98.930132;99.136065;93.433459;94.419352;116.50486;105.77879,7.376016454000819,7.375320424999984,176.16796875,f0022_s0_r0.npz,568944462af50be2a3ac012e22e37881683c443bfece32a6883063c9068110e1,44397
22,0,1,1e-09,1.0,3.2667374982528092,1.6397254677804805,1.0,3.757837259571546,circular,ballistic,outside,0.09311066413199326,0.02970236269476189,80.3343734741211,0.0,107.50854;83.835249;108.17078;117.03402;89.487233;118.05333;86.697402;85.209342;102.47198;92.587643;100.74184;98.930132;99.136065;93.433459;94.419352;116.50486;105.77879,8.51529213899994,8.512643345999976,181.91796875,f0022_s0_r1.npz,66d3edc82995c76616784dadc68bc7da0257ae5a25907933bd8d78adebbe4365,44402
22,1,0,1e-08,0.5,3.2667374982528092,1.6397254677804805,1.0,3.757837259571546,circular,ballistic,outside,0.09311066413199326,0.02970236269476189,61.3651008605957,0.0,107.50854;83.835249;108.17078;117.03402;89.487233;118.05333;86.697402;85.209342;102.47198;92.587643;100.74184;98.930132;99.136065;93.433459;94.419352;116.50486;105.77879,8.67796057400028,8.67733485399998,180.95703125,f0022_s1_r0.npz,48774d3e54a1a48969b0f46222e6077193811ffdc6cbfa018408802966931abc,44486
22,1,1,1e-08,1.0,3.2667374982528092,1.6397254677804805,1.0,3.757837259571546,circular,ballistic,outside,0.09311066413199326,0.02970236269476189,47.10721969604492,0.0,107.50854;83.835249;108.17078;117.03402;89.487233;118.05333;86.697402;85.209342;102.47198;92.587643;100.74184;98.930132;99.136065;93.433459;94.419352;116.50486;105.77879,7.237152359999527,7.23677016100001,181.3203125,f0022_s1_r1.npz,42ef247e12c9a881e28a405330237c047df9ec4b7ea5d2e205ecfa1d7ae9a7f2,44655
22,2,0,1e-07,0.5,3.2667374982528092,1.6397254677804805,1.0,3.757837259571546,circular,ballistic,outside,0.09311066413199326,0.02970236269476189,11.70114517211914,0.15320542279411764,107.50854;83.835249;108.17078;117.03402;89.487233;118.05333;86.697402;85.209342;102.47198;92.587643;100.74184;98.930132;99.136065;93.433459;94.419352;116.50486;105.77879,8.316753750000316,8.315709788999982,176.16796875,f0022_s2_r0.npz,38e84f75da15b5ffb642206c114a266ab2a2752723cf0663a7de09ace63b9499,44882
22,2,1,1e-07,1.0,3.2667374982528092,1.6397254677804805,1.0,3.757837259571546,circular,ballistic,outside,0.09311066413199326,0.02970236269476189,8.7239408493042,0.5062327665441176,107.50854;83.835249;108.17078;117.03402;89.487233;118.05333;86.697402;85.209342;102.47198;92.587643;100.74184;98.930132;99.136065;93.433459;94.419352;116.50486;105.77879,7.373795898000026,7.372184889999971,181.91796875,f0022_s2_r1.npz,f00857f387209ee1171e1ce86288240baf40ee11652620dc703aaaecc2e8c8b1,45901
23,0,0,1e-09,0.5,1.4818913931692057,2.613900585077829,1.0,165.98993422100057,circular,ballistic,inside,0.09332226755598533,0.04311669302198972,83.83523559570312,0.0,107.50854;83.835249;108.17078;117.03402;89.487233;118.05333;86.697402;85.209342;102.47198;92.587643;100.74184;98.930132;99.136065;93.433459;94.419352;116.50486;105.77879,9.009629881000365,9.008798282999976,180.95703125,f0023_s0_r0.npz,695626fc7a4c869a5083179f49cb544a1103cd42fe6d7ba24d2a1206e461b917,44380
23,0,1,1e-09,1.0,1.4818913931692057,2.613900585077829,1.0,165.98993422100057,circular,ballistic,inside,0.09332226755598533,0.04311669302198972,81.29325103759766,0.0,107.50854;83.835249;108.17078;117.03402;89.487233;118.05333;86.697402;85.209342;102.47198;92.587643;100.74184;98.930132;99.136065;93.433459;94.419352;116.50486;105.77879,8.107865955999841,8.10661591600001,181.3203125,f0023_s0_r1.npz,a8394994a5cbf84c360776aa1039a263bd98a49a1a4adc6c6d33bf50b75c164b,44382
23,1,0,1e-08,0.5,1.4818913931692057,2.613900585077829,1.0,165.98993422100057,circular,ballistic,inside,0.09332226755598533,0.04311669302198972,52.560951232910156,0.0,107.50854;83.835249;108.17078;117.03402;89.487233;118.05333;86.697402;85.209342;102.47198;92.587643;100.74184;98.930132;99.136065;93.433459;94.419352;116.50486;105.77879,7.651696007000282,7.65128758000003,176.16796875,f0023_s1_r0.npz,5b44e609d71ea7527fb11d086f5516d23ca7e639e70c8a2ad85a45233d48ff79,44545
23,1,1,1e-08,1.0,1.4818913931692057,2.613900585077829,1.0,165.98993422100057,circular,ballistic,inside,0.09332226755598533,0.04311669302198972,51.0953369140625,0.0,107.50854;83.835249;108.17078;117.03402;89.487233;118.05333;86.697402;85.209342;102.47198;92.587643;100.74184;98.930132;99.136065;93.433459;94.419352;116.50486;105.77879,7.431915264000054,7.431381772000009,181.91796875,f0023_s1_r1.npz,22373eedbb32c8ab8ab58fb4b291f5cdd5313e346646b64ce8fbb79152afab31,44569
23,2,0,1e-07,0.5,1.4818913931692057,2.613900585077829,1.0,165.98993422100057,circular,ballistic,inside,0.09332226755598533,0.04311669302198972,9.542654991149902,0.27326516544117646,107.50854;83.835249;108.17078;117.03402;89.487233;118.05333;86.697402;85.209342;102.47198;92.587643;100.74184;98.930132;99.136065;93.433459;94.419352;116.50486;105.77879,8.479973878000237,8.479643397000018,181.3203125,f0023_s2_r0.npz,fad0daae3e9a9f2ad55b393165c8c4aaa88b8a79069b48f68e28a5265be2edb1,45236
23,2,1,1e-07,1.0,1.4818913931692057,2.613900585077829,1.0,165.98993422100057,circular,ballistic,inside,0.09332226755598533,0.04311669302198972,9.073930740356445,0.7146714154411765,107.50854;83.835249;108.17078;117.03402;89.487233;118.05333;86.697402;85.209342;102.47198;92.587643;100.74184;98.930132;99.136065;93.433459;94.419352;116.50486;105.77879,8.606288897000013,8.605831677000026,180.95703125,f0023_s2_r1.npz,33586fa64fe1d1c4a651a3a4bdaffdd5ceaa05ca3dfddf588d16c7bf90acb229,46092
24,0,0,1e-09,0.5,0.7579066559157841,-3.70916881730676,1.0,40.12138389388955,circular,ballistic,outside,0.09551030061065482,0.07583605859152773,81.12315368652344,0.0,107.50854;83.835249;108.17078;117.03402;89.487233;118.05333;86.697402;85.209342;102.47198;92.587643;100.74184;98.930132;99.136065;93.433459;94.419352;116.50486;105.77879,7.478806901000098,7.478515134999952,176.16796875,f0024_s0_r0.npz,cac2e1e97b51389f4e83ee091cd61963f5b6cd4ff7bd55d81606dfb5f8e36e34,44376
24,0,1,1e-09,1.0,0.7579066559157841,-3.70916881730676,1.0,40.12138389388955,circular,ballistic,outside,0.09551030061065482,0.07583605859152773,79.53817749023438,0.0,107.50854;83.835249;108.17078;117.03402;89.487233;118.05333;86.697402;85.209342;102.47198;92.587643;100.74184;98.930132;99.136065;93.433459;94.419352;116.50486;105.77879,7.474079708999852,7.471178672000008,181.91796875,f0024_s0_r1.npz,20bc3196d65163a178d8c72133510a9f0b9bff3e1e8d34540ba63a076dd5dae7,44435
24,1,0,1e-08,0.5,0.7579066559157841,-3.70916881730676,1.0,40.12138389388955,circular,ballistic,outside,0.09551030061065482,0.07583605859152773,62.83262634277344,0.0,107.50854;83.835249;108.17078;117.03402;89.487233;118.05333;86.697402;85.209342;102.47198;92.587643;100.74184;98.930132;99.136065;93.433459;94.419352;116.50486;105.77879,8.497159614000338,8.49816814799999,181.3203125,f0024_s1_r0.npz,9424e40aead1472bff3828904deb63ffbd3d9a21dc694a3ca1d5c9bb1d6a6ed0,44442
24,1,1,1e-08,1.0,0.7579066559157841,-3.70916881730676,1.0,40.12138389388955,circular,ballistic,outside,0.09551030061065482,0.07583605859152773,49.749595642089844,0.0,107.50854;83.835249;108.17078;117.03402;89.487233;118.05333;86.697402;85.209342;102.47198;92.587643;100.74184;98.930132;99.136065;93.433459;94.419352;116.50486;105.77879,8.852978413000528,8.854568833999963,180.95703125,f0024_s1_r1.npz,e6bbde6418fa3a865947d6f3a8b60e68ec1e6bd07206a9e3ed78daff26a01257,44622
24,2,0,1e-07,0.5,0.7579066559157841,-3.70916881730676,1.0,40.12138389388955,circular,ballistic,outside,0.09551030061065482,0.07583605859152773,13.423669815063477,0.19890280330882354,107.50854;83.835249;108.17078;117.03402;89.487233;118.05333;86.697402;85.209342;102.47198;92.587643;100.74184;98.930132;99.136065;93.433459;94.419352;116.50486;105.77879,7.348228086000745,7.350097638999955,176.16796875,f0024_s2_r0.npz,4e780edfa8f4066143ea0744588a3f873e4e8ab9253c99855680191dc283cc24,44987
24,2,1,1e-07,1.0,0.7579066559157841,-3.70916881730676,1.0,40.12138389388955,circular,ballistic,outside,0.09551030061065482,0.07583605859152773,9.43137264251709,0.5809397977941176,107.50854;83.835249;108.17078;117.03402;89.487233;118.05333;86.697402;85.209342;102.47198;92.587643;100.74184;98.930132;99.136065;93.433459;94.419352;116.50486;105.77879,7.407419238999864,7.409089962999985,181.91796875,f0024_s2_r1.npz,004832c89733998ad5fd4e2199fb9bfad8c57445453fa346c80b2fd22f090c76,46070
25,0,0,1e-09,0.5,-3.5987501858010296,-0.3272389123624002,1.0,86.42143958940648,circular,diffusive,outside,0.10435913528558448,0.0704697096587458,83.83519744873047,0.0,107.50854;83.835249;108.17078;117.03402;89.487233;118.05333;86.697402;85.209342;102.47198;92.587643;100.74184;98.930132;99.136065;93.433459;94.419352;116.50486;105.77879,8.324905878999743,8.327231960999995,181.3203125,f0025_s0_r0.npz,4681616f12821c31a3f2cecab9abe307845253ec98d4171c3ad1db72016b36c0,44417
25,0,1,1e-09,1.0,-3.5987501858010296,-0.3272389123624002,1.0,86.42143958940648,circular,diffusive,outside,0.10435913528558448,0.0704697096587458,81.98155975341797,0.0,107.50854;83.835249;108.17078;117.03402;89.487233;118.05333;86.697402;85.209342;102.47198;92.587643;100.74184;98.930132;99.136065;93.433459;94.419352;116.50486;105.77879,8.928226107999762,8.931152521000001,180.95703125,f0025_s0_r1.npz,3fc21ce029fe445b5bb98503389a26ea10ab118a7588cdb3b55d8f284894c867,44340
25,1,0,1e-08,0.5,-3.5987501858010296,-0.3272389123624002,1.0,86.42143958940648,circular,diffusive,outside,0.10435913528558448,0.0704697096587458,67.77674865722656,0.0,107.50854;83.835249;108.17078;117.03402;89.487233;118.05333;86.697402;85.209342;102.47198;92.587643;100.74184;98.930132;99.136065;93.433459;94.419352;116.50486;105.77879,7.374489783000172,7.37718367399998,176.16796875,f0025_s1_r0.npz,b107c87cc194de2ecd3c0d591e33740851acd5d05d596642121541ca466cb060,44404
25,1,1,1e-08,1.0,-3.5987501858010296,-0.3272389123624002,1.0,86.42143958940648,circular,diffusive,outside,0.10435913528558448,0.0704697096587458,55.9873046875,0.0,107.50854;83.835249;108.17078;117.03402;89.487233;118.05333;86.697402;85.209342;102.47198;92.587643;100.74184;98.930132;99.136065;93.433459;94.419352;116.50486;105.77879,8.371280198000022,8.37385531000001,181.91796875,f0025_s1_r1.npz,ee91bcef1323f3d32887f37d72cda962211a1fb37d150a37cd69ebfd4ae84b9f,44511
25,2,0,1e-07,0.5,-3.5987501858010296,-0.3272389123624002,1.0,86.42143958940648,circular,diffusive,outside,0.10435913528558448,0.0704697096587458,19.405500411987305,0.08734489889705882,107.50854;83.835249;108.17078;117.03402;89.487233;118.05333;86.697402;85.209342;102.47198;92.587643;100.74184;98.930132;99.136065;93.433459;94.419352;116.50486;105.77879,7.891725812000004,7.89045686999998,181.3203125,f0025_s2_r0.npz,16db98357af7198ea9b4a0618e80fdd98742cccd1fd2b596cd6c73009973aa04,44608
25,2,1,1e-07,1.0,-3.5987501858010296,-0.3272389123624002,1.0,86.42143958940648,circular,diffusive,outside,0.10435913528558448,0.0704697096587458,12.621562004089355,0.22150735294117646,107.50854;83.835249;108.17078;117.03402;89.487233;118.05333;86.697402;85.209342;102.47198;92.587643;100.74184;98.930132;99.136065;93.433459;94.419352;116.50486;105.77879,7.8338678270001765,7.836071613999991,176.16796875,f0025_s2_r1.npz,debd4b8d4b4f55c9aa08dfec4ee42e0f2d4be77a9472fb7639ee533d8225e41a,45041
26,0,0,1e-09,0.5,-1.5078298257338285,1.7912191678861742,1.0,125.91510062648157,circular,ballistic,inside,0.1335326286669354,0.07814506575660317,83.82792663574219,0.0,107.50854;83.835249;108.17078;117.03402;89.487233;118.05333;86.697402;85.209342;102.47198;92.587643;100.74184;98.930132;99.136065;93.433459;94.419352;116.50486;105.77879,9.393552332999207,9.395777415999987,180.95703125,f0026_s0_r0.npz,0e3af4e3cb54a5f6421d18d19582ffbad2a58be40d943a05572a317f3f2fe369,44434
26,0,1,1e-09,1.0,-1.5078298257338285,1.7912191678861742,1.0,125.91510062648157,circular,ballistic,inside,0.1335326286669354,0.07814506575660317,82.2790298461914,0.0,107.50854;83.835249;108.17078;117.03402;89.487233;118.05333;86.697402;85.209342;102.47198;92.587643;100.74184;98.930132;99.136065;93.433459;94.419352;116.50486;105.77879,8.785932003000198,8.78838453100002,181.91796875,f0026_s0_r1.npz,b7ff448470385218595d5a0d7cfae0a8dd4820fd3fffdf9dce6e5ccf1cd70c43,44472
26,1,0,1e-08,0.5,-1.5078298257338285,1.7912191678861742,1.0,125.91510062648157,circular,ballistic,inside,0.1335326286669354,0.07814506575660317,55.00508117675781,0.0,107.50854;83.835249;108.17078;117.03402;89.487233;118.05333;86.697402;85.209342;102.47198;92.587643;100.74184;98.930132;99.136065;93.433459;94.419352;116.50486;105.77879,8.193934873000217,8.194996030000027,181.3203125,f0026_s1_r0.npz,39041cd04e69dfdb073e88c25ee0a141161054330d6d5e79f21df3ac2421fceb,44566
26,1,1,1e-08,1.0,-1.5078298257338285,1.7912191678861742,1.0,125.91510062648157,circular,ballistic,inside,0.1335326286669354,0.07814506575660317,53.21890640258789,0.0,107.50854;83.835249;108.17078;117.03402;89.487233;118.05333;86.697402;85.209342;102.47198;92.587643;100.74184;98.930132;99.136065;93.433459;94.419352;116.50486;105.77879,8.437909471999774,8.438650981999956,176.16796875,f0026_s1_r1.npz,3b8f82cfab07d300f3d62e897614b96e15458809be06f7f42f4f9765619a55f9,44573
26,2,0,1e-07,0.5,-1.5078298257338285,1.7912191678861742,1.0,125.91510062648157,circular,ballistic,inside,0.1335326286669354,0.07814506575660317,11.042497634887695,0.23604090073529413,107.50854;83.835249;108.17078;117.03402;89.487233;118.05333;86.697402;85.209342;102.47198;92.587643;100.74184;98.930132;99.136065;93.433459;94.419352;116.50486;105.77879,9.576380626000173,9.578350926999974,180.95703125,f0026_s2_r0.npz,c8d2eaafb387be6bd5fb0c1ed5a41c88f1081eac4af50ed0f10af50b673f3e76,45209
26,2,1,1e-07,1.0,-1.5078298257338285,1.7912191678861742,1.0,125.91510062648157,circular,ballistic,inside,0.1335326286669354,0.07814506575660317,10.349934577941895,0.6078814338235294,107.50854;83.835249;108.17078;117.03402;89.487233;118.05333;86.697402;85.209342;102.47198;92.587643;100.74184;98.930132;99.136065;93.433459;94.419352;116.50486;105.77879,7.986857647999386,7.988600947000009,181.91796875,f0026_s2_r1.npz,a639df57b4154d493e58dd7bb3b7c82218ba4983f3e0acac0ff659e3fec9de11,46061
27,0,0,1e-09,0.5,1.9821077492592787,-3.0,1.0,140.72606004588667,circular,diffusive,edge,0.09137730615734228,0.029031785157111092,83.12808990478516,0.0,107.50854;83.835249;108.17078;117.03402;89.487233;118.05333;86.697402;85.209342;102.47198;92.587643;100.74184;98.930132;99.136065;93.433459;94.419352;116.50486;105.77879,9.519864253999913,9.520854238000027,181.3203125,f0027_s0_r0.npz,dfc4e04eb2eb8ad562ad5b66c424825e13eadea4ae8d6fa94adc03eb5cacea16,44430
27,0,1,1e-09,1.0,1.9821077492592787,-3.0,1.0,140.72606004588667,circular,diffusive,edge,0.09137730615734228,0.029031785157111092,81.0733642578125,0.0,107.50854;83.835249;108.17078;117.03402;89.487233;118.05333;86.697402;85.209342;102.47198;92.587643;100.74184;98.930132;99.136065;93.433459;94.419352;116.50486;105.77879,8.215555654999662,8.213220928999988,176.16796875,f0027_s0_r1.npz,ee74b17dda2162b65c790022f1b84cfe700e77fb40412679e3f025ff65f07d05,44454
27,1,0,1e-08,0.5,1.9821077492592787,-3.0,1.0,140.72606004588667,circular,diffusive,edge,0.09137730615734228,0.029031785157111092,73.24637603759766,0.0,107.50854;83.835249;108.17078;117.03402;89.487233;118.05333;86.697402;85.209342;102.47198;92.587643;100.74184;98.930132;99.136065;93.433459;94.419352;116.50486;105.77879,8.583956335000039,8.584343160000003,181.91796875,f0027_s1_r0.npz,a180d97a862e7497ed2c9010f324308f011c4fe7805aa17772020c52ff655107,44481
27,1,1,1e-08,1.0,1.9821077492592787,-3.0,1.0,140.72606004588667,circular,diffusive,edge,0.09137730615734228,0.029031785157111092,60.6576042175293,0.0,107.50854;83.835249;108.17078;117.03402;89.487233;118.05333;86.697402;85.209342;102.47198;92.587643;100.74184;98.930132;99.136065;93.433459;94.419352;116.50486;105.77879,9.99265695900067,9.994222799,180.95703125,f0027_s1_r1.npz,e70b79cf98d4f27bdf37acc3690d242788aecfaea03efa2722fc791ad3a5bc10,44436
27,2,0,1e-07,0.5,1.9821077492592787,-3.0,1.0,140.72606004588667,circular,diffusive,edge,0.09137730615734228,0.029031785157111092,16.84342384338379,0.11845128676470588,107.50854;83.835249;108.17078;117.03402;89.487233;118.05333;86.697402;85.209342;102.47198;92.587643;100.74184;98.930132;99.136065;93.433459;94.419352;116.50486;105.77879,8.989824962999592,8.983799809999994,181.3203125,f0027_s2_r0.npz,430719abe31ccd542ff24c45ab2898710a98cdfde62ee9979a8682d0da3a22c4,44730
27,2,1,1e-07,1.0,1.9821077492592787,-3.0,1.0,140.72606004588667,circular,diffusive,edge,0.09137730615734228,0.029031785157111092,14.213356971740723,0.3369140625,107.50854;83.835249;108.17078;117.03402;89.487233;118.05333;86.697402;85.209342;102.47198;92.587643;100.74184;98.930132;99.136065;93.433459;94.419352;116.50486;105.77879,9.637730039999951,9.637953917999994,176.16796875,f0027_s2_r1.npz,148bd1afd71e1433b3af1f65e877bcc430d61322ac405e20377ceaaed4188f16,45158
28,0,0,1e-09,0.5,-3.5631175041669296,-0.798543969182008,1.713960783740893,118.71452721381966,elliptical,ballistic,outside,0.08279925170823885,0.0829724902317029,82.46253967285156,0.0,107.50854;83.835249;108.17078;117.03402;89.487233;118.05333;86.697402;85.209342;102.47198;92.587643;100.74184;98.930132;99.136065;93.433459;94.419352;116.50486;105.77879,8.416605137999795,8.417672622999987,181.91796875,f0028_s0_r0.npz,57ac815b6678ab1c80e4fe64c297b88f9ae42798bb7a606d8d22df2dd1a300f8,44407
28,0,1,1e-09,1.0,-3.5631175041669296,-0.798543969182008,1.713960783740893,118.71452721381966,elliptical,ballistic,outside,0.08279925170823885,0.0829724902317029,79.62974548339844,0.0,107.50854;83.835249;108.17078;117.03402;89.487233;118.05333;86.697402;85.209342;102.47198;92.587643;100.74184;98.930132;99.136065;93.433459;94.419352;116.50486;105.77879,10.12699377899935,10.127604773999963,180.95703125,f0028_s0_r1.npz,a1463aee8b1fa170a18d15d76e06c0ed7c072c492be2354a31f31e9ddc2d1544,44369
28,1,0,1e-08,0.5,-3.5631175041669296,-0.798543969182008,1.713960783740893,118.71452721381966,elliptical,ballistic,outside,0.08279925170823885,0.0829724902317029,67.89981842041016,0.0,107.50854;83.835249;108.17078;117.03402;89.487233;118.05333;86.697402;85.209342;102.47198;92.587643;100.74184;98.930132;99.136065;93.433459;94.419352;116.50486;105.77879,9.923549326999819,9.921266803000037,181.3203125,f0028_s1_r0.npz,7001810387a7231799ee8d41898a44d7434b8299224edad8d636cedd4bcdbce4,44377
28,1,1,1e-08,1.0,-3.5631175041669296,-0.798543969182008,1.713960783740893,118.71452721381966,elliptical,ballistic,outside,0.08279925170823885,0.0829724902317029,54.86625671386719,0.0,107.50854;83.835249;108.17078;117.03402;89.487233;118.05333;86.697402;85.209342;102.47198;92.587643;100.74184;98.930132;99.136065;93.433459;94.419352;116.50486;105.77879,9.16438587599987,9.164488156000004,176.16796875,f0028_s1_r1.npz,f6e307a57341a9f206343bf1511c6c251dc05659247386067f456eff446ec849,44547
28,2,0,1e-07,0.5,-3.5631175041669296,-0.798543969182008,1.713960783740893,118.71452721381966,elliptical,ballistic,outside,0.08279925170823885,0.0829724902317029,15.948677062988281,0.14720243566176472,107.50854;83.835249;108.17078;117.03402;89.487233;118.05333;86.697402;85.209342;102.47198;92.587643;100.74184;98.930132;99.136065;93.433459;94.419352;116.50486;105.77879,9.613410836000185,9.613121487,181.91796875,f0028_s2_r0.npz,3496cbbdc45b5f911ae74dafd1046f0f398ebf989591c1fef1599b0b7935943c,44758
28,2,1,1e-07,1.0,-3.5631175041669296,-0.798543969182008,1.713960783740893,118.71452721381966,elliptical,ballistic,outside,0.08279925170823885,0.0829724902317029,11.755861282348633,0.4709041819852941,107.50854;83.835249;108.17078;117.03402;89.487233;118.05333;86.697402;85.209342;102.47198;92.587643;100.74184;98.930132;99.136065;93.433459;94.419352;116.50486;105.77879,11.0378001400004,11.038807657000007,180.95703125,f0028_s2_r1.npz,eea8ef707d01690ca8983059f3e3625cf9ffea85b18c6fff25d526c87b756db3,45541
29,0,0,1e-09,0.5,-3.430904855051556,-2.265764693816989,1.7757808306064518,136.6962609016988,elliptical,diffusive,outside,0.06809856250162191,0.09434800158109054,81.71830749511719,0.0,107.50854;83.835249;108.17078;117.03402;89.487233;118.05333;86.697402;85.209342;102.47198;92.587643;100.74184;98.930132;99.136065;93.433459;94.419352;116.50486;105.77879,10.699411495999811,10.695465342000034,176.16796875,f0029_s0_r0.npz,f6b0fed4ca40d61dbe65828f7567123a54369524f268ceeae96dbcc97b983426,44406
29,0,1,1e-09,1.0,-3.430904855051556,-2.265764693816989,1.7757808306064518,136.6962609016988,elliptical,diffusive,outside,0.06809856250162191,0.09434800158109054,79.43798065185547,0.0,107.50854;83.835249;108.17078;117.03402;89.487233;118.05333;86.697402;85.209342;102.47198;92.587643;100.74184;98.930132;99.136065;93.433459;94.419352;116.50486;105.77879,11.254217630000312,11.253593978000026,181.3203125,f0029_s0_r1.npz,b3c00fa030c49273daf1faa695cefe5595aec79e9bb148598815445bf1e9f402,44467
29,1,0,1e-08,0.5,-3.430904855051556,-2.265764693816989,1.7757808306064518,136.6962609016988,elliptical,diffusive,outside,0.06809856250162191,0.09434800158109054,66.58769226074219,0.0,107.50854;83.835249;108.17078;117.03402;89.487233;118.05333;86.697402;85.209342;102.47198;92.587643;100.74184;98.930132;99.136065;93.433459;94.419352;116.50486;105.77879,11.086516755999583,11.084015457999953,181.91796875,f0029_s1_r0.npz,6e7cfe775a724a543dc8fafee25380475ed730855df542410ba885bf436b8155,44443
29,1,1,1e-08,1.0,-3.430904855051556,-2.265764693816989,1.7757808306064518,136.6962609016988,elliptical,diffusive,outside,0.06809856250162191,0.09434800158109054,53.96906661987305,0.0,107.50854;83.835249;108.17078;117.03402;89.487233;118.05333;86.697402;85.209342;102.47198;92.587643;100.74184;98.930132;99.136065;93.433459;94.419352;116.50486;105.77879,11.152373265000278,11.152072661000034,180.95703125,f0029_s1_r1.npz,11f90ef25ebe4b9958b84982c8387f90741b24fbd2ab5534605faa8a080331da,44483
29,2,0,1e-07,0.5,-3.430904855051556,-2.265764693816989,1.7757808306064518,136.6962609016988,elliptical,diffusive,outside,0.06809856250162191,0.09434800158109054,20.806598663330078,0.0849609375,107.50854;83.835249;108.17078;117.03402;89.487233;118.05333;86.697402;85.209342;102.47198;92.587643;100.74184;98.930132;99.136065;93.433459;94.419352;116.50486;105.77879,10.77300400599961,10.773335121000002,176.16796875,f0029_s2_r0.npz,6cd247a15362b222edea99c41a31567d8b27cee30761f9ea4942221f183bbac2,44585
29,2,1,1e-07,1.0,-3.430904855051556,-2.265764693816989,1.7757808306064518,136.6962609016988,elliptical,diffusive,outside,0.06809856250162191,0.09434800158109054,12.860566139221191,0.22412109375,107.50854;83.835249;108.17078;117.03402;89.487233;118.05333;86.697402;85.209342;102.47198;92.587643;100.74184;98.930132;99.136065;93.433459;94.419352;116.50486;105.77879,10.06690082500063,10.067928332000008,181.3203125,f0029_s2_r1.npz,13d2e94b95f9142ed0a440ac52d298901cb9c8f0ad77d4a19d7f5726dcb88140,44997
30,0,0,1e-09,0.5,0.129613132060602,3.0,2.003029999395788,152.83190274884657,elliptical,diffusive,edge,0.09626319467758582,0.0657858250717988,83.83525085449219,0.0,107.50854;83.835249;108.17078;117.03402;89.487233;118.05333;86.697402;85.209342;102.47198;92.587643;100.74184;98.930132;99.136065;93.433459;94.419352;116.50486;105.77879,11.07857441700071,11.077733996000006,181.91796875,f0030_s0_r0.npz,7fb988950c8e7c33406005408f0aedf86afab6ba96e0f4462dc7731e7e1e8147,44424
30,0,1,1e-09,1.0,0.129613132060602,3.0,2.003029999395788,152.83190274884657,elliptical,diffusive,edge,0.09626319467758582,0.0657858250717988,82.6595687866211,0.0,107.50854;83.835249;108.17078;117.03402;89.487233;118.05333;86.697402;85.209342;102.47198;92.587643;100.74184;98.930132;99.136065;93.433459;94.419352;116.50486;105.77879,10.609361157999956,10.607312791000027,180.95703125,f0030_s0_r1.npz,1ff4aac2d9af9167b51f698f6bdf7059273f398be1f7feecbc799b129b5edb05,44418
30,1,0,1e-08,0.5,0.129613132060602,3.0,2.003029999395788,152.83190274884657,elliptical,diffusive,edge,0.09626319467758582,0.0657858250717988,51.67658233642578,0.0,107.50854;83.835249;108.17078;117.03402;89.487233;118.05333;86.697402;85.209342;102.47198;92.587643;100.74184;98.930132;99.136065;93.433459;94.419352;116.50486;105.77879,9.9112330629996,9.911302533000026,181.3203125,f0030_s1_r0.npz,d4bc2f13417144f07c46eaf862a9a5d410f17e5352eebffa5201d571ce64b3a9,44436
30,1,1,1e-08,1.0,0.129613132060602,3.0,2.003029999395788,152.83190274884657,elliptical,diffusive,edge,0.09626319467758582,0.0657858250717988,50.330848693847656,0.0,107.50854;83.835249;108.17078;117.03402;89.487233;118.05333;86.697402;85.209342;102.47198;92.587643;100.74184;98.930132;99.136065;93.433459;94.419352;116.50486;105.77879,11.104148977000477,11.104098688000022,176.16796875,f0030_s1_r1.npz,05893592aff66a0285d956a7000c8ba4088f949e1252694f9eac65dc013e4436,44608
30,2,0,1e-07,0.5,0.129613132060602,3.0,2.003029999395788,152.83190274884657,elliptical,diffusive,edge,0.09626319467758582,0.0657858250717988,9.257538795471191,0.1962603400735294,107.50854;83.835249;108.17078;117.03402;89.487233;118.05333;86.697402;85.209342;102.47198;92.587643;100.74184;98.930132;99.136065;93.433459;94.419352;116.50486;105.77879,10.581509349999578,10.580967397999984,181.91796875,f0030_s2_r0.npz,53de1030fd5f937bcfb11871e152ad2389d1bcc7fd024ef382758d7d3e8751c3,45083
30,2,1,1e-07,1.0,0.129613132060602,3.0,2.003029999395788,152.83190274884657,elliptical,diffusive,edge,0.09626319467758582,0.0657858250717988,8.83778190612793,0.3498391544117647,107.50854;83.835249;108.17078;117.03402;89.487233;118.05333;86.697402;85.209342;102.47198;92.587643;100.74184;98.930132;99.136065;93.433459;94.419352;116.50486;105.77879,10.572857775000557,10.568575512999985,180.95703125,f0030_s2_r1.npz,c8955c5036f3c52edfbdd64e9b9ccbb7fa27efa89b9389690d042e524dbf40a0,45401
31,0,0,1e-09,0.5,-0.5964238808961788,1.0536931113976928,1.0,128.95431101335762,circular,diffusive,inside,0.1459031380971313,0.04760382149108277,82.95911407470703,0.0,107.50854;83.835249;108.17078;117.03402;89.487233;118.05333;86.697402;85.209342;102.47198;92.587643;100.74184;98.930132;99.136065;93.433459;94.419352;116.50486;105.77879,9.840394720999939,9.840965445999984,181.3203125,f0031_s0_r0.npz,93dbc2e396644a086545713b296f74f2248f0dc44f43cc0b17b1014698874d60,44387
31,0,1,1e-09,1.0,-0.5964238808961788,1.0536931113976928,1.0,128.95431101335762,circular,diffusive,inside,0.1459031380971313,0.04760382149108277,81.42142486572266,0.0,107.50854;83.835249;108.17078;117.03402;89.487233;118.05333;86.697402;85.209342;102.47198;92.587643;100.74184;98.930132;99.136065;93.433459;94.419352;116.50486;105.77879,11.06849588499972,11.069159155000023,176.16796875,f0031_s0_r1.npz,21d93c9ef321eb548b1597842ebece59e4dcc921ae251dd6ab06bc0f8cd48dd3,44394
31,1,0,1e-08,0.5,-0.5964238808961788,1.0536931113976928,1.0,128.95431101335762,circular,diffusive,inside,0.1459031380971313,0.04760382149108277,43.659698486328125,0.0,107.50854;83.835249;108.17078;117.03402;89.487233;118.05333;86.697402;85.209342;102.47198;92.587643;100.74184;98.930132;99.136065;93.433459;94.419352;116.50486;105.77879,10.954186814999957,10.954060318000018,181.91796875,f0031_s1_r0.npz,6fef617ad9ccebcd3426d3fb548bc38cb50d5f9690c0d8490b0488cc4ac2c8f7,44481
31,1,1,1e-08,1.0,-0.5964238808961788,1.0536931113976928,1.0,128.95431101335762,circular,diffusive,inside,0.1459031380971313,0.04760382149108277,38.99995040893555,0.0,107.50854;83.835249;108.17078;117.03402;89.487233;118.05333;86.697402;85.209342;102.47198;92.587643;100.74184;98.930132;99.136065;93.433459;94.419352;116.50486;105.77879,10.813665517999652,10.812171575999969,180.95703125,f0031_s1_r1.npz,27d15df6df629c22b1e80cc8c96a01c1665d4a4aad28f975dfebcc4fe2592e57,44554
31,2,0,1e-07,0.5,-0.5964238808961788,1.0536931113976928,1.0,128.95431101335762,circular,diffusive,inside,0.1459031380971313,0.04760382149108277,7.569092750549316,0.32470703125,107.50854;83.835249;108.17078;117.03402;89.487233;118.05333;86.697402;85.209342;102.47198;92.587643;100.74184;98.930132;99.136065;93.433459;94.419352;116.50486;105.77879,10.082148498999231,10.082745391000003,181.3203125,f0031_s2_r0.npz,ebc5b91e189c914b18d1f618e1f3ab5fda3482415e29d903a0261af4fe9fda86,45388
31,2,1,1e-07,1.0,-0.5964238808961788,1.0536931113976928,1.0,128.95431101335762,circular,diffusive,inside,0.1459031380971313,0.04760382149108277,6.2820658683776855,0.4393095128676471,107.50854;83.835249;108.17078;117.03402;89.487233;118.05333;86.697402;85.209342;102.47198;92.587643;100.74184;98.930132;99.136065;93.433459;94.419352;116.50486;105.77879,11.085497598000075,11.085985778999998,176.16796875,f0031_s2_r1.npz,8477dd3d073fb410dadb9c0ea146302cc92b75688354c80ce389a0b1e72a3780,45558
32,0,0,1e-09,0.5,-1.918415804768302,-2.7742980277847624,1.6553821115531016,33.99725905167447,elliptical,ballistic,inside,0.09313811171849803,0.07671376055665768,79.29344177246094,0.0,107.50854;83.835249;108.17078;117.03402;89.487233;118.05333;86.697402;85.209342;102.47198;92.587643;100.74184;98.930132;99.136065;93.433459;94.419352;116.50486;105.77879,10.952294753999922,10.93796139799997,181.91796875,f0032_s0_r0.npz,8f426908de690435f0a2b9ceaa5cb84d73a60449ca946508621d1dc1d55e881f,44413
32,0,1,1e-09,1.0,-1.918415804768302,-2.7742980277847624,1.6553821115531016,33.99725905167447,elliptical,ballistic,inside,0.09313811171849803,0.07671376055665768,78.63002014160156,0.0,107.50854;83.835249;108.17078;117.03402;89.487233;118.05333;86.697402;85.209342;102.47198;92.587643;100.74184;98.930132;99.136065;93.433459;94.419352;116.50486;105.77879,11.094292497000424,11.09442823400002,180.95703125,f0032_s0_r1.npz,5438352bd67bbfe28bb88be9752511f317de30e95271653b3e63506ad21fe51e,44412
32,1,0,1e-08,0.5,-1.918415804768302,-2.7742980277847624,1.6553821115531016,33.99725905167447,elliptical,ballistic,inside,0.09313811171849803,0.07671376055665768,53.309242248535156,0.0,107.50854;83.835249;108.17078;117.03402;89.487233;118.05333;86.697402;85.209342;102.47198;92.587643;100.74184;98.930132;99.136065;93.433459;94.419352;116.50486;105.77879,10.655171789999258,10.655101472000013,181.3203125,f0032_s1_r0.npz,f02b19185a72dcd8fd580bed49877fe85f569f35c291f10fcdc73853e22bf4db,44493
32,1,1,1e-08,1.0,-1.918415804768302,-2.7742980277847624,1.6553821115531016,33.99725905167447,elliptical,ballistic,inside,0.09313811171849803,0.07671376055665768,50.44931411743164,0.0,107.50854;83.835249;108.17078;117.03402;89.487233;118.05333;86.697402;85.209342;102.47198;92.587643;100.74184;98.930132;99.136065;93.433459;94.419352;116.50486;105.77879,11.046167417000106,11.046122029000003,176.16796875,f0032_s1_r1.npz,fcea9529fe3ad054c3dc0d2f3bb6ee7f693e17e54a873b0eb07da98e59a52060,44551
32,2,0,1e-07,0.5,-1.918415804768302,-2.7742980277847624,1.6553821115531016,33.99725905167447,elliptical,ballistic,inside,0.09313811171849803,0.07671376055665768,12.494110107421875,0.22774011948529413,107.50854;83.835249;108.17078;117.03402;89.487233;118.05333;86.697402;85.209342;102.47198;92.587643;100.74184;98.930132;99.136065;93.433459;94.419352;116.50486;105.77879,10.38787876599963,10.378309141000045,181.91796875,f0032_s2_r0.npz,e3ef2d69093dfe15a83e585c79119e41d0d204192658bf3393068d9d2553dad7,44949
32,2,1,1e-07,1.0,-1.918415804768302,-2.7742980277847624,1.6553821115531016,33.99725905167447,elliptical,ballistic,inside,0.09313811171849803,0.07671376055665768,11.036656379699707,0.7106215533088235,107.50854;83.835249;108.17078;117.03402;89.487233;118.05333;86.697402;85.209342;102.47198;92.587643;100.74184;98.930132;99.136065;93.433459;94.419352;116.50486;105.77879,10.457494473999759,10.45783667500001,180.95703125,f0032_s2_r1.npz,67ac548aa303be909851b2bb1c95195000b5d1c1a279215eb8f2a184d568038d,45983
33,0,0,1e-09,0.5,-0.6535129932698602,-2.001160757858154,1.0540145239963385,87.05331677046655,elliptical,diffusive,inside,0.12173138176228794,0.031613436413025844,80.6205062866211,0.0,107.50854;83.835249;108.17078;117.03402;89.487233;118.05333;86.697402;85.209342;102.47198;92.587643;100.74184;98.930132;99.136065;93.433459;94.419352;116.50486;105.77879,10.514437499999985,10.51457571200001,181.3203125,f0033_s0_r0.npz,fffa7e29f2afbba3e70546c7103aefd8a7ad8dc7485b92e8f3cc8c329d70cc1a,44412
33,0,1,1e-09,1.0,-0.6535129932698602,-2.001160757858154,1.0540145239963385,87.05331677046655,elliptical,diffusive,inside,0.12173138176228794,0.031613436413025844,79.83767700195312,0.0,107.50854;83.835249;108.17078;117.03402;89.487233;118.05333;86.697402;85.209342;102.47198;92.587643;100.74184;98.930132;99.136065;93.433459;94.419352;116.50486;105.77879,11.07992306899996,11.080841941000017,176.16796875,f0033_s0_r1.npz,b0278aab7e5b147c228909ce95148470506be0b8d1ff5a07c5d0fdb00e3c3bb7,44442
33,1,0,1e-08,0.5,-0.6535129932698602,-2.001160757858154,1.0540145239963385,87.05331677046655,elliptical,diffusive,inside,0.12173138176228794,0.031613436413025844,59.297119140625,0.0,107.50854;83.835249;108.17078;117.03402;89.487233;118.05333;86.697402;85.209342;102.47198;92.587643;100.74184;98.930132;99.136065;93.433459;94.419352;116.50486;105.77879,10.168680470000254,10.159516597999982,181.91796875,f0033_s1_r0.npz,7ff19867eaa3639d344ab081af82b0ff824870dc4716080549646c85a46ff6d1,44543
33,1,1,1e-08,1.0,-0.6535129932698602,-2.001160757858154,1.0540145239963385,87.05331677046655,elliptical,diffusive,inside,0.12173138176228794,0.031613436413025844,54.76991653442383,0.0,107.50854;83.835249;108.17078;117.03402;89.487233;118.05333;86.697402;85.209342;102.47198;92.587643;100.74184;98.930132;99.136065;93.433459;94.419352;116.50486;105.77879,9.880866602999959,9.882168279999973,180.95703125,f0033_s1_r1.npz,c955628c9c5093ac1fea88f37a99e58663f61cf3862a79ce51d6faa56c46e6df,44557
33,2,0,1e-07,0.5,-0.6535129932698602,-2.001160757858154,1.0540145239963385,87.05331677046655,elliptical,diffusive,inside,0.12173138176228794,0.031613436413025844,11.737201690673828,0.23670151654411764,107.50854;83.835249;108.17078;117.03402;89.487233;118.05333;86.697402;85.209342;102.47198;92.587643;100.74184;98.930132;99.136065;93.433459;94.419352;116.50486;105.77879,10.498697466000522,10.493651524000029,181.3203125,f0033_s2_r0.npz,73b8c366b926bb3c13a097eaf0a43628efde5999f3abbb2b637b26b345a42609,45110
33,2,1,1e-07,1.0,-0.6535129932698602,-2.001160757858154,1.0540145239963385,87.05331677046655,elliptical,diffusive,inside,0.12173138176228794,0.031613436413025844,10.618285179138184,0.5263959099264706,107.50854;83.835249;108.17078;117.03402;89.487233;118.05333;86.697402;85.209342;102.47198;92.587643;100.74184;98.930132;99.136065;93.433459;94.419352;116.50486;105.77879,11.043685433000064,11.043563037000013,176.16796875,f0033_s2_r1.npz,c09dfd24e481830ef26c162b9401fa7695f7e3aedbee8c39c9c19bf58b70b3ef,45644
34,0,0,1e-09,0.5,2.9564300079997956,-3.0,1.0,167.1640540473769,circular,ballistic,edge,0.0827135603072609,0.06313396969641627,83.76069641113281,0.0,107.50854;83.835249;108.17078;117.03402;89.487233;118.05333;86.697402;85.209342;102.47198;92.587643;100.74184;98.930132;99.136065;93.433459;94.419352;116.50486;105.77879,10.992079380000177,10.991714545999969,181.91796875,f0034_s0_r0.npz,a2a64644ff909ac3d1eacb40a5ea9d7c2e3c950709fdb5e1af88921290c276c0,44353
34,0,1,1e-09,1.0,2.9564300079997956,-3.0,1.0,167.1640540473769,circular,ballistic,edge,0.0827135603072609,0.06313396969641627,81.1152572631836,0.0,107.50854;83.835249;108.17078;117.03402;89.487233;118.05333;86.697402;85.209342;102.47198;92.587643;100.74184;98.930132;99.136065;93.433459;94.419352;116.50486;105.77879,10.106539921999683,10.107552533000046,180.95703125,f0034_s0_r1.npz,969ae344bdeaa31aa7eef0ac481fbce4c6ed5615aaf4a79c5be506aafadeaffc,44441
34,1,0,1e-08,0.5,2.9564300079997956,-3.0,1.0,167.1640540473769,circular,ballistic,edge,0.0827135603072609,0.06313396969641627,76.54817962646484,0.0,107.50854;83.835249;108.17078;117.03402;89.487233;118.05333;86.697402;85.209342;102.47198;92.587643;100.74184;98.930132;99.136065;93.433459;94.419352;116.50486;105.77879,10.727813198999684,10.718777403000047,181.3203125,f0034_s1_r0.npz,bd279c305812419e3f647b9f287fef20a7f04289752d7a20c67fd87a83134a54,44398
34,1,1,1e-08,1.0,2.9564300079997956,-3.0,1.0,167.1640540473769,circular,ballistic,edge,0.0827135603072609,0.06313396969641627,56.6325569152832,0.0,107.50854;83.835249;108.17078;117.03402;89.487233;118.05333;86.697402;85.209342;102.47198;92.587643;100.74184;98.930132;99.136065;93.433459;94.419352;116.50486;105.77879,10.852067357000124,10.851677318000043,176.16796875,f0034_s1_r1.npz,760910e81e28cbd8450ea4c7ff14c4fdd055f5f3fde13f3a034b3e65212751e8,44514
34,2,0,1e-07,0.5,2.9564300079997956,-3.0,1.0,167.1640540473769,circular,ballistic,edge,0.0827135603072609,0.06313396969641627,20.95646858215332,0.05112591911764706,107.50854;83.835249;108.17078;117.03402;89.487233;118.05333;86.697402;85.209342;102.47198;92.587643;100.74184;98.930132;99.136065;93.433459;94.419352;116.50486;105.77879,10.358299976000126,10.35763024900001,181.91796875,f0034_s2_r0.npz,c4dd6458b0f557c70ca8837813d728ef4f1399d0e3724634e890a77561deff94,44606
34,2,1,1e-07,1.0,2.9564300079997956,-3.0,1.0,167.1640540473769,circular,ballistic,edge,0.0827135603072609,0.06313396969641627,11.930445671081543,0.45309627757352944,107.50854;83.835249;108.17078;117.03402;89.487233;118.05333;86.697402;85.209342;102.47198;92.587643;100.74184;98.930132;99.136065;93.433459;94.419352;116.50486;105.77879,9.98223815900019,9.982097212999975,180.95703125,f0034_s2_r1.npz,de92cb589788f71470972c1767a3c4f6a6652c0ec416d924adee4e0b5ddb1498,45459
35,0,0,1e-09,0.5,2.055089524114001,-3.0,2.0530037537135986,0.7224888072839031,elliptical,ballistic,edge,0.12456890027524274,0.055037492196476565,80.90032196044922,0.0,107.50854;83.835249;108.17078;117.03402;89.487233;118.05333;86.697402;85.209342;102.47198;92.587643;100.74184;98.930132;99.136065;93.433459;94.419352;116.50486;105.77879,10.930199646999426,10.930756808000012,181.3203125,f0035_s0_r0.npz,2a1971f1a4cff60e5d91a7f494e86a4cdcada10460e665d61ac315a3195b5cfd,44490
35,0,1,1e-09,1.0,2.055089524114001,-3.0,2.0530037537135986,0.7224888072839031,elliptical,ballistic,edge,0.12456890027524274,0.055037492196476565,79.36096954345703,0.0,107.50854;83.835249;108.17078;117.03402;89.487233;118.05333;86.697402;85.209342;102.47198;92.587643;100.74184;98.930132;99.136065;93.433459;94.419352;116.50486;105.77879,9.297556595999595,9.287990867000019,181.91796875,f0035_s0_r1.npz,52ed48a6ad89905586141ba0dbbc613a36115a4edd413f733bb0eb5164611a8d,44414
35,1,0,1e-08,0.5,2.055089524114001,-3.0,2.0530037537135986,0.7224888072839031,elliptical,ballistic,edge,0.12456890027524274,0.055037492196476565,61.52062225341797,0.0,107.50854;83.835249;108.17078;117.03402;89.487233;118.05333;86.697402;85.209342;102.47198;92.587643;100.74184;98.930132;99.136065;93.433459;94.419352;116.50486;105.77879,10.386108457999399,10.38676538300001,176.23046875,f0035_s1_r0.npz,2483f4e01b082eba1b402e3baa0504196bb201ea6349de066792ecc24ad97334,44431
35,1,1,1e-08,1.0,2.055089524114001,-3.0,2.0530037537135986,0.7224888072839031,elliptical,ballistic,edge,0.12456890027524274,0.055037492196476565,50.621856689453125,0.0,107.50854;83.835249;108.17078;117.03402;89.487233;118.05333;86.697402;85.209342;102.47198;92.587643;100.74184;98.930132;99.136065;93.433459;94.419352;116.50486;105.77879,10.655307554000501,10.656073999,180.95703125,f0035_s1_r1.npz,ed3eeacc05e7f8f93b363b2736115c6f93a0f4d21521bb8a3f427bbb57f36063,44559
35,2,0,1e-07,0.5,2.055089524114001,-3.0,2.0530037537135986,0.7224888072839031,elliptical,ballistic,edge,0.12456890027524274,0.055037492196476565,12.178023338317871,0.22992302389705882,107.50854;83.835249;108.17078;117.03402;89.487233;118.05333;86.697402;85.209342;102.47198;92.587643;100.74184;98.930132;99.136065;93.433459;94.419352;116.50486;105.77879,8.670016991999546,8.671062269000004,181.3203125,f0035_s2_r0.npz,313dc34185593634a91a672c8817dceae06a89158d98cc7908103be396d8346a,45063
35,2,1,1e-07,1.0,2.055089524114001,-3.0,2.0530037537135986,0.7224888072839031,elliptical,ballistic,edge,0.12456890027524274,0.055037492196476565,8.780892372131348,0.4979032628676471,107.50854;83.835249;108.17078;117.03402;89.487233;118.05333;86.697402;85.209342;102.47198;92.587643;100.74184;98.930132;99.136065;93.433459;94.419352;116.50486;105.77879,8.964484082000126,8.957846016000019,181.91796875,f0035_s2_r1.npz,252775ae5031106d664582e3a9388ab219ee6dd59aa695b2c45a03366ed78558,45810
36,0,0,1e-09,0.5,-2.8426495513673893,3.0,1.0,105.81764895386867,circular,ballistic,edge,0.051129567816072245,0.04111760179756377,83.83524322509766,0.0,107.50854;83.835249;108.17078;117.03402;89.487233;118.05333;86.697402;85.209342;102.47198;92.587643;100.74184;98.930132;99.136065;93.433459;94.419352;116.50486;105.77879,10.1166341750004,10.116504029999987,176.4921875,f0036_s0_r0.npz,ae88dd993d547e480cb9c9ed79ff4c030fe8bdb51bd34c8f9511540c863d5131,44362
36,0,1,1e-09,1.0,-2.8426495513673893,3.0,1.0,105.81764895386867,circular,ballistic,edge,0.051129567816072245,0.04111760179756377,82.56214141845703,0.0,107.50854;83.835249;108.17078;117.03402;89.487233;118.05333;86.697402;85.209342;102.47198;92.587643;100.74184;98.930132;99.136065;93.433459;94.419352;116.50486;105.77879,10.535028769000746,10.535090239999988,180.95703125,f0036_s0_r1.npz,bc92053a88b3d5d0a0b96ef1e525dfcaa8b97fefd53fa73bcdc8046400b19d85,44424
36,1,0,1e-08,0.5,-2.8426495513673893,3.0,1.0,105.81764895386867,circular,ballistic,edge,0.051129567816072245,0.04111760179756377,62.49201583862305,0.0,107.50854;83.835249;108.17078;117.03402;89.487233;118.05333;86.697402;85.209342;102.47198;92.587643;100.74184;98.930132;99.136065;93.433459;94.419352;116.50486;105.77879,9.183651816999372,9.181925428,181.3203125,f0036_s1_r0.npz,76da62904a32379921512dcf5128009cb38df852bdfd6955ae1a031063748e63,44446
36,1,1,1e-08,1.0,-2.8426495513673893,3.0,1.0,105.81764895386867,circular,ballistic,edge,0.051129567816072245,0.04111760179756377,57.61403274536133,0.0,107.50854;83.835249;108.17078;117.03402;89.487233;118.05333;86.697402;85.209342;102.47198;92.587643;100.74184;98.930132;99.136065;93.433459;94.419352;116.50486;105.77879,9.398591349000526,9.397454879999998,181.91796875,f0036_s1_r1.npz,c749d7caabb48867300ecf94c95bd3c75307c61b57224a95127d0734d2b512a2,44613
36,2,0,1e-07,0.5,-2.8426495513673893,3.0,1.0,105.81764895386867,circular,ballistic,edge,0.051129567816072245,0.04111760179756377,14.513059616088867,0.13979204963235295,107.50854;83.835249;108.17078;117.03402;89.487233;118.05333;86.697402;85.209342;102.47198;92.587643;100.74184;98.930132;99.136065;93.433459;94.419352;116.50486;105.77879,9.154732732000411,9.153116848999957,176.4921875,f0036_s2_r0.npz,6fe164b640b8c3a7cad9aa7cfd23961880187fc36e3c63f5e74318ff86aedbf2,44844
36,2,1,1e-07,1.0,-2.8426495513673893,3.0,1.0,105.81764895386867,circular,ballistic,edge,0.051129567816072245,0.04111760179756377,11.904624938964844,0.6180204503676471,107.50854;83.835249;108.17078;117.03402;89.487233;118.05333;86.697402;85.209342;102.47198;92.587643;100.74184;98.930132;99.136065;93.433459;94.419352;116.50486;105.77879,10.100665621999724,10.096507046,181.3203125,f0036_s2_r1.npz,1a0406b2acce26a076346e7f87e25e51886e6d876ab7113dd7ba2b723e4e026f,45871
37,0,0,1e-09,0.5,3.2935207677358056,1.2567966440562435,1.0,36.85553052545111,circular,ballistic,outside,0.06650866407723721,0.08337704487500641,83.83525085449219,0.0,107.50854;83.835249;108.17078;117.03402;89.487233;118.05333;86.697402;85.209342;102.47198;92.587643;100.74184;98.930132;99.136065;93.433459;94.419352;116.50486;105.77879,10.646139216999472,10.646365064999998,180.95703125,f0037_s0_r0.npz,5de105eb229b8dde1efa08d65e9668884e02600469f3e2871c661d429041767e,44352
37,0,1,1e-09,1.0,3.2935207677358056,1.2567966440562435,1.0,36.85553052545111,circular,ballistic,outside,0.06650866407723721,0.08337704487500641,82.44866180419922,0.0,107.50854;83.835249;108.17078;117.03402;89.487233;118.05333;86.697402;85.209342;102.47198;92.587643;100.74184;98.930132;99.136065;93.433459;94.419352;116.50486;105.77879,10.013258095999845,10.013234769999997,181.91796875,f0037_s0_r1.npz,efb44b62a30483d43573897f0d9d8f61355c4588f0a588138751445a2e2efebb,44410
37,1,0,1e-08,0.5,3.2935207677358056,1.2567966440562435,1.0,36.85553052545111,circular,ballistic,outside,0.06650866407723721,0.08337704487500641,74.80892181396484,0.0,107.50854;83.835249;108.17078;117.03402;89.487233;118.05333;86.697402;85.209342;102.47198;92.587643;100.74184;98.930132;99.136065;93.433459;94.419352;116.50486;105.77879,9.864559371000723,9.85172515399995,176.4921875,f0037_s1_r0.npz,cb621cfae67dad47a96e83a10e32e197ed50f2a17a391fc2368b1c754b6fad65,44484
37,1,1,1e-08,1.0,3.2935207677358056,1.2567966440562435,1.0,36.85553052545111,circular,ballistic,outside,0.06650866407723721,0.08337704487500641,59.110713958740234,0.0,107.50854;83.835249;108.17078;117.03402;89.487233;118.05333;86.697402;85.209342;102.47198;92.587643;100.74184;98.930132;99.136065;93.433459;94.419352;116.50486;105.77879,10.84037024600002,10.836844643000006,181.3203125,f0037_s1_r1.npz,05712af17c8d48c18f56ff28b780041334e0ecf79209886f4ed79ed95b8fd16a,44536
37,2,0,1e-07,0.5,3.2935207677358056,1.2567966440562435,1.0,36.85553052545111,circular,ballistic,outside,0.06650866407723721,0.08337704487500641,17.752988815307617,0.10492302389705882,107.50854;83.835249;108.17078;117.03402;89.487233;118.05333;86.697402;85.209342;102.47198;92.587643;100.74184;98.930132;99.136065;93.433459;94.419352;116.50486;105.77879,11.006761956000446,11.004232650999995,180.95703125,f0037_s2_r0.npz,4384ed4cbe0ecc9e29c6164b37249faf7fa344823b489cb254a4b96ab47a6ce7,44808
37,2,1,1e-07,1.0,3.2935207677358056,1.2567966440562435,1.0,36.85553052545111,circular,ballistic,outside,0.06650866407723721,0.08337704487500641,11.43112850189209,0.4334501378676471,107.50854;83.835249;108.17078;117.03402;89.487233;118.05333;86.697402;85.209342;102.47198;92.587643;100.74184;98.930132;99.136065;93.433459;94.419352;116.50486;105.77879,9.297761134000211,9.29869510399999,181.91796875,f0037_s2_r1.npz,d755fa4cc0bca04b8993ca70cd59599e3a55aeb4efd675d9114ad91c0c8d364a,45707
38,0,0,1e-09,0.5,-1.699392196187214,-3.7374400631792684,1.7687874727430373,14.825499987710693,elliptical,ballistic,outside,0.1303485581526483,0.09886304595110453,80.55567169189453,0.0,107.50854;83.835249;108.17078;117.03402;89.487233;118.05333;86.697402;85.209342;102.47198;92.587643;100.74184;98.930132;99.136065;93.433459;94.419352;116.50486;105.77879,9.816317026999968,9.813236262999965,176.4921875,f0038_s0_r0.npz,39db087aa1b52d8d6c3ee335b8c3d364402738a8c2fffb5ca49f237d7255b2d0,44448
38,0,1,1e-09,1.0,-1.699392196187214,-3.7374400631792684,1.7687874727430373,14.825499987710693,elliptical,ballistic,outside,0.1303485581526483,0.09886304595110453,80.1793212890625,0.0,107.50854;83.835249;108.17078;117.03402;89.487233;118.05333;86.697402;85.209342;102.47198;92.587643;100.74184;98.930132;99.136065;93.433459;94.419352;116.50486;105.77879,10.495266722999986,10.496215872999983,181.3203125,f0038_s0_r1.npz,2065b37ccbd3e89efebb0e915c2c00adfb545b9c2c1222813922ddef2bb22a78,44436
38,1,0,1e-08,0.5,-1.699392196187214,-3.7374400631792684,1.7687874727430373,14.825499987710693,elliptical,ballistic,outside,0.1303485581526483,0.09886304595110453,59.58281707763672,0.0,107.50854;83.835249;108.17078;117.03402;89.487233;118.05333;86.697402;85.209342;102.47198;92.587643;100.74184;98.930132;99.136065;93.433459;94.419352;116.50486;105.77879,9.9162275890003,9.916338336000024,181.16796875,f0038_s1_r0.npz,06857c3536cd810dce8eafab73619050fdbf9919d43b1fb4324a0f8093c75e6b,44488
38,1,1,1e-08,1.0,-1.699392196187214,-3.7374400631792684,1.7687874727430373,14.825499987710693,elliptical,ballistic,outside,0.1303485581526483,0.09886304595110453,56.508304595947266,0.0,107.50854;83.835249;108.17078;117.03402;89.487233;118.05333;86.697402;85.209342;102.47198;92.587643;100.74184;98.930132;99.136065;93.433459;94.419352;116.50486;105.77879,8.546424174000094,8.547090601999969,181.91796875,f0038_s1_r1.npz,520756201f9b40322a0c891c73048acce4dd898c11f225597f19dad63d25b4b1,44492
38,2,0,1e-07,0.5,-1.699392196187214,-3.7374400631792684,1.7687874727430373,14.825499987710693,elliptical,ballistic,outside,0.1303485581526483,0.09886304595110453,16.56096649169922,0.07717715992647059,107.50854;83.835249;108.17078;117.03402;89.487233;118.05333;86.697402;85.209342;102.47198;92.587643;100.74184;98.930132;99.136065;93.433459;94.419352;116.50486;105.77879,9.264980152000135,9.260501220000037,176.4921875,f0038_s2_r0.npz,244d3458b4e470a4298aa5dc178605e7488e8897937f3729021d466aaa00f307,44617
38,2,1,1e-07,1.0,-1.699392196187214,-3.7374400631792684,1.7687874727430373,14.825499987710693,elliptical,ballistic,outside,0.1303485581526483,0.09886304595110453,13.062273025512695,0.40872012867647056,107.50854;83.835249;108.17078;117.03402;89.487233;118.05333;86.697402;85.209342;102.47198;92.587643;100.74184;98.930132;99.136065;93.433459;94.419352;116.50486;105.77879,10.760826769000232,10.76158658899999,181.3203125,f0038_s2_r1.npz,1a122f60baef55d4f0f2e832dba76aa7256ea77c751ae68d5d41a94a3829a03d,45362
39,0,0,1e-09,0.5,1.3419835464844745,-0.1912658796622262,1.0,93.98523620731653,circular,ballistic,inside,0.12841980746964027,0.07859988234497034,79.48310852050781,0.0,107.50854;83.835249;108.17078;117.03402;89.487233;118.05333;86.697402;85.209342;102.47198;92.587643;100.74184;98.930132;99.136065;93.433459;94.419352;116.50486;105.77879,8.831029280000621,8.831863228999964,181.91796875,f0039_s0_r0.npz,952de64e872118d74e1d3ec1fd20baee4792b1fe1a258208c83fcfd002467d03,44451
39,0,1,1e-09,1.0,1.3419835464844745,-0.1912658796622262,1.0,93.98523620731653,circular,ballistic,inside,0.12841980746964027,0.07859988234497034,79.10337829589844,0.0,107.50854;83.835249;108.17078;117.03402;89.487233;118.05333;86.697402;85.209342;102.47198;92.587643;100.74184;98.930132;99.136065;93.433459;94.419352;116.50486;105.77879,9.339313092999873,9.339396743999998,181.16796875,f0039_s0_r1.npz,449ee6c5fa6332fff6d5f97f288c8b5622cc4d560e1ab53d5f379a08bb3779b7,44493
39,1,0,1e-08,0.5,1.3419835464844745,-0.1912658796622262,1.0,93.98523620731653,circular,ballistic,inside,0.12841980746964027,0.07859988234497034,45.08186721801758,0.0,107.50854;83.835249;108.17078;117.03402;89.487233;118.05333;86.697402;85.209342;102.47198;92.587643;100.74184;98.930132;99.136065;93.433459;94.419352;116.50486;105.77879,9.956438729999718,9.955976755999984,176.4921875,f0039_s1_r0.npz,0866d73aa28d556d99c55f6beb9406ea51453b8727be3ab3b91bd67932303255,44554
39,1,1,1e-08,1.0,1.3419835464844745,-0.1912658796622262,1.0,93.98523620731653,circular,ballistic,inside,0.12841980746964027,0.07859988234497034,44.05359649658203,0.0,107.50854;83.835249;108.17078;117.03402;89.487233;118.05333;86.697402;85.209342;102.47198;92.587643;100.74184;98.930132;99.136065;93.433459;94.419352;116.50486;105.77879,8.187433901999611,8.187765706999926,181.91796875,f0039_s1_r1.npz,0445f23cc8de3dec1831ad075f730065114d66f645b6782212e699c75e2fae29,44754
39,2,0,1e-07,0.5,1.3419835464844745,-0.1912658796622262,1.0,93.98523620731653,circular,ballistic,inside,0.12841980746964027,0.07859988234497034,7.499354362487793,0.46335018382352944,107.50854;83.835249;108.17078;117.03402;89.487233;118.05333;86.697402;85.209342;102.47198;92.587643;100.74184;98.930132;99.136065;93.433459;94.419352;116.50486;105.77879,9.197807646000001,9.198272301000031,181.16796875,f0039_s2_r0.npz,2906b13e87c42a561485b4012a2b4108994d8aca3d326a41c62250e0b4cf184b,45691
39,2,1,1e-07,1.0,1.3419835464844745,-0.1912658796622262,1.0,93.98523620731653,circular,ballistic,inside,0.12841980746964027,0.07859988234497034,7.22189474105835,0.7870806525735294,107.50854;83.835249;108.17078;117.03402;89.487233;118.05333;86.697402;85.209342;102.47198;92.587643;100.74184;98.930132;99.136065;93.433459;94.419352;116.50486;105.77879,8.32981101399946,8.330043657999965,181.3203125,f0039_s2_r1.npz,138151e3964ad602af57918f6f2ce21fac71592c8b1a90ba2c455b8d701ad7fd,46422
40,0,0,1e-09,0.5,-3.0,-0.0694803539155382,1.0,124.15630142435168,circular,diffusive,edge,0.12238059435611034,0.03808427462707569,83.83524322509766,0.0,107.50854;83.835249;108.17078;117.03402;89.487233;118.05333;86.697402;85.209342;102.47198;92.587643;100.74184;98.930132;99.136065;93.433459;94.419352;116.50486;105.77879,9.053809291000107,9.052852142999996,176.4921875,f0040_s0_r0.npz,8cd875cc88b965ac5d8ec722e4a83792eca49365179036feaf4f72fd5ba8729b,44431
40,0,1,1e-09,1.0,-3.0,-0.0694803539155382,1.0,124.15630142435168,circular,diffusive,edge,0.12238059435611034,0.03808427462707569,83.74822998046875,0.0,107.50854;83.835249;108.17078;117.03402;89.487233;118.05333;86.697402;85.209342;102.47198;92.587643;100.74184;98.930132;99.136065;93.433459;94.419352;116.50486;105.77879,7.397369138999238,7.398051832999954,181.91796875,f0040_s0_r1.npz,c3ff282e07a8121b3943bd643e227c0ed58863c42bd210a6dcb0f9d7fd7dc57a,44438
40,1,0,1e-08,0.5,-3.0,-0.0694803539155382,1.0,124.15630142435168,circular,diffusive,edge,0.12238059435611034,0.03808427462707569,56.244056701660156,0.0,107.50854;83.835249;108.17078;117.03402;89.487233;118.05333;86.697402;85.209342;102.47198;92.587643;100.74184;98.930132;99.136065;93.433459;94.419352;116.50486;105.77879,7.468460518000029,7.468854724000039,181.3203125,f0040_s1_r0.npz,4f3f2f894131f571d5377c2bdb230fed0dc30cd43644ed65959e16609a5a8435,44436
40,1,1,1e-08,1.0,-3.0,-0.0694803539155382,1.0,124.15630142435168,circular,diffusive,edge,0.12238059435611034,0.03808427462707569,52.660037994384766,0.0,107.50854;83.835249;108.17078;117.03402;89.487233;118.05333;86.697402;85.209342;102.47198;92.587643;100.74184;98.930132;99.136065;93.433459;94.419352;116.50486;105.77879,8.628482469000119,8.628892105999967,181.16796875,f0040_s1_r1.npz,61755298420e419dbae894a9d0545c344d78b15ffaccc3a1aa5814661ba6b390,44516
40,2,0,1e-07,0.5,-3.0,-0.0694803539155382,1.0,124.15630142435168,circular,diffusive,edge,0.12238059435611034,0.03808427462707569,11.337665557861328,0.20763442095588236,107.50854;83.835249;108.17078;117.03402;89.487233;118.05333;86.697402;85.209342;102.47198;92.587643;100.74184;98.930132;99.136065;93.433459;94.419352;116.50486;105.77879,8.838014287000078,8.836307854999973,176.4921875,f0040_s2_r0.npz,f7ecd4ff141a33bf47332e474e5f6796a2b72b468b48769c2c34adcc5ee26c03,44927
40,2,1,1e-07,1.0,-3.0,-0.0694803539155382,1.0,124.15630142435168,circular,diffusive,edge,0.12238059435611034,0.03808427462707569,9.978360176086426,0.22377642463235295,107.50854;83.835249;108.17078;117.03402;89.487233;118.05333;86.697402;85.209342;102.47198;92.587643;100.74184;98.930132;99.136065;93.433459;94.419352;116.50486;105.77879,7.486835495000378,7.48730923800008,181.91796875,f0040_s2_r1.npz,48c5a6725c05746804e7f20d4cc76e45b01fcd2354371a0884484d4cc29ed147,45190
41,0,0,1e-09,0.5,2.933084343749373,-2.7093235749819846,2.471823567791092,162.25026020760185,elliptical,ballistic,inside,0.12372750117300087,0.10788571659512199,82.1239242553711,0.0,107.50854;83.835249;108.17078;117.03402;89.487233;118.05333;86.697402;85.209342;102.47198;92.587643;100.74184;98.930132;99.136065;93.433459;94.419352;116.50486;105.77879,7.50891030799994,7.509324637999953,181.3203125,f0041_s0_r0.npz,36c8b0ac28baa51ca658fc5222d016150e52fd7dabdbf45ca9667ec2c66a8d30,44413
41,0,1,1e-09,1.0,2.933084343749373,-2.7093235749819846,2.471823567791092,162.25026020760185,elliptical,ballistic,inside,0.12372750117300087,0.10788571659512199,80.30970764160156,0.0,107.50854;83.835249;108.17078;117.03402;89.487233;118.05333;86.697402;85.209342;102.47198;92.587643;100.74184;98.930132;99.136065;93.433459;94.419352;116.50486;105.77879,8.59492685999976,8.59563854800001,181.16796875,f0041_s0_r1.npz,c1b0045cf8a250b4a40e700c063b36c7329b2d7db2e674c319bf28f58f7e5184,44427
41,1,0,1e-08,0.5,2.933084343749373,-2.7093235749819846,2.471823567791092,162.25026020760185,elliptical,ballistic,inside,0.12372750117300087,0.10788571659512199,61.94189453125,0.0,107.50854;83.835249;108.17078;117.03402;89.487233;118.05333;86.697402;85.209342;102.47198;92.587643;100.74184;98.930132;99.136065;93.433459;94.419352;116.50486;105.77879,8.933174576000056,8.933201580000059,176.4921875,f0041_s1_r0.npz,6cef352d0664f9c2766288d6524cc0493e80707d6885b37c1dc661015f327c4e,44495
41,1,1,1e-08,1.0,2.933084343749373,-2.7093235749819846,2.471823567791092,162.25026020760185,elliptical,ballistic,inside,0.12372750117300087,0.10788571659512199,51.953128814697266,0.0,107.50854;83.835249;108.17078;117.03402;89.487233;118.05333;86.697402;85.209342;102.47198;92.587643;100.74184;98.930132;99.136065;93.433459;94.419352;116.50486;105.77879,7.414953301999958,7.415587106999965,181.91796875,f0041_s1_r1.npz,e104d51ff9e9fa67031ce18e6caeaafbfcfd1e7156048264d51d0f4c83f27a51,44690
41,2,0,1e-07,0.5,2.933084343749373,-2.7093235749819846,2.471823567791092,162.25026020760185,elliptical,ballistic,inside,0.12372750117300087,0.10788571659512199,12.63247013092041,0.22682100183823528,107.50854;83.835249;108.17078;117.03402;89.487233;118.05333;86.697402;85.209342;102.47198;92.587643;100.74184;98.930132;99.136065;93.433459;94.419352;116.50486;105.77879,7.573490896000294,7.573873393999975,181.3203125,f0041_s2_r0.npz,723c12cd2345e73a966c304747f039e253d5d1dec96d7af6d1f58232519ef12c,45130
41,2,1,1e-07,1.0,2.933084343749373,-2.7093235749819846,2.471823567791092,162.25026020760185,elliptical,ballistic,inside,0.12372750117300087,0.10788571659512199,10.528558731079102,0.7072897518382353,107.50854;83.835249;108.17078;117.03402;89.487233;118.05333;86.697402;85.209342;102.47198;92.587643;100.74184;98.930132;99.136065;93.433459;94.419352;116.50486;105.77879,8.312935188000665,8.311776110000096,181.16796875,f0041_s2_r1.npz,14b2cf2128313e40456513258285d942fcb051fee9bda601c050fa2f4d089812,45974
42,0,0,1e-09,0.5,-2.2282469462290395,1.6886654045488037,1.4994401908396353,155.81431170304552,elliptical,diffusive,inside,0.09928540197033506,0.0547017331391315,83.83525085449219,0.0,107.50854;83.835249;108.17078;117.03402;89.487233;118.05333;86.697402;85.209342;102.47198;92.587643;100.74184;98.930132;99.136065;93.433459;94.419352;116.50486;105.77879,8.873952545000066,8.873697639000056,181.91796875,f0042_s0_r0.npz,f21338227aad0882ec8eeb58c008b60777c1f3af35585772bf6f59ec5ed30a52,44444
42,0,1,1e-09,1.0,-2.2282469462290395,1.6886654045488037,1.4994401908396353,155.81431170304552,elliptical,diffusive,inside,0.09928540197033506,0.0547017331391315,82.7092056274414,0.0,107.50854;83.835249;108.17078;117.03402;89.487233;118.05333;86.697402;85.209342;102.47198;92.587643;100.74184;98.930132;99.136065;93.433459;94.419352;116.50486;105.77879,9.206040001000474,9.204981761999989,176.4921875,f0042_s0_r1.npz,7b30fd2876989d8d76f6c08bd3da64581e3d6dd0bc342c99b7460b36181fde85,44371
42,1,0,1e-08,0.5,-2.2282469462290395,1.6886654045488037,1.4994401908396353,155.81431170304552,elliptical,diffusive,inside,0.09928540197033506,0.0547017331391315,62.20313262939453,0.0,107.50854;83.835249;108.17078;117.03402;89.487233;118.05333;86.697402;85.209342;102.47198;92.587643;100.74184;98.930132;99.136065;93.433459;94.419352;116.50486;105.77879,7.597608715000206,7.597871525000073,181.3203125,f0042_s1_r0.npz,1c1dc03f20f371bb54495f9f7da4aeab8af4a71e0a0f6aec4cd291689c74d6af,44519
42,1,1,1e-08,1.0,-2.2282469462290395,1.6886654045488037,1.4994401908396353,155.81431170304552,elliptical,diffusive,inside,0.09928540197033506,0.0547017331391315,60.2088623046875,0.0,107.50854;83.835249;108.17078;117.03402;89.487233;118.05333;86.697402;85.209342;102.47198;92.587643;100.74184;98.930132;99.136065;93.433459;94.419352;116.50486;105.77879,8.582940734000658,8.583365583000045,181.16796875,f0042_s1_r1.npz,bcf40e60ffe8694d9f98d49a6c78eca602407fb34aae519dc1aa755409b25546,44581
42,2,0,1e-07,0.5,-2.2282469462290395,1.6886654045488037,1.4994401908396353,155.81431170304552,elliptical,diffusive,inside,0.09928540197033506,0.0547017331391315,14.358898162841797,0.19465188419117646,107.50854;83.835249;108.17078;117.03402;89.487233;118.05333;86.697402;85.209342;102.47198;92.587643;100.74184;98.930132;99.136065;93.433459;94.419352;116.50486;105.77879,8.474736727999698,8.47534869499998,181.91796875,f0042_s2_r0.npz,d989d5ae0b759b14e2cc81daa6ea3a8e679f49e36d653ee0608f1ab61b3d7e08,44907
42,2,1,1e-07,1.0,-2.2282469462290395,1.6886654045488037,1.4994401908396353,155.81431170304552,elliptical,diffusive,inside,0.09928540197033506,0.0547017331391315,13.060867309570312,0.45246438419117646,107.50854;83.835249;108.17078;117.03402;89.487233;118.05333;86.697402;85.209342;102.47198;92.587643;100.74184;98.930132;99.136065;93.433459;94.419352;116.50486;105.77879,8.217557840000154,8.214687079999976,181.3203125,f0042_s2_r1.npz,509d13e79a03f20ead747a8e552286027e0de346cf9de4fc48f8e524af1d270a,45450
43,0,0,1e-09,0.5,-3.5601960452276584,-1.9291168238925898,1.0,92.61076857609388,circular,diffusive,outside,0.07898599754928867,0.03954182626685271,83.09793090820312,0.0,107.50854;83.835249;108.17078;117.03402;89.487233;118.05333;86.697402;85.209342;102.47198;92.587643;100.74184;98.930132;99.136065;93.433459;94.419352;116.50486;105.77879,9.896897303000515,9.897159965000014,176.4921875,f0043_s0_r0.npz,57e1861bc55c1dc41727680cfd8fa07048546d831fcd519e5a36f3e7805f4111,44375
43,0,1,1e-09,1.0,-3.5601960452276584,-1.9291168238925898,1.0,92.61076857609388,circular,diffusive,outside,0.07898599754928867,0.03954182626685271,81.00865936279297,0.0,107.50854;83.835249;108.17078;117.03402;89.487233;118.05333;86.697402;85.209342;102.47198;92.587643;100.74184;98.930132;99.136065;93.433459;94.419352;116.50486;105.77879,8.309818509999786,8.309642845999974,181.16796875,f0043_s0_r1.npz,3b283ddba56df22b22994b015cd6b76d703a2443de3c957984071eef5b704d47,44346
43,1,0,1e-08,0.5,-3.5601960452276584,-1.9291168238925898,1.0,92.61076857609388,circular,diffusive,outside,0.07898599754928867,0.03954182626685271,77.00313568115234,0.0,107.50854;83.835249;108.17078;117.03402;89.487233;118.05333;86.697402;85.209342;102.47198;92.587643;100.74184;98.930132;99.136065;93.433459;94.419352;116.50486;105.77879,9.110860078999394,9.11141205499996,181.91796875,f0043_s1_r0.npz,7b3cad009d0d3d38ea21d8a3e6a6e031bc8b466217d13c2d9f36884305afb373,44363
43,1,1,1e-08,1.0,-3.5601960452276584,-1.9291168238925898,1.0,92.61076857609388,circular,diffusive,outside,0.07898599754928867,0.03954182626685271,62.1524772644043,0.0,107.50854;83.835249;108.17078;117.03402;89.487233;118.05333;86.697402;85.209342;102.47198;92.587643;100.74184;98.930132;99.136065;93.433459;94.419352;116.50486;105.77879,7.632342595000409,7.6327045529999396,181.3203125,f0043_s1_r1.npz,ef27e26102e645a5aafd9e042680ae0f27a361815e5868e3d346e02e51c1505c,44453
43,2,0,1e-07,0.5,-3.5601960452276584,-1.9291168238925898,1.0,92.61076857609388,circular,diffusive,outside,0.07898599754928867,0.03954182626685271,25.024805068969727,0.03891888786764706,107.50854;83.835249;108.17078;117.03402;89.487233;118.05333;86.697402;85.209342;102.47198;92.587643;100.74184;98.930132;99.136065;93.433459;94.419352;116.50486;105.77879,8.90483973099981,8.90532478099999,176.4921875,f0043_s2_r0.npz,f3069f6e4ffb35d79ca1e797f434bb9d51778cf5e390342e6348bc453ec931a0,44553
43,2,1,1e-07,1.0,-3.5601960452276584,-1.9291168238925898,1.0,92.61076857609388,circular,diffusive,outside,0.07898599754928867,0.03954182626685271,18.595537185668945,0.3615291819852941,107.50854;83.835249;108.17078;117.03402;89.487233;118.05333;86.697402;85.209342;102.47198;92.587643;100.74184;98.930132;99.136065;93.433459;94.419352;116.50486;105.77879,7.410647235999932,7.41046699900005,181.16796875,f0043_s2_r1.npz,308d94e2c0bcff8e3146199f26f0cfcadb3912844cda26f4579d78ce55764287,45104
44,0,0,1e-09,0.5,3.6557022911372963,1.3854808075022333,2.411077578877249,42.65297140339335,elliptical,diffusive,outside,0.1131219925672207,0.0634595501405208,83.08834838867188,0.0,107.50854;83.835249;108.17078;117.03402;89.487233;118.05333;86.697402;85.209342;102.47198;92.587643;100.74184;98.930132;99.136065;93.433459;94.419352;116.50486;105.77879,7.67235263099974,7.671890020999967,181.3203125,f0044_s0_r0.npz,491c8134cf485162803969eaef1b25266bdb384c4aea65940c3fba71e82dd8a0,44414
44,0,1,1e-09,1.0,3.6557022911372963,1.3854808075022333,2.411077578877249,42.65297140339335,elliptical,diffusive,outside,0.1131219925672207,0.0634595501405208,81.19670867919922,0.0,107.50854;83.835249;108.17078;117.03402;89.487233;118.05333;86.697402;85.209342;102.47198;92.587643;100.74184;98.930132;99.136065;93.433459;94.419352;116.50486;105.77879,8.24905762400067,8.249036174000025,181.91796875,f0044_s0_r1.npz,b97457ad9fa04591d50621da80f7253dc4ff6ee594d98c4f9faf148122828e60,44456
44,1,0,1e-08,0.5,3.6557022911372963,1.3854808075022333,2.411077578877249,42.65297140339335,elliptical,diffusive,outside,0.1131219925672207,0.0634595501405208,67.88302612304688,0.0,107.50854;83.835249;108.17078;117.03402;89.487233;118.05333;86.697402;85.209342;102.47198;92.587643;100.74184;98.930132;99.136065;93.433459;94.419352;116.50486;105.77879,9.01715815300031,9.017159779000053,176.4921875,f0044_s1_r0.npz,6a44c0b1c4b8260d0135eb4d3e841bc0a599a9435d504f7940e3c734bc90b7f5,44478
44,1,1,1e-08,1.0,3.6557022911372963,1.3854808075022333,2.411077578877249,42.65297140339335,elliptical,diffusive,outside,0.1131219925672207,0.0634595501405208,57.03179931640625,0.0,107.50854;83.835249;108.17078;117.03402;89.487233;118.05333;86.697402;85.209342;102.47198;92.587643;100.74184;98.930132;99.136065;93.433459;94.419352;116.50486;105.77879,7.507767184999466,7.508315804999938,181.16796875,f0044_s1_r1.npz,a0ff8978bd24bc3ae44b7dc2cc271d05c5985429eb37816ff8e4fac500957d90,44555
44,2,0,1e-07,0.5,3.6557022911372963,1.3854808075022333,2.411077578877249,42.65297140339335,elliptical,diffusive,outside,0.1131219925672207,0.0634595501405208,19.67646026611328,0.12169692095588236,107.50854;83.835249;108.17078;117.03402;89.487233;118.05333;86.697402;85.209342;102.47198;92.587643;100.74184;98.930132;99.136065;93.433459;94.419352;116.50486;105.77879,8.687943347999862,8.688351839999996,181.3203125,f0044_s2_r0.npz,c61a972056d234a22d7a8265223c2c84b0fbf6891acbf58073af40a8f1c1d0bd,44759
44,2,1,1e-07,1.0,3.6557022911372963,1.3854808075022333,2.411077578877249,42.65297140339335,elliptical,diffusive,outside,0.1131219925672207,0.0634595501405208,13.476901054382324,0.45358455882352944,107.50854;83.835249;108.17078;117.03402;89.487233;118.05333;86.697402;85.209342;102.47198;92.587643;100.74184;98.930132;99.136065;93.433459;94.419352;116.50486;105.77879,7.529194340000686,7.529442759999938,181.91796875,f0044_s2_r1.npz,1badc56da0b5ce4f0a9db034faf53911e2ddaf6efc283c6e1ad90d70f8373215,45376
45,0,0,1e-09,0.5,-2.4823670953890593,2.9690918543064075,1.0,31.27777241054349,circular,diffusive,inside,0.10900033349293622,0.025775954512134994,83.83525085449219,0.0,107.50854;83.835249;108.17078;117.03402;89.487233;118.05333;86.697402;85.209342;102.47198;92.587643;100.74184;98.930132;99.136065;93.433459;94.419352;116.50486;105.77879,7.484941509000237,7.485470077999935,181.16796875,f0045_s0_r0.npz,edd9b5be5964629bae23e6d0e52ecf850c95d6912ddd7189a5ba03442ba152d6,44362
45,0,1,1e-09,1.0,-2.4823670953890593,2.9690918543064075,1.0,31.27777241054349,circular,diffusive,inside,0.10900033349293622,0.025775954512134994,83.83525085449219,0.0,107.50854;83.835249;108.17078;117.03402;89.487233;118.05333;86.697402;85.209342;102.47198;92.587643;100.74184;98.930132;99.136065;93.433459;94.419352;116.50486;105.77879,9.048381906999566,9.048811226999987,176.4921875,f0045_s0_r1.npz,d9ec93a4e4521f0c12d1799e12747d10683b0693e460b8a2806a0e194f437c7f,44446
45,1,0,1e-08,0.5,-2.4823670953890593,2.9690918543064075,1.0,31.27777241054349,circular,diffusive,inside,0.10900033349293622,0.025775954512134994,64.58106231689453,0.0,107.50854;83.835249;108.17078;117.03402;89.487233;118.05333;86.697402;85.209342;102.47198;92.587643;100.74184;98.930132;99.136065;93.433459;94.419352;116.50486;105.77879,8.649080182000034,8.64919300400004,181.3203125,f0045_s1_r0.npz,66e21c6adb6617f7771ef7b16d3430d553a1e3ddea52d16da2261f6d8978243c,44406
45,1,1,1e-08,1.0,-2.4823670953890593,2.9690918543064075,1.0,31.27777241054349,circular,diffusive,inside,0.10900033349293622,0.025775954512134994,59.35143280029297,0.0,107.50854;83.835249;108.17078;117.03402;89.487233;118.05333;86.697402;85.209342;102.47198;92.587643;100.74184;98.930132;99.136065;93.433459;94.419352;116.50486;105.77879,7.484888717999638,7.4850402380000105,181.91796875,f0045_s1_r1.npz,04fc5597d2264616df306a76fd942119caaa6201c7e37efe19e95e74145e17db,44402
45,2,0,1e-07,0.5,-2.4823670953890593,2.9690918543064075,1.0,31.27777241054349,circular,diffusive,inside,0.10900033349293622,0.025775954512134994,15.685914039611816,0.050551470588235295,107.50854;83.835249;108.17078;117.03402;89.487233;118.05333;86.697402;85.209342;102.47198;92.587643;100.74184;98.930132;99.136065;93.433459;94.419352;116.50486;105.77879,7.538885740000296,7.539220323999984,181.16796875,f0045_s2_r0.npz,a081da7f55d66e8bd244af49821c80a2a0440385e8da153887743f4db938bc3a,44541
45,2,1,1e-07,1.0,-2.4823670953890593,2.9690918543064075,1.0,31.27777241054349,circular,diffusive,inside,0.10900033349293622,0.025775954512134994,12.932060241699219,0.1738568474264706,107.50854;83.835249;108.17078;117.03402;89.487233;118.05333;86.697402;85.209342;102.47198;92.587643;100.74184;98.930132;99.136065;93.433459;94.419352;116.50486;105.77879,9.23107286999948,9.231290472000069,176.4921875,f0045_s2_r1.npz,e480b5ba09ad083b938b90bcbcd02acb1954cf14ebb4a8c62bdc6ea4fc689475,44917
46,0,0,1e-09,0.5,2.2827309862026333,3.0,1.8509467801301482,40.014856503574315,elliptical,ballistic,edge,0.09038795493988563,0.08884075061242477,83.83525085449219,0.0,107.50854;83.835249;108.17078;117.03402;89.487233;118.05333;86.697402;85.209342;102.47198;92.587643;100.74184;98.930132;99.136065;93.433459;94.419352;116.50486;105.77879,7.925430549999874,7.922636345000001,181.91796875,f0046_s0_r0.npz,953f80e01f7102d25953c53bcd0fe8c6cdb8ae17f473e5ed9573d80075810133,44430
46,0,1,1e-09,1.0,2.2827309862026333,3.0,1.8509467801301482,40.014856503574315,elliptical,ballistic,edge,0.09038795493988563,0.08884075061242477,81.72056579589844,0.0,107.50854;83.835249;108.17078;117.03402;89.487233;118.05333;86.697402;85.209342;102.47198;92.587643;100.74184;98.930132;99.136065;93.433459;94.419352;116.50486;105.77879,9.331125757000336,9.330959973999938,181.3203125,f0046_s0_r1.npz,38afe2584537a8adc8d5946c34654d8d2288d680149ca603ce3c455f1ac3d3c7,44365
46,1,0,1e-08,0.5,2.2827309862026333,3.0,1.8509467801301482,40.014856503574315,elliptical,ballistic,edge,0.09038795493988563,0.08884075061242477,52.12895202636719,0.0,107.50854;83.835249;108.17078;117.03402;89.487233;118.05333;86.697402;85.209342;102.47198;92.587643;100.74184;98.930132;99.136065;93.433459;94.419352;116.50486;105.77879,8.1788865110002,8.179394686000023,181.16796875,f0046_s1_r0.npz,cd6779f01bddf41b87c2d7ffa26f0ba59189ed82c9c074e161bd789252d8f7f9,44480
46,1,1,1e-08,1.0,2.2827309862026333,3.0,1.8509467801301482,40.014856503574315,elliptical,ballistic,edge,0.09038795493988563,0.08884075061242477,48.02355194091797,0.0,107.50854;83.835249;108.17078;117.03402;89.487233;118.05333;86.697402;85.209342;102.47198;92.587643;100.74184;98.930132;99.136065;93.433459;94.419352;116.50486;105.77879,9.489832152999952,9.490180784000017,176.4921875,f0046_s1_r1.npz,7db3a9131b99fb57d704f90ccdfa3c6cca032e7c8e3b02dbfd3b3e56b7cf59c7,44550
46,2,0,1e-07,0.5,2.2827309862026333,3.0,1.8509467801301482,40.014856503574315,elliptical,ballistic,edge,0.09038795493988563,0.08884075061242477,9.402522087097168,0.20783547794117646,107.50854;83.835249;108.17078;117.03402;89.487233;118.05333;86.697402;85.209342;102.47198;92.587643;100.74184;98.930132;99.136065;93.433459;94.419352;116.50486;105.77879,7.8112877520006805,7.81147264699996,181.91796875,f0046_s2_r0.npz,8b113e61a4a1a0cd80e0cf246c57edf800a3b0898cb1070d24bc9450eea52606,45006
46,2,1,1e-07,1.0,2.2827309862026333,3.0,1.8509467801301482,40.014856503574315,elliptical,ballistic,edge,0.09038795493988563,0.08884075061242477,8.15589714050293,0.7073759191176471,107.50854;83.835249;108.17078;117.03402;89.487233;118.05333;86.697402;85.209342;102.47198;92.587643;100.74184;98.930132;99.136065;93.433459;94.419352;116.50486;105.77879,8.776631423000254,8.776878533999934,181.3203125,f0046_s2_r1.npz,1238ba61b6486455b6052ebbcef85be7e2a411b2a792d8565c2463ca1a88041c,46032
47,0,0,1e-09,0.5,1.6997389402241199,-3.0,2.080316548536005,7.086552563652113,elliptical,diffusive,edge,0.06880262950807867,0.07850591965798345,80.52947235107422,0.0,107.50854;83.835249;108.17078;117.03402;89.487233;118.05333;86.697402;85.209342;102.47198;92.587643;100.74184;98.930132;99.136065;93.433459;94.419352;116.50486;105.77879,7.456650164000166,7.457235309999987,181.16796875,f0047_s0_r0.npz,3dde9a12c14696bc9f0739af7cabd2e434ebad4144529145428bba43d9073f70,44444
47,0,1,1e-09,1.0,1.6997389402241199,-3.0,2.080316548536005,7.086552563652113,elliptical,diffusive,edge,0.06880262950807867,0.07850591965798345,79.43399810791016,0.0,107.50854;83.835249;108.17078;117.03402;89.487233;118.05333;86.697402;85.209342;102.47198;92.587643;100.74184;98.930132;99.136065;93.433459;94.419352;116.50486;105.77879,9.050385866000397,9.051079022999943,176.4921875,f0047_s0_r1.npz,bc4cc7dd29609bfeb657b58fe42ef5a10ebab2e099b8d66ffd911a749418c55b,44478
47,1,0,1e-08,0.5,1.6997389402241199,-3.0,2.080316548536005,7.086552563652113,elliptical,diffusive,edge,0.06880262950807867,0.07850591965798345,59.439857482910156,0.0,107.50854;83.835249;108.17078;117.03402;89.487233;118.05333;86.697402;85.209342;102.47198;92.587643;100.74184;98.930132;99.136065;93.433459;94.419352;116.50486;105.77879,7.5148945390001245,7.515046867000024,181.91796875,f0047_s1_r0.npz,3d4faed8ceac0eeee377a1207b878b7f131c865801f93627df17830cee891cb0,44475
47,1,1,1e-08,1.0,1.6997389402241199,-3.0,2.080316548536005,7.086552563652113,elliptical,diffusive,edge,0.06880262950807867,0.07850591965798345,51.97041320800781,0.0,107.50854;83.835249;108.17078;117.03402;89.487233;118.05333;86.697402;85.209342;102.47198;92.587643;100.74184;98.930132;99.136065;93.433459;94.419352;116.50486;105.77879,7.436562285999571,7.436983089000023,181.16796875,f0047_s1_r1.npz,55d623b1c26a80b6c56e47b93f845fe7cbbc1444a93441fc3bbc66e916ab5104,44569
47,2,0,1e-07,0.5,1.6997389402241199,-3.0,2.080316548536005,7.086552563652113,elliptical,diffusive,edge,0.06880262950807867,0.07850591965798345,11.810873031616211,0.22822840073529413,107.50854;83.835249;108.17078;117.03402;89.487233;118.05333;86.697402;85.209342;102.47198;92.587643;100.74184;98.930132;99.136065;93.433459;94.419352;116.50486;105.77879,8.099027422999825,8.099634595999987,181.3203125,f0047_s2_r0.npz,704f8565df4089d657b300f8cdddce688992fc0234b9ee62eb9de3082a3bffb0,45063
47,2,1,1e-07,1.0,1.6997389402241199,-3.0,2.080316548536005,7.086552563652113,elliptical,diffusive,edge,0.06880262950807867,0.07850591965798345,10.058847427368164,0.3430032169117647,107.50854;83.835249;108.17078;117.03402;89.487233;118.05333;86.697402;85.209342;102.47198;92.587643;100.74184;98.930132;99.136065;93.433459;94.419352;116.50486;105.77879,6.48493247100032,6.481996675999994,181.91796875,f0047_s2_r1.npz,5716efafd3d5c3d1c02ed01c99531ed57911205858ebdc02552f014d92e8fb73,45376
