event,run_id,epicenter_row,epicenter_col,epicenter_region,geometry,initial_beta,late_beta,beta_transition_ms,axis_ratio,angle_degrees,source_count,secondary_epicenter_row,secondary_epicenter_col,secondary_source_strength,reflection_enabled,reflection_coefficient,reflection_boundary_margin_mm,halo_enabled,halo_strength,halo_lambda_multiplier,halo_beta,halo_front_width_multiplier,propagation_law,apparent_speed_m_per_s,diffusion_coefficient_mm2_per_ms,front_width_ms,arrival_jitter_sd_us,arrival_jitter_correlation_length_mm,initial_lambda_mm,maximum_lambda_mm,maximum_distance_mm,spread_time_ms,cutoff_width_mm,maximum_amplitude,prompt_fraction,rise_time_ms,peak_time_ms,decay_time_ms,baseline_total_errors,baseline_drift_fraction,temporal_backend,qp_trapping_rate_per_us,qp_recombination_rate_per_us,qp_generation_scale_per_us,qp_baseline_t1_us,qp_baseline_t2_us,qp_measurement_exposure_us,qp_al_gap_uev,qp_qubit_frequency_ghz,qp_maximum_radiation_probability,qp_source_decay_mode,qp_dephasing_enabled,qp_charging_energy_ghz,qp_frequency_shift_enabled,qp_frequency_shift_coefficient_a,qp_source_lifetime_ms,event_onset_ms,is_control,global_spatial_mixing_fraction,qp_hardware_mode,qp_device_id,qp_baseline_t1_min_us,qp_baseline_t1_max_us,qp_baseline_t2_min_us,qp_baseline_t2_max_us,qp_baseline_t1_by_qubit_us,qp_baseline_t2_by_qubit_us,qp_qubit_frequency_by_qubit_ghz,qp_peak_density,qp_minimum_t1_us,qp_peak_generation_rate_per_us,qp_relaxation_coefficient_per_us,qp_generation_event_scale,achieved_peak_error_fraction,spatial_residual_enabled,low_rank_spatial_coefficients,missing_qubits
0,0,2.4497560446111795,-1.8128865632535833,inside,circular,1.9814078517808105,1.3010696395423667,2.0348156752636974,1.0,136.90810394407708,1,,,,False,0.2461570803753077,0.22502935409322622,False,0.38220715771025093,3.0756829201543043,1.2679332212342778,2.713283413866561,diffusive,,8.405938191959741,0.06535101921899297,2.166666151009098,0.8269444907647888,3.7096725020446275,5.673463885751779,5.2178897080284,0.29045367090482566,0.28813699306977925,0.9526502773833961,0.4426736048035161,0.3113216942432024,1.1705074631114705,24.03235809359901,3.0935003062756232,0.035604221093885065,qp_ode,0.05,100.0,2.7975480542681695e-07,100.0,189.158629183088,1.9456809265844008,191.0,5.000000000000001,0.999,independent_lognormal,False,0.0,False,0.0,10.550294610451472,0.07514306271319246,False,0.0,fixed_device,0,82.42416995427789,127.1141941177528,164.84833990855577,203.3836654723806,101.50256;98.368319;122.40922;100.06464;100.53717;109.06276;100.23991;110.36723;99.731637;93.982418;91.60609;92.517422;127.11419;87.026398;94.691349;88.354524;82.42417,203.00512;182.52986;192.37115;195.26002;201.07434;203.38367;198.15742;194.28489;194.09651;187.96484;183.21218;185.03484;190.32899;174.0528;189.3827;176.70905;164.84834,5.0292688;5.0143876;4.9166356;5.0053238;4.9550194;5.0397662;5.0751956;5.0457888;4.9884711;4.9910309;5.029018;5.0185368;4.9922815;4.9157532;4.9626985;4.9457687;5.0750554,5.170414169697324e-06,4.310367584228516,2.6161600885643566e-07,42980.25743155578,1.0,0.24908379814821469,True,,
1,1,1.7578841648417498,2.079097962135796,inside,circular,2.230193715522595,1.0622862913601594,3.834236009288432,1.0,168.28343523327317,1,,,,False,0.3617342320271876,0.5226034659762938,False,0.15448983325234286,2.0492525511921977,1.1633400066185837,1.6841280430565941,diffusive,,14.0960611186139,0.06282738562213726,46.02872945849434,0.9405172390685513,2.7466887638924757,6.051628876450476,9.816418041508339,0.47758847916741887,0.3424541743321994,0.9748127826474619,0.7501429765301744,0.28788559854089935,0.5116361215551362,29.3440175522174,3.215218820862584,0.011269291386184186,qp_ode,0.05,100.0,1.3276979787693471e-07,100.0,189.158629183088,0.9881931997387254,191.0,5.000000000000001,0.999,independent_lognormal,False,0.0,False,0.0,23.05254671420886,0.1392784515971311,False,0.0,fixed_device,0,82.42416995427789,127.1141941177528,164.84833990855577,203.3836654723806,101.50256;98.368319;122.40922;100.06464;100.53717;109.06276;100.23991;110.36723;99.731637;93.982418;91.60609;92.517422;127.11419;87.026398;94.691349;88.354524;82.42417,203.00512;182.52986;192.37115;195.26002;201.07434;203.38367;198.15742;194.28489;194.09651;187.96484;183.21218;185.03484;190.32899;174.0528;189.3827;176.70905;164.84834,5.0292688;5.0143876;4.9166356;5.0053238;4.9550194;5.0397662;5.0751956;5.0457888;4.9884711;4.9910309;5.029018;5.0185368;4.9922815;4.9157532;4.9626985;4.9457687;5.0750554,2.1969544832245447e-06,9.502878189086914,1.1047808357034228e-07,42980.25743155578,1.0,0.22090354516407698,True,,
2,2,2.9178096290154034,-2.1090233184060083,inside,elliptical,1.9562636722566187,0.8173238011733347,2.8361366215973547,2.2418870793774124,60.77118369243007,1,,,,False,0.18093699934775997,0.8896214844351887,False,0.1716654015801013,3.974260821008103,0.8354826075528694,1.1576332416643176,ballistic,36.058445846508704,,0.05347981391577723,19.561684208183312,1.3281397863074114,3.7925629675175347,5.943827983210786,9.885112974689095,0.2347239349169287,0.4474119393483006,0.8547047934788496,0.6838820091471005,0.09270606217010981,0.6090484619521985,23.307773729901438,2.8063477314157685,0.07460228216378668,qp_ode,0.05,100.0,4.0628541453603066e-08,100.0,189.158629183088,1.0034126458715957,191.0,5.000000000000001,0.999,independent_lognormal,False,0.0,False,0.0,5.60023282698805,0.13644288490808038,False,0.0,fixed_device,0,82.42416995427789,127.1141941177528,164.84833990855577,203.3836654723806,101.50256;98.368319;122.40922;100.06464;100.53717;109.06276;100.23991;110.36723;99.731637;93.982418;91.60609;92.517422;127.11419;87.026398;94.691349;88.354524;82.42417,203.00512;182.52986;192.37115;195.26002;201.07434;203.38367;198.15742;194.28489;194.09651;187.96484;183.21218;185.03484;190.32899;174.0528;189.3827;176.70905;164.84834,5.0292688;5.0143876;4.9166356;5.0053238;4.9550194;5.0397662;5.0751956;5.0457888;4.9884711;4.9910309;5.029018;5.0185368;4.9922815;4.9157532;4.9626985;4.9457687;5.0750554,5.637054414364684e-07,28.696855545043945,2.8253184680693266e-08,42980.25743155578,1.0,0.1819477004962178,True,,
3,3,-2.460332837301778,-1.6530812750575972,inside,elliptical,2.347703198636924,1.6270356686273297,4.230224735404291,1.6984375640127036,143.54967004622313,1,,,,False,0.12114296008881945,0.8600045972326729,False,0.31028458729064257,1.8635082858890468,0.7775312655040635,2.772293581415118,ballistic,33.93370553292671,,0.07277223363751109,23.204383297100097,1.0960826738227407,2.8844786036208965,5.012005560519524,8.440400397001572,0.5361362064982264,0.31319332118608967,0.8171485340415597,0.35916445063027747,0.08406342597071623,0.6778802442639293,29.154300191565678,3.3960800368526303,0.0793814798259155,qp_ode,0.05,100.0,1.0445837144185028e-07,100.0,189.158629183088,0.6188713185609761,191.0,5.000000000000001,0.999,independent_lognormal,False,0.0,False,0.0,24.451174066087923,0.06592093075618267,False,0.0,fixed_device,0,82.42416995427789,127.1141941177528,164.84833990855577,203.3836654723806,101.50256;98.368319;122.40922;100.06464;100.53717;109.06276;100.23991;110.36723;99.731637;93.982418;91.60609;92.517422;127.11419;87.026398;94.691349;88.354524;82.42417,203.00512;182.52986;192.37115;195.26002;201.07434;203.38367;198.15742;194.28489;194.09651;187.96484;183.21218;185.03484;190.32899;174.0528;189.3827;176.70905;164.84834,5.0292688;5.0143876;4.9166356;5.0053238;4.9550194;5.0397662;5.0751956;5.0457888;4.9884711;4.9910309;5.029018;5.0185368;4.9922815;4.9157532;4.9626985;4.9457687;5.0750554,2.8254744393052533e-06,7.59602165222168,1.4215144972240523e-07,42980.25743155578,1.0,0.2267321639685009,True,,
4,4,2.349288786435304,-3.0,edge,circular,2.3618419704113793,1.4907553953121817,3.030250529318594,1.0,9.297213735819717,1,,,,False,0.34334186519265886,0.8563233195923514,False,0.3674553830134628,2.439832019351712,0.9930277559274346,1.9272737587436535,diffusive,,13.64761178396096,0.039936963832280695,24.573012145239403,1.6828329513909948,2.698939218488112,6.134861413677472,7.717386629344998,0.5590525307582084,0.4878667930195665,0.8580052534541585,0.10758308697002468,0.3536134735925734,1.0451640607657526,24.204939819947104,3.149255298011973,0.06062934042026125,qp_ode,0.05,100.0,6.395504449594647e-08,100.0,189.158629183088,1.7700780096069857,191.0,5.000000000000001,0.999,independent_lognormal,False,0.0,False,0.0,6.738610825214419,0.13027468706909043,False,0.0,fixed_device,0,82.42416995427789,127.1141941177528,164.84833990855577,203.3836654723806,101.50256;98.368319;122.40922;100.06464;100.53717;109.06276;100.23991;110.36723;99.731637;93.982418;91.60609;92.517422;127.11419;87.026398;94.691349;88.354524;82.42417,203.00512;182.52986;192.37115;195.26002;201.07434;203.38367;198.15742;194.28489;194.09651;187.96484;183.21218;185.03484;190.32899;174.0528;189.3827;176.70905;164.84834,5.0292688;5.0143876;4.9166356;5.0053238;4.9550194;5.0397662;5.0751956;5.0457888;4.9884711;4.9910309;5.029018;5.0185368;4.9922815;4.9157532;4.9626985;4.9457687;5.0750554,8.760906098359555e-07,21.735090255737305,4.414535226260341e-08,42980.25743155578,1.0,0.2009043490508259,True,,
5,5,3.0,1.2534031676959732,edge,elliptical,2.002929819093342,1.014685643933117,3.520691749831701,1.212138727737954,21.646767082231577,1,,,,False,0.3836986222108255,0.8741319541380616,False,0.26815496234919906,1.8263211697253,1.2596070733159883,2.9557041240199773,diffusive,,10.599614670780003,0.042890050003953656,14.857073467789732,0.9240504759550032,2.734643267115117,4.079572647371096,5.850473149639752,0.3196443051078469,0.24933334756095593,0.8076248623212199,0.6983087051348449,0.4022169954141811,1.1896843840999352,33.3995174709984,3.1090560712291637,0.04410376441932605,qp_ode,0.05,100.0,7.057653870712226e-08,100.0,189.158629183088,1.7620286984100288,191.0,5.000000000000001,0.999,independent_lognormal,False,0.0,False,0.0,36.5584794832144,0.09356950906932876,False,0.0,fixed_device,0,82.42416995427789,127.1141941177528,164.84833990855577,203.3836654723806,101.50256;98.368319;122.40922;100.06464;100.53717;109.06276;100.23991;110.36723;99.731637;93.982418;91.60609;92.517422;127.11419;87.026398;94.691349;88.354524;82.42417,203.00512;182.52986;192.37115;195.26002;201.07434;203.38367;198.15742;194.28489;194.09651;187.96484;183.21218;185.03484;190.32899;174.0528;189.3827;176.70905;164.84834,5.0292688;5.0143876;4.9166356;5.0053238;4.9550194;5.0397662;5.0751956;5.0457888;4.9884711;4.9910309;5.029018;5.0185368;4.9922815;4.9157532;4.9626985;4.9457687;5.0750554,1.0660407951945672e-06,17.206193923950195,5.369710720515286e-08,42980.25743155578,1.0,0.20500323246511062,True,,
6,6,3.0,2.924933255211032,edge,circular,1.9329849459611452,0.9361652335295796,2.0608916876719396,1.0,13.233198586241672,1,,,,False,0.22431418397477448,0.2174271592300968,False,0.2723380179379258,2.352559438993629,0.8480439409706173,1.6669738737377424,diffusive,,12.886372997005388,0.08666367021987366,58.70321005342123,0.49248748517402047,3.1491781406162405,5.261137949285745,9.218554880553075,0.5328383420643852,0.38395057476579497,0.9914696106402943,0.42021965196943456,0.3339218797346013,1.029265773057635,28.46259108914814,2.8372414964240518,0.017204674653479336,qp_ode,0.05,100.0,1.974400304186297e-07,100.0,189.158629183088,1.5447467210283672,191.0,5.000000000000001,0.999,independent_lognormal,False,0.0,False,0.0,35.3818710881913,0.07222143692691355,False,0.0,fixed_device,0,82.42416995427789,127.1141941177528,164.84833990855577,203.3836654723806,101.50256;98.368319;122.40922;100.06464;100.53717;109.06276;100.23991;110.36723;99.731637;93.982418;91.60609;92.517422;127.11419;87.026398;94.691349;88.354524;82.42417,203.00512;182.52986;192.37115;195.26002;201.07434;203.38367;198.15742;194.28489;194.09651;187.96484;183.21218;185.03484;190.32899;174.0528;189.3827;176.70905;164.84834,5.0292688;5.0143876;4.9166356;5.0053238;4.9550194;5.0397662;5.0751956;5.0457888;4.9884711;4.9910309;5.029018;5.0185368;4.9922815;4.9157532;4.9626985;4.9457687;5.0750554,3.2028997338784393e-06,6.770061016082764,1.6213593312386365e-07,42980.25743155578,1.0,0.20615215665857337,True,,
7,7,3.0,1.2598203935638352,edge,elliptical,1.709127977919251,1.5453185652819954,2.8749012847464925,1.9701443886663723,173.17219401692842,1,,,,False,0.3823743069258716,0.1462245190855591,False,0.2903792268451899,3.412374727328543,0.651912110080252,1.675997551872812,ballistic,38.69640817491471,,0.10751417653221589,74.2930058571977,0.7556587380153291,3.612378124643747,4.446223423242836,9.871250474194628,0.21479088756602127,0.3542790833931829,0.9800697441702286,0.0583786656782169,0.3375983590859038,0.9894294707686098,30.984184175909256,2.8970312849841178,0.033611282835329076,qp_ode,0.05,100.0,1.7293292225104437e-08,100.0,189.158629183088,0.600805693855788,191.0,5.000000000000001,0.999,independent_lognormal,False,0.0,False,0.0,8.204607586966999,0.1312837989102476,False,0.0,fixed_device,0,82.42416995427789,127.1141941177528,164.84833990855577,203.3836654723806,101.50256;98.368319;122.40922;100.06464;100.53717;109.06276;100.23991;110.36723;99.731637;93.982418;91.60609;92.517422;127.11419;87.026398;94.691349;88.354524;82.42417,203.00512;182.52986;192.37115;195.26002;201.07434;203.38367;198.15742;194.28489;194.09651;187.96484;183.21218;185.03484;190.32899;174.0528;189.3827;176.70905;164.84834,5.0292688;5.0143876;4.9166356;5.0053238;4.9550194;5.0397662;5.0751956;5.0457888;4.9884711;4.9910309;5.029018;5.0185368;4.9922815;4.9157532;4.9626985;4.9457687;5.0750554,4.7283447202062234e-07,32.459678649902344,2.3754912703566333e-08,42980.25743155578,1.0,0.1769625332311351,True,,
8,8,0.9532305924241911,-2.3118029280033845,inside,circular,2.1728926377952456,1.5669764969374884,6.94458679052681,1.0,96.63599259590501,1,,,,False,0.07899637556936645,0.4379784917727977,False,0.23577649539617512,1.7141750805784624,1.1563088749044705,2.14781766485695,ballistic,31.313227148454256,,0.09651215931176374,44.73965147896121,0.40913363379625756,2.1676151398523693,5.939584849290739,9.762223562790517,0.20974757539438066,0.2956430116367344,0.9002360496064945,0.20715413707595812,0.3014171692946814,1.023184197212605,23.21395117235958,3.1534754264570144,0.010956352625991128,qp_ode,0.05,100.0,3.0386792147741187e-08,100.0,189.158629183088,0.4795160343697731,191.0,5.000000000000001,0.999,independent_lognormal,False,0.0,False,0.0,31.57463077482036,0.06673578036381561,False,0.0,fixed_device,0,82.42416995427789,127.1141941177528,164.84833990855577,203.3836654723806,101.50256;98.368319;122.40922;100.06464;100.53717;109.06276;100.23991;110.36723;99.731637;93.982418;91.60609;92.517422;127.11419;87.026398;94.691349;88.354524;82.42417,203.00512;182.52986;192.37115;195.26002;201.07434;203.38367;198.15742;194.28489;194.09651;187.96484;183.21218;185.03484;190.32899;174.0528;189.3827;176.70905;164.84834,5.0292688;5.0143876;4.9166356;5.0053238;4.9550194;5.0397662;5.0751956;5.0457888;4.9884711;4.9910309;5.029018;5.0185368;4.9922815;4.9157532;4.9626985;4.9457687;5.0750554,6.649921147072746e-07,25.780624389648438,3.336493037409127e-08,42980.25743155578,1.0,0.19226439513297994,True,,
9,9,-3.0,1.9624289803590331,edge,circular,2.2178496689444103,1.1358153815557994,7.121284513522145,1.0,143.56597457482846,1,,,,False,0.1440222843345538,0.2824211392970678,False,0.1808170393426871,2.2157346562990865,0.899695471655791,1.4543690324201703,ballistic,32.481648695640835,,0.06809746286269397,51.622390018806456,0.9987023338331946,2.8391017432827232,6.235636638131612,9.596802497196258,0.4713162685245713,0.17487743098880387,0.8788263353205097,0.17646979301120239,0.24307653602194068,0.7343959061250634,28.448567480165458,3.254915693073005,0.027625423301961716,qp_ode,0.05,100.0,1.9419382161944262e-07,100.0,189.158629183088,0.26807614862050344,191.0,5.000000000000001,0.999,independent_lognormal,False,0.0,False,0.0,23.110314063456677,0.09943482572371541,False,0.0,fixed_device,0,82.42416995427789,127.1141941177528,164.84833990855577,203.3836654723806,101.50256;98.368319;122.40922;100.06464;100.53717;109.06276;100.23991;110.36723;99.731637;93.982418;91.60609;92.517422;127.11419;87.026398;94.691349;88.354524;82.42417,203.00512;182.52986;192.37115;195.26002;201.07434;203.38367;198.15742;194.28489;194.09651;187.96484;183.21218;185.03484;190.32899;174.0528;189.3827;176.70905;164.84834,5.0292688;5.0143876;4.9166356;5.0053238;4.9550194;5.0397662;5.0751956;5.0457888;4.9884711;4.9910309;5.029018;5.0185368;4.9922815;4.9157532;4.9626985;4.9457687;5.0750554,3.5607529298431473e-06,6.08259391784668,1.7959540343781555e-07,42980.25743155578,1.0,0.2108725813857758,True,,
10,10,2.091592420969354,-0.7175402956176589,inside,elliptical,2.4580889978582716,1.6398456792176503,7.915611908000997,1.718156388407585,153.70720433581315,1,,,,False,0.19962497487995795,0.5184253740517845,False,0.13695671588641084,3.2862367710832006,0.5338437847872248,1.3059728553849528,diffusive,,19.3053444433857,0.0990019253528637,20.768157029119934,0.9820263439765352,3.5213378617435365,4.703160489083596,9.329757989120722,0.5260668942976169,0.2153368840883148,0.801694461564678,0.52266717121317,0.36824393973353353,0.93778901971318,27.31122483026769,2.815734633650273,0.014687560315842898,qp_ode,0.05,100.0,8.702700740991044e-08,100.0,189.158629183088,1.8883086534246474,191.0,5.000000000000001,0.999,independent_lognormal,False,0.0,False,0.0,33.58338682715669,0.10732331705861946,False,0.0,fixed_device,0,82.42416995427789,127.1141941177528,164.84833990855577,203.3836654723806,101.50256;98.368319;122.40922;100.06464;100.53717;109.06276;100.23991;110.36723;99.731637;93.982418;91.60609;92.517422;127.11419;87.026398;94.691349;88.354524;82.42417,203.00512;182.52986;192.37115;195.26002;201.07434;203.38367;198.15742;194.28489;194.09651;187.96484;183.21218;185.03484;190.32899;174.0528;189.3827;176.70905;164.84834,5.0292688;5.0143876;4.9166356;5.0053238;4.9550194;5.0397662;5.0751956;5.0457888;4.9884711;4.9910309;5.029018;5.0185368;4.9922815;4.9157532;4.9626985;4.9457687;5.0750554,1.462008299313311e-06,13.619877815246582,7.350353570245716e-08,42980.25743155578,1.0,0.21785793853849078,True,,
11,11,-1.348589746281637,-2.013692520291639,inside,elliptical,2.2468387045812883,1.1368278310014621,8.355235710323367,1.9359324496531682,137.97123253330847,1,,,,False,0.32175037859550926,0.6925043492486107,False,0.3319509381816205,3.403632691203173,1.2360693543692496,1.2573348336163894,diffusive,,7.383146754926938,0.10155990870583441,76.78908612203978,0.5623749596820006,2.9070043972832873,4.564459260489532,6.104393930406761,0.3352497914570306,0.42342253743287606,0.8413229480961414,0.16819074742580106,0.13341976726587831,0.9686708639185724,22.96290249253634,2.819561132320404,0.014475679919277465,qp_ode,0.05,100.0,2.4897211893455717e-07,100.0,189.158629183088,1.8694414545790645,191.0,5.000000000000001,0.999,independent_lognormal,False,0.0,False,0.0,8.142083297887053,0.07409555504574945,False,0.0,fixed_device,0,82.42416995427789,127.1141941177528,164.84833990855577,203.3836654723806,101.50256;98.368319;122.40922;100.06464;100.53717;109.06276;100.23991;110.36723;99.731637;93.982418;91.60609;92.517422;127.11419;87.026398;94.691349;88.354524;82.42417,203.00512;182.52986;192.37115;195.26002;201.07434;203.38367;198.15742;194.28489;194.09651;187.96484;183.21218;185.03484;190.32899;174.0528;189.3827;176.70905;164.84834,5.0292688;5.0143876;4.9166356;5.0053238;4.9550194;5.0397662;5.0751956;5.0457888;4.9884711;4.9910309;5.029018;5.0185368;4.9922815;4.9157532;4.9626985;4.9457687;5.0750554,5.348654667614028e-06,4.159984111785889,2.7075856223746086e-07,42980.25743155578,1.0,0.234619529496933,True,,
12,12,3.353490887512944,-0.24229703315533424,outside,elliptical,1.7696845666849401,0.8198766444557466,6.236102107960444,2.4683837053188946,104.82431416059313,1,,,,False,0.12142796895546651,0.43006176659029816,False,0.11021145205218717,1.533980379585668,0.7825408314361969,1.3444504236687085,diffusive,,14.602128135122413,0.07400614271720275,47.79721943819587,1.2710843227975142,2.707181113322331,6.073878084868711,5.049984756678456,0.5953517351433028,0.293842445419295,0.8318932534506199,0.18316053961335588,0.10181665143177249,0.7072004936973684,31.82895793698721,3.1479850257997395,0.0147332442778347,qp_ode,0.05,100.0,4.423100190588589e-08,100.0,189.158629183088,0.6876445033803467,191.0,5.000000000000001,0.999,independent_lognormal,False,0.0,False,0.0,13.047640377596798,0.09756741692506798,False,0.0,fixed_device,0,82.42416995427789,127.1141941177528,164.84833990855577,203.3836654723806,101.50256;98.368319;122.40922;100.06464;100.53717;109.06276;100.23991;110.36723;99.731637;93.982418;91.60609;92.517422;127.11419;87.026398;94.691349;88.354524;82.42417,203.00512;182.52986;192.37115;195.26002;201.07434;203.38367;198.15742;194.28489;194.09651;187.96484;183.21218;185.03484;190.32899;174.0528;189.3827;176.70905;164.84834,5.0292688;5.0143876;4.9166356;5.0053238;4.9550194;5.0397662;5.0751956;5.0457888;4.9884711;4.9910309;5.029018;5.0185368;4.9922815;4.9157532;4.9626985;4.9457687;5.0750554,7.163371833485144e-07,24.15379524230957,3.587647867675514e-08,42980.25743155578,1.0,0.1896381121394581,True,,
13,13,-0.5958204613954221,0.6133698999947321,inside,circular,2.1984021498818875,1.642430894227752,6.887231506931949,1.0,76.00908194455599,1,,,,False,0.17890211217744034,0.2966112765259701,False,0.23796490277891272,3.077658104951521,1.1510128007099278,2.027086356809905,diffusive,,17.384777918404215,0.08193299080537136,59.24992784816585,0.7305912519196225,3.5198191595212656,6.1533935996114355,7.9501301279818595,0.3002279877324442,0.16968833558584856,0.9989787797144953,0.3390730665092953,0.4432978938155496,1.1866405202041217,25.843402860542916,3.269145517727583,0.02928855251454803,qp_ode,0.05,100.0,1.2764906827359065e-07,100.0,189.158629183088,0.46958807512820444,191.0,5.000000000000001,0.999,independent_lognormal,False,0.0,False,0.0,14.981770795860767,0.08220194461807387,False,0.0,fixed_device,0,82.42416995427789,127.1141941177528,164.84833990855577,203.3836654723806,101.50256;98.368319;122.40922;100.06464;100.53717;109.06276;100.23991;110.36723;99.731637;93.982418;91.60609;92.517422;127.11419;87.026398;94.691349;88.354524;82.42417,203.00512;182.52986;192.37115;195.26002;201.07434;203.38367;198.15742;194.28489;194.09651;187.96484;183.21218;185.03484;190.32899;174.0528;189.3827;176.70905;164.84834,5.0292688;5.0143876;4.9166356;5.0053238;4.9550194;5.0397662;5.0751956;5.0457888;4.9884711;4.9910309;5.029018;5.0185368;4.9922815;4.9157532;4.9626985;4.9457687;5.0750554,2.6867958240472944e-06,7.957352638244629,1.3568677559305797e-07,42980.25743155578,1.0,0.22466323199055516,True,,
14,14,-0.8847057859321863,0.44956073194899826,inside,circular,1.9321293363740115,1.0731961790917097,3.3176834922154255,1.0,110.65508688262548,1,,,,False,0.3651998964953054,0.6168707627467326,False,0.3147481465522256,3.215599189024553,0.6139058889519122,2.5848261104545274,diffusive,,11.611215176485782,0.05359293903590971,65.34745683905615,0.4442942392026943,3.705507238319891,5.123884971799529,6.510059024952973,0.42737776351417933,0.34355809914457636,0.8286120189732804,0.10490999920612679,0.47757558310354936,0.7398454651772272,26.365439282437798,3.257343834187239,0.025660055821637738,qp_ode,0.05,100.0,1.7744567185156456e-07,100.0,189.158629183088,1.2379361178878825,191.0,5.000000000000001,0.999,independent_lognormal,False,0.0,False,0.0,74.35371371695108,0.11166037154259281,False,0.0,fixed_device,0,82.42416995427789,127.1141941177528,164.84833990855577,203.3836654723806,101.50256;98.368319;122.40922;100.06464;100.53717;109.06276;100.23991;110.36723;99.731637;93.982418;91.60609;92.517422;127.11419;87.026398;94.691349;88.354524;82.42417,203.00512;182.52986;192.37115;195.26002;201.07434;203.38367;198.15742;194.28489;194.09651;187.96484;183.21218;185.03484;190.32899;174.0528;189.3827;176.70905;164.84834,5.0292688;5.0143876;4.9166356;5.0053238;4.9550194;5.0397662;5.0751956;5.0457888;4.9884711;4.9910309;5.029018;5.0185368;4.9922815;4.9157532;4.9626985;4.9457687;5.0750554,4.194656867184676e-06,5.318662643432617,2.122456237430015e-07,42980.25743155578,1.0,0.2708702407227428,True,,
15,15,0.20505679833716517,-2.8198205461360972,inside,circular,2.1842886859840203,0.9476283008898405,4.504834736011764,1.0,36.74072501213259,1,,,,False,0.13512038322696984,0.6930400456296628,False,0.27471223140535694,2.9544945176359363,0.9712656267081252,2.5062016154216114,ballistic,28.000165672981858,,0.10663520080217476,78.99101597987249,1.3946803351579984,2.1672861718743532,5.784786501678219,6.713039480460476,0.45406641402310044,0.24881794268885118,0.8344800408804607,0.7065180762308718,0.4191266610744677,0.56848644088272,34.39088653569617,3.1199445429336077,0.04529574905621926,qp_ode,0.05,100.0,1.9669654365151642e-07,100.0,189.158629183088,1.0516280347575573,191.0,5.000000000000001,0.999,independent_lognormal,False,0.0,False,0.0,42.95957547247006,0.10651496076497116,False,0.0,fixed_device,0,82.42416995427789,127.1141941177528,164.84833990855577,203.3836654723806,101.50256;98.368319;122.40922;100.06464;100.53717;109.06276;100.23991;110.36723;99.731637;93.982418;91.60609;92.517422;127.11419;87.026398;94.691349;88.354524;82.42417,203.00512;182.52986;192.37115;195.26002;201.07434;203.38367;198.15742;194.28489;194.09651;187.96484;183.21218;185.03484;190.32899;174.0528;189.3827;176.70905;164.84834,5.0292688;5.0143876;4.9166356;5.0053238;4.9550194;5.0397662;5.0751956;5.0457888;4.9884711;4.9910309;5.029018;5.0185368;4.9922815;4.9157532;4.9626985;4.9457687;5.0750554,5.3365442909125704e-06,4.244162082672119,2.697353522762569e-07,42980.25743155578,1.0,0.2604965980173799,True,,
16,16,-0.011562013157240258,2.0549824286553626,inside,circular,2.300056561319302,1.6228687836570155,2.37948320452917,1.0,150.119254975012,1,,,,False,0.16948837273368245,0.6704367064688538,False,0.35055541899555587,2.5082260376715255,0.7244086863166488,2.8057093155158888,ballistic,34.640823234335336,,0.039411435146761035,26.953012607838325,0.6718500181319831,3.568001058514053,6.288835652028875,8.354250907536992,0.23585578312239663,0.46292009382355526,0.9454380712801312,0.15077423630394504,0.2748829008070868,0.98145674558487,30.449701840411116,2.877928503191376,0.0435974827175338,qp_ode,0.05,100.0,1.4126613688006038e-07,100.0,189.158629183088,1.5761005732033242,191.0,5.000000000000001,0.999,independent_lognormal,False,0.0,False,0.0,10.131376776443167,0.11019811908491065,False,0.0,fixed_device,0,82.42416995427789,127.1141941177528,164.84833990855577,203.3836654723806,101.50256;98.368319;122.40922;100.06464;100.53717;109.06276;100.23991;110.36723;99.731637;93.982418;91.60609;92.517422;127.11419;87.026398;94.691349;88.354524;82.42417,203.00512;182.52986;192.37115;195.26002;201.07434;203.38367;198.15742;194.28489;194.09651;187.96484;183.21218;185.03484;190.32899;174.0528;189.3827;176.70905;164.84834,5.0292688;5.0143876;4.9166356;5.0053238;4.9550194;5.0397662;5.0751956;5.0457888;4.9884711;4.9910309;5.029018;5.0185368;4.9922815;4.9157532;4.9626985;4.9457687;5.0750554,3.7636816614394775e-06,5.801940441131592,1.8964898629292293e-07,42980.25743155578,1.0,0.2805130765074846,True,,
17,17,-1.9400317520869286,3.7122055333991337,outside,elliptical,2.3185033911689423,1.6081743937629722,2.5546912838305893,1.3709476792229265,118.10233260058229,1,,,,False,0.26883335758702837,0.935922697142547,False,0.3242508855296394,2.786426385060653,1.2265813447858103,2.975133755449278,ballistic,37.867272497718744,,0.10178773815004039,40.65652472882515,1.8672691906246666,3.233423074632708,6.22721344864712,8.924791952168551,0.19913317726435323,0.18908539072544578,0.9649491595910149,0.08430273781134145,0.10295635306979975,0.9914799498463309,28.328076948443304,3.0384628874120962,0.0228102891851349,qp_ode,0.05,100.0,5.121194271805427e-08,100.0,189.158629183088,1.7756191501243943,191.0,5.000000000000001,0.999,independent_lognormal,False,0.0,False,0.0,30.082313500467134,0.09092547743100293,False,0.0,fixed_device,0,82.42416995427789,127.1141941177528,164.84833990855577,203.3836654723806,101.50256;98.368319;122.40922;100.06464;100.53717;109.06276;100.23991;110.36723;99.731637;93.982418;91.60609;92.517422;127.11419;87.026398;94.691349;88.354524;82.42417,203.00512;182.52986;192.37115;195.26002;201.07434;203.38367;198.15742;194.28489;194.09651;187.96484;183.21218;185.03484;190.32899;174.0528;189.3827;176.70905;164.84834,5.0292688;5.0143876;4.9166356;5.0053238;4.9550194;5.0397662;5.0751956;5.0457888;4.9884711;4.9910309;5.029018;5.0185368;4.9922815;4.9157532;4.9626985;4.9457687;5.0750554,9.865831316346885e-07,18.764760971069336,4.9432141935312757e-08,42980.25743155578,1.0,0.2172288718386313,True,,
18,18,1.200368097973171,-3.0,edge,circular,2.483009788742864,0.8497971552185037,3.7127758705997316,1.0,38.571395257251,1,,,,False,0.12640649162926543,0.6758284735882465,False,0.11559546445519293,3.5387649880555196,0.7217797216133202,1.3387845214988376,ballistic,21.800101115190586,,0.08769260907062079,68.80315893187881,1.8553731264498081,2.3086687147719065,4.856698662060895,6.752795188789782,0.3162649470144915,0.11000495235744921,0.9008777588543263,0.36808313984045865,0.25710787335278684,0.7436684825079772,26.885012652482732,3.2005500599386343,0.020966903984379164,qp_ode,0.05,100.0,1.138903441150384e-07,100.0,189.158629183088,1.0038555473263417,191.0,5.000000000000001,0.999,independent_lognormal,False,0.0,False,0.0,10.96916807970813,0.13322286840794947,False,0.0,fixed_device,0,82.42416995427789,127.1141941177528,164.84833990855577,203.3836654723806,101.50256;98.368319;122.40922;100.06464;100.53717;109.06276;100.23991;110.36723;99.731637;93.982418;91.60609;92.517422;127.11419;87.026398;94.691349;88.354524;82.42417,203.00512;182.52986;192.37115;195.26002;201.07434;203.38367;198.15742;194.28489;194.09651;187.96484;183.21218;185.03484;190.32899;174.0528;189.3827;176.70905;164.84834,5.0292688;5.0143876;4.9166356;5.0053238;4.9550194;5.0397662;5.0751956;5.0457888;4.9884711;4.9910309;5.029018;5.0185368;4.9922815;4.9157532;4.9626985;4.9457687;5.0750554,2.193360160163138e-06,9.562638282775879,1.1034494917794291e-07,42980.25743155578,1.0,0.22496527725961296,True,,
19,19,-3.0,-0.8868043131218268,edge,elliptical,2.129723615369364,1.375890016678039,2.5079944873353037,2.011086999522214,29.399479349753943,1,,,,False,0.27444081187507857,0.035739058576616856,False,0.254641283045234,1.7413770508369821,0.674157358102651,2.4602013436475576,ballistic,14.036109251429844,,0.055030449679668955,44.728766670543614,0.9507725612492449,2.551391580535789,3.6067630810866422,9.624808392409474,0.286833740845777,0.4233741274703856,0.8068549104247108,0.3751248139338926,0.21547661327879447,1.0975291973673418,24.11651313845608,2.9251842230126415,0.007492531304342896,qp_ode,0.05,100.0,1.5453530572516696e-08,100.0,189.158629183088,0.7428708476970736,191.0,5.000000000000001,0.999,independent_lognormal,False,0.0,False,0.0,10.690118534371086,0.12522081846634003,False,0.0,fixed_device,0,82.42416995427789,127.1141941177528,164.84833990855577,203.3836654723806,101.50256;98.368319;122.40922;100.06464;100.53717;109.06276;100.23991;110.36723;99.731637;93.982418;91.60609;92.517422;127.11419;87.026398;94.691349;88.354524;82.42417,203.00512;182.52986;192.37115;195.26002;201.07434;203.38367;198.15742;194.28489;194.09651;187.96484;183.21218;185.03484;190.32899;174.0528;189.3827;176.70905;164.84834,5.0292688;5.0143876;4.9166356;5.0053238;4.9550194;5.0397662;5.0751956;5.0457888;4.9884711;4.9910309;5.029018;5.0185368;4.9922815;4.9157532;4.9626985;4.9457687;5.0750554,2.872035338441492e-07,44.97385787963867,1.4371081213937487e-08,42980.25743155578,1.0,0.1750758698851404,True,,
20,20,2.6338832339601117,3.0,edge,elliptical,2.3044297049954325,1.2300373005441432,3.971756172086061,1.9900729125492589,104.72903511557716,1,,,,False,0.1057537948409101,0.6028441412063322,False,0.18126260508703085,1.5967048608393526,1.1154297757567,1.428017300288637,ballistic,39.014862501226474,,0.06327009671995162,23.52121482713393,0.7771801235478428,3.7466830720783935,5.686062569433803,5.945279477600031,0.2624041097517592,0.48422962960628646,0.9528455145126287,0.07790536937192655,0.4806743085164241,0.670785565805206,28.54302231089337,2.955629062061578,0.06776272445227555,qp_ode,0.05,100.0,2.0221451279897607e-07,100.0,189.158629183088,1.2082315588720411,191.0,5.000000000000001,0.999,independent_lognormal,False,0.0,False,0.0,21.228710233829226,0.12693061423519353,False,0.0,fixed_device,0,82.42416995427789,127.1141941177528,164.84833990855577,203.3836654723806,101.50256;98.368319;122.40922;100.06464;100.53717;109.06276;100.23991;110.36723;99.731637;93.982418;91.60609;92.517422;127.11419;87.026398;94.691349;88.354524;82.42417,203.00512;182.52986;192.37115;195.26002;201.07434;203.38367;198.15742;194.28489;194.09651;187.96484;183.21218;185.03484;190.32899;174.0528;189.3827;176.70905;164.84834,5.0292688;5.0143876;4.9166356;5.0053238;4.9550194;5.0397662;5.0751956;5.0457888;4.9884711;4.9910309;5.029018;5.0185368;4.9922815;4.9157532;4.9626985;4.9457687;5.0750554,3.6409662698133616e-06,5.989513397216797,1.8423315850668587e-07,42980.25743155578,1.0,0.23001468926657992,True,,
21,21,0.35916002932405533,-1.19312463048914,inside,elliptical,1.8362409308013488,0.8441647346394697,4.542279959736673,1.6761677376147988,142.18690459367696,1,,,,False,0.21951136299920043,0.8269969714022094,False,0.23459307095767165,1.5534107290660835,0.792715161951165,2.809974128638699,ballistic,35.461474873320725,,0.026160561278635645,11.594680661684693,1.4907776269938822,2.8426121928689985,5.483558441462166,7.471734693827863,0.5562182851466693,0.19321358130319927,0.9482880577609482,0.0007523269950025836,0.4292324768965291,0.9725865953876282,23.75612134791241,3.31823266932796,0.06466836013100392,qp_ode,0.05,100.0,5.970881568978885e-08,100.0,189.158629183088,1.5830626565632946,191.0,5.000000000000001,0.999,independent_lognormal,False,0.0,False,0.0,11.062853080251566,0.09079749750999008,False,0.0,fixed_device,0,82.42416995427789,127.1141941177528,164.84833990855577,203.3836654723806,101.50256;98.368319;122.40922;100.06464;100.53717;109.06276;100.23991;110.36723;99.731637;93.982418;91.60609;92.517422;127.11419;87.026398;94.691349;88.354524;82.42417,203.00512;182.52986;192.37115;195.26002;201.07434;203.38367;198.15742;194.28489;194.09651;187.96484;183.21218;185.03484;190.32899;174.0528;189.3827;176.70905;164.84834,5.0292688;5.0143876;4.9166356;5.0053238;4.9550194;5.0397662;5.0751956;5.0457888;4.9884711;4.9910309;5.029018;5.0185368;4.9922815;4.9157532;4.9626985;4.9457687;5.0750554,1.495375954618794e-06,13.526458740234375,7.520915090708513e-08,42980.25743155578,1.0,0.2398817281311653,True,,
22,22,-2.5969236600710577,1.8046576811521282,inside,elliptical,2.3116823567075686,0.9901220070632346,3.195008103235822,1.5480878743027011,7.417925494764894,1,,,,False,0.05619543539000098,0.8032974063744189,False,0.2866453831693925,1.781208313423345,0.9182520087238197,1.9510994022907482,diffusive,,15.936104029053467,0.04818386642050489,59.20474092308921,0.44879264922283096,3.226734960352,4.153151712225062,8.369443644220365,0.27525413916244124,0.3234548466949312,0.9002877155811504,0.6578333409220822,0.24333795028085298,0.6516409435353754,34.08068434990787,3.1830966106869236,0.06675654960541026,qp_ode,0.05,100.0,2.803932562747039e-07,100.0,189.158629183088,1.020102025907297,191.0,5.000000000000001,0.999,independent_lognormal,False,0.0,False,0.0,8.173839788754611,0.12657761699271525,False,0.0,fixed_device,0,82.42416995427789,127.1141941177528,164.84833990855577,203.3836654723806,101.50256;98.368319;122.40922;100.06464;100.53717;109.06276;100.23991;110.36723;99.731637;93.982418;91.60609;92.517422;127.11419;87.026398;94.691349;88.354524;82.42417,203.00512;182.52986;192.37115;195.26002;201.07434;203.38367;198.15742;194.28489;194.09651;187.96484;183.21218;185.03484;190.32899;174.0528;189.3827;176.70905;164.84834,5.0292688;5.0143876;4.9166356;5.0053238;4.9550194;5.0397662;5.0751956;5.0457888;4.9884711;4.9910309;5.029018;5.0185368;4.9922815;4.9157532;4.9626985;4.9457687;5.0750554,8.47569481265964e-06,2.6831209659576416,4.3129861637680733e-07,42980.25743155578,1.0,0.258806716509017,True,,
23,23,0.1307346852262814,-0.4548364072237474,inside,elliptical,2.434314339025248,0.9838548979700712,8.03016953182441,1.0795409368554338,22.645933874604417,1,,,,False,0.22062868736584218,0.61117733525248,False,0.16054669127461985,2.1573706407398454,1.1256704521198366,1.700496262678981,diffusive,,17.797917037758275,0.044555663046624,14.894705022404207,0.556745546913322,2.6017559270774893,6.040376526678455,6.346311351369914,0.4996468259846415,0.4644273593268198,0.8545449902716202,0.6267533542703856,0.22147607138853936,1.186428390333748,30.293467724941195,2.9625719905814183,0.019045389158200584,qp_ode,0.05,100.0,2.339385913541558e-08,100.0,189.158629183088,1.5108430169042661,191.0,5.000000000000001,0.999,independent_lognormal,False,0.0,False,0.0,4.319415590508273,0.14376228314730266,False,0.0,fixed_device,0,82.42416995427789,127.1141941177528,164.84833990855577,203.3836654723806,101.50256;98.368319;122.40922;100.06464;100.53717;109.06276;100.23991;110.36723;99.731637;93.982418;91.60609;92.517422;127.11419;87.026398;94.691349;88.354524;82.42417,203.00512;182.52986;192.37115;195.26002;201.07434;203.38367;198.15742;194.28489;194.09651;187.96484;183.21218;185.03484;190.32899;174.0528;189.3827;176.70905;164.84834,5.0292688;5.0143876;4.9166356;5.0053238;4.9550194;5.0397662;5.0751956;5.0457888;4.9884711;4.9910309;5.029018;5.0185368;4.9922815;4.9157532;4.9626985;4.9457687;5.0750554,4.5994289621376083e-07,34.578556060791016,2.3021179629267863e-08,42980.25743155578,1.0,0.1921413258197917,True,,
24,24,2.893619089358559,-2.212952012916875,inside,elliptical,2.2041764051066903,0.8713616311921657,6.56056703562783,1.7790665768687322,60.098887796861916,1,,,,False,0.22267542324508016,0.13102929294848487,False,0.2570125241209679,2.3279360502218105,1.2425566184167827,2.4926307045802596,ballistic,24.000039553580777,,0.1130663730573941,19.88516535737345,1.5936680275184019,3.4194888489887614,5.422838817995878,7.520708946174712,0.32659472083065244,0.11900551980743952,0.9138247225642737,0.3262110458302099,0.1800528973152933,0.614686406797021,27.032356142561163,3.356340373327825,0.011395872874895758,qp_ode,0.05,100.0,2.194696309491086e-07,100.0,189.158629183088,1.957415102155104,191.0,5.000000000000001,0.999,independent_lognormal,False,0.0,False,0.0,17.881561956896597,0.06014998509104037,False,0.0,fixed_device,0,82.42416995427789,127.1141941177528,164.84833990855577,203.3836654723806,101.50256;98.368319;122.40922;100.06464;100.53717;109.06276;100.23991;110.36723;99.731637;93.982418;91.60609;92.517422;127.11419;87.026398;94.691349;88.354524;82.42417,203.00512;182.52986;192.37115;195.26002;201.07434;203.38367;198.15742;194.28489;194.09651;187.96484;183.21218;185.03484;190.32899;174.0528;189.3827;176.70905;164.84834,5.0292688;5.0143876;4.9166356;5.0053238;4.9550194;5.0397662;5.0751956;5.0457888;4.9884711;4.9910309;5.029018;5.0185368;4.9922815;4.9157532;4.9626985;4.9457687;5.0750554,3.4789079563779524e-06,6.248744487762451,1.753225689071769e-07,42980.25743155578,1.0,0.2931472274676432,True,,
25,25,0.3973999260364458,-1.7690536553034966,inside,elliptical,2.435763559102076,1.018162892688394,8.943541482174224,1.101779725441024,121.480126150889,1,,,,False,0.29688145966444757,0.37578323010964787,False,0.15787344984241736,2.051274004752619,0.9858747880460876,1.1151870278520937,diffusive,,19.11797343273892,0.02886715787077892,17.67154395370622,1.3717590640862967,3.1595501896522578,5.2246364971165065,5.970384262230258,0.45713479154207415,0.3078849656783167,0.9189021516011602,0.5881829471356931,0.35932733218926055,0.7878982118776157,28.907287068434492,3.137762739863594,0.05863387622159154,qp_ode,0.05,100.0,9.587033877699472e-08,100.0,189.158629183088,1.0611321433696776,191.0,5.000000000000001,0.999,independent_lognormal,False,0.0,False,0.0,29.065734875753748,0.06527905786406295,False,0.0,fixed_device,0,82.42416995427789,127.1141941177528,164.84833990855577,203.3836654723806,101.50256;98.368319;122.40922;100.06464;100.53717;109.06276;100.23991;110.36723;99.731637;93.982418;91.60609;92.517422;127.11419;87.026398;94.691349;88.354524;82.42417,203.00512;182.52986;192.37115;195.26002;201.07434;203.38367;198.15742;194.28489;194.09651;187.96484;183.21218;185.03484;190.32899;174.0528;189.3827;176.70905;164.84834,5.0292688;5.0143876;4.9166356;5.0053238;4.9550194;5.0397662;5.0751956;5.0457888;4.9884711;4.9910309;5.029018;5.0185368;4.9922815;4.9157532;4.9626985;4.9457687;5.0750554,2.4268740617117146e-06,8.724124908447266,1.2209378041916352e-07,42980.25743155578,1.0,0.22852903321402002,True,,
26,26,-0.8595685909687871,-1.630916904900812,inside,circular,2.4099662651845084,1.1111606248493056,5.029226070574089,1.0,171.36086269651594,1,,,,False,0.3450306245442042,0.32744440998209223,False,0.10414968567577614,2.3530921145300105,0.7892624035964071,1.1462120578927184,ballistic,19.70950717106931,,0.08658739363006644,27.648626700283856,0.5114911181063964,3.5731552308760293,3.7856986507086074,7.763701861438414,0.49476713537614825,0.3291818461971918,0.8358049352398667,0.16411090479336085,0.18769372514303956,0.8882813455960732,29.414874562686727,3.3260063720441897,0.04419711155650227,qp_ode,0.05,100.0,2.461285987242569e-07,100.0,189.158629183088,1.808841322335386,191.0,5.000000000000001,0.999,independent_lognormal,False,0.0,False,0.0,32.73123295125053,0.07896086013997612,False,0.0,fixed_device,0,82.42416995427789,127.1141941177528,164.84833990855577,203.3836654723806,101.50256;98.368319;122.40922;100.06464;100.53717;109.06276;100.23991;110.36723;99.731637;93.982418;91.60609;92.517422;127.11419;87.026398;94.691349;88.354524;82.42417,203.00512;182.52986;192.37115;195.26002;201.07434;203.38367;198.15742;194.28489;194.09651;187.96484;183.21218;185.03484;190.32899;174.0528;189.3827;176.70905;164.84834,5.0292688;5.0143876;4.9166356;5.0053238;4.9550194;5.0397662;5.0751956;5.0457888;4.9884711;4.9910309;5.029018;5.0185368;4.9922815;4.9157532;4.9626985;4.9457687;5.0750554,5.484014309331542e-06,4.060949802398682,2.7723655193767627e-07,42980.25743155578,1.0,0.329708888985026,True,,
27,27,0.720363536554744,1.4081389943071692,inside,elliptical,1.8552814216528652,1.6045754639951673,9.932818125632739,1.8885640555646797,19.52080913314101,1,,,,False,0.21257018056690263,0.8057940749725736,False,0.3992508453102638,2.205663257098384,0.8392962354520299,2.3797346396887047,diffusive,,17.510472361227375,0.03494846014559201,20.216106396373867,1.9137769451281614,2.0811375440308173,5.515638186104889,9.558394580298623,0.5986469521692585,0.26658326195318105,0.9867926214160488,0.7262297068875995,0.2974204147139915,1.1711504086647118,32.666959105606544,3.255134739891932,0.07777080407253811,qp_ode,0.05,100.0,2.685729716184804e-07,100.0,189.158629183088,0.20360786460793212,191.0,5.000000000000001,0.999,independent_lognormal,False,0.0,False,0.0,5.341132875346451,0.0900557252297525,False,0.0,fixed_device,0,82.42416995427789,127.1141941177528,164.84833990855577,203.3836654723806,101.50256;98.368319;122.40922;100.06464;100.53717;109.06276;100.23991;110.36723;99.731637;93.982418;91.60609;92.517422;127.11419;87.026398;94.691349;88.354524;82.42417,203.00512;182.52986;192.37115;195.26002;201.07434;203.38367;198.15742;194.28489;194.09651;187.96484;183.21218;185.03484;190.32899;174.0528;189.3827;176.70905;164.84834,5.0292688;5.0143876;4.9166356;5.0053238;4.9550194;5.0397662;5.0751956;5.0457888;4.9884711;4.9910309;5.029018;5.0185368;4.9922815;4.9157532;4.9626985;4.9457687;5.0750554,5.387881174101494e-06,4.144728660583496,2.725249999002699e-07,42980.25743155578,1.0,0.21289163400278427,True,,
28,28,2.7840123946783484,-3.0,edge,elliptical,1.9839251702374596,1.4554596800437496,5.76214942337865,2.1419221312745673,5.144966133741415,1,,,,False,0.19951228160644674,0.9254634422793904,False,0.3830460655060377,2.8829950452893764,0.5672585253293634,1.5815058768272294,ballistic,19.529015692272555,,0.04620334782558494,70.31964240982481,1.4493872641821373,2.159260373535418,6.47599128680089,5.86995498450015,0.24851862804547964,0.14475267403471298,0.8169103529720158,0.7954571713718439,0.37316299858143265,1.1854039461422732,25.555778455678315,2.8185234976357987,0.02895277593696095,qp_ode,0.05,100.0,2.6987614862907356e-07,100.0,189.158629183088,0.2902141587503945,191.0,5.000000000000001,0.999,independent_lognormal,False,0.0,False,0.0,31.94166037181534,0.05891027710148938,False,0.0,fixed_device,0,82.42416995427789,127.1141941177528,164.84833990855577,203.3836654723806,101.50256;98.368319;122.40922;100.06464;100.53717;109.06276;100.23991;110.36723;99.731637;93.982418;91.60609;92.517422;127.11419;87.026398;94.691349;88.354524;82.42417,203.00512;182.52986;192.37115;195.26002;201.07434;203.38367;198.15742;194.28489;194.09651;187.96484;183.21218;185.03484;190.32899;174.0528;189.3827;176.70905;164.84834,5.0292688;5.0143876;4.9166356;5.0053238;4.9550194;5.0397662;5.0751956;5.0457888;4.9884711;4.9910309;5.029018;5.0185368;4.9922815;4.9157532;4.9626985;4.9457687;5.0750554,5.986753421893809e-06,3.7334203720092773,3.0296692443698703e-07,42980.25743155578,1.0,0.1846847495798104,True,,
29,29,0.00939677046089038,-3.0,edge,circular,2.338149905252857,1.023916003918877,5.770288447998935,1.0,67.64398540299142,1,,,,False,0.2829864971379289,0.7826897798554278,False,0.2583119523556572,3.485254350926935,1.2504407074207389,2.5854807240313304,ballistic,38.40830140682313,,0.09099158481380686,53.84983708767557,0.4215905192842897,2.950902353299119,3.5297074610449437,6.086776689910702,0.19032638387145276,0.18929505247758535,0.8131533419955147,0.432850339920425,0.2889272767628824,0.7623622497043812,24.4368732250887,3.397181939163017,0.04876149535343262,qp_ode,0.05,100.0,8.87027925245572e-08,100.0,189.158629183088,0.4812524894207168,191.0,5.000000000000001,0.999,independent_lognormal,False,0.0,False,0.0,24.190189049496123,0.06065014122947509,False,0.0,fixed_device,0,82.42416995427789,127.1141941177528,164.84833990855577,203.3836654723806,101.50256;98.368319;122.40922;100.06464;100.53717;109.06276;100.23991;110.36723;99.731637;93.982418;91.60609;92.517422;127.11419;87.026398;94.691349;88.354524;82.42417,203.00512;182.52986;192.37115;195.26002;201.07434;203.38367;198.15742;194.28489;194.09651;187.96484;183.21218;185.03484;190.32899;174.0528;189.3827;176.70905;164.84834,5.0292688;5.0143876;4.9166356;5.0053238;4.9550194;5.0397662;5.0751956;5.0457888;4.9884711;4.9910309;5.029018;5.0185368;4.9922815;4.9157532;4.9626985;4.9457687;5.0750554,1.8204010530098458e-06,11.322102546691895,9.137650636148464e-08,42980.25743155578,1.0,0.21562709622436368,True,,
30,30,2.138502878906804,3.0,edge,circular,2.0416047535056183,1.4158570945903963,9.594327401089206,1.0,7.162850472930737,1,,,,False,0.08298764320443137,0.5482449224513771,False,0.35576770945476754,1.8544843413158323,1.1539132160859915,1.5613174900607074,ballistic,21.83765111717139,,0.03433525429788462,71.86387711446204,1.2809959912398006,3.7654129394225384,4.989009770180969,9.971779610892277,0.3236133752907672,0.10486178160840187,0.8047381590294419,0.3646720914871071,0.27211710263073724,1.0041607809310276,27.227051507979503,2.853820287320475,0.022873659505665608,qp_ode,0.05,100.0,3.6416213263551554e-08,100.0,189.158629183088,0.6277867726097324,191.0,5.000000000000001,0.999,independent_lognormal,False,0.0,False,0.0,10.783116108319424,0.08080217179388702,False,0.0,fixed_device,0,82.42416995427789,127.1141941177528,164.84833990855577,203.3836654723806,101.50256;98.368319;122.40922;100.06464;100.53717;109.06276;100.23991;110.36723;99.731637;93.982418;91.60609;92.517422;127.11419;87.026398;94.691349;88.354524;82.42417,203.00512;182.52986;192.37115;195.26002;201.07434;203.38367;198.15742;194.28489;194.09651;187.96484;183.21218;185.03484;190.32899;174.0528;189.3827;176.70905;164.84834,5.0292688;5.0143876;4.9166356;5.0053238;4.9550194;5.0397662;5.0751956;5.0457888;4.9884711;4.9910309;5.029018;5.0185368;4.9922815;4.9157532;4.9626985;4.9457687;5.0750554,4.589652462527738e-07,32.20556640625,2.2971390123416313e-08,42980.25743155578,1.0,0.17452715596727936,True,,
31,31,2.8666446096917673,-0.8954506695912827,inside,circular,1.7032753381218886,1.3979673160680683,4.713715839475341,1.0,43.99279181547218,1,,,,False,0.24887165287457458,0.8949075717805033,False,0.14737814189368809,3.132584664709368,0.7088656211473319,2.5210560310937633,diffusive,,6.147471359785923,0.02457221240605534,42.27979935603663,0.5964004231601324,2.116883359887611,4.165344756650365,9.10340104102626,0.37452573141746165,0.17939394214085708,0.8822480146401512,0.13946535607215402,0.4461406821935025,0.8408749646483453,30.026443103428424,3.151672656888013,0.03447412019865082,qp_ode,0.05,100.0,8.059056451449283e-08,100.0,189.158629183088,1.3067350483905822,191.0,5.000000000000001,0.999,independent_lognormal,False,0.0,False,0.0,10.850761996889164,0.12234426103075757,False,0.0,fixed_device,0,82.42416995427789,127.1141941177528,164.84833990855577,203.3836654723806,101.50256;98.368319;122.40922;100.06464;100.53717;109.06276;100.23991;110.36723;99.731637;93.982418;91.60609;92.517422;127.11419;87.026398;94.691349;88.354524;82.42417,203.00512;182.52986;192.37115;195.26002;201.07434;203.38367;198.15742;194.28489;194.09651;187.96484;183.21218;185.03484;190.32899;174.0528;189.3827;176.70905;164.84834,5.0292688;5.0143876;4.9166356;5.0053238;4.9550194;5.0397662;5.0751956;5.0457888;4.9884711;4.9910309;5.029018;5.0185368;4.9922815;4.9157532;4.9626985;4.9457687;5.0750554,1.7026018213073257e-06,11.939770698547363,8.543499063762283e-08,42980.25743155578,1.0,0.19876581742093677,True,,
32,32,-3.763586153930496,-2.9232821697078437,outside,circular,2.3393415807805407,1.3147425063389688,5.117723571061654,1.0,107.67199245947418,1,,,,False,0.34110678569465097,0.7062186198404548,False,0.26638238387772384,2.0165204228687887,0.5696557890661789,1.5781527106554059,ballistic,28.92611673102256,,0.10557299663696199,57.13663344488992,1.7756529918021675,3.697214627679868,5.759831446263446,7.531373723374601,0.4898532769290712,0.22371534853185213,0.857943066543507,0.5521337091237282,0.12666616432874678,0.6559032200672716,26.174519585913977,2.956943229091893,0.0468653067332796,qp_ode,0.05,100.0,2.899500997334766e-07,100.0,189.158629183088,1.2883989723211073,191.0,5.000000000000001,0.999,independent_lognormal,False,0.0,False,0.0,8.386303118274867,0.09812366825380507,False,0.0,fixed_device,0,82.42416995427789,127.1141941177528,164.84833990855577,203.3836654723806,101.50256;98.368319;122.40922;100.06464;100.53717;109.06276;100.23991;110.36723;99.731637;93.982418;91.60609;92.517422;127.11419;87.026398;94.691349;88.354524;82.42417,203.00512;182.52986;192.37115;195.26002;201.07434;203.38367;198.15742;194.28489;194.09651;187.96484;183.21218;185.03484;190.32899;174.0528;189.3827;176.70905;164.84834,5.0292688;5.0143876;4.9166356;5.0053238;4.9550194;5.0397662;5.0751956;5.0457888;4.9884711;4.9910309;5.029018;5.0185368;4.9922815;4.9157532;4.9626985;4.9457687;5.0750554,5.728805717808427e-06,3.894082546234131,2.900015942941536e-07,42980.25743155578,1.0,0.2691841452081069,True,,
33,33,-2.460571152035082,-1.1146942097194408,inside,elliptical,2.433126023931628,1.3832003345699166,3.044208730787009,2.26733888299351,137.18665424090557,1,,,,False,0.11611904892665784,0.5791283807076726,False,0.29552753321117986,1.50353773921281,0.5470130583818863,1.971518854605134,diffusive,,14.4775666912473,0.029830390961191316,73.32643958498458,0.9212282507163647,3.14481043082123,4.724518393455609,5.258537950991515,0.4743122879414965,0.2720221423757514,0.8433960554608526,0.6127473006049308,0.3618600526392426,0.5397126944021005,20.400257713091573,2.8091235212629133,0.031360810057091626,qp_ode,0.05,100.0,2.3874945532672176e-07,100.0,189.158629183088,1.617964359444418,191.0,5.000000000000001,0.999,independent_lognormal,False,0.0,False,0.0,37.03596503800222,0.11450825262462731,False,0.0,fixed_device,0,82.42416995427789,127.1141941177528,164.84833990855577,203.3836654723806,101.50256;98.368319;122.40922;100.06464;100.53717;109.06276;100.23991;110.36723;99.731637;93.982418;91.60609;92.517422;127.11419;87.026398;94.691349;88.354524;82.42417,203.00512;182.52986;192.37115;195.26002;201.07434;203.38367;198.15742;194.28489;194.09651;187.96484;183.21218;185.03484;190.32899;174.0528;189.3827;176.70905;164.84834,5.0292688;5.0143876;4.9166356;5.0053238;4.9550194;5.0397662;5.0751956;5.0457888;4.9884711;4.9910309;5.029018;5.0185368;4.9922815;4.9157532;4.9626985;4.9457687;5.0750554,5.0379394451738335e-06,4.4344964027404785,2.544840640439361e-07,42980.25743155578,1.0,0.22724656777636246,True,,
34,34,0.78856944474609,0.2360624117910728,inside,elliptical,2.322418969936542,1.3973706567242996,8.087165549843833,1.1609027565174328,51.90365329691239,1,,,,False,0.3061031412308527,0.3473696895134807,False,0.18147203448345078,3.3433040890833903,0.7450967108000335,1.7756647172646263,diffusive,,18.05623348546146,0.0743177292728991,28.169819787659716,0.5318406597739007,2.9213872034310198,3.7369718777600536,6.132388900514801,0.4910213159036094,0.47214465014556717,0.8654086677193138,0.17603155191141104,0.4955737450374665,1.173141876740181,28.779918253939293,3.3505810803492144,0.007404548505863602,qp_ode,0.05,100.0,1.6628088300539439e-07,100.0,189.158629183088,0.39000579970237825,191.0,5.000000000000001,0.999,independent_lognormal,False,0.0,False,0.0,17.86614723863984,0.12106883182054436,False,0.0,fixed_device,0,82.42416995427789,127.1141941177528,164.84833990855577,203.3836654723806,101.50256;98.368319;122.40922;100.06464;100.53717;109.06276;100.23991;110.36723;99.731637;93.982418;91.60609;92.517422;127.11419;87.026398;94.691349;88.354524;82.42417,203.00512;182.52986;192.37115;195.26002;201.07434;203.38367;198.15742;194.28489;194.09651;187.96484;183.21218;185.03484;190.32899;174.0528;189.3827;176.70905;164.84834,5.0292688;5.0143876;4.9166356;5.0053238;4.9550194;5.0397662;5.0751956;5.0457888;4.9884711;4.9910309;5.029018;5.0185368;4.9922815;4.9157532;4.9626985;4.9457687;5.0750554,3.899490820913343e-06,5.635817050933838,1.971201726291838e-07,42980.25743155578,1.0,0.22217819787034737,True,,
35,35,2.240185540731823,-0.8784421403205753,inside,elliptical,1.8636239556021021,1.1875398206973677,8.739426272969727,1.4939607583755103,3.3840475945630377,1,,,,False,0.21597947248046961,0.7440980658528854,False,0.13379961191229833,3.826862480521456,0.5653556604764642,2.9027291788130443,ballistic,36.48294925794819,,0.023810130389364897,68.97514779478121,1.3127301480390812,2.20276443973838,6.400122783277023,7.430766170523608,0.21057433563989425,0.13322928906634815,0.9277318719857,0.5990677451071375,0.14522691266387444,0.9115730215546398,26.226739856203203,3.1709466410770566,0.006206438374153711,qp_ode,0.05,100.0,2.469680400064155e-07,100.0,189.158629183088,1.9875885339641495,191.0,5.000000000000001,0.999,independent_lognormal,False,0.0,False,0.0,73.36340988080083,0.09423949362749912,False,0.0,fixed_device,0,82.42416995427789,127.1141941177528,164.84833990855577,203.3836654723806,101.50256;98.368319;122.40922;100.06464;100.53717;109.06276;100.23991;110.36723;99.731637;93.982418;91.60609;92.517422;127.11419;87.026398;94.691349;88.354524;82.42417,203.00512;182.52986;192.37115;195.26002;201.07434;203.38367;198.15742;194.28489;194.09651;187.96484;183.21218;185.03484;190.32899;174.0528;189.3827;176.70905;164.84834,5.0292688;5.0143876;4.9166356;5.0053238;4.9550194;5.0397662;5.0751956;5.0457888;4.9884711;4.9910309;5.029018;5.0185368;4.9922815;4.9157532;4.9626985;4.9457687;5.0750554,5.325166512193391e-06,4.194034099578857,2.691474776383984e-07,42980.25743155578,1.0,0.39051433570401295,True,,
36,36,-2.8434989570557994,-2.782567859798175,inside,circular,1.9155398942955975,1.0433871953990286,8.160194108410671,1.0,174.08740746850418,1,,,,False,0.11206131346630133,0.630141544784616,False,0.10235701286191276,1.5518265149542811,0.9289761759463098,1.476771787521403,ballistic,27.82726589939997,,0.04485735231305368,67.60026085235232,1.384993883828333,3.0685828159560087,6.044682677814698,9.356437668985597,0.49476412878940335,0.157048627669458,0.9595820619425393,0.16700479757901104,0.4815731836524149,0.9166519223156526,20.3180938749003,2.9047157187069996,0.0309087149655808,qp_ode,0.05,100.0,2.8742720769792874e-07,100.0,189.158629183088,1.1684759314617994,191.0,5.000000000000001,0.999,independent_lognormal,False,0.0,False,0.0,31.394425563513746,0.14139369565780052,False,0.0,fixed_device,0,82.42416995427789,127.1141941177528,164.84833990855577,203.3836654723806,101.50256;98.368319;122.40922;100.06464;100.53717;109.06276;100.23991;110.36723;99.731637;93.982418;91.60609;92.517422;127.11419;87.026398;94.691349;88.354524;82.42417,203.00512;182.52986;192.37115;195.26002;201.07434;203.38367;198.15742;194.28489;194.09651;187.96484;183.21218;185.03484;190.32899;174.0528;189.3827;176.70905;164.84834,5.0292688;5.0143876;4.9166356;5.0053238;4.9550194;5.0397662;5.0751956;5.0457888;4.9884711;4.9910309;5.029018;5.0185368;4.9922815;4.9157532;4.9626985;4.9457687;5.0750554,1.0956389814964496e-05,2.074077844619751,5.625044536827772e-07,42980.25743155578,1.0,0.2968125411327862,True,,
37,37,-1.0230141220184585,2.988783331726726,inside,elliptical,2.0623400922397384,0.9580208692039807,6.983779265627486,1.8088177735015127,91.09889376729767,1,,,,False,0.3073665960985178,0.8524475140573695,False,0.2389216930471687,3.9372936267690624,0.785015460197435,2.5815017562531986,ballistic,22.54474810273443,,0.049170647945479304,40.30369767205084,1.2654244444143106,2.1433510675033767,3.8123571028405783,7.812890527312939,0.31618616775855535,0.29445899571036094,0.9759887464885697,0.4685631493105354,0.13631431409356573,0.6548618248116941,23.747696140838176,3.072460893852019,0.04719977088627195,qp_ode,0.05,100.0,6.145143765829738e-08,100.0,189.158629183088,1.087593329084927,191.0,5.000000000000001,0.999,independent_lognormal,False,0.0,False,0.0,56.76341974079156,0.06669897281970745,False,0.0,fixed_device,0,82.42416995427789,127.1141941177528,164.84833990855577,203.3836654723806,101.50256;98.368319;122.40922;100.06464;100.53717;109.06276;100.23991;110.36723;99.731637;93.982418;91.60609;92.517422;127.11419;87.026398;94.691349;88.354524;82.42417,203.00512;182.52986;192.37115;195.26002;201.07434;203.38367;198.15742;194.28489;194.09651;187.96484;183.21218;185.03484;190.32899;174.0528;189.3827;176.70905;164.84834,5.0292688;5.0143876;4.9166356;5.0053238;4.9550194;5.0397662;5.0751956;5.0457888;4.9884711;4.9910309;5.029018;5.0185368;4.9922815;4.9157532;4.9626985;4.9457687;5.0750554,1.912977722895448e-06,10.529820442199707,9.60993205012528e-08,42980.25743155578,1.0,0.2075642091123802,True,,
38,38,1.8326678666689933,-1.9177934269805026,inside,elliptical,2.3634210128994155,0.8593086072662313,7.046588607429396,2.362443494018499,128.4863215483485,1,,,,False,0.34812104144445066,0.9288897810267845,False,0.21915333737203274,3.035657433853719,0.8272612258794854,2.305660826020551,diffusive,,18.575954831317894,0.06446780759501157,47.4573130601188,0.6122836853702595,3.6162239744897464,6.377834041200554,7.789724252134344,0.4989468945844411,0.37502574726897087,0.8142212238497667,0.14935749196904471,0.2423447828711508,1.170702640654131,31.679210995999547,3.130556907629804,0.04937120462686886,qp_ode,0.05,100.0,2.4636794184511193e-07,100.0,189.158629183088,0.5154960722627348,191.0,5.000000000000001,0.999,independent_lognormal,False,0.0,False,0.0,14.835884826891624,0.06558053696410485,False,0.0,fixed_device,0,82.42416995427789,127.1141941177528,164.84833990855577,203.3836654723806,101.50256;98.368319;122.40922;100.06464;100.53717;109.06276;100.23991;110.36723;99.731637;93.982418;91.60609;92.517422;127.11419;87.026398;94.691349;88.354524;82.42417,203.00512;182.52986;192.37115;195.26002;201.07434;203.38367;198.15742;194.28489;194.09651;187.96484;183.21218;185.03484;190.32899;174.0528;189.3827;176.70905;164.84834,5.0292688;5.0143876;4.9166356;5.0053238;4.9550194;5.0397662;5.0751956;5.0457888;4.9884711;4.9910309;5.029018;5.0185368;4.9922815;4.9157532;4.9626985;4.9457687;5.0750554,5.469188636197941e-06,4.051751136779785,2.765286808426026e-07,42980.25743155578,1.0,0.2266413034997298,True,,
39,39,3.0,1.2140404554657236,edge,elliptical,2.07879969404667,1.1436492985818694,9.824702496415458,2.4965951315685726,162.6775749110595,1,,,,False,0.26794575950653715,0.4099274299839326,False,0.20686746185361257,1.7012592770255712,1.283436786510848,1.1863864637260995,ballistic,39.816770208643234,,0.04266768522449125,32.700822672320825,0.897430795528149,2.2251051078669932,6.278075000263673,6.5897325561932,0.2995599872579756,0.4172405431649452,0.8371867197385147,0.758282136881845,0.28829041353113494,0.9972529401832967,22.99540589978575,3.021218602324251,0.028370076057367435,qp_ode,0.05,100.0,1.5398911638166753e-07,100.0,189.158629183088,0.5253751174274932,191.0,5.000000000000001,0.999,independent_lognormal,False,0.0,False,0.0,8.642673381080739,0.09255748286461361,False,0.0,fixed_device,0,82.42416995427789,127.1141941177528,164.84833990855577,203.3836654723806,101.50256;98.368319;122.40922;100.06464;100.53717;109.06276;100.23991;110.36723;99.731637;93.982418;91.60609;92.517422;127.11419;87.026398;94.691349;88.354524;82.42417,203.00512;182.52986;192.37115;195.26002;201.07434;203.38367;198.15742;194.28489;194.09651;187.96484;183.21218;185.03484;190.32899;174.0528;189.3827;176.70905;164.84834,5.0292688;5.0143876;4.9166356;5.0053238;4.9550194;5.0397662;5.0751956;5.0457888;4.9884711;4.9910309;5.029018;5.0185368;4.9922815;4.9157532;4.9626985;4.9457687;5.0750554,2.424250851618126e-06,8.71039867401123,1.2181178021819505e-07,42980.25743155578,1.0,0.20326362833957734,True,,
40,40,1.1537275320199472,0.12009114582864555,inside,elliptical,2.439385212252016,1.1793085560178804,9.784184435001215,2.2117439241264103,112.44432912248668,1,,,,False,0.08755677675872255,0.4283213971580664,False,0.267376619850448,1.9415340017487421,1.0842584656371879,1.0464521443740624,diffusive,,8.587971092647601,0.03555114779064107,24.103687606565465,0.849054770522502,2.4738752371955584,5.0883454119188,7.59853947489133,0.1668235159857788,0.3232347150826008,0.9600235499288303,0.5984420582128499,0.27663534530632516,0.9427384064614692,26.027624840042275,3.3370508058874755,0.034662487015213364,qp_ode,0.05,100.0,1.1492782756874304e-07,100.0,189.158629183088,0.6023074214003528,191.0,5.000000000000001,0.999,independent_lognormal,False,0.0,False,0.0,3.8720907443241686,0.08255400231689033,False,0.0,fixed_device,0,82.42416995427789,127.1141941177528,164.84833990855577,203.3836654723806,101.50256;98.368319;122.40922;100.06464;100.53717;109.06276;100.23991;110.36723;99.731637;93.982418;91.60609;92.517422;127.11419;87.026398;94.691349;88.354524;82.42417,203.00512;182.52986;192.37115;195.26002;201.07434;203.38367;198.15742;194.28489;194.09651;187.96484;183.21218;185.03484;190.32899;174.0528;189.3827;176.70905;164.84834,5.0292688;5.0143876;4.9166356;5.0053238;4.9550194;5.0397662;5.0751956;5.0457888;4.9884711;4.9910309;5.029018;5.0185368;4.9922815;4.9157532;4.9626985;4.9457687;5.0750554,2.450885176585871e-06,8.6251220703125,1.2315202013724047e-07,42980.25743155578,1.0,0.21798822956786057,True,,
41,41,-1.9807172492315321,1.99948437492775,inside,circular,1.9972821016167108,1.0057702223494975,3.260264652365059,1.0,73.26914214180741,1,,,,False,0.11877240893344324,0.9573966377979538,False,0.258187454510567,3.1771888782089834,0.7268472604866016,2.4860964720741903,ballistic,26.21547053483424,,0.03056648442230441,5.819336716601491,1.1322910669483726,3.7191382455689674,6.307050726160585,7.326860803631044,0.4969751215826864,0.2008711811406395,0.9507475222253161,0.22724365218403408,0.33146431164401674,0.679850087206544,33.172497918422756,2.8551122895270513,0.06706267047449449,qp_ode,0.05,100.0,1.245291766380471e-07,100.0,189.158629183088,0.8441367394481232,191.0,5.000000000000001,0.999,independent_lognormal,False,0.0,False,0.0,4.087697509296841,0.14171374512723817,False,0.0,fixed_device,0,82.42416995427789,127.1141941177528,164.84833990855577,203.3836654723806,101.50256;98.368319;122.40922;100.06464;100.53717;109.06276;100.23991;110.36723;99.731637;93.982418;91.60609;92.517422;127.11419;87.026398;94.691349;88.354524;82.42417,203.00512;182.52986;192.37115;195.26002;201.07434;203.38367;198.15742;194.28489;194.09651;187.96484;183.21218;185.03484;190.32899;174.0528;189.3827;176.70905;164.84834,5.0292688;5.0143876;4.9166356;5.0053238;4.9550194;5.0397662;5.0751956;5.0457888;4.9884711;4.9910309;5.029018;5.0185368;4.9922815;4.9157532;4.9626985;4.9457687;5.0750554,2.2677900233247783e-06,9.202169418334961,1.1421428780522547e-07,42980.25743155578,1.0,0.2130189964500863,True,,
42,42,-3.0,0.9541192346622878,edge,elliptical,2.247279455733843,1.0522169004605952,3.6575414154948636,1.7724672896411455,72.24435872860855,1,,,,False,0.25455878573718194,0.11255412276988719,False,0.32862685085686794,2.337294895204921,0.5617958739393166,1.6724929713067442,ballistic,13.069705599934297,,0.02721858779185609,24.09162387691243,1.1832979982210978,2.83307728474159,5.876944131334751,5.435019483370255,0.3262957381763659,0.23040262327069475,0.8214735991604873,0.0354929038077584,0.47536614092999685,0.6701224919256689,29.639221161844148,3.2601978545142076,0.07184787118624075,qp_ode,0.05,100.0,2.0490655442095747e-07,100.0,189.158629183088,0.4205928835837327,191.0,5.000000000000001,0.999,independent_lognormal,False,0.0,False,0.0,15.277168619127664,0.06187974677110514,False,0.0,fixed_device,0,82.42416995427789,127.1141941177528,164.84833990855577,203.3836654723806,101.50256;98.368319;122.40922;100.06464;100.53717;109.06276;100.23991;110.36723;99.731637;93.982418;91.60609;92.517422;127.11419;87.026398;94.691349;88.354524;82.42417,203.00512;182.52986;192.37115;195.26002;201.07434;203.38367;198.15742;194.28489;194.09651;187.96484;183.21218;185.03484;190.32899;174.0528;189.3827;176.70905;164.84834,5.0292688;5.0143876;4.9166356;5.0053238;4.9550194;5.0397662;5.0751956;5.0457888;4.9884711;4.9910309;5.029018;5.0185368;4.9922815;4.9157532;4.9626985;4.9457687;5.0750554,3.1444446904060896e-06,6.872952461242676,1.582306623504337e-07,42980.25743155578,1.0,0.2142010978087137,True,,
43,43,-3.784326408950138,-2.1803789842790007,outside,elliptical,2.3571550312113483,1.1072885862604114,9.750545542092924,1.1886083881210818,1.6054127261409068,1,,,,False,0.38672742241661673,0.38627342202188863,False,0.3159439215408795,2.210736064088188,0.8246767008529756,1.6933108564895116,ballistic,36.96945730349434,,0.11925976133983617,12.556941205768117,0.7071583175093296,3.699672922084619,4.1167802956960635,6.924769397541326,0.3701013683922183,0.41362491420767533,0.9930603350624908,0.41940063774106007,0.38841314269152394,1.0950852020738555,21.165515942815237,2.95822022240096,0.04763024943562356,qp_ode,0.05,100.0,4.728924193334657e-08,100.0,189.158629183088,1.647662615066508,191.0,5.000000000000001,0.999,independent_lognormal,False,0.0,False,0.0,24.847387566887743,0.12889263692091263,False,0.0,fixed_device,0,82.42416995427789,127.1141941177528,164.84833990855577,203.3836654723806,101.50256;98.368319;122.40922;100.06464;100.53717;109.06276;100.23991;110.36723;99.731637;93.982418;91.60609;92.517422;127.11419;87.026398;94.691349;88.354524;82.42417,203.00512;182.52986;192.37115;195.26002;201.07434;203.38367;198.15742;194.28489;194.09651;187.96484;183.21218;185.03484;190.32899;174.0528;189.3827;176.70905;164.84834,5.0292688;5.0143876;4.9166356;5.0053238;4.9550194;5.0397662;5.0751956;5.0457888;4.9884711;4.9910309;5.029018;5.0185368;4.9922815;4.9157532;4.9626985;4.9457687;5.0750554,1.4566079471478588e-06,13.766325950622559,7.304933546947723e-08,42980.25743155578,1.0,0.19295298698122293,True,,
44,44,0.12043545843520542,3.0,edge,circular,2.2188969013326223,1.0304886309371715,4.507397119642569,1.0,155.77891964451155,1,,,,False,0.3887777214437923,0.9951561901807912,False,0.17798054240928962,3.731086686635341,1.2082679814646586,2.3982526497706447,diffusive,,17.243292608325355,0.0690473953306466,10.415532427015819,0.5142141432249323,2.543831941006137,6.309291289139193,6.377179566059045,0.5476383749658406,0.1658574232252723,0.8667990488988282,0.7287372597109341,0.45744149089023683,0.8579365504876968,21.731463616913267,2.9812472239408345,0.01595001568648472,qp_ode,0.05,100.0,2.9826941172226194e-07,100.0,189.158629183088,0.7236403093028538,191.0,5.000000000000001,0.999,independent_lognormal,False,0.0,False,0.0,19.62288774156287,0.13306789787394338,False,0.0,fixed_device,0,82.42416995427789,127.1141941177528,164.84833990855577,203.3836654723806,101.50256;98.368319;122.40922;100.06464;100.53717;109.06276;100.23991;110.36723;99.731637;93.982418;91.60609;92.517422;127.11419;87.026398;94.691349;88.354524;82.42417,203.00512;182.52986;192.37115;195.26002;201.07434;203.38367;198.15742;194.28489;194.09651;187.96484;183.21218;185.03484;190.32899;174.0528;189.3827;176.70905;164.84834,5.0292688;5.0143876;4.9166356;5.0053238;4.9550194;5.0397662;5.0751956;5.0457888;4.9884711;4.9910309;5.029018;5.0185368;4.9922815;4.9157532;4.9626985;4.9457687;5.0750554,5.028082796343369e-06,4.429226398468018,2.541332264627272e-07,42980.25743155578,1.0,0.23053883604808073,True,,
45,45,-1.2490423402706765,1.2560989504105136,inside,elliptical,2.1757421495885336,1.2113618944303512,7.763200067441149,1.6862507844961514,65.05711290092451,1,,,,False,0.22488679062285793,0.410248609280361,False,0.3557614318544844,2.070973510486449,1.0173043835534048,2.8053900967763186,ballistic,35.282764934734416,,0.07087252324641832,8.680966799251513,1.868792822906601,2.013938348362734,5.6921911450635605,7.050118510639736,0.3414716286330435,0.2674892328369812,0.8550588989776329,0.41032870713902536,0.40535347136224964,0.7540862575656082,27.05541545989527,3.0767580791496285,0.05715019894777165,qp_ode,0.05,100.0,1.8662075864621296e-07,100.0,189.158629183088,1.5241591124880045,191.0,5.000000000000001,0.999,independent_lognormal,False,0.0,False,0.0,11.330772869070902,0.09071500253789253,False,0.0,fixed_device,0,82.42416995427789,127.1141941177528,164.84833990855577,203.3836654723806,101.50256;98.368319;122.40922;100.06464;100.53717;109.06276;100.23991;110.36723;99.731637;93.982418;91.60609;92.517422;127.11419;87.026398;94.691349;88.354524;82.42417,203.00512;182.52986;192.37115;195.26002;201.07434;203.38367;198.15742;194.28489;194.09651;187.96484;183.21218;185.03484;190.32899;174.0528;189.3827;176.70905;164.84834,5.0292688;5.0143876;4.9166356;5.0053238;4.9550194;5.0397662;5.0751956;5.0457888;4.9884711;4.9910309;5.029018;5.0185368;4.9922815;4.9157532;4.9626985;4.9457687;5.0750554,3.944954187318217e-06,5.574166774749756,1.9930131145429186e-07,42980.25743155578,1.0,0.29557395393055114,True,,
46,46,1.477854905326665,3.538872069901352,outside,elliptical,2.291266983413288,1.4495228500855102,8.185179807556775,1.657964395812978,80.65699213784967,1,,,,False,0.38174059247712133,0.7363319193061878,False,0.2716798757076381,3.824046516276175,0.8939976446528335,2.675898672115797,ballistic,32.63456275776002,,0.10778902344416919,12.908667893119388,0.6653197747668904,2.2156688042070782,6.423512184652129,6.361149119861064,0.3402886419924368,0.2084159520289132,0.920390575800168,0.010198961008970553,0.3082810280296275,0.987610002344846,25.362552651075067,3.066003940229718,0.001169479243498177,qp_ode,0.05,100.0,1.9612455771827658e-07,100.0,189.158629183088,1.6653738426602842,191.0,5.000000000000001,0.999,independent_lognormal,False,0.0,False,0.0,11.087453819012504,0.14144194037104316,False,0.0,fixed_device,0,82.42416995427789,127.1141941177528,164.84833990855577,203.3836654723806,101.50256;98.368319;122.40922;100.06464;100.53717;109.06276;100.23991;110.36723;99.731637;93.982418;91.60609;92.517422;127.11419;87.026398;94.691349;88.354524;82.42417,203.00512;182.52986;192.37115;195.26002;201.07434;203.38367;198.15742;194.28489;194.09651;187.96484;183.21218;185.03484;190.32899;174.0528;189.3827;176.70905;164.84834,5.0292688;5.0143876;4.9166356;5.0053238;4.9550194;5.0397662;5.0751956;5.0457888;4.9884711;4.9910309;5.029018;5.0185368;4.9922815;4.9157532;4.9626985;4.9457687;5.0750554,3.2060179364634678e-06,6.763947010040283,1.631795072398745e-07,42980.25743155578,1.0,0.30632353760244646,True,,
47,47,-2.4109859479557603,2.1043326020797437,inside,elliptical,1.7191787760177484,1.2228891624599887,6.129057596410008,2.0636539982336704,177.40703206002712,1,,,,False,0.11319088306598052,0.08802492194840239,False,0.23187536844002882,2.136008064932274,0.5045727496682773,2.671921610447737,diffusive,,5.544666511619535,0.07770810030734224,30.07104178851959,1.7196137049489222,2.555290424696309,4.408104057160518,8.376257508815979,0.5697739391102864,0.30116118558960087,0.9174522259856603,0.7466630435780471,0.4138553929253326,0.6378982316867972,32.54400455157011,2.9478924478120287,0.05503757590753641,qp_ode,0.05,100.0,2.4856906904320235e-07,100.0,189.158629183088,0.6946162881517446,191.0,5.000000000000001,0.999,independent_lognormal,False,0.0,False,0.0,39.34403405878474,0.12255372198029081,False,0.0,fixed_device,0,82.42416995427789,127.1141941177528,164.84833990855577,203.3836654723806,101.50256;98.368319;122.40922;100.06464;100.53717;109.06276;100.23991;110.36723;99.731637;93.982418;91.60609;92.517422;127.11419;87.026398;94.691349;88.354524;82.42417,203.00512;182.52986;192.37115;195.26002;201.07434;203.38367;198.15742;194.28489;194.09651;187.96484;183.21218;185.03484;190.32899;174.0528;189.3827;176.70905;164.84834,5.0292688;5.0143876;4.9166356;5.0053238;4.9550194;5.0397662;5.0751956;5.0457888;4.9884711;4.9910309;5.029018;5.0185368;4.9922815;4.9157532;4.9626985;4.9457687;5.0750554,5.4799656936666e-06,4.0522260665893555,2.7706332161869796e-07,42980.25743155578,1.0,0.19556568095677995,True,,
48,48,1.8185813891201086,0.400047572425966,inside,elliptical,1.869312142238591,1.162569122552695,2.1248011729037133,1.0401453941632894,152.47135260081615,1,,,,False,0.24130597674830345,0.9532624978881991,False,0.34796140960705496,2.4028205241424496,0.5805111163894938,1.8614802988753802,diffusive,,18.66232798434956,0.075779220228197,43.73730438704439,0.844502917210842,2.3907184609105725,3.57776363715577,5.323036129593384,0.5794229858910858,0.39209159189214937,0.827493334401003,0.0719494548724601,0.4869193402535924,0.7253758893261113,31.768417361004797,3.315093948187482,0.045961209227842914,qp_ode,0.05,100.0,2.8615111033668073e-07,100.0,189.158629183088,1.8649548199132995,191.0,5.000000000000001,0.999,independent_lognormal,False,0.0,False,0.0,12.539193173800852,0.075441341822211,False,0.0,fixed_device,0,82.42416995427789,127.1141941177528,164.84833990855577,203.3836654723806,101.50256;98.368319;122.40922;100.06464;100.53717;109.06276;100.23991;110.36723;99.731637;93.982418;91.60609;92.517422;127.11419;87.026398;94.691349;88.354524;82.42417,203.00512;182.52986;192.37115;195.26002;201.07434;203.38367;198.15742;194.28489;194.09651;187.96484;183.21218;185.03484;190.32899;174.0528;189.3827;176.70905;164.84834,5.0292688;5.0143876;4.9166356;5.0053238;4.9550194;5.0397662;5.0751956;5.0457888;4.9884711;4.9910309;5.029018;5.0185368;4.9922815;4.9157532;4.9626985;4.9457687;5.0750554,7.840028956707101e-06,2.8851003646850586,3.999064404069941e-07,42980.25743155578,1.0,0.3292396437696479,True,,
49,49,2.4023684389207274,-0.047010855244910665,inside,circular,2.2528743886579865,1.6432694021412626,8.203678563619523,1.0,4.4259880628578046,1,,,,False,0.24005407830670078,0.09998168541371721,False,0.2112430948611226,2.5179670762101223,1.036511316052145,1.4933856225046573,diffusive,,12.744364078348632,0.11613619967962227,0.9269718918890657,1.4802910852595543,3.6806952927852254,5.577428676667081,6.06592055524167,0.2131647827064954,0.14942542493205013,0.8133226530728713,0.16605928159460337,0.4487705286678646,0.6532290597747931,29.096902588690405,2.890267677127493,0.0772871063265951,qp_ode,0.05,100.0,1.7213459894761027e-07,100.0,189.158629183088,0.27333012504759446,191.0,5.000000000000001,0.999,independent_lognormal,False,0.0,False,0.0,21.540331169087565,0.12606870580214577,False,0.0,fixed_device,0,82.42416995427789,127.1141941177528,164.84833990855577,203.3836654723806,101.50256;98.368319;122.40922;100.06464;100.53717;109.06276;100.23991;110.36723;99.731637;93.982418;91.60609;92.517422;127.11419;87.026398;94.691349;88.354524;82.42417,203.00512;182.52986;192.37115;195.26002;201.07434;203.38367;198.15742;194.28489;194.09651;187.96484;183.21218;185.03484;190.32899;174.0528;189.3827;176.70905;164.84834,5.0292688;5.0143876;4.9166356;5.0053238;4.9550194;5.0397662;5.0751956;5.0457888;4.9884711;4.9910309;5.029018;5.0185368;4.9922815;4.9157532;4.9626985;4.9457687;5.0750554,3.4426689126121346e-06,6.336145401000977,1.7407455743523315e-07,42980.25743155578,1.0,0.18451510302489676,True,,
50,50,2.6653247933042596,-1.2982629332831364,inside,elliptical,2.3100731877237815,0.8802327598853958,3.139061924618571,1.4032294083067565,9.707395294627494,1,,,,False,0.1282370668506707,0.3121115776676818,False,0.2049612202877515,3.8556985489112243,1.2465613682073489,1.7633783779330208,ballistic,33.99702378094474,,0.1016540504992675,2.0355136462723866,1.9451097407565423,2.845451206101255,6.444184380988096,9.257664339894962,0.5912044928566287,0.4950446958009166,0.933283236350341,0.30084199709069204,0.31566267555704325,0.6291200800080835,28.762817426392587,2.9989747553001482,0.030190947835626345,qp_ode,0.05,100.0,8.249797590602972e-08,100.0,189.158629183088,1.2588318287276739,191.0,5.000000000000001,0.999,independent_lognormal,False,0.0,False,0.0,32.222344588655275,0.1187765054749041,False,0.0,fixed_device,0,82.42416995427789,127.1141941177528,164.84833990855577,203.3836654723806,101.50256;98.368319;122.40922;100.06464;100.53717;109.06276;100.23991;110.36723;99.731637;93.982418;91.60609;92.517422;127.11419;87.026398;94.691349;88.354524;82.42417,203.00512;182.52986;192.37115;195.26002;201.07434;203.38367;198.15742;194.28489;194.09651;187.96484;183.21218;185.03484;190.32899;174.0528;189.3827;176.70905;164.84834,5.0292688;5.0143876;4.9166356;5.0053238;4.9550194;5.0397662;5.0751956;5.0457888;4.9884711;4.9910309;5.029018;5.0185368;4.9922815;4.9157532;4.9626985;4.9457687;5.0750554,1.4996878689998994e-06,13.383971214294434,7.529190071409175e-08,42980.25743155578,1.0,0.2196284010945682,True,,
51,51,0.10642635131238709,-2.984964530867111,inside,circular,1.9388470920175647,1.423650463604703,7.996944253380392,1.0,128.81600508467133,1,,,,False,0.2601681148415055,0.4116195862245401,False,0.20828547138061929,3.3111791370034105,0.7173991693758365,1.4581987870896407,ballistic,28.957499206331946,,0.09171477227704812,31.711490062218168,0.9392183991013758,2.5066514915137352,5.199903465177251,8.903510855995316,0.2922774153423292,0.36685358761376274,0.9220251144965601,0.10957810720756883,0.394697306149712,0.5082610162186566,31.697406342698713,2.9636694058458475,0.010841245862858662,qp_ode,0.05,100.0,5.7600266611850635e-08,100.0,189.158629183088,1.3818330047538034,191.0,5.000000000000001,0.999,independent_lognormal,False,0.0,False,0.0,14.681433040418979,0.05279345235444776,False,0.0,fixed_device,0,82.42416995427789,127.1141941177528,164.84833990855577,203.3836654723806,101.50256;98.368319;122.40922;100.06464;100.53717;109.06276;100.23991;110.36723;99.731637;93.982418;91.60609;92.517422;127.11419;87.026398;94.691349;88.354524;82.42417,203.00512;182.52986;192.37115;195.26002;201.07434;203.38367;198.15742;194.28489;194.09651;187.96484;183.21218;185.03484;190.32899;174.0528;189.3827;176.70905;164.84834,5.0292688;5.0143876;4.9166356;5.0053238;4.9550194;5.0397662;5.0751956;5.0457888;4.9884711;4.9910309;5.029018;5.0185368;4.9922815;4.9157532;4.9626985;4.9457687;5.0750554,1.7038651094480883e-06,11.975396156311035,8.592328981649189e-08,42980.25743155578,1.0,0.20457589528469347,True,,
52,52,2.5314832930173905,3.881699317626726,outside,circular,1.7803640909591016,1.5034128119988721,8.098061660554057,1.0,46.325900910907905,1,,,,False,0.05367526051779709,0.5681504121186185,False,0.1338110544585071,2.3671376464954763,1.1715637623804462,2.9343897253195257,diffusive,,17.480007821868682,0.06278690800193878,69.88609792374359,0.7789420926499885,2.5307013274702923,3.6371780812158168,8.182055940979994,0.36925556100054224,0.15925003406437677,0.8667949134685026,0.013027343527722657,0.2745252832064906,0.8785198165243713,21.31510167372437,3.0075636529691714,0.008067291260185697,qp_ode,0.05,100.0,2.9145904200576613e-07,100.0,189.158629183088,1.36167971267505,191.0,5.000000000000001,0.999,independent_lognormal,False,0.0,False,0.0,8.601698093775003,0.1160041774117817,False,0.0,fixed_device,0,82.42416995427789,127.1141941177528,164.84833990855577,203.3836654723806,101.50256;98.368319;122.40922;100.06464;100.53717;109.06276;100.23991;110.36723;99.731637;93.982418;91.60609;92.517422;127.11419;87.026398;94.691349;88.354524;82.42417,203.00512;182.52986;192.37115;195.26002;201.07434;203.38367;198.15742;194.28489;194.09651;187.96484;183.21218;185.03484;190.32899;174.0528;189.3827;176.70905;164.84834,5.0292688;5.0143876;4.9166356;5.0053238;4.9550194;5.0397662;5.0751956;5.0457888;4.9884711;4.9910309;5.029018;5.0185368;4.9922815;4.9157532;4.9626985;4.9457687;5.0750554,2.701764742596424e-06,7.8857879638671875,1.360302519515244e-07,42980.25743155578,1.0,0.2048334345469849,True,,
53,53,3.0,1.8798121419997216,edge,circular,1.714611734702186,1.3331085691336333,4.521834086476154,1.0,134.9179416037439,1,,,,False,0.07599562507706717,0.2704020274540344,False,0.14273883733278556,1.9213870255977676,0.7066702515335594,2.6681035084365647,ballistic,23.39392476482807,,0.08709520163768313,10.528959285980326,0.430226152173808,3.1434461820773167,5.942739411400892,5.506394281589392,0.42468053472774014,0.4213196080451517,0.8759415621222663,0.1266586969773411,0.22732760501877602,0.7679974596131898,31.29152929262865,3.1204776768962583,0.04454876314542023,qp_ode,0.05,100.0,2.892207676514018e-07,100.0,189.158629183088,1.582141648649832,191.0,5.000000000000001,0.999,independent_lognormal,False,0.0,False,0.0,10.666445127844554,0.06907643250574119,False,0.0,fixed_device,0,82.42416995427789,127.1141941177528,164.84833990855577,203.3836654723806,101.50256;98.368319;122.40922;100.06464;100.53717;109.06276;100.23991;110.36723;99.731637;93.982418;91.60609;92.517422;127.11419;87.026398;94.691349;88.354524;82.42417,203.00512;182.52986;192.37115;195.26002;201.07434;203.38367;198.15742;194.28489;194.09651;187.96484;183.21218;185.03484;190.32899;174.0528;189.3827;176.70905;164.84834,5.0292688;5.0143876;4.9166356;5.0053238;4.9550194;5.0397662;5.0751956;5.0457888;4.9884711;4.9910309;5.029018;5.0185368;4.9922815;4.9157532;4.9626985;4.9457687;5.0750554,4.809543042938458e-06,4.610172271728516,2.428090510875336e-07,42980.25743155578,1.0,0.30539173849249807,True,,
54,54,1.840841683204233,-2.3378037587992413,inside,circular,2.131357426304743,1.4740263118265866,9.796108556242086,1.0,26.82941834106633,1,,,,False,0.21961431593886604,0.1817527332351131,False,0.13031266599000746,3.8720784013109637,0.5279720851155788,1.9522457296293316,diffusive,,16.4500765343873,0.07101807191837191,66.72199092096415,0.7090296403179318,3.7106134503982418,5.94745422180201,8.102617191051777,0.5327533881859743,0.4088410746865485,0.8445052897400802,0.47958872854662415,0.393049470983174,0.8346194586096316,20.516637839623723,3.0327115719435844,0.00926779898008431,qp_ode,0.05,100.0,6.580389078459464e-08,100.0,189.158629183088,1.3390194781618974,191.0,5.000000000000001,0.999,independent_lognormal,False,0.0,False,0.0,8.160785104519695,0.10383506736833223,False,0.0,fixed_device,0,82.42416995427789,127.1141941177528,164.84833990855577,203.3836654723806,101.50256;98.368319;122.40922;100.06464;100.53717;109.06276;100.23991;110.36723;99.731637;93.982418;91.60609;92.517422;127.11419;87.026398;94.691349;88.354524;82.42417,203.00512;182.52986;192.37115;195.26002;201.07434;203.38367;198.15742;194.28489;194.09651;187.96484;183.21218;185.03484;190.32899;174.0528;189.3827;176.70905;164.84834,5.0292688;5.0143876;4.9166356;5.0053238;4.9550194;5.0397662;5.0751956;5.0457888;4.9884711;4.9910309;5.029018;5.0185368;4.9922815;4.9157532;4.9626985;4.9457687;5.0750554,1.075958834917401e-06,17.706050872802734,5.3934812171974045e-08,42980.25743155578,1.0,0.2002160911662003,True,,
55,55,2.792847190471962,-2.0996803563145656,inside,circular,1.8858460077601475,1.379645784920574,6.729353370399482,1.0,1.8329611202223206,1,,,,False,0.15671118489738933,0.9292971016460475,False,0.350028999478571,1.8225832565120248,0.578595534288336,1.0854444071085676,diffusive,,6.556507645855952,0.09861697974607588,23.630707668931592,1.7708707360743103,2.962797441617884,3.6606782179701653,5.817007946251128,0.2712127190448408,0.3365931455772804,0.9270653100396591,0.2527234509158177,0.08180368783515721,0.8903491493836344,34.768847245959805,2.8439510785815774,0.05624411065449788,qp_ode,0.05,100.0,2.206672279926249e-07,100.0,189.158629183088,0.6287370956612783,191.0,5.000000000000001,0.999,independent_lognormal,False,0.0,False,0.0,30.970021832462464,0.10636954130453258,False,0.0,fixed_device,0,82.42416995427789,127.1141941177528,164.84833990855577,203.3836654723806,101.50256;98.368319;122.40922;100.06464;100.53717;109.06276;100.23991;110.36723;99.731637;93.982418;91.60609;92.517422;127.11419;87.026398;94.691349;88.354524;82.42417,203.00512;182.52986;192.37115;195.26002;201.07434;203.38367;198.15742;194.28489;194.09651;187.96484;183.21218;185.03484;190.32899;174.0528;189.3827;176.70905;164.84834,5.0292688;5.0143876;4.9166356;5.0053238;4.9550194;5.0397662;5.0751956;5.0457888;4.9884711;4.9910309;5.029018;5.0185368;4.9922815;4.9157532;4.9626985;4.9457687;5.0750554,4.845129296882078e-06,4.572460174560547,2.4466589820804074e-07,42980.25743155578,1.0,0.18185382890557128,True,,
56,56,-2.4816223294601123,-0.5653820192451033,inside,circular,2.1834344803200603,0.8376849087568281,4.699046103048327,1.0,178.76424497867805,1,,,,False,0.23301622786106568,0.13021293543188572,False,0.14799168214949382,3.37156864291402,0.7550955069507528,2.638486047759166,ballistic,30.215454086246087,,0.06758114391260403,36.05126621438452,0.7172780694349449,3.2206604654825632,4.8590477308802,6.280102491247653,0.468786831734355,0.360823431242712,0.928459006892248,0.3557648476935342,0.3340352845816274,1.0477643686915172,27.36233795287267,3.0513364915418104,0.0007956593833261483,qp_ode,0.05,100.0,2.9930396732644907e-07,100.0,189.158629183088,1.6223235584487157,191.0,5.000000000000001,0.999,independent_lognormal,False,0.0,False,0.0,10.104835043209494,0.08334487683368658,False,0.0,fixed_device,0,82.42416995427789,127.1141941177528,164.84833990855577,203.3836654723806,101.50256;98.368319;122.40922;100.06464;100.53717;109.06276;100.23991;110.36723;99.731637;93.982418;91.60609;92.517422;127.11419;87.026398;94.691349;88.354524;82.42417,203.00512;182.52986;192.37115;195.26002;201.07434;203.38367;198.15742;194.28489;194.09651;187.96484;183.21218;185.03484;190.32899;174.0528;189.3827;176.70905;164.84834,5.0292688;5.0143876;4.9166356;5.0053238;4.9550194;5.0397662;5.0751956;5.0457888;4.9884711;4.9910309;5.029018;5.0185368;4.9922815;4.9157532;4.9626985;4.9457687;5.0750554,8.427877219219226e-06,2.672351360321045,4.2855882043113525e-07,42980.25743155578,1.0,0.35120998580945867,True,,
57,57,-1.8429887250737862,-0.32570731469687875,inside,elliptical,1.9358695911625627,1.5003106915886617,5.940771527317767,2.0999312302654607,46.914329988434446,1,,,,False,0.06281429750839504,0.915802471094534,False,0.28998534565242895,2.6950745953149977,0.8457476665094067,2.5773872808287717,ballistic,16.093823872315077,,0.03016390195470421,48.797279304071104,0.7724201351277284,2.782115932917192,4.844400099730143,8.548804297956895,0.5684668904507105,0.12859871228522624,0.889276539523232,0.0661175961027495,0.32462238957705236,0.8347781443576221,21.99106830905159,3.0855147063347683,0.0719831608705933,qp_ode,0.05,100.0,2.843332577991353e-07,100.0,189.158629183088,0.3987868295656547,191.0,5.000000000000001,0.999,independent_lognormal,False,0.0,False,0.0,9.526544955434824,0.13782067359557465,False,0.0,fixed_device,0,82.42416995427789,127.1141941177528,164.84833990855577,203.3836654723806,101.50256;98.368319;122.40922;100.06464;100.53717;109.06276;100.23991;110.36723;99.731637;93.982418;91.60609;92.517422;127.11419;87.026398;94.691349;88.354524;82.42417,203.00512;182.52986;192.37115;195.26002;201.07434;203.38367;198.15742;194.28489;194.09651;187.96484;183.21218;185.03484;190.32899;174.0528;189.3827;176.70905;164.84834,5.0292688;5.0143876;4.9166356;5.0053238;4.9550194;5.0397662;5.0751956;5.0457888;4.9884711;4.9910309;5.029018;5.0185368;4.9922815;4.9157532;4.9626985;4.9457687;5.0750554,6.104017757024849e-06,3.7034356594085693,3.0968237751949346e-07,42980.25743155578,1.0,0.22547124758079254,True,,
58,58,0.2569302822000399,2.5232957072898294,inside,circular,2.3911525405458325,1.399145972561703,6.575541671202712,1.0,147.2138483602253,1,,,,False,0.3355271544715633,0.7349437851414443,False,0.2719849898392371,2.8778027864853755,0.8579655252897262,2.0380103742769498,diffusive,,14.425974597186961,0.09706165391588713,41.45345782416305,1.6263781631603007,2.4358299358727935,5.228028402566567,8.24406086121507,0.3406364582315536,0.44373863350885623,0.9700590081747711,0.16970618747795535,0.22202692605903757,0.9807313415996792,20.319478827487053,3.2451216103194858,0.05923862812881639,qp_ode,0.05,100.0,1.3468515355751578e-07,100.0,189.158629183088,1.9460065055904132,191.0,5.000000000000001,0.999,independent_lognormal,False,0.0,False,0.0,2.7149384713397398,0.09940520551938595,False,0.0,fixed_device,0,82.42416995427789,127.1141941177528,164.84833990855577,203.3836654723806,101.50256;98.368319;122.40922;100.06464;100.53717;109.06276;100.23991;110.36723;99.731637;93.982418;91.60609;92.517422;127.11419;87.026398;94.691349;88.354524;82.42417,203.00512;182.52986;192.37115;195.26002;201.07434;203.38367;198.15742;194.28489;194.09651;187.96484;183.21218;185.03484;190.32899;174.0528;189.3827;176.70905;164.84834,5.0292688;5.0143876;4.9166356;5.0053238;4.9550194;5.0397662;5.0751956;5.0457888;4.9884711;4.9910309;5.029018;5.0185368;4.9922815;4.9157532;4.9626985;4.9457687;5.0750554,2.784562866509077e-06,7.84577751159668,1.402754605805967e-07,42980.25743155578,1.0,0.2632481779080564,True,,
59,59,1.2802921714226825,3.520433166600932,outside,circular,2.1289602826483884,0.831653387463571,5.55937672413521,1.0,155.99119778304689,1,,,,False,0.35354776738137483,0.9134997087947995,False,0.3329522658832828,1.6087249392493006,1.1525324315515542,1.154806535226339,diffusive,,13.98250544381859,0.08177249174578846,52.88695651584081,0.9459714280590323,3.5782578781450116,6.04190222968608,5.532814308476508,0.21599862537724068,0.43492728073974984,0.988395771762577,0.6798131438867391,0.10613999683756284,0.7979535270946043,32.12947278834403,2.937258310680683,0.023507006414266618,qp_ode,0.05,100.0,6.995842596577043e-08,100.0,189.158629183088,1.863312807582354,191.0,5.000000000000001,0.999,independent_lognormal,False,0.0,False,0.0,30.77568142291395,0.1381071467490279,False,0.0,fixed_device,0,82.42416995427789,127.1141941177528,164.84833990855577,203.3836654723806,101.50256;98.368319;122.40922;100.06464;100.53717;109.06276;100.23991;110.36723;99.731637;93.982418;91.60609;92.517422;127.11419;87.026398;94.691349;88.354524;82.42417,203.00512;182.52986;192.37115;195.26002;201.07434;203.38367;198.15742;194.28489;194.09651;187.96484;183.21218;185.03484;190.32899;174.0528;189.3827;176.70905;164.84834,5.0292688;5.0143876;4.9166356;5.0053238;4.9550194;5.0397662;5.0751956;5.0457888;4.9884711;4.9910309;5.029018;5.0185368;4.9922815;4.9157532;4.9626985;4.9457687;5.0750554,1.5008386071713176e-06,13.25343132019043,7.529234835601528e-08,42980.25743155578,1.0,0.19707853134985864,True,,
60,60,3.0,-2.3314898851971004,edge,circular,2.302803531063534,1.6895717420109455,7.331110862521056,1.0,11.293715206323046,1,,,,False,0.3456834930335433,0.742604311591138,False,0.22152672305191098,3.7553519619655678,0.8436339738457215,1.8500584941506497,diffusive,,9.235000775695916,0.0454799224568305,57.951549870169856,1.2106498295905341,3.3199516176135306,3.983420551589155,7.3083820333392335,0.3157220169593071,0.40256275655330154,0.8766167755546355,0.7575637629885568,0.11794635418346369,0.9798145627952446,28.958437284932195,2.963039771970904,0.001069932860029974,qp_ode,0.05,100.0,1.468779418401141e-07,100.0,189.158629183088,1.0305967423039248,191.0,5.000000000000001,0.999,independent_lognormal,False,0.0,False,0.0,46.49634729877827,0.07719516939522533,False,0.0,fixed_device,0,82.42416995427789,127.1141941177528,164.84833990855577,203.3836654723806,101.50256;98.368319;122.40922;100.06464;100.53717;109.06276;100.23991;110.36723;99.731637;93.982418;91.60609;92.517422;127.11419;87.026398;94.691349;88.354524;82.42417,203.00512;182.52986;192.37115;195.26002;201.07434;203.38367;198.15742;194.28489;194.09651;187.96484;183.21218;185.03484;190.32899;174.0528;189.3827;176.70905;164.84834,5.0292688;5.0143876;4.9166356;5.0053238;4.9550194;5.0397662;5.0751956;5.0457888;4.9884711;4.9910309;5.029018;5.0185368;4.9922815;4.9157532;4.9626985;4.9457687;5.0750554,3.107458724116441e-06,6.971861839294434,1.5647961504328123e-07,42980.25743155578,1.0,0.19297907244700202,True,,
61,61,2.1444287848316286,-0.38012532124551246,inside,circular,1.7763546702865,1.698548890283464,4.097264698334509,1.0,154.97784224543673,1,,,,False,0.2701291548640661,0.7698652506335473,False,0.30166366128990346,2.441862925001549,1.184622499800111,2.699392833497307,diffusive,,13.0355397788105,0.10240250178373167,63.075683147658886,1.3409208973689113,3.285367715644554,6.123974947423646,7.7819952157296575,0.4603724306526744,0.4379195524930314,0.8738745454751378,0.732613628765808,0.11787679394900118,0.650844038104738,30.354859474250727,2.9966153057565177,0.07540332493257015,qp_ode,0.05,100.0,1.687852899614174e-07,100.0,189.158629183088,0.46090464641204293,191.0,5.000000000000001,0.999,independent_lognormal,False,0.0,False,0.0,6.786560026398723,0.0884704147867649,False,0.0,fixed_device,0,82.42416995427789,127.1141941177528,164.84833990855577,203.3836654723806,101.50256;98.368319;122.40922;100.06464;100.53717;109.06276;100.23991;110.36723;99.731637;93.982418;91.60609;92.517422;127.11419;87.026398;94.691349;88.354524;82.42417,203.00512;182.52986;192.37115;195.26002;201.07434;203.38367;198.15742;194.28489;194.09651;187.96484;183.21218;185.03484;190.32899;174.0528;189.3827;176.70905;164.84834,5.0292688;5.0143876;4.9166356;5.0053238;4.9550194;5.0397662;5.0751956;5.0457888;4.9884711;4.9910309;5.029018;5.0185368;4.9922815;4.9157532;4.9626985;4.9457687;5.0750554,2.6126247121283086e-06,8.167698860168457,1.3133995935277198e-07,42980.25743155578,1.0,0.1974937172194028,True,,
62,62,-3.9107567574074533,1.8110251905747923,outside,elliptical,2.3857981591575883,0.9353517417604027,8.468663088500225,1.7726064988168218,153.4878562638055,1,,,,False,0.18459909558024473,0.18627323002819374,False,0.19451571157115055,2.084129143651762,0.5152474151346016,1.0366431156827474,ballistic,26.77988010389011,,0.04432779015773339,42.2905555938256,1.0711819978031647,3.539204378591805,3.887572857088673,7.74999934195867,0.5909560769573909,0.4657465747704098,0.9629077936797185,0.0478492096374552,0.19493428916857142,0.6529496787675166,22.955766312860398,2.851030382857783,0.015354158189759621,qp_ode,0.05,100.0,3.683771572577718e-08,100.0,189.158629183088,0.7141785397923262,191.0,5.000000000000001,0.999,independent_lognormal,False,0.0,False,0.0,22.315740734539464,0.08452551002607944,False,0.0,fixed_device,0,82.42416995427789,127.1141941177528,164.84833990855577,203.3836654723806,101.50256;98.368319;122.40922;100.06464;100.53717;109.06276;100.23991;110.36723;99.731637;93.982418;91.60609;92.517422;127.11419;87.026398;94.691349;88.354524;82.42417,203.00512;182.52986;192.37115;195.26002;201.07434;203.38367;198.15742;194.28489;194.09651;187.96484;183.21218;185.03484;190.32899;174.0528;189.3827;176.70905;164.84834,5.0292688;5.0143876;4.9166356;5.0053238;4.9550194;5.0397662;5.0751956;5.0457888;4.9884711;4.9910309;5.029018;5.0185368;4.9922815;4.9157532;4.9626985;4.9457687;5.0750554,6.292770535765158e-07,26.2871036529541,3.1550417389780705e-08,42980.25743155578,1.0,0.17462999628237583,True,,
63,63,-0.12447256606612811,-1.4551692170810777,inside,elliptical,2.2041345149480716,1.2472806978423774,4.138785096221532,2.1129569093661655,122.86810820312024,1,,,,False,0.21895128318848184,0.18957682419255772,False,0.12743010511138944,2.539556167774007,1.0330500127478013,2.4529612969265226,ballistic,19.69786923876067,,0.11515139815444383,7.362005844906312,1.956349085876698,2.519923790931979,5.331771513754175,6.472601042216559,0.3986444025134214,0.23487653352927282,0.918686835654561,0.16735145004347338,0.23761729990854374,0.6588932216905101,29.204618243465482,3.346175107054021,0.0010128137783141878,qp_ode,0.05,100.0,2.7905520143766136e-07,100.0,189.158629183088,1.218415462073253,191.0,5.000000000000001,0.999,independent_lognormal,False,0.0,False,0.0,19.427412998209924,0.10919369886296035,False,0.0,fixed_device,0,82.42416995427789,127.1141941177528,164.84833990855577,203.3836654723806,101.50256;98.368319;122.40922;100.06464;100.53717;109.06276;100.23991;110.36723;99.731637;93.982418;91.60609;92.517422;127.11419;87.026398;94.691349;88.354524;82.42417,203.00512;182.52986;192.37115;195.26002;201.07434;203.38367;198.15742;194.28489;194.09651;187.96484;183.21218;185.03484;190.32899;174.0528;189.3827;176.70905;164.84834,5.0292688;5.0143876;4.9166356;5.0053238;4.9550194;5.0397662;5.0751956;5.0457888;4.9884711;4.9910309;5.029018;5.0185368;4.9922815;4.9157532;4.9626985;4.9457687;5.0750554,6.365665740304394e-06,3.5554709434509277,3.226536193778884e-07,42980.25743155578,1.0,0.3352518360571767,True,,
64,64,2.2414561717483172,2.350901216395111,inside,elliptical,2.466221744881291,1.1880274727710012,3.2045735316568758,1.416407884967739,49.10784746378232,1,,,,False,0.066930157142185,0.8381307704424452,False,0.2278349873232829,3.685191489506927,1.0145992163754491,2.169529679565381,ballistic,35.19259634902876,,0.025230270754604905,65.70902854640804,0.942971663712121,2.8447194192115344,3.527233975510787,6.118811326516585,0.3227065274278736,0.4559920023571675,0.9553044146470939,0.4869516284213702,0.312989021931727,1.0614092503092147,22.14009395942535,2.9157223633779066,0.04723341565640521,qp_ode,0.05,100.0,1.9877694061288557e-07,100.0,189.158629183088,0.3301930948403604,191.0,5.000000000000001,0.999,independent_lognormal,False,0.0,False,0.0,24.585644843202708,0.05741282597390183,False,0.0,fixed_device,0,82.42416995427789,127.1141941177528,164.84833990855577,203.3836654723806,101.50256;98.368319;122.40922;100.06464;100.53717;109.06276;100.23991;110.36723;99.731637;93.982418;91.60609;92.517422;127.11419;87.026398;94.691349;88.354524;82.42417,203.00512;182.52986;192.37115;195.26002;201.07434;203.38367;198.15742;194.28489;194.09651;187.96484;183.21218;185.03484;190.32899;174.0528;189.3827;176.70905;164.84834,5.0292688;5.0143876;4.9166356;5.0053238;4.9550194;5.0397662;5.0751956;5.0457888;4.9884711;4.9910309;5.029018;5.0185368;4.9922815;4.9157532;4.9626985;4.9457687;5.0750554,3.436246515775565e-06,6.3208208084106445,1.730649188402822e-07,42980.25743155578,1.0,0.19073062367811272,True,,
65,65,-1.2557511203090408,3.4433629869948352,outside,circular,2.2507547262367735,1.1491123911060035,2.976734759385387,1.0,118.44846098448976,1,,,,False,0.3679779346491253,0.07408923730969741,False,0.28734788827169966,2.5096136514187766,0.897304195052469,2.015401246979324,diffusive,,19.006843165861202,0.08758536444009708,24.577186911353735,0.573549560978568,3.4971129402856054,5.224435619269634,5.354602797541208,0.5306261186520489,0.11524310700565028,0.8624715439852852,0.7758831625226317,0.4876330215347454,0.6649735736247755,23.903049674013054,3.176287825617028,0.01980744700865798,qp_ode,0.05,100.0,1.9525476944177093e-07,100.0,189.158629183088,0.3707603853792821,191.0,5.000000000000001,0.999,independent_lognormal,False,0.0,False,0.0,3.271082487331446,0.10669989071432467,False,0.0,fixed_device,0,82.42416995427789,127.1141941177528,164.84833990855577,203.3836654723806,101.50256;98.368319;122.40922;100.06464;100.53717;109.06276;100.23991;110.36723;99.731637;93.982418;91.60609;92.517422;127.11419;87.026398;94.691349;88.354524;82.42417,203.00512;182.52986;192.37115;195.26002;201.07434;203.38367;198.15742;194.28489;194.09651;187.96484;183.21218;185.03484;190.32899;174.0528;189.3827;176.70905;164.84834,5.0292688;5.0143876;4.9166356;5.0053238;4.9550194;5.0397662;5.0751956;5.0457888;4.9884711;4.9910309;5.029018;5.0185368;4.9922815;4.9157532;4.9626985;4.9457687;5.0750554,3.22340179081948e-06,6.717594623565674,1.6262484336948546e-07,42980.25743155578,1.0,0.20193132123132826,True,,
66,66,0.18645846837432156,0.0493083775733707,inside,elliptical,1.9203937365654937,1.1369160725008933,8.154118822508671,1.4627305838574611,157.20998833023577,1,,,,False,0.20875585135746855,0.45586225185148066,False,0.15159367491023068,1.523404730936929,0.8354111131809707,1.7083343346063418,diffusive,,15.675353812562921,0.0210877751137924,50.314058179954785,1.2372078409450071,2.176046645514629,5.406453311831655,7.709042215981571,0.3139963544577382,0.22689634490385033,0.8161125394615856,0.5614148283693591,0.31012019761205156,0.7083394102041751,27.23827452506205,3.1507070201391696,0.02816882563290573,qp_ode,0.05,100.0,1.1205328450993252e-07,100.0,189.158629183088,1.0915374308477146,191.0,5.000000000000001,0.999,independent_lognormal,False,0.0,False,0.0,89.2663482940552,0.08065449929896665,False,0.0,fixed_device,0,82.42416995427789,127.1141941177528,164.84833990855577,203.3836654723806,101.50256;98.368319;122.40922;100.06464;100.53717;109.06276;100.23991;110.36723;99.731637;93.982418;91.60609;92.517422;127.11419;87.026398;94.691349;88.354524;82.42417,203.00512;182.52986;192.37115;195.26002;201.07434;203.38367;198.15742;194.28489;194.09651;187.96484;183.21218;185.03484;190.32899;174.0528;189.3827;176.70905;164.84834,5.0292688;5.0143876;4.9166356;5.0053238;4.9550194;5.0397662;5.0751956;5.0457888;4.9884711;4.9910309;5.029018;5.0185368;4.9922815;4.9157532;4.9626985;4.9457687;5.0750554,2.6092568532476434e-06,8.177330017089844,1.312623965077364e-07,42980.25743155578,1.0,0.23599880166309314,True,,
67,67,-1.3443316306290032,1.0483967728474965,inside,circular,2.241553219238506,1.6514415171217356,5.067867296115766,1.0,173.010736171349,1,,,,False,0.17390318788142653,0.9511608816442474,False,0.2838160797059691,2.040699414876829,0.6432758833134001,1.0344705446065563,ballistic,36.372132444847324,,0.10673287696645342,18.79629761925021,0.45318847339252954,2.4795553909101478,5.44397125152102,7.738411307646719,0.3503649597499503,0.4795634700728203,0.9086121677490602,0.2721876240456907,0.2912740132850566,0.6293680771098551,22.211843303644322,3.0279291725805444,0.019135175311231052,qp_ode,0.05,100.0,1.6211592017550874e-07,100.0,189.158629183088,0.49780752696578917,191.0,5.000000000000001,0.999,independent_lognormal,False,0.0,False,0.0,17.521919181582014,0.05776655208184927,False,0.0,fixed_device,0,82.42416995427789,127.1141941177528,164.84833990855577,203.3836654723806,101.50256;98.368319;122.40922;100.06464;100.53717;109.06276;100.23991;110.36723;99.731637;93.982418;91.60609;92.517422;127.11419;87.026398;94.691349;88.354524;82.42417,203.00512;182.52986;192.37115;195.26002;201.07434;203.38367;198.15742;194.28489;194.09651;187.96484;183.21218;185.03484;190.32899;174.0528;189.3827;176.70905;164.84834,5.0292688;5.0143876;4.9166356;5.0053238;4.9550194;5.0397662;5.0751956;5.0457888;4.9884711;4.9910309;5.029018;5.0185368;4.9922815;4.9157532;4.9626985;4.9457687;5.0750554,3.175578740410856e-06,6.777351379394531,1.5979273371158342e-07,42980.25743155578,1.0,0.21596151226649077,True,,
68,68,3.0,-0.22911511796441308,edge,circular,2.094202527935293,1.3734129413051497,5.196036533466148,1.0,119.44316007334734,1,,,,False,0.14183023367417913,0.3133847053600539,False,0.36329948826575753,3.9511261180958726,0.6938352365301274,1.434076869788451,ballistic,33.546260953174865,,0.11228703696996986,29.44568637278744,1.612268194430912,3.387652819812579,5.321677405597319,6.295156472606761,0.19420295782298158,0.3643742116219053,0.863056602698273,0.009452258017774717,0.4411309988732289,0.6762306102539059,34.71877572683094,3.0744211565581736,0.06755682878454686,qp_ode,0.05,100.0,4.2708511253181233e-08,100.0,189.158629183088,0.3653506040961306,191.0,5.000000000000001,0.999,independent_lognormal,False,0.0,False,0.0,3.2902420913492607,0.1158781761964879,False,0.0,fixed_device,0,82.42416995427789,127.1141941177528,164.84833990855577,203.3836654723806,101.50256;98.368319;122.40922;100.06464;100.53717;109.06276;100.23991;110.36723;99.731637;93.982418;91.60609;92.517422;127.11419;87.026398;94.691349;88.354524;82.42417,203.00512;182.52986;192.37115;195.26002;201.07434;203.38367;198.15742;194.28489;194.09651;187.96484;183.21218;185.03484;190.32899;174.0528;189.3827;176.70905;164.84834,5.0292688;5.0143876;4.9166356;5.0053238;4.9550194;5.0397662;5.0751956;5.0457888;4.9884711;4.9910309;5.029018;5.0185368;4.9922815;4.9157532;4.9626985;4.9457687;5.0750554,8.693386917002499e-07,20.84567642211914,4.384037666227414e-08,42980.25743155578,1.0,0.19410555483347453,True,,
69,69,0.9396353585587924,-1.3665084504292044,inside,elliptical,2.3476409756429715,0.9587530581740203,6.0464391694675905,1.9988954025434573,1.076904295946799,1,,,,False,0.20887267681595784,0.7530779036742854,False,0.3898313678285389,3.7360002244002883,0.6112562152171095,2.827892894770707,ballistic,39.846250873644884,,0.04473596194629381,62.21125404605917,0.8751204496621506,3.692480973680172,5.113983455138575,8.249099711604442,0.5542183796420163,0.3501730573371836,0.8320773705582011,0.6732488182074348,0.18521193098210087,0.5768935890231492,22.722265192268505,2.9999159877661663,0.05774772626289197,qp_ode,0.05,100.0,3.368232032784672e-08,100.0,189.158629183088,0.48715510778303084,191.0,5.000000000000001,0.999,independent_lognormal,False,0.0,False,0.0,50.94938185461244,0.060480439748695894,False,0.0,fixed_device,0,82.42416995427789,127.1141941177528,164.84833990855577,203.3836654723806,101.50256;98.368319;122.40922;100.06464;100.53717;109.06276;100.23991;110.36723;99.731637;93.982418;91.60609;92.517422;127.11419;87.026398;94.691349;88.354524;82.42417,203.00512;182.52986;192.37115;195.26002;201.07434;203.38367;198.15742;194.28489;194.09651;187.96484;183.21218;185.03484;190.32899;174.0528;189.3827;176.70905;164.84834,5.0292688;5.0143876;4.9166356;5.0053238;4.9550194;5.0397662;5.0751956;5.0457888;4.9884711;4.9910309;5.029018;5.0185368;4.9922815;4.9157532;4.9626985;4.9457687;5.0750554,6.056968118173245e-07,27.284963607788086,3.032734952057581e-08,42980.25743155578,1.0,0.19153737068339433,True,,
70,70,1.2676253134390993,-1.4832926849205936,inside,circular,2.476363511024108,1.2585132565626191,2.666082144531016,1.0,15.499733793885733,1,,,,False,0.23167444825237515,0.7036198285784838,False,0.11842014542132112,3.08777624495984,0.5700728548705525,1.8348135438922322,ballistic,20.31331326597448,,0.09220439063992752,56.58954247347228,1.609357412654635,2.4878962752204394,5.312915621972923,8.203625004829314,0.35654181467848106,0.20824675372165938,0.8392005523865409,0.32218372933085937,0.21007368306437163,0.7984552849316372,27.42205727027738,3.2955811771797787,0.051689693842810955,qp_ode,0.05,100.0,1.9295605010052814e-07,100.0,189.158629183088,1.9046901223368393,191.0,5.000000000000001,0.999,independent_lognormal,False,0.0,False,0.0,85.75886766355649,0.13909055663669795,False,0.0,fixed_device,0,82.42416995427789,127.1141941177528,164.84833990855577,203.3836654723806,101.50256;98.368319;122.40922;100.06464;100.53717;109.06276;100.23991;110.36723;99.731637;93.982418;91.60609;92.517422;127.11419;87.026398;94.691349;88.354524;82.42417,203.00512;182.52986;192.37115;195.26002;201.07434;203.38367;198.15742;194.28489;194.09651;187.96484;183.21218;185.03484;190.32899;174.0528;189.3827;176.70905;164.84834,5.0292688;5.0143876;4.9166356;5.0053238;4.9550194;5.0397662;5.0751956;5.0457888;4.9884711;4.9910309;5.029018;5.0185368;4.9922815;4.9157532;4.9626985;4.9457687;5.0750554,3.830581135844113e-06,5.709921836853027,1.9302805753795838e-07,42980.25743155578,1.0,0.33422166351896626,True,,
71,71,-1.5327049803739403,0.9863314295914973,inside,elliptical,2.2364520217838355,0.9660652844975238,7.562110207556792,1.14849796525613,65.55248566845958,1,,,,False,0.28356088160954035,0.09668447872723374,False,0.2625255068141862,3.5330272249516104,0.762242772923654,1.57123505514205,diffusive,,11.429018138217781,0.04121340428916204,22.112664034754204,0.8440100472308452,2.717049547837104,6.451758437904732,9.65228230529041,0.5433851905430523,0.2730605038275963,0.8773240614653702,0.6331070136547455,0.3043171640016338,1.007951253550257,20.400596837207328,3.303231365144943,0.035735806447338966,qp_ode,0.05,100.0,1.5154233814296754e-07,100.0,189.158629183088,1.2952197607994667,191.0,5.000000000000001,0.999,independent_lognormal,False,0.0,False,0.0,4.104392751840858,0.09403053925788322,False,0.0,fixed_device,0,82.42416995427789,127.1141941177528,164.84833990855577,203.3836654723806,101.50256;98.368319;122.40922;100.06464;100.53717;109.06276;100.23991;110.36723;99.731637;93.982418;91.60609;92.517422;127.11419;87.026398;94.691349;88.354524;82.42417,203.00512;182.52986;192.37115;195.26002;201.07434;203.38367;198.15742;194.28489;194.09651;187.96484;183.21218;185.03484;190.32899;174.0528;189.3827;176.70905;164.84834,5.0292688;5.0143876;4.9166356;5.0053238;4.9550194;5.0397662;5.0751956;5.0457888;4.9884711;4.9910309;5.029018;5.0185368;4.9922815;4.9157532;4.9626985;4.9457687;5.0750554,3.3392361729056574e-06,6.610304832458496,1.6816444770029193e-07,42980.25743155578,1.0,0.25538524922900085,True,,
72,72,-2.100051781509399,2.274243999447674,inside,circular,1.888185045886425,1.552923058864872,9.868977194240763,1.0,144.35766935471975,1,,,,False,0.19386205490117103,0.05008173727043441,False,0.2441246332600719,2.6078150356103524,0.9443442457608844,2.472832881234713,diffusive,,8.639740749692685,0.026408029417869388,57.168014128923645,0.8717196631050075,2.268972070991947,5.72974372149851,9.629835968569893,0.5167967121923213,0.42925768798009645,0.9670771740817782,0.28609846403143024,0.11562687470753005,0.9768554877906537,31.769925444140114,3.284365318520289,0.06474027769897477,qp_ode,0.05,100.0,2.732836710597522e-07,100.0,189.158629183088,0.7835874262802167,191.0,5.000000000000001,0.999,independent_lognormal,False,0.0,False,0.0,4.264535332496168,0.06754263567514227,False,0.0,fixed_device,0,82.42416995427789,127.1141941177528,164.84833990855577,203.3836654723806,101.50256;98.368319;122.40922;100.06464;100.53717;109.06276;100.23991;110.36723;99.731637;93.982418;91.60609;92.517422;127.11419;87.026398;94.691349;88.354524;82.42417,203.00512;182.52986;192.37115;195.26002;201.07434;203.38367;198.15742;194.28489;194.09651;187.96484;183.21218;185.03484;190.32899;174.0528;189.3827;176.70905;164.84834,5.0292688;5.0143876;4.9166356;5.0053238;4.9550194;5.0397662;5.0751956;5.0457888;4.9884711;4.9910309;5.029018;5.0185368;4.9922815;4.9157532;4.9626985;4.9457687;5.0750554,6.391723218257539e-06,3.49603271484375,3.2377479897149897e-07,42980.25743155578,1.0,0.23194660099732983,True,,
73,73,1.8455743438913057,0.4385636310316161,inside,elliptical,2.4490589122104613,1.4886624302909608,2.3954150375135406,1.194836093878647,5.92152478665823,1,,,,False,0.29622270066032413,0.26428187827281135,False,0.17898610894943068,1.7806315645394957,0.5176521049619166,1.110118850370096,diffusive,,10.988116799596042,0.030178081748068866,25.426383130347077,0.47439773329561813,2.277070996268093,5.05896682805298,9.25204924357184,0.442198224298052,0.36774306869657136,0.9192097693637076,0.6699750033473472,0.4627145941432675,0.6218268545324009,21.311857892376022,3.2239506723766342,0.04869488969974116,qp_ode,0.05,100.0,6.804898457813884e-08,100.0,189.158629183088,1.990631254946754,191.0,5.000000000000001,0.999,independent_lognormal,False,0.0,False,0.0,3.0732430790718963,0.0640548026948932,False,0.0,fixed_device,0,82.42416995427789,127.1141941177528,164.84833990855577,203.3836654723806,101.50256;98.368319;122.40922;100.06464;100.53717;109.06276;100.23991;110.36723;99.731637;93.982418;91.60609;92.517422;127.11419;87.026398;94.691349;88.354524;82.42417,203.00512;182.52986;192.37115;195.26002;201.07434;203.38367;198.15742;194.28489;194.09651;187.96484;183.21218;185.03484;190.32899;174.0528;189.3827;176.70905;164.84834,5.0292688;5.0143876;4.9166356;5.0053238;4.9550194;5.0397662;5.0751956;5.0457888;4.9884711;4.9910309;5.029018;5.0185368;4.9922815;4.9157532;4.9626985;4.9457687;5.0750554,1.6111588365674834e-06,12.570611000061035,8.101852699837764e-08,42980.25743155578,1.0,0.23533742685250392,True,,
74,74,3.694270934871472,-1.782965863145459,outside,elliptical,2.3710788893151955,1.1966461619577675,7.23858116959481,1.4672229138650912,87.12972943667168,1,,,,False,0.3716134907859375,0.04610942329700207,False,0.21403126110589146,2.654260199069212,0.7116317052121206,2.205085493098692,diffusive,,14.511409689700633,0.07764911803656932,7.1633373137368395,0.9131013473817637,2.551728166186261,6.339101013695305,5.979029931927378,0.23266006547539145,0.4927149920947689,0.847345668778794,0.7157386275861382,0.4356291002716195,1.0383778478871257,20.28561921132741,2.9346106091847117,0.0330572709015214,qp_ode,0.05,100.0,1.5818237179832975e-07,100.0,189.158629183088,0.5491816443002373,191.0,5.000000000000001,0.999,independent_lognormal,False,0.0,False,0.0,7.175185875351757,0.08712625739731156,False,0.0,fixed_device,0,82.42416995427789,127.1141941177528,164.84833990855577,203.3836654723806,101.50256;98.368319;122.40922;100.06464;100.53717;109.06276;100.23991;110.36723;99.731637;93.982418;91.60609;92.517422;127.11419;87.026398;94.691349;88.354524;82.42417,203.00512;182.52986;192.37115;195.26002;201.07434;203.38367;198.15742;194.28489;194.09651;187.96484;183.21218;185.03484;190.32899;174.0528;189.3827;176.70905;164.84834,5.0292688;5.0143876;4.9166356;5.0053238;4.9550194;5.0397662;5.0751956;5.0457888;4.9884711;4.9910309;5.029018;5.0185368;4.9922815;4.9157532;4.9626985;4.9457687;5.0750554,2.015535073951469e-06,10.2889404296875,1.018735389379799e-07,42980.25743155578,1.0,0.18017339744011454,True,,
75,75,-0.29928896827124785,2.672470802755841,inside,elliptical,2.295146991706222,0.9938417696180827,3.8003318646267195,1.0445768491829737,17.743882956872348,1,,,,False,0.320446938299513,0.8247477370497592,False,0.2719460156116929,2.0073950755041783,1.0914716709461372,1.7676891639355847,diffusive,,5.965241366010465,0.05915049955447993,51.06190891767181,0.5437028442008796,2.457575521187226,4.277235376003317,5.405701919795759,0.30923847680383065,0.22828015445312644,0.9844188187808143,0.7512221486636157,0.22374378756091867,0.8213507401549709,20.07768721920422,3.0308866803866104,0.004138157940810787,qp_ode,0.05,100.0,2.7566958840131745e-07,100.0,189.158629183088,1.0997888242751896,191.0,5.000000000000001,0.999,independent_lognormal,False,0.0,False,0.0,38.07098134325766,0.12174488128830424,False,0.0,fixed_device,0,82.42416995427789,127.1141941177528,164.84833990855577,203.3836654723806,101.50256;98.368319;122.40922;100.06464;100.53717;109.06276;100.23991;110.36723;99.731637;93.982418;91.60609;92.517422;127.11419;87.026398;94.691349;88.354524;82.42417,203.00512;182.52986;192.37115;195.26002;201.07434;203.38367;198.15742;194.28489;194.09651;187.96484;183.21218;185.03484;190.32899;174.0528;189.3827;176.70905;164.84834,5.0292688;5.0143876;4.9166356;5.0053238;4.9550194;5.0397662;5.0751956;5.0457888;4.9884711;4.9910309;5.029018;5.0185368;4.9922815;4.9157532;4.9626985;4.9457687;5.0750554,6.623338322242489e-06,3.4041597843170166,3.355835360707715e-07,42980.25743155578,1.0,0.2301791173926595,True,,
76,76,0.26562495579942835,1.3126084773314721,inside,elliptical,2.2740975009445137,1.2589613632829166,3.549833871151905,1.947869880582141,16.709329555508575,1,,,,False,0.21924755520870204,0.281207596550346,False,0.34785421906889985,2.542547146893698,0.8677450297547172,1.6313975816033817,ballistic,19.26923962876481,,0.09186856124418306,29.781278114474688,0.5312179376281727,2.3804570806134793,3.5797393856999506,6.675952281284397,0.48533180040881263,0.22878137039200555,0.8834799066536076,0.09097609356754646,0.37840039503265127,0.7545317637781928,20.226714710051613,3.133200462357873,0.011299988981110261,qp_ode,0.05,100.0,1.531246069309873e-07,100.0,189.158629183088,0.5696279893800182,191.0,5.000000000000001,0.999,independent_lognormal,False,0.0,False,0.0,46.29238333445797,0.05443328812877403,False,0.0,fixed_device,0,82.42416995427789,127.1141941177528,164.84833990855577,203.3836654723806,101.50256;98.368319;122.40922;100.06464;100.53717;109.06276;100.23991;110.36723;99.731637;93.982418;91.60609;92.517422;127.11419;87.026398;94.691349;88.354524;82.42417,203.00512;182.52986;192.37115;195.26002;201.07434;203.38367;198.15742;194.28489;194.09651;187.96484;183.21218;185.03484;190.32899;174.0528;189.3827;176.70905;164.84834,5.0292688;5.0143876;4.9166356;5.0053238;4.9550194;5.0397662;5.0751956;5.0457888;4.9884711;4.9910309;5.029018;5.0185368;4.9922815;4.9157532;4.9626985;4.9457687;5.0750554,2.440860498609254e-06,8.654325485229492,1.227865453756749e-07,42980.25743155578,1.0,0.21286722024458815,True,,
77,77,1.6912719827855822,-3.9306647712340292,outside,circular,1.920242712769445,0.8579645380959324,9.656632523301608,1.0,158.6972754757938,1,,,,False,0.3630530875084334,0.5954875323708401,False,0.28217684469507304,3.47139457347186,0.5357400742861137,2.1515523674425943,diffusive,,9.203244609314083,0.1097682528063357,47.54898407975343,0.7121275492294225,2.3613219758078,4.944095754167502,9.710018322915548,0.2197385341152591,0.2729130305899713,0.8709408550514671,0.30283275830011347,0.15459253778267165,0.74063189342896,27.44947619053795,2.950189156092516,0.06562064965764457,qp_ode,0.05,100.0,2.163757822749092e-07,100.0,189.158629183088,1.389700423627805,191.0,5.000000000000001,0.999,independent_lognormal,False,0.0,False,0.0,9.325915230161458,0.06209632719624858,False,0.0,fixed_device,0,82.42416995427789,127.1141941177528,164.84833990855577,203.3836654723806,101.50256;98.368319;122.40922;100.06464;100.53717;109.06276;100.23991;110.36723;99.731637;93.982418;91.60609;92.517422;127.11419;87.026398;94.691349;88.354524;82.42417,203.00512;182.52986;192.37115;195.26002;201.07434;203.38367;198.15742;194.28489;194.09651;187.96484;183.21218;185.03484;190.32899;174.0528;189.3827;176.70905;164.84834,5.0292688;5.0143876;4.9166356;5.0053238;4.9550194;5.0397662;5.0751956;5.0457888;4.9884711;4.9910309;5.029018;5.0185368;4.9922815;4.9157532;4.9626985;4.9457687;5.0750554,1.9157553197146626e-06,10.825095176696777,9.618767649044457e-08,42980.25743155578,1.0,0.19125165898803315,True,,
78,78,3.0,1.3968524952006423,edge,circular,2.2709473276284076,1.3818011689212293,2.498049154423483,1.0,83.54748283675451,1,,,,False,0.05296875882474097,0.12799341250183993,False,0.29136313461989183,2.7683372561844957,1.1219877639104268,2.6891011609993445,diffusive,,15.019423513352304,0.11023836462260442,13.813590665299804,1.6742672788195172,3.147078051225031,5.118185327890277,5.955908890527391,0.5773324170435372,0.18713082534620684,0.8956443663026578,0.4127538048041755,0.17853381983169203,0.8037407096138329,20.416853880130663,2.8272648821342394,0.0097954253613747,qp_ode,0.05,100.0,2.3229370146007884e-07,100.0,189.158629183088,1.3572447585427145,191.0,5.000000000000001,0.999,independent_lognormal,False,0.0,False,0.0,25.220236501282947,0.061698047998110475,False,0.0,fixed_device,0,82.42416995427789,127.1141941177528,164.84833990855577,203.3836654723806,101.50256;98.368319;122.40922;100.06464;100.53717;109.06276;100.23991;110.36723;99.731637;93.982418;91.60609;92.517422;127.11419;87.026398;94.691349;88.354524;82.42417,203.00512;182.52986;192.37115;195.26002;201.07434;203.38367;198.15742;194.28489;194.09651;187.96484;183.21218;185.03484;190.32899;174.0528;189.3827;176.70905;164.84834,5.0292688;5.0143876;4.9166356;5.0053238;4.9550194;5.0397662;5.0751956;5.0457888;4.9884711;4.9910309;5.029018;5.0185368;4.9922815;4.9157532;4.9626985;4.9457687;5.0750554,4.744980287796352e-06,4.678703784942627,2.395545379840769e-07,42980.25743155578,1.0,0.2284860663246637,True,,
79,79,1.7243948287029678,-2.1283118469460636,inside,circular,1.7638466786739853,1.3382562220026968,7.214968404107873,1.0,179.59696831829552,1,,,,False,0.1793840264817746,0.006306474037194421,False,0.16847044526967547,2.1911249242998414,0.7331950435178064,1.2583825549815917,diffusive,,5.903776520223531,0.09084712756718999,33.78063310182788,0.9235681007219889,2.3247031090929005,4.45656048119578,8.04456865958333,0.28767308448165907,0.15895169275663715,0.8471247853381654,0.2287871803128521,0.3429527112708445,0.8551614748739198,34.8095136629214,2.830619429108927,0.046256277865617576,qp_ode,0.05,100.0,2.04067576722387e-07,100.0,189.158629183088,1.508890460781653,191.0,5.000000000000001,0.999,independent_lognormal,False,0.0,False,0.0,35.46209653744814,0.10572222633412857,False,0.0,fixed_device,0,82.42416995427789,127.1141941177528,164.84833990855577,203.3836654723806,101.50256;98.368319;122.40922;100.06464;100.53717;109.06276;100.23991;110.36723;99.731637;93.982418;91.60609;92.517422;127.11419;87.026398;94.691349;88.354524;82.42417,203.00512;182.52986;192.37115;195.26002;201.07434;203.38367;198.15742;194.28489;194.09651;187.96484;183.21218;185.03484;190.32899;174.0528;189.3827;176.70905;164.84834,5.0292688;5.0143876;4.9166356;5.0053238;4.9550194;5.0397662;5.0751956;5.0457888;4.9884711;4.9910309;5.029018;5.0185368;4.9922815;4.9157532;4.9626985;4.9457687;5.0750554,2.373715233261464e-06,8.883142471313477,1.2046874076077074e-07,42980.25743155578,1.0,0.19713802386224422,True,,
80,80,0.5711715031337787,-1.3187622212867356,inside,circular,1.9225996113768915,1.3411409274025328,2.070924226607266,1.0,36.65594521833495,1,,,,False,0.265622775668948,0.304977074086065,False,0.3711119003454201,3.619209624460706,0.9268953750628974,2.862023425644733,diffusive,,12.70601916496453,0.11358695437263491,18.183500131462196,1.741959283654046,3.441468782713228,6.088845971782191,8.862603857792829,0.39616895608901725,0.3667645624943978,0.8337231990934383,0.46164617019750853,0.10473963199994307,1.091145606773346,21.165351819861964,3.313991378462275,0.04789292147304283,qp_ode,0.05,100.0,1.3507272218558357e-07,100.0,189.158629183088,0.5198767791845258,191.0,5.000000000000001,0.999,independent_lognormal,False,0.0,False,0.0,52.90208496932314,0.11437149760259802,False,0.0,fixed_device,0,82.42416995427789,127.1141941177528,164.84833990855577,203.3836654723806,101.50256;98.368319;122.40922;100.06464;100.53717;109.06276;100.23991;110.36723;99.731637;93.982418;91.60609;92.517422;127.11419;87.026398;94.691349;88.354524;82.42417,203.00512;182.52986;192.37115;195.26002;201.07434;203.38367;198.15742;194.28489;194.09651;187.96484;183.21218;185.03484;190.32899;174.0528;189.3827;176.70905;164.84834,5.0292688;5.0143876;4.9166356;5.0053238;4.9550194;5.0397662;5.0751956;5.0457888;4.9884711;4.9910309;5.029018;5.0185368;4.9922815;4.9157532;4.9626985;4.9457687;5.0750554,2.5357387585245306e-06,8.348607063293457,1.2746974675792444e-07,42980.25743155578,1.0,0.21958017674562158,True,,
81,81,-2.6632891139637778,2.4575480508350855,inside,circular,2.064757197144637,1.4198443976094763,3.781377339480902,1.0,128.0740684641965,1,,,,False,0.05672299094992991,0.8021874874450643,False,0.21382826218478657,2.363096414665219,0.9196179221157175,2.43101791131945,diffusive,,17.533352366819756,0.11998883566234825,40.17641647227231,0.9835283775913013,2.420945572792633,6.267735791505325,6.50283852090931,0.5745249265845084,0.13246285341173875,0.8519241826496751,0.43641470514014485,0.2591881621486983,1.0931836595923845,26.70104091763694,2.985350332779977,0.001727721646214704,qp_ode,0.05,100.0,9.874191981628033e-08,100.0,189.158629183088,0.8110671758154386,191.0,5.000000000000001,0.999,independent_lognormal,False,0.0,False,0.0,16.34095064477741,0.1360169382024965,False,0.0,fixed_device,0,82.42416995427789,127.1141941177528,164.84833990855577,203.3836654723806,101.50256;98.368319;122.40922;100.06464;100.53717;109.06276;100.23991;110.36723;99.731637;93.982418;91.60609;92.517422;127.11419;87.026398;94.691349;88.354524;82.42417,203.00512;182.52986;192.37115;195.26002;201.07434;203.38367;198.15742;194.28489;194.09651;187.96484;183.21218;185.03484;190.32899;174.0528;189.3827;176.70905;164.84834,5.0292688;5.0143876;4.9166356;5.0053238;4.9550194;5.0397662;5.0751956;5.0457888;4.9884711;4.9910309;5.029018;5.0185368;4.9922815;4.9157532;4.9626985;4.9457687;5.0750554,2.780586555672926e-06,7.646764755249023,1.398774145400239e-07,42980.25743155578,1.0,0.19622767142207403,True,,
82,82,0.8899159080379437,-1.321682357618785,inside,elliptical,2.4027408956823266,1.5173592220576628,4.260353601153328,2.1786577394733926,74.89076468828523,1,,,,False,0.12149156017079936,0.051617777059368986,False,0.1753615849729157,1.5986018118003784,0.5432840086995528,2.545273932314112,diffusive,,13.171714864263494,0.02171180329258398,30.829449386092776,1.6005551595672851,2.9963979265674667,3.894815387707615,9.092238582379123,0.2748407096992437,0.1850206438274119,0.8287796324778769,0.6174718101815599,0.1250516655130729,0.881862718819115,33.45033010425354,3.289293536185745,0.07092698389769735,qp_ode,0.05,100.0,2.2522768968213982e-07,100.0,189.158629183088,0.5849755905455144,191.0,5.000000000000001,0.999,independent_lognormal,False,0.0,False,0.0,10.542880897893687,0.08786668086807634,False,0.0,fixed_device,0,82.42416995427789,127.1141941177528,164.84833990855577,203.3836654723806,101.50256;98.368319;122.40922;100.06464;100.53717;109.06276;100.23991;110.36723;99.731637;93.982418;91.60609;92.517422;127.11419;87.026398;94.691349;88.354524;82.42417,203.00512;182.52986;192.37115;195.26002;201.07434;203.38367;198.15742;194.28489;194.09651;187.96484;183.21218;185.03484;190.32899;174.0528;189.3827;176.70905;164.84834,5.0292688;5.0143876;4.9166356;5.0053238;4.9550194;5.0397662;5.0751956;5.0457888;4.9884711;4.9910309;5.029018;5.0185368;4.9922815;4.9157532;4.9626985;4.9457687;5.0750554,6.721236786688678e-06,3.3415298461914062,3.4102393442481116e-07,42980.25743155578,1.0,0.2326380890549331,True,,
83,83,0.5180646432375546,1.8192910785730936,inside,elliptical,2.357779211126675,1.2365555584014163,7.117580958782562,2.1529157319878864,160.39620070427645,1,,,,False,0.3206893114768302,0.2004427217469289,False,0.2260928631244946,3.2367686265172257,1.2432088782671982,2.3798572922170385,ballistic,34.486172830168414,,0.0445670591459259,11.566165810293976,0.9960253658100563,3.427549622165961,3.51039953366379,5.9405840070339195,0.3278232197281993,0.4664695136046789,0.8548748332846642,0.4503524589398749,0.340193552218188,0.6186097133036167,27.089729371313094,3.225292914248328,0.06465830307932734,qp_ode,0.05,100.0,7.807853173800235e-08,100.0,189.158629183088,1.6729939724947716,191.0,5.000000000000001,0.999,independent_lognormal,False,0.0,False,0.0,26.197314894575836,0.09233168365095754,False,0.0,fixed_device,0,82.42416995427789,127.1141941177528,164.84833990855577,203.3836654723806,101.50256;98.368319;122.40922;100.06464;100.53717;109.06276;100.23991;110.36723;99.731637;93.982418;91.60609;92.517422;127.11419;87.026398;94.691349;88.354524;82.42417,203.00512;182.52986;192.37115;195.26002;201.07434;203.38367;198.15742;194.28489;194.09651;187.96484;183.21218;185.03484;190.32899;174.0528;189.3827;176.70905;164.84834,5.0292688;5.0143876;4.9166356;5.0053238;4.9550194;5.0397662;5.0751956;5.0457888;4.9884711;4.9910309;5.029018;5.0185368;4.9922815;4.9157532;4.9626985;4.9457687;5.0750554,1.7391047322234954e-06,11.436504364013672,8.741307055970537e-08,42980.25743155578,1.0,0.22774255268191382,True,,
84,84,-2.0139422252411383,-0.04811592952027555,inside,elliptical,1.7328642702090946,1.4493122755411694,2.8414177063310566,1.7149027576549325,137.55834558006467,1,,,,False,0.18194145799916472,0.002816708635364207,False,0.3410343829520669,2.8267985281948356,0.838728506060358,1.3361769039708082,diffusive,,13.14052127540528,0.032495669157828914,50.16919139660995,1.1395531180784348,3.032897223067595,5.844460070542857,7.923935658461775,0.26327881419847454,0.36151879739920223,0.8913578897526108,0.1998208778539283,0.4912910113768735,0.7394204574367678,24.7899911722675,2.9983127989019587,0.004072598600947898,qp_ode,0.05,100.0,1.9511618890279257e-08,100.0,189.158629183088,1.4957341015214853,191.0,5.000000000000001,0.999,independent_lognormal,False,0.0,False,0.0,5.47804620885098,0.071436282432732,False,0.0,fixed_device,0,82.42416995427789,127.1141941177528,164.84833990855577,203.3836654723806,101.50256;98.368319;122.40922;100.06464;100.53717;109.06276;100.23991;110.36723;99.731637;93.982418;91.60609;92.517422;127.11419;87.026398;94.691349;88.354524;82.42417,203.00512;182.52986;192.37115;195.26002;201.07434;203.38367;198.15742;194.28489;194.09651;187.96484;183.21218;185.03484;190.32899;174.0528;189.3827;176.70905;164.84834,5.0292688;5.0143876;4.9166356;5.0053238;4.9550194;5.0397662;5.0751956;5.0457888;4.9884711;4.9910309;5.029018;5.0185368;4.9922815;4.9157532;4.9626985;4.9457687;5.0750554,3.870421778628952e-07,37.684730529785156,1.945774563694158e-08,42980.25743155578,1.0,0.18583005880456874,True,,
85,85,3.0,-2.19530816118562,edge,elliptical,2.3288569195308275,1.4640540122165517,7.341459251658686,1.2122621498208308,102.60881882419079,1,,,,False,0.1774421306486927,0.8228570463582995,False,0.2997013557361815,3.5638696554637095,1.1552725791193454,1.2284230534841665,ballistic,23.422201750991103,,0.1025704881981956,54.234308497514135,1.5584397609097937,3.264092703146564,5.859417738042714,9.08360911932322,0.2575850380628647,0.40986742364636364,0.8281741525106523,0.6519752016943248,0.3726723750409187,0.9829136583240801,34.707817739980484,3.3811524015488197,0.0042270761432074,qp_ode,0.05,100.0,1.0372078171700699e-07,100.0,189.158629183088,0.5912568830680701,191.0,5.000000000000001,0.999,independent_lognormal,False,0.0,False,0.0,4.035925971877498,0.10687501210995774,False,0.0,fixed_device,0,82.42416995427789,127.1141941177528,164.84833990855577,203.3836654723806,101.50256;98.368319;122.40922;100.06464;100.53717;109.06276;100.23991;110.36723;99.731637;93.982418;91.60609;92.517422;127.11419;87.026398;94.691349;88.354524;82.42417,203.00512;182.52986;192.37115;195.26002;201.07434;203.38367;198.15742;194.28489;194.09651;187.96484;183.21218;185.03484;190.32899;174.0528;189.3827;176.70905;164.84834,5.0292688;5.0143876;4.9166356;5.0053238;4.9550194;5.0397662;5.0751956;5.0457888;4.9884711;4.9910309;5.029018;5.0185368;4.9922815;4.9157532;4.9626985;4.9457687;5.0750554,1.6335201280526235e-06,12.421103477478027,8.1950204844361e-08,42980.25743155578,1.0,0.2196251729513815,True,,
86,86,2.6432167060822813,-0.5602222202229212,inside,elliptical,2.4989628362122547,1.2173230162805577,9.650851373418616,2.043935644804149,126.4247200674439,1,,,,False,0.2156742393164835,0.5718932109622087,False,0.3860476742535204,2.492503574420846,0.9549654587111719,1.917231701715745,ballistic,15.579137047713779,,0.05409460279894954,6.396400052917244,1.7396283076259933,2.9844472751430704,4.836246612053646,6.972211453014479,0.4859889050845446,0.2685844271848044,0.9994165855020143,0.5118691391955158,0.45389630072507803,0.9754705765547661,24.34592457078537,3.285088284153338,0.03698630262379449,qp_ode,0.05,100.0,1.362899390033991e-07,100.0,189.158629183088,1.5574992834708135,191.0,5.000000000000001,0.999,independent_lognormal,False,0.0,False,0.0,52.14559541548419,0.08216873459553467,False,0.0,fixed_device,0,82.42416995427789,127.1141941177528,164.84833990855577,203.3836654723806,101.50256;98.368319;122.40922;100.06464;100.53717;109.06276;100.23991;110.36723;99.731637;93.982418;91.60609;92.517422;127.11419;87.026398;94.691349;88.354524;82.42417,203.00512;182.52986;192.37115;195.26002;201.07434;203.38367;198.15742;194.28489;194.09651;187.96484;183.21218;185.03484;190.32899;174.0528;189.3827;176.70905;164.84834,5.0292688;5.0143876;4.9166356;5.0053238;4.9550194;5.0397662;5.0751956;5.0457888;4.9884711;4.9910309;5.029018;5.0185368;4.9922815;4.9157532;4.9626985;4.9457687;5.0750554,2.7640312509902287e-06,7.756688117980957,1.3928548980857158e-07,42980.25743155578,1.0,0.2713138407274147,True,,
87,87,-0.11197797436682766,2.897672303060162,inside,elliptical,1.8802251397840226,1.418604086078242,5.670225171961315,2.2143940885886115,152.716696624515,1,,,,False,0.31093825984986123,0.40408778057251227,False,0.33562277519467154,3.8963519121885644,0.7147723544073761,2.709080535382437,ballistic,15.435234764894913,,0.08018669266506369,43.45651422064413,1.0544707797080708,3.3609069423909825,6.345765582887953,8.388513698120963,0.15079160760690546,0.49374139573802467,0.9401992682135123,0.14645344475540273,0.3021249769637508,0.8827186039561452,32.60693536430876,3.3042936250185773,0.010914357302924813,qp_ode,0.05,100.0,2.5084662668024447e-07,100.0,189.158629183088,1.6977641779017703,191.0,5.000000000000001,0.999,independent_lognormal,False,0.0,False,0.0,3.5283743199324324,0.05712910692149592,False,0.0,fixed_device,0,82.42416995427789,127.1141941177528,164.84833990855577,203.3836654723806,101.50256;98.368319;122.40922;100.06464;100.53717;109.06276;100.23991;110.36723;99.731637;93.982418;91.60609;92.517422;127.11419;87.026398;94.691349;88.354524;82.42417,203.00512;182.52986;192.37115;195.26002;201.07434;203.38367;198.15742;194.28489;194.09651;187.96484;183.21218;185.03484;190.32899;174.0528;189.3827;176.70905;164.84834,5.0292688;5.0143876;4.9166356;5.0053238;4.9550194;5.0397662;5.0751956;5.0457888;4.9884711;4.9910309;5.029018;5.0185368;4.9922815;4.9157532;4.9626985;4.9457687;5.0750554,4.957594228471862e-06,4.488954067230225,2.505653924345097e-07,42980.25743155578,1.0,0.336932781125387,True,,
88,88,0.39042200448511233,3.0,edge,elliptical,2.355103575445037,0.914073893277078,3.3945383593958223,1.3561057287983123,155.6468735208927,1,,,,False,0.319408598405527,0.8324279897066971,False,0.34848350784001125,3.621465809816593,0.7723097475992524,2.7556793895540452,ballistic,16.663503028285728,,0.06454127146186564,32.1141156396306,0.863792849156239,2.2233611500324746,4.21486196698383,8.43477217552541,0.5483552669896298,0.23910932357184836,0.9355117031301109,0.17651748954914634,0.35960319148482733,0.6754276169165601,31.695673135416037,2.971996351972569,0.04802797167151208,qp_ode,0.05,100.0,1.2862866485378328e-07,100.0,189.158629183088,0.29884494632653025,191.0,5.000000000000001,0.999,independent_lognormal,False,0.0,False,0.0,64.2374063884224,0.07262356924455571,False,0.0,fixed_device,0,82.42416995427789,127.1141941177528,164.84833990855577,203.3836654723806,101.50256;98.368319;122.40922;100.06464;100.53717;109.06276;100.23991;110.36723;99.731637;93.982418;91.60609;92.517422;127.11419;87.026398;94.691349;88.354524;82.42417,203.00512;182.52986;192.37115;195.26002;201.07434;203.38367;198.15742;194.28489;194.09651;187.96484;183.21218;185.03484;190.32899;174.0528;189.3827;176.70905;164.84834,5.0292688;5.0143876;4.9166356;5.0053238;4.9550194;5.0397662;5.0751956;5.0457888;4.9884711;4.9910309;5.029018;5.0185368;4.9922815;4.9157532;4.9626985;4.9457687;5.0750554,4.709465883934172e-06,4.628295421600342,2.377743157921941e-07,42980.25743155578,1.0,0.18799586209541605,True,,
89,89,1.7388118657556584,2.231286514478244,inside,circular,2.3158861366329506,1.1999321907235916,5.264791031665924,1.0,2.7769492949950325,1,,,,False,0.07681993164301554,0.3035832445359673,False,0.10421844099953825,1.78970622704918,1.0960969121653437,1.8245170340449588,ballistic,21.94673659859734,,0.08252449075063788,78.99498345053003,0.4655445620078096,2.292480681103704,4.162058340222506,6.361055903031656,0.32291098646738325,0.11902223006289728,0.8278469565319911,0.1903531130462989,0.2915919348716326,0.9858899276441777,26.74017826868241,2.8322771773327022,0.06105069055181734,qp_ode,0.05,100.0,6.928947519089797e-08,100.0,189.158629183088,1.1400122587011718,191.0,5.000000000000001,0.999,independent_lognormal,False,0.0,False,0.0,7.675268605105529,0.07916612353406817,False,0.0,fixed_device,0,82.42416995427789,127.1141941177528,164.84833990855577,203.3836654723806,101.50256;98.368319;122.40922;100.06464;100.53717;109.06276;100.23991;110.36723;99.731637;93.982418;91.60609;92.517422;127.11419;87.026398;94.691349;88.354524;82.42417,203.00512;182.52986;192.37115;195.26002;201.07434;203.38367;198.15742;194.28489;194.09651;187.96484;183.21218;185.03484;190.32899;174.0528;189.3827;176.70905;164.84834,5.0292688;5.0143876;4.9166356;5.0053238;4.9550194;5.0397662;5.0751956;5.0457888;4.9884711;4.9910309;5.029018;5.0185368;4.9922815;4.9157532;4.9626985;4.9457687;5.0750554,1.420225203219161e-06,14.084741592407227,7.122151401972587e-08,42980.25743155578,1.0,0.19004656738769365,True,,
90,90,2.865581400534941,2.2711779933105625,inside,elliptical,1.7861077631480926,1.2311581584882467,2.230670300266155,2.072206519243199,90.78034217742542,1,,,,False,0.32828120512809605,0.8450353388014601,False,0.3234723212630859,3.445601225712693,1.2518451006667604,2.197998571653522,diffusive,,16.06086888395003,0.10016615842164611,51.64790014802526,1.5408686159428586,2.639966688870677,5.022728914740742,8.905596664612771,0.26902514006635364,0.30763258172346464,0.8184736986322928,0.5985707166660558,0.13954601583006415,0.8066988285107883,21.62549172350153,2.9394890807603513,0.005653918970004339,qp_ode,0.05,100.0,2.34849603171137e-07,100.0,189.158629183088,0.9678848077512043,191.0,5.000000000000001,0.999,independent_lognormal,False,0.0,False,0.0,4.623165750462254,0.0975785133453839,False,0.0,fixed_device,0,82.42416995427789,127.1141941177528,164.84833990855577,203.3836654723806,101.50256;98.368319;122.40922;100.06464;100.53717;109.06276;100.23991;110.36723;99.731637;93.982418;91.60609;92.517422;127.11419;87.026398;94.691349;88.354524;82.42417,203.00512;182.52986;192.37115;195.26002;201.07434;203.38367;198.15742;194.28489;194.09651;187.96484;183.21218;185.03484;190.32899;174.0528;189.3827;176.70905;164.84834,5.0292688;5.0143876;4.9166356;5.0053238;4.9550194;5.0397662;5.0751956;5.0457888;4.9884711;4.9910309;5.029018;5.0185368;4.9922815;4.9157532;4.9626985;4.9457687;5.0750554,4.011300006823149e-06,5.470784664154053,2.0231678377058415e-07,42980.25743155578,1.0,0.2055844583546884,True,,
91,91,-0.14192751441652485,-2.677936592518244,inside,circular,1.8999205280108553,1.0695826308216176,8.529049497753782,1.0,63.38072418800199,1,,,,False,0.24038119919185996,0.399865847797474,False,0.2359700183144409,1.6728381735896596,0.8319720212204056,2.726078129644132,diffusive,,9.034225591466981,0.11262148142161864,37.08545879506589,1.2415098169050636,2.307924541443495,4.654812882160951,8.616648606337835,0.5767314987088624,0.4627507178717676,0.9383395077897158,0.4182872222205415,0.3917126402780487,0.5690244801910279,33.96587356512746,2.868108074753005,0.0448286569151197,qp_ode,0.05,100.0,2.4034669510046815e-07,100.0,189.158629183088,1.9897849584524068,191.0,5.000000000000001,0.999,independent_lognormal,False,0.0,False,0.0,15.691429717454334,0.13877060501569677,False,0.0,fixed_device,0,82.42416995427789,127.1141941177528,164.84833990855577,203.3836654723806,101.50256;98.368319;122.40922;100.06464;100.53717;109.06276;100.23991;110.36723;99.731637;93.982418;91.60609;92.517422;127.11419;87.026398;94.691349;88.354524;82.42417,203.00512;182.52986;192.37115;195.26002;201.07434;203.38367;198.15742;194.28489;194.09651;187.96484;183.21218;185.03484;190.32899;174.0528;189.3827;176.70905;164.84834,5.0292688;5.0143876;4.9166356;5.0053238;4.9550194;5.0397662;5.0751956;5.0457888;4.9884711;4.9910309;5.029018;5.0185368;4.9922815;4.9157532;4.9626985;4.9457687;5.0750554,8.711503141967114e-06,2.5965189933776855,4.4459758896664425e-07,42980.25743155578,1.0,0.26552151100543153,True,,
92,92,0.8646849813999897,-1.8101272019073438,inside,elliptical,1.9298105791968798,1.6793762687407945,2.8987488855222248,1.6058048459471226,95.30765769602132,1,,,,False,0.3277754822619714,0.2695580812798327,False,0.31731457996733053,3.666180467325834,1.0234038748021832,2.576134880938598,diffusive,,11.191272594670142,0.06399853481355212,72.08590529092352,1.8672015488520102,2.632646453574902,3.7926250299815165,8.006991490323387,0.20836296670048365,0.3865940993260467,0.8642757862809497,0.5743251566235577,0.13211963165961088,1.0883595294929787,27.808408583791646,3.302445301178122,0.05030135815346116,qp_ode,0.05,100.0,2.812033354564699e-07,100.0,189.158629183088,1.631139692221901,191.0,5.000000000000001,0.999,independent_lognormal,False,0.0,False,0.0,9.179553815871142,0.09877429259150722,False,0.0,fixed_device,0,82.42416995427789,127.1141941177528,164.84833990855577,203.3836654723806,101.50256;98.368319;122.40922;100.06464;100.53717;109.06276;100.23991;110.36723;99.731637;93.982418;91.60609;92.517422;127.11419;87.026398;94.691349;88.354524;82.42417,203.00512;182.52986;192.37115;195.26002;201.07434;203.38367;198.15742;194.28489;194.09651;187.96484;183.21218;185.03484;190.32899;174.0528;189.3827;176.70905;164.84834,5.0292688;5.0143876;4.9166356;5.0053238;4.9550194;5.0397662;5.0751956;5.0457888;4.9884711;4.9910309;5.029018;5.0185368;4.9922815;4.9157532;4.9626985;4.9457687;5.0750554,4.376131528260885e-06,5.050268173217773,2.2074146954764728e-07,42980.25743155578,1.0,0.2901521048446576,True,,
93,93,-0.4992821028369212,-2.790808702085826,inside,circular,2.1216328422297543,1.500834010291692,4.173004122840527,1.0,178.27406170484193,1,,,,False,0.32471858726601455,0.6326201044403824,False,0.26555115204307933,3.5486812620666783,0.7108834598899383,2.4210982059162847,diffusive,,9.717267388019735,0.06203163209817378,50.142490959358724,1.8542842289895747,3.774510869622361,5.157595745552159,8.371241870455133,0.5432368478771473,0.4879204322852059,0.9040956671485821,0.14391252645311062,0.41866671748468254,0.678028928813531,31.06980486819163,3.232155704627345,0.07542947557654067,qp_ode,0.05,100.0,1.1400673523399048e-07,100.0,189.158629183088,0.7127539608594939,191.0,5.000000000000001,0.999,independent_lognormal,False,0.0,False,0.0,3.440426808926904,0.09542749246152124,False,0.0,fixed_device,0,82.42416995427789,127.1141941177528,164.84833990855577,203.3836654723806,101.50256;98.368319;122.40922;100.06464;100.53717;109.06276;100.23991;110.36723;99.731637;93.982418;91.60609;92.517422;127.11419;87.026398;94.691349;88.354524;82.42417,203.00512;182.52986;192.37115;195.26002;201.07434;203.38367;198.15742;194.28489;194.09651;187.96484;183.21218;185.03484;190.32899;174.0528;189.3827;176.70905;164.84834,5.0292688;5.0143876;4.9166356;5.0053238;4.9550194;5.0397662;5.0751956;5.0457888;4.9884711;4.9910309;5.029018;5.0185368;4.9922815;4.9157532;4.9626985;4.9457687;5.0750554,1.916397195600439e-06,11.045915603637695,9.674855760977152e-08,42980.25743155578,1.0,0.20640382904845425,True,,
94,94,0.03214743883535842,3.0,edge,circular,1.7831516227218565,1.3554674091529333,9.535545099278895,1.0,139.38598598937438,1,,,,False,0.08792150413308349,0.2503134426736723,False,0.2157675065936765,3.3108147015986042,0.8438453894628841,1.101346795879122,ballistic,28.39308086560825,,0.08412019039586188,56.3675441546193,0.4875341256410979,3.494364109600662,6.419241626126481,8.5558028104474,0.38243638355314596,0.21489987514777564,0.9084100915160422,0.008767672638419556,0.27096074831867056,0.8882293820546276,26.4244263010019,3.372927838171937,0.030684382503643474,qp_ode,0.05,100.0,1.5082507279337447e-07,100.0,189.158629183088,1.5860441222668626,191.0,5.000000000000001,0.999,independent_lognormal,False,0.0,False,0.0,7.853577459080392,0.09902267494859777,False,0.0,fixed_device,0,82.42416995427789,127.1141941177528,164.84833990855577,203.3836654723806,101.50256;98.368319;122.40922;100.06464;100.53717;109.06276;100.23991;110.36723;99.731637;93.982418;91.60609;92.517422;127.11419;87.026398;94.691349;88.354524;82.42417,203.00512;182.52986;192.37115;195.26002;201.07434;203.38367;198.15742;194.28489;194.09651;187.96484;183.21218;185.03484;190.32899;174.0528;189.3827;176.70905;164.84834,5.0292688;5.0143876;4.9166356;5.0053238;4.9550194;5.0397662;5.0751956;5.0457888;4.9884711;4.9910309;5.029018;5.0185368;4.9922815;4.9157532;4.9626985;4.9457687;5.0750554,3.3603928386582993e-06,6.464083671569824,1.6948433767538518e-07,42980.25743155578,1.0,0.29301559685659745,True,,
95,95,1.3665428114598663,-2.672517335043409,inside,elliptical,2.394506350260876,0.9193300290213737,3.9077594246821787,1.7848679000504108,83.51036166231043,1,,,,False,0.36868291902921696,0.7929068905217834,False,0.19768666977372037,2.844563462092248,0.6923965762569941,2.735688375056559,ballistic,21.504979414191016,,0.09785756971834285,28.96732734373331,1.105716854147016,3.416040787041007,5.6378545739459405,9.588380683630557,0.45688255612467965,0.3316963189089229,0.9096256554580958,0.7453576352349827,0.1420188981338771,0.9481711610375834,20.60177653600623,2.951077378770268,0.016639303899776702,qp_ode,0.05,100.0,1.2214121600229456e-07,100.0,189.158629183088,1.916702160038289,191.0,5.000000000000001,0.999,independent_lognormal,False,0.0,False,0.0,19.31798393981831,0.055861703777689134,False,0.0,fixed_device,0,82.42416995427789,127.1141941177528,164.84833990855577,203.3836654723806,101.50256;98.368319;122.40922;100.06464;100.53717;109.06276;100.23991;110.36723;99.731637;93.982418;91.60609;92.517422;127.11419;87.026398;94.691349;88.354524;82.42417,203.00512;182.52986;192.37115;195.26002;201.07434;203.38367;198.15742;194.28489;194.09651;187.96484;183.21218;185.03484;190.32899;174.0528;189.3827;176.70905;164.84834,5.0292688;5.0143876;4.9166356;5.0053238;4.9550194;5.0397662;5.0751956;5.0457888;4.9884711;4.9910309;5.029018;5.0185368;4.9922815;4.9157532;4.9626985;4.9457687;5.0750554,2.0296699858590728e-06,10.562369346618652,1.0190033350454542e-07,42980.25743155578,1.0,0.26349912556920474,True,,
96,96,0.5686810376241676,-3.7351830652012676,outside,circular,2.1345184829124304,1.646350294313641,6.87218643323186,1.0,160.87425985547554,1,,,,False,0.15421413613926072,0.8489136100462208,False,0.12096729606085327,3.8932546232520053,0.9627758021763981,2.542207474349497,ballistic,24.941760674293885,,0.05523466821170596,7.197741345813444,1.7791837047191454,3.4973015901690303,4.688507768507724,9.235772478084893,0.17142691325174408,0.1117229902711777,0.8711555500443648,0.09249947590779142,0.22237463435044957,1.0740360244162122,31.27110711471213,3.30241267798975,0.0758289939727802,qp_ode,0.05,100.0,6.01762751234657e-08,100.0,189.158629183088,0.21567761032351873,191.0,5.000000000000001,0.999,independent_lognormal,False,0.0,False,0.0,9.31673107854985,0.13367889249087261,False,0.0,fixed_device,0,82.42416995427789,127.1141941177528,164.84833990855577,203.3836654723806,101.50256;98.368319;122.40922;100.06464;100.53717;109.06276;100.23991;110.36723;99.731637;93.982418;91.60609;92.517422;127.11419;87.026398;94.691349;88.354524;82.42417,203.00512;182.52986;192.37115;195.26002;201.07434;203.38367;198.15742;194.28489;194.09651;187.96484;183.21218;185.03484;190.32899;174.0528;189.3827;176.70905;164.84834,5.0292688;5.0143876;4.9166356;5.0053238;4.9550194;5.0397662;5.0751956;5.0457888;4.9884711;4.9910309;5.029018;5.0185368;4.9922815;4.9157532;4.9626985;4.9457687;5.0750554,1.1295841204628232e-06,17.01084327697754,5.6694702266213426e-08,42980.25743155578,1.0,0.20962842447563274,True,,
97,97,-1.2842053511565317,-2.3467183323500826,inside,elliptical,1.7274842679818856,1.5178472499329034,7.882706868680851,1.7711945645367277,143.0580132129146,1,,,,False,0.30392627713687304,0.696568438196742,False,0.22349960909453004,2.573650231484968,1.2075330289967874,2.6293718681953866,diffusive,,7.896448194583739,0.11310114888675965,57.0077007120785,1.214600118161756,3.4430329843899896,5.238846297089562,9.920624646249198,0.5229199803523296,0.4561697478534521,0.9836962530944047,0.21739655848215458,0.3845156251118732,0.5494686133420579,30.291480747585346,3.0401695628421272,0.030661139368984163,qp_ode,0.05,100.0,6.72441804278719e-08,100.0,189.158629183088,0.5621073984061554,191.0,5.000000000000001,0.999,independent_lognormal,False,0.0,False,0.0,12.491847232194742,0.07426680440661286,False,0.0,fixed_device,0,82.42416995427789,127.1141941177528,164.84833990855577,203.3836654723806,101.50256;98.368319;122.40922;100.06464;100.53717;109.06276;100.23991;110.36723;99.731637;93.982418;91.60609;92.517422;127.11419;87.026398;94.691349;88.354524;82.42417,203.00512;182.52986;192.37115;195.26002;201.07434;203.38367;198.15742;194.28489;194.09651;187.96484;183.21218;185.03484;190.32899;174.0528;189.3827;176.70905;164.84834,5.0292688;5.0143876;4.9166356;5.0053238;4.9550194;5.0397662;5.0751956;5.0457888;4.9884711;4.9910309;5.029018;5.0185368;4.9922815;4.9157532;4.9626985;4.9457687;5.0750554,2.4206528905779123e-06,8.756759643554688,1.2224020906614896e-07,42980.25743155578,1.0,0.18775336282405752,True,,
98,98,3.0,2.1221914002739197,edge,elliptical,2.346944390831915,0.8678416293116427,3.9037850369937983,1.0058126727724925,14.250536031017063,1,,,,False,0.1245643910280342,0.45425503097318287,False,0.28664508938304445,2.3565113243815103,0.735993269495412,2.2097763606447716,diffusive,,12.888966560816002,0.04059388028107257,52.05365810475303,0.4910690259546849,2.397446522173147,3.508827571070474,7.779087587303325,0.23824653422659609,0.4500769817873368,0.9968719278715601,0.26601827291473523,0.2862776807755273,0.9325636783167928,33.58543903152602,2.8587196090958114,0.0024434665520803025,qp_ode,0.05,100.0,2.7922585238015546e-07,100.0,189.158629183088,1.6133207461680612,191.0,5.000000000000001,0.999,independent_lognormal,False,0.0,False,0.0,40.99013444893756,0.05917185095433141,False,0.0,fixed_device,0,82.42416995427789,127.1141941177528,164.84833990855577,203.3836654723806,101.50256;98.368319;122.40922;100.06464;100.53717;109.06276;100.23991;110.36723;99.731637;93.982418;91.60609;92.517422;127.11419;87.026398;94.691349;88.354524;82.42417,203.00512;182.52986;192.37115;195.26002;201.07434;203.38367;198.15742;194.28489;194.09651;187.96484;183.21218;185.03484;190.32899;174.0528;189.3827;176.70905;164.84834,5.0292688;5.0143876;4.9166356;5.0053238;4.9550194;5.0397662;5.0751956;5.0457888;4.9884711;4.9910309;5.029018;5.0185368;4.9922815;4.9157532;4.9626985;4.9457687;5.0750554,4.859240107180085e-06,4.56545877456665,2.45349838223774e-07,42980.25743155578,1.0,0.23414864836649935,True,,
99,99,-2.496304322741999,-1.3599680394311173,inside,elliptical,2.076332712050072,1.1137720230502612,2.1409760712514645,1.6464036900665855,7.5141712877292655,1,,,,False,0.16381719304760972,0.9727419799040989,False,0.14370818416997222,3.838787741083906,0.6760373549600237,1.9579778823110612,ballistic,36.440187029493956,,0.05854258690132262,1.768907996615603,1.9793844002242116,2.259462982585558,3.8794741873999707,6.884226687015717,0.290652772942879,0.4516477064996135,0.9960494209899131,0.2558983737312905,0.43991377338460064,0.9610279795299408,21.141206361582025,3.352381993106692,0.07524680398751932,qp_ode,0.05,100.0,2.6976153653824154e-07,100.0,189.158629183088,0.9513858404989353,191.0,5.000000000000001,0.999,independent_lognormal,False,0.0,False,0.0,9.077138866583828,0.06567320430869673,False,0.0,fixed_device,0,82.42416995427789,127.1141941177528,164.84833990855577,203.3836654723806,101.50256;98.368319;122.40922;100.06464;100.53717;109.06276;100.23991;110.36723;99.731637;93.982418;91.60609;92.517422;127.11419;87.026398;94.691349;88.354524;82.42417,203.00512;182.52986;192.37115;195.26002;201.07434;203.38367;198.15742;194.28489;194.09651;187.96484;183.21218;185.03484;190.32899;174.0528;189.3827;176.70905;164.84834,5.0292688;5.0143876;4.9166356;5.0053238;4.9550194;5.0397662;5.0751956;5.0457888;4.9884711;4.9910309;5.029018;5.0185368;4.9922815;4.9157532;4.9626985;4.9457687;5.0750554,4.897030521533452e-06,4.5260114669799805,2.490080817096896e-07,42980.25743155578,1.0,0.2759318030463964,True,,
100,100,-1.428213408318293,-0.020921327167919834,inside,circular,2.0661500291055335,1.5287460159275046,7.74280998537209,1.0,58.20305671870434,1,,,,False,0.11732310062835362,0.29907839657070034,False,0.2562625408418956,2.712474258497413,0.5666305934937245,2.9615531996581694,ballistic,21.57555027646899,,0.10147619471882813,51.45953078359853,1.1009271255496031,3.242583968972985,4.2160073086545165,9.949505545481472,0.3502520410126854,0.45465474733498845,0.8768759605921486,0.1319280393827513,0.49224303521591606,1.0947605289559839,22.51323076109004,3.1721588276603554,0.06901505412902531,qp_ode,0.05,100.0,5.1632075422467724e-08,100.0,189.158629183088,0.4543087517703126,191.0,5.000000000000001,0.999,independent_lognormal,False,0.0,False,0.0,40.19857800673031,0.10726103145380342,False,0.0,fixed_device,0,82.42416995427789,127.1141941177528,164.84833990855577,203.3836654723806,101.50256;98.368319;122.40922;100.06464;100.53717;109.06276;100.23991;110.36723;99.731637;93.982418;91.60609;92.517422;127.11419;87.026398;94.691349;88.354524;82.42417,203.00512;182.52986;192.37115;195.26002;201.07434;203.38367;198.15742;194.28489;194.09651;187.96484;183.21218;185.03484;190.32899;174.0528;189.3827;176.70905;164.84834,5.0292688;5.0143876;4.9166356;5.0053238;4.9550194;5.0397662;5.0751956;5.0457888;4.9884711;4.9910309;5.029018;5.0185368;4.9922815;4.9157532;4.9626985;4.9457687;5.0750554,8.622429845672741e-07,21.349576950073242,4.356468252808554e-08,42980.25743155578,1.0,0.2014910762501589,True,,
101,101,-2.7481350073486546,3.0,edge,elliptical,2.070483654604436,1.4048826693644436,8.66850666627086,1.7438000048882065,144.17965886253296,1,,,,False,0.09515444569451617,0.7492433651901228,False,0.1398671842177181,2.7201081516409014,0.5468563306888952,1.9980532812063678,ballistic,37.571001268298865,,0.03674374010499497,0.21573539580896473,1.0450479129704524,2.263993417053809,6.059044872190539,7.008196703584666,0.5640070606302738,0.42714060874622206,0.8874707638183226,0.44390223749772506,0.08843951548346725,0.5100134842561193,33.68315214381397,3.155493076768319,0.013191512435576005,qp_ode,0.05,100.0,2.043003079025244e-07,100.0,189.158629183088,1.7940287406310513,191.0,5.000000000000001,0.999,independent_lognormal,False,0.0,False,0.0,18.141633974707567,0.05053152542143883,False,0.0,fixed_device,0,82.42416995427789,127.1141941177528,164.84833990855577,203.3836654723806,101.50256;98.368319;122.40922;100.06464;100.53717;109.06276;100.23991;110.36723;99.731637;93.982418;91.60609;92.517422;127.11419;87.026398;94.691349;88.354524;82.42417,203.00512;182.52986;192.37115;195.26002;201.07434;203.38367;198.15742;194.28489;194.09651;187.96484;183.21218;185.03484;190.32899;174.0528;189.3827;176.70905;164.84834,5.0292688;5.0143876;4.9166356;5.0053238;4.9550194;5.0397662;5.0751956;5.0457888;4.9884711;4.9910309;5.029018;5.0185368;4.9922815;4.9157532;4.9626985;4.9457687;5.0750554,3.933309471904067e-06,5.550054550170898,1.982559609814416e-07,42980.25743155578,1.0,0.30608690233832025,True,,
102,102,-1.3858307888003392,-0.860372463883746,inside,elliptical,1.7432653570814225,0.8088284513204507,9.112910495463824,1.4729877699964065,71.44148992818438,1,,,,False,0.28392124031385296,0.5107841551830892,False,0.10028739981651275,2.0543886881956377,1.2121333603816753,2.8643072252087363,diffusive,,13.421666204734978,0.05590061980294843,41.92813731990624,0.9180564401797157,3.567108093545839,6.0720184710485166,8.909818323908919,0.17705024792517163,0.21875222634893887,0.8408584039372159,0.5662752729682013,0.14746811587309044,1.1798794987152121,30.737610301207933,3.3432623314797785,0.009413693550060805,qp_ode,0.05,100.0,2.452332544377325e-07,100.0,189.158629183088,1.7293884073743202,191.0,5.000000000000001,0.999,independent_lognormal,False,0.0,False,0.0,19.51401910917133,0.07747786319504286,False,0.0,fixed_device,0,82.42416995427789,127.1141941177528,164.84833990855577,203.3836654723806,101.50256;98.368319;122.40922;100.06464;100.53717;109.06276;100.23991;110.36723;99.731637;93.982418;91.60609;92.517422;127.11419;87.026398;94.691349;88.354524;82.42417,203.00512;182.52986;192.37115;195.26002;201.07434;203.38367;198.15742;194.28489;194.09651;187.96484;183.21218;185.03484;190.32899;174.0528;189.3827;176.70905;164.84834,5.0292688;5.0143876;4.9166356;5.0053238;4.9550194;5.0397662;5.0751956;5.0457888;4.9884711;4.9910309;5.029018;5.0185368;4.9922815;4.9157532;4.9626985;4.9457687;5.0750554,4.653354608308291e-06,4.814239501953125,2.3506662216732366e-07,42980.25743155578,1.0,0.3268384426294271,True,,
103,103,-2.8889718771400412,2.777794835729047,inside,circular,2.3285293764353794,1.5502717497619785,8.20762795610327,1.0,162.7979334740387,1,,,,False,0.27975243346239825,0.1710723545049494,False,0.37656175870180064,3.6633258513859595,1.0618694743050594,1.7049301551771092,ballistic,14.350560052463987,,0.10097810835095951,30.35443086274494,0.9668025599205095,3.4191957729815265,5.871429124510412,7.4788308107167545,0.22046456011487386,0.44798029188868504,0.8368309716715234,0.5593574304630805,0.2334525716243857,0.5790013933698104,28.88479303526937,3.029516732780958,0.061347875873641926,qp_ode,0.05,100.0,1.9110436407750138e-07,100.0,189.158629183088,1.082517371615163,191.0,5.000000000000001,0.999,independent_lognormal,False,0.0,False,0.0,23.763211214835714,0.09669752378257615,False,0.0,fixed_device,0,82.42416995427789,127.1141941177528,164.84833990855577,203.3836654723806,101.50256;98.368319;122.40922;100.06464;100.53717;109.06276;100.23991;110.36723;99.731637;93.982418;91.60609;92.517422;127.11419;87.026398;94.691349;88.354524;82.42417,203.00512;182.52986;192.37115;195.26002;201.07434;203.38367;198.15742;194.28489;194.09651;187.96484;183.21218;185.03484;190.32899;174.0528;189.3827;176.70905;164.84834,5.0292688;5.0143876;4.9166356;5.0053238;4.9550194;5.0397662;5.0751956;5.0457888;4.9884711;4.9910309;5.029018;5.0185368;4.9922815;4.9157532;4.9626985;4.9457687;5.0750554,2.964500708912965e-06,7.222241401672363,1.4918684598796972e-07,42980.25743155578,1.0,0.24105401875788993,True,,
104,104,1.463612851478743,-2.3672516422800722,inside,circular,1.803863389208742,1.197583755559398,3.7907952236202016,1.0,94.39155716171456,1,,,,False,0.23913591915653276,0.5653755679064546,False,0.22116470961121262,2.6190865564517885,0.8033577360718442,2.863244721996969,ballistic,36.57842802948397,,0.02086371644449169,0.04687045948363,1.206208925152441,2.1022537679850624,4.4476309415621555,6.50439026662609,0.5870510060835984,0.2784244330305024,0.8465236119211716,0.05723857113347215,0.3427588154079623,0.6967448041737831,27.25368487694109,3.2222678548252555,0.07320369232084314,qp_ode,0.05,100.0,1.8047245626919918e-07,100.0,189.158629183088,0.7984039041386155,191.0,5.000000000000001,0.999,independent_lognormal,False,0.0,False,0.0,22.15393510151496,0.12967597762547817,False,0.0,fixed_device,0,82.42416995427789,127.1141941177528,164.84833990855577,203.3836654723806,101.50256;98.368319;122.40922;100.06464;100.53717;109.06276;100.23991;110.36723;99.731637;93.982418;91.60609;92.517422;127.11419;87.026398;94.691349;88.354524;82.42417,203.00512;182.52986;192.37115;195.26002;201.07434;203.38367;198.15742;194.28489;194.09651;187.96484;183.21218;185.03484;190.32899;174.0528;189.3827;176.70905;164.84834,5.0292688;5.0143876;4.9166356;5.0053238;4.9550194;5.0397662;5.0751956;5.0457888;4.9884711;4.9910309;5.029018;5.0185368;4.9922815;4.9157532;4.9626985;4.9457687;5.0750554,2.4435883005935466e-06,8.697781562805176,1.231928905554014e-07,42980.25743155578,1.0,0.22965181751047228,True,,
105,105,0.3045650352781992,-1.4138296501213443,inside,circular,2.3398976607893345,0.9311636832667358,6.6837065866047,1.0,45.7321053435763,1,,,,False,0.055392704874481016,0.03444503823170664,False,0.2136575066533985,1.9725006894195372,0.821670436648144,2.952558962119758,diffusive,,15.685441949763261,0.10157775458478985,13.671663754910544,1.1039309082048558,3.341394046340583,5.305965958157612,8.99447039467396,0.42096648397592973,0.2981954052162397,0.900956410105493,0.544412458311306,0.35441410655341604,0.5254972453208095,30.15064613814682,3.0332666485151605,0.02086002790737741,qp_ode,0.05,100.0,1.105018650386078e-08,100.0,189.158629183088,1.1337107156628705,191.0,5.000000000000001,0.999,independent_lognormal,False,0.0,False,0.0,5.721544954448298,0.14910086257220542,False,0.0,fixed_device,0,82.42416995427789,127.1141941177528,164.84833990855577,203.3836654723806,101.50256;98.368319;122.40922;100.06464;100.53717;109.06276;100.23991;110.36723;99.731637;93.982418;91.60609;92.517422;127.11419;87.026398;94.691349;88.354524;82.42417,203.00512;182.52986;192.37115;195.26002;201.07434;203.38367;198.15742;194.28489;194.09651;187.96484;183.21218;185.03484;190.32899;174.0528;189.3827;176.70905;164.84834,5.0292688;5.0143876;4.9166356;5.0053238;4.9550194;5.0397662;5.0751956;5.0457888;4.9884711;4.9910309;5.029018;5.0185368;4.9922815;4.9157532;4.9626985;4.9457687;5.0750554,2.087059272071201e-07,52.667903900146484,1.0443822695549443e-08,42980.25743155578,1.0,0.1830592142489961,True,,
106,106,-0.4182104314448991,0.0031875331711197497,inside,circular,2.3315856519486804,1.111785262963659,7.361437327026359,1.0,111.74570444084151,1,,,,False,0.36847653355634297,0.9880058366899895,False,0.33645882789206605,3.259045607912416,0.9993291921545562,2.1354060403156216,ballistic,20.840187682183775,,0.021228252902687678,32.696504158277776,1.459686874557141,3.40140428263544,5.470212073915681,9.434635210053635,0.4534041912210567,0.3488280542404433,0.9862946912466977,0.5789405555035793,0.4350789779572032,1.1104976462940592,23.39826468490447,2.9016422813624496,0.07011950123014837,qp_ode,0.05,100.0,2.0175884330984137e-08,100.0,189.158629183088,0.37001610665557805,191.0,5.000000000000001,0.999,independent_lognormal,False,0.0,False,0.0,5.912075007978554,0.1361295717881035,False,0.0,fixed_device,0,82.42416995427789,127.1141941177528,164.84833990855577,203.3836654723806,101.50256;98.368319;122.40922;100.06464;100.53717;109.06276;100.23991;110.36723;99.731637;93.982418;91.60609;92.517422;127.11419;87.026398;94.691349;88.354524;82.42417,203.00512;182.52986;192.37115;195.26002;201.07434;203.38367;198.15742;194.28489;194.09651;187.96484;183.21218;185.03484;190.32899;174.0528;189.3827;176.70905;164.84834,5.0292688;5.0143876;4.9166356;5.0053238;4.9550194;5.0397662;5.0751956;5.0457888;4.9884711;4.9910309;5.029018;5.0185368;4.9922815;4.9157532;4.9626985;4.9457687;5.0750554,4.448978074833576e-07,34.710838317871094,2.237132790128271e-08,42980.25743155578,1.0,0.18430644917272826,True,,
107,107,0.8016453918875057,0.26849368797969664,inside,circular,2.1048459865282734,1.32966027695352,9.269531072910668,1.0,51.389161782243434,1,,,,False,0.06293028283504416,0.9044745574990929,False,0.3768993398767173,3.6660505234624647,0.6617228185529063,2.2767750195225167,ballistic,20.916979036620823,,0.0639920399399212,18.646458205122222,0.7342926744545036,2.5760767552565564,5.92901142827501,6.524713263953464,0.3815656178170854,0.2763864097505495,0.9726473020166494,0.2520553007772883,0.39903177461540684,0.5843843494219991,22.47755949238997,2.9397781281384856,0.06730241959313864,qp_ode,0.05,100.0,1.0545357961728387e-07,100.0,189.158629183088,0.8155853648632156,191.0,5.000000000000001,0.999,independent_lognormal,False,0.0,False,0.0,10.717031435041386,0.1426387005026399,False,0.0,fixed_device,0,82.42416995427789,127.1141941177528,164.84833990855577,203.3836654723806,101.50256;98.368319;122.40922;100.06464;100.53717;109.06276;100.23991;110.36723;99.731637;93.982418;91.60609;92.517422;127.11419;87.026398;94.691349;88.354524;82.42417,203.00512;182.52986;192.37115;195.26002;201.07434;203.38367;198.15742;194.28489;194.09651;187.96484;183.21218;185.03484;190.32899;174.0528;189.3827;176.70905;164.84834,5.0292688;5.0143876;4.9166356;5.0053238;4.9550194;5.0397662;5.0751956;5.0457888;4.9884711;4.9910309;5.029018;5.0185368;4.9922815;4.9157532;4.9626985;4.9457687;5.0750554,2.4197511265811045e-06,8.74752140045166,1.2159013351720205e-07,42980.25743155578,1.0,0.21883005529079197,True,,
108,108,2.570173104012656,-1.115880262556173,inside,elliptical,2.326165188900447,1.1319119266745004,8.350049089379754,1.3460262979472577,64.67809565877596,1,,,,False,0.39765560115307436,0.7898766374951842,False,0.13763352194448125,3.1767107531769434,0.8415489714513094,2.627717793749909,diffusive,,11.598914220049714,0.021984198370877964,7.481455262637837,0.9658817399129108,2.4690687571197714,3.976251814818057,8.415123772602964,0.23004817948762787,0.28337476588651134,0.8801664226427885,0.2753937584756363,0.20989269246359382,0.5239172942087578,24.2488510782195,3.396824119387887,0.02678971136629455,qp_ode,0.05,100.0,4.2867548152500155e-08,100.0,189.158629183088,0.4221080084266414,191.0,5.000000000000001,0.999,independent_lognormal,False,0.0,False,0.0,20.600157388574534,0.148880284569701,False,0.0,fixed_device,0,82.42416995427789,127.1141941177528,164.84833990855577,203.3836654723806,101.50256;98.368319;122.40922;100.06464;100.53717;109.06276;100.23991;110.36723;99.731637;93.982418;91.60609;92.517422;127.11419;87.026398;94.691349;88.354524;82.42417,203.00512;182.52986;192.37115;195.26002;201.07434;203.38367;198.15742;194.28489;194.09651;187.96484;183.21218;185.03484;190.32899;174.0528;189.3827;176.70905;164.84834,5.0292688;5.0143876;4.9166356;5.0053238;4.9550194;5.0397662;5.0751956;5.0457888;4.9884711;4.9910309;5.029018;5.0185368;4.9922815;4.9157532;4.9626985;4.9457687;5.0750554,8.131232220875972e-07,22.640335083007812,4.08938909401968e-08,42980.25743155578,1.0,0.20570090254999593,True,,
109,109,2.327421465873303,3.0,edge,circular,1.9701078717636704,1.4452136873908334,2.167869404410026,1.0,90.96148436052073,1,,,,False,0.3942642599747275,0.680005403540083,False,0.2937903309276241,3.4173719628951673,0.5716105104064739,2.9092675288516348,ballistic,14.80192444084831,,0.05436195824127374,53.55578178644204,1.5040483497445054,3.635051674906733,3.983455829105979,9.277486976960573,0.2829587468761851,0.4362832739898046,0.9897131980448914,0.4394462938466515,0.4532533649482982,0.5416321024413762,25.280249932555556,2.9978632780067174,0.011418321170663699,qp_ode,0.05,100.0,1.461884152103265e-07,100.0,189.158629183088,1.9186729338318376,191.0,5.000000000000001,0.999,independent_lognormal,False,0.0,False,0.0,9.057544072160365,0.13338045084344735,False,0.0,fixed_device,0,82.42416995427789,127.1141941177528,164.84833990855577,203.3836654723806,101.50256;98.368319;122.40922;100.06464;100.53717;109.06276;100.23991;110.36723;99.731637;93.982418;91.60609;92.517422;127.11419;87.026398;94.691349;88.354524;82.42417,203.00512;182.52986;192.37115;195.26002;201.07434;203.38367;198.15742;194.28489;194.09651;187.96484;183.21218;185.03484;190.32899;174.0528;189.3827;176.70905;164.84834,5.0292688;5.0143876;4.9166356;5.0053238;4.9550194;5.0397662;5.0751956;5.0457888;4.9884711;4.9910309;5.029018;5.0185368;4.9922815;4.9157532;4.9626985;4.9457687;5.0750554,3.7847405565116787e-06,5.77686071395874,1.9155110919655272e-07,42980.25743155578,1.0,0.24435518117400779,True,,
110,110,1.3727636666742287,-3.3000838363075022,outside,elliptical,1.831646953846777,1.5121844298376206,8.06857485011747,1.0556896711605206,69.99869853542226,1,,,,False,0.3234054615035952,0.6810810998689907,False,0.1906183745279592,2.5456112229009236,0.8201809478674843,2.2652651792324043,diffusive,,14.850473825850143,0.04079478322789014,23.644107246031638,1.4931191531246553,3.1205515786986986,5.639418300266956,9.223281695275562,0.5590949603159289,0.37384857204955857,0.8982022788771306,0.032501319935100435,0.20489635299370018,0.9327650244693118,20.780380767579505,2.9155091059745466,0.024773993368657356,qp_ode,0.05,100.0,2.3412293920147672e-08,100.0,189.158629183088,1.935938809914332,191.0,5.000000000000001,0.999,independent_lognormal,False,0.0,False,0.0,23.918268635946905,0.06312063378493236,False,0.0,fixed_device,0,82.42416995427789,127.1141941177528,164.84833990855577,203.3836654723806,101.50256;98.368319;122.40922;100.06464;100.53717;109.06276;100.23991;110.36723;99.731637;93.982418;91.60609;92.517422;127.11419;87.026398;94.691349;88.354524;82.42417,203.00512;182.52986;192.37115;195.26002;201.07434;203.38367;198.15742;194.28489;194.09651;187.96484;183.21218;185.03484;190.32899;174.0528;189.3827;176.70905;164.84834,5.0292688;5.0143876;4.9166356;5.0053238;4.9550194;5.0397662;5.0751956;5.0457888;4.9884711;4.9910309;5.029018;5.0185368;4.9922815;4.9157532;4.9626985;4.9457687;5.0750554,4.1076768297898525e-07,35.91134262084961,2.0567332725818233e-08,42980.25743155578,1.0,0.18151260528005625,True,,
111,111,-1.6753945036380817,2.827378039177619,inside,circular,1.9306866832741056,1.6437277827499386,8.95296511050893,1.0,74.9239817134475,1,,,,False,0.19838616538235582,0.9826656719037269,False,0.13997425499629151,2.796980809390939,1.1472730602957646,1.0834688807760087,ballistic,26.0838039785806,,0.08239036274615447,39.82050700227908,0.942111151984292,3.399224965653828,4.020035317951694,7.7503710389023786,0.5465762427504967,0.2445976546381754,0.9084619124168003,0.7296074956020259,0.21072338049898803,0.7681087555114372,20.40857482398909,2.811357813628539,0.009342753852498413,qp_ode,0.05,100.0,1.9040798250221969e-07,100.0,189.158629183088,0.978626551997062,191.0,5.000000000000001,0.999,independent_lognormal,False,0.0,False,0.0,11.26634141506408,0.05409308419084219,False,0.0,fixed_device,0,82.42416995427789,127.1141941177528,164.84833990855577,203.3836654723806,101.50256;98.368319;122.40922;100.06464;100.53717;109.06276;100.23991;110.36723;99.731637;93.982418;91.60609;92.517422;127.11419;87.026398;94.691349;88.354524;82.42417,203.00512;182.52986;192.37115;195.26002;201.07434;203.38367;198.15742;194.28489;194.09651;187.96484;183.21218;185.03484;190.32899;174.0528;189.3827;176.70905;164.84834,5.0292688;5.0143876;4.9166356;5.0053238;4.9550194;5.0397662;5.0751956;5.0457888;4.9884711;4.9910309;5.029018;5.0185368;4.9922815;4.9157532;4.9626985;4.9457687;5.0750554,3.100921276200097e-06,6.9617018699646,1.5615179904671095e-07,42980.25743155578,1.0,0.2156123632922482,True,,
112,112,-0.360268093796722,-1.0804389621404356,inside,circular,2.280304825298787,1.6690341622578622,8.50456678125486,1.0,151.51288104605095,1,,,,False,0.3587204121921969,0.9532516775779658,False,0.190662724051674,3.225082072786192,1.2385523782061503,1.7904070987216125,ballistic,35.78340293984749,,0.054916385838810367,15.462413448259591,1.2020266582462222,3.3131695030617805,4.2067447654633465,9.95528419126762,0.581516132087449,0.12626346253292167,0.8392228172480224,0.5672190010251343,0.14580657443804018,0.9612135532488622,26.48974458958397,3.323480037597559,0.06001943642600682,qp_ode,0.05,100.0,4.352204385861991e-08,100.0,189.158629183088,1.6216710854666354,191.0,5.000000000000001,0.999,independent_lognormal,False,0.0,False,0.0,18.961643685898867,0.05225281145894037,False,0.0,fixed_device,0,82.42416995427789,127.1141941177528,164.84833990855577,203.3836654723806,101.50256;98.368319;122.40922;100.06464;100.53717;109.06276;100.23991;110.36723;99.731637;93.982418;91.60609;92.517422;127.11419;87.026398;94.691349;88.354524;82.42417,203.00512;182.52986;192.37115;195.26002;201.07434;203.38367;198.15742;194.28489;194.09651;187.96484;183.21218;185.03484;190.32899;174.0528;189.3827;176.70905;164.84834,5.0292688;5.0143876;4.9166356;5.0053238;4.9550194;5.0397662;5.0751956;5.0457888;4.9884711;4.9910309;5.029018;5.0185368;4.9922815;4.9157532;4.9626985;4.9457687;5.0750554,9.034283721121028e-07,20.49370574951172,4.525699281998641e-08,42980.25743155578,1.0,0.22834303164649353,True,,
113,113,-0.5212904094743642,0.49466507313508457,inside,circular,1.9406889220874204,1.4227697155503025,4.148727023235802,1.0,29.433478780623343,1,,,,False,0.20155356787120987,0.1203528638277086,False,0.32057073379412365,3.3486361614776454,1.2842397634944378,1.1412584030797273,diffusive,,17.713461379229454,0.06778156712870928,18.126947955845807,0.5830292938346662,3.127557052860431,4.428284030280116,7.298822586068139,0.5929733339878304,0.4955324101755293,0.955446432371855,0.2866392238353864,0.23557316055417254,0.6576808953272267,26.82110771380063,3.390263712605865,0.004067242733246461,qp_ode,0.05,100.0,2.6046466592191872e-08,100.0,189.158629183088,1.3400191408419415,191.0,5.000000000000001,0.999,independent_lognormal,False,0.0,False,0.0,35.20809862249452,0.13184445051072763,False,0.0,fixed_device,0,82.42416995427789,127.1141941177528,164.84833990855577,203.3836654723806,101.50256;98.368319;122.40922;100.06464;100.53717;109.06276;100.23991;110.36723;99.731637;93.982418;91.60609;92.517422;127.11419;87.026398;94.691349;88.354524;82.42417,203.00512;182.52986;192.37115;195.26002;201.07434;203.38367;198.15742;194.28489;194.09651;187.96484;183.21218;185.03484;190.32899;174.0528;189.3827;176.70905;164.84834,5.0292688;5.0143876;4.9166356;5.0053238;4.9550194;5.0397662;5.0751956;5.0457888;4.9884711;4.9910309;5.029018;5.0185368;4.9922815;4.9157532;4.9626985;4.9457687;5.0750554,5.802779128316615e-07,29.23225212097168,2.9099314957647948e-08,42980.25743155578,1.0,0.2151256725502162,True,,
114,114,1.9481160100022024,-1.6065435325000303,inside,elliptical,1.8151890691115153,0.897145805450253,2.462030311142568,1.050931482385614,4.3327239050401944,1,,,,False,0.29570152128401733,0.34165806289616363,False,0.3023709619296613,1.7615514678040194,1.1407219042497494,2.259468696454896,ballistic,23.876680222792004,,0.033127554381987424,35.944030977528534,0.7350690248954891,2.086867022498772,4.681548314637725,7.4870648810835885,0.35293172712638393,0.4644979861669998,0.8357579227275546,0.557742676448625,0.30162698434908897,0.7013248353520128,34.08958090674762,3.2423295968076773,0.004458373570344358,qp_ode,0.05,100.0,1.8472705931627192e-07,100.0,189.158629183088,1.1987886739988307,191.0,5.000000000000001,0.999,independent_lognormal,False,0.0,False,0.0,39.22971901745434,0.0999192706679253,False,0.0,fixed_device,0,82.42416995427789,127.1141941177528,164.84833990855577,203.3836654723806,101.50256;98.368319;122.40922;100.06464;100.53717;109.06276;100.23991;110.36723;99.731637;93.982418;91.60609;92.517422;127.11419;87.026398;94.691349;88.354524;82.42417,203.00512;182.52986;192.37115;195.26002;201.07434;203.38367;198.15742;194.28489;194.09651;187.96484;183.21218;185.03484;190.32899;174.0528;189.3827;176.70905;164.84834,5.0292688;5.0143876;4.9166356;5.0053238;4.9550194;5.0397662;5.0751956;5.0457888;4.9884711;4.9910309;5.029018;5.0185368;4.9922815;4.9157532;4.9626985;4.9457687;5.0750554,2.8393494631018257e-06,7.58015251159668,1.4292182015651633e-07,42980.25743155578,1.0,0.25754006920158573,True,,
115,115,-0.9516915550990865,-2.7155844710460277,inside,circular,2.0937710189922223,1.0438239400738496,3.0955723300648375,1.0,99.02430139963182,1,,,,False,0.374161504601436,0.6223773920505953,False,0.2718011727269395,1.947439086631439,1.1884145181144639,2.362761248188838,ballistic,18.986459601041226,,0.061192629498655074,35.03996804891229,1.2534381205719063,3.614842494662886,5.48138493757117,5.297044025215884,0.2539016030582052,0.21422250312086347,0.8911428952255745,0.23708429015465315,0.20624148609991144,0.6755944168330699,21.31324375046215,3.394127811242508,0.0023664183271935356,qp_ode,0.05,100.0,2.0221794740396948e-07,100.0,189.158629183088,1.0449151107460415,191.0,5.000000000000001,0.999,independent_lognormal,False,0.0,False,0.0,82.11398312261541,0.055680739932221036,False,0.0,fixed_device,0,82.42416995427789,127.1141941177528,164.84833990855577,203.3836654723806,101.50256;98.368319;122.40922;100.06464;100.53717;109.06276;100.23991;110.36723;99.731637;93.982418;91.60609;92.517422;127.11419;87.026398;94.691349;88.354524;82.42417,203.00512;182.52986;192.37115;195.26002;201.07434;203.38367;198.15742;194.28489;194.09651;187.96484;183.21218;185.03484;190.32899;174.0528;189.3827;176.70905;164.84834,5.0292688;5.0143876;4.9166356;5.0053238;4.9550194;5.0397662;5.0751956;5.0457888;4.9884711;4.9910309;5.029018;5.0185368;4.9922815;4.9157532;4.9626985;4.9457687;5.0750554,4.661360890167998e-06,4.743773460388184,2.3551787364795018e-07,42980.25743155578,1.0,0.2742974236675947,True,,
116,116,-0.5529444760696323,-2.758722781290388,inside,elliptical,2.1181709012076855,1.062742364141147,2.2885045590592723,2.0284518433449743,135.88710390187603,1,,,,False,0.1986971296447227,0.24018240089216214,False,0.24660239748722748,2.056231170143874,1.2943582089952845,2.0737405576857446,ballistic,34.46088185508749,,0.04126042187698595,1.5337230885388475,0.7872792457199248,3.298971881685106,4.133303042592095,9.701366419333699,0.5244841505149694,0.39575017042798766,0.9899232889186328,0.7209466275664604,0.13096994852859592,0.8676467636362251,20.444176849060028,3.180939437772107,0.06698627328977921,qp_ode,0.05,100.0,1.1513350515990003e-07,100.0,189.158629183088,0.6379719111822082,191.0,5.000000000000001,0.999,independent_lognormal,False,0.0,False,0.0,21.071927669457814,0.07947365174985663,False,0.0,fixed_device,0,82.42416995427789,127.1141941177528,164.84833990855577,203.3836654723806,101.50256;98.368319;122.40922;100.06464;100.53717;109.06276;100.23991;110.36723;99.731637;93.982418;91.60609;92.517422;127.11419;87.026398;94.691349;88.354524;82.42417,203.00512;182.52986;192.37115;195.26002;201.07434;203.38367;198.15742;194.28489;194.09651;187.96484;183.21218;185.03484;190.32899;174.0528;189.3827;176.70905;164.84834,5.0292688;5.0143876;4.9166356;5.0053238;4.9550194;5.0397662;5.0751956;5.0457888;4.9884711;4.9910309;5.029018;5.0185368;4.9922815;4.9157532;4.9626985;4.9457687;5.0750554,2.3404786588798743e-06,9.016644477844238,1.1761849805225211e-07,42980.25743155578,1.0,0.21740780912306712,True,,
117,117,0.702610737213055,-0.6449924193575458,inside,circular,2.4443986105861546,1.6780640806083595,5.337861708740962,1.0,83.85001926294007,1,,,,False,0.30130136525693896,0.7886578366214035,False,0.34047370822492684,2.7951985920553337,0.7737863143096588,1.9925372007363418,diffusive,,6.127462370894211,0.03869064213351213,74.8182326083838,1.33288215213974,2.1342316136341166,3.961025917911135,9.35798009882404,0.39010271769123517,0.36875102223117073,0.9387954793533733,0.6511919138062564,0.24887099130889773,0.9032586971165568,21.22735601767112,3.1656386947794437,0.07416167084824894,qp_ode,0.05,100.0,2.4416243683220074e-07,100.0,189.158629183088,0.7249894561543784,191.0,5.000000000000001,0.999,independent_lognormal,False,0.0,False,0.0,19.7352692542844,0.07235168493706887,False,0.0,fixed_device,0,82.42416995427789,127.1141941177528,164.84833990855577,203.3836654723806,101.50256;98.368319;122.40922;100.06464;100.53717;109.06276;100.23991;110.36723;99.731637;93.982418;91.60609;92.517422;127.11419;87.026398;94.691349;88.354524;82.42417,203.00512;182.52986;192.37115;195.26002;201.07434;203.38367;198.15742;194.28489;194.09651;187.96484;183.21218;185.03484;190.32899;174.0528;189.3827;176.70905;164.84834,5.0292688;5.0143876;4.9166356;5.0053238;4.9550194;5.0397662;5.0751956;5.0457888;4.9884711;4.9910309;5.029018;5.0185368;4.9922815;4.9157532;4.9626985;4.9457687;5.0750554,4.70721806777874e-06,4.677017688751221,2.3762014222938888e-07,42980.25743155578,1.0,0.2290527750315605,True,,
118,118,-1.0492523229214452,-2.221682426140419,inside,circular,2.211953446539296,0.8915672369312502,7.114942039705413,1.0,173.80017438263147,1,,,,False,0.3573418834039333,0.4151993359742945,False,0.13342697366400766,3.450736264311229,0.874877657064911,1.9331686478274952,diffusive,,12.583895392024939,0.05121236662116396,44.2572163488311,1.3804465816042821,2.0836366138729474,4.980738660353012,5.31480691732402,0.5282423709976755,0.2442076768836391,0.8216608277429108,0.01123502004839292,0.09639407320110965,0.7527767571357138,31.992666455503674,3.345836041683657,0.0641162697259466,qp_ode,0.05,100.0,1.6167101378187347e-07,100.0,189.158629183088,1.8221980790573054,191.0,5.000000000000001,0.999,independent_lognormal,False,0.0,False,0.0,44.65995219106364,0.07911910837299997,False,0.0,fixed_device,0,82.42416995427789,127.1141941177528,164.84833990855577,203.3836654723806,101.50256;98.368319;122.40922;100.06464;100.53717;109.06276;100.23991;110.36723;99.731637;93.982418;91.60609;92.517422;127.11419;87.026398;94.691349;88.354524;82.42417,203.00512;182.52986;192.37115;195.26002;201.07434;203.38367;198.15742;194.28489;194.09651;187.96484;183.21218;185.03484;190.32899;174.0528;189.3827;176.70905;164.84834,5.0292688;5.0143876;4.9166356;5.0053238;4.9550194;5.0397662;5.0751956;5.0457888;4.9884711;4.9910309;5.029018;5.0185368;4.9922815;4.9157532;4.9626985;4.9457687;5.0750554,4.740781605505617e-06,4.668321132659912,2.393556144397735e-07,42980.25743155578,1.0,0.26537066955534994,True,,
119,119,-3.0,-2.0585653568695843,edge,circular,1.7480423549675401,1.2648137310073466,4.242816309118714,1.0,170.4672380646078,1,,,,False,0.24092197300718643,0.778654026444655,False,0.3971697623592547,2.8938155381090924,1.1251061977355814,2.4905592602277298,diffusive,,5.4478984595462485,0.11749355212457405,26.02558891411369,1.6589070826347792,2.5263016500895943,3.923026727627387,8.428195931359106,0.5225271832348697,0.38729881675873823,0.865427323675684,0.5792097737173989,0.10316161005341833,0.6542357467070977,29.485878186297118,3.0710756664357577,0.03734196878223871,qp_ode,0.05,100.0,1.1180548849623658e-07,100.0,189.158629183088,1.3333535232574172,191.0,5.000000000000001,0.999,independent_lognormal,False,0.0,False,0.0,7.970651372891896,0.1111653793975734,False,0.0,fixed_device,0,82.42416995427789,127.1141941177528,164.84833990855577,203.3836654723806,101.50256;98.368319;122.40922;100.06464;100.53717;109.06276;100.23991;110.36723;99.731637;93.982418;91.60609;92.517422;127.11419;87.026398;94.691349;88.354524;82.42417,203.00512;182.52986;192.37115;195.26002;201.07434;203.38367;198.15742;194.28489;194.09651;187.96484;183.21218;185.03484;190.32899;174.0528;189.3827;176.70905;164.84834,5.0292688;5.0143876;4.9166356;5.0053238;4.9550194;5.0397662;5.0751956;5.0457888;4.9884711;4.9910309;5.029018;5.0185368;4.9922815;4.9157532;4.9626985;4.9457687;5.0750554,2.060291080852039e-06,10.13545036315918,1.0345651446641568e-07,42980.25743155578,1.0,0.1906141762427367,True,,
120,120,1.9479923666579957,-3.0,edge,circular,2.4046156061026838,1.6308097970195918,9.39820461582021,1.0,178.0832041526134,1,,,,False,0.3639159208907197,0.7475221303396625,False,0.34723327049795527,2.2972572978336894,1.1354063522076219,1.2032487784810566,diffusive,,18.53360599930243,0.10030522251385873,57.32763141029445,0.8449930247986193,2.2130309022963695,6.021262771023049,9.59375087286423,0.3965644881797806,0.26781758651356347,0.9811394235735063,0.4082705251969196,0.47740876843322244,1.171328429656934,28.163910559906817,3.3665032001997517,0.01000705566730578,qp_ode,0.05,100.0,1.5450017587953324e-07,100.0,189.158629183088,1.0799784416950242,191.0,5.000000000000001,0.999,independent_lognormal,False,0.0,False,0.0,31.66237785587807,0.08658810160171551,False,0.0,fixed_device,0,82.42416995427789,127.1141941177528,164.84833990855577,203.3836654723806,101.50256;98.368319;122.40922;100.06464;100.53717;109.06276;100.23991;110.36723;99.731637;93.982418;91.60609;92.517422;127.11419;87.026398;94.691349;88.354524;82.42417,203.00512;182.52986;192.37115;195.26002;201.07434;203.38367;198.15742;194.28489;194.09651;187.96484;183.21218;185.03484;190.32899;174.0528;189.3827;176.70905;164.84834,5.0292688;5.0143876;4.9166356;5.0053238;4.9550194;5.0397662;5.0751956;5.0457888;4.9884711;4.9910309;5.029018;5.0185368;4.9922815;4.9157532;4.9626985;4.9457687;5.0750554,2.3779145976732252e-06,8.949979782104492,1.195748495774751e-07,42980.25743155578,1.0,0.23803863674370707,True,,
121,121,0.790365149535861,1.699134181537282,inside,elliptical,1.9245795599973476,1.0669776928026788,7.002080645186068,1.0654793008426369,150.69556990599423,1,,,,False,0.353108369065874,0.1955783328932612,False,0.27487075576922876,1.923322972186436,0.9884695600352069,1.3586471581780195,diffusive,,5.384852926074244,0.04367131913331991,6.317959873317287,1.9112059566564992,2.2393417369679254,6.169744701768823,9.456066258616465,0.22158576215840642,0.34547786634133126,0.9536889863394078,0.32653346562041136,0.22296988241965005,0.8729415108915648,33.29635389578061,3.175330467499737,0.0751962709985264,qp_ode,0.05,100.0,9.119759721952307e-08,100.0,189.158629183088,1.141131648899978,191.0,5.000000000000001,0.999,independent_lognormal,False,0.0,False,0.0,4.021642227113771,0.10248831020741048,False,0.0,fixed_device,0,82.42416995427789,127.1141941177528,164.84833990855577,203.3836654723806,101.50256;98.368319;122.40922;100.06464;100.53717;109.06276;100.23991;110.36723;99.731637;93.982418;91.60609;92.517422;127.11419;87.026398;94.691349;88.354524;82.42417,203.00512;182.52986;192.37115;195.26002;201.07434;203.38367;198.15742;194.28489;194.09651;187.96484;183.21218;185.03484;190.32899;174.0528;189.3827;176.70905;164.84834,5.0292688;5.0143876;4.9166356;5.0053238;4.9550194;5.0397662;5.0751956;5.0457888;4.9884711;4.9910309;5.029018;5.0185368;4.9922815;4.9157532;4.9626985;4.9457687;5.0750554,2.294768592037144e-06,9.150206565856934,1.1538450905845821e-07,42980.25743155578,1.0,0.21260451816694215,True,,
122,122,-3.0,-1.4621549288300213,edge,circular,1.802657048567365,1.6524546632758041,8.254794153592805,1.0,0.9259565565792705,1,,,,False,0.17614702756384465,0.11331607122495824,False,0.35818937457646527,2.1594786813626805,1.0351670784900575,2.7478236853131186,diffusive,,5.786313012519385,0.11447214863423233,57.93203831756234,0.43038239980337334,3.484599083878572,4.633362365290584,7.8497080576040545,0.15083618669425672,0.11610221197419804,0.9720693572259822,0.17100295439003219,0.48076591103088995,1.0909908252432003,31.601226939159382,2.9783453168270615,0.011919545202131863,qp_ode,0.05,100.0,5.912179440734398e-08,100.0,189.158629183088,1.2347388944618785,191.0,5.000000000000001,0.999,independent_lognormal,False,0.0,False,0.0,22.083812133593604,0.11390767518922915,False,0.0,fixed_device,0,82.42416995427789,127.1141941177528,164.84833990855577,203.3836654723806,101.50256;98.368319;122.40922;100.06464;100.53717;109.06276;100.23991;110.36723;99.731637;93.982418;91.60609;92.517422;127.11419;87.026398;94.691349;88.354524;82.42417,203.00512;182.52986;192.37115;195.26002;201.07434;203.38367;198.15742;194.28489;194.09651;187.96484;183.21218;185.03484;190.32899;174.0528;189.3827;176.70905;164.84834,5.0292688;5.0143876;4.9166356;5.0053238;4.9550194;5.0397662;5.0751956;5.0457888;4.9884711;4.9910309;5.029018;5.0185368;4.9922815;4.9157532;4.9626985;4.9457687;5.0750554,8.34823481454805e-07,22.1274356842041,4.283060306420339e-08,42980.25743155578,1.0,0.1805262647324633,True,,
123,123,-1.0134077608679166,-0.2994639986067704,inside,circular,1.930734825747646,1.3735350391662542,4.98804061593222,1.0,162.23348036779154,1,,,,False,0.08645722588800939,0.5061465796126444,False,0.36642661428462076,2.4416306112611403,1.1037599599016055,2.6670271566732384,diffusive,,6.257009230055573,0.027071146859360566,47.60506928400911,0.7290407252730868,2.478526548409115,3.752503615380316,6.822152491225561,0.22000255214365472,0.3362136699830447,0.9781872109738949,0.35282291767217516,0.3641698054644877,1.1201244477434769,30.900834757792595,3.271506611327731,0.06954194732907616,qp_ode,0.05,100.0,1.207966172936015e-07,100.0,189.158629183088,1.5000616720176683,191.0,5.000000000000001,0.999,independent_lognormal,False,0.0,False,0.0,8.08402212174565,0.052712472686269274,False,0.0,fixed_device,0,82.42416995427789,127.1141941177528,164.84833990855577,203.3836654723806,101.50256;98.368319;122.40922;100.06464;100.53717;109.06276;100.23991;110.36723;99.731637;93.982418;91.60609;92.517422;127.11419;87.026398;94.691349;88.354524;82.42417,203.00512;182.52986;192.37115;195.26002;201.07434;203.38367;198.15742;194.28489;194.09651;187.96484;183.21218;185.03484;190.32899;174.0528;189.3827;176.70905;164.84834,5.0292688;5.0143876;4.9166356;5.0053238;4.9550194;5.0397662;5.0751956;5.0457888;4.9884711;4.9910309;5.029018;5.0185368;4.9922815;4.9157532;4.9626985;4.9457687;5.0750554,2.8620902412512805e-06,7.537385940551758,1.4438583662013116e-07,42980.25743155578,1.0,0.24043680958202376,True,,
124,124,-0.22197526240216137,2.4485066049279904,inside,elliptical,1.9265467571244412,0.8904556730857908,6.044342662127183,1.369666693444228,71.02584220634051,1,,,,False,0.09628297018451146,0.5946618093432432,False,0.2824585998681966,2.22651414322861,0.9507034210928293,1.3057305821387653,diffusive,,11.515612339206417,0.10421871086156695,32.60963577252515,1.7470186838556452,2.658337802260706,6.030550817656809,8.189666880911808,0.3487036209627701,0.1113008317262477,0.9189649277644149,0.4955051361791896,0.1283922167651072,0.517478811904098,33.904202747254686,3.046632560961366,0.0033516744588382432,qp_ode,0.05,100.0,8.281798368533485e-08,100.0,189.158629183088,0.9970230474234354,191.0,5.000000000000001,0.999,independent_lognormal,False,0.0,False,0.0,11.8016433736109,0.12143655932844186,False,0.0,fixed_device,0,82.42416995427789,127.1141941177528,164.84833990855577,203.3836654723806,101.50256;98.368319;122.40922;100.06464;100.53717;109.06276;100.23991;110.36723;99.731637;93.982418;91.60609;92.517422;127.11419;87.026398;94.691349;88.354524;82.42417,203.00512;182.52986;192.37115;195.26002;201.07434;203.38367;198.15742;194.28489;194.09651;187.96484;183.21218;185.03484;190.32899;174.0528;189.3827;176.70905;164.84834,5.0292688;5.0143876;4.9166356;5.0053238;4.9550194;5.0397662;5.0751956;5.0457888;4.9884711;4.9910309;5.029018;5.0185368;4.9922815;4.9157532;4.9626985;4.9457687;5.0750554,1.941941036420758e-06,10.610004425048828,9.752195495593696e-08,42980.25743155578,1.0,0.2029741075125787,True,,
125,125,-0.5127146663361648,0.28817825363795446,inside,circular,2.456809648325798,0.9593152156047782,3.3966090490868295,1.0,97.04994692224334,1,,,,False,0.3700327074675342,0.7915432587234182,False,0.27643141316596564,2.0953414681899445,1.0934993425682182,2.851345889894901,ballistic,32.42930188382935,,0.09346573645288504,10.500780463427972,1.807060862892305,3.474395199477745,6.204164685040779,6.281019268826569,0.4615054528402559,0.37503865424508254,0.9652754169684634,0.5290928261797757,0.3003371964184607,0.9425879558243291,28.280679266845436,2.977909193353518,0.009815520500554672,qp_ode,0.05,100.0,4.325376458443797e-08,100.0,189.158629183088,1.714812815647664,191.0,5.000000000000001,0.999,independent_lognormal,False,0.0,False,0.0,5.852128465830441,0.09544552750898186,False,0.0,fixed_device,0,82.42416995427789,127.1141941177528,164.84833990855577,203.3836654723806,101.50256;98.368319;122.40922;100.06464;100.53717;109.06276;100.23991;110.36723;99.731637;93.982418;91.60609;92.517422;127.11419;87.026398;94.691349;88.354524;82.42417,203.00512;182.52986;192.37115;195.26002;201.07434;203.38367;198.15742;194.28489;194.09651;187.96484;183.21218;185.03484;190.32899;174.0528;189.3827;176.70905;164.84834,5.0292688;5.0143876;4.9166356;5.0053238;4.9550194;5.0397662;5.0751956;5.0457888;4.9884711;4.9910309;5.029018;5.0185368;4.9922815;4.9157532;4.9626985;4.9457687;5.0750554,1.1435372471169103e-06,16.985118865966797,5.746269593487341e-08,42980.25743155578,1.0,0.21801592405347692,True,,
126,126,2.821790295156787,-0.7045572020298803,inside,circular,1.7264282995890845,1.6788830905968792,3.697613094613991,1.0,43.64689824751727,1,,,,False,0.3552049618319699,0.5264224996076919,False,0.3997119890305749,1.5036272181546093,0.9483255409732068,2.354069402858188,diffusive,,9.508414371923156,0.04688435428031099,15.342782422875967,1.7561943776117297,2.4049153504141594,5.823532593013841,7.850378743493001,0.2856970163467813,0.4589620455447846,0.9817548399951689,0.3915374055487423,0.20800412047431693,0.6696781461347747,23.84605720293984,2.805062732936788,0.0613528616832727,qp_ode,0.05,100.0,6.76855297609871e-08,100.0,189.158629183088,0.5702217997806437,191.0,5.000000000000001,0.999,independent_lognormal,False,0.0,False,0.0,9.898389183628378,0.08246086484975337,False,0.0,fixed_device,0,82.42416995427789,127.1141941177528,164.84833990855577,203.3836654723806,101.50256;98.368319;122.40922;100.06464;100.53717;109.06276;100.23991;110.36723;99.731637;93.982418;91.60609;92.517422;127.11419;87.026398;94.691349;88.354524;82.42417,203.00512;182.52986;192.37115;195.26002;201.07434;203.38367;198.15742;194.28489;194.09651;187.96484;183.21218;185.03484;190.32899;174.0528;189.3827;176.70905;164.84834,5.0292688;5.0143876;4.9166356;5.0053238;4.9550194;5.0397662;5.0751956;5.0457888;4.9884711;4.9910309;5.029018;5.0185368;4.9922815;4.9157532;4.9626985;4.9457687;5.0750554,1.2390021311148303e-06,15.662755012512207,6.220575698989705e-08,42980.25743155578,1.0,0.17707502961222205,True,,
127,127,-0.8701988871783892,-2.294138566270549,inside,circular,1.8237399894444282,1.229321006356931,6.082086027933021,1.0,163.21676537266293,1,,,,False,0.21483945710850222,0.18541609123735414,False,0.20638034668430938,3.0688271942680254,0.8819734712601155,2.6588111580452374,ballistic,19.87220219071513,,0.02395802006620186,14.632029995080247,0.9162585407904917,2.1121456875369886,5.735110928954054,6.572535437109315,0.3822363149853816,0.10070647653069953,0.8895647871736122,0.5029313861038643,0.14775968016036933,1.1403825774612786,33.24356253521069,3.001597627495811,0.0031684869577474563,qp_ode,0.05,100.0,2.047175254816442e-07,100.0,189.158629183088,0.8346100005533479,191.0,5.000000000000001,0.999,independent_lognormal,False,0.0,False,0.0,9.37104780555032,0.0684375033098015,False,0.0,fixed_device,0,82.42416995427789,127.1141941177528,164.84833990855577,203.3836654723806,101.50256;98.368319;122.40922;100.06464;100.53717;109.06276;100.23991;110.36723;99.731637;93.982418;91.60609;92.517422;127.11419;87.026398;94.691349;88.354524;82.42417,203.00512;182.52986;192.37115;195.26002;201.07434;203.38367;198.15742;194.28489;194.09651;187.96484;183.21218;185.03484;190.32899;174.0528;189.3827;176.70905;164.84834,5.0292688;5.0143876;4.9166356;5.0053238;4.9550194;5.0397662;5.0751956;5.0457888;4.9884711;4.9910309;5.029018;5.0185368;4.9922815;4.9157532;4.9626985;4.9457687;5.0750554,4.7357580115203746e-06,4.67279052734375,2.394403111338761e-07,42980.25743155578,1.0,0.24452867558856653,True,,
128,128,3.0,0.9828652641525273,edge,circular,1.778054755856455,1.1696311056254522,4.1834869491174,1.0,12.761737334445208,1,,,,False,0.3528648366592156,0.6699890970600055,False,0.13619596776717355,2.631913578478753,0.7364493695227265,2.658635032226638,ballistic,23.890383434632305,,0.025847607030641855,7.294190543248407,1.4334884998161317,3.778982323996544,3.778982323996544,6.10800468218984,0.25596886124521345,0.21633096816596226,0.9584030181597678,0.6836010317699718,0.22202898282846711,0.9038078575792922,22.271745033031262,3.2832597913994523,0.038205933186802044,qp_ode,0.05,100.0,2.3640156150720208e-07,100.0,189.158629183088,1.168489907155162,191.0,5.000000000000001,0.999,independent_lognormal,False,0.0,False,0.0,16.6386659426553,0.07227503523988546,False,0.0,fixed_device,0,82.42416995427789,127.1141941177528,164.84833990855577,203.3836654723806,101.50256;98.368319;122.40922;100.06464;100.53717;109.06276;100.23991;110.36723;99.731637;93.982418;91.60609;92.517422;127.11419;87.026398;94.691349;88.354524;82.42417,203.00512;182.52986;192.37115;195.26002;201.07434;203.38367;198.15742;194.28489;194.09651;187.96484;183.21218;185.03484;190.32899;174.0528;189.3827;176.70905;164.84834,5.0292688;5.0143876;4.9166356;5.0053238;4.9550194;5.0397662;5.0751956;5.0457888;4.9884711;4.9910309;5.029018;5.0185368;4.9922815;4.9157532;4.9626985;4.9457687;5.0750554,3.7660988709831145e-06,5.819860935211182,1.8972914972437138e-07,42980.25743155578,1.0,0.2625884655428575,True,,
129,129,-0.8817960576520196,3.7712977365656584,outside,elliptical,1.8267911203350617,1.5153287321694553,3.4137631015159053,1.6605475000863277,116.04422372235703,1,,,,False,0.18020411140404796,0.3557010498203408,False,0.3891195105828562,3.0105274970799134,0.5810430373318429,1.6202680930130378,diffusive,,14.44881882523255,0.03140840451950777,1.8748196362828207,1.7400028940098928,2.2734577365841653,3.9768822644955115,9.196789718467198,0.39279636474220003,0.12361439925541934,0.9668245550653608,0.5883560729336205,0.17810189489573086,1.0127479157731296,28.69395138543905,3.397966439822956,0.023595543323425366,qp_ode,0.05,100.0,1.7126488240645023e-07,100.0,189.158629183088,0.9745601142286304,191.0,5.000000000000001,0.999,independent_lognormal,False,0.0,False,0.0,70.43579195088029,0.10149577213533383,False,0.0,fixed_device,0,82.42416995427789,127.1141941177528,164.84833990855577,203.3836654723806,101.50256;98.368319;122.40922;100.06464;100.53717;109.06276;100.23991;110.36723;99.731637;93.982418;91.60609;92.517422;127.11419;87.026398;94.691349;88.354524;82.42417,203.00512;182.52986;192.37115;195.26002;201.07434;203.38367;198.15742;194.28489;194.09651;187.96484;183.21218;185.03484;190.32899;174.0528;189.3827;176.70905;164.84834,5.0292688;5.0143876;4.9166356;5.0053238;4.9550194;5.0397662;5.0751956;5.0457888;4.9884711;4.9910309;5.029018;5.0185368;4.9922815;4.9157532;4.9626985;4.9457687;5.0750554,2.8493388981587486e-06,7.523247241973877,1.4347634191835823e-07,42980.25743155578,1.0,0.22654488766906877,True,,
130,130,-0.6231130315348263,3.3603735122154963,outside,circular,1.8653839711409295,0.8293322976903795,7.314062300495916,1.0,102.59994534569816,1,,,,False,0.12576190231282636,0.6215424860956101,False,0.2308953271402408,3.014044243059444,0.7431009770959186,2.934476355805584,diffusive,,12.362927141651582,0.060145708620285135,50.02899878925274,1.8750247206730162,3.6337120943159293,4.961030053407762,7.200664243628087,0.269858207820638,0.14550299028843283,0.8959641196016526,0.019423315725096924,0.14149723647763973,0.9305495337281016,29.347382351629335,3.044979603276779,0.05070888293500086,qp_ode,0.05,100.0,5.656903242110365e-08,100.0,189.158629183088,1.3872815157571992,191.0,5.000000000000001,0.999,independent_lognormal,False,0.0,False,0.0,7.971167624465963,0.08180993117751187,False,0.0,fixed_device,0,82.42416995427789,127.1141941177528,164.84833990855577,203.3836654723806,101.50256;98.368319;122.40922;100.06464;100.53717;109.06276;100.23991;110.36723;99.731637;93.982418;91.60609;92.517422;127.11419;87.026398;94.691349;88.354524;82.42417,203.00512;182.52986;192.37115;195.26002;201.07434;203.38367;198.15742;194.28489;194.09651;187.96484;183.21218;185.03484;190.32899;174.0528;189.3827;176.70905;164.84834,5.0292688;5.0143876;4.9166356;5.0053238;4.9550194;5.0397662;5.0751956;5.0457888;4.9884711;4.9910309;5.029018;5.0185368;4.9922815;4.9157532;4.9626985;4.9457687;5.0750554,1.4355624671225087e-06,13.760784149169922,7.200699059239923e-08,42980.25743155578,1.0,0.19521587885629343,True,,
131,131,0.9393484076569703,-0.7801205566954774,inside,elliptical,2.27750054667244,0.9427779324336365,7.297207860577029,1.0459204471022754,105.87953661356096,1,,,,False,0.2516679609696518,0.7084764593808826,False,0.28310909844845716,1.8993302232450158,1.25740503810924,2.050606507938193,diffusive,,7.4020455367473215,0.11845887460393555,45.39758464832044,1.9485190677290078,2.89484235489045,5.426382351890325,8.207588864853037,0.43171002613563414,0.10084172715699294,0.9700067876698116,0.46977061856691754,0.20191630705358837,1.1138164408829123,24.367675140341042,2.9825246721733034,0.07410179398643456,qp_ode,0.05,100.0,5.45270865613924e-08,100.0,189.158629183088,0.8137572053539599,191.0,5.000000000000001,0.999,independent_lognormal,False,0.0,False,0.0,7.522501811968262,0.1307121140515971,False,0.0,fixed_device,0,82.42416995427789,127.1141941177528,164.84833990855577,203.3836654723806,101.50256;98.368319;122.40922;100.06464;100.53717;109.06276;100.23991;110.36723;99.731637;93.982418;91.60609;92.517422;127.11419;87.026398;94.691349;88.354524;82.42417,203.00512;182.52986;192.37115;195.26002;201.07434;203.38367;198.15742;194.28489;194.09651;187.96484;183.21218;185.03484;190.32899;174.0528;189.3827;176.70905;164.84834,5.0292688;5.0143876;4.9166356;5.0053238;4.9550194;5.0397662;5.0751956;5.0457888;4.9884711;4.9910309;5.029018;5.0185368;4.9922815;4.9157532;4.9626985;4.9457687;5.0750554,1.0341764209442772e-06,18.233476638793945,5.208584852312015e-08,42980.25743155578,1.0,0.19001053983134816,True,,
132,132,2.8227292765380145,3.7294329196310105,outside,elliptical,1.78564472470571,0.8195219675605611,9.548675241705151,1.443904561485122,57.44900676896599,1,,,,False,0.13397435824683332,0.052099372493437546,False,0.22125385667896644,1.9727081352066342,0.9860926268199008,1.1861345509652224,diffusive,,5.49467967774517,0.10981865439986739,69.28379926033743,1.2964177777358445,2.4171169385520908,3.897848105777119,9.82524071671904,0.5172748932255805,0.40711039213255185,0.890417427020838,0.05776612133050074,0.4597361736294826,0.9522387010373033,26.167968950386012,3.151718362321526,0.045596114987779386,qp_ode,0.05,100.0,1.3735857043659965e-07,100.0,189.158629183088,1.3592718800529735,191.0,5.000000000000001,0.999,independent_lognormal,False,0.0,False,0.0,8.461606604663244,0.10192554050016323,False,0.0,fixed_device,0,82.42416995427789,127.1141941177528,164.84833990855577,203.3836654723806,101.50256;98.368319;122.40922;100.06464;100.53717;109.06276;100.23991;110.36723;99.731637;93.982418;91.60609;92.517422;127.11419;87.026398;94.691349;88.354524;82.42417,203.00512;182.52986;192.37115;195.26002;201.07434;203.38367;198.15742;194.28489;194.09651;187.96484;183.21218;185.03484;190.32899;174.0528;189.3827;176.70905;164.84834,5.0292688;5.0143876;4.9166356;5.0053238;4.9550194;5.0397662;5.0751956;5.0457888;4.9884711;4.9910309;5.029018;5.0185368;4.9922815;4.9157532;4.9626985;4.9457687;5.0750554,2.3267630240297876e-06,9.026884078979492,1.175852162305091e-07,42980.25743155578,1.0,0.19394673729530462,True,,
133,133,-2.4542018188951813,-0.9738143532009897,inside,circular,2.1072895876477626,0.9447826510210613,9.874235104786944,1.0,13.833366578665178,1,,,,False,0.06869728744525436,0.7197127418953148,False,0.16730530280666533,2.03477511484758,1.2386478530604812,2.8633234982296893,ballistic,16.110712531276928,,0.037878015658218536,67.90246325445091,1.6220613778721993,3.306682710434834,4.736948972637909,9.448228726616417,0.5284910982532975,0.46926851758909327,0.9821633261480543,0.5190670499574448,0.08261561269537003,1.0841767863276341,30.357936107790483,2.8987027336866062,0.07466593377693255,qp_ode,0.05,100.0,1.1865576540597792e-07,100.0,189.158629183088,0.8471180399498976,191.0,5.000000000000001,0.999,independent_lognormal,False,0.0,False,0.0,20.133869550625196,0.1498474710145924,False,0.0,fixed_device,0,82.42416995427789,127.1141941177528,164.84833990855577,203.3836654723806,101.50256;98.368319;122.40922;100.06464;100.53717;109.06276;100.23991;110.36723;99.731637;93.982418;91.60609;92.517422;127.11419;87.026398;94.691349;88.354524;82.42417,203.00512;182.52986;192.37115;195.26002;201.07434;203.38367;198.15742;194.28489;194.09651;187.96484;183.21218;185.03484;190.32899;174.0528;189.3827;176.70905;164.84834,5.0292688;5.0143876;4.9166356;5.0053238;4.9550194;5.0397662;5.0751956;5.0457888;4.9884711;4.9910309;5.029018;5.0185368;4.9922815;4.9157532;4.9626985;4.9457687;5.0750554,3.974244918936165e-06,5.487653732299805,2.0067071204721287e-07,42980.25743155578,1.0,0.21238160313714322,True,,
134,134,-1.0154654343996867,3.0,edge,circular,2.1492598830343947,1.6141248471620337,2.9837717954057883,1.0,121.90243628364331,1,,,,False,0.05144476160267683,0.19137212488379074,False,0.3396624887099976,1.8690001556668254,1.0204090191657782,1.6016055387855408,ballistic,33.234379611683956,,0.0429062776706135,78.00495250403168,1.9975850915949795,2.4775765187378007,3.668313608645092,6.208856093135057,0.31390512195240244,0.42771128316566986,0.9976969881661526,0.22828523429458525,0.37170128514943424,1.182143397502025,33.31898267334435,3.3033027438515266,0.005058428369764769,qp_ode,0.05,100.0,1.3014998292456412e-07,100.0,189.158629183088,1.1129819236180463,191.0,5.000000000000001,0.999,independent_lognormal,False,0.0,False,0.0,11.828903542356505,0.134447682356181,False,0.0,fixed_device,0,82.42416995427789,127.1141941177528,164.84833990855577,203.3836654723806,101.50256;98.368319;122.40922;100.06464;100.53717;109.06276;100.23991;110.36723;99.731637;93.982418;91.60609;92.517422;127.11419;87.026398;94.691349;88.354524;82.42417,203.00512;182.52986;192.37115;195.26002;201.07434;203.38367;198.15742;194.28489;194.09651;187.96484;183.21218;185.03484;190.32899;174.0528;189.3827;176.70905;164.84834,5.0292688;5.0143876;4.9166356;5.0053238;4.9550194;5.0397662;5.0751956;5.0457888;4.9884711;4.9910309;5.029018;5.0185368;4.9922815;4.9157532;4.9626985;4.9457687;5.0750554,2.2146659830468707e-06,9.710489273071289,1.1190706317165677e-07,42980.25743155578,1.0,0.23079636057335084,True,,
135,135,0.40836189215395446,3.0,edge,circular,1.8046718124999848,1.2298890342291215,2.5111514211815678,1.0,136.97082596140723,1,,,,False,0.059373427862319195,0.1757832748740743,False,0.2067189642112935,1.5245320371596147,1.1827987936467084,1.1717326722210666,diffusive,,15.532064540609909,0.11566168533270432,66.53891630290856,1.2074352943862012,2.3586843736408056,6.1144514500070635,6.446322228683128,0.5924870220201488,0.4818550076943303,0.9771904712698455,0.2288477583619214,0.167585571235499,1.041820934628769,29.032940689926065,2.912364614419394,0.05606228587166844,qp_ode,0.05,100.0,2.647711963450992e-07,100.0,189.158629183088,1.9884042990491455,191.0,5.000000000000001,0.999,independent_lognormal,False,0.0,False,0.0,47.181228451184026,0.11930326771096698,False,0.0,fixed_device,0,82.42416995427789,127.1141941177528,164.84833990855577,203.3836654723806,101.50256;98.368319;122.40922;100.06464;100.53717;109.06276;100.23991;110.36723;99.731637;93.982418;91.60609;92.517422;127.11419;87.026398;94.691349;88.354524;82.42417,203.00512;182.52986;192.37115;195.26002;201.07434;203.38367;198.15742;194.28489;194.09651;187.96484;183.21218;185.03484;190.32899;174.0528;189.3827;176.70905;164.84834,5.0292688;5.0143876;4.9166356;5.0053238;4.9550194;5.0397662;5.0751956;5.0457888;4.9884711;4.9910309;5.029018;5.0185368;4.9922815;4.9157532;4.9626985;4.9457687;5.0750554,9.218061677529477e-06,2.4313504695892334,4.697920985563542e-07,42980.25743155578,1.0,0.3041351796031369,True,,
136,136,-0.8638940572882952,-2.085520933057325,inside,circular,2.008939947836269,1.0360341805125863,9.960820057504348,1.0,98.69279028744191,1,,,,False,0.2905111866077267,0.5010333052350189,False,0.24786482496532358,2.597081553269698,0.8729764292079777,1.4671430258887652,diffusive,,14.497992086784492,0.07101958059285887,22.496689451992708,0.5708466679652354,3.5007626367977585,6.444669055734806,7.216422685610802,0.514151991264378,0.4931725300794041,0.9295606923580708,0.12043401906382512,0.36922911231008393,0.5726462679851788,28.02022483762346,3.3392038028557876,0.07036760113072188,qp_ode,0.05,100.0,2.8280183289566205e-07,100.0,189.158629183088,1.7775263614793637,191.0,5.000000000000001,0.999,independent_lognormal,False,0.0,False,0.0,20.559475043053745,0.07380525322507756,False,0.0,fixed_device,0,82.42416995427789,127.1141941177528,164.84833990855577,203.3836654723806,101.50256;98.368319;122.40922;100.06464;100.53717;109.06276;100.23991;110.36723;99.731637;93.982418;91.60609;92.517422;127.11419;87.026398;94.691349;88.354524;82.42417,203.00512;182.52986;192.37115;195.26002;201.07434;203.38367;198.15742;194.28489;194.09651;187.96484;183.21218;185.03484;190.32899;174.0528;189.3827;176.70905;164.84834,5.0292688;5.0143876;4.9166356;5.0053238;4.9550194;5.0397662;5.0751956;5.0457888;4.9884711;4.9910309;5.029018;5.0185368;4.9922815;4.9157532;4.9626985;4.9457687;5.0750554,5.903982582822209e-06,3.7828474044799805,2.98738768833573e-07,42980.25743155578,1.0,0.3505232536058289,True,,
137,137,2.376914882716674,2.9020991997810466,inside,elliptical,1.7754716058374227,0.8542302001373462,5.94015038626614,1.6711898145009414,119.54360327033862,1,,,,False,0.05963357286035261,0.7071954046103274,False,0.38240108874884005,2.6006219583073578,0.572073269098936,1.3598383720507576,diffusive,,11.654632324239124,0.06142661911918887,68.6375071718213,1.906988497889277,2.220402669040627,4.1167213147462505,5.90585486894046,0.4042965159882569,0.2647817553486451,0.955074397485092,0.5429486787736053,0.23172780101588747,0.8486404372146397,31.677813847320856,3.0597595071445896,0.02852299856549263,qp_ode,0.05,100.0,1.7488846840636718e-07,100.0,189.158629183088,0.911821527906078,191.0,5.000000000000001,0.999,independent_lognormal,False,0.0,False,0.0,8.241406268189877,0.07655056941251834,False,0.0,fixed_device,0,82.42416995427789,127.1141941177528,164.84833990855577,203.3836654723806,101.50256;98.368319;122.40922;100.06464;100.53717;109.06276;100.23991;110.36723;99.731637;93.982418;91.60609;92.517422;127.11419;87.026398;94.691349;88.354524;82.42417,203.00512;182.52986;192.37115;195.26002;201.07434;203.38367;198.15742;194.28489;194.09651;187.96484;183.21218;185.03484;190.32899;174.0528;189.3827;176.70905;164.84834,5.0292688;5.0143876;4.9166356;5.0053238;4.9550194;5.0397662;5.0751956;5.0457888;4.9884711;4.9910309;5.029018;5.0185368;4.9922815;4.9157532;4.9626985;4.9457687;5.0750554,3.848476808343548e-06,5.593479156494141,1.9397582207147934e-07,42980.25743155578,1.0,0.202071355575974,True,,
138,138,2.4443467992997245,-2.0288499985576665,inside,circular,2.362482385756202,1.5245915251278257,8.279722874866291,1.0,159.99053065990066,1,,,,False,0.3921390954885037,0.8831605777836179,False,0.10845716433124564,3.3497255892198172,1.2979585820570436,1.088575421834611,ballistic,18.31513409571874,,0.11190597176319364,35.33161428956737,1.1582144001742685,2.5980752713800133,5.552919609083709,6.243507431794337,0.1890615544149814,0.30028348012538886,0.8680709682179236,0.21966441279576943,0.1478839595244127,1.084808689709626,31.17686730841437,2.827013736808497,0.040283955111246814,qp_ode,0.05,100.0,1.536017926711537e-07,100.0,189.158629183088,0.4209067380972803,191.0,5.000000000000001,0.999,independent_lognormal,False,0.0,False,0.0,24.344748996094577,0.1457873010409495,False,0.0,fixed_device,0,82.42416995427789,127.1141941177528,164.84833990855577,203.3836654723806,101.50256;98.368319;122.40922;100.06464;100.53717;109.06276;100.23991;110.36723;99.731637;93.982418;91.60609;92.517422;127.11419;87.026398;94.691349;88.354524;82.42417,203.00512;182.52986;192.37115;195.26002;201.07434;203.38367;198.15742;194.28489;194.09651;187.96484;183.21218;185.03484;190.32899;174.0528;189.3827;176.70905;164.84834,5.0292688;5.0143876;4.9166356;5.0053238;4.9550194;5.0397662;5.0751956;5.0457888;4.9884711;4.9910309;5.029018;5.0185368;4.9922815;4.9157532;4.9626985;4.9457687;5.0750554,3.2781451864138944e-06,6.604541778564453,1.650100358574491e-07,42980.25743155578,1.0,0.19224700094410874,True,,
139,139,0.4984730718177053,0.3857979564351455,inside,elliptical,2.4427659873836514,1.4892630774817772,5.746763659199817,1.729244224281219,147.85710401443214,1,,,,False,0.24021202737071556,0.5101709836584056,False,0.3443773073651083,1.936091795096816,0.5003130607429079,2.503404311980077,diffusive,,12.515037232138766,0.11917215527770866,76.52287410109757,1.9924718023297445,2.2350456192478743,4.21251128129496,7.314337831254012,0.23390568162229217,0.44322187044398365,0.8653427749615402,0.20189274942505397,0.44431886090363903,1.1800844494579428,29.616149683163556,3.016676571485025,0.07892796317795221,qp_ode,0.05,100.0,2.856301064915445e-07,100.0,189.158629183088,1.184194361710861,191.0,5.000000000000001,0.999,independent_lognormal,False,0.0,False,0.0,14.92301146975959,0.07801943702346525,False,0.0,fixed_device,0,82.42416995427789,127.1141941177528,164.84833990855577,203.3836654723806,101.50256;98.368319;122.40922;100.06464;100.53717;109.06276;100.23991;110.36723;99.731637;93.982418;91.60609;92.517422;127.11419;87.026398;94.691349;88.354524;82.42417,203.00512;182.52986;192.37115;195.26002;201.07434;203.38367;198.15742;194.28489;194.09651;187.96484;183.21218;185.03484;190.32899;174.0528;189.3827;176.70905;164.84834,5.0292688;5.0143876;4.9166356;5.0053238;4.9550194;5.0397662;5.0751956;5.0457888;4.9884711;4.9910309;5.029018;5.0185368;4.9922815;4.9157532;4.9626985;4.9457687;5.0750554,5.2773893912672065e-06,4.22763204574585,2.6823980192602903e-07,42980.25743155578,1.0,0.28791546838561416,True,,
140,140,0.5454247667217142,1.368937776455562,inside,circular,2.061045625083098,0.9908768740939309,2.2136094275795974,1.0,145.29893946177788,1,,,,False,0.0861944407675089,0.9426553833056747,False,0.2861241819816953,3.9322363604644743,1.0933747489220353,1.3074706349795187,diffusive,,17.59867080539844,0.06733966586511857,1.7578632041227316,1.5420790688287584,3.492802027117718,5.718341329040728,9.700904080476292,0.44503422362593825,0.10334339283746573,0.8353547508274121,0.48180359989796007,0.13052043624760162,1.0841782833056386,21.066095227293623,3.3233105078139307,0.004003594507433253,qp_ode,0.05,100.0,2.254410590577308e-07,100.0,189.158629183088,1.8937441167032356,191.0,5.000000000000001,0.999,independent_lognormal,False,0.0,False,0.0,12.80316409998698,0.1135444763691367,False,0.0,fixed_device,0,82.42416995427789,127.1141941177528,164.84833990855577,203.3836654723806,101.50256;98.368319;122.40922;100.06464;100.53717;109.06276;100.23991;110.36723;99.731637;93.982418;91.60609;92.517422;127.11419;87.026398;94.691349;88.354524;82.42417,203.00512;182.52986;192.37115;195.26002;201.07434;203.38367;198.15742;194.28489;194.09651;187.96484;183.21218;185.03484;190.32899;174.0528;189.3827;176.70905;164.84834,5.0292688;5.0143876;4.9166356;5.0053238;4.9550194;5.0397662;5.0751956;5.0457888;4.9884711;4.9910309;5.029018;5.0185368;4.9922815;4.9157532;4.9626985;4.9457687;5.0750554,4.151456778345164e-06,5.297159671783447,2.0958978552698682e-07,42980.25743155578,1.0,0.34288624839588366,True,,
141,141,-2.468238686132244,2.8810690549455558,inside,circular,2.3772808210058685,1.4580000468727292,2.766966663960317,1.0,170.16010192136235,1,,,,False,0.26289779838451904,0.32220385589562517,False,0.18923752286167275,3.295940690284541,0.7553128228043908,1.517205327576104,diffusive,,11.222056411677876,0.06644140869971399,77.24180946523788,1.4910392173040754,2.5884616671994616,3.954878581242777,6.2111313820044485,0.3243112368720674,0.19429946070479076,0.9232515513157875,0.1758921571017032,0.25794680600716124,0.6477946325343652,33.65264899076034,3.3000142523584146,0.07507244096789832,qp_ode,0.05,100.0,1.5198285676668089e-07,100.0,189.158629183088,1.1994539775994288,191.0,5.000000000000001,0.999,independent_lognormal,False,0.0,False,0.0,3.8705419652100144,0.07793491501581622,False,0.0,fixed_device,0,82.42416995427789,127.1141941177528,164.84833990855577,203.3836654723806,101.50256;98.368319;122.40922;100.06464;100.53717;109.06276;100.23991;110.36723;99.731637;93.982418;91.60609;92.517422;127.11419;87.026398;94.691349;88.354524;82.42417,203.00512;182.52986;192.37115;195.26002;201.07434;203.38367;198.15742;194.28489;194.09651;187.96484;183.21218;185.03484;190.32899;174.0528;189.3827;176.70905;164.84834,5.0292688;5.0143876;4.9166356;5.0053238;4.9550194;5.0397662;5.0751956;5.0457888;4.9884711;4.9910309;5.029018;5.0185368;4.9922815;4.9157532;4.9626985;4.9457687;5.0750554,3.4381923796900082e-06,6.294910430908203,1.7316145317636256e-07,42980.25743155578,1.0,0.2195083077139844,True,,
142,142,-1.5551006653131412,-1.8140432832200482,inside,elliptical,2.3815045490950926,0.9518726525676948,7.782273506822269,1.3426737546172407,109.31763768825242,1,,,,False,0.13207031491177196,0.6698106914781222,False,0.13067191012380788,3.8061598677307336,0.691670626936787,2.7353730193000727,ballistic,21.520904723881586,,0.09263979872601286,2.7765322504672163,1.31950052225951,3.677237233858026,4.617232454991482,9.78897497427258,0.19070978979739078,0.414242440306136,0.827575894182687,0.5744111212097769,0.11746739883500099,1.0700389454600086,23.030830761377683,3.194115390823178,0.0018500263876504164,qp_ode,0.05,100.0,6.397741648683869e-08,100.0,189.158629183088,1.5677496927839207,191.0,5.000000000000001,0.999,independent_lognormal,False,0.0,False,0.0,20.848835300768968,0.0562998668044299,False,0.0,fixed_device,0,82.42416995427789,127.1141941177528,164.84833990855577,203.3836654723806,101.50256;98.368319;122.40922;100.06464;100.53717;109.06276;100.23991;110.36723;99.731637;93.982418;91.60609;92.517422;127.11419;87.026398;94.691349;88.354524;82.42417,203.00512;182.52986;192.37115;195.26002;201.07434;203.38367;198.15742;194.28489;194.09651;187.96484;183.21218;185.03484;190.32899;174.0528;189.3827;176.70905;164.84834,5.0292688;5.0143876;4.9166356;5.0053238;4.9550194;5.0397662;5.0751956;5.0457888;4.9884711;4.9910309;5.029018;5.0185368;4.9922815;4.9157532;4.9626985;4.9457687;5.0750554,1.3411411146080354e-06,14.778979301452637,6.726639867338235e-08,42980.25743155578,1.0,0.22425077331799698,True,,
143,143,-0.2747361660241028,2.2569592178345044,inside,circular,1.9078860235545763,1.4969798952727804,5.79820824849858,1.0,100.9274486116945,1,,,,False,0.14816626031602753,0.9247343912742962,False,0.2854481452758502,2.8900583605028856,0.9108001438787593,2.148276104118346,diffusive,,18.12097476421506,0.02030368554565898,20.498715959211644,1.7212646804880825,2.412066990462572,5.71994489338323,6.749350830626499,0.4390833482082549,0.2913480088203775,0.8420357887782727,0.08802579450369984,0.4922172963916481,0.5296321779601808,23.830195560171063,3.142499538310722,0.022328845483085464,qp_ode,0.05,100.0,1.0980728046785425e-07,100.0,189.158629183088,1.6319737376704626,191.0,5.000000000000001,0.999,independent_lognormal,False,0.0,False,0.0,15.569976137197907,0.10848760440745644,False,0.0,fixed_device,0,82.42416995427789,127.1141941177528,164.84833990855577,203.3836654723806,101.50256;98.368319;122.40922;100.06464;100.53717;109.06276;100.23991;110.36723;99.731637;93.982418;91.60609;92.517422;127.11419;87.026398;94.691349;88.354524;82.42417,203.00512;182.52986;192.37115;195.26002;201.07434;203.38367;198.15742;194.28489;194.09651;187.96484;183.21218;185.03484;190.32899;174.0528;189.3827;176.70905;164.84834,5.0292688;5.0143876;4.9166356;5.0053238;4.9550194;5.0397662;5.0751956;5.0457888;4.9884711;4.9910309;5.029018;5.0185368;4.9922815;4.9157532;4.9626985;4.9457687;5.0750554,2.2156307295517763e-06,9.484589576721191,1.1133733579526961e-07,42980.25743155578,1.0,0.24248844729826602,True,,
144,144,2.8671151906623438,-2.1068542007096136,inside,elliptical,2.233947101353452,1.2322538822346774,7.7831595930002,1.2374566125729136,47.50554637281252,1,,,,False,0.22934570243021163,0.15488229187132818,False,0.12390205501972687,2.8167460096026193,0.6513871978250452,2.409221476173253,diffusive,,19.56008493582667,0.02801815255910211,68.83412242509104,0.7891946995168766,2.0452732142144736,5.214847317349033,5.081812509222828,0.47423137526477754,0.22131342558548595,0.9052496319468695,0.5916433316451778,0.30507652479108055,1.0711675628727988,22.003252490219516,3.314303188414353,0.018108270068193492,qp_ode,0.05,100.0,2.8082436644382164e-08,100.0,189.158629183088,0.4050784967913067,191.0,5.000000000000001,0.999,independent_lognormal,False,0.0,False,0.0,14.162193780795064,0.05203677126657322,False,0.0,fixed_device,0,82.42416995427789,127.1141941177528,164.84833990855577,203.3836654723806,101.50256;98.368319;122.40922;100.06464;100.53717;109.06276;100.23991;110.36723;99.731637;93.982418;91.60609;92.517422;127.11419;87.026398;94.691349;88.354524;82.42417,203.00512;182.52986;192.37115;195.26002;201.07434;203.38367;198.15742;194.28489;194.09651;187.96484;183.21218;185.03484;190.32899;174.0528;189.3827;176.70905;164.84834,5.0292688;5.0143876;4.9166356;5.0053238;4.9550194;5.0397662;5.0751956;5.0457888;4.9884711;4.9910309;5.029018;5.0185368;4.9922815;4.9157532;4.9626985;4.9457687;5.0750554,6.155004257379915e-07,26.975109100341797,3.081942523408543e-08,42980.25743155578,1.0,0.19926357805310962,True,,
145,145,1.7688065265607111,-2.5299935822346833,inside,elliptical,1.7657626117021592,1.4992361782436614,7.1624833985400755,1.7776056189655467,159.97291018196455,1,,,,False,0.2190312202342734,0.7135820615287739,False,0.292893269855379,2.3197271831570907,0.6883914939064819,1.2680846697699883,ballistic,17.661793881216724,,0.08122604635976557,73.66637878190768,0.892980891040251,3.058507909541067,5.917121640139567,9.27986631504162,0.255896167168435,0.1322764717925575,0.827180466557385,0.27524734665762873,0.1430007101655036,1.1234676851140826,23.610065048252054,3.30954177919186,0.004924428381446688,qp_ode,0.05,100.0,1.6508195902259922e-07,100.0,189.158629183088,1.2708212589750818,191.0,5.000000000000001,0.999,independent_lognormal,False,0.0,False,0.0,17.252151890414634,0.06737345988631727,False,0.0,fixed_device,0,82.42416995427789,127.1141941177528,164.84833990855577,203.3836654723806,101.50256;98.368319;122.40922;100.06464;100.53717;109.06276;100.23991;110.36723;99.731637;93.982418;91.60609;92.517422;127.11419;87.026398;94.691349;88.354524;82.42417,203.00512;182.52986;192.37115;195.26002;201.07434;203.38367;198.15742;194.28489;194.09651;187.96484;183.21218;185.03484;190.32899;174.0528;189.3827;176.70905;164.84834,5.0292688;5.0143876;4.9166356;5.0053238;4.9550194;5.0397662;5.0751956;5.0457888;4.9884711;4.9910309;5.029018;5.0185368;4.9922815;4.9157532;4.9626985;4.9457687;5.0750554,2.7230657906329725e-06,7.896728038787842,1.3700946510653012e-07,42980.25743155578,1.0,0.2675349524599131,True,,
146,146,-2.4160538512041,2.004117870040737,inside,elliptical,2.0122847302986244,1.4992702526100452,3.6659280353751225,2.2247055958587727,89.09318435965604,1,,,,False,0.25816127019419005,0.36119091188880437,False,0.13579076297519505,3.5530461004555325,0.5867084040342287,2.7038312155931052,diffusive,,17.56175276721947,0.07551994539497263,34.89852969171584,0.5267133013341193,3.0182577905132577,5.444012398954522,8.428217214560476,0.5642705090314546,0.3538277344530535,0.9621416819356747,0.4725475895835361,0.4615357407706321,1.1133826059538017,32.38575821865014,2.8276611722751555,0.06951205623936436,qp_ode,0.05,100.0,7.169180104921806e-08,100.0,189.158629183088,0.4896084372469111,191.0,5.000000000000001,0.999,independent_lognormal,False,0.0,False,0.0,5.933661353695878,0.05591687054501794,False,0.0,fixed_device,0,82.42416995427789,127.1141941177528,164.84833990855577,203.3836654723806,101.50256;98.368319;122.40922;100.06464;100.53717;109.06276;100.23991;110.36723;99.731637;93.982418;91.60609;92.517422;127.11419;87.026398;94.691349;88.354524;82.42417,203.00512;182.52986;192.37115;195.26002;201.07434;203.38367;198.15742;194.28489;194.09651;187.96484;183.21218;185.03484;190.32899;174.0528;189.3827;176.70905;164.84834,5.0292688;5.0143876;4.9166356;5.0053238;4.9550194;5.0397662;5.0751956;5.0457888;4.9884711;4.9910309;5.029018;5.0185368;4.9922815;4.9157532;4.9626985;4.9457687;5.0750554,1.6866737269083387e-06,12.178157806396484,8.497124781570164e-08,42980.25743155578,1.0,0.1801157890636907,True,,
147,147,1.0064047570057388,-1.407718035593008,inside,elliptical,2.15874430536837,1.2738848729249839,4.331942423475017,2.1497348719652485,100.15458746571841,1,,,,False,0.15170574860499217,0.4488445966310072,False,0.23414028419874058,3.7225868029317537,0.6592562254580938,2.564276739941378,diffusive,,19.238738432951564,0.041994810810886386,40.595105987941054,0.9184996483845925,3.605886368863109,6.201273210210099,5.553596253675284,0.5432223525784324,0.4676969214131058,0.9311191416636724,0.1321079615117265,0.2889328380400073,0.6888385251639269,21.63080216078284,3.2248957697353946,0.019522395014376297,qp_ode,0.05,100.0,1.4056196169361329e-07,100.0,189.158629183088,0.6798802719525892,191.0,5.000000000000001,0.999,independent_lognormal,False,0.0,False,0.0,11.445713122905072,0.06470115990490735,False,0.0,fixed_device,0,82.42416995427789,127.1141941177528,164.84833990855577,203.3836654723806,101.50256;98.368319;122.40922;100.06464;100.53717;109.06276;100.23991;110.36723;99.731637;93.982418;91.60609;92.517422;127.11419;87.026398;94.691349;88.354524;82.42417,203.00512;182.52986;192.37115;195.26002;201.07434;203.38367;198.15742;194.28489;194.09651;187.96484;183.21218;185.03484;190.32899;174.0528;189.3827;176.70905;164.84834,5.0292688;5.0143876;4.9166356;5.0053238;4.9550194;5.0397662;5.0751956;5.0457888;4.9884711;4.9910309;5.029018;5.0185368;4.9922815;4.9157532;4.9626985;4.9457687;5.0750554,2.790583266687463e-06,7.6891303062438965,1.407074421422294e-07,42980.25743155578,1.0,0.2289263455427737,True,,
148,148,-3.0,-0.933181473767529,edge,elliptical,2.2451691009264505,1.1672772448812259,2.283190586516822,2.0797102061006205,41.54990546907713,1,,,,False,0.3660280543808058,0.597406447631716,False,0.16730481571036684,2.1374989517127583,0.8947836554662519,2.246010108700456,ballistic,25.45442918365057,,0.07282604627356587,37.28954086873223,1.6386439025691018,3.590314332440705,6.2559465390795275,5.661165209460916,0.3042028853059358,0.24819230482900584,0.9972438259464634,0.20370442615609097,0.26863079245011584,0.785047148912525,24.48460744607695,3.1425001980259393,0.017874090521546808,qp_ode,0.05,100.0,1.973847704530532e-07,100.0,189.158629183088,1.7455149142244595,191.0,5.000000000000001,0.999,independent_lognormal,False,0.0,False,0.0,6.129134704371937,0.09731871678418534,False,0.0,fixed_device,0,82.42416995427789,127.1141941177528,164.84833990855577,203.3836654723806,101.50256;98.368319;122.40922;100.06464;100.53717;109.06276;100.23991;110.36723;99.731637;93.982418;91.60609;92.517422;127.11419;87.026398;94.691349;88.354524;82.42417,203.00512;182.52986;192.37115;195.26002;201.07434;203.38367;198.15742;194.28489;194.09651;187.96484;183.21218;185.03484;190.32899;174.0528;189.3827;176.70905;164.84834,5.0292688;5.0143876;4.9166356;5.0053238;4.9550194;5.0397662;5.0751956;5.0457888;4.9884711;4.9910309;5.029018;5.0185368;4.9922815;4.9157532;4.9626985;4.9457687;5.0750554,5.461581622512313e-06,4.094207286834717,2.761370865300705e-07,42980.25743155578,1.0,0.3377055772716385,True,,
149,149,-2.880795624340254,2.1213164699851568,inside,circular,1.8830658245793148,1.1398837647785052,9.055625282389695,1.0,114.86078998369433,1,,,,False,0.2341535729327649,0.2317765645380473,False,0.23672738339121838,3.122965900484329,0.8999144139464536,2.0257694897225376,ballistic,36.8370333253354,,0.07226164985535893,69.90776137928657,1.4764164280192573,2.5797847957346147,6.4147771553285,7.845809905153527,0.22498693132704178,0.29647237626335615,0.896800831735867,0.649450110107055,0.11218610778502312,1.1452928526055837,29.216706245880935,3.2662188503780807,0.03772505601194156,qp_ode,0.05,100.0,2.768650968610025e-07,100.0,189.158629183088,1.289902865796643,191.0,5.000000000000001,0.999,independent_lognormal,False,0.0,False,0.0,53.004819450226,0.0947869251310118,False,0.0,fixed_device,0,82.42416995427789,127.1141941177528,164.84833990855577,203.3836654723806,101.50256;98.368319;122.40922;100.06464;100.53717;109.06276;100.23991;110.36723;99.731637;93.982418;91.60609;92.517422;127.11419;87.026398;94.691349;88.354524;82.42417,203.00512;182.52986;192.37115;195.26002;201.07434;203.38367;198.15742;194.28489;194.09651;187.96484;183.21218;185.03484;190.32899;174.0528;189.3827;176.70905;164.84834,5.0292688;5.0143876;4.9166356;5.0053238;4.9550194;5.0397662;5.0751956;5.0457888;4.9884711;4.9910309;5.029018;5.0185368;4.9922815;4.9157532;4.9626985;4.9457687;5.0750554,5.428787517303135e-06,4.149032115936279,2.7440091798780486e-07,42980.25743155578,1.0,0.3217862043128087,True,,
150,150,-0.7877893198757242,-3.6054757055096434,outside,circular,1.9041465479368558,0.9468534238546839,4.962386483851482,1.0,166.41329814766132,1,,,,False,0.23013989457501738,0.7798693792544422,False,0.16714402379509735,3.8020846857686617,1.015983506256159,1.5167406972317483,ballistic,36.585354349352116,,0.07850312191994831,13.39848930317924,1.3867802248106043,3.1186200212208997,4.626791897127776,7.474180833519766,0.23996966821750337,0.4368572895400249,0.949618953851316,0.779788336446346,0.1389476548275428,1.1288508934397705,21.18146571746366,3.159465559013758,0.014789920388682445,qp_ode,0.05,100.0,1.798741970707805e-07,100.0,189.158629183088,0.2527371904399824,191.0,5.000000000000001,0.999,independent_lognormal,False,0.0,False,0.0,5.43985239603873,0.13925196556901326,False,0.0,fixed_device,0,82.42416995427789,127.1141941177528,164.84833990855577,203.3836654723806,101.50256;98.368319;122.40922;100.06464;100.53717;109.06276;100.23991;110.36723;99.731637;93.982418;91.60609;92.517422;127.11419;87.026398;94.691349;88.354524;82.42417,203.00512;182.52986;192.37115;195.26002;201.07434;203.38367;198.15742;194.28489;194.09651;187.96484;183.21218;185.03484;190.32899;174.0528;189.3827;176.70905;164.84834,5.0292688;5.0143876;4.9166356;5.0053238;4.9550194;5.0397662;5.0751956;5.0457888;4.9884711;4.9910309;5.029018;5.0185368;4.9922815;4.9157532;4.9626985;4.9457687;5.0750554,5.64558467885945e-06,3.9499752521514893,2.8560356213347404e-07,42980.25743155578,1.0,0.20072652810661273,True,,
151,151,-1.3370284108528563,2.707945340077627,inside,circular,2.45114767861797,1.439104400602723,4.882882084261852,1.0,15.053020085881672,1,,,,False,0.34090008823159657,0.12789921052023645,False,0.24246546493512308,1.6213103394158042,1.2062008155564494,2.592600655504654,ballistic,17.2707318879424,,0.04488352113292643,51.137284980600754,1.9833169416506324,2.8210030121080845,4.640536118602766,9.621609775349533,0.4150765909142523,0.3012043470662765,0.9252382578007389,0.4559332798093295,0.4211139690530135,1.0346635031756546,28.164611893521737,3.069276095364791,0.03693017011279081,qp_ode,0.05,100.0,1.520879740389901e-07,100.0,189.158629183088,1.991173859310197,191.0,5.000000000000001,0.999,independent_lognormal,False,0.0,False,0.0,38.299180890429234,0.14993244747353196,False,0.0,fixed_device,0,82.42416995427789,127.1141941177528,164.84833990855577,203.3836654723806,101.50256;98.368319;122.40922;100.06464;100.53717;109.06276;100.23991;110.36723;99.731637;93.982418;91.60609;92.517422;127.11419;87.026398;94.691349;88.354524;82.42417,203.00512;182.52986;192.37115;195.26002;201.07434;203.38367;198.15742;194.28489;194.09651;187.96484;183.21218;185.03484;190.32899;174.0528;189.3827;176.70905;164.84834,5.0292688;5.0143876;4.9166356;5.0053238;4.9550194;5.0397662;5.0751956;5.0457888;4.9884711;4.9910309;5.029018;5.0185368;4.9922815;4.9157532;4.9626985;4.9457687;5.0750554,3.74707997252699e-06,5.8417887687683105,1.892164220862469e-07,42980.25743155578,1.0,0.27920760593688104,True,,
152,152,2.3804279451502772,2.718396478531502,inside,circular,2.1860477166115433,1.1813540726532916,9.231152083063627,1.0,35.40719080792906,1,,,,False,0.30096651055039225,0.8749378569251216,False,0.3340391327271516,3.914344627821915,1.1614621284133873,2.6045215108580777,ballistic,25.48027675843894,,0.04337201056140812,47.796885612442246,1.7923551269289715,2.424916849973262,5.125500374135616,9.422762611116,0.5317432852260725,0.30628899603382714,0.8212691224011104,0.6041582963945118,0.13181671437826395,0.6602186950742301,33.06265273656453,3.0640775896572268,0.007403923172553419,qp_ode,0.05,100.0,2.3685737273685815e-08,100.0,189.158629183088,0.4077045372847337,191.0,5.000000000000001,0.999,independent_lognormal,False,0.0,False,0.0,12.603326266602608,0.05399720385131643,False,0.0,fixed_device,0,82.42416995427789,127.1141941177528,164.84833990855577,203.3836654723806,101.50256;98.368319;122.40922;100.06464;100.53717;109.06276;100.23991;110.36723;99.731637;93.982418;91.60609;92.517422;127.11419;87.026398;94.691349;88.354524;82.42417,203.00512;182.52986;192.37115;195.26002;201.07434;203.38367;198.15742;194.28489;194.09651;187.96484;183.21218;185.03484;190.32899;174.0528;189.3827;176.70905;164.84834,5.0292688;5.0143876;4.9166356;5.0053238;4.9550194;5.0397662;5.0751956;5.0457888;4.9884711;4.9910309;5.029018;5.0185368;4.9922815;4.9157532;4.9626985;4.9457687;5.0750554,9.246183481081971e-07,19.167991638183594,4.6326103841920485e-08,42980.25743155578,1.0,0.18426594526298423,True,,
153,153,2.852291188100713,0.00897156996979831,inside,elliptical,1.866471513695285,1.6966838900496874,8.86407703735459,1.9217877924173536,152.4456315457485,1,,,,False,0.3049980411696818,0.42321605005198903,False,0.3497635884988368,2.675714633505205,1.0096066883136228,1.640876356056669,diffusive,,18.213686071902288,0.033328600435444326,79.2735412747942,1.0647642619294033,2.907037598946056,4.768162812504673,8.48198278273034,0.48086231754837505,0.447236496956539,0.9321115930784462,0.3289702418748386,0.36500756257198125,0.584291946546908,32.24992607015638,3.3473964745692215,0.039199377458412454,qp_ode,0.05,100.0,6.980221741157048e-08,100.0,189.158629183088,0.932113154490785,191.0,5.000000000000001,0.999,independent_lognormal,False,0.0,False,0.0,50.621537804232034,0.12744255376890334,False,0.0,fixed_device,0,82.42416995427789,127.1141941177528,164.84833990855577,203.3836654723806,101.50256;98.368319;122.40922;100.06464;100.53717;109.06276;100.23991;110.36723;99.731637;93.982418;91.60609;92.517422;127.11419;87.026398;94.691349;88.354524;82.42417,203.00512;182.52986;192.37115;195.26002;201.07434;203.38367;198.15742;194.28489;194.09651;187.96484;183.21218;185.03484;190.32899;174.0528;189.3827;176.70905;164.84834,5.0292688;5.0143876;4.9166356;5.0053238;4.9550194;5.0397662;5.0751956;5.0457888;4.9884711;4.9910309;5.029018;5.0185368;4.9922815;4.9157532;4.9626985;4.9457687;5.0750554,1.1954510910072713e-06,16.194337844848633,5.995021723492755e-08,42980.25743155578,1.0,0.2140735558888352,True,,
154,154,3.0,2.9041549957750714,edge,circular,2.0224941038956548,0.9773874098183951,9.806315443974158,1.0,168.02670975117434,1,,,,False,0.1576826649680937,0.8960107048812392,False,0.2919013263667387,2.1856852457746654,1.1470604394862156,1.9324151228750046,diffusive,,7.806144160934037,0.057752368351839986,27.332164457849313,1.6972014676918201,2.689716977556902,4.074904919635673,9.85273816331977,0.5975899038740754,0.33102438201647694,0.8858946427390274,0.3058340458598231,0.2070568476598149,0.7707441519069691,32.593537781927836,3.119186909451067,0.05424061225895179,qp_ode,0.05,100.0,1.5361495886853718e-07,100.0,189.158629183088,1.116171803920118,191.0,5.000000000000001,0.999,independent_lognormal,False,0.0,False,0.0,14.224735319216883,0.123587653547453,False,0.0,fixed_device,0,82.42416995427789,127.1141941177528,164.84833990855577,203.3836654723806,101.50256;98.368319;122.40922;100.06464;100.53717;109.06276;100.23991;110.36723;99.731637;93.982418;91.60609;92.517422;127.11419;87.026398;94.691349;88.354524;82.42417,203.00512;182.52986;192.37115;195.26002;201.07434;203.38367;198.15742;194.28489;194.09651;187.96484;183.21218;185.03484;190.32899;174.0528;189.3827;176.70905;164.84834,5.0292688;5.0143876;4.9166356;5.0053238;4.9550194;5.0397662;5.0751956;5.0457888;4.9884711;4.9910309;5.029018;5.0185368;4.9922815;4.9157532;4.9626985;4.9457687;5.0750554,2.687687128855032e-06,7.781196594238281,1.3522195274617843e-07,42980.25743155578,1.0,0.19454326748095974,True,,
155,155,2.8879571482199076,-0.9824469393216639,inside,elliptical,1.7241184468681159,1.4850059092787964,8.610916508162617,1.2733434575042328,19.04578955747177,1,,,,False,0.21789231619671412,0.7397540855611828,False,0.2834393480882333,2.642221754877707,0.6104101368635324,2.2099418104634774,diffusive,,17.348355448551388,0.10407776420366013,38.62399561477663,1.2538880323347672,2.9064445598544806,6.101143094586864,9.601833080602914,0.1857061829319142,0.2769817005023224,0.8944165952011526,0.33333913008842553,0.39333763095272795,0.6268585728440523,25.282465565488906,2.955167981092054,0.06690615913084334,qp_ode,0.05,100.0,2.3842061983558827e-07,100.0,189.158629183088,1.00470125753057,191.0,5.000000000000001,0.999,independent_lognormal,False,0.0,False,0.0,95.71961588608536,0.050506021650959756,False,0.0,fixed_device,0,82.42416995427789,127.1141941177528,164.84833990855577,203.3836654723806,101.50256;98.368319;122.40922;100.06464;100.53717;109.06276;100.23991;110.36723;99.731637;93.982418;91.60609;92.517422;127.11419;87.026398;94.691349;88.354524;82.42417,203.00512;182.52986;192.37115;195.26002;201.07434;203.38367;198.15742;194.28489;194.09651;187.96484;183.21218;185.03484;190.32899;174.0528;189.3827;176.70905;164.84834,5.0292688;5.0143876;4.9166356;5.0053238;4.9550194;5.0397662;5.0751956;5.0457888;4.9884711;4.9910309;5.029018;5.0185368;4.9922815;4.9157532;4.9626985;4.9457687;5.0750554,3.8864186535647605e-06,5.632801532745361,1.96447487610385e-07,42980.25743155578,1.0,0.23275615903763636,True,,
156,156,-3.0,-1.238905136873502,edge,elliptical,1.943619657131328,0.8956913389002124,7.308147987186171,1.0443503380051415,24.305102336029186,1,,,,False,0.3896219779219367,0.6018314334201453,False,0.14305299428905677,2.7896143012258063,0.6611096920599617,2.994190528580588,diffusive,,16.70421458564071,0.09903512248651335,7.788639134585527,0.8905118816573753,2.0567006105628867,5.438167247778083,9.032534999353238,0.23609022248224845,0.323825951766059,0.9044273865353543,0.07694063722171354,0.36208824880883483,1.0209632481705002,31.036808354582767,2.931664912504534,0.012462343258589047,qp_ode,0.05,100.0,1.9618994922323348e-07,100.0,189.158629183088,0.6453277796101992,191.0,5.000000000000001,0.999,independent_lognormal,False,0.0,False,0.0,5.892269121733261,0.057434513691874994,False,0.0,fixed_device,0,82.42416995427789,127.1141941177528,164.84833990855577,203.3836654723806,101.50256;98.368319;122.40922;100.06464;100.53717;109.06276;100.23991;110.36723;99.731637;93.982418;91.60609;92.517422;127.11419;87.026398;94.691349;88.354524;82.42417,203.00512;182.52986;192.37115;195.26002;201.07434;203.38367;198.15742;194.28489;194.09651;187.96484;183.21218;185.03484;190.32899;174.0528;189.3827;176.70905;164.84834,5.0292688;5.0143876;4.9166356;5.0053238;4.9550194;5.0397662;5.0751956;5.0457888;4.9884711;4.9910309;5.029018;5.0185368;4.9922815;4.9157532;4.9626985;4.9457687;5.0750554,5.40758310307865e-06,4.1160197257995605,2.743143170391704e-07,42980.25743155578,1.0,0.2105889087178402,True,,
157,157,1.4895693394109193,-1.283937984587045,inside,circular,1.9650193851752262,0.9986170257308578,4.179210511690992,1.0,111.31844052816275,1,,,,False,0.2706999210728175,0.48168828144699305,False,0.26983191377728777,2.853899507076699,0.9796798589784701,1.0406616335439172,ballistic,24.514061862117778,,0.07021351133169851,16.082825979512005,1.3711543872205159,2.11055635418319,4.2705754450936935,5.334706807107495,0.5946530425317472,0.4412512118064267,0.8890916628465495,0.2716808833038541,0.3535825903558468,0.5251994767475657,31.68681291634948,2.8005742351901444,0.07469795453753449,qp_ode,0.05,100.0,1.2740027599068416e-07,100.0,189.158629183088,1.293183239077454,191.0,5.000000000000001,0.999,independent_lognormal,False,0.0,False,0.0,6.769280342640343,0.12445690438971994,False,0.0,fixed_device,0,82.42416995427789,127.1141941177528,164.84833990855577,203.3836654723806,101.50256;98.368319;122.40922;100.06464;100.53717;109.06276;100.23991;110.36723;99.731637;93.982418;91.60609;92.517422;127.11419;87.026398;94.691349;88.354524;82.42417,203.00512;182.52986;192.37115;195.26002;201.07434;203.38367;198.15742;194.28489;194.09651;187.96484;183.21218;185.03484;190.32899;174.0528;189.3827;176.70905;164.84834,5.0292688;5.0143876;4.9166356;5.0053238;4.9550194;5.0397662;5.0751956;5.0457888;4.9884711;4.9910309;5.029018;5.0185368;4.9922815;4.9157532;4.9626985;4.9457687;5.0750554,2.8929348445672076e-06,7.450235366821289,1.459927148061979e-07,42980.25743155578,1.0,0.22298860203230597,True,,
158,158,-3.0,-1.6927256694064465,edge,elliptical,1.7317294278233126,1.5946219679326825,7.7114881015590955,2.078922436888657,34.49943432972608,1,,,,False,0.05331807760406823,0.29981452926741736,False,0.10110173723409682,1.9941706994798052,0.5702963185438102,2.856195654919475,ballistic,24.976884373810556,,0.11941893283030271,21.682568218990674,1.1819087433472308,3.5387713944595136,4.895711299288233,8.203475466077156,0.5428613678017691,0.28842476579177473,0.8037172941353231,0.4660734098170977,0.10301958979760421,0.6984015921805806,34.90808671266146,2.909086745593912,0.07065986071938814,qp_ode,0.05,100.0,9.059388246067166e-08,100.0,189.158629183088,1.3268884281776807,191.0,5.000000000000001,0.999,independent_lognormal,False,0.0,False,0.0,10.588500303996732,0.07312389319076525,False,0.0,fixed_device,0,82.42416995427789,127.1141941177528,164.84833990855577,203.3836654723806,101.50256;98.368319;122.40922;100.06464;100.53717;109.06276;100.23991;110.36723;99.731637;93.982418;91.60609;92.517422;127.11419;87.026398;94.691349;88.354524;82.42417,203.00512;182.52986;192.37115;195.26002;201.07434;203.38367;198.15742;194.28489;194.09651;187.96484;183.21218;185.03484;190.32899;174.0528;189.3827;176.70905;164.84834,5.0292688;5.0143876;4.9166356;5.0053238;4.9550194;5.0397662;5.0751956;5.0457888;4.9884711;4.9910309;5.029018;5.0185368;4.9922815;4.9157532;4.9626985;4.9457687;5.0750554,1.3522292192647e-06,14.675314903259277,6.78140921195336e-08,42980.25743155578,1.0,0.20810934225420097,True,,
159,159,-2.3023131251559965,2.3874866235997017,inside,circular,1.9867468398496735,1.2184924075205492,2.1029553345124183,1.0,82.32841207487057,1,,,,False,0.21477218119805647,0.5713768943199148,False,0.1317580994801054,1.5265627197175153,1.1734078241069454,1.6386284463090743,ballistic,29.605102076192157,,0.026179967793129748,59.67222084864265,1.7268023627078786,2.3046914080290324,6.184446169259136,5.602585320669961,0.5252185436408205,0.15173176318000606,0.8657836103420501,0.7588262936706142,0.3959293100629872,0.5880668627709236,31.708716135033917,2.9430938352722933,0.013437372376088046,qp_ode,0.05,100.0,4.546409559612452e-08,100.0,189.158629183088,1.511814768954131,191.0,5.000000000000001,0.999,independent_lognormal,False,0.0,False,0.0,17.399154910102542,0.11414928827808542,False,0.0,fixed_device,0,82.42416995427789,127.1141941177528,164.84833990855577,203.3836654723806,101.50256;98.368319;122.40922;100.06464;100.53717;109.06276;100.23991;110.36723;99.731637;93.982418;91.60609;92.517422;127.11419;87.026398;94.691349;88.354524;82.42417,203.00512;182.52986;192.37115;195.26002;201.07434;203.38367;198.15742;194.28489;194.09651;187.96484;183.21218;185.03484;190.32899;174.0528;189.3827;176.70905;164.84834,5.0292688;5.0143876;4.9166356;5.0053238;4.9550194;5.0397662;5.0751956;5.0457888;4.9884711;4.9910309;5.029018;5.0185368;4.9922815;4.9157532;4.9626985;4.9457687;5.0750554,7.316162395909487e-07,23.555557250976562,3.666255565804022e-08,42980.25743155578,1.0,0.19567571363951713,True,,
160,160,-3.0,-1.1732008237385108,edge,elliptical,2.3575536593891675,1.231266117238105,2.5210396303132745,1.8996298651086914,75.79339391365266,1,,,,False,0.35002998490225073,0.2582956568992193,False,0.16958809933197633,1.7899253759602858,1.204386874277381,1.8306760630724215,diffusive,,7.477662786288666,0.06887799805983218,21.364350059095152,1.2380927416213068,2.7747176452434994,4.103211355346758,9.478877318696998,0.5792090616797655,0.13006374112254845,0.9329714994660533,0.7656478686309921,0.4235675943851848,1.0699141922730693,33.853146894768415,3.2795855256874984,0.02494007399388928,qp_ode,0.05,100.0,2.9680971543967664e-07,100.0,189.158629183088,1.0899652991433402,191.0,5.000000000000001,0.999,independent_lognormal,False,0.0,False,0.0,4.805715768866573,0.11341733534588287,False,0.0,fixed_device,0,82.42416995427789,127.1141941177528,164.84833990855577,203.3836654723806,101.50256;98.368319;122.40922;100.06464;100.53717;109.06276;100.23991;110.36723;99.731637;93.982418;91.60609;92.517422;127.11419;87.026398;94.691349;88.354524;82.42417,203.00512;182.52986;192.37115;195.26002;201.07434;203.38367;198.15742;194.28489;194.09651;187.96484;183.21218;185.03484;190.32899;174.0528;189.3827;176.70905;164.84834,5.0292688;5.0143876;4.9166356;5.0053238;4.9550194;5.0397662;5.0751956;5.0457888;4.9884711;4.9910309;5.029018;5.0185368;4.9922815;4.9157532;4.9626985;4.9457687;5.0750554,4.73603267892031e-06,4.649771690368652,2.392982310084335e-07,42980.25743155578,1.0,0.2305966646771752,True,,
161,161,2.48646011525339,0.8889902177341904,inside,elliptical,1.963126246973647,1.14595922965955,9.335664357204827,1.4444088842906397,1.4539080629557755,1,,,,False,0.25043395212917285,0.9998931365406267,False,0.25234393644444575,2.3832644828771703,1.1260326113778896,1.1514363841881496,ballistic,34.776693972143306,,0.09357661683272346,61.89004007848507,1.5717093638849557,2.7994131112532847,5.477521190542762,6.181734871001081,0.3515616002243469,0.3895072354527195,0.9332200482267621,0.3172807280330492,0.4915876243165875,0.6768848292811971,20.757581183079342,3.311270881790379,0.017706521660873262,qp_ode,0.05,100.0,1.322510346236042e-07,100.0,189.158629183088,0.2547628674894467,191.0,5.000000000000001,0.999,independent_lognormal,False,0.0,False,0.0,18.835258290449172,0.06949167926962188,False,0.0,fixed_device,0,82.42416995427789,127.1141941177528,164.84833990855577,203.3836654723806,101.50256;98.368319;122.40922;100.06464;100.53717;109.06276;100.23991;110.36723;99.731637;93.982418;91.60609;92.517422;127.11419;87.026398;94.691349;88.354524;82.42417,203.00512;182.52986;192.37115;195.26002;201.07434;203.38367;198.15742;194.28489;194.09651;187.96484;183.21218;185.03484;190.32899;174.0528;189.3827;176.70905;164.84834,5.0292688;5.0143876;4.9166356;5.0053238;4.9550194;5.0397662;5.0751956;5.0457888;4.9884711;4.9910309;5.029018;5.0185368;4.9922815;4.9157532;4.9626985;4.9457687;5.0750554,2.4720575311221182e-06,8.558515548706055,1.2438287910754298e-07,42980.25743155578,1.0,0.2089499996271071,True,,
162,162,0.2811927515513051,2.16794261145181,inside,circular,2.310980546337649,1.5869730026317237,3.906974219687047,1.0,14.549026078881344,1,,,,False,0.32388085111740067,0.5653052489617199,False,0.1475039141615792,1.503132326432593,0.7941039005554744,1.3176164702759279,ballistic,19.518969283362694,,0.04391182664158654,15.186825336395247,0.8516160032174215,3.172610277208336,4.025411956650378,8.498862458565192,0.19097036263513198,0.41145824455989544,0.844766912570876,0.0532438375908825,0.34923083606632216,0.6906226681222861,24.936440949899858,2.83288087593604,0.020039675946731263,qp_ode,0.05,100.0,1.0688421011904516e-07,100.0,189.158629183088,0.6343855882126586,191.0,5.000000000000001,0.999,independent_lognormal,False,0.0,False,0.0,24.720851557408196,0.067234260939919,False,0.0,fixed_device,0,82.42416995427789,127.1141941177528,164.84833990855577,203.3836654723806,101.50256;98.368319;122.40922;100.06464;100.53717;109.06276;100.23991;110.36723;99.731637;93.982418;91.60609;92.517422;127.11419;87.026398;94.691349;88.354524;82.42417,203.00512;182.52986;192.37115;195.26002;201.07434;203.38367;198.15742;194.28489;194.09651;187.96484;183.21218;185.03484;190.32899;174.0528;189.3827;176.70905;164.84834,5.0292688;5.0143876;4.9166356;5.0053238;4.9550194;5.0397662;5.0751956;5.0457888;4.9884711;4.9910309;5.029018;5.0185368;4.9922815;4.9157532;4.9626985;4.9457687;5.0750554,2.0341478830232518e-06,9.978516578674316,1.0249334536638344e-07,42980.25743155578,1.0,0.19048395462726514,True,,
163,163,-1.2105651828072757,-1.0437061236226073,inside,circular,1.8698234360306416,0.8386078260453894,8.97130399039004,1.0,3.1283489961442323,1,,,,False,0.20562179068045972,0.9268993145788937,False,0.12206309260058466,2.8591189800079357,1.0886411590535543,1.416754409064184,diffusive,,13.949106716412558,0.07285616708391053,0.06733419219221659,0.4419645046899723,2.6463487462151103,6.154275173731508,7.674295851236973,0.3917226251926945,0.2695422060533719,0.8087549417232586,0.7987487357681903,0.28730548736312406,1.165413550507452,34.9698514648892,2.886797156014865,0.01462056400605971,qp_ode,0.05,100.0,2.1729845875022384e-08,100.0,189.158629183088,1.6013671329270371,191.0,5.000000000000001,0.999,independent_lognormal,False,0.0,False,0.0,22.105395305316687,0.05638781082369716,False,0.0,fixed_device,0,82.42416995427789,127.1141941177528,164.84833990855577,203.3836654723806,101.50256;98.368319;122.40922;100.06464;100.53717;109.06276;100.23991;110.36723;99.731637;93.982418;91.60609;92.517422;127.11419;87.026398;94.691349;88.354524;82.42417,203.00512;182.52986;192.37115;195.26002;201.07434;203.38367;198.15742;194.28489;194.09651;187.96484;183.21218;185.03484;190.32899;174.0528;189.3827;176.70905;164.84834,5.0292688;5.0143876;4.9166356;5.0053238;4.9550194;5.0397662;5.0751956;5.0457888;4.9884711;4.9910309;5.029018;5.0185368;4.9922815;4.9157532;4.9626985;4.9457687;5.0750554,3.5451188296065084e-07,39.331424713134766,1.7755331427338206e-08,42980.25743155578,1.0,0.182881664693923,True,,
164,164,-0.7026036665068025,0.686723184865258,inside,circular,1.7910739714070651,0.8234424190445373,2.320883250497638,1.0,20.791497306124615,1,,,,False,0.34748468229017476,0.9284521902967531,False,0.2948259216939436,2.640483673527816,1.1858271703481478,1.3254520554477405,diffusive,,13.066609877996344,0.037035035746760786,4.698128755985822,0.9595761874344286,2.900723283261818,5.509885945601907,6.967564339914022,0.2668313349172087,0.4551590139145407,0.811862046318904,0.12763722409103115,0.13398223313379104,0.7478604678728852,26.034520377084295,2.8104738495475132,0.01439874152047528,qp_ode,0.05,100.0,7.430909454678263e-08,100.0,189.158629183088,1.4169244790583566,191.0,5.000000000000001,0.999,independent_lognormal,False,0.0,False,0.0,3.9594811379958994,0.12793421450483644,False,0.0,fixed_device,0,82.42416995427789,127.1141941177528,164.84833990855577,203.3836654723806,101.50256;98.368319;122.40922;100.06464;100.53717;109.06276;100.23991;110.36723;99.731637;93.982418;91.60609;92.517422;127.11419;87.026398;94.691349;88.354524;82.42417,203.00512;182.52986;192.37115;195.26002;201.07434;203.38367;198.15742;194.28489;194.09651;187.96484;183.21218;185.03484;190.32899;174.0528;189.3827;176.70905;164.84834,5.0292688;5.0143876;4.9166356;5.0053238;4.9550194;5.0397662;5.0751956;5.0457888;4.9884711;4.9910309;5.029018;5.0185368;4.9922815;4.9157532;4.9626985;4.9457687;5.0750554,1.588101326888136e-06,12.630881309509277,7.967361170813092e-08,42980.25743155578,1.0,0.20084990956599172,True,,
165,165,-3.0,-2.887648521215811,edge,circular,1.7355378480301116,1.4678546672642983,9.575915120237852,1.0,149.0831579672626,1,,,,False,0.25158306853499735,0.9990042588583593,False,0.2700851205385918,2.039038210958002,1.199080023121345,1.1581654352490969,ballistic,12.41734265113007,,0.06948871355965866,16.434692295989564,0.7417195399592503,2.9294346816395542,4.395659027334596,6.442631335228955,0.5314141732981791,0.29243693870775306,0.9712688235466048,0.7402422315192569,0.11145020839707656,0.9850697717937846,29.677827596635282,3.076171394534279,0.03267502392847578,qp_ode,0.05,100.0,2.5136372519892003e-07,100.0,189.158629183088,0.9725660700603436,191.0,5.000000000000001,0.999,independent_lognormal,False,0.0,False,0.0,13.829596280740095,0.11214705427952892,False,0.0,fixed_device,0,82.42416995427789,127.1141941177528,164.84833990855577,203.3836654723806,101.50256;98.368319;122.40922;100.06464;100.53717;109.06276;100.23991;110.36723;99.731637;93.982418;91.60609;92.517422;127.11419;87.026398;94.691349;88.354524;82.42417,203.00512;182.52986;192.37115;195.26002;201.07434;203.38367;198.15742;194.28489;194.09651;187.96484;183.21218;185.03484;190.32899;174.0528;189.3827;176.70905;164.84834,5.0292688;5.0143876;4.9166356;5.0053238;4.9550194;5.0397662;5.0751956;5.0457888;4.9884711;4.9910309;5.029018;5.0185368;4.9922815;4.9157532;4.9626985;4.9457687;5.0750554,3.8322823456837796e-06,5.712728977203369,1.938497717901555e-07,42980.25743155578,1.0,0.2318549808857877,True,,
166,166,1.4072551638012456,-0.7954067149674224,inside,circular,2.3049373422561406,1.3089470748565295,3.032861505541197,1.0,137.65120333278716,1,,,,False,0.29551176786241656,0.1384206059774129,False,0.3820023737707683,3.508413766106319,0.7678971548050821,2.400353342406139,diffusive,,9.47807170177136,0.04640991762431145,1.2262797225109434,1.1366195014737963,3.585824550385621,4.462606923173081,5.1794548215891405,0.3745469414312476,0.11434786783766829,0.8926454904914478,0.1537135400069036,0.11431523484461709,0.8300986318821959,22.463921084970874,3.1313378650114605,0.06852818859032264,qp_ode,0.05,100.0,8.171746932844582e-09,100.0,189.158629183088,1.3288283505160114,191.0,5.000000000000001,0.999,independent_lognormal,False,0.0,False,0.0,10.424159825423411,0.06343273540026378,False,0.0,fixed_device,0,82.42416995427789,127.1141941177528,164.84833990855577,203.3836654723806,101.50256;98.368319;122.40922;100.06464;100.53717;109.06276;100.23991;110.36723;99.731637;93.982418;91.60609;92.517422;127.11419;87.026398;94.691349;88.354524;82.42417,203.00512;182.52986;192.37115;195.26002;201.07434;203.38367;198.15742;194.28489;194.09651;187.96484;183.21218;185.03484;190.32899;174.0528;189.3827;176.70905;164.84834,5.0292688;5.0143876;4.9166356;5.0053238;4.9550194;5.0397662;5.0751956;5.0457888;4.9884711;4.9910309;5.029018;5.0185368;4.9922815;4.9157532;4.9626985;4.9457687;5.0750554,1.8241091481741023e-07,54.432186126708984,9.136114975660803e-09,42980.25743155578,1.0,0.19755093651141156,True,,
167,167,-0.09574409488776503,-1.6887247249875958,inside,elliptical,1.8792605442339538,0.8710958303190502,5.178211320265147,1.1993755301187516,77.07229075579906,1,,,,False,0.14362166969564702,0.04119512776194678,False,0.2931865644317688,2.629596346431588,1.0669213737487335,2.5262462314354748,ballistic,12.953171899195857,,0.07470594844811614,57.7324696197735,1.2094106519272483,2.935331648911119,4.211522925466404,9.086661423130163,0.4358310652452998,0.49385564728373543,0.8560419329537761,0.30194429646273635,0.15105203339007606,0.8851237977586098,23.485077294902666,3.185899582674543,0.05666003690993367,qp_ode,0.05,100.0,4.901640260358029e-09,100.0,189.158629183088,1.7353288237225786,191.0,5.000000000000001,0.999,independent_lognormal,False,0.0,False,0.0,24.563675244115636,0.0967003266328445,False,0.0,fixed_device,0,82.42416995427789,127.1141941177528,164.84833990855577,203.3836654723806,101.50256;98.368319;122.40922;100.06464;100.53717;109.06276;100.23991;110.36723;99.731637;93.982418;91.60609;92.517422;127.11419;87.026398;94.691349;88.354524;82.42417,203.00512;182.52986;192.37115;195.26002;201.07434;203.38367;198.15742;194.28489;194.09651;187.96484;183.21218;185.03484;190.32899;174.0528;189.3827;176.70905;164.84834,5.0292688;5.0143876;4.9166356;5.0053238;4.9550194;5.0397662;5.0751956;5.0457888;4.9884711;4.9910309;5.029018;5.0185368;4.9922815;4.9157532;4.9626985;4.9457687;5.0750554,9.033350778508975e-08,71.1538314819336,4.518933227615207e-09,42980.25743155578,1.0,0.19888599690123535,True,,
168,168,1.2462588136441877,-1.298959968484637,inside,circular,2.222713881936453,1.2666881738783808,5.363776481152396,1.0,128.53576078622362,1,,,,False,0.2948941731892157,0.09876190619821845,False,0.15693271918509472,2.676806715286594,0.7864461778885206,1.9430638985163395,diffusive,,15.105346426445736,0.030497992071703797,63.54856560790545,1.604972099193461,3.7531260939618187,5.8408736592573085,5.407763891313071,0.4738541528987278,0.3067209478816973,0.8710726145194139,0.22908670220979488,0.3701991551565195,0.715271492918808,28.693787184121984,3.139107850345167,0.07582330595807577,qp_ode,0.05,100.0,7.693089310181394e-08,100.0,189.158629183088,0.9894662689060241,191.0,5.000000000000001,0.999,independent_lognormal,False,0.0,False,0.0,11.824504016122265,0.11244593532849183,False,0.0,fixed_device,0,82.42416995427789,127.1141941177528,164.84833990855577,203.3836654723806,101.50256;98.368319;122.40922;100.06464;100.53717;109.06276;100.23991;110.36723;99.731637;93.982418;91.60609;92.517422;127.11419;87.026398;94.691349;88.354524;82.42417,203.00512;182.52986;192.37115;195.26002;201.07434;203.38367;198.15742;194.28489;194.09651;187.96484;183.21218;185.03484;190.32899;174.0528;189.3827;176.70905;164.84834,5.0292688;5.0143876;4.9166356;5.0053238;4.9550194;5.0397662;5.0751956;5.0457888;4.9884711;4.9910309;5.029018;5.0185368;4.9922815;4.9157532;4.9626985;4.9457687;5.0750554,1.4733291209267918e-06,14.091657638549805,7.412755564928375e-08,42980.25743155578,1.0,0.21455500646862638,True,,
169,169,-1.7397018515327667,3.0,edge,elliptical,1.8742870423209448,1.6623125334487892,3.785559681395724,2.357721407475118,127.58007801064605,1,,,,False,0.17196658927141728,0.45009728480611666,False,0.29877139147681653,2.9512961986588246,0.8077823990271393,2.812195844324601,diffusive,,5.154182425297059,0.10645172516024817,73.50066916764902,1.133357269931985,3.568152778976519,4.1480406836427015,7.854934099279632,0.4865087194163582,0.29088078335057316,0.8750936084713801,0.023070193983511,0.15895602755958255,0.5613126322604753,22.989701355059715,2.8433146053262788,0.004122462909386951,qp_ode,0.05,100.0,3.404245384085214e-08,100.0,189.158629183088,0.6255889117793466,191.0,5.000000000000001,0.999,independent_lognormal,False,0.0,False,0.0,8.500190450707771,0.12784008730423901,False,0.0,fixed_device,0,82.42416995427789,127.1141941177528,164.84833990855577,203.3836654723806,101.50256;98.368319;122.40922;100.06464;100.53717;109.06276;100.23991;110.36723;99.731637;93.982418;91.60609;92.517422;127.11419;87.026398;94.691349;88.354524;82.42417,203.00512;182.52986;192.37115;195.26002;201.07434;203.38367;198.15742;194.28489;194.09651;187.96484;183.21218;185.03484;190.32899;174.0528;189.3827;176.70905;164.84834,5.0292688;5.0143876;4.9166356;5.0053238;4.9550194;5.0397662;5.0751956;5.0457888;4.9884711;4.9910309;5.029018;5.0185368;4.9922815;4.9157532;4.9626985;4.9457687;5.0750554,5.903572173338034e-07,27.285070419311523,2.9594096062623976e-08,42980.25743155578,1.0,0.16932141804043258,True,,
170,170,-2.879816372930632,1.8108496852385416,inside,circular,1.8393986084780596,1.310883965837757,4.475710028195432,1.0,76.60010422999746,1,,,,False,0.14598515897094855,0.23885449021725225,False,0.11054380892861848,1.7155622369289945,0.5072629541284684,2.28561639016634,ballistic,39.67732958866562,,0.09535922529372941,16.959639461371758,1.2522349358331626,3.2476968655174607,4.623445901040075,6.6578529088757445,0.3143028699894183,0.48436895692709303,0.9056915518699276,0.18538785331896587,0.3581628941120417,0.8046734352744266,31.426634288959296,3.1544264352469567,0.013442994987275326,qp_ode,0.05,100.0,1.0261783465035102e-08,100.0,189.158629183088,0.4434854332277349,191.0,5.000000000000001,0.999,independent_lognormal,False,0.0,False,0.0,8.505461527661073,0.09826067269693771,False,0.0,fixed_device,0,82.42416995427789,127.1141941177528,164.84833990855577,203.3836654723806,101.50256;98.368319;122.40922;100.06464;100.53717;109.06276;100.23991;110.36723;99.731637;93.982418;91.60609;92.517422;127.11419;87.026398;94.691349;88.354524;82.42417,203.00512;182.52986;192.37115;195.26002;201.07434;203.38367;198.15742;194.28489;194.09651;187.96484;183.21218;185.03484;190.32899;174.0528;189.3827;176.70905;164.84834,5.0292688;5.0143876;4.9166356;5.0053238;4.9550194;5.0397662;5.0751956;5.0457888;4.9884711;4.9910309;5.029018;5.0185368;4.9922815;4.9157532;4.9626985;4.9457687;5.0750554,2.1981006170790351e-07,49.04057312011719,1.1016017431586533e-08,42980.25743155578,1.0,0.18861186648093717,True,,
171,171,-1.6954297672567173,0.7872614987152771,inside,elliptical,1.7363057595337563,0.8655242946263386,8.582915072262935,1.7954973745277805,169.2354519391554,1,,,,False,0.21693774718194797,0.364994838237515,False,0.17310523111768683,3.824810920081814,1.2945737971613824,2.789799643715165,ballistic,18.650907967401945,,0.09573776247937035,63.042590422338364,1.930450232370923,2.2004529600222553,6.47032670549941,8.86456226509996,0.5036488275446174,0.44409184479155306,0.9015459779438457,0.17902790152516507,0.4810498336996023,1.170649881351006,25.03867960415284,3.322809539606688,0.07112394159350272,qp_ode,0.05,100.0,1.7983095697510329e-07,100.0,189.158629183088,0.9773226220731845,191.0,5.000000000000001,0.999,independent_lognormal,False,0.0,False,0.0,8.949701950839641,0.13451307537217805,False,0.0,fixed_device,0,82.42416995427789,127.1141941177528,164.84833990855577,203.3836654723806,101.50256;98.368319;122.40922;100.06464;100.53717;109.06276;100.23991;110.36723;99.731637;93.982418;91.60609;92.517422;127.11419;87.026398;94.691349;88.354524;82.42417,203.00512;182.52986;192.37115;195.26002;201.07434;203.38367;198.15742;194.28489;194.09651;187.96484;183.21218;185.03484;190.32899;174.0528;189.3827;176.70905;164.84834,5.0292688;5.0143876;4.9166356;5.0053238;4.9550194;5.0397662;5.0751956;5.0457888;4.9884711;4.9910309;5.029018;5.0185368;4.9922815;4.9157532;4.9626985;4.9457687;5.0750554,7.4359595600981265e-06,3.045161724090576,3.811927626884426e-07,42980.25743155578,1.0,0.27158124491834473,True,,
172,172,-1.0481148071742725,-2.569728639775134,inside,circular,2.45581961276061,1.4256876740904603,4.3096155402930885,1.0,125.77056722247396,1,,,,False,0.2884022836042525,0.15200687982290295,False,0.18890814315774157,3.6254741103588453,0.8377377391729991,2.4043236273706867,diffusive,,7.836056617165756,0.04147604341697741,55.13581412984705,1.7229352359514762,2.1279092227749774,5.614543516912834,9.957593481340407,0.5032543421484738,0.1448123480250737,0.9304727886182456,0.12168421405792254,0.11098921318288671,0.8191957177818617,23.373670538608824,2.903490986922714,0.0547187192179734,qp_ode,0.05,100.0,2.842138186949068e-07,100.0,189.158629183088,1.6920083189871826,191.0,5.000000000000001,0.999,independent_lognormal,False,0.0,False,0.0,25.108605193534537,0.12027494891895087,False,0.0,fixed_device,0,82.42416995427789,127.1141941177528,164.84833990855577,203.3836654723806,101.50256;98.368319;122.40922;100.06464;100.53717;109.06276;100.23991;110.36723;99.731637;93.982418;91.60609;92.517422;127.11419;87.026398;94.691349;88.354524;82.42417,203.00512;182.52986;192.37115;195.26002;201.07434;203.38367;198.15742;194.28489;194.09651;187.96484;183.21218;185.03484;190.32899;174.0528;189.3827;176.70905;164.84834,5.0292688;5.0143876;4.9166356;5.0053238;4.9550194;5.0397662;5.0751956;5.0457888;4.9884711;4.9910309;5.029018;5.0185368;4.9922815;4.9157532;4.9626985;4.9457687;5.0750554,7.290735538845183e-06,3.0885753631591797,3.7055590951240447e-07,42980.25743155578,1.0,0.2475571358474931,True,,
173,173,-1.0167961259590899,-1.549267830184509,inside,elliptical,2.2022402928323586,1.293395104827862,7.047052981076842,1.5447099696093616,135.49695405326335,1,,,,False,0.055347847686278234,0.5313305605865281,False,0.39987038255933727,2.1691589094121366,1.2925030795006802,2.9372785496924187,diffusive,,16.809075910117734,0.08101620928139788,12.863714955225296,0.7733337796104878,2.2806138408132153,3.8438855152538776,8.508539312770274,0.16882525584188196,0.1651513813822946,0.9622612655145198,0.5852246601012462,0.14649768377691846,1.0593448595446995,24.65852733452697,2.9343012909148936,0.02015972455951526,qp_ode,0.05,100.0,1.7990680006377866e-07,100.0,189.158629183088,1.9535197507351614,191.0,5.000000000000001,0.999,independent_lognormal,False,0.0,False,0.0,11.228205133583906,0.12198902541709201,False,0.0,fixed_device,0,82.42416995427789,127.1141941177528,164.84833990855577,203.3836654723806,101.50256;98.368319;122.40922;100.06464;100.53717;109.06276;100.23991;110.36723;99.731637;93.982418;91.60609;92.517422;127.11419;87.026398;94.691349;88.354524;82.42417,203.00512;182.52986;192.37115;195.26002;201.07434;203.38367;198.15742;194.28489;194.09651;187.96484;183.21218;185.03484;190.32899;174.0528;189.3827;176.70905;164.84834,5.0292688;5.0143876;4.9166356;5.0053238;4.9550194;5.0397662;5.0751956;5.0457888;4.9884711;4.9910309;5.029018;5.0185368;4.9922815;4.9157532;4.9626985;4.9457687;5.0750554,5.349165803636424e-06,4.159603595733643,2.7043157047046407e-07,42980.25743155578,1.0,0.27982056238785485,True,,
174,174,-3.0,1.8670777474444993,edge,elliptical,2.1698759119915043,1.374759743492144,2.1831440072353123,1.670609080278479,71.00973286117527,1,,,,False,0.14448466442408647,0.5255207573148541,False,0.31426744830383946,2.529939898419055,0.5639098107483014,2.071362102469877,ballistic,20.60132317241117,,0.08412018687563856,5.683301042847466,1.6917669427856286,3.770138199708441,5.308529459271375,6.821008482736753,0.3715053391946781,0.18311368280270562,0.8576699286079352,0.12690744543039223,0.11219066874382048,0.8855068156263766,34.04535312100774,2.8530285049897537,0.04261768668308563,qp_ode,0.05,100.0,1.0134857860922272e-07,100.0,189.158629183088,0.5957210163389677,191.0,5.000000000000001,0.999,independent_lognormal,False,0.0,False,0.0,16.955163047733137,0.06293066823646275,False,0.0,fixed_device,0,82.42416995427789,127.1141941177528,164.84833990855577,203.3836654723806,101.50256;98.368319;122.40922;100.06464;100.53717;109.06276;100.23991;110.36723;99.731637;93.982418;91.60609;92.517422;127.11419;87.026398;94.691349;88.354524;82.42417,203.00512;182.52986;192.37115;195.26002;201.07434;203.38367;198.15742;194.28489;194.09651;187.96484;183.21218;185.03484;190.32899;174.0528;189.3827;176.70905;164.84834,5.0292688;5.0143876;4.9166356;5.0053238;4.9550194;5.0397662;5.0751956;5.0457888;4.9884711;4.9910309;5.029018;5.0185368;4.9922815;4.9157532;4.9626985;4.9457687;5.0750554,2.101570316881407e-06,9.851723670959473,1.0556532714645073e-07,42980.25743155578,1.0,0.18539176650250688,True,,
175,175,1.2785627886771245,-1.142092281378991,inside,elliptical,2.111373479894345,1.0661534546215254,8.12124528838919,1.2082633519873474,29.410574721402035,1,,,,False,0.17112508555199504,0.6474266479204207,False,0.2092862991329943,1.9359356240853776,0.6280066877766247,2.647668803216032,diffusive,,16.343906413558912,0.09489036996769319,3.16528954834161,1.1186929657185294,2.0475152027733774,6.125700096509643,6.04571208525324,0.43470640529319005,0.1458128399556518,0.9049483948258662,0.03160796079893213,0.37045978822907266,0.7810992744512059,20.135548238818576,2.8946812225568994,0.0698125526765505,qp_ode,0.05,100.0,1.8421123561350198e-07,100.0,189.158629183088,0.5008029760371528,191.0,5.000000000000001,0.999,independent_lognormal,False,0.0,False,0.0,15.531735479111079,0.09522050612315378,False,0.0,fixed_device,0,82.42416995427789,127.1141941177528,164.84833990855577,203.3836654723806,101.50256;98.368319;122.40922;100.06464;100.53717;109.06276;100.23991;110.36723;99.731637;93.982418;91.60609;92.517422;127.11419;87.026398;94.691349;88.354524;82.42417,203.00512;182.52986;192.37115;195.26002;201.07434;203.38367;198.15742;194.28489;194.09651;187.96484;183.21218;185.03484;190.32899;174.0528;189.3827;176.70905;164.84834,5.0292688;5.0143876;4.9166356;5.0053238;4.9550194;5.0397662;5.0751956;5.0457888;4.9884711;4.9910309;5.029018;5.0185368;4.9922815;4.9157532;4.9626985;4.9457687;5.0750554,3.5672383091878146e-06,6.112855911254883,1.8111921917807194e-07,42980.25743155578,1.0,0.20757524525552842,True,,
176,176,-0.9742789785869554,1.2730456808458612,inside,circular,2.451752457288854,0.9533515565873415,4.506966785498199,1.0,55.23140606733895,1,,,,False,0.07604329864429407,0.952462862522621,False,0.12498546159397553,3.4328787402874372,0.5136899351773863,1.8709362119083426,diffusive,,16.827914433274664,0.07082464299990783,9.165008390860763,1.056580523854867,3.0818391446779216,5.774059050050618,7.148394825754453,0.3477922035065034,0.4959850457369319,0.9441852775301129,0.6550301139205971,0.11779028308685638,0.603265899989516,23.218511673740274,2.9025967989004107,0.042850210496379715,qp_ode,0.05,100.0,2.841578564209117e-07,100.0,189.158629183088,0.6439413766299307,191.0,5.000000000000001,0.999,independent_lognormal,False,0.0,False,0.0,32.40338212191966,0.0898101251378527,False,0.0,fixed_device,0,82.42416995427789,127.1141941177528,164.84833990855577,203.3836654723806,101.50256;98.368319;122.40922;100.06464;100.53717;109.06276;100.23991;110.36723;99.731637;93.982418;91.60609;92.517422;127.11419;87.026398;94.691349;88.354524;82.42417,203.00512;182.52986;192.37115;195.26002;201.07434;203.38367;198.15742;194.28489;194.09651;187.96484;183.21218;185.03484;190.32899;174.0528;189.3827;176.70905;164.84834,5.0292688;5.0143876;4.9166356;5.0053238;4.9550194;5.0397662;5.0751956;5.0457888;4.9884711;4.9910309;5.029018;5.0185368;4.9922815;4.9157532;4.9626985;4.9457687;5.0750554,6.39509926259052e-06,3.489441156387329,3.239958346057392e-07,42980.25743155578,1.0,0.25020849282942664,True,,
177,177,-2.5054303818900294,0.8693307391763652,inside,circular,2.3585944504696355,0.8569328970095468,5.341926091844963,1.0,110.100064223935,1,,,,False,0.15895543788721236,0.9997959403165264,False,0.2998480530860712,3.8352922334666766,0.9961802726682942,2.985006978743988,diffusive,,16.6145092399641,0.026261992719682607,68.3811548777091,0.8357508034201244,2.077101393234939,5.425973223039906,8.073580219213376,0.28105597836325613,0.3100493109308182,0.8169906487136331,0.4886966137177294,0.2198732282637501,0.7763861232980438,34.87874782650281,3.316572474812666,0.009731840955951983,qp_ode,0.05,100.0,1.0338853637607735e-07,100.0,189.158629183088,1.7139742082312794,191.0,5.000000000000001,0.999,independent_lognormal,False,0.0,False,0.0,19.004701087640647,0.10678628283236968,False,0.0,fixed_device,0,82.42416995427789,127.1141941177528,164.84833990855577,203.3836654723806,101.50256;98.368319;122.40922;100.06464;100.53717;109.06276;100.23991;110.36723;99.731637;93.982418;91.60609;92.517422;127.11419;87.026398;94.691349;88.354524;82.42417,203.00512;182.52986;192.37115;195.26002;201.07434;203.38367;198.15742;194.28489;194.09651;187.96484;183.21218;185.03484;190.32899;174.0528;189.3827;176.70905;164.84834,5.0292688;5.0143876;4.9166356;5.0053238;4.9550194;5.0397662;5.0751956;5.0457888;4.9884711;4.9910309;5.029018;5.0185368;4.9922815;4.9157532;4.9626985;4.9457687;5.0750554,4.104334948351607e-06,5.368363857269287,2.0759767949130037e-07,42980.25743155578,1.0,0.2504613334266371,True,,
178,178,3.0,0.9680234901646254,edge,elliptical,2.1755595838515918,1.0969849613097258,6.679262495851708,1.272324747012235,148.47218780458428,1,,,,False,0.2099489012798736,0.27342262039759735,False,0.31581077213806674,2.7610514557526598,1.1402454564969027,1.133914216406353,ballistic,20.945936021670903,,0.037883842047292664,64.35377681506529,1.689970859098842,3.0764155429204,4.893939850285902,9.780508363728444,0.39694148006657204,0.14698633727784627,0.8180488534899557,0.5199719397527736,0.14535417369437392,1.037402494115311,29.149993446172132,2.871787084800743,0.006424584881714282,qp_ode,0.05,100.0,1.5234830789519774e-07,100.0,189.158629183088,1.7921093312858236,191.0,5.000000000000001,0.999,independent_lognormal,False,0.0,False,0.0,7.371184695474541,0.060280946206950174,False,0.0,fixed_device,0,82.42416995427789,127.1141941177528,164.84833990855577,203.3836654723806,101.50256;98.368319;122.40922;100.06464;100.53717;109.06276;100.23991;110.36723;99.731637;93.982418;91.60609;92.517422;127.11419;87.026398;94.691349;88.354524;82.42417,203.00512;182.52986;192.37115;195.26002;201.07434;203.38367;198.15742;194.28489;194.09651;187.96484;183.21218;185.03484;190.32899;174.0528;189.3827;176.70905;164.84834,5.0292688;5.0143876;4.9166356;5.0053238;4.9550194;5.0397662;5.0751956;5.0457888;4.9884711;4.9910309;5.029018;5.0185368;4.9922815;4.9157532;4.9626985;4.9457687;5.0750554,2.1939304133411497e-06,9.537214279174805,1.1018695289521929e-07,42980.25743155578,1.0,0.2454753463608024,True,,
179,179,-3.694568636948199,-2.9863259553946806,outside,elliptical,2.0249941948704007,1.1558715052056465,5.772171852605259,1.1330852619209137,133.25606056443974,1,,,,False,0.1270599343970769,0.03905506891911692,False,0.2500716792092738,3.274366344998535,0.978386808440382,2.465200596290872,ballistic,32.66185452873363,,0.053020059158054925,7.652966622946957,0.9809258568320758,2.1437800643018834,6.100195989660774,6.341344727311879,0.5864675797365178,0.3933697696497708,0.8366270324996564,0.026686836828856465,0.2560120549769424,0.8746012399629417,31.502043538551682,2.8520509189455177,0.003227698713596423,qp_ode,0.05,100.0,2.4584444771771015e-07,100.0,189.158629183088,1.2309310697204006,191.0,5.000000000000001,0.999,independent_lognormal,False,0.0,False,0.0,15.811341886671904,0.139808705815854,False,0.0,fixed_device,0,82.42416995427789,127.1141941177528,164.84833990855577,203.3836654723806,101.50256;98.368319;122.40922;100.06464;100.53717;109.06276;100.23991;110.36723;99.731637;93.982418;91.60609;92.517422;127.11419;87.026398;94.691349;88.354524;82.42417,203.00512;182.52986;192.37115;195.26002;201.07434;203.38367;198.15742;194.28489;194.09651;187.96484;183.21218;185.03484;190.32899;174.0528;189.3827;176.70905;164.84834,5.0292688;5.0143876;4.9166356;5.0053238;4.9550194;5.0397662;5.0751956;5.0457888;4.9884711;4.9910309;5.029018;5.0185368;4.9922815;4.9157532;4.9626985;4.9457687;5.0750554,3.306332246211241e-06,6.558289527893066,1.6724921181321406e-07,42980.25743155578,1.0,0.22496265669604457,True,,
180,180,1.074615205403049,-3.0,edge,elliptical,2.1581202441946616,0.954567677654977,3.896498379627909,2.234961009011254,78.13730153623298,1,,,,False,0.3742156941222212,0.47434382131870245,False,0.2001670504117667,2.7908772857261313,1.1274186716483459,1.5024259029619758,diffusive,,12.549483773314575,0.044591136997133185,22.119547725652104,0.8617879318902708,2.8943795795450526,4.379392188848782,9.532194917500412,0.36957886623758185,0.17948514511281854,0.8831639518583427,0.5955358961665914,0.2598067263524068,0.7214285904169246,32.216861766463865,3.199591479091266,0.00483510410766737,qp_ode,0.05,100.0,2.1387427557027244e-07,100.0,189.158629183088,1.147415909051716,191.0,5.000000000000001,0.999,independent_lognormal,False,0.0,False,0.0,5.974811116625104,0.0978023212296899,False,0.0,fixed_device,0,82.42416995427789,127.1141941177528,164.84833990855577,203.3836654723806,101.50256;98.368319;122.40922;100.06464;100.53717;109.06276;100.23991;110.36723;99.731637;93.982418;91.60609;92.517422;127.11419;87.026398;94.691349;88.354524;82.42417,203.00512;182.52986;192.37115;195.26002;201.07434;203.38367;198.15742;194.28489;194.09651;187.96484;183.21218;185.03484;190.32899;174.0528;189.3827;176.70905;164.84834,5.0292688;5.0143876;4.9166356;5.0053238;4.9550194;5.0397662;5.0751956;5.0457888;4.9884711;4.9910309;5.029018;5.0185368;4.9922815;4.9157532;4.9626985;4.9457687;5.0750554,4.0573172555014025e-06,5.4091973304748535,2.0456781157918158e-07,42980.25743155578,1.0,0.23547727745788177,True,,
181,181,-1.7287594434848212,-2.9871900924440524,inside,circular,1.808124238607734,1.5600345934165567,6.23287656456594,1.0,18.05277400696228,1,,,,False,0.29112853954382567,0.30019046374734537,False,0.19767022563151387,3.4643702194485444,1.0399693276538593,2.679293298326037,diffusive,,18.89717567414951,0.04175515351960077,76.85678162248104,0.9742551180703254,3.424219706653906,3.9171917408701127,5.140919733997055,0.16699969175701232,0.4964446522158351,0.995081333358302,0.632875843557323,0.3367328361982679,0.7620023781796632,33.642099448776904,3.324389452363735,0.05947540671014335,qp_ode,0.05,100.0,2.03166530246e-07,100.0,189.158629183088,1.8193188709904076,191.0,5.000000000000001,0.999,independent_lognormal,False,0.0,False,0.0,14.044235476267392,0.12386931902788668,False,0.0,fixed_device,0,82.42416995427789,127.1141941177528,164.84833990855577,203.3836654723806,101.50256;98.368319;122.40922;100.06464;100.53717;109.06276;100.23991;110.36723;99.731637;93.982418;91.60609;92.517422;127.11419;87.026398;94.691349;88.354524;82.42417,203.00512;182.52986;192.37115;195.26002;201.07434;203.38367;198.15742;194.28489;194.09651;187.96484;183.21218;185.03484;190.32899;174.0528;189.3827;176.70905;164.84834,5.0292688;5.0143876;4.9166356;5.0053238;4.9550194;5.0397662;5.0751956;5.0457888;4.9884711;4.9910309;5.029018;5.0185368;4.9922815;4.9157532;4.9626985;4.9457687;5.0750554,4.637301572074648e-06,4.767600059509277,2.34332006243676e-07,42980.25743155578,1.0,0.2678857636999634,True,,
182,182,-1.9466802158430254,0.6447747043938268,inside,elliptical,2.2010942651851164,1.3409377609369038,5.385343134634522,2.032999066659503,21.816555605897186,1,,,,False,0.08585487360692447,0.7730313257010984,False,0.20699456161231225,3.5363348248717186,0.8386730068255182,1.9628534283310972,diffusive,,12.7534385078161,0.07693708526013465,11.010489643073829,0.811558818441778,2.120121400178881,6.019014625984743,7.1453629546653605,0.3010997418433356,0.26120306570731033,0.9750921702110197,0.3455164008619955,0.45183659558576467,0.7815795746426254,23.880393577344023,2.873604520698263,0.029327459946556705,qp_ode,0.05,100.0,6.328206102157959e-08,100.0,189.158629183088,1.7109122781767268,191.0,5.000000000000001,0.999,independent_lognormal,False,0.0,False,0.0,22.17871869377212,0.053782974265770084,False,0.0,fixed_device,0,82.42416995427789,127.1141941177528,164.84833990855577,203.3836654723806,101.50256;98.368319;122.40922;100.06464;100.53717;109.06276;100.23991;110.36723;99.731637;93.982418;91.60609;92.517422;127.11419;87.026398;94.691349;88.354524;82.42417,203.00512;182.52986;192.37115;195.26002;201.07434;203.38367;198.15742;194.28489;194.09651;187.96484;183.21218;185.03484;190.32899;174.0528;189.3827;176.70905;164.84834,5.0292688;5.0143876;4.9166356;5.0053238;4.9550194;5.0397662;5.0751956;5.0457888;4.9884711;4.9910309;5.029018;5.0185368;4.9922815;4.9157532;4.9626985;4.9457687;5.0750554,1.303278622799553e-06,14.904353141784668,6.549691988766426e-08,42980.25743155578,1.0,0.2058676809355368,True,,
183,183,0.7870485828889517,-1.6906190309708022,inside,circular,1.959991730801458,0.9328790573164633,6.043200035563408,1.0,86.71696177691466,1,,,,False,0.10591611381282609,0.8861980178900476,False,0.1784435343659543,3.3803347486242497,0.7396035666263322,1.33777222272554,diffusive,,16.652334123334953,0.09223693654313701,10.727962188673352,1.3009665436935232,2.417806196479205,5.283857288939975,9.133946956371311,0.371469527445938,0.14196237273720924,0.8135047169329296,0.09772881413608535,0.44287714404658973,0.9018409262725987,25.857028686814832,3.2544475048611647,0.0002877931978708137,qp_ode,0.05,100.0,5.955131931587944e-08,100.0,189.158629183088,1.5779526771491008,191.0,5.000000000000001,0.999,independent_lognormal,False,0.0,False,0.0,20.2247918604931,0.11967743316564447,False,0.0,fixed_device,0,82.42416995427789,127.1141941177528,164.84833990855577,203.3836654723806,101.50256;98.368319;122.40922;100.06464;100.53717;109.06276;100.23991;110.36723;99.731637;93.982418;91.60609;92.517422;127.11419;87.026398;94.691349;88.354524;82.42417,203.00512;182.52986;192.37115;195.26002;201.07434;203.38367;198.15742;194.28489;194.09651;187.96484;183.21218;185.03484;190.32899;174.0528;189.3827;176.70905;164.84834,5.0292688;5.0143876;4.9166356;5.0053238;4.9550194;5.0397662;5.0751956;5.0457888;4.9884711;4.9910309;5.029018;5.0185368;4.9922815;4.9157532;4.9626985;4.9457687;5.0750554,9.374447813570441e-07,19.891592025756836,4.7091177179936494e-08,42980.25743155578,1.0,0.22178471370788175,True,,
184,184,-3.6629283457460255,-1.6856907617552563,outside,elliptical,2.17218654272728,1.6632741851847017,9.821174596761697,1.3827786880297017,14.961796684249482,1,,,,False,0.25929602166230903,0.005880519589046118,False,0.23137813787494407,1.988204973110228,0.9461969274221422,2.6395088056114018,diffusive,,6.362221817801382,0.08884034999183253,7.960846624107942,0.738275635139015,3.670141177919632,4.214020197224389,7.3370492863601635,0.48340833919783577,0.11739875712070025,0.9914897126795075,0.13464171591021384,0.4998109644263006,0.5474809911573216,28.55480834192134,3.052447083726249,0.009230223774995138,qp_ode,0.05,100.0,2.577130254341819e-07,100.0,189.158629183088,0.9531074710936913,191.0,5.000000000000001,0.999,independent_lognormal,False,0.0,False,0.0,61.571149120663165,0.081423731205955,False,0.0,fixed_device,0,82.42416995427789,127.1141941177528,164.84833990855577,203.3836654723806,101.50256;98.368319;122.40922;100.06464;100.53717;109.06276;100.23991;110.36723;99.731637;93.982418;91.60609;92.517422;127.11419;87.026398;94.691349;88.354524;82.42417,203.00512;182.52986;192.37115;195.26002;201.07434;203.38367;198.15742;194.28489;194.09651;187.96484;183.21218;185.03484;190.32899;174.0528;189.3827;176.70905;164.84834,5.0292688;5.0143876;4.9166356;5.0053238;4.9550194;5.0397662;5.0751956;5.0457888;4.9884711;4.9910309;5.029018;5.0185368;4.9922815;4.9157532;4.9626985;4.9457687;5.0750554,9.519035302218981e-06,2.379915952682495,4.854071562476747e-07,42980.25743155578,1.0,0.20595101907542834,True,,
185,185,1.1187900779682147,0.4713597271442609,inside,elliptical,1.7790103698129174,1.3142629941507418,2.2898271521635536,1.2948941527271867,54.851177718978704,1,,,,False,0.33396443490523925,0.9116710409368253,False,0.1473667398169211,3.735998455515348,0.5222924044740855,1.3977953376916603,diffusive,,10.35552615838398,0.09443204159131582,70.56565147994283,1.6190394940097126,3.4438113498752494,6.24475838276577,5.7895518555583,0.4889118388472594,0.3956649463249501,0.8368729254094524,0.29065406004492794,0.35601863061153344,0.6958645252856891,31.625270529962027,2.849158798062964,0.062353523498271564,qp_ode,0.05,100.0,2.7600667211139737e-07,100.0,189.158629183088,1.74002801488399,191.0,5.000000000000001,0.999,independent_lognormal,False,0.0,False,0.0,13.888672399729515,0.12494923641918958,False,0.0,fixed_device,0,82.42416995427789,127.1141941177528,164.84833990855577,203.3836654723806,101.50256;98.368319;122.40922;100.06464;100.53717;109.06276;100.23991;110.36723;99.731637;93.982418;91.60609;92.517422;127.11419;87.026398;94.691349;88.354524;82.42417,203.00512;182.52986;192.37115;195.26002;201.07434;203.38367;198.15742;194.28489;194.09651;187.96484;183.21218;185.03484;190.32899;174.0528;189.3827;176.70905;164.84834,5.0292688;5.0143876;4.9166356;5.0053238;4.9550194;5.0397662;5.0751956;5.0457888;4.9884711;4.9910309;5.029018;5.0185368;4.9922815;4.9157532;4.9626985;4.9457687;5.0750554,6.273139206314227e-06,3.6064250469207764,3.193493682829285e-07,42980.25743155578,1.0,0.3082841287927322,True,,
186,186,0.17718605466252857,3.0,edge,elliptical,1.9761034199443082,1.390580437625641,5.4788595537950275,1.3390506023689928,150.16974410276865,1,,,,False,0.37307387540425513,0.7371473181147805,False,0.15442758740293688,1.990262798093626,1.1317288686202995,1.848623301608029,diffusive,,15.433555589925634,0.09041956569301787,8.30880784650768,1.6674292730607836,2.248374207790442,4.938879936454941,5.382307276982194,0.1531257550399042,0.4648028302846312,0.9154916104656576,0.03527416086351023,0.2888553191637382,0.975928438173941,23.737528390694035,3.18615101769414,0.04074211066545665,qp_ode,0.05,100.0,1.336510405733224e-07,100.0,189.158629183088,1.8846113474242725,191.0,5.000000000000001,0.999,independent_lognormal,False,0.0,False,0.0,17.290706583260995,0.11059598091546527,False,0.0,fixed_device,0,82.42416995427789,127.1141941177528,164.84833990855577,203.3836654723806,101.50256;98.368319;122.40922;100.06464;100.53717;109.06276;100.23991;110.36723;99.731637;93.982418;91.60609;92.517422;127.11419;87.026398;94.691349;88.354524;82.42417,203.00512;182.52986;192.37115;195.26002;201.07434;203.38367;198.15742;194.28489;194.09651;187.96484;183.21218;185.03484;190.32899;174.0528;189.3827;176.70905;164.84834,5.0292688;5.0143876;4.9166356;5.0053238;4.9550194;5.0397662;5.0751956;5.0457888;4.9884711;4.9910309;5.029018;5.0185368;4.9922815;4.9157532;4.9626985;4.9457687;5.0750554,2.4644546101626474e-06,8.414073944091797,1.2429421758497483e-07,42980.25743155578,1.0,0.24217608817028258,True,,
187,187,-2.276188931818182,-1.6849306135062516,inside,circular,2.2503534740948106,1.6868230066793184,2.466527559335872,1.0,80.27338369854603,1,,,,False,0.3807213348812964,0.30253227662908344,False,0.11208746667919357,1.8523506019788238,0.696406484898045,2.779173271682217,diffusive,,17.07218792422269,0.023394549899082778,11.2627484528395,1.299957841945901,3.2655643038664923,5.243036607750732,5.368621339495095,0.41460995743115237,0.23682262703666615,0.9034104464561549,0.3806741507134711,0.1317244193498596,0.7891758328123757,33.139736513174554,3.092688916787422,0.07027226800688315,qp_ode,0.05,100.0,1.7070307343771665e-07,100.0,189.158629183088,1.0254213077769025,191.0,5.000000000000001,0.999,independent_lognormal,False,0.0,False,0.0,18.4449020741469,0.06132030824854228,False,0.0,fixed_device,0,82.42416995427789,127.1141941177528,164.84833990855577,203.3836654723806,101.50256;98.368319;122.40922;100.06464;100.53717;109.06276;100.23991;110.36723;99.731637;93.982418;91.60609;92.517422;127.11419;87.026398;94.691349;88.354524;82.42417,203.00512;182.52986;192.37115;195.26002;201.07434;203.38367;198.15742;194.28489;194.09651;187.96484;183.21218;185.03484;190.32899;174.0528;189.3827;176.70905;164.84834,5.0292688;5.0143876;4.9166356;5.0053238;4.9550194;5.0397662;5.0751956;5.0457888;4.9884711;4.9910309;5.029018;5.0185368;4.9922815;4.9157532;4.9626985;4.9457687;5.0750554,4.448542313184589e-06,4.992854595184326,2.244992884925523e-07,42980.25743155578,1.0,0.23269986415213365,True,,
188,188,-2.1341305626086506,0.5891288095014549,inside,elliptical,1.9698724165174732,0.9384603898364555,9.373949620899285,2.100769229865976,9.795278319949807,1,,,,False,0.287977213259599,0.8462855818186036,False,0.37860997106527006,3.4831914257741543,1.0212281162132104,1.2607670760652396,ballistic,28.835506792025868,,0.09011532996477463,40.31622619748169,0.45058186545067547,2.2876950613576716,4.812336859532428,7.216539583711699,0.31693549818708566,0.2460355806375738,0.9787524497599795,0.0030426432818940977,0.29431271844999485,1.126452843987421,22.87000590950759,3.0215634960543496,0.0652484987874314,qp_ode,0.05,100.0,2.7889153747291776e-07,100.0,189.158629183088,1.9122121243165797,191.0,5.000000000000001,0.999,independent_lognormal,False,0.0,False,0.0,52.948486069655445,0.11829594317837547,False,0.0,fixed_device,0,82.42416995427789,127.1141941177528,164.84833990855577,203.3836654723806,101.50256;98.368319;122.40922;100.06464;100.53717;109.06276;100.23991;110.36723;99.731637;93.982418;91.60609;92.517422;127.11419;87.026398;94.691349;88.354524;82.42417,203.00512;182.52986;192.37115;195.26002;201.07434;203.38367;198.15742;194.28489;194.09651;187.96484;183.21218;185.03484;190.32899;174.0528;189.3827;176.70905;164.84834,5.0292688;5.0143876;4.9166356;5.0053238;4.9550194;5.0397662;5.0751956;5.0457888;4.9884711;4.9910309;5.029018;5.0185368;4.9922815;4.9157532;4.9626985;4.9457687;5.0750554,5.520642844203394e-06,4.078289031982422,2.799512230922119e-07,42980.25743155578,1.0,0.37969278089342984,True,,
189,189,-3.2884924900036694,0.1361646103516856,outside,circular,2.1407116805060276,0.9596917989754339,5.511566971035843,1.0,32.969732977827974,1,,,,False,0.2368414448257688,0.5890727461679013,False,0.36577739678657084,1.780660348627628,1.1353636601623713,2.9548653513454175,ballistic,33.44807970670386,,0.03150675339517938,17.649192293744544,1.2258301739230346,3.0458935664297986,5.420750821039927,7.656789685108993,0.5722330047953037,0.21125722086105642,0.917351219017849,0.44802051917357366,0.18079495086043645,1.1659348106205405,31.19280609330461,2.993321121183932,0.012250236692103194,qp_ode,0.05,100.0,1.477970705789022e-07,100.0,189.158629183088,0.9683547071810881,191.0,5.000000000000001,0.999,independent_lognormal,False,0.0,False,0.0,11.672768063163414,0.10293038956239864,False,0.0,fixed_device,0,82.42416995427789,127.1141941177528,164.84833990855577,203.3836654723806,101.50256;98.368319;122.40922;100.06464;100.53717;109.06276;100.23991;110.36723;99.731637;93.982418;91.60609;92.517422;127.11419;87.026398;94.691349;88.354524;82.42417,203.00512;182.52986;192.37115;195.26002;201.07434;203.38367;198.15742;194.28489;194.09651;187.96484;183.21218;185.03484;190.32899;174.0528;189.3827;176.70905;164.84834,5.0292688;5.0143876;4.9166356;5.0053238;4.9550194;5.0397662;5.0751956;5.0457888;4.9884711;4.9910309;5.029018;5.0185368;4.9922815;4.9157532;4.9626985;4.9457687;5.0750554,3.484394710540073e-06,6.247988224029541,1.7607285940357542e-07,42980.25743155578,1.0,0.22880517383095292,True,,
190,190,-0.39793657069280686,2.649684543731734,inside,circular,2.2053060838880043,0.8978687924014822,3.879267249868713,1.0,18.89928751997336,1,,,,False,0.0634006900353138,0.9560113904097064,False,0.2277787168826298,1.7566864872311374,0.713917113067439,2.001403721521917,diffusive,,6.894317199542597,0.0310061716715811,67.80189389072302,0.8617945430360273,3.790666281534197,5.538615520534559,5.535160763852625,0.32710394603820453,0.4844863396218556,0.9048465604251311,0.2272991701336994,0.1429240134466279,0.6909403266452079,30.929151422375064,3.2754026712835698,0.07418565972948034,qp_ode,0.05,100.0,3.535399107096721e-08,100.0,189.158629183088,1.9123942793805724,191.0,5.000000000000001,0.999,independent_lognormal,False,0.0,False,0.0,4.869976878962335,0.06515152700471155,False,0.0,fixed_device,0,82.42416995427789,127.1141941177528,164.84833990855577,203.3836654723806,101.50256;98.368319;122.40922;100.06464;100.53717;109.06276;100.23991;110.36723;99.731637;93.982418;91.60609;92.517422;127.11419;87.026398;94.691349;88.354524;82.42417,203.00512;182.52986;192.37115;195.26002;201.07434;203.38367;198.15742;194.28489;194.09651;187.96484;183.21218;185.03484;190.32899;174.0528;189.3827;176.70905;164.84834,5.0292688;5.0143876;4.9166356;5.0053238;4.9550194;5.0397662;5.0751956;5.0457888;4.9884711;4.9910309;5.029018;5.0185368;4.9922815;4.9157532;4.9626985;4.9457687;5.0750554,8.355956993000291e-07,21.230775833129883,4.196088809749199e-08,42980.25743155578,1.0,0.2082718766740657,True,,
191,191,1.2855531090691494,-3.0,edge,circular,2.240706163065496,1.6475449241782245,7.70067947398856,1.0,71.31617428064658,1,,,,False,0.1293686855849317,0.16563335461595785,False,0.35647173662249265,3.348179728391612,1.1358470993094998,1.9025990130504522,diffusive,,16.209631384979204,0.09449657387792215,20.6430008983701,1.111296155812882,3.7674808666713764,6.06828118291394,5.073598903598342,0.4028777218307824,0.13948354195108661,0.934610778103603,0.5542455103924763,0.26061521180571706,0.5216832436397162,33.99710551628632,2.8870373511263043,0.024140352324607976,qp_ode,0.05,100.0,1.757029099794238e-07,100.0,189.158629183088,1.2415615354723435,191.0,5.000000000000001,0.999,independent_lognormal,False,0.0,False,0.0,45.64018191255509,0.13730524822696033,False,0.0,fixed_device,0,82.42416995427789,127.1141941177528,164.84833990855577,203.3836654723806,101.50256;98.368319;122.40922;100.06464;100.53717;109.06276;100.23991;110.36723;99.731637;93.982418;91.60609;92.517422;127.11419;87.026398;94.691349;88.354524;82.42417,203.00512;182.52986;192.37115;195.26002;201.07434;203.38367;198.15742;194.28489;194.09651;187.96484;183.21218;185.03484;190.32899;174.0528;189.3827;176.70905;164.84834,5.0292688;5.0143876;4.9166356;5.0053238;4.9550194;5.0397662;5.0751956;5.0457888;4.9884711;4.9910309;5.029018;5.0185368;4.9922815;4.9157532;4.9626985;4.9457687;5.0750554,6.170098004076863e-06,3.6265716552734375,3.124618785932398e-07,42980.25743155578,1.0,0.2292480498213853,True,,
192,192,0.6597558318748686,-2.049025086781625,inside,elliptical,1.804602053024242,1.420030214177923,9.692417465522114,2.1449650031739704,164.9327398479403,1,,,,False,0.3176526017208385,0.8273494557094897,False,0.2162183135811624,2.769502056806302,1.1146849250836794,2.020100184945086,diffusive,,6.286047965469685,0.020137201439984813,0.6637673333043193,1.2554198699301833,3.31830585783735,4.628396788596534,6.0142317159293635,0.39728975331650007,0.3892347905789677,0.9351960668565653,0.3094239177708734,0.23814623961531628,0.8084926404416168,21.419556295724774,3.195724117552703,0.02556747223688565,qp_ode,0.05,100.0,5.118791758591488e-08,100.0,189.158629183088,0.4588489651468372,191.0,5.000000000000001,0.999,independent_lognormal,False,0.0,False,0.0,7.549354453183035,0.13029463029366545,False,0.0,fixed_device,0,82.42416995427789,127.1141941177528,164.84833990855577,203.3836654723806,101.50256;98.368319;122.40922;100.06464;100.53717;109.06276;100.23991;110.36723;99.731637;93.982418;91.60609;92.517422;127.11419;87.026398;94.691349;88.354524;82.42417,203.00512;182.52986;192.37115;195.26002;201.07434;203.38367;198.15742;194.28489;194.09651;187.96484;183.21218;185.03484;190.32899;174.0528;189.3827;176.70905;164.84834,5.0292688;5.0143876;4.9166356;5.0053238;4.9550194;5.0397662;5.0751956;5.0457888;4.9884711;4.9910309;5.029018;5.0185368;4.9922815;4.9157532;4.9626985;4.9457687;5.0750554,1.1083009212597972e-06,17.28012466430664,5.576881534352651e-08,42980.25743155578,1.0,0.19332052212010833,True,,
193,193,1.4504395679899034,2.651061036838219,inside,circular,2.3561105292640114,1.3549522092169992,8.226290263721793,1.0,104.73583545303896,1,,,,False,0.1871005407603037,0.8017828696626648,False,0.24062183951614488,3.9751665443192685,0.7766174869632569,1.781994304587525,ballistic,28.44596798214597,,0.05232480871793142,18.24745275670354,1.7344289309591345,3.695445852828703,4.280398404829557,9.041391909361227,0.4411933395425943,0.3551897758646524,0.9948172023522098,0.08225146295925577,0.3649587940161374,0.8668315793607975,27.730213315471524,2.921809524531388,0.038714703231919625,qp_ode,0.05,100.0,8.686373446242553e-08,100.0,189.158629183088,0.245320272106619,191.0,5.000000000000001,0.999,independent_lognormal,False,0.0,False,0.0,10.514937887825445,0.14509367811926427,False,0.0,fixed_device,0,82.42416995427789,127.1141941177528,164.84833990855577,203.3836654723806,101.50256;98.368319;122.40922;100.06464;100.53717;109.06276;100.23991;110.36723;99.731637;93.982418;91.60609;92.517422;127.11419;87.026398;94.691349;88.354524;82.42417,203.00512;182.52986;192.37115;195.26002;201.07434;203.38367;198.15742;194.28489;194.09651;187.96484;183.21218;185.03484;190.32899;174.0528;189.3827;176.70905;164.84834,5.0292688;5.0143876;4.9166356;5.0053238;4.9550194;5.0397662;5.0751956;5.0457888;4.9884711;4.9910309;5.029018;5.0185368;4.9922815;4.9157532;4.9626985;4.9457687;5.0750554,1.7786650232665124e-06,11.53093147277832,8.950777186100822e-08,42980.25743155578,1.0,0.18018006658686647,True,,
194,194,0.9541541627862449,2.026035868277167,inside,elliptical,2.3709329257980563,1.1095555843872347,2.763268691323881,2.150525494529669,142.55467674811928,1,,,,False,0.22224381916672775,0.31389817030479494,False,0.2623211217353806,3.7920180646522064,0.700552618014133,2.7427095789935443,diffusive,,11.783584505954263,0.04419661918334858,29.234307300881923,1.8779653295133092,3.283351798804422,4.139950276154054,5.358764971850927,0.20919106836733042,0.20889495864134258,0.9051338600850727,0.5194302555114158,0.4272007000857551,0.63554773325738,28.50860058861236,2.845303050040974,0.04197898701404396,qp_ode,0.05,100.0,2.1935855070699834e-08,100.0,189.158629183088,1.313345646554227,191.0,5.000000000000001,0.999,independent_lognormal,False,0.0,False,0.0,21.13439247336783,0.12130359913955752,False,0.0,fixed_device,0,82.42416995427789,127.1141941177528,164.84833990855577,203.3836654723806,101.50256;98.368319;122.40922;100.06464;100.53717;109.06276;100.23991;110.36723;99.731637;93.982418;91.60609;92.517422;127.11419;87.026398;94.691349;88.354524;82.42417,203.00512;182.52986;192.37115;195.26002;201.07434;203.38367;198.15742;194.28489;194.09651;187.96484;183.21218;185.03484;190.32899;174.0528;189.3827;176.70905;164.84834,5.0292688;5.0143876;4.9166356;5.0053238;4.9550194;5.0397662;5.0751956;5.0457888;4.9884711;4.9910309;5.029018;5.0185368;4.9922815;4.9157532;4.9626985;4.9457687;5.0750554,4.018923505100247e-07,33.85795211791992,2.016373024105178e-08,42980.25743155578,1.0,0.17634352401713246,True,,
195,195,-0.8779819797541397,-0.5074000350990193,inside,elliptical,1.8687191964513838,1.330279673559291,3.7668248872097942,2.064568920493005,110.12860480541718,1,,,,False,0.378702241656935,0.6033213140751178,False,0.3199299252153076,3.306871720075872,0.8458419182933863,2.5704342570117196,ballistic,28.289308015954514,,0.11632462235479579,3.0972058485590814,1.0939919216226697,3.78520804908832,5.67574135165099,9.39720469468848,0.47743908716472216,0.4732673543842476,0.9802341608753894,0.5623608564431638,0.1811680642911298,0.7457093473619069,31.031663382204798,3.365369545212331,0.06161614932322399,qp_ode,0.05,100.0,1.6464525970766764e-07,100.0,189.158629183088,0.4670627501975399,191.0,5.000000000000001,0.999,independent_lognormal,False,0.0,False,0.0,25.711931710644315,0.07524135816119941,False,0.0,fixed_device,0,82.42416995427789,127.1141941177528,164.84833990855577,203.3836654723806,101.50256;98.368319;122.40922;100.06464;100.53717;109.06276;100.23991;110.36723;99.731637;93.982418;91.60609;92.517422;127.11419;87.026398;94.691349;88.354524;82.42417,203.00512;182.52986;192.37115;195.26002;201.07434;203.38367;198.15742;194.28489;194.09651;187.96484;183.21218;185.03484;190.32899;174.0528;189.3827;176.70905;164.84834,5.0292688;5.0143876;4.9166356;5.0053238;4.9550194;5.0397662;5.0751956;5.0457888;4.9884711;4.9910309;5.029018;5.0185368;4.9922815;4.9157532;4.9626985;4.9457687;5.0750554,3.986692263424629e-06,5.503464221954346,2.009688415682831e-07,42980.25743155578,1.0,0.23568485731243877,True,,
196,196,0.5825494272237344,2.4142126454334347,inside,circular,2.1747523089134972,1.261691678371059,7.092433146670983,1.0,28.870076639603887,1,,,,False,0.22002809877756468,0.9526056472971739,False,0.20150831765365884,2.85492016413565,0.6053344344276812,2.380155903287622,ballistic,25.568516681652547,,0.10954697294829979,4.781575540277627,1.7517478235860025,3.1794040585852024,5.627851443369929,7.141614018680677,0.16170071315390452,0.27178381458121537,0.9310748190788396,0.4642544944426066,0.4909712696580342,0.8373803220059464,24.57226292959804,3.2178804660964757,0.05091774600316442,qp_ode,0.05,100.0,2.8566866167333153e-07,100.0,189.158629183088,0.6740164292806231,191.0,5.000000000000001,0.999,independent_lognormal,False,0.0,False,0.0,11.672844945223396,0.07909849233928415,False,0.0,fixed_device,0,82.42416995427789,127.1141941177528,164.84833990855577,203.3836654723806,101.50256;98.368319;122.40922;100.06464;100.53717;109.06276;100.23991;110.36723;99.731637;93.982418;91.60609;92.517422;127.11419;87.026398;94.691349;88.354524;82.42417,203.00512;182.52986;192.37115;195.26002;201.07434;203.38367;198.15742;194.28489;194.09651;187.96484;183.21218;185.03484;190.32899;174.0528;189.3827;176.70905;164.84834,5.0292688;5.0143876;4.9166356;5.0053238;4.9550194;5.0397662;5.0751956;5.0457888;4.9884711;4.9910309;5.029018;5.0185368;4.9922815;4.9157532;4.9626985;4.9457687;5.0750554,5.529249392566271e-06,4.017675876617432,2.7964870241703466e-07,42980.25743155578,1.0,0.27305177188335666,True,,
197,197,-3.9949936850102583,-1.0984849280932063,outside,circular,1.8553566299161646,1.1908230126832757,9.933883910335098,1.0,173.20359071118287,1,,,,False,0.12902183607729303,0.1876397310568405,False,0.16162109233041883,3.5727946190097772,0.7001838730414215,2.161881240500925,ballistic,36.8191330297973,,0.08936609302292571,48.60570913582524,1.0381560081938117,2.766406762315657,5.342826507912513,8.599618951815518,0.5959428513561166,0.23643347489313987,0.9713464868931428,0.0867531887330486,0.26523410913346523,1.0671071198241902,32.05430088469077,3.242791660643984,0.0007498843690018742,qp_ode,0.05,100.0,1.4011045879996488e-07,100.0,189.158629183088,0.9000329477467444,191.0,5.000000000000001,0.999,independent_lognormal,False,0.0,False,0.0,13.384055983300874,0.12454870023701857,False,0.0,fixed_device,0,82.42416995427789,127.1141941177528,164.84833990855577,203.3836654723806,101.50256;98.368319;122.40922;100.06464;100.53717;109.06276;100.23991;110.36723;99.731637;93.982418;91.60609;92.517422;127.11419;87.026398;94.691349;88.354524;82.42417,203.00512;182.52986;192.37115;195.26002;201.07434;203.38367;198.15742;194.28489;194.09651;187.96484;183.21218;185.03484;190.32899;174.0528;189.3827;176.70905;164.84834,5.0292688;5.0143876;4.9166356;5.0053238;4.9550194;5.0397662;5.0751956;5.0457888;4.9884711;4.9910309;5.029018;5.0185368;4.9922815;4.9157532;4.9626985;4.9457687;5.0750554,3.102219125139527e-06,6.964888095855713,1.5735743374989397e-07,42980.25743155578,1.0,0.230124268410001,True,,
198,198,-0.5286533581957329,0.8249150278779895,inside,circular,2.2257674340073206,1.5717077174047034,8.901740829506021,1.0,98.00596541171467,1,,,,False,0.1789394929877679,0.4637977769075786,False,0.3793925619588282,2.9547631004680364,0.5825755724589301,1.4639645657365612,ballistic,25.605729625268008,,0.1096524839813831,60.44956664774898,0.8913626398075675,3.733572138399088,4.468462238772584,8.239804609337302,0.5810170399192293,0.38552643834139133,0.8850995621962973,0.6870540704648178,0.198112095263632,0.6355694717474939,33.93165437596831,3.337876591727454,0.005118667876539042,qp_ode,0.05,100.0,2.213116301972466e-07,100.0,189.158629183088,0.2060256540759859,191.0,5.000000000000001,0.999,independent_lognormal,False,0.0,False,0.0,31.536059767788434,0.09765735088026711,False,0.0,fixed_device,0,82.42416995427789,127.1141941177528,164.84833990855577,203.3836654723806,101.50256;98.368319;122.40922;100.06464;100.53717;109.06276;100.23991;110.36723;99.731637;93.982418;91.60609;92.517422;127.11419;87.026398;94.691349;88.354524;82.42417,203.00512;182.52986;192.37115;195.26002;201.07434;203.38367;198.15742;194.28489;194.09651;187.96484;183.21218;185.03484;190.32899;174.0528;189.3827;176.70905;164.84834,5.0292688;5.0143876;4.9166356;5.0053238;4.9550194;5.0397662;5.0751956;5.0457888;4.9884711;4.9910309;5.029018;5.0185368;4.9922815;4.9157532;4.9626985;4.9457687;5.0750554,5.734074875363149e-06,3.871809959411621,2.900993365528848e-07,42980.25743155578,1.0,0.2164362154827196,True,,
199,199,-1.5567015473224832,-1.5315966478138798,inside,elliptical,2.41671367501955,1.3427704632240491,5.207816476559147,2.3249879377797003,122.34633671473362,1,,,,False,0.1278317551184083,0.5426014725081474,False,0.12774879412767004,3.4919304087278333,1.078162269873455,1.1057613852220902,ballistic,26.490393212248787,,0.07880941929581022,36.47930544272214,0.6108090701045404,2.7923797494171105,5.2186614681228445,6.656272017851926,0.18370150865693433,0.41148697889744146,0.8211497217548878,0.583181523584292,0.2014165695069391,1.0397162918720888,24.433338893497435,2.863954239495747,0.023625936828868505,qp_ode,0.05,100.0,1.2909323527800265e-07,100.0,189.158629183088,1.079803013026148,191.0,5.000000000000001,0.999,independent_lognormal,False,0.0,False,0.0,12.513739949066686,0.06900895679317409,False,0.0,fixed_device,0,82.42416995427789,127.1141941177528,164.84833990855577,203.3836654723806,101.50256;98.368319;122.40922;100.06464;100.53717;109.06276;100.23991;110.36723;99.731637;93.982418;91.60609;92.517422;127.11419;87.026398;94.691349;88.354524;82.42417,203.00512;182.52986;192.37115;195.26002;201.07434;203.38367;198.15742;194.28489;194.09651;187.96484;183.21218;185.03484;190.32899;174.0528;189.3827;176.70905;164.84834,5.0292688;5.0143876;4.9166356;5.0053238;4.9550194;5.0397662;5.0751956;5.0457888;4.9884711;4.9910309;5.029018;5.0185368;4.9922815;4.9157532;4.9626985;4.9457687;5.0750554,3.7973697999404976e-06,5.762269496917725,1.913489029448101e-07,42980.25743155578,1.0,0.22020845220841323,True,,
200,200,-2.8019395880602858,-1.4447573222192767,inside,circular,1.851572963344221,0.8005592003269973,4.7010164544620325,1.0,138.80933565865112,1,,,,False,0.36729808755821824,0.10992809717661345,False,0.2746212817561523,1.9259912574669942,1.15043492837985,1.4183714322493028,diffusive,,6.819620416659786,0.10422501434464318,70.59202457552405,1.8234143854051128,2.6867687314505955,3.6600504303264487,8.032090408293165,0.34963810656859134,0.21371676412202514,0.9175983001563139,0.74119194919147,0.41816789827320505,1.006259067047194,23.574304254024394,3.3910302811901807,0.07195933522319069,qp_ode,0.05,100.0,7.244305869493723e-08,100.0,189.158629183088,1.8520311058969605,191.0,5.000000000000001,0.999,independent_lognormal,False,0.0,False,0.0,76.17077508852664,0.12228583822330587,False,0.0,fixed_device,0,82.42416995427789,127.1141941177528,164.84833990855577,203.3836654723806,101.50256;98.368319;122.40922;100.06464;100.53717;109.06276;100.23991;110.36723;99.731637;93.982418;91.60609;92.517422;127.11419;87.026398;94.691349;88.354524;82.42417,203.00512;182.52986;192.37115;195.26002;201.07434;203.38367;198.15742;194.28489;194.09651;187.96484;183.21218;185.03484;190.32899;174.0528;189.3827;176.70905;164.84834,5.0292688;5.0143876;4.9166356;5.0053238;4.9550194;5.0397662;5.0751956;5.0457888;4.9884711;4.9910309;5.029018;5.0185368;4.9922815;4.9157532;4.9626985;4.9457687;5.0750554,1.3171810451240162e-06,15.008065223693848,6.614956760131463e-08,42980.25743155578,1.0,0.21672108111622468,True,,
201,201,-0.18343591268193604,3.0,edge,circular,2.3628418704663634,1.3066826547672867,3.772143042265494,1.0,97.95882321244501,1,,,,False,0.1017988895310484,0.3764900715425432,False,0.2657912498622614,2.7171593932518574,0.5968614777645628,1.9375416830559162,ballistic,39.34935785047004,,0.020862262050720264,7.349615627117796,0.8582003630829993,2.97546559677624,5.483058827763517,6.31501274876795,0.1807584404382415,0.24273045402464877,0.9780277413671167,0.1946703542006487,0.14230113854167628,0.7235585067151494,32.09665056602155,2.9004147353622103,0.025979366643351112,qp_ode,0.05,100.0,3.9776607972853534e-08,100.0,189.158629183088,1.0271114118279074,191.0,5.000000000000001,0.999,independent_lognormal,False,0.0,False,0.0,8.313884558732415,0.0853708972411018,False,0.0,fixed_device,0,82.42416995427789,127.1141941177528,164.84833990855577,203.3836654723806,101.50256;98.368319;122.40922;100.06464;100.53717;109.06276;100.23991;110.36723;99.731637;93.982418;91.60609;92.517422;127.11419;87.026398;94.691349;88.354524;82.42417,203.00512;182.52986;192.37115;195.26002;201.07434;203.38367;198.15742;194.28489;194.09651;187.96484;183.21218;185.03484;190.32899;174.0528;189.3827;176.70905;164.84834,5.0292688;5.0143876;4.9166356;5.0053238;4.9550194;5.0397662;5.0751956;5.0457888;4.9884711;4.9910309;5.029018;5.0185368;4.9922815;4.9157532;4.9626985;4.9457687;5.0750554,8.022026349863154e-07,22.247705459594727,4.0185728522601494e-08,42980.25743155578,1.0,0.18863332366158453,True,,
202,202,0.7474142965420896,-3.3808415768428555,outside,elliptical,2.03776193513745,1.3512560651135856,5.053566280100686,1.429864080599136,110.80229436719446,1,,,,False,0.11090039723809535,0.21549902234569907,False,0.3820460448148213,1.6310090537483541,0.9050194843564974,1.1287148953867259,diffusive,,15.537320674178337,0.07659161410945187,11.451723158096074,1.5779413561524893,2.1198204396754234,5.609971874521263,9.75941790432908,0.39976791140764123,0.1704278316572832,0.9298543623537618,0.14565030620675437,0.3323890378833764,0.849471788024728,29.81045639609501,2.88806439072974,0.013571595334598206,qp_ode,0.05,100.0,3.3640513255527913e-08,100.0,189.158629183088,0.973820681832309,191.0,5.000000000000001,0.999,independent_lognormal,False,0.0,False,0.0,20.00684512176686,0.1494152401840278,False,0.0,fixed_device,0,82.42416995427789,127.1141941177528,164.84833990855577,203.3836654723806,101.50256;98.368319;122.40922;100.06464;100.53717;109.06276;100.23991;110.36723;99.731637;93.982418;91.60609;92.517422;127.11419;87.026398;94.691349;88.354524;82.42417,203.00512;182.52986;192.37115;195.26002;201.07434;203.38367;198.15742;194.28489;194.09651;187.96484;183.21218;185.03484;190.32899;174.0528;189.3827;176.70905;164.84834,5.0292688;5.0143876;4.9166356;5.0053238;4.9550194;5.0397662;5.0751956;5.0457888;4.9884711;4.9910309;5.029018;5.0185368;4.9922815;4.9157532;4.9626985;4.9457687;5.0750554,7.209895898085961e-07,24.27237892150879,3.61519276736999e-08,42980.25743155578,1.0,0.1780096306923788,True,,
203,203,-1.8142675486023163,1.0432593658847757,inside,circular,2.2552450185054576,1.0546839352673918,4.724097044102223,1.0,35.000900332030625,1,,,,False,0.3397463372465066,0.49585586432777895,False,0.1333143261564176,1.6101002571797414,0.7677449280035212,2.200475568925903,ballistic,15.451186936812805,,0.05756277856138502,53.51015477291541,0.7109190481676525,2.253035049405877,4.048626328806785,6.790656975998938,0.40999388674370396,0.28295681382184046,0.9900930687349796,0.4151600495780501,0.09962519443668973,0.5505078577078986,31.22333698060724,3.2105424491820025,0.0727746477412014,qp_ode,0.05,100.0,1.1498333867687125e-07,100.0,189.158629183088,1.9441175524161034,191.0,5.000000000000001,0.999,independent_lognormal,False,0.0,False,0.0,8.229074374721325,0.08653781798237217,False,0.0,fixed_device,0,82.42416995427789,127.1141941177528,164.84833990855577,203.3836654723806,101.50256;98.368319;122.40922;100.06464;100.53717;109.06276;100.23991;110.36723;99.731637;93.982418;91.60609;92.517422;127.11419;87.026398;94.691349;88.354524;82.42417,203.00512;182.52986;192.37115;195.26002;201.07434;203.38367;198.15742;194.28489;194.09651;187.96484;183.21218;185.03484;190.32899;174.0528;189.3827;176.70905;164.84834,5.0292688;5.0143876;4.9166356;5.0053238;4.9550194;5.0397662;5.0751956;5.0457888;4.9884711;4.9910309;5.029018;5.0185368;4.9922815;4.9157532;4.9626985;4.9457687;5.0750554,2.294512114531244e-06,9.39755916595459,1.1535363597658943e-07,42980.25743155578,1.0,0.2689920617058692,True,,
204,204,-1.6218314188520573,-1.8371047277459516,inside,elliptical,2.1359885263920684,1.5217445646291146,2.663097515188255,2.1210002661048506,172.22415911546457,1,,,,False,0.26625737493712087,0.1938263931024352,False,0.386312901577869,2.625217897066779,1.020409501320737,1.6570157201524303,ballistic,36.39369226726446,,0.043416831997749164,62.739425451360205,0.6691389544387407,3.238729217287367,5.855980935074412,5.697859815400879,0.3904915434695929,0.11859236656307962,0.878457584558143,0.2086921081393821,0.4555589958921807,1.1244490778566962,27.183862830381948,3.1035581359687265,0.025814015670953944,qp_ode,0.05,100.0,1.23774178266282e-07,100.0,189.158629183088,0.845488177238948,191.0,5.000000000000001,0.999,independent_lognormal,False,0.0,False,0.0,6.588530661565296,0.09210483634663562,False,0.0,fixed_device,0,82.42416995427789,127.1141941177528,164.84833990855577,203.3836654723806,101.50256;98.368319;122.40922;100.06464;100.53717;109.06276;100.23991;110.36723;99.731637;93.982418;91.60609;92.517422;127.11419;87.026398;94.691349;88.354524;82.42417,203.00512;182.52986;192.37115;195.26002;201.07434;203.38367;198.15742;194.28489;194.09651;187.96484;183.21218;185.03484;190.32899;174.0528;189.3827;176.70905;164.84834,5.0292688;5.0143876;4.9166356;5.0053238;4.9550194;5.0397662;5.0751956;5.0457888;4.9884711;4.9910309;5.029018;5.0185368;4.9922815;4.9157532;4.9626985;4.9457687;5.0750554,2.6469770091352984e-06,8.058117866516113,1.340851980558e-07,42980.25743155578,1.0,0.2177784338537894,True,,
205,205,-3.763714221619974,-1.636808869437265,outside,circular,1.7360864596513879,1.5365476337265485,7.175937420166589,1.0,165.2793933627943,1,,,,False,0.3229518111658751,0.752662627201161,False,0.1873429383011604,3.927193987046029,0.9502781084839645,2.5969087542947085,ballistic,37.57507785307081,,0.11167417349551705,22.341275545857222,1.8183948223016784,2.1147533595439802,5.783280702896029,7.80077746214997,0.3865361609473816,0.14954020893807188,0.9386308138512284,0.22670563137419553,0.12457181681642057,1.0684422433298741,32.29438864566416,3.0167562656588105,0.078843727769896,qp_ode,0.05,100.0,2.747499669348049e-07,100.0,189.158629183088,0.32337505875214206,191.0,5.000000000000001,0.999,independent_lognormal,False,0.0,False,0.0,38.96401507929626,0.06435843924906647,False,0.0,fixed_device,0,82.42416995427789,127.1141941177528,164.84833990855577,203.3836654723806,101.50256;98.368319;122.40922;100.06464;100.53717;109.06276;100.23991;110.36723;99.731637;93.982418;91.60609;92.517422;127.11419;87.026398;94.691349;88.354524;82.42417,203.00512;182.52986;192.37115;195.26002;201.07434;203.38367;198.15742;194.28489;194.09651;187.96484;183.21218;185.03484;190.32899;174.0528;189.3827;176.70905;164.84834,5.0292688;5.0143876;4.9166356;5.0053238;4.9550194;5.0397662;5.0751956;5.0457888;4.9884711;4.9910309;5.029018;5.0185368;4.9922815;4.9157532;4.9626985;4.9457687;5.0750554,6.511118954222184e-06,3.4432780742645264,3.2983800224428705e-07,42980.25743155578,1.0,0.20870214588030558,True,,
206,206,0.13837689906479067,3.0,edge,elliptical,1.7717956736082197,0.9763797018976255,4.738365254841452,1.236862944638044,59.02195466192176,1,,,,False,0.3457732166687661,0.5769650211546471,False,0.11515949959098327,2.1578098106116714,1.062496670225952,2.852851212724611,diffusive,,18.01461001384717,0.04948263916855387,53.085546986032085,1.984585403656511,2.4609766415054377,5.5081098503338195,9.98760621151925,0.2816321871495233,0.12612979330343987,0.8794876451539594,0.7669297263789453,0.26195140406652506,0.552644911629468,26.371854651091375,3.376161341454438,0.015357735606143157,qp_ode,0.05,100.0,2.945686509450706e-07,100.0,189.158629183088,0.3282337399007722,191.0,5.000000000000001,0.999,independent_lognormal,False,0.0,False,0.0,17.99933623843229,0.05952226838818329,False,0.0,fixed_device,0,82.42416995427789,127.1141941177528,164.84833990855577,203.3836654723806,101.50256;98.368319;122.40922;100.06464;100.53717;109.06276;100.23991;110.36723;99.731637;93.982418;91.60609;92.517422;127.11419;87.026398;94.691349;88.354524;82.42417,203.00512;182.52986;192.37115;195.26002;201.07434;203.38367;198.15742;194.28489;194.09651;187.96484;183.21218;185.03484;190.32899;174.0528;189.3827;176.70905;164.84834,5.0292688;5.0143876;4.9166356;5.0053238;4.9550194;5.0397662;5.0751956;5.0457888;4.9884711;4.9910309;5.029018;5.0185368;4.9922815;4.9157532;4.9626985;4.9457687;5.0750554,6.261370799620636e-06,3.5928285121917725,3.17113062919816e-07,42980.25743155578,1.0,0.22502421553491758,True,,
207,207,-0.8847434758097728,-2.845092696601812,inside,elliptical,2.4627098256504656,1.4928021864664258,4.83336744970028,1.7197833370845137,132.30915140293516,1,,,,False,0.21130645244961588,0.7837603851634336,False,0.24719975715476095,2.5928301743281184,1.296484594200217,1.3579394007636403,ballistic,23.633159030536135,,0.1095212432998364,62.4568301636706,1.5098775281758803,3.202034227708096,4.937802632875509,9.738924887933281,0.5023981261887727,0.48808517358737746,0.8677637713214864,0.5221443713929247,0.10430991509009294,0.7844940481558644,34.6655983690622,3.124792595149213,0.01621335561927939,qp_ode,0.05,100.0,7.516068279307002e-08,100.0,189.158629183088,1.2949409195947306,191.0,5.000000000000001,0.999,independent_lognormal,False,0.0,False,0.0,18.490669523516644,0.05488219684795951,False,0.0,fixed_device,0,82.42416995427789,127.1141941177528,164.84833990855577,203.3836654723806,101.50256;98.368319;122.40922;100.06464;100.53717;109.06276;100.23991;110.36723;99.731637;93.982418;91.60609;92.517422;127.11419;87.026398;94.691349;88.354524;82.42417,203.00512;182.52986;192.37115;195.26002;201.07434;203.38367;198.15742;194.28489;194.09651;187.96484;183.21218;185.03484;190.32899;174.0528;189.3827;176.70905;164.84834,5.0292688;5.0143876;4.9166356;5.0053238;4.9550194;5.0397662;5.0751956;5.0457888;4.9884711;4.9910309;5.029018;5.0185368;4.9922815;4.9157532;4.9626985;4.9457687;5.0750554,1.9656949916679878e-06,10.551376342773438,9.869747685797847e-08,42980.25743155578,1.0,0.21395495630641012,True,,
208,208,-2.8671308521306926,-1.4754771540880325,inside,circular,2.368386277695331,1.089112339471065,4.343056760237975,1.0,114.98589342923161,1,,,,False,0.20322282765231342,0.9535625284755285,False,0.3866371618821739,3.3268938483724866,1.084995862016421,1.1062464119690145,ballistic,35.760687058327505,,0.11923841927591528,42.074267874060986,1.1850768649960894,2.3440376412632293,6.059900812523754,9.632756511552873,0.2231330691352746,0.11734449314328255,0.8067865133213264,0.3131572680162604,0.2860810884210972,1.0128627482235901,20.163564283787814,3.344723099000494,0.04907083960302368,qp_ode,0.05,100.0,1.2236670042720805e-07,100.0,189.158629183088,0.6307821626845277,191.0,5.000000000000001,0.999,independent_lognormal,False,0.0,False,0.0,15.189117199899895,0.1317919272943755,False,0.0,fixed_device,0,82.42416995427789,127.1141941177528,164.84833990855577,203.3836654723806,101.50256;98.368319;122.40922;100.06464;100.53717;109.06276;100.23991;110.36723;99.731637;93.982418;91.60609;92.517422;127.11419;87.026398;94.691349;88.354524;82.42417,203.00512;182.52986;192.37115;195.26002;201.07434;203.38367;198.15742;194.28489;194.09651;187.96484;183.21218;185.03484;190.32899;174.0528;189.3827;176.70905;164.84834,5.0292688;5.0143876;4.9166356;5.0053238;4.9550194;5.0397662;5.0751956;5.0457888;4.9884711;4.9910309;5.029018;5.0185368;4.9922815;4.9157532;4.9626985;4.9457687;5.0750554,2.723304078244837e-06,7.858936309814453,1.3717109936806082e-07,42980.25743155578,1.0,0.2255268052052634,True,,
209,209,-0.027002749370545587,-0.8667153602540321,inside,elliptical,1.8857250192222246,1.0570768830913402,3.3348172113806207,1.1844097745768871,120.0965392192676,1,,,,False,0.14399819112566722,0.11028721559862187,False,0.19822807377404925,1.810719764589627,0.5544270115692836,2.5035900005317497,ballistic,39.69761635003536,,0.11595548564654538,52.3059321574336,0.6363916541143759,2.8141165272624304,5.394100327882635,9.653735567467368,0.4637981670047665,0.32627143157715544,0.8310511311785885,0.7745810420800532,0.09244462334130708,0.6359797775737182,29.258660424917775,3.125364888583677,0.05189596770379634,qp_ode,0.05,100.0,1.2261131552674837e-07,100.0,189.158629183088,1.6753005272640316,191.0,5.000000000000001,0.999,independent_lognormal,False,0.0,False,0.0,12.596754560135947,0.09784372548437478,False,0.0,fixed_device,0,82.42416995427789,127.1141941177528,164.84833990855577,203.3836654723806,101.50256;98.368319;122.40922;100.06464;100.53717;109.06276;100.23991;110.36723;99.731637;93.982418;91.60609;92.517422;127.11419;87.026398;94.691349;88.354524;82.42417,203.00512;182.52986;192.37115;195.26002;201.07434;203.38367;198.15742;194.28489;194.09651;187.96484;183.21218;185.03484;190.32899;174.0528;189.3827;176.70905;164.84834,5.0292688;5.0143876;4.9166356;5.0053238;4.9550194;5.0397662;5.0751956;5.0457888;4.9884711;4.9910309;5.029018;5.0185368;4.9922815;4.9157532;4.9626985;4.9457687;5.0750554,2.3774559849698562e-06,8.8643798828125,1.1951806300203316e-07,42980.25743155578,1.0,0.2680564236415844,True,,
210,210,3.3887320036327933,-2.919740208758335,outside,elliptical,1.7496608450177542,1.331497801630174,2.582330014106444,2.0922813643643927,158.35204135609425,1,,,,False,0.12503926928821013,0.8024518881841419,False,0.33827741776864384,1.7966384833372873,1.2751549680872225,2.903320343300628,diffusive,,10.342461833072383,0.03228430995519599,33.72353647599291,0.6117023211113939,2.354417966039331,5.86016264656162,8.890864390985765,0.5051860589949912,0.24053744818238754,0.9120605992442211,0.7279964805078238,0.26301240824804695,0.5007371642541942,23.928181609391,3.259950266890501,0.05435852467923321,qp_ode,0.05,100.0,2.3960235913038284e-08,100.0,189.158629183088,0.4130309472550583,191.0,5.000000000000001,0.999,independent_lognormal,False,0.0,False,0.0,64.2954422163765,0.05663603569321654,False,0.0,fixed_device,0,82.42416995427789,127.1141941177528,164.84833990855577,203.3836654723806,101.50256;98.368319;122.40922;100.06464;100.53717;109.06276;100.23991;110.36723;99.731637;93.982418;91.60609;92.517422;127.11419;87.026398;94.691349;88.354524;82.42417,203.00512;182.52986;192.37115;195.26002;201.07434;203.38367;198.15742;194.28489;194.09651;187.96484;183.21218;185.03484;190.32899;174.0528;189.3827;176.70905;164.84834,5.0292688;5.0143876;4.9166356;5.0053238;4.9550194;5.0397662;5.0751956;5.0457888;4.9884711;4.9910309;5.029018;5.0185368;4.9922815;4.9157532;4.9626985;4.9457687;5.0750554,2.988660980918212e-07,44.045555114746094,1.4973828399433842e-08,42980.25743155578,1.0,0.20229087206717344,True,,
211,211,3.0,1.2240956421792397,edge,elliptical,1.7673573795408553,1.442564701131864,9.455260679549244,1.9625836010383648,141.61313793440155,1,,,,False,0.05655512811835467,0.4166276863323054,False,0.3789195069434125,2.49150877285964,0.7605521200028678,1.282807557428315,ballistic,17.00546568264096,,0.10499788267225729,70.15491875153394,1.3482395282872148,2.897326001534319,3.807232394851651,7.23469968884877,0.5755242058476034,0.1606452539008001,0.8922416877660366,0.21892197714542921,0.12996685593277846,0.816633141269287,26.145858495073085,2.8430016886392147,0.05107107718457178,qp_ode,0.05,100.0,3.96748458773379e-09,100.0,189.158629183088,0.76523613980754,191.0,5.000000000000001,0.999,independent_lognormal,False,0.0,False,0.0,17.872789685716654,0.07144054002352124,False,0.0,fixed_device,0,82.42416995427789,127.1141941177528,164.84833990855577,203.3836654723806,101.50256;98.368319;122.40922;100.06464;100.53717;109.06276;100.23991;110.36723;99.731637;93.982418;91.60609;92.517422;127.11419;87.026398;94.691349;88.354524;82.42417,203.00512;182.52986;192.37115;195.26002;201.07434;203.38367;198.15742;194.28489;194.09651;187.96484;183.21218;185.03484;190.32899;174.0528;189.3827;176.70905;164.84834,5.0292688;5.0143876;4.9166356;5.0053238;4.9550194;5.0397662;5.0751956;5.0457888;4.9884711;4.9910309;5.029018;5.0185368;4.9922815;4.9157532;4.9626985;4.9457687;5.0750554,5.4906525548403806e-08,68.93428039550781,2.7473019414969713e-09,42980.25743155578,1.0,0.17595741621414107,True,,
212,212,1.719172574246567,-3.0,edge,circular,2.3776049761943385,1.2040032602023707,4.476479544452147,1.0,139.73569525565014,1,,,,False,0.12336734359406851,0.3068297281576604,False,0.2723309396458533,3.4897789568403135,1.0159948816897395,2.0141970433306335,ballistic,27.917415725904235,,0.1164450400690292,30.92293532852027,0.9537705255645044,3.6590231250133867,3.9132537088151134,8.743170739153642,0.2808101164105011,0.4974693885524326,0.9562735708760542,0.13402240844526975,0.21151453911705964,0.778870099198264,31.684565479456282,2.856404219768342,6.893181658923275e-05,qp_ode,0.05,100.0,1.9205862024007308e-07,100.0,189.158629183088,0.9780043991230707,191.0,5.000000000000001,0.999,independent_lognormal,False,0.0,False,0.0,8.46415668416777,0.09737616815157506,False,0.0,fixed_device,0,82.42416995427789,127.1141941177528,164.84833990855577,203.3836654723806,101.50256;98.368319;122.40922;100.06464;100.53717;109.06276;100.23991;110.36723;99.731637;93.982418;91.60609;92.517422;127.11419;87.026398;94.691349;88.354524;82.42417,203.00512;182.52986;192.37115;195.26002;201.07434;203.38367;198.15742;194.28489;194.09651;187.96484;183.21218;185.03484;190.32899;174.0528;189.3827;176.70905;164.84834,5.0292688;5.0143876;4.9166356;5.0053238;4.9550194;5.0397662;5.0751956;5.0457888;4.9884711;4.9910309;5.029018;5.0185368;4.9922815;4.9157532;4.9626985;4.9457687;5.0750554,2.916059656854486e-06,7.370257377624512,1.469083485972078e-07,42980.25743155578,1.0,0.21758594772980658,True,,
213,213,-0.5245972578766938,-0.06822216137734172,inside,circular,2.4938663422078644,1.3597696426467818,4.906362311158366,1.0,6.169352375701564,1,,,,False,0.37612808541384085,0.636721372014506,False,0.11125276809927354,1.7564285204553718,0.6128375902720231,1.4454091753218512,diffusive,,8.133969994376129,0.10118990372206921,43.61231095173672,0.646893054893741,2.8866700165065184,4.284311259401273,5.30951099272292,0.23503278593061888,0.35058571632319646,0.8164034623153696,0.2087651235423036,0.09947709395763736,1.153479985499995,22.561767376620065,3.196015509954947,0.00957710430202832,qp_ode,0.05,100.0,6.883782608973916e-08,100.0,189.158629183088,1.463432536285685,191.0,5.000000000000001,0.999,independent_lognormal,False,0.0,False,0.0,7.462535407897183,0.07759155305120387,False,0.0,fixed_device,0,82.42416995427789,127.1141941177528,164.84833990855577,203.3836654723806,101.50256;98.368319;122.40922;100.06464;100.53717;109.06276;100.23991;110.36723;99.731637;93.982418;91.60609;92.517422;127.11419;87.026398;94.691349;88.354524;82.42417,203.00512;182.52986;192.37115;195.26002;201.07434;203.38367;198.15742;194.28489;194.09651;187.96484;183.21218;185.03484;190.32899;174.0528;189.3827;176.70905;164.84834,5.0292688;5.0143876;4.9166356;5.0053238;4.9550194;5.0397662;5.0751956;5.0457888;4.9884711;4.9910309;5.029018;5.0185368;4.9922815;4.9157532;4.9626985;4.9457687;5.0750554,1.5880325463513145e-06,12.631348609924316,7.972745663664682e-08,42980.25743155578,1.0,0.21983307606725888,True,,
214,214,-2.5372044644633474,-2.8459857171988814,inside,elliptical,1.776893204419854,1.3226682359228739,8.935565499691013,2.112958274176208,161.53775164116863,1,,,,False,0.1450026583749477,0.4704567875118699,False,0.22153657995291878,1.7946848573911434,1.1720662941554316,1.449739493930634,ballistic,12.12511840663059,,0.06661514344727613,19.802590845745264,0.7220169915857769,2.169376105334992,4.163296154749295,6.699718699543931,0.28377885241513606,0.31380254338044844,0.9792381117469245,0.2980613766474387,0.24907981353246,0.5428953311115654,31.07372930039329,2.9517309065857606,0.023096371734869905,qp_ode,0.05,100.0,2.772854571207191e-07,100.0,189.158629183088,1.2182897665406935,191.0,5.000000000000001,0.999,independent_lognormal,False,0.0,False,0.0,11.779194109819848,0.0900781367558066,False,0.0,fixed_device,0,82.42416995427789,127.1141941177528,164.84833990855577,203.3836654723806,101.50256;98.368319;122.40922;100.06464;100.53717;109.06276;100.23991;110.36723;99.731637;93.982418;91.60609;92.517422;127.11419;87.026398;94.691349;88.354524;82.42417,203.00512;182.52986;192.37115;195.26002;201.07434;203.38367;198.15742;194.28489;194.09651;187.96484;183.21218;185.03484;190.32899;174.0528;189.3827;176.70905;164.84834,5.0292688;5.0143876;4.9166356;5.0053238;4.9550194;5.0397662;5.0751956;5.0457888;4.9884711;4.9910309;5.029018;5.0185368;4.9922815;4.9157532;4.9626985;4.9457687;5.0750554,6.187629423948238e-06,3.6166741847991943,3.135330359782529e-07,42980.25743155578,1.0,0.22860210213284157,True,,
215,215,2.768410155206026,2.5113595257215913,inside,circular,1.71459380822293,1.056432805305361,5.103606830712436,1.0,143.35690601874143,1,,,,False,0.33493853577878685,0.9378837160861402,False,0.28778695491291484,3.1532120730625417,0.7702395971204619,2.1657257518417197,diffusive,,18.890613655502783,0.07939417757986596,21.867692624130342,0.5794743220722218,2.9180314475396196,5.289548607436991,8.24890350251935,0.45408348449078506,0.31454037022111053,0.9072843318736835,0.014825252775419795,0.16687320983363324,1.1166287400322683,24.04844968053351,3.019371860996528,0.054003427261314074,qp_ode,0.05,100.0,9.606186083195444e-08,100.0,189.158629183088,0.25775296073870524,191.0,5.000000000000001,0.999,independent_lognormal,False,0.0,False,0.0,27.685136336478738,0.07720140097165176,False,0.0,fixed_device,0,82.42416995427789,127.1141941177528,164.84833990855577,203.3836654723806,101.50256;98.368319;122.40922;100.06464;100.53717;109.06276;100.23991;110.36723;99.731637;93.982418;91.60609;92.517422;127.11419;87.026398;94.691349;88.354524;82.42417,203.00512;182.52986;192.37115;195.26002;201.07434;203.38367;198.15742;194.28489;194.09651;187.96484;183.21218;185.03484;190.32899;174.0528;189.3827;176.70905;164.84834,5.0292688;5.0143876;4.9166356;5.0053238;4.9550194;5.0397662;5.0751956;5.0457888;4.9884711;4.9910309;5.029018;5.0185368;4.9922815;4.9157532;4.9626985;4.9457687;5.0750554,1.4774474266232573e-06,13.139053344726562,7.426068293625576e-08,42980.25743155578,1.0,0.18786607565369787,True,,
216,216,1.8572400408935295,-2.380046501559734,inside,elliptical,2.348425366474086,0.8624290903584734,3.681543628454307,1.5196336525421068,135.90402726805272,1,,,,False,0.180393694367473,0.09093857755756973,False,0.34553226090328937,2.852775845736677,1.1074542352366707,1.598288331767745,ballistic,20.443052347960716,,0.10254169738492906,0.2200614313024829,1.8514960619210923,3.4877490901794252,5.6881681296526025,9.55926824045622,0.5602833909818364,0.14687611092929603,0.8776273237286503,0.6334441551112681,0.222336158443164,0.9584511687358767,31.85172353078275,3.3392767781604045,0.03543303927425244,qp_ode,0.05,100.0,1.5168125430824216e-07,100.0,189.158629183088,0.40294725358506,191.0,5.000000000000001,0.999,independent_lognormal,False,0.0,False,0.0,56.93584233040942,0.0801061915870038,False,0.0,fixed_device,0,82.42416995427789,127.1141941177528,164.84833990855577,203.3836654723806,101.50256;98.368319;122.40922;100.06464;100.53717;109.06276;100.23991;110.36723;99.731637;93.982418;91.60609;92.517422;127.11419;87.026398;94.691349;88.354524;82.42417,203.00512;182.52986;192.37115;195.26002;201.07434;203.38367;198.15742;194.28489;194.09651;187.96484;183.21218;185.03484;190.32899;174.0528;189.3827;176.70905;164.84834,5.0292688;5.0143876;4.9166356;5.0053238;4.9550194;5.0397662;5.0751956;5.0457888;4.9884711;4.9910309;5.029018;5.0185368;4.9922815;4.9157532;4.9626985;4.9457687;5.0750554,3.044058303203201e-06,7.082662105560303,1.5382143203623855e-07,42980.25743155578,1.0,0.22059755487457786,True,,
217,217,-2.4240955388282615,3.0,edge,circular,1.95452834876358,1.1717247102762895,4.363709554206155,1.0,166.84730517247732,1,,,,False,0.3473492607233253,0.42243931070897,False,0.1898803656687752,3.4535962328437093,0.6444110012942228,1.274391612021442,ballistic,25.70985916123511,,0.0487372185024739,8.343556933509548,0.8582704342994399,3.407319893578332,4.548959927253659,7.555639193241188,0.4206188437601729,0.34774489769937267,0.8130976995806151,0.5905453256078106,0.4735964852284483,0.9990856581023686,24.32354903872811,3.1781379279526494,0.02155178124629221,qp_ode,0.05,100.0,1.8383569930313737e-07,100.0,189.158629183088,1.1894372735699361,191.0,5.000000000000001,0.999,independent_lognormal,False,0.0,False,0.0,73.87237085932847,0.08419860252601759,False,0.0,fixed_device,0,82.42416995427789,127.1141941177528,164.84833990855577,203.3836654723806,101.50256;98.368319;122.40922;100.06464;100.53717;109.06276;100.23991;110.36723;99.731637;93.982418;91.60609;92.517422;127.11419;87.026398;94.691349;88.354524;82.42417,203.00512;182.52986;192.37115;195.26002;201.07434;203.38367;198.15742;194.28489;194.09651;187.96484;183.21218;185.03484;190.32899;174.0528;189.3827;176.70905;164.84834,5.0292688;5.0143876;4.9166356;5.0053238;4.9550194;5.0397662;5.0751956;5.0457888;4.9884711;4.9910309;5.029018;5.0185368;4.9922815;4.9157532;4.9626985;4.9457687;5.0750554,2.4807902718748664e-06,8.501056671142578,1.2497429224822554e-07,42980.25743155578,1.0,0.2377915244822636,True,,
218,218,2.799583118598634,-1.3220683992358662,inside,elliptical,2.413772046812909,1.1666387139532683,7.7421175075999695,2.2516483647277883,0.5975003819231306,1,,,,False,0.2465289219395393,0.5384733652825734,False,0.26621980359226494,2.0659833107602052,0.9652073961429891,2.365907408135694,ballistic,14.732252348975663,,0.08050676455034203,48.579311463795364,0.4086510040956135,3.120766839965426,5.137264600667034,7.612032453044376,0.2312375243552474,0.17405641093086643,0.9813351748253262,0.28823697469340653,0.13153265928482027,0.7941858841002868,34.783477618764095,3.1765470366368476,0.0067208190288274225,qp_ode,0.05,100.0,4.187644927015341e-08,100.0,189.158629183088,1.819133637595897,191.0,5.000000000000001,0.999,independent_lognormal,False,0.0,False,0.0,8.507228612598507,0.09604539419767677,False,0.0,fixed_device,0,82.42416995427789,127.1141941177528,164.84833990855577,203.3836654723806,101.50256;98.368319;122.40922;100.06464;100.53717;109.06276;100.23991;110.36723;99.731637;93.982418;91.60609;92.517422;127.11419;87.026398;94.691349;88.354524;82.42417,203.00512;182.52986;192.37115;195.26002;201.07434;203.38367;198.15742;194.28489;194.09651;187.96484;183.21218;185.03484;190.32899;174.0528;189.3827;176.70905;164.84834,5.0292688;5.0143876;4.9166356;5.0053238;4.9550194;5.0397662;5.0751956;5.0457888;4.9884711;4.9910309;5.029018;5.0185368;4.9922815;4.9157532;4.9626985;4.9457687;5.0750554,8.320653819282597e-07,22.918582916259766,4.1689236951469866e-08,42980.25743155578,1.0,0.21754296793563555,True,,
219,219,1.988138046088487,-0.3099772799381473,inside,elliptical,2.2337785814688758,1.5519194181539766,8.945845427546955,1.3057503803808466,40.33218901916176,1,,,,False,0.28976759260775614,0.33609160427711493,False,0.31613433985131983,1.6183025212035635,0.6733786789228242,2.050928100487723,diffusive,,5.895255153952764,0.0870683320460595,31.957601006804772,1.678340623427466,2.430312390585581,3.7617695880171773,7.992045560210215,0.4427095705462897,0.16955606501144727,0.8582148619768989,0.46676769045521216,0.17544479925922885,0.7359278925072015,32.970032180364065,3.378961628621516,0.07688668448634048,qp_ode,0.05,100.0,2.014076724858429e-07,100.0,189.158629183088,1.5998886195069106,191.0,5.000000000000001,0.999,independent_lognormal,False,0.0,False,0.0,12.168687628200692,0.07170156405872562,False,0.0,fixed_device,0,82.42416995427789,127.1141941177528,164.84833990855577,203.3836654723806,101.50256;98.368319;122.40922;100.06464;100.53717;109.06276;100.23991;110.36723;99.731637;93.982418;91.60609;92.517422;127.11419;87.026398;94.691349;88.354524;82.42417,203.00512;182.52986;192.37115;195.26002;201.07434;203.38367;198.15742;194.28489;194.09651;187.96484;183.21218;185.03484;190.32899;174.0528;189.3827;176.70905;164.84834,5.0292688;5.0143876;4.9166356;5.0053238;4.9550194;5.0397662;5.0751956;5.0457888;4.9884711;4.9910309;5.029018;5.0185368;4.9922815;4.9157532;4.9626985;4.9457687;5.0750554,3.4025001696136314e-06,6.406142711639404,1.713126493996242e-07,42980.25743155578,1.0,0.2520086720500222,True,,
220,220,-0.5227080135545563,0.850133977435251,inside,elliptical,1.8513414945350353,1.4190142556110916,2.4250044432075795,1.2297967771928824,144.40606458125475,1,,,,False,0.1558453660296698,0.7160883963010678,False,0.14118299373392754,3.6083495822144105,0.6756715424214917,1.7890421707923456,diffusive,,9.447032734339157,0.07203525677787213,73.26200219722521,0.9361172965877677,2.848196934249895,5.644101268905118,8.6160315729125,0.15465704009192596,0.2253422274399672,0.8431083150564002,0.03242579551269067,0.34466926903177963,0.7221192311304174,33.51688506559983,3.3456126030824547,0.010696915196243611,qp_ode,0.05,100.0,1.0065015369811512e-07,100.0,189.158629183088,0.9521708882679782,191.0,5.000000000000001,0.999,independent_lognormal,False,0.0,False,0.0,20.70691555062298,0.10717921478957945,False,0.0,fixed_device,0,82.42416995427789,127.1141941177528,164.84833990855577,203.3836654723806,101.50256;98.368319;122.40922;100.06464;100.53717;109.06276;100.23991;110.36723;99.731637;93.982418;91.60609;92.517422;127.11419;87.026398;94.691349;88.354524;82.42417,203.00512;182.52986;192.37115;195.26002;201.07434;203.38367;198.15742;194.28489;194.09651;187.96484;183.21218;185.03484;190.32899;174.0528;189.3827;176.70905;164.84834,5.0292688;5.0143876;4.9166356;5.0053238;4.9550194;5.0397662;5.0751956;5.0457888;4.9884711;4.9910309;5.029018;5.0185368;4.9922815;4.9157532;4.9626985;4.9457687;5.0750554,1.4811353139521088e-06,13.516616821289062,7.450282168974809e-08,42980.25743155578,1.0,0.22419172852549046,True,,
221,221,0.4633364336767838,-2.599010188610005,inside,circular,2.081242034439433,1.403070779242121,8.039455028225152,1.0,35.492572416620945,1,,,,False,0.3791949440936457,0.6435294363966609,False,0.12252461450936694,1.5366468789067689,1.1397766892422831,1.9425560380745504,diffusive,,18.001838558752702,0.0511302747987642,32.00612427800835,1.8453320171402239,3.733088381957998,5.866339155872294,5.062639643652748,0.4601534917276088,0.14365849771537215,0.9958943681447565,0.20318852239346682,0.4865482427859648,0.7570059179077995,26.37670079362737,3.3839325545492733,0.06168521722168304,qp_ode,0.05,100.0,7.738828670827841e-08,100.0,189.158629183088,0.4195993671534748,191.0,5.000000000000001,0.999,independent_lognormal,False,0.0,False,0.0,18.198700052215116,0.13889217070317253,False,0.0,fixed_device,0,82.42416995427789,127.1141941177528,164.84833990855577,203.3836654723806,101.50256;98.368319;122.40922;100.06464;100.53717;109.06276;100.23991;110.36723;99.731637;93.982418;91.60609;92.517422;127.11419;87.026398;94.691349;88.354524;82.42417,203.00512;182.52986;192.37115;195.26002;201.07434;203.38367;198.15742;194.28489;194.09651;187.96484;183.21218;185.03484;190.32899;174.0528;189.3827;176.70905;164.84834,5.0292688;5.0143876;4.9166356;5.0053238;4.9550194;5.0397662;5.0751956;5.0457888;4.9884711;4.9910309;5.029018;5.0185368;4.9922815;4.9157532;4.9626985;4.9457687;5.0750554,1.7534578091726871e-06,11.676904678344727,8.798281925237461e-08,42980.25743155578,1.0,0.2121819410344866,True,,
222,222,-0.960812187701821,-2.1578288548903544,inside,elliptical,2.4919175356414964,1.308959447757907,4.717085170766417,2.3679283181985316,73.9201472382207,1,,,,False,0.34575035735120085,0.5668228324289802,False,0.3813035932725939,2.998585622278895,1.1022356724540943,1.5158094629246386,diffusive,,13.80154865020875,0.08213186416468346,23.923330039823014,0.6107936921438143,2.02073352634818,4.4875596761198,9.161291577451099,0.4774446860428716,0.49095079090831517,0.9567200739276551,0.7515514036273667,0.4908472136454341,1.1775846922826534,31.540518345189383,3.245250204654366,0.012659960550012323,qp_ode,0.05,100.0,1.565230306638922e-07,100.0,189.158629183088,1.7521883523625064,191.0,5.000000000000001,0.999,independent_lognormal,False,0.0,False,0.0,7.618232881147945,0.13792565507283078,False,0.0,fixed_device,0,82.42416995427789,127.1141941177528,164.84833990855577,203.3836654723806,101.50256;98.368319;122.40922;100.06464;100.53717;109.06276;100.23991;110.36723;99.731637;93.982418;91.60609;92.517422;127.11419;87.026398;94.691349;88.354524;82.42417,203.00512;182.52986;192.37115;195.26002;201.07434;203.38367;198.15742;194.28489;194.09651;187.96484;183.21218;185.03484;190.32899;174.0528;189.3827;176.70905;164.84834,5.0292688;5.0143876;4.9166356;5.0053238;4.9550194;5.0397662;5.0751956;5.0457888;4.9884711;4.9910309;5.029018;5.0185368;4.9922815;4.9157532;4.9626985;4.9457687;5.0750554,4.344851731730159e-06,5.071526527404785,2.1939600003406667e-07,42980.25743155578,1.0,0.2736465544938542,True,,
223,223,1.108243551472679,-1.151189273759378,inside,circular,2.1326018595048253,1.02831292934124,2.3582427143570666,1.0,49.06085438724215,1,,,,False,0.3209104101243726,0.009840709647299106,False,0.16728789369398595,3.247295117086029,1.117365954806969,2.8862276548990726,diffusive,,14.055889745162453,0.09686303164340836,42.24741825172998,1.7342076350767037,3.498784366123438,4.258502573685826,7.960844244363248,0.3713584477477967,0.10097320784347136,0.8959148895181616,0.4903267147650522,0.43711549065242256,0.734454336748737,21.120712103636752,3.017394975964903,0.006730954999952088,qp_ode,0.05,100.0,2.42095052733678e-07,100.0,189.158629183088,1.072893714232628,191.0,5.000000000000001,0.999,independent_lognormal,False,0.0,False,0.0,9.636487592118836,0.13107575263121457,False,0.0,fixed_device,0,82.42416995427789,127.1141941177528,164.84833990855577,203.3836654723806,101.50256;98.368319;122.40922;100.06464;100.53717;109.06276;100.23991;110.36723;99.731637;93.982418;91.60609;92.517422;127.11419;87.026398;94.691349;88.354524;82.42417,203.00512;182.52986;192.37115;195.26002;201.07434;203.38367;198.15742;194.28489;194.09651;187.96484;183.21218;185.03484;190.32899;174.0528;189.3827;176.70905;164.84834,5.0292688;5.0143876;4.9166356;5.0053238;4.9550194;5.0397662;5.0751956;5.0457888;4.9884711;4.9910309;5.029018;5.0185368;4.9922815;4.9157532;4.9626985;4.9457687;5.0750554,5.436513220047345e-06,4.109261512756348,2.754105423719011e-07,42980.25743155578,1.0,0.26055382293332424,True,,
224,224,0.6751866725372389,2.344169392940758,inside,elliptical,2.3072435290369966,1.265176683390181,2.5821860777920103,1.1003219170399492,124.68022269917734,1,,,,False,0.3416438359589204,0.16499016868474392,False,0.2466931449472822,2.7445424104340317,1.2526558421025893,2.213114588521714,ballistic,28.61971099872486,,0.11075035073309977,53.15404650585462,1.7313874633703201,3.713511449249706,4.23344174069282,8.435786663836577,0.4993259470057275,0.2728804999453388,0.9425935118341102,0.7365249042952854,0.10359364180419108,1.0651315044349534,21.236463776242307,3.342566110186384,0.03436965747866303,qp_ode,0.05,100.0,7.6664982641276e-08,100.0,189.158629183088,1.8457846200560897,191.0,5.000000000000001,0.999,independent_lognormal,False,0.0,False,0.0,12.78353043497619,0.06339329305764174,False,0.0,fixed_device,0,82.42416995427789,127.1141941177528,164.84833990855577,203.3836654723806,101.50256;98.368319;122.40922;100.06464;100.53717;109.06276;100.23991;110.36723;99.731637;93.982418;91.60609;92.517422;127.11419;87.026398;94.691349;88.354524;82.42417,203.00512;182.52986;192.37115;195.26002;201.07434;203.38367;198.15742;194.28489;194.09651;187.96484;183.21218;185.03484;190.32899;174.0528;189.3827;176.70905;164.84834,5.0292688;5.0143876;4.9166356;5.0053238;4.9550194;5.0397662;5.0751956;5.0457888;4.9884711;4.9910309;5.029018;5.0185368;4.9922815;4.9157532;4.9626985;4.9457687;5.0750554,2.6784371129906503e-06,7.983929634094238,1.3473936633090489e-07,42980.25743155578,1.0,0.2518003585885461,True,,
225,225,-1.279640796963659,-1.9297855375562367,inside,circular,1.819344036241527,1.108061586504961,4.926027161798713,1.0,107.73141714671057,1,,,,False,0.21435300483621667,0.8742005530110597,False,0.3979362870693477,3.5934895086878007,1.0471244699361586,1.210104210670741,diffusive,,6.6288843578433,0.10883531212227483,21.094466125730218,0.4098450969908767,2.0710912763636182,4.351916957685089,8.224849736130146,0.37367899583458786,0.4962000429288631,0.9824114410594431,0.30174509782309145,0.44770789378348236,1.1300734750855068,32.803428826331604,2.82904372869406,0.0016647921779715347,qp_ode,0.05,100.0,1.6983983268466057e-08,100.0,189.158629183088,0.4032865626000893,191.0,5.000000000000001,0.999,independent_lognormal,False,0.0,False,0.0,67.79379751854165,0.13725435172663197,False,0.0,fixed_device,0,82.42416995427789,127.1141941177528,164.84833990855577,203.3836654723806,101.50256;98.368319;122.40922;100.06464;100.53717;109.06276;100.23991;110.36723;99.731637;93.982418;91.60609;92.517422;127.11419;87.026398;94.691349;88.354524;82.42417,203.00512;182.52986;192.37115;195.26002;201.07434;203.38367;198.15742;194.28489;194.09651;187.96484;183.21218;185.03484;190.32899;174.0528;189.3827;176.70905;164.84834,5.0292688;5.0143876;4.9166356;5.0053238;4.9550194;5.0397662;5.0751956;5.0457888;4.9884711;4.9910309;5.029018;5.0185368;4.9922815;4.9157532;4.9626985;4.9457687;5.0750554,3.928199134861643e-07,37.334327697753906,1.9734576639507395e-08,42980.25743155578,1.0,0.16781838072368216,True,,
226,226,2.7838364517263496,1.4736689302245614,inside,elliptical,2.1772755034973708,0.8597680621006858,5.699846622484689,1.8603382044506014,47.064302821803246,1,,,,False,0.06251539947444547,0.3076552327273224,False,0.10485333262756852,2.388966736960405,1.1522418906690184,1.4137547035555487,ballistic,31.630031885910075,,0.04518460881469967,9.961739042041389,1.5866432634678573,2.0741689465520317,4.534367348601917,6.80927979176391,0.36114509003995887,0.10344009320806716,0.9191188957997853,0.6224177856079347,0.38754594130756154,1.1879503061725258,30.18578210466248,3.2925288668402315,0.07970397188983293,qp_ode,0.05,100.0,3.9379868668387396e-08,100.0,189.158629183088,0.6986404274426956,191.0,5.000000000000001,0.999,independent_lognormal,False,0.0,False,0.0,9.639688474671145,0.13887494639669562,False,0.0,fixed_device,0,82.42416995427789,127.1141941177528,164.84833990855577,203.3836654723806,101.50256;98.368319;122.40922;100.06464;100.53717;109.06276;100.23991;110.36723;99.731637;93.982418;91.60609;92.517422;127.11419;87.026398;94.691349;88.354524;82.42417,203.00512;182.52986;192.37115;195.26002;201.07434;203.38367;198.15742;194.28489;194.09651;187.96484;183.21218;185.03484;190.32899;174.0528;189.3827;176.70905;164.84834,5.0292688;5.0143876;4.9166356;5.0053238;4.9550194;5.0397662;5.0751956;5.0457888;4.9884711;4.9910309;5.029018;5.0185368;4.9922815;4.9157532;4.9626985;4.9457687;5.0750554,8.617250273346144e-07,21.26675033569336,4.317091040206833e-08,42980.25743155578,1.0,0.2121210190857099,True,,
227,227,-0.9498987718051048,-2.0140551964040636,inside,elliptical,2.092754240118979,1.4002244450808137,6.053782490358075,1.806791662999732,28.34168557662147,1,,,,False,0.05553697452497039,0.12066234699781597,False,0.15250979021751057,1.7694788701867232,1.1193556721368165,1.2032527395827233,diffusive,,16.11774091721336,0.055105651553292556,76.33293420906801,0.816408591266712,3.615073126552271,4.1710722170732675,9.720249613962494,0.40546447435016153,0.2462383704703437,0.8563486305385772,0.6929792970795435,0.23492357920509804,1.1791234113945186,24.479586127576606,3.0979470135915945,0.04096032829368317,qp_ode,0.05,100.0,1.8967084575904242e-07,100.0,189.158629183088,0.5194061841020396,191.0,5.000000000000001,0.999,independent_lognormal,False,0.0,False,0.0,5.341535121537913,0.10928295218607319,False,0.0,fixed_device,0,82.42416995427789,127.1141941177528,164.84833990855577,203.3836654723806,101.50256;98.368319;122.40922;100.06464;100.53717;109.06276;100.23991;110.36723;99.731637;93.982418;91.60609;92.517422;127.11419;87.026398;94.691349;88.354524;82.42417,203.00512;182.52986;192.37115;195.26002;201.07434;203.38367;198.15742;194.28489;194.09651;187.96484;183.21218;185.03484;190.32899;174.0528;189.3827;176.70905;164.84834,5.0292688;5.0143876;4.9166356;5.0053238;4.9550194;5.0397662;5.0751956;5.0457888;4.9884711;4.9910309;5.029018;5.0185368;4.9922815;4.9157532;4.9626985;4.9457687;5.0750554,5.161524768482195e-06,4.303916931152344,2.61880899188327e-07,42980.25743155578,1.0,0.2133628549969177,True,,
228,228,-3.0,-2.419451661541749,edge,circular,1.764529745718827,1.1424249054751265,3.100562584370252,1.0,73.56036025808908,1,,,,False,0.29524370284414503,0.7126770480582852,False,0.12078183016806701,2.783612373214836,0.7124835649719428,1.7155985352989833,diffusive,,12.873891312510072,0.05057318589343657,4.577930015757561,0.5985945846294567,3.7215338351852507,5.10200049664091,6.355164966231943,0.27944799506853035,0.16892901142363564,0.8815475425019178,0.6883484061741791,0.21047878419788518,0.723643961551568,28.11962232020125,3.134553402097386,0.06548820193956045,qp_ode,0.05,100.0,5.7790961513344545e-08,100.0,189.158629183088,0.9278677002542628,191.0,5.000000000000001,0.999,independent_lognormal,False,0.0,False,0.0,19.02258697240018,0.08093969992877223,False,0.0,fixed_device,0,82.42416995427789,127.1141941177528,164.84833990855577,203.3836654723806,101.50256;98.368319;122.40922;100.06464;100.53717;109.06276;100.23991;110.36723;99.731637;93.982418;91.60609;92.517422;127.11419;87.026398;94.691349;88.354524;82.42417,203.00512;182.52986;192.37115;195.26002;201.07434;203.38367;198.15742;194.28489;194.09651;187.96484;183.21218;185.03484;190.32899;174.0528;189.3827;176.70905;164.84834,5.0292688;5.0143876;4.9166356;5.0053238;4.9550194;5.0397662;5.0751956;5.0457888;4.9884711;4.9910309;5.029018;5.0185368;4.9922815;4.9157532;4.9626985;4.9457687;5.0750554,1.325056359746668e-06,14.931988716125488,6.644971506375441e-08,42980.25743155578,1.0,0.19810398010103586,True,,
229,229,-2.3434922777931924,-3.5130646312541733,outside,elliptical,1.9336655011114723,1.4701701298430963,7.116194660450326,2.4563214090668564,87.98950755504933,1,,,,False,0.38184739278189034,0.8769275894778997,False,0.18616761744388138,2.462442758703353,0.7079166924152529,2.319541693925385,diffusive,,8.664554202370757,0.023536844725622123,20.68538398923282,1.2268219983033912,3.6835224216376123,5.325819888319149,9.682326330076405,0.3252326654721574,0.34690589244817627,0.8171261348070001,0.34622680138002426,0.4794497581064237,1.0679676837424679,28.78520133874345,3.3034748321878613,0.06599425374567595,qp_ode,0.05,100.0,1.0672840824275535e-07,100.0,189.158629183088,1.4840224658626386,191.0,5.000000000000001,0.999,independent_lognormal,False,0.0,False,0.0,19.677692944760544,0.07318829524590087,False,0.0,fixed_device,0,82.42416995427789,127.1141941177528,164.84833990855577,203.3836654723806,101.50256;98.368319;122.40922;100.06464;100.53717;109.06276;100.23991;110.36723;99.731637;93.982418;91.60609;92.517422;127.11419;87.026398;94.691349;88.354524;82.42417,203.00512;182.52986;192.37115;195.26002;201.07434;203.38367;198.15742;194.28489;194.09651;187.96484;183.21218;185.03484;190.32899;174.0528;189.3827;176.70905;164.84834,5.0292688;5.0143876;4.9166356;5.0053238;4.9550194;5.0397662;5.0751956;5.0457888;4.9884711;4.9910309;5.029018;5.0185368;4.9922815;4.9157532;4.9626985;4.9457687;5.0750554,2.1444780031742994e-06,9.758988380432129,1.081482494669217e-07,42980.25743155578,1.0,0.21289877628428672,True,,
230,230,0.1427859168854333,3.0,edge,circular,2.3746972630765897,1.397566306658945,9.023814986478722,1.0,51.91585594334594,1,,,,False,0.22904606973752734,0.006593400737485822,False,0.26197932104974275,1.519823289562222,0.5460241732945141,2.4726251509740003,diffusive,,19.393051622211836,0.05510464943159549,71.48501787495583,0.5209082736227626,3.156843780304154,4.772507455246272,9.43934942981829,0.40886214410047594,0.2678650954535491,0.9761589731222403,0.04781120237401418,0.18285283163560584,1.164431110909196,31.952846163970218,2.830252655739702,0.006957809702082258,qp_ode,0.05,100.0,2.8395078415240617e-08,100.0,189.158629183088,1.822801110225101,191.0,5.000000000000001,0.999,independent_lognormal,False,0.0,False,0.0,26.65543607396154,0.12182851924591344,False,0.0,fixed_device,0,82.42416995427789,127.1141941177528,164.84833990855577,203.3836654723806,101.50256;98.368319;122.40922;100.06464;100.53717;109.06276;100.23991;110.36723;99.731637;93.982418;91.60609;92.517422;127.11419;87.026398;94.691349;88.354524;82.42417,203.00512;182.52986;192.37115;195.26002;201.07434;203.38367;198.15742;194.28489;194.09651;187.96484;183.21218;185.03484;190.32899;174.0528;189.3827;176.70905;164.84834,5.0292688;5.0143876;4.9166356;5.0053238;4.9550194;5.0397662;5.0751956;5.0457888;4.9884711;4.9910309;5.029018;5.0185368;4.9922815;4.9157532;4.9626985;4.9457687;5.0750554,9.335789172837394e-07,20.849895477294922,4.678022591519948e-08,42980.25743155578,1.0,0.1860893901092299,True,,
231,231,1.0390431349177227,1.442694898990501,inside,circular,2.469593690425758,1.261977312062805,4.332564366554938,1.0,47.38232880600698,1,,,,False,0.26333502986147067,0.5150550017200249,False,0.13350156164875476,3.976674539503346,0.6950389825973928,1.9254685385433845,diffusive,,11.516128334645487,0.09417943973874947,12.90866982277854,1.650557423833693,2.3834158272796278,5.108682694971602,7.6418424053269325,0.21094931643872122,0.15169540673643747,0.9818404781257415,0.6723400810003914,0.3222041368167312,0.6955398617194722,29.750737793058782,3.0326729459876725,0.026131091285335854,qp_ode,0.05,100.0,9.411622100189336e-10,100.0,189.158629183088,1.0255724311640042,191.0,5.000000000000001,0.999,independent_lognormal,False,0.0,False,0.0,30.587934534017588,0.12140024597746409,False,0.0,fixed_device,0,82.42416995427789,127.1141941177528,164.84833990855577,203.3836654723806,101.50256;98.368319;122.40922;100.06464;100.53717;109.06276;100.23991;110.36723;99.731637;93.982418;91.60609;92.517422;127.11419;87.026398;94.691349;88.354524;82.42417,203.00512;182.52986;192.37115;195.26002;201.07434;203.38367;198.15742;194.28489;194.09651;187.96484;183.21218;185.03484;190.32899;174.0528;189.3827;176.70905;164.84834,5.0292688;5.0143876;4.9166356;5.0053238;4.9550194;5.0397662;5.0751956;5.0457888;4.9884711;4.9910309;5.029018;5.0185368;4.9922815;4.9157532;4.9626985;4.9457687;5.0750554,2.3926341796709494e-08,76.62089538574219,1.1979013336826938e-09,42980.25743155578,1.0,0.18312787861858099,True,,
232,232,1.5126192566083239,0.8960305547377345,inside,circular,2.0835209025154753,1.3014835638717561,2.8198051096783727,1.0,32.63382241785281,1,,,,False,0.39462422237872363,0.6541655105236456,False,0.2800366692596141,2.8275089146512657,0.728644765434401,1.590364458486896,diffusive,,12.316189266122207,0.10008334672935267,15.778356499696224,0.750341371508619,2.8720884438243552,5.5612214861821805,5.891067131748061,0.5389213791261676,0.28754604475707446,0.9020684168779327,0.2981117348040246,0.1638651934544195,0.653981189871009,30.88761576929784,3.2609199561312385,0.07393854375480971,qp_ode,0.05,100.0,7.805550668767271e-08,100.0,189.158629183088,0.8296074799096793,191.0,5.000000000000001,0.999,independent_lognormal,False,0.0,False,0.0,12.00768054461854,0.06784554390930872,False,0.0,fixed_device,0,82.42416995427789,127.1141941177528,164.84833990855577,203.3836654723806,101.50256;98.368319;122.40922;100.06464;100.53717;109.06276;100.23991;110.36723;99.731637;93.982418;91.60609;92.517422;127.11419;87.026398;94.691349;88.354524;82.42417,203.00512;182.52986;192.37115;195.26002;201.07434;203.38367;198.15742;194.28489;194.09651;187.96484;183.21218;185.03484;190.32899;174.0528;189.3827;176.70905;164.84834,5.0292688;5.0143876;4.9166356;5.0053238;4.9550194;5.0397662;5.0751956;5.0457888;4.9884711;4.9910309;5.029018;5.0185368;4.9922815;4.9157532;4.9626985;4.9457687;5.0750554,1.4316055967356078e-06,14.419425010681152,7.200468843393537e-08,42980.25743155578,1.0,0.21219041972170194,True,,
233,233,3.0,2.46345955013376,edge,circular,2.448121659405961,1.610249918052821,2.7928698666126994,1.0,139.57861676770835,1,,,,False,0.23528348347058486,0.8460795992918754,False,0.2817973270718297,3.737613042089494,1.1231762627536295,1.281965406005474,ballistic,12.4966589802184,,0.09090636043183321,56.408419618249816,1.7243608786274924,3.656235812556317,3.656235812556317,5.203506997812242,0.48277916556387146,0.20581680426864982,0.8655395772430965,0.36609183017761027,0.19963159094091099,0.8969963110432334,22.33133774254261,3.0122557841253763,0.07658542294441116,qp_ode,0.05,100.0,3.0146104937676296e-08,100.0,189.158629183088,1.4350701620899082,191.0,5.000000000000001,0.999,independent_lognormal,False,0.0,False,0.0,15.83284778200985,0.11078161415663118,False,0.0,fixed_device,0,82.42416995427789,127.1141941177528,164.84833990855577,203.3836654723806,101.50256;98.368319;122.40922;100.06464;100.53717;109.06276;100.23991;110.36723;99.731637;93.982418;91.60609;92.517422;127.11419;87.026398;94.691349;88.354524;82.42417,203.00512;182.52986;192.37115;195.26002;201.07434;203.38367;198.15742;194.28489;194.09651;187.96484;183.21218;185.03484;190.32899;174.0528;189.3827;176.70905;164.84834,5.0292688;5.0143876;4.9166356;5.0053238;4.9550194;5.0397662;5.0751956;5.0457888;4.9884711;4.9910309;5.029018;5.0185368;4.9922815;4.9157532;4.9626985;4.9457687;5.0750554,7.503325605284772e-07,23.424715042114258,3.758825073418848e-08,42980.25743155578,1.0,0.1932114469331633,True,,
234,234,-0.8439594352775592,-2.9511802540332033,inside,elliptical,1.9107589817468122,1.0719022406350518,6.634002902764268,2.4727813889566814,81.19196304738972,1,,,,False,0.15138392156668876,0.43903181730708873,False,0.37423769649739025,2.9574789694763046,0.9854394513657875,1.8966149820711458,ballistic,34.3086619019806,,0.024963285684524033,9.684582525462693,0.8863097243642983,3.047539984020906,5.271221137531954,8.33499981348847,0.47711404162248117,0.37188218208703905,0.9554604466379981,0.3616776640278288,0.2848094807806054,0.9475170906333149,30.089379680745925,3.3764865490690386,0.05772098899551011,qp_ode,0.05,100.0,8.057430888583513e-08,100.0,189.158629183088,1.1521566436660957,191.0,5.000000000000001,0.999,independent_lognormal,False,0.0,False,0.0,29.672229503121528,0.08138965888176233,False,0.0,fixed_device,0,82.42416995427789,127.1141941177528,164.84833990855577,203.3836654723806,101.50256;98.368319;122.40922;100.06464;100.53717;109.06276;100.23991;110.36723;99.731637;93.982418;91.60609;92.517422;127.11419;87.026398;94.691349;88.354524;82.42417,203.00512;182.52986;192.37115;195.26002;201.07434;203.38367;198.15742;194.28489;194.09651;187.96484;183.21218;185.03484;190.32899;174.0528;189.3827;176.70905;164.84834,5.0292688;5.0143876;4.9166356;5.0053238;4.9550194;5.0397662;5.0751956;5.0457888;4.9884711;4.9910309;5.029018;5.0185368;4.9922815;4.9157532;4.9626985;4.9457687;5.0750554,2.276244003951433e-06,9.247170448303223,1.1435699320827553e-07,42980.25743155578,1.0,0.23761180598310752,True,,
235,235,-2.5911535728094517,-1.5390518504151185,inside,elliptical,2.3669150234426466,1.0878755537009748,4.217037337120089,2.3336291836314444,66.81921791973491,1,,,,False,0.17614310754478707,0.0022675544300895245,False,0.1873594731739268,3.4720158410248105,1.0577749429294525,1.1802069683897245,diffusive,,5.71404678898559,0.021348176819097234,55.34480403337491,0.9899239504553767,2.8914917010036083,5.780997382398558,9.085031398026166,0.3326946791974399,0.2046294617103413,0.9669742828026495,0.057723106935690806,0.11511636171241468,1.106278071911963,27.04142696049906,3.3609086729758113,0.023637882267717184,qp_ode,0.05,100.0,2.5542448686071964e-07,100.0,189.158629183088,1.976280829523296,191.0,5.000000000000001,0.999,independent_lognormal,False,0.0,False,0.0,16.166396486273747,0.13545379127974602,False,0.0,fixed_device,0,82.42416995427789,127.1141941177528,164.84833990855577,203.3836654723806,101.50256;98.368319;122.40922;100.06464;100.53717;109.06276;100.23991;110.36723;99.731637;93.982418;91.60609;92.517422;127.11419;87.026398;94.691349;88.354524;82.42417,203.00512;182.52986;192.37115;195.26002;201.07434;203.38367;198.15742;194.28489;194.09651;187.96484;183.21218;185.03484;190.32899;174.0528;189.3827;176.70905;164.84834,5.0292688;5.0143876;4.9166356;5.0053238;4.9550194;5.0397662;5.0751956;5.0457888;4.9884711;4.9910309;5.029018;5.0185368;4.9922815;4.9157532;4.9626985;4.9457687;5.0750554,6.472983386629494e-06,3.461660861968994,3.2784564041321573e-07,42980.25743155578,1.0,0.26502975069453677,True,,
236,236,-2.3270841212509406,-1.7653578013137101,inside,circular,2.3437745205310536,1.6442631262684366,5.006552435215257,1.0,144.19042361963295,1,,,,False,0.2846967303222072,0.34241535256406364,False,0.18328482466606066,2.564454898200717,0.5943510799674898,1.5451334256144513,diffusive,,6.604173791399699,0.08000381696790823,44.163902882968664,0.9674159576488871,3.1976635361044083,5.730603843081401,6.768951382854181,0.43053974391034633,0.4640789721921089,0.8716271449951385,0.799551453977533,0.4547476090093324,0.6160242234132448,29.76691308413926,3.2697673727702505,0.07809578525826912,qp_ode,0.05,100.0,9.671637859534484e-09,100.0,189.158629183088,1.0914555821976597,191.0,5.000000000000001,0.999,independent_lognormal,False,0.0,False,0.0,5.378468634387373,0.10638034360186194,False,0.0,fixed_device,0,82.42416995427789,127.1141941177528,164.84833990855577,203.3836654723806,101.50256;98.368319;122.40922;100.06464;100.53717;109.06276;100.23991;110.36723;99.731637;93.982418;91.60609;92.517422;127.11419;87.026398;94.691349;88.354524;82.42417,203.00512;182.52986;192.37115;195.26002;201.07434;203.38367;198.15742;194.28489;194.09651;187.96484;183.21218;185.03484;190.32899;174.0528;189.3827;176.70905;164.84834,5.0292688;5.0143876;4.9166356;5.0053238;4.9550194;5.0397662;5.0751956;5.0457888;4.9884711;4.9910309;5.029018;5.0185368;4.9922815;4.9157532;4.9626985;4.9457687;5.0750554,2.610425724469678e-07,47.383121490478516,1.3085080574626318e-08,42980.25743155578,1.0,0.20789806592624355,True,,
237,237,-2.692374793601963,-2.9302283710763932,inside,elliptical,1.8295704717134431,1.4430232782074424,4.306438846381362,1.8170856270594418,97.9319425333425,1,,,,False,0.2735262673998414,0.0077198212042632885,False,0.13179781763955997,1.5619711600914832,1.2818113753579072,1.6337555827216703,ballistic,12.867338579788957,,0.11221197961964734,20.4597790250795,1.3781658118692568,3.5288877067099538,4.893111054766448,9.253978865566765,0.2684973636555438,0.20691874590905557,0.8266351892165846,0.7961332664622106,0.1530158939208161,0.9508412137145097,20.055420823205466,3.108926178206747,0.044242642966080076,qp_ode,0.05,100.0,9.808907476265349e-08,100.0,189.158629183088,1.401381374302409,191.0,5.000000000000001,0.999,independent_lognormal,False,0.0,False,0.0,30.956125343734794,0.1475397083170763,False,0.0,fixed_device,0,82.42416995427789,127.1141941177528,164.84833990855577,203.3836654723806,101.50256;98.368319;122.40922;100.06464;100.53717;109.06276;100.23991;110.36723;99.731637;93.982418;91.60609;92.517422;127.11419;87.026398;94.691349;88.354524;82.42417,203.00512;182.52986;192.37115;195.26002;201.07434;203.38367;198.15742;194.28489;194.09651;187.96484;183.21218;185.03484;190.32899;174.0528;189.3827;176.70905;164.84834,5.0292688;5.0143876;4.9166356;5.0053238;4.9550194;5.0397662;5.0751956;5.0457888;4.9884711;4.9910309;5.029018;5.0185368;4.9922815;4.9157532;4.9626985;4.9457687;5.0750554,1.512331095909758e-06,13.395014762878418,7.58517089138877e-08,42980.25743155578,1.0,0.2154862963355013,True,,
238,238,-0.6149492665413376,0.6938682838191519,inside,circular,1.9316901595203184,0.8668313838155299,2.180007041243946,1.0,132.8274337083134,1,,,,False,0.39570877191792136,0.8028973396777954,False,0.2933315975848555,1.9365548612296952,0.8396666831604289,2.717875678301659,ballistic,22.63524300584212,,0.09453406507960165,38.164899743792795,1.5578878105591891,2.876800107576481,5.693991264307142,8.252162826235272,0.40315917013016744,0.1849465222551884,0.8220523532764845,0.3932045672515946,0.08257760720618687,1.11314291744327,33.60615477178008,2.908178237005099,0.04896180253633121,qp_ode,0.05,100.0,2.1651187447455097e-07,100.0,189.158629183088,0.9415832272618145,191.0,5.000000000000001,0.999,independent_lognormal,False,0.0,False,0.0,13.902831065304595,0.0727158749689005,False,0.0,fixed_device,0,82.42416995427789,127.1141941177528,164.84833990855577,203.3836654723806,101.50256;98.368319;122.40922;100.06464;100.53717;109.06276;100.23991;110.36723;99.731637;93.982418;91.60609;92.517422;127.11419;87.026398;94.691349;88.354524;82.42417,203.00512;182.52986;192.37115;195.26002;201.07434;203.38367;198.15742;194.28489;194.09651;187.96484;183.21218;185.03484;190.32899;174.0528;189.3827;176.70905;164.84834,5.0292688;5.0143876;4.9166356;5.0053238;4.9550194;5.0397662;5.0751956;5.0457888;4.9884711;4.9910309;5.029018;5.0185368;4.9922815;4.9157532;4.9626985;4.9457687;5.0750554,3.4885408695117803e-06,6.261577606201172,1.756550744858032e-07,42980.25743155578,1.0,0.2563981592755692,True,,
239,239,0.39339572520196864,-1.4179918973128551,inside,elliptical,1.9789869403515594,1.5860260502524852,6.23459609142056,2.4271480272075223,10.81365319624139,1,,,,False,0.3819040001305457,0.47765754199993016,False,0.22884756376723284,2.687396158286087,0.9200086242585737,2.020092602219786,diffusive,,12.686093558275063,0.02214940188349626,68.05461080889356,1.5230703969710242,2.961066957566668,4.146283145323379,9.298599630626445,0.40828474863475595,0.32171059037769256,0.8439204592683626,0.27335450865378796,0.16680982502977548,0.5131023201436555,20.27892414963881,2.8217437340621796,0.0007376365878371339,qp_ode,0.05,100.0,1.9711298964379992e-07,100.0,189.158629183088,1.6961750344155662,191.0,5.000000000000001,0.999,independent_lognormal,False,0.0,False,0.0,16.6298677426624,0.08323899352686905,False,0.0,fixed_device,0,82.42416995427789,127.1141941177528,164.84833990855577,203.3836654723806,101.50256;98.368319;122.40922;100.06464;100.53717;109.06276;100.23991;110.36723;99.731637;93.982418;91.60609;92.517422;127.11419;87.026398;94.691349;88.354524;82.42417,203.00512;182.52986;192.37115;195.26002;201.07434;203.38367;198.15742;194.28489;194.09651;187.96484;183.21218;185.03484;190.32899;174.0528;189.3827;176.70905;164.84834,5.0292688;5.0143876;4.9166356;5.0053238;4.9550194;5.0397662;5.0751956;5.0457888;4.9884711;4.9910309;5.029018;5.0185368;4.9922815;4.9157532;4.9626985;4.9457687;5.0750554,5.454458005260676e-06,4.0820698738098145,2.758386017376324e-07,42980.25743155578,1.0,0.2592306445511598,True,,
240,240,-0.12041596643965136,-0.7035683967269972,inside,elliptical,1.7828559843131537,0.892624607405401,5.983184647278089,1.5954460318892785,145.76660126591295,1,,,,False,0.10341790639133897,0.4766863231758155,False,0.14412371143933442,3.988305064425457,1.2710785066600747,1.0293987324242875,diffusive,,13.493647605538046,0.08850419348470856,15.756400780549642,1.8531302048357303,3.1198899759012813,6.354596812152143,7.790994344410505,0.5679142192298205,0.44842412377418706,0.912125328618993,0.6665637528799152,0.41286018853927353,0.7881876887412242,20.480347309341795,3.390050234591642,0.03620614003678191,qp_ode,0.05,100.0,9.310265010041818e-08,100.0,189.158629183088,1.1695592231892726,191.0,5.000000000000001,0.999,independent_lognormal,False,0.0,False,0.0,6.809654239680293,0.05782174689157005,False,0.0,fixed_device,0,82.42416995427789,127.1141941177528,164.84833990855577,203.3836654723806,101.50256;98.368319;122.40922;100.06464;100.53717;109.06276;100.23991;110.36723;99.731637;93.982418;91.60609;92.517422;127.11419;87.026398;94.691349;88.354524;82.42417,203.00512;182.52986;192.37115;195.26002;201.07434;203.38367;198.15742;194.28489;194.09651;187.96484;183.21218;185.03484;190.32899;174.0528;189.3827;176.70905;164.84834,5.0292688;5.0143876;4.9166356;5.0053238;4.9550194;5.0397662;5.0751956;5.0457888;4.9884711;4.9910309;5.029018;5.0185368;4.9922815;4.9157532;4.9626985;4.9457687;5.0750554,1.8625175925990334e-06,11.168302536010742,9.36699109388428e-08,42980.25743155578,1.0,0.2461054940066583,True,,
241,241,0.5214635565957098,-2.216884911051321,inside,circular,2.4568154929936274,1.4531123710719824,9.669730424160562,1.0,142.2623727403255,1,,,,False,0.2417588356010541,0.5536120616496559,False,0.2968544867613742,2.132181160416816,0.8872869304645252,1.5086182853081362,ballistic,18.62681646335973,,0.0755355112854854,50.864328637701426,1.994062586516271,3.7510515388151098,6.167863124877263,8.853862462245665,0.4561423986640395,0.21733286776091176,0.9144981556264403,0.2296489283321586,0.3690633471876558,1.137578841059491,22.85225267591271,2.8444891467968096,0.00010312419650610139,qp_ode,0.05,100.0,1.8958384277434052e-07,100.0,189.158629183088,1.3790241377772543,191.0,5.000000000000001,0.999,independent_lognormal,False,0.0,False,0.0,7.289960996862402,0.12611598921772038,False,0.0,fixed_device,0,82.42416995427789,127.1141941177528,164.84833990855577,203.3836654723806,101.50256;98.368319;122.40922;100.06464;100.53717;109.06276;100.23991;110.36723;99.731637;93.982418;91.60609;92.517422;127.11419;87.026398;94.691349;88.354524;82.42417,203.00512;182.52986;192.37115;195.26002;201.07434;203.38367;198.15742;194.28489;194.09651;187.96484;183.21218;185.03484;190.32899;174.0528;189.3827;176.70905;164.84834,5.0292688;5.0143876;4.9166356;5.0053238;4.9550194;5.0397662;5.0751956;5.0457888;4.9884711;4.9910309;5.029018;5.0185368;4.9922815;4.9157532;4.9626985;4.9457687;5.0750554,3.498735850371304e-06,6.192683696746826,1.7698064880278253e-07,42980.25743155578,1.0,0.28483902612857515,True,,
242,242,2.31304022085168,2.253536434058968,inside,elliptical,2.23688144538693,1.5698883178555858,8.771602711124213,1.8255104703962555,17.545027397850042,1,,,,False,0.08990062727457895,0.640645421477679,False,0.3281094725804584,3.604545512403692,1.277250399796253,1.4794475492217256,ballistic,27.261502616193216,,0.0586254276145617,65.43358811947168,1.8023789712714766,2.852814706477184,6.422459211830779,5.141910981766489,0.34402440898706244,0.38752046838862797,0.9953183442988471,0.32702767516936193,0.19888297484165088,0.8342379373110552,33.34120370718317,3.3407138860792327,0.03393876805538264,qp_ode,0.05,100.0,2.460577381403627e-07,100.0,189.158629183088,1.1174012857442832,191.0,5.000000000000001,0.999,independent_lognormal,False,0.0,False,0.0,18.44546443812813,0.14680402944815024,False,0.0,fixed_device,0,82.42416995427789,127.1141941177528,164.84833990855577,203.3836654723806,101.50256;98.368319;122.40922;100.06464;100.53717;109.06276;100.23991;110.36723;99.731637;93.982418;91.60609;92.517422;127.11419;87.026398;94.691349;88.354524;82.42417,203.00512;182.52986;192.37115;195.26002;201.07434;203.38367;198.15742;194.28489;194.09651;187.96484;183.21218;185.03484;190.32899;174.0528;189.3827;176.70905;164.84834,5.0292688;5.0143876;4.9166356;5.0053238;4.9550194;5.0397662;5.0751956;5.0457888;4.9884711;4.9910309;5.029018;5.0185368;4.9922815;4.9157532;4.9626985;4.9457687;5.0750554,5.28333157490124e-06,4.225631237030029,2.670456638043106e-07,42980.25743155578,1.0,0.3036820624016432,True,,
243,243,2.8023842113367525,2.600394741839539,inside,elliptical,2.314154127496976,1.5950248879805107,7.965005085678365,1.4608786780494651,132.83708201478666,1,,,,False,0.39380212626312594,0.7825378195138947,False,0.3356116364271128,1.6120441919669781,1.0670093421636153,2.276961185876296,ballistic,39.23446426310032,,0.09034354014504017,21.96402985350379,0.7913825791493878,2.0747204959191574,3.6066506386290413,9.518424341388904,0.563272565734949,0.4785903995442998,0.8253093775412944,0.08289406321856099,0.40535662174410947,1.0041399435161131,29.89294686804682,3.1964783400823134,0.020937947520910074,qp_ode,0.05,100.0,3.0860340835881946e-08,100.0,189.158629183088,0.7863496160839558,191.0,5.000000000000001,0.999,independent_lognormal,False,0.0,False,0.0,29.67966746454723,0.08598931822721365,False,0.0,fixed_device,0,82.42416995427789,127.1141941177528,164.84833990855577,203.3836654723806,101.50256;98.368319;122.40922;100.06464;100.53717;109.06276;100.23991;110.36723;99.731637;93.982418;91.60609;92.517422;127.11419;87.026398;94.691349;88.354524;82.42417,203.00512;182.52986;192.37115;195.26002;201.07434;203.38367;198.15742;194.28489;194.09651;187.96484;183.21218;185.03484;190.32899;174.0528;189.3827;176.70905;164.84834,5.0292688;5.0143876;4.9166356;5.0053238;4.9550194;5.0397662;5.0751956;5.0457888;4.9884711;4.9910309;5.029018;5.0185368;4.9922815;4.9157532;4.9626985;4.9457687;5.0750554,3.7902574945292145e-07,35.03242111206055,1.9070970580514768e-08,42980.25743155578,1.0,0.1923240760342414,True,,
244,244,-0.05995763408946608,-2.117564918688628,inside,circular,2.468553475771074,1.4461894396009152,4.574974270360427,1.0,148.43921349950767,1,,,,False,0.1806013016119054,0.3516756413722444,False,0.1521818921996853,2.4053379837203313,1.003267215547866,1.0837902840416564,diffusive,,17.1580222050101,0.07019692248319828,0.8054805808814969,0.910368363164055,2.013760277659077,6.108271556795487,7.688295290334356,0.24139743703076527,0.44970356649610777,0.8992651635968812,0.03282547728132262,0.1015526590276504,1.1866775996919459,31.847260372352913,3.1969043177778214,0.03828099706490076,qp_ode,0.05,100.0,2.996492136540153e-07,100.0,189.158629183088,0.2840818584431826,191.0,5.000000000000001,0.999,independent_lognormal,False,0.0,False,0.0,9.254951755574554,0.05725442334195823,False,0.0,fixed_device,0,82.42416995427789,127.1141941177528,164.84833990855577,203.3836654723806,101.50256;98.368319;122.40922;100.06464;100.53717;109.06276;100.23991;110.36723;99.731637;93.982418;91.60609;92.517422;127.11419;87.026398;94.691349;88.354524;82.42417,203.00512;182.52986;192.37115;195.26002;201.07434;203.38367;198.15742;194.28489;194.09651;187.96484;183.21218;185.03484;190.32899;174.0528;189.3827;176.70905;164.84834,5.0292688;5.0143876;4.9166356;5.0053238;4.9550194;5.0397662;5.0751956;5.0457888;4.9884711;4.9910309;5.029018;5.0185368;4.9922815;4.9157532;4.9626985;4.9457687;5.0750554,7.1975191531237215e-06,3.1239187717437744,3.6506253309198655e-07,42980.25743155578,1.0,0.22128666561276988,True,,
245,245,1.0195709824970223,2.9208015600328467,inside,elliptical,2.3313904434125012,1.1752206300264199,3.808926514371546,1.677059878760757,32.3749183732315,1,,,,False,0.28991814545455796,0.8011684412415456,False,0.35591825397998544,2.3071003100053176,1.180307757953626,2.4076758322193954,diffusive,,19.102498863260067,0.08640014153280799,37.200250114524465,1.0970756363869967,2.3757800113039704,3.665312258233797,6.729840597033297,0.17267553756079593,0.47344031994237246,0.8038380837112168,0.38045592832937764,0.49929954982046665,0.8041875759232401,21.00717462738953,3.155394035290666,0.0073640696613236755,qp_ode,0.05,100.0,1.6900104944844334e-08,100.0,189.158629183088,0.3475718993267458,191.0,5.000000000000001,0.999,independent_lognormal,False,0.0,False,0.0,5.3987136864699865,0.11587998713476728,False,0.0,fixed_device,0,82.42416995427789,127.1141941177528,164.84833990855577,203.3836654723806,101.50256;98.368319;122.40922;100.06464;100.53717;109.06276;100.23991;110.36723;99.731637;93.982418;91.60609;92.517422;127.11419;87.026398;94.691349;88.354524;82.42417,203.00512;182.52986;192.37115;195.26002;201.07434;203.38367;198.15742;194.28489;194.09651;187.96484;183.21218;185.03484;190.32899;174.0528;189.3827;176.70905;164.84834,5.0292688;5.0143876;4.9166356;5.0053238;4.9550194;5.0397662;5.0751956;5.0457888;4.9884711;4.9910309;5.029018;5.0185368;4.9922815;4.9157532;4.9626985;4.9457687;5.0750554,3.201933225227549e-07,39.78282165527344,1.607673105752383e-08,42980.25743155578,1.0,0.18719006479345443,True,,
246,246,0.9831451082344334,-3.0,edge,circular,2.1237847061014192,0.8746812218553567,8.091255025301141,1.0,73.2523753310166,1,,,,False,0.34755706549749144,0.06657498818263619,False,0.26710079682293786,3.6595335236403708,0.9533062750162551,1.382193604855799,ballistic,13.126271088477779,,0.08535685583447399,4.762438529597395,1.6743618572258319,2.561630383244969,6.4938904168729605,9.139088343470732,0.4562721974445356,0.11227615605354507,0.9821268754108883,0.19727600379619972,0.18100476812343702,0.8456792385756935,22.34304911311139,2.9600750204287696,0.006800541721041826,qp_ode,0.05,100.0,1.6593380442066664e-07,100.0,189.158629183088,0.3611761386260488,191.0,5.000000000000001,0.999,independent_lognormal,False,0.0,False,0.0,16.9010622432383,0.14726887810594114,False,0.0,fixed_device,0,82.42416995427789,127.1141941177528,164.84833990855577,203.3836654723806,101.50256;98.368319;122.40922;100.06464;100.53717;109.06276;100.23991;110.36723;99.731637;93.982418;91.60609;92.517422;127.11419;87.026398;94.691349;88.354524;82.42417,203.00512;182.52986;192.37115;195.26002;201.07434;203.38367;198.15742;194.28489;194.09651;187.96484;183.21218;185.03484;190.32899;174.0528;189.3827;176.70905;164.84834,5.0292688;5.0143876;4.9166356;5.0053238;4.9550194;5.0397662;5.0751956;5.0457888;4.9884711;4.9910309;5.029018;5.0185368;4.9922815;4.9157532;4.9626985;4.9457687;5.0750554,3.6189123875374207e-06,6.0265278816223145,1.8234294429930742e-07,42980.25743155578,1.0,0.20143712079283937,True,,
247,247,-2.5802072059925827,3.0,edge,circular,1.7271572718978407,1.6512100018291807,9.334161678995804,1.0,111.15407211509763,1,,,,False,0.3985502559073538,0.3734903093356704,False,0.24643137307692142,3.7528630643978724,0.8733426484275169,1.8571838797097087,diffusive,,15.65904707875814,0.11047977959755126,13.319342204245146,1.0220122834536431,3.4196455253350955,6.348916959872556,7.324579461094695,0.4493553990771738,0.26597946180412635,0.9038810394092531,0.18785022729466078,0.3015707636884135,0.54131970301156,24.342612557835082,2.8272549661010244,0.03176138990625467,qp_ode,0.05,100.0,4.938995280528468e-08,100.0,189.158629183088,0.4964165135947456,191.0,5.000000000000001,0.999,independent_lognormal,False,0.0,False,0.0,6.24620042975723,0.12239945297129057,False,0.0,fixed_device,0,82.42416995427789,127.1141941177528,164.84833990855577,203.3836654723806,101.50256;98.368319;122.40922;100.06464;100.53717;109.06276;100.23991;110.36723;99.731637;93.982418;91.60609;92.517422;127.11419;87.026398;94.691349;88.354524;82.42417,203.00512;182.52986;192.37115;195.26002;201.07434;203.38367;198.15742;194.28489;194.09651;187.96484;183.21218;185.03484;190.32899;174.0528;189.3827;176.70905;164.84834,5.0292688;5.0143876;4.9166356;5.0053238;4.9550194;5.0397662;5.0751956;5.0457888;4.9884711;4.9910309;5.029018;5.0185368;4.9922815;4.9157532;4.9626985;4.9457687;5.0750554,8.745282684685662e-07,20.632911682128906,4.399706199365028e-08,42980.25743155578,1.0,0.1720081214427224,True,,
248,248,1.8235199266083209,-2.697568133507862,inside,circular,1.9189468931443912,1.2660421772526285,2.3931520288507473,1.0,168.26085059469733,1,,,,False,0.321777695313037,0.7837098508449895,False,0.3458256568852609,2.4658021572918063,1.1351523428905783,2.091282682961679,diffusive,,12.62398500656176,0.08246226970471222,70.26417064906484,0.5574604839217105,3.5316461204151333,3.5316461204151333,5.600636349569981,0.4459255220482168,0.2308160486513911,0.9481202206268943,0.6173569842704217,0.4032702980887011,0.5494212375611187,27.609366136705262,3.3643753144693216,0.04885330953537063,qp_ode,0.05,100.0,2.616434453187028e-07,100.0,189.158629183088,1.308588174788369,191.0,5.000000000000001,0.999,independent_lognormal,False,0.0,False,0.0,45.17684324306011,0.06295565541247186,False,0.0,fixed_device,0,82.42416995427789,127.1141941177528,164.84833990855577,203.3836654723806,101.50256;98.368319;122.40922;100.06464;100.53717;109.06276;100.23991;110.36723;99.731637;93.982418;91.60609;92.517422;127.11419;87.026398;94.691349;88.354524;82.42417,203.00512;182.52986;192.37115;195.26002;201.07434;203.38367;198.15742;194.28489;194.09651;187.96484;183.21218;185.03484;190.32899;174.0528;189.3827;176.70905;164.84834,5.0292688;5.0143876;4.9166356;5.0053238;4.9550194;5.0397662;5.0751956;5.0457888;4.9884711;4.9910309;5.029018;5.0185368;4.9922815;4.9157532;4.9626985;4.9457687;5.0750554,3.028919081771164e-06,7.115501880645752,1.527682513824402e-07,42980.25743155578,1.0,0.24512397649375947,True,,
249,249,-1.1478277191837978,-0.36088358425623523,inside,elliptical,1.946325742871946,1.5723978406995385,8.305197728708485,1.9995249157685862,59.69628865565889,1,,,,False,0.0679945379541784,0.29337371700170056,False,0.3833564446175771,1.5545393393396858,0.6075687965714436,2.7341404582063,ballistic,22.270819063025783,,0.027015885825073974,1.6918490360192262,1.9971522319608326,3.0449775772919487,5.684896388700574,5.923242249978286,0.476224026967241,0.4476347091566344,0.8973467688319254,0.06425948265563886,0.08482871110499454,0.8669307652114862,24.01265025334562,2.962427542462571,0.03471714585690059,qp_ode,0.05,100.0,2.9939607325260517e-07,100.0,189.158629183088,0.48153680229858725,191.0,5.000000000000001,0.999,independent_lognormal,False,0.0,False,0.0,13.083521663169002,0.05343084087322009,False,0.0,fixed_device,0,82.42416995427789,127.1141941177528,164.84833990855577,203.3836654723806,101.50256;98.368319;122.40922;100.06464;100.53717;109.06276;100.23991;110.36723;99.731637;93.982418;91.60609;92.517422;127.11419;87.026398;94.691349;88.354524;82.42417,203.00512;182.52986;192.37115;195.26002;201.07434;203.38367;198.15742;194.28489;194.09651;187.96484;183.21218;185.03484;190.32899;174.0528;189.3827;176.70905;164.84834,5.0292688;5.0143876;4.9166356;5.0053238;4.9550194;5.0397662;5.0751956;5.0457888;4.9884711;4.9910309;5.029018;5.0185368;4.9922815;4.9157532;4.9626985;4.9457687;5.0750554,6.207400929270079e-06,3.6227657794952393,3.142756384022505e-07,42980.25743155578,1.0,0.2367323359216939,True,,
250,250,-0.7442864215029976,-1.4967563822678396,inside,circular,2.0057174656915158,1.4538413463568611,7.417639638582415,1.0,29.759657072712212,1,,,,False,0.2569295774726118,0.47413570216361967,False,0.3095662433303618,1.7988570970856275,0.7128110129254148,2.922596442257019,diffusive,,16.014141592149414,0.026410484780239777,44.912843687531385,1.7811864908438961,2.891368739050814,6.439463984122168,8.9778157532902,0.29998355984597114,0.28179819475235646,0.9464652376497366,0.17407630458154655,0.34569365566575483,1.088305368578097,32.003033290246755,2.960090234372476,0.004556942322747642,qp_ode,0.05,100.0,5.724054751958956e-08,100.0,189.158629183088,0.31041123434836626,191.0,5.000000000000001,0.999,independent_lognormal,False,0.0,False,0.0,47.73477974978111,0.1394769370776645,False,0.0,fixed_device,0,82.42416995427789,127.1141941177528,164.84833990855577,203.3836654723806,101.50256;98.368319;122.40922;100.06464;100.53717;109.06276;100.23991;110.36723;99.731637;93.982418;91.60609;92.517422;127.11419;87.026398;94.691349;88.354524;82.42417,203.00512;182.52986;192.37115;195.26002;201.07434;203.38367;198.15742;194.28489;194.09651;187.96484;183.21218;185.03484;190.32899;174.0528;189.3827;176.70905;164.84834,5.0292688;5.0143876;4.9166356;5.0053238;4.9550194;5.0397662;5.0751956;5.0457888;4.9884711;4.9910309;5.029018;5.0185368;4.9922815;4.9157532;4.9626985;4.9457687;5.0750554,1.3923574897489743e-06,14.266054153442383,7.023911763326396e-08,42980.25743155578,1.0,0.1822642253002893,True,,
251,251,-2.0552721564725225,2.8934653594691495,inside,circular,1.7247592834115433,1.4732015138448202,2.5230169008966072,1.0,89.02552361896187,1,,,,False,0.2416331686177236,0.7033515887475454,False,0.37769558373111256,3.871041641760636,0.8437260214115481,2.635027467352311,diffusive,,13.32988760562711,0.1072934515498545,0.6555597761787801,1.7688661900122051,3.423496614749603,4.679449424677261,9.802472332434721,0.3519094367214551,0.10717304159306092,0.8627625091950539,0.07122227102691898,0.2236300907816538,0.8246588413692041,32.418808082402634,3.137205939758134,0.02021708065625582,qp_ode,0.05,100.0,2.566684570967163e-07,100.0,189.158629183088,1.257579945377784,191.0,5.000000000000001,0.999,independent_lognormal,False,0.0,False,0.0,9.436124975721581,0.08874125200921747,False,0.0,fixed_device,0,82.42416995427789,127.1141941177528,164.84833990855577,203.3836654723806,101.50256;98.368319;122.40922;100.06464;100.53717;109.06276;100.23991;110.36723;99.731637;93.982418;91.60609;92.517422;127.11419;87.026398;94.691349;88.354524;82.42417,203.00512;182.52986;192.37115;195.26002;201.07434;203.38367;198.15742;194.28489;194.09651;187.96484;183.21218;185.03484;190.32899;174.0528;189.3827;176.70905;164.84834,5.0292688;5.0143876;4.9166356;5.0053238;4.9550194;5.0397662;5.0751956;5.0457888;4.9884711;4.9910309;5.029018;5.0185368;4.9922815;4.9157532;4.9626985;4.9457687;5.0750554,4.979479854227975e-06,4.439967632293701,2.5163447503473435e-07,42980.25743155578,1.0,0.2392387482481057,True,,
252,252,-0.9913329210469302,0.9952603967096287,inside,circular,1.8588749405331673,1.4618067266293757,9.280639249764116,1.0,2.61595635130921,1,,,,False,0.3893066487187595,0.21065621610668805,False,0.3312442695781725,3.3513650560129222,0.951754262624678,1.6018818751450694,ballistic,34.37614210858548,,0.0873583337884838,35.960548029477295,0.9585512213707725,2.464761873535818,4.59747455330586,6.4279029319144305,0.45174312977318265,0.2900632968265049,0.8905245986989738,0.31149379552412376,0.12770357864983764,0.8516572527122697,26.806077216067422,3.3670717663716294,0.04389666260195479,qp_ode,0.05,100.0,3.782199296032735e-08,100.0,189.158629183088,0.5487350878182864,191.0,5.000000000000001,0.999,independent_lognormal,False,0.0,False,0.0,28.288229542424865,0.06094444382660457,False,0.0,fixed_device,0,82.42416995427789,127.1141941177528,164.84833990855577,203.3836654723806,101.50256;98.368319;122.40922;100.06464;100.53717;109.06276;100.23991;110.36723;99.731637;93.982418;91.60609;92.517422;127.11419;87.026398;94.691349;88.354524;82.42417,203.00512;182.52986;192.37115;195.26002;201.07434;203.38367;198.15742;194.28489;194.09651;187.96484;183.21218;185.03484;190.32899;174.0528;189.3827;176.70905;164.84834,5.0292688;5.0143876;4.9166356;5.0053238;4.9550194;5.0397662;5.0751956;5.0457888;4.9884711;4.9910309;5.029018;5.0185368;4.9922815;4.9157532;4.9626985;4.9457687;5.0750554,7.697412911511492e-07,24.434677124023438,3.8557608661449194e-08,42980.25743155578,1.0,0.2116843812638074,True,,
253,253,-0.5200249197617772,2.7894198458338755,inside,elliptical,2.098944239515858,0.9078562952235705,2.2025686794818675,1.3208772946438976,61.16441371963383,1,,,,False,0.0797247337640045,0.6372282360301998,False,0.30536670766150936,2.855934096212116,0.5765173780245757,2.9238754636623363,ballistic,37.9179812072034,,0.10375274630165493,9.047806055847731,1.2128516978286261,2.1331332089943955,5.297764525122677,9.675692807958203,0.21229851346877485,0.24704997030000575,0.8251228338873603,0.6792451920847961,0.4946286071117019,1.1529829960625715,32.113463860636124,3.0421760372016395,0.032370914023149434,qp_ode,0.05,100.0,4.385139881347841e-08,100.0,189.158629183088,1.142675387429513,191.0,5.000000000000001,0.999,independent_lognormal,False,0.0,False,0.0,15.438932950251587,0.07953538579261647,False,0.0,fixed_device,0,82.42416995427789,127.1141941177528,164.84833990855577,203.3836654723806,101.50256;98.368319;122.40922;100.06464;100.53717;109.06276;100.23991;110.36723;99.731637;93.982418;91.60609;92.517422;127.11419;87.026398;94.691349;88.354524;82.42417,203.00512;182.52986;192.37115;195.26002;201.07434;203.38367;198.15742;194.28489;194.09651;187.96484;183.21218;185.03484;190.32899;174.0528;189.3827;176.70905;164.84834,5.0292688;5.0143876;4.9166356;5.0053238;4.9550194;5.0397662;5.0751956;5.0457888;4.9884711;4.9910309;5.029018;5.0185368;4.9922815;4.9157532;4.9626985;4.9457687;5.0750554,1.0445262432767777e-06,18.9656925201416,5.2339306222393134e-08,42980.25743155578,1.0,0.19800802871740303,True,,
254,254,1.3716088721494941,-0.6874450227652669,inside,elliptical,1.7056596977445697,1.4484545355866196,4.62583233216551,1.9163768207116276,146.57585726800113,1,,,,False,0.05125233817796118,0.2178102354127569,False,0.3566060232128184,3.399958648619673,0.6122715515897863,2.6139353874748466,ballistic,18.344017314928166,,0.08024798766998109,21.4923171729966,0.741222548324269,2.663973283043919,5.317575175757321,5.705189898985529,0.2857016075111444,0.3188367661691037,0.8360806825017815,0.01345836935934086,0.4075215325698651,0.8558361650233883,34.9230390878681,2.812728734151585,0.036427041238079196,qp_ode,0.05,100.0,2.939433817997919e-08,100.0,189.158629183088,0.5415394867447578,191.0,5.000000000000001,0.999,independent_lognormal,False,0.0,False,0.0,4.748036703520921,0.06111633943932859,False,0.0,fixed_device,0,82.42416995427789,127.1141941177528,164.84833990855577,203.3836654723806,101.50256;98.368319;122.40922;100.06464;100.53717;109.06276;100.23991;110.36723;99.731637;93.982418;91.60609;92.517422;127.11419;87.026398;94.691349;88.354524;82.42417,203.00512;182.52986;192.37115;195.26002;201.07434;203.38367;198.15742;194.28489;194.09651;187.96484;183.21218;185.03484;190.32899;174.0528;189.3827;176.70905;164.84834,5.0292688;5.0143876;4.9166356;5.0053238;4.9550194;5.0397662;5.0751956;5.0457888;4.9884711;4.9910309;5.029018;5.0185368;4.9922815;4.9157532;4.9626985;4.9457687;5.0750554,6.391234705915849e-07,26.36577033996582,3.211551202753071e-08,42980.25743155578,1.0,0.17342027255047895,True,,
255,255,0.49442513226408913,-3.5344663505823912,outside,circular,2.24215264126743,1.6377296263263894,2.485180241546061,1.0,177.71474405466654,1,,,,False,0.11896478585648058,0.9976167315942758,False,0.2003048956055296,2.7246128584820015,1.0006106620184667,1.768629606766553,diffusive,,8.558730586688231,0.077508749305906,78.5849535107313,1.1546443447566488,2.2976440175527593,5.11048379245606,9.587880952260804,0.32704878347872757,0.34593466954707996,0.9924505799140271,0.7964818103313849,0.40019305395687077,0.905363292345104,22.580670971209443,3.058723197619142,0.034405204839766695,qp_ode,0.05,100.0,7.652765936205624e-08,100.0,189.158629183088,1.8601748447812152,191.0,5.000000000000001,0.999,independent_lognormal,False,0.0,False,0.0,22.80201515776108,0.14053681589733905,False,0.0,fixed_device,0,82.42416995427789,127.1141941177528,164.84833990855577,203.3836654723806,101.50256;98.368319;122.40922;100.06464;100.53717;109.06276;100.23991;110.36723;99.731637;93.982418;91.60609;92.517422;127.11419;87.026398;94.691349;88.354524;82.42417,203.00512;182.52986;192.37115;195.26002;201.07434;203.38367;198.15742;194.28489;194.09651;187.96484;183.21218;185.03484;190.32899;174.0528;189.3827;176.70905;164.84834,5.0292688;5.0143876;4.9166356;5.0053238;4.9550194;5.0397662;5.0751956;5.0457888;4.9884711;4.9910309;5.029018;5.0185368;4.9922815;4.9157532;4.9626985;4.9457687;5.0750554,1.7207680684805382e-06,11.871959686279297,8.671869267118382e-08,42980.25743155578,1.0,0.20012225757890162,True,,
256,256,-3.0,-2.533584814585109,edge,elliptical,2.4826660829716447,1.446817133305894,2.2120434719452176,1.7092586673037986,101.1704370092084,1,,,,False,0.26314742368311506,0.2755046170611498,False,0.38604040640640647,2.6727098528650495,1.1736241035911068,1.8897847048523129,diffusive,,8.12879307192315,0.06492475749248042,53.030305207348874,0.7474205515993477,3.3199131279141016,5.4395908857874415,8.400359345084674,0.27662975998699413,0.4722673322608629,0.8029528692826298,0.04880608896789456,0.4214016468841199,0.9441650601353355,31.562836080800324,2.86008489646972,0.0421032581914715,qp_ode,0.05,100.0,1.724004855885234e-08,100.0,189.158629183088,0.893069089392931,191.0,5.000000000000001,0.999,independent_lognormal,False,0.0,False,0.0,14.181310322905896,0.1448261263818928,False,0.0,fixed_device,0,82.42416995427789,127.1141941177528,164.84833990855577,203.3836654723806,101.50256;98.368319;122.40922;100.06464;100.53717;109.06276;100.23991;110.36723;99.731637;93.982418;91.60609;92.517422;127.11419;87.026398;94.691349;88.354524;82.42417,203.00512;182.52986;192.37115;195.26002;201.07434;203.38367;198.15742;194.28489;194.09651;187.96484;183.21218;185.03484;190.32899;174.0528;189.3827;176.70905;164.84834,5.0292688;5.0143876;4.9166356;5.0053238;4.9550194;5.0397662;5.0751956;5.0457888;4.9884711;4.9910309;5.029018;5.0185368;4.9922815;4.9157532;4.9626985;4.9457687;5.0750554,3.788431399698311e-07,38.19342803955078,1.9040557575067396e-08,42980.25743155578,1.0,0.17536708726420425,True,,
257,257,-3.3957284235767387,1.1870003037096453,outside,circular,1.813738646692473,1.0314945091791703,4.137597810807096,1.0,20.864898100163952,1,,,,False,0.3700329347547232,0.735282684125028,False,0.27316495028950855,1.826959436622767,0.7971831898772475,1.6905738696324046,ballistic,12.329492188954559,,0.07872682186568644,31.06506173039766,0.434181087237214,2.6792202109942247,5.364041959436776,7.212357394652018,0.5986126426856244,0.4236034385897204,0.9929544013339711,0.3085304897931622,0.14083497563273564,1.152768860989695,20.010955374750335,3.1976254559630544,0.0756993518607562,qp_ode,0.05,100.0,1.0458440238884163e-07,100.0,189.158629183088,0.5640549952468019,191.0,5.000000000000001,0.999,independent_lognormal,False,0.0,False,0.0,63.59857352404877,0.07253042557441383,False,0.0,fixed_device,0,82.42416995427789,127.1141941177528,164.84833990855577,203.3836654723806,101.50256;98.368319;122.40922;100.06464;100.53717;109.06276;100.23991;110.36723;99.731637;93.982418;91.60609;92.517422;127.11419;87.026398;94.691349;88.354524;82.42417,203.00512;182.52986;192.37115;195.26002;201.07434;203.38367;198.15742;194.28489;194.09651;187.96484;183.21218;185.03484;190.32899;174.0528;189.3827;176.70905;164.84834,5.0292688;5.0143876;4.9166356;5.0053238;4.9550194;5.0397662;5.0751956;5.0457888;4.9884711;4.9910309;5.029018;5.0185368;4.9922815;4.9157532;4.9626985;4.9457687;5.0750554,3.5221762573200976e-06,6.144744396209717,1.7739496627200424e-07,42980.25743155578,1.0,0.20989682945977806,True,,
258,258,2.262610204099267,-2.5025693773978297,inside,circular,2.4206329510023536,0.9397042191781364,8.078107236072725,1.0,37.84565706318127,1,,,,False,0.09363005477281239,0.061963667572510484,False,0.3467406049804439,3.224635594423219,0.8640301432115407,1.071484120674719,ballistic,14.526106896857183,,0.10612514666994638,78.72647297698894,1.9068824199387593,2.4573215929825603,5.954771372831802,9.246203980794094,0.26387842235390285,0.4215349691771776,0.9529420217339766,0.7450194878053363,0.3858674788295178,0.9842475842180147,32.35668908463965,3.38658687001417,0.05426952048677779,qp_ode,0.05,100.0,2.4866921077362527e-07,100.0,189.158629183088,1.454565172751224,191.0,5.000000000000001,0.999,independent_lognormal,False,0.0,False,0.0,24.747499685360033,0.11152976335525044,False,0.0,fixed_device,0,82.42416995427789,127.1141941177528,164.84833990855577,203.3836654723806,101.50256;98.368319;122.40922;100.06464;100.53717;109.06276;100.23991;110.36723;99.731637;93.982418;91.60609;92.517422;127.11419;87.026398;94.691349;88.354524;82.42417,203.00512;182.52986;192.37115;195.26002;201.07434;203.38367;198.15742;194.28489;194.09651;187.96484;183.21218;185.03484;190.32899;174.0528;189.3827;176.70905;164.84834,5.0292688;5.0143876;4.9166356;5.0053238;4.9550194;5.0397662;5.0751956;5.0457888;4.9884711;4.9910309;5.029018;5.0185368;4.9922815;4.9157532;4.9626985;4.9457687;5.0750554,5.0894836931547616e-06,4.3631205558776855,2.5709869078127667e-07,42980.25743155578,1.0,0.3364910974519154,True,,
259,259,2.0380680873596013,2.218194807525932,inside,elliptical,1.8423352201843648,1.691144948798001,3.0349518557332136,1.966536637442384,28.535944865408084,1,,,,False,0.29008805312778163,0.2352959949888559,False,0.25686362657833767,2.2091661019206095,0.720988998893914,2.629190581997701,ballistic,39.340856182871775,,0.04319655132946418,71.33533927246631,0.9105134342672854,2.922219143640557,6.161456037740177,7.965841830686662,0.3584180580337963,0.10874870258287461,0.8106086361245471,0.632805526199729,0.14408447590854206,1.0757928893308724,28.190871268888912,3.0515669158729706,0.03894000439385667,qp_ode,0.05,100.0,1.4674551746331297e-07,100.0,189.158629183088,1.0662414106329965,191.0,5.000000000000001,0.999,independent_lognormal,False,0.0,False,0.0,53.3761465000618,0.123146133867519,False,0.0,fixed_device,0,82.42416995427789,127.1141941177528,164.84833990855577,203.3836654723806,101.50256;98.368319;122.40922;100.06464;100.53717;109.06276;100.23991;110.36723;99.731637;93.982418;91.60609;92.517422;127.11419;87.026398;94.691349;88.354524;82.42417,203.00512;182.52986;192.37115;195.26002;201.07434;203.38367;198.15742;194.28489;194.09651;187.96484;183.21218;185.03484;190.32899;174.0528;189.3827;176.70905;164.84834,5.0292688;5.0143876;4.9166356;5.0053238;4.9550194;5.0397662;5.0751956;5.0457888;4.9884711;4.9910309;5.029018;5.0185368;4.9922815;4.9157532;4.9626985;4.9457687;5.0750554,3.6727726637764135e-06,5.941131591796875,1.8507967070036102e-07,42980.25743155578,1.0,0.23917201306175648,True,,
260,260,1.3809517770700577,0.11800127369303759,inside,elliptical,1.8815806261404395,1.5960522321947554,8.530499290630331,1.7056304059616765,10.166342468446794,1,,,,False,0.2052545614540669,0.027132057307047153,False,0.15011065292486814,2.1263840918104875,0.591629477546804,1.0566490364672527,ballistic,26.641941984930195,,0.02544807721997469,72.30975274565108,1.8579724055084785,2.5849019355618688,5.96962465157541,6.546269243282854,0.2157256562508703,0.4546489992877968,0.868511098837912,0.4580557444394745,0.40842003817433153,0.7135026586690155,25.428274585737924,3.264672954831559,0.03150198878518439,qp_ode,0.05,100.0,2.282975013599154e-07,100.0,189.158629183088,1.8815268898215087,191.0,5.000000000000001,0.999,independent_lognormal,False,0.0,False,0.0,14.749690364973567,0.13366154290655347,False,0.0,fixed_device,0,82.42416995427789,127.1141941177528,164.84833990855577,203.3836654723806,101.50256;98.368319;122.40922;100.06464;100.53717;109.06276;100.23991;110.36723;99.731637;93.982418;91.60609;92.517422;127.11419;87.026398;94.691349;88.354524;82.42417,203.00512;182.52986;192.37115;195.26002;201.07434;203.38367;198.15742;194.28489;194.09651;187.96484;183.21218;185.03484;190.32899;174.0528;189.3827;176.70905;164.84834,5.0292688;5.0143876;4.9166356;5.0053238;4.9550194;5.0397662;5.0751956;5.0457888;4.9884711;4.9910309;5.029018;5.0185368;4.9922815;4.9157532;4.9626985;4.9457687;5.0750554,5.06031938130036e-06,4.386274814605713,2.562344150192075e-07,42980.25743155578,1.0,0.36954902831631253,True,,
261,261,-0.7032891585779568,2.291776633842617,inside,elliptical,1.8294228938189352,0.950906267770827,2.276540049172425,2.459987519091044,161.04296245920196,1,,,,False,0.38124817535622835,0.5178107937334306,False,0.15233804693817826,1.801815890610494,0.8618581718882672,2.797159579773049,ballistic,23.75087651094167,,0.06855228783985605,12.464187011897074,0.7211485826970384,3.550620449734721,5.600525973293234,6.927484278334604,0.5869064487090404,0.14747852782576729,0.9242997546639036,0.42996586988843505,0.1404393455486727,0.5927628108388576,30.87486030547094,3.112543209424862,0.07993915615286072,qp_ode,0.05,100.0,2.2920769078721107e-07,100.0,189.158629183088,0.3725109546657621,191.0,5.000000000000001,0.999,independent_lognormal,False,0.0,False,0.0,11.631333192984444,0.08524073761437198,False,0.0,fixed_device,0,82.42416995427789,127.1141941177528,164.84833990855577,203.3836654723806,101.50256;98.368319;122.40922;100.06464;100.53717;109.06276;100.23991;110.36723;99.731637;93.982418;91.60609;92.517422;127.11419;87.026398;94.691349;88.354524;82.42417,203.00512;182.52986;192.37115;195.26002;201.07434;203.38367;198.15742;194.28489;194.09651;187.96484;183.21218;185.03484;190.32899;174.0528;189.3827;176.70905;164.84834,5.0292688;5.0143876;4.9166356;5.0053238;4.9550194;5.0397662;5.0751956;5.0457888;4.9884711;4.9910309;5.029018;5.0185368;4.9922815;4.9157532;4.9626985;4.9457687;5.0750554,5.682697974407347e-06,3.872887372970581,2.874377003081463e-07,42980.25743155578,1.0,0.21763806850960912,True,,
262,262,-0.2524462539630572,3.0,edge,elliptical,1.9146767174387267,1.040289026861416,4.448720106409627,2.4274320974608963,49.99183127289732,1,,,,False,0.39596437077281904,0.29103988584899976,False,0.270764412674364,3.871610494377049,0.7897419073502656,2.4594142189386767,ballistic,32.888519319110216,,0.11263546697078193,33.01141173147353,1.9069198250228796,2.4022162725149596,4.412106929953887,5.224086360200238,0.21765665316611416,0.27788855799063344,0.9707544829179593,0.7984300349031201,0.08391331177169965,0.7856905507507719,30.294051315454926,2.8698857641803923,0.021343827133475487,qp_ode,0.05,100.0,2.0667978187076053e-07,100.0,189.158629183088,1.3777806400140291,191.0,5.000000000000001,0.999,independent_lognormal,False,0.0,False,0.0,3.8606530579767253,0.11438258028514853,False,0.0,fixed_device,0,82.42416995427789,127.1141941177528,164.84833990855577,203.3836654723806,101.50256;98.368319;122.40922;100.06464;100.53717;109.06276;100.23991;110.36723;99.731637;93.982418;91.60609;92.517422;127.11419;87.026398;94.691349;88.354524;82.42417,203.00512;182.52986;192.37115;195.26002;201.07434;203.38367;198.15742;194.28489;194.09651;187.96484;183.21218;185.03484;190.32899;174.0528;189.3827;176.70905;164.84834,5.0292688;5.0143876;4.9166356;5.0053238;4.9550194;5.0397662;5.0751956;5.0457888;4.9884711;4.9910309;5.029018;5.0185368;4.9922815;4.9157532;4.9626985;4.9457687;5.0750554,4.651737526728539e-06,4.7679362297058105,2.347872509744775e-07,42980.25743155578,1.0,0.25220903115957727,True,,
263,263,1.177984847909764,-1.9244924767842562,inside,circular,2.3597977530613097,1.505569713663507,4.4912788465679,1.0,116.48770588011959,1,,,,False,0.12867817048902885,0.79843332016616,False,0.2818049404587577,1.8515465537563536,0.6843614992379922,1.157298859918418,diffusive,,16.020987752678796,0.08155152071763376,42.13223179375824,1.1190502382450243,3.420404053365216,4.154405858022795,7.469554163206746,0.22996831183476266,0.29656800269411515,0.8031843011113785,0.09096378101615397,0.1629303511211571,0.954065073707758,30.01981143352554,3.1290982696526792,0.033671550790183906,qp_ode,0.05,100.0,2.229088007776633e-07,100.0,189.158629183088,1.809328363015444,191.0,5.000000000000001,0.999,independent_lognormal,False,0.0,False,0.0,9.528566188241944,0.06607280184725975,False,0.0,fixed_device,0,82.42416995427789,127.1141941177528,164.84833990855577,203.3836654723806,101.50256;98.368319;122.40922;100.06464;100.53717;109.06276;100.23991;110.36723;99.731637;93.982418;91.60609;92.517422;127.11419;87.026398;94.691349;88.354524;82.42417,203.00512;182.52986;192.37115;195.26002;201.07434;203.38367;198.15742;194.28489;194.09651;187.96484;183.21218;185.03484;190.32899;174.0528;189.3827;176.70905;164.84834,5.0292688;5.0143876;4.9166356;5.0053238;4.9550194;5.0397662;5.0751956;5.0457888;4.9884711;4.9910309;5.029018;5.0185368;4.9922815;4.9157532;4.9626985;4.9457687;5.0750554,4.010062184534036e-06,5.584037780761719,2.0212124240970297e-07,42980.25743155578,1.0,0.28601036627508597,True,,
264,264,0.9531113747855287,-2.606971497712883,inside,elliptical,1.915051330514154,1.6269880245269497,8.415395490909596,2.0208283530276168,64.65759817388427,1,,,,False,0.15171425655256113,0.8007418535167489,False,0.28027496371619953,2.810347010365299,0.7606454100198854,2.374436511083932,ballistic,15.628248526881498,,0.07803595583985357,65.22822573062886,1.8989220066685935,2.0048557573681127,5.207599713185159,5.955826304516725,0.38546360003379726,0.4363971944791074,0.9399485082267771,0.6268101562224224,0.18686712436996125,1.1317982014012278,26.985377337551057,3.2114650897734296,0.008226649957780578,qp_ode,0.05,100.0,7.544414469681556e-08,100.0,189.158629183088,0.5562159089630827,191.0,5.000000000000001,0.999,independent_lognormal,False,0.0,False,0.0,49.7034969656682,0.06341523898967319,False,0.0,fixed_device,0,82.42416995427789,127.1141941177528,164.84833990855577,203.3836654723806,101.50256;98.368319;122.40922;100.06464;100.53717;109.06276;100.23991;110.36723;99.731637;93.982418;91.60609;92.517422;127.11419;87.026398;94.691349;88.354524;82.42417,203.00512;182.52986;192.37115;195.26002;201.07434;203.38367;198.15742;194.28489;194.09651;187.96484;183.21218;185.03484;190.32899;174.0528;189.3827;176.70905;164.84834,5.0292688;5.0143876;4.9166356;5.0053238;4.9550194;5.0397662;5.0751956;5.0457888;4.9884711;4.9910309;5.029018;5.0185368;4.9922815;4.9157532;4.9626985;4.9457687;5.0750554,1.5077811212904635e-06,13.483946800231934,7.562076831391096e-08,42980.25743155578,1.0,0.2037341222834444,True,,
265,265,0.7367475870184341,-2.3653214659075195,inside,circular,2.3492742968485962,1.6852682351218635,9.783795507335268,1.0,114.71893071016653,1,,,,False,0.07094725564654532,0.24968258461547366,False,0.39549374173318996,1.95411117587169,1.1593358379651648,2.537544530594033,ballistic,39.60159361376239,,0.10798539681216676,36.59471427224774,1.6538176421618571,2.8636183093073804,5.913080153358564,9.800205186985629,0.49673425299921803,0.42412431838423614,0.866125387001618,0.05058536029637306,0.4195665619109215,0.7521010877038917,33.45331191112837,3.0261588827217425,0.04588165231548923,qp_ode,0.05,100.0,2.1347975324239932e-07,100.0,189.158629183088,0.7426969061026076,191.0,5.000000000000001,0.999,independent_lognormal,False,0.0,False,0.0,13.940640628185555,0.07612955592306926,False,0.0,fixed_device,0,82.42416995427789,127.1141941177528,164.84833990855577,203.3836654723806,101.50256;98.368319;122.40922;100.06464;100.53717;109.06276;100.23991;110.36723;99.731637;93.982418;91.60609;92.517422;127.11419;87.026398;94.691349;88.354524;82.42417,203.00512;182.52986;192.37115;195.26002;201.07434;203.38367;198.15742;194.28489;194.09651;187.96484;183.21218;185.03484;190.32899;174.0528;189.3827;176.70905;164.84834,5.0292688;5.0143876;4.9166356;5.0053238;4.9550194;5.0397662;5.0751956;5.0457888;4.9884711;4.9910309;5.029018;5.0185368;4.9922815;4.9157532;4.9626985;4.9457687;5.0750554,5.066622634330997e-06,4.381235122680664,2.563948271472327e-07,42980.25743155578,1.0,0.24492488282892666,True,,
266,266,3.0,1.2715408486308792,edge,circular,1.810935401200924,1.0603582967867715,9.080848125516667,1.0,177.5871295966033,1,,,,False,0.190579999485676,0.3501334456298021,False,0.3179679760802881,2.437449137516025,0.9194173879600016,1.3118101320295978,diffusive,,13.28675021878879,0.09630445710545926,44.02053743511346,0.8119740602023438,2.4036501883726467,4.514700182689573,7.178277227790494,0.44429684920834234,0.3576446237301031,0.9776857089705759,0.7529156020803706,0.47783761439683453,1.093643049837032,26.156387598805615,3.3483094237347295,0.040632770069860005,qp_ode,0.05,100.0,2.486819490161713e-07,100.0,189.158629183088,0.21322502575524546,191.0,5.000000000000001,0.999,independent_lognormal,False,0.0,False,0.0,17.12779252366268,0.13521821068928622,False,0.0,fixed_device,0,82.42416995427789,127.1141941177528,164.84833990855577,203.3836654723806,101.50256;98.368319;122.40922;100.06464;100.53717;109.06276;100.23991;110.36723;99.731637;93.982418;91.60609;92.517422;127.11419;87.026398;94.691349;88.354524;82.42417,203.00512;182.52986;192.37115;195.26002;201.07434;203.38367;198.15742;194.28489;194.09651;187.96484;183.21218;185.03484;190.32899;174.0528;189.3827;176.70905;164.84834,5.0292688;5.0143876;4.9166356;5.0053238;4.9550194;5.0397662;5.0751956;5.0457888;4.9884711;4.9910309;5.029018;5.0185368;4.9922815;4.9157532;4.9626985;4.9457687;5.0750554,4.374211584945442e-06,5.042799949645996,2.2112313047273346e-07,42980.25743155578,1.0,0.20674368083801942,True,,
267,267,-2.218264789224116,-2.4428924457588757,inside,elliptical,1.9573570161180713,0.8717290077567516,9.297918628909326,2.0091376608139386,37.23974981742299,1,,,,False,0.36884591510347864,0.2696437561815703,False,0.18641715986438068,3.3163322133014512,0.9464114755317112,2.914267238434685,ballistic,36.58628640597614,,0.06649602115798067,43.74022739748726,0.5305998633735114,3.7743954443183494,3.860056114087327,9.394580909856048,0.2299464078133689,0.3836393520923459,0.8819950327808447,0.7651096232688409,0.1379005728700366,0.7898136774025613,27.003132799456324,3.1946382993174196,0.04483784780708129,qp_ode,0.05,100.0,1.766049817682337e-07,100.0,189.158629183088,0.5033984750512526,191.0,5.000000000000001,0.999,independent_lognormal,False,0.0,False,0.0,6.64774570241875,0.060814000457613586,False,0.0,fixed_device,0,82.42416995427789,127.1141941177528,164.84833990855577,203.3836654723806,101.50256;98.368319;122.40922;100.06464;100.53717;109.06276;100.23991;110.36723;99.731637;93.982418;91.60609;92.517422;127.11419;87.026398;94.691349;88.354524;82.42417,203.00512;182.52986;192.37115;195.26002;201.07434;203.38367;198.15742;194.28489;194.09651;187.96484;183.21218;185.03484;190.32899;174.0528;189.3827;176.70905;164.84834,5.0292688;5.0143876;4.9166356;5.0053238;4.9550194;5.0397662;5.0751956;5.0457888;4.9884711;4.9910309;5.029018;5.0185368;4.9922815;4.9157532;4.9626985;4.9457687;5.0750554,3.925512828573119e-06,5.584517478942871,1.9803302109266951e-07,42980.25743155578,1.0,0.21817329860604998,True,,
268,268,2.4500699401627397,-2.5430157905778117,inside,elliptical,2.468682782291764,1.6735106384225227,2.9009974152507914,2.4126937243014837,58.84741792774288,1,,,,False,0.3080000690492389,0.45159725476662016,False,0.25642202698330374,3.546978213946387,0.9985112069939737,1.671086780907927,ballistic,35.21353378736339,,0.046716931770767633,34.093520507434086,0.5987507961972899,3.0572685653946907,4.066707592159224,6.280949147528615,0.4007214795836086,0.4565829293908207,0.9862835186337133,0.3546594151480186,0.18252665529277712,0.5700004277588717,27.592565704002684,3.1012592928232876,0.05553183690954788,qp_ode,0.05,100.0,7.762917473924398e-08,100.0,189.158629183088,1.1590754702026238,191.0,5.000000000000001,0.999,independent_lognormal,False,0.0,False,0.0,15.038390891897768,0.07706555983294523,False,0.0,fixed_device,0,82.42416995427789,127.1141941177528,164.84833990855577,203.3836654723806,101.50256;98.368319;122.40922;100.06464;100.53717;109.06276;100.23991;110.36723;99.731637;93.982418;91.60609;92.517422;127.11419;87.026398;94.691349;88.354524;82.42417,203.00512;182.52986;192.37115;195.26002;201.07434;203.38367;198.15742;194.28489;194.09651;187.96484;183.21218;185.03484;190.32899;174.0528;189.3827;176.70905;164.84834,5.0292688;5.0143876;4.9166356;5.0053238;4.9550194;5.0397662;5.0751956;5.0457888;4.9884711;4.9910309;5.029018;5.0185368;4.9922815;4.9157532;4.9626985;4.9457687;5.0750554,1.3840902965966961e-06,14.385503768920898,6.940111774156321e-08,42980.25743155578,1.0,0.20235585268057968,True,,
269,269,2.4588309055057733,-2.507550664766506,inside,circular,2.1119315778627676,1.1933102806463565,5.555691456825418,1.0,78.33539008939383,1,,,,False,0.33357025982367894,0.3571822241912862,False,0.18387840332729252,2.757706158137066,0.8035354030889852,2.6068721406724173,ballistic,34.91015462322821,,0.02431930825439324,36.37723100919775,1.2667250644957049,2.7269892341238817,5.961293754228785,9.11460085462016,0.2540298639586325,0.16442507911154972,0.842279219082678,0.15047090064478752,0.47834728609493293,1.1981991295239598,26.83295020240731,3.108782833238902,0.06605686431371899,qp_ode,0.05,100.0,8.603485041144488e-08,100.0,189.158629183088,1.5764239618548863,191.0,5.000000000000001,0.999,independent_lognormal,False,0.0,False,0.0,7.07278126248009,0.06331384740372518,False,0.0,fixed_device,0,82.42416995427789,127.1141941177528,164.84833990855577,203.3836654723806,101.50256;98.368319;122.40922;100.06464;100.53717;109.06276;100.23991;110.36723;99.731637;93.982418;91.60609;92.517422;127.11419;87.026398;94.691349;88.354524;82.42417,203.00512;182.52986;192.37115;195.26002;201.07434;203.38367;198.15742;194.28489;194.09651;187.96484;183.21218;185.03484;190.32899;174.0528;189.3827;176.70905;164.84834,5.0292688;5.0143876;4.9166356;5.0053238;4.9550194;5.0397662;5.0751956;5.0457888;4.9884711;4.9910309;5.029018;5.0185368;4.9922815;4.9157532;4.9626985;4.9457687;5.0750554,2.128857204297674e-06,9.823445320129395,1.0695938357230261e-07,42980.25743155578,1.0,0.23083604724497586,True,,
270,270,0.24197212322849904,-3.0,edge,circular,1.9578702760857516,1.5123732366498106,2.723510527906564,1.0,140.20490446550312,1,,,,False,0.09691718904773303,0.011109401705324817,False,0.14920440861642711,2.2085124498705664,1.2609781391933832,2.7368990821600274,ballistic,23.92304796335796,,0.05721069571764163,9.705503810774045,0.6187760641312675,2.279497409147192,5.86465722045315,9.798245523733353,0.411861866231935,0.35064861416327564,0.8238966023260154,0.3590393917762644,0.11029583552331915,0.7666372883397736,34.26870885767741,3.1096210410035168,0.012161764625412718,qp_ode,0.05,100.0,2.840405997929651e-07,100.0,189.158629183088,0.26942043906688484,191.0,5.000000000000001,0.999,independent_lognormal,False,0.0,False,0.0,5.282584675953108,0.14343222463074906,False,0.0,fixed_device,0,82.42416995427789,127.1141941177528,164.84833990855577,203.3836654723806,101.50256;98.368319;122.40922;100.06464;100.53717;109.06276;100.23991;110.36723;99.731637;93.982418;91.60609;92.517422;127.11419;87.026398;94.691349;88.354524;82.42417,203.00512;182.52986;192.37115;195.26002;201.07434;203.38367;198.15742;194.28489;194.09651;187.96484;183.21218;185.03484;190.32899;174.0528;189.3827;176.70905;164.84834,5.0292688;5.0143876;4.9166356;5.0053238;4.9550194;5.0397662;5.0751956;5.0457888;4.9884711;4.9910309;5.029018;5.0185368;4.9922815;4.9157532;4.9626985;4.9457687;5.0750554,4.181817985227099e-06,5.259977340698242,2.1088851553940913e-07,42980.25743155578,1.0,0.2090226911034242,True,,
271,271,-0.29363349442180775,-3.0,edge,circular,1.7223685361729066,1.5307960691641593,8.986733277238532,1.0,176.95659869899768,1,,,,False,0.2076267833919208,0.8829476283894631,False,0.16915355252298594,3.965722766835839,0.8134282825590203,1.1281134808091917,ballistic,20.64413351753022,,0.08788940685732348,77.08860299525202,1.5518304178306135,3.700649590417327,4.7191571093412765,9.012849065944213,0.4255563945148252,0.2016059272642902,0.834149968547247,0.49531769528958813,0.2997797105455006,0.7749328615540159,25.257093039914324,2.842769872140517,0.04123013513854188,qp_ode,0.05,100.0,2.0583517275973528e-07,100.0,189.158629183088,0.7493597107367396,191.0,5.000000000000001,0.999,independent_lognormal,False,0.0,False,0.0,37.715289546275365,0.09178030716566288,False,0.0,fixed_device,0,82.42416995427789,127.1141941177528,164.84833990855577,203.3836654723806,101.50256;98.368319;122.40922;100.06464;100.53717;109.06276;100.23991;110.36723;99.731637;93.982418;91.60609;92.517422;127.11419;87.026398;94.691349;88.354524;82.42417,203.00512;182.52986;192.37115;195.26002;201.07434;203.38367;198.15742;194.28489;194.09651;187.96484;183.21218;185.03484;190.32899;174.0528;189.3827;176.70905;164.84834,5.0292688;5.0143876;4.9166356;5.0053238;4.9550194;5.0397662;5.0751956;5.0457888;4.9884711;4.9910309;5.029018;5.0185368;4.9922815;4.9157532;4.9626985;4.9457687;5.0750554,4.091280061402358e-06,5.3702192306518555,2.063719080069859e-07,42980.25743155578,1.0,0.2150663169825362,True,,
272,272,3.0,-0.03410384789580023,edge,elliptical,1.9148484084862423,0.8075327644141514,4.320845273240645,2.287552825820898,44.69333179314623,1,,,,False,0.09124373681608197,0.7954841476620754,False,0.2853570937661192,2.0707306330469786,1.1955801866204454,2.95727049065949,diffusive,,17.860777071796512,0.04792360665243666,28.431531816640696,1.6845317691713855,3.721666519269733,5.230132607795142,8.08389853693383,0.22655959584234586,0.32951136299669376,0.9479884305352236,0.4837554090856063,0.21051409800958054,0.9282268515227554,24.081678034762454,3.1048212307186853,0.0020611921516945843,qp_ode,0.05,100.0,2.177145265130616e-07,100.0,189.158629183088,1.9691432817366168,191.0,5.000000000000001,0.999,independent_lognormal,False,0.0,False,0.0,2.6826616963850327,0.12179693818407893,False,0.0,fixed_device,0,82.42416995427789,127.1141941177528,164.84833990855577,203.3836654723806,101.50256;98.368319;122.40922;100.06464;100.53717;109.06276;100.23991;110.36723;99.731637;93.982418;91.60609;92.517422;127.11419;87.026398;94.691349;88.354524;82.42417,203.00512;182.52986;192.37115;195.26002;201.07434;203.38367;198.15742;194.28489;194.09651;187.96484;183.21218;185.03484;190.32899;174.0528;189.3827;176.70905;164.84834,5.0292688;5.0143876;4.9166356;5.0053238;4.9550194;5.0397662;5.0751956;5.0457888;4.9884711;4.9910309;5.029018;5.0185368;4.9922815;4.9157532;4.9626985;4.9457687;5.0750554,4.014614205516409e-06,5.463389873504639,2.0235032138771203e-07,42980.25743155578,1.0,0.2797725533009906,True,,
273,273,0.2261679785715378,0.16126620388952473,inside,elliptical,2.3297075154100546,1.1480545469827088,6.455417218830389,1.7588316637609394,9.780261920360822,1,,,,False,0.2833476188932829,0.9531544896217543,False,0.22431482529187824,1.8163006050026165,0.9291871498809898,1.9068646154678113,ballistic,27.097567352207022,,0.10150035766041794,72.39709124463596,0.9437995419394659,2.373001906262661,5.236583269195731,9.594264383340992,0.4046181112809646,0.3187047730473885,0.839813038990837,0.7166312108313541,0.3626464370820295,0.9197939403529246,20.061705146475717,2.8150669751432,0.02294597702475068,qp_ode,0.05,100.0,7.078737790026186e-08,100.0,189.158629183088,1.5467597018523227,191.0,5.000000000000001,0.999,independent_lognormal,False,0.0,False,0.0,15.883187196140923,0.05139183367731958,False,0.0,fixed_device,0,82.42416995427789,127.1141941177528,164.84833990855577,203.3836654723806,101.50256;98.368319;122.40922;100.06464;100.53717;109.06276;100.23991;110.36723;99.731637;93.982418;91.60609;92.517422;127.11419;87.026398;94.691349;88.354524;82.42417,203.00512;182.52986;192.37115;195.26002;201.07434;203.38367;198.15742;194.28489;194.09651;187.96484;183.21218;185.03484;190.32899;174.0528;189.3827;176.70905;164.84834,5.0292688;5.0143876;4.9166356;5.0053238;4.9550194;5.0397662;5.0751956;5.0457888;4.9884711;4.9910309;5.029018;5.0185368;4.9922815;4.9157532;4.9626985;4.9457687;5.0750554,3.789559286815347e-06,5.7860331535339355,1.9103288195765344e-07,42980.25743155578,1.0,0.22426048744437466,True,,
274,274,-1.5019298733650441,-0.016857246715694885,inside,elliptical,2.113413534080493,1.2575683194897738,2.3809944326762142,2.498238961237381,151.2784399937214,1,,,,False,0.12099043834855516,0.7739245049881902,False,0.19255629935288407,2.061336272531242,0.6667292068990794,2.985406261753126,ballistic,16.411954679152082,,0.07990407804745825,11.237969702787503,1.2388961878607683,2.0878707561782863,3.9320483082390245,6.530264473749718,0.30678176918968136,0.4732130574204242,0.803772622768963,5.4522163809700434e-05,0.4137000736340657,0.6504696203975777,20.527078597668105,3.364560204633172,0.03249067972094295,qp_ode,0.05,100.0,2.683526309411688e-07,100.0,189.158629183088,0.36030452087891607,191.0,5.000000000000001,0.999,independent_lognormal,False,0.0,False,0.0,3.11040205991304,0.05145216193052787,False,0.0,fixed_device,0,82.42416995427789,127.1141941177528,164.84833990855577,203.3836654723806,101.50256;98.368319;122.40922;100.06464;100.53717;109.06276;100.23991;110.36723;99.731637;93.982418;91.60609;92.517422;127.11419;87.026398;94.691349;88.354524;82.42417,203.00512;182.52986;192.37115;195.26002;201.07434;203.38367;198.15742;194.28489;194.09651;187.96484;183.21218;185.03484;190.32899;174.0528;189.3827;176.70905;164.84834,5.0292688;5.0143876;4.9166356;5.0053238;4.9550194;5.0397662;5.0751956;5.0457888;4.9884711;4.9910309;5.029018;5.0185368;4.9922815;4.9157532;4.9626985;4.9457687;5.0750554,6.690177087875782e-06,3.3761088848114014,3.409454620850738e-07,42980.25743155578,1.0,0.2271221808058605,True,,
275,275,1.6816390945297606,1.0176915267158204,inside,circular,1.8775409466881308,1.3772178957199541,4.246894048959506,1.0,88.68942186234037,1,,,,False,0.39856595126550165,0.9715664468794509,False,0.26455050547182835,1.8156968699697258,0.7450945256773075,2.4687457549481815,ballistic,15.381687017999653,,0.06349272924381126,60.837679409887855,1.460008758289972,2.655495737581164,3.608404596731992,5.95024119656141,0.359545207060498,0.3942405466992921,0.9051959595094493,0.6080908533575584,0.360574688732657,0.6674824555709643,30.520483653370647,2.934045594743275,0.06282422952163869,qp_ode,0.05,100.0,7.47807134021624e-08,100.0,189.158629183088,0.516927434567424,191.0,5.000000000000001,0.999,independent_lognormal,False,0.0,False,0.0,25.53775029583491,0.10842421622276459,False,0.0,fixed_device,0,82.42416995427789,127.1141941177528,164.84833990855577,203.3836654723806,101.50256;98.368319;122.40922;100.06464;100.53717;109.06276;100.23991;110.36723;99.731637;93.982418;91.60609;92.517422;127.11419;87.026398;94.691349;88.354524;82.42417,203.00512;182.52986;192.37115;195.26002;201.07434;203.38367;198.15742;194.28489;194.09651;187.96484;183.21218;185.03484;190.32899;174.0528;189.3827;176.70905;164.84834,5.0292688;5.0143876;4.9166356;5.0053238;4.9550194;5.0397662;5.0751956;5.0457888;4.9884711;4.9910309;5.029018;5.0185368;4.9922815;4.9157532;4.9626985;4.9457687;5.0750554,1.7310278508375632e-06,11.856497764587402,8.688316910365756e-08,42980.25743155578,1.0,0.18923235511145556,True,,
276,276,-0.685259590754101,-0.25659880293500237,inside,elliptical,2.0127538796875704,0.9037133140400617,6.843698138782299,1.014577808627899,4.610347613813639,1,,,,False,0.27362031293158107,0.8601455270483895,False,0.315409211583206,3.819421616700906,0.9885310451147471,2.023421888448405,diffusive,,16.39882293445622,0.029242179377946546,70.9943625715149,1.91035342675735,2.8769669521796986,6.3758553676688,8.148440683123573,0.28251291800623696,0.48422688509029543,0.9117331339977282,0.26320092354415525,0.27191972885423465,1.1194900758849846,27.174600556494568,3.153502952271087,0.07979916333614384,qp_ode,0.05,100.0,1.1612622929019684e-07,100.0,189.158629183088,0.9231971206460743,191.0,5.000000000000001,0.999,independent_lognormal,False,0.0,False,0.0,17.172090260620397,0.11245913701844346,False,0.0,fixed_device,0,82.42416995427789,127.1141941177528,164.84833990855577,203.3836654723806,101.50256;98.368319;122.40922;100.06464;100.53717;109.06276;100.23991;110.36723;99.731637;93.982418;91.60609;92.517422;127.11419;87.026398;94.691349;88.354524;82.42417,203.00512;182.52986;192.37115;195.26002;201.07434;203.38367;198.15742;194.28489;194.09651;187.96484;183.21218;185.03484;190.32899;174.0528;189.3827;176.70905;164.84834,5.0292688;5.0143876;4.9166356;5.0053238;4.9550194;5.0397662;5.0751956;5.0457888;4.9884711;4.9910309;5.029018;5.0185368;4.9922815;4.9157532;4.9626985;4.9457687;5.0750554,2.4874550490494585e-06,8.46462345123291,1.2500385082603316e-07,42980.25743155578,1.0,0.2398533458187881,True,,
277,277,-0.30723382506147345,-2.0985816920713702,inside,elliptical,2.005848146064671,0.9478200777202564,9.304203720117513,1.041973557106723,120.92966121485055,1,,,,False,0.3336401485240676,0.5765672252460394,False,0.3756287705159643,3.969118747564893,1.2673645039195724,2.67511987569788,diffusive,,11.13469726634938,0.08953355541365823,1.6549347304314121,0.6466915249703903,2.810800381778426,5.565140145796546,6.099205470032134,0.3397266823388446,0.3655416380967125,0.8229872391020203,0.7657830562311603,0.48767884102917863,0.9868601444717985,28.443743926236408,3.302078110069885,0.045716004639843065,qp_ode,0.05,100.0,1.1778857843231217e-08,100.0,189.158629183088,0.3730663430833574,191.0,5.000000000000001,0.999,independent_lognormal,False,0.0,False,0.0,15.77274828059873,0.12051051581306463,False,0.0,fixed_device,0,82.42416995427789,127.1141941177528,164.84833990855577,203.3836654723806,101.50256;98.368319;122.40922;100.06464;100.53717;109.06276;100.23991;110.36723;99.731637;93.982418;91.60609;92.517422;127.11419;87.026398;94.691349;88.354524;82.42417,203.00512;182.52986;192.37115;195.26002;201.07434;203.38367;198.15742;194.28489;194.09651;187.96484;183.21218;185.03484;190.32899;174.0528;189.3827;176.70905;164.84834,5.0292688;5.0143876;4.9166356;5.0053238;4.9550194;5.0397662;5.0751956;5.0457888;4.9884711;4.9910309;5.029018;5.0185368;4.9922815;4.9157532;4.9626985;4.9457687;5.0750554,3.6292257732384314e-07,39.221473693847656,1.8162914727781754e-08,42980.25743155578,1.0,0.20332492631820168,True,,
278,278,2.543038160538498,2.480935076020727,inside,circular,2.1031462361043576,1.5529144734386011,7.11319347695113,1.0,77.90081508600849,1,,,,False,0.31980643668760456,0.21846765880966224,False,0.16363914970510995,2.7169367351342375,1.001792472255912,2.985625040364333,diffusive,,17.4792085496439,0.08907338738355296,22.975561339238073,0.4152447502658332,3.4446020785083427,3.943434493714255,5.3446416813616615,0.32432465223219975,0.43205819856426875,0.9583939503939752,0.12219986202376631,0.15920024084447076,0.8411304277644964,25.54979165330162,3.1005263706093324,0.03389971628893658,qp_ode,0.05,100.0,2.8382371025222626e-07,100.0,189.158629183088,1.208227470183319,191.0,5.000000000000001,0.999,independent_lognormal,False,0.0,False,0.0,11.18269179488103,0.09779252386854818,False,0.0,fixed_device,0,82.42416995427789,127.1141941177528,164.84833990855577,203.3836654723806,101.50256;98.368319;122.40922;100.06464;100.53717;109.06276;100.23991;110.36723;99.731637;93.982418;91.60609;92.517422;127.11419;87.026398;94.691349;88.354524;82.42417,203.00512;182.52986;192.37115;195.26002;201.07434;203.38367;198.15742;194.28489;194.09651;187.96484;183.21218;185.03484;190.32899;174.0528;189.3827;176.70905;164.84834,5.0292688;5.0143876;4.9166356;5.0053238;4.9550194;5.0397662;5.0751956;5.0457888;4.9884711;4.9910309;5.029018;5.0185368;4.9922815;4.9157532;4.9626985;4.9457687;5.0750554,4.804524451174075e-06,4.624370098114014,2.426505147923308e-07,42980.25743155578,1.0,0.24337877538848396,True,,
279,279,0.0924952986112455,-2.460379280015787,inside,elliptical,1.7988397269685914,1.3214847587676624,7.999929132571793,1.5460581999021838,113.6119309057251,1,,,,False,0.3178467878887185,0.3277883930692729,False,0.2553136623025426,2.0001788363269717,0.7160759743198045,2.8583215221743856,diffusive,,15.729360627826573,0.05069052115040856,32.2588271166018,1.2639023264311686,2.6454282552768174,3.72907247249678,8.038105568976382,0.4358216400985554,0.12798592366452222,0.96797567208006,0.4209584417889078,0.2667509933730665,1.196561994251018,21.061813969012046,2.874352669638388,0.05737793858433359,qp_ode,0.05,100.0,1.690837470230721e-07,100.0,189.158629183088,1.010703318920298,191.0,5.000000000000001,0.999,independent_lognormal,False,0.0,False,0.0,15.885528093256573,0.12425852078663044,False,0.0,fixed_device,0,82.42416995427789,127.1141941177528,164.84833990855577,203.3836654723806,101.50256;98.368319;122.40922;100.06464;100.53717;109.06276;100.23991;110.36723;99.731637;93.982418;91.60609;92.517422;127.11419;87.026398;94.691349;88.354524;82.42417,203.00512;182.52986;192.37115;195.26002;201.07434;203.38367;198.15742;194.28489;194.09651;187.96484;183.21218;185.03484;190.32899;174.0528;189.3827;176.70905;164.84834,5.0292688;5.0143876;4.9166356;5.0053238;4.9550194;5.0397662;5.0751956;5.0457888;4.9884711;4.9910309;5.029018;5.0185368;4.9922815;4.9157532;4.9626985;4.9457687;5.0750554,4.346803052612813e-06,5.069366931915283,2.1933006166818814e-07,42980.25743155578,1.0,0.21646918477523647,True,,
280,280,-2.7525678225227024,-2.3660082429942464,inside,circular,2.1499126578715924,1.496619712675518,5.7572070246141935,1.0,28.220648205980453,1,,,,False,0.2321450405191166,0.015289283748363136,False,0.2996314135363568,2.842737983739066,1.1443353939504735,1.0857063680660402,diffusive,,7.093887148290687,0.06412771115104904,31.922949037160492,1.4231521409005308,3.4938459071175108,4.723646716932349,9.342226651170263,0.3895235846972888,0.47484365321965105,0.800228841225477,0.5637298064370738,0.11725617212787896,0.6688473446870178,31.218791986201097,3.0263396456232563,0.039630580381274524,qp_ode,0.05,100.0,8.24581765814529e-09,100.0,189.158629183088,1.4211016749515493,191.0,5.000000000000001,0.999,independent_lognormal,False,0.0,False,0.0,53.35028773897857,0.11048243603728272,False,0.0,fixed_device,0,82.42416995427789,127.1141941177528,164.84833990855577,203.3836654723806,101.50256;98.368319;122.40922;100.06464;100.53717;109.06276;100.23991;110.36723;99.731637;93.982418;91.60609;92.517422;127.11419;87.026398;94.691349;88.354524;82.42417,203.00512;182.52986;192.37115;195.26002;201.07434;203.38367;198.15742;194.28489;194.09651;187.96484;183.21218;185.03484;190.32899;174.0528;189.3827;176.70905;164.84834,5.0292688;5.0143876;4.9166356;5.0053238;4.9550194;5.0397662;5.0751956;5.0457888;4.9884711;4.9910309;5.029018;5.0185368;4.9922815;4.9157532;4.9626985;4.9457687;5.0750554,1.3031527146267763e-07,63.39154815673828,6.527338669570781e-09,42980.25743155578,1.0,0.1852322580440446,True,,
281,281,-0.8033087332877082,-2.1839882218798494,inside,circular,2.2675654263139444,1.0119536917303626,3.4600516835107067,1.0,12.077385641014903,1,,,,False,0.3363313090532221,0.0892785201078311,False,0.19770784874247038,2.146826242247352,0.844077708292542,2.8152733943119355,diffusive,,10.62330798436452,0.06959635910552535,13.601380159040657,0.7215100082390363,3.7408406813253494,5.33688205942889,6.7551142718728405,0.3899134259511862,0.2511277039036445,0.8848005707731338,0.014849189144197972,0.21109252821704544,1.1238687545229586,32.15095274875716,3.366503457293648,0.04968045793878771,qp_ode,0.05,100.0,9.375323002534098e-08,100.0,189.158629183088,1.0918803003697333,191.0,5.000000000000001,0.999,independent_lognormal,False,0.0,False,0.0,7.864815143230123,0.055016516765047,False,0.0,fixed_device,0,82.42416995427789,127.1141941177528,164.84833990855577,203.3836654723806,101.50256;98.368319;122.40922;100.06464;100.53717;109.06276;100.23991;110.36723;99.731637;93.982418;91.60609;92.517422;127.11419;87.026398;94.691349;88.354524;82.42417,203.00512;182.52986;192.37115;195.26002;201.07434;203.38367;198.15742;194.28489;194.09651;187.96484;183.21218;185.03484;190.32899;174.0528;189.3827;176.70905;164.84834,5.0292688;5.0143876;4.9166356;5.0053238;4.9550194;5.0397662;5.0751956;5.0457888;4.9884711;4.9910309;5.029018;5.0185368;4.9922815;4.9157532;4.9626985;4.9457687;5.0750554,2.890049927373184e-06,7.4387335777282715,1.4534793990605976e-07,42980.25743155578,1.0,0.22805456240191257,True,,
282,282,2.5968435770229785,-3.652540169653852,outside,elliptical,1.8599148941544257,1.3598469965824949,2.5042138806926104,2.317360509814839,160.15869626143774,1,,,,False,0.25648991980312286,0.2237761600975704,False,0.3383726719862076,3.6911596502368687,1.0213734199343825,1.5453886026816894,ballistic,16.12799587993738,,0.05462375255936655,33.02932084883827,1.6976098023821211,3.723833335179884,5.42211727497908,5.867309153203978,0.3792375040546987,0.20959314910582494,0.999119157363582,0.6953079220907913,0.15726718133331463,1.0548926531228633,23.43687762659068,3.0376785990837702,0.05551178703416198,qp_ode,0.05,100.0,2.3492258595126156e-07,100.0,189.158629183088,1.540141538951218,191.0,5.000000000000001,0.999,independent_lognormal,False,0.0,False,0.0,18.191847825297046,0.14266526834256854,False,0.0,fixed_device,0,82.42416995427789,127.1141941177528,164.84833990855577,203.3836654723806,101.50256;98.368319;122.40922;100.06464;100.53717;109.06276;100.23991;110.36723;99.731637;93.982418;91.60609;92.517422;127.11419;87.026398;94.691349;88.354524;82.42417,203.00512;182.52986;192.37115;195.26002;201.07434;203.38367;198.15742;194.28489;194.09651;187.96484;183.21218;185.03484;190.32899;174.0528;189.3827;176.70905;164.84834,5.0292688;5.0143876;4.9166356;5.0053238;4.9550194;5.0397662;5.0751956;5.0457888;4.9884711;4.9910309;5.029018;5.0185368;4.9922815;4.9157532;4.9626985;4.9457687;5.0750554,3.5601083254732657e-06,6.123191833496094,1.802298044140116e-07,42980.25743155578,1.0,0.26361966954993643,True,,
283,283,-0.5981370893897808,2.6213602340983906,inside,elliptical,2.0171879226645144,1.2855928340244966,2.3100842469307965,1.8494568858246359,154.3820931246257,1,,,,False,0.2815501781419007,0.8048403225233955,False,0.23342506050176973,2.3998827011395734,1.225630966201635,1.1860324669553677,ballistic,20.953133493831,,0.06626240514483389,24.630025071624296,1.2406036526937192,2.8032431856203543,5.471714173182838,5.134449129557346,0.30877088922408247,0.43502469178731007,0.9708784941226001,0.7962840357965129,0.15236329325637749,0.6548918966596662,26.874946450672056,2.8695289476153816,0.06092423532818288,qp_ode,0.05,100.0,1.2966630263460934e-07,100.0,189.158629183088,1.1823336924487875,191.0,5.000000000000001,0.999,independent_lognormal,False,0.0,False,0.0,17.417073410925468,0.09650560130779157,False,0.0,fixed_device,0,82.42416995427789,127.1141941177528,164.84833990855577,203.3836654723806,101.50256;98.368319;122.40922;100.06464;100.53717;109.06276;100.23991;110.36723;99.731637;93.982418;91.60609;92.517422;127.11419;87.026398;94.691349;88.354524;82.42417,203.00512;182.52986;192.37115;195.26002;201.07434;203.38367;198.15742;194.28489;194.09651;187.96484;183.21218;185.03484;190.32899;174.0528;189.3827;176.70905;164.84834,5.0292688;5.0143876;4.9166356;5.0053238;4.9550194;5.0397662;5.0751956;5.0457888;4.9884711;4.9910309;5.029018;5.0185368;4.9922815;4.9157532;4.9626985;4.9457687;5.0750554,3.0031815185793675e-06,7.169607162475586,1.5107846706996497e-07,42980.25743155578,1.0,0.2214029950967848,True,,
284,284,-1.555721861516491,-0.4378478721225214,inside,elliptical,2.396694653130292,1.190484406179378,6.215864308723581,2.3541980864898475,38.1775081745311,1,,,,False,0.3215456136122063,0.8728639618596886,False,0.2818630375081915,2.5706663846192743,0.6549901520106699,2.164316711177091,ballistic,21.351674497744153,,0.07417283608291922,3.037230504361066,0.524637650391028,2.956741670939028,6.032422302549415,5.1399260432103695,0.24582920544796988,0.3652139675194339,0.9148595271211204,0.6159971194861726,0.10527162665962048,0.6980732160607748,21.608225061797505,3.3086604590214836,0.05179271687404695,qp_ode,0.05,100.0,8.555865270491637e-08,100.0,189.158629183088,1.3536008178533374,191.0,5.000000000000001,0.999,independent_lognormal,False,0.0,False,0.0,6.505328066425028,0.1284028052748526,False,0.0,fixed_device,0,82.42416995427789,127.1141941177528,164.84833990855577,203.3836654723806,101.50256;98.368319;122.40922;100.06464;100.53717;109.06276;100.23991;110.36723;99.731637;93.982418;91.60609;92.517422;127.11419;87.026398;94.691349;88.354524;82.42417,203.00512;182.52986;192.37115;195.26002;201.07434;203.38367;198.15742;194.28489;194.09651;187.96484;183.21218;185.03484;190.32899;174.0528;189.3827;176.70905;164.84834,5.0292688;5.0143876;4.9166356;5.0053238;4.9550194;5.0397662;5.0751956;5.0457888;4.9884711;4.9910309;5.029018;5.0185368;4.9922815;4.9157532;4.9626985;4.9457687;5.0750554,2.0303659766796045e-06,10.269720077514648,1.0196595923162022e-07,42980.25743155578,1.0,0.24900870888867868,True,,
285,285,1.3646069124974067,0.1882728303204848,inside,circular,2.039176413440994,1.652234672308197,2.5054735669631363,1.0,31.4325489208724,1,,,,False,0.1010235522982684,0.3054001100011833,False,0.1415005465813816,3.0915134387651495,0.5972848675032915,2.205334921758267,ballistic,31.92752735933118,,0.05079100056129913,64.75779716088198,1.5098977675716152,2.543404702318732,5.170948651999977,6.6789511472169245,0.16246498717476804,0.3344205801601112,0.8288604983262138,0.1201213213228999,0.18097931215483254,1.0560847094172758,28.060597372220954,3.2866854748840013,0.03019699919650014,qp_ode,0.05,100.0,2.1577443016845075e-07,100.0,189.158629183088,0.37869581951428866,191.0,5.000000000000001,0.999,independent_lognormal,False,0.0,False,0.0,3.6820738744620387,0.06638967422010925,False,0.0,fixed_device,0,82.42416995427789,127.1141941177528,164.84833990855577,203.3836654723806,101.50256;98.368319;122.40922;100.06464;100.53717;109.06276;100.23991;110.36723;99.731637;93.982418;91.60609;92.517422;127.11419;87.026398;94.691349;88.354524;82.42417,203.00512;182.52986;192.37115;195.26002;201.07434;203.38367;198.15742;194.28489;194.09651;187.96484;183.21218;185.03484;190.32899;174.0528;189.3827;176.70905;164.84834,5.0292688;5.0143876;4.9166356;5.0053238;4.9550194;5.0397662;5.0751956;5.0457888;4.9884711;4.9910309;5.029018;5.0185368;4.9922815;4.9157532;4.9626985;4.9457687;5.0750554,3.5035243399761384e-06,6.227350234985352,1.7641708893734176e-07,42980.25743155578,1.0,0.22814244197336034,True,,
286,286,-2.9457808258045532,-1.3431892691682894,inside,circular,2.236643067694703,1.4896823387481404,3.2435065439009874,1.0,67.15061778330247,1,,,,False,0.07025088343458329,0.6253871990637965,False,0.16088559481618636,2.154288950409089,0.9716315766137509,2.167413524083946,ballistic,18.374546090818278,,0.09996829497817673,43.630385649084424,1.171130281162677,2.923785241528701,6.434717763450056,8.269150819183167,0.5338854682415827,0.22560430316510668,0.8821197332191434,0.466926530138111,0.4931214183802146,0.6703759808303447,30.205041469106895,2.9690735188194983,0.05776437922301263,qp_ode,0.05,100.0,1.1583503931882675e-07,100.0,189.158629183088,1.88406806794813,191.0,5.000000000000001,0.999,independent_lognormal,False,0.0,False,0.0,10.575063948826285,0.08037260758170564,False,0.0,fixed_device,0,82.42416995427789,127.1141941177528,164.84833990855577,203.3836654723806,101.50256;98.368319;122.40922;100.06464;100.53717;109.06276;100.23991;110.36723;99.731637;93.982418;91.60609;92.517422;127.11419;87.026398;94.691349;88.354524;82.42417,203.00512;182.52986;192.37115;195.26002;201.07434;203.38367;198.15742;194.28489;194.09651;187.96484;183.21218;185.03484;190.32899;174.0528;189.3827;176.70905;164.84834,5.0292688;5.0143876;4.9166356;5.0053238;4.9550194;5.0397662;5.0751956;5.0457888;4.9884711;4.9910309;5.029018;5.0185368;4.9922815;4.9157532;4.9626985;4.9457687;5.0750554,3.839249984594062e-06,5.739986419677734,1.9406164142310445e-07,42980.25743155578,1.0,0.26585961057246577,True,,
287,287,-3.0,-1.9066061218425188,edge,circular,1.9725506646485065,1.3571881396020182,9.25294760512643,1.0,4.813569293106472,1,,,,False,0.18573749435798187,0.6336718727660884,False,0.12200803291232637,3.628391870767745,0.7605722456870653,1.1236190293837147,ballistic,20.897945680411432,,0.050261798231451035,30.904478377043407,1.6107610178029215,2.126476588545625,5.668746423784617,8.695164839966507,0.44356429309744116,0.4368173404422696,0.9464540475401269,0.19491222263787444,0.37087242590923064,0.6232652394003616,28.2432444510968,2.867511257953665,0.007149417649037275,qp_ode,0.05,100.0,3.188486215509713e-08,100.0,189.158629183088,1.8968230016382115,191.0,5.000000000000001,0.999,independent_lognormal,False,0.0,False,0.0,3.980385646668687,0.0756496554189901,False,0.0,fixed_device,0,82.42416995427789,127.1141941177528,164.84833990855577,203.3836654723806,101.50256;98.368319;122.40922;100.06464;100.53717;109.06276;100.23991;110.36723;99.731637;93.982418;91.60609;92.517422;127.11419;87.026398;94.691349;88.354524;82.42417,203.00512;182.52986;192.37115;195.26002;201.07434;203.38367;198.15742;194.28489;194.09651;187.96484;183.21218;185.03484;190.32899;174.0528;189.3827;176.70905;164.84834,5.0292688;5.0143876;4.9166356;5.0053238;4.9550194;5.0397662;5.0751956;5.0457888;4.9884711;4.9910309;5.029018;5.0185368;4.9922815;4.9157532;4.9626985;4.9457687;5.0750554,1.1019473049600492e-06,17.435911178588867,5.551229875777608e-08,42980.25743155578,1.0,0.19061716248026184,True,,
288,288,2.629643704960772,-2.6823297072282517,inside,elliptical,2.179627694766367,1.69499859747371,7.7182014221649835,1.2165491056585147,107.4175643037486,1,,,,False,0.2886784156051384,0.48170247496851526,False,0.39218650491810214,3.7163886250129323,1.246491088029721,1.7145959290322772,diffusive,,11.281950165150125,0.1151063495751075,0.3403145947304509,1.9627692089365558,3.4003484503497807,5.442638543668885,7.6185398826472905,0.3242865055556188,0.1323029934480769,0.8456037235860258,0.7958201903647171,0.2133286949253279,1.0914235737022664,31.32768547581319,3.3869235197714254,0.0363082594905617,qp_ode,0.05,100.0,2.817289697768878e-07,100.0,189.158629183088,0.5048915872230298,191.0,5.000000000000001,0.999,independent_lognormal,False,0.0,False,0.0,3.7827254519870586,0.07077704531592433,False,0.0,fixed_device,0,82.42416995427789,127.1141941177528,164.84833990855577,203.3836654723806,101.50256;98.368319;122.40922;100.06464;100.53717;109.06276;100.23991;110.36723;99.731637;93.982418;91.60609;92.517422;127.11419;87.026398;94.691349;88.354524;82.42417,203.00512;182.52986;192.37115;195.26002;201.07434;203.38367;198.15742;194.28489;194.09651;187.96484;183.21218;185.03484;190.32899;174.0528;189.3827;176.70905;164.84834,5.0292688;5.0143876;4.9166356;5.0053238;4.9550194;5.0397662;5.0751956;5.0457888;4.9884711;4.9910309;5.029018;5.0185368;4.9922815;4.9157532;4.9626985;4.9457687;5.0750554,5.902626526221866e-06,3.7862741947174072,2.988137737247598e-07,42980.25743155578,1.0,0.2212145943181672,True,,
289,289,-2.8469312760375507,-0.10406205454904427,inside,elliptical,2.2322094041539486,0.9567901849764775,7.650466831707388,1.8131176221464178,89.85699009280792,1,,,,False,0.22247785458980895,0.9478037630247872,False,0.29492378086160337,1.5615248135120567,0.7004818950545101,2.122336334881391,ballistic,37.27580498133361,,0.029592833163921976,45.97966501827951,1.0263107319325515,2.215926453097828,6.034836754443981,7.927529483887318,0.4354498469146554,0.498791019101257,0.8409437305274864,0.5390369797377977,0.17219853657940543,1.171278443480668,21.379622214488165,3.3356804363920287,0.007850808840131932,qp_ode,0.05,100.0,5.15532566214857e-08,100.0,189.158629183088,1.3369833046058184,191.0,5.000000000000001,0.999,independent_lognormal,False,0.0,False,0.0,11.445624584405998,0.14017148046533173,False,0.0,fixed_device,0,82.42416995427789,127.1141941177528,164.84833990855577,203.3836654723806,101.50256;98.368319;122.40922;100.06464;100.53717;109.06276;100.23991;110.36723;99.731637;93.982418;91.60609;92.517422;127.11419;87.026398;94.691349;88.354524;82.42417,203.00512;182.52986;192.37115;195.26002;201.07434;203.38367;198.15742;194.28489;194.09651;187.96484;183.21218;185.03484;190.32899;174.0528;189.3827;176.70905;164.84834,5.0292688;5.0143876;4.9166356;5.0053238;4.9550194;5.0397662;5.0751956;5.0457888;4.9884711;4.9910309;5.029018;5.0185368;4.9922815;4.9157532;4.9626985;4.9457687;5.0750554,1.2281456065466045e-06,15.925381660461426,6.15823338989685e-08,42980.25743155578,1.0,0.21866749332870034,True,,
290,290,-0.8491624996477904,2.49434493322984,inside,circular,1.9979882475029036,1.0747194804407458,2.4873119891174253,1.0,47.13634262137595,1,,,,False,0.13967106536692947,0.7736871505952982,False,0.16907086863586887,2.938329450752742,1.2817367530404673,1.9365608001688641,diffusive,,15.56315429198554,0.052559934751137655,34.612931172179785,1.461689170769477,2.7547830708931174,3.6586758718827483,9.724303051455106,0.4369267717335681,0.4314754092852633,0.9997622379795604,0.7960439729808723,0.1680461973752885,0.5687105010133572,33.65685204255505,2.8276818863914666,0.028112780683024727,qp_ode,0.05,100.0,4.809161931751902e-08,100.0,189.158629183088,0.22146859305603364,191.0,5.000000000000001,0.999,independent_lognormal,False,0.0,False,0.0,10.035222413770596,0.08740757027236509,False,0.0,fixed_device,0,82.42416995427789,127.1141941177528,164.84833990855577,203.3836654723806,101.50256;98.368319;122.40922;100.06464;100.53717;109.06276;100.23991;110.36723;99.731637;93.982418;91.60609;92.517422;127.11419;87.026398;94.691349;88.354524;82.42417,203.00512;182.52986;192.37115;195.26002;201.07434;203.38367;198.15742;194.28489;194.09651;187.96484;183.21218;185.03484;190.32899;174.0528;189.3827;176.70905;164.84834,5.0292688;5.0143876;4.9166356;5.0053238;4.9550194;5.0397662;5.0751956;5.0457888;4.9884711;4.9910309;5.029018;5.0185368;4.9922815;4.9157532;4.9626985;4.9457687;5.0750554,1.1836143585242098e-06,17.035694122314453,5.935606495199863e-08,42980.25743155578,1.0,0.17213325121676024,True,,
291,291,-2.1798359772292457,-0.19729395881913137,inside,elliptical,2.1690302588229637,1.1188916861888651,9.259021935756294,1.0418349389391741,135.80307445880212,1,,,,False,0.3801599691656715,0.13583262919599504,False,0.3691645617503144,1.7716683211799262,1.1087830544213397,2.965771855938411,diffusive,,10.501135986132201,0.06000463928098798,4.458615968252531,1.038015106709198,2.149583052268702,4.222161886528701,8.595926543286264,0.4603610978074869,0.2070955966866842,0.8217680451959665,0.7035737337731494,0.4175467867637429,1.1780314930275106,31.50470184298922,3.3613897309215726,0.03203343955080345,qp_ode,0.05,100.0,1.7877726602916202e-07,100.0,189.158629183088,1.6846302806070934,191.0,5.000000000000001,0.999,independent_lognormal,False,0.0,False,0.0,13.739023266580816,0.09219304629608965,False,0.0,fixed_device,0,82.42416995427789,127.1141941177528,164.84833990855577,203.3836654723806,101.50256;98.368319;122.40922;100.06464;100.53717;109.06276;100.23991;110.36723;99.731637;93.982418;91.60609;92.517422;127.11419;87.026398;94.691349;88.354524;82.42417,203.00512;182.52986;192.37115;195.26002;201.07434;203.38367;198.15742;194.28489;194.09651;187.96484;183.21218;185.03484;190.32899;174.0528;189.3827;176.70905;164.84834,5.0292688;5.0143876;4.9166356;5.0053238;4.9550194;5.0397662;5.0751956;5.0457888;4.9884711;4.9910309;5.029018;5.0185368;4.9922815;4.9157532;4.9626985;4.9457687;5.0750554,3.0299513582576765e-06,7.1638875007629395,1.527085089492175e-07,42980.25743155578,1.0,0.26649972692694013,True,,
292,292,-3.0,0.08628776253719606,edge,elliptical,2.335789156696605,1.4886350458359594,4.312816215865376,1.644543225082653,171.11827966589624,1,,,,False,0.3598110813848463,0.27894776079751993,False,0.2751251599663883,3.3022991217481126,0.6762112262428587,1.1790718927755819,diffusive,,6.019765607421671,0.0333385274168595,33.33341460487334,1.4176073997053869,2.821528099187706,6.399156965318031,6.5879233622144815,0.5456456178393232,0.22206106180508584,0.8526948824656948,0.5260238165283267,0.2995721410559202,1.1559405320580511,21.029615881081444,3.241645500485514,0.07256459597970032,qp_ode,0.05,100.0,2.443947299173055e-07,100.0,189.158629183088,1.750161311508519,191.0,5.000000000000001,0.999,independent_lognormal,False,0.0,False,0.0,7.041064690420888,0.06398818952577766,False,0.0,fixed_device,0,82.42416995427789,127.1141941177528,164.84833990855577,203.3836654723806,101.50256;98.368319;122.40922;100.06464;100.53717;109.06276;100.23991;110.36723;99.731637;93.982418;91.60609;92.517422;127.11419;87.026398;94.691349;88.354524;82.42417,203.00512;182.52986;192.37115;195.26002;201.07434;203.38367;198.15742;194.28489;194.09651;187.96484;183.21218;185.03484;190.32899;174.0528;189.3827;176.70905;164.84834,5.0292688;5.0143876;4.9166356;5.0053238;4.9550194;5.0397662;5.0751956;5.0457888;4.9884711;4.9910309;5.029018;5.0185368;4.9922815;4.9157532;4.9626985;4.9457687;5.0750554,4.723250640381593e-06,4.661714553833008,2.3909655055831536e-07,42980.25743155578,1.0,0.23797596366147666,True,,
293,293,2.9622324384098615,2.352663519925648,inside,elliptical,2.2593811864675173,0.945728606955247,9.23778139524996,2.011166218835545,140.4721772233377,1,,,,False,0.33561525762013017,0.9900007167259424,False,0.31295229941726566,1.603241495495432,1.1517082804477492,1.5869831897508437,diffusive,,12.39959359917926,0.05576450978787301,59.466317466981195,1.1300214675791498,2.584471554749597,6.210074373098969,9.544098550503394,0.3807003647450057,0.3006869193424965,0.8228412636438187,0.26431596771959553,0.3678128032672816,0.7579818446121009,21.82717853617877,2.9198871201146757,0.06476568864676695,qp_ode,0.05,100.0,1.431834413073583e-07,100.0,189.158629183088,1.2289655449219008,191.0,5.000000000000001,0.999,independent_lognormal,False,0.0,False,0.0,30.084703880497862,0.07546901293602368,False,0.0,fixed_device,0,82.42416995427789,127.1141941177528,164.84833990855577,203.3836654723806,101.50256;98.368319;122.40922;100.06464;100.53717;109.06276;100.23991;110.36723;99.731637;93.982418;91.60609;92.517422;127.11419;87.026398;94.691349;88.354524;82.42417,203.00512;182.52986;192.37115;195.26002;201.07434;203.38367;198.15742;194.28489;194.09651;187.96484;183.21218;185.03484;190.32899;174.0528;189.3827;176.70905;164.84834,5.0292688;5.0143876;4.9166356;5.0053238;4.9550194;5.0397662;5.0751956;5.0457888;4.9884711;4.9910309;5.029018;5.0185368;4.9922815;4.9157532;4.9626985;4.9457687;5.0750554,2.448100303809042e-06,8.464510917663574,1.230076094316246e-07,42980.25743155578,1.0,0.19225347066176107,True,,
294,294,0.9589276409400638,-1.4656043599033168,inside,elliptical,2.0463792795869367,1.1043226481743016,2.014819890394893,2.0541974932452005,73.67942294561249,1,,,,False,0.3756106341636153,0.7562363975905618,False,0.23575439855586575,2.7794459940185416,1.1440292692858813,2.244093122485537,ballistic,21.86648420786321,,0.05682911932366415,33.34836656365464,1.8655130625857512,2.104670562890599,4.630300124959437,9.94667205957321,0.5102898083859054,0.15006166749884897,0.9260902278414418,0.6770343612961239,0.45825275643123975,0.7113677848469131,28.50649725017672,2.9889902059063838,0.06063353392755235,qp_ode,0.05,100.0,2.9750299776575297e-07,100.0,189.158629183088,1.0299438909774177,191.0,5.000000000000001,0.999,independent_lognormal,False,0.0,False,0.0,49.590434405395456,0.1287869399104138,False,0.0,fixed_device,0,82.42416995427789,127.1141941177528,164.84833990855577,203.3836654723806,101.50256;98.368319;122.40922;100.06464;100.53717;109.06276;100.23991;110.36723;99.731637;93.982418;91.60609;92.517422;127.11419;87.026398;94.691349;88.354524;82.42417,203.00512;182.52986;192.37115;195.26002;201.07434;203.38367;198.15742;194.28489;194.09651;187.96484;183.21218;185.03484;190.32899;174.0528;189.3827;176.70905;164.84834,5.0292688;5.0143876;4.9166356;5.0053238;4.9550194;5.0397662;5.0751956;5.0457888;4.9884711;4.9910309;5.029018;5.0185368;4.9922815;4.9157532;4.9626985;4.9457687;5.0750554,4.999830707674846e-06,4.451290607452393,2.5284711568929197e-07,42980.25743155578,1.0,0.28157052282168227,True,,
295,295,0.023583715784646575,-0.734502637671469,inside,elliptical,2.4761419178268116,1.1610470456034783,5.583165661504464,2.0246856939230855,157.43041531840367,1,,,,False,0.36669286374904897,0.5849874795056941,False,0.2877695939333058,1.655070804693761,1.1291180597047954,2.9051879429648384,ballistic,24.64564399300162,,0.1044231474087342,59.600032400417085,0.49907425104729414,3.4557424378097656,5.135697500483213,8.841757069876214,0.42822180822983846,0.25039331605794,0.8295185697880088,0.3562482683098277,0.15918130662856417,0.7482251792123193,28.740729756437652,3.312766516899622,0.058093899509675334,qp_ode,0.05,100.0,3.7325675699935953e-08,100.0,189.158629183088,1.6112329888734165,191.0,5.000000000000001,0.999,independent_lognormal,False,0.0,False,0.0,26.980962659014388,0.11306296391199111,False,0.0,fixed_device,0,82.42416995427789,127.1141941177528,164.84833990855577,203.3836654723806,101.50256;98.368319;122.40922;100.06464;100.53717;109.06276;100.23991;110.36723;99.731637;93.982418;91.60609;92.517422;127.11419;87.026398;94.691349;88.354524;82.42417,203.00512;182.52986;192.37115;195.26002;201.07434;203.38367;198.15742;194.28489;194.09651;187.96484;183.21218;185.03484;190.32899;174.0528;189.3827;176.70905;164.84834,5.0292688;5.0143876;4.9166356;5.0053238;4.9550194;5.0397662;5.0751956;5.0457888;4.9884711;4.9910309;5.029018;5.0185368;4.9922815;4.9157532;4.9626985;4.9457687;5.0750554,6.433745625145093e-07,27.287111282348633,3.221387956386934e-08,42980.25743155578,1.0,0.22086182178327593,True,,
296,296,-1.3891962904543163,1.616306134939192,inside,elliptical,2.018565436697739,0.9437199060675175,9.098991155659704,1.2545076131877355,120.92113549552835,1,,,,False,0.2539404338453458,0.8174016018132089,False,0.12449106167634814,3.8551944571846484,1.2951164662786931,1.0075378068185974,ballistic,20.891722981724484,,0.08009356016699262,15.607938811703583,1.8474913680285794,3.149158448897113,4.101418643397653,7.3028655051212725,0.4957797149289662,0.44583975655329977,0.8316926287808525,0.42899659947204904,0.09838218169293972,1.1040451711575696,28.6884222942859,2.9938933964825605,0.0060495458009633294,qp_ode,0.05,100.0,2.5935565697600015e-07,100.0,189.158629183088,0.3260062273620092,191.0,5.000000000000001,0.999,independent_lognormal,False,0.0,False,0.0,21.676974761708227,0.13267219485596582,False,0.0,fixed_device,0,82.42416995427789,127.1141941177528,164.84833990855577,203.3836654723806,101.50256;98.368319;122.40922;100.06464;100.53717;109.06276;100.23991;110.36723;99.731637;93.982418;91.60609;92.517422;127.11419;87.026398;94.691349;88.354524;82.42417,203.00512;182.52986;192.37115;195.26002;201.07434;203.38367;198.15742;194.28489;194.09651;187.96484;183.21218;185.03484;190.32899;174.0528;189.3827;176.70905;164.84834,5.0292688;5.0143876;4.9166356;5.0053238;4.9550194;5.0397662;5.0751956;5.0457888;4.9884711;4.9910309;5.029018;5.0185368;4.9922815;4.9157532;4.9626985;4.9457687;5.0750554,1.0035003469965886e-05,2.2771079540252686,5.123770279169548e-07,42980.25743155578,1.0,0.2093626254515674,True,,
297,297,2.8686875647550316,3.7572187699414976,outside,elliptical,2.228068672469383,1.0954628872554468,4.754391994148446,2.2352280241303104,136.84711142295492,1,,,,False,0.05587245542813171,0.1884033796804988,False,0.38139070535129704,2.4695331511045326,0.9826419851531905,2.618316129838235,ballistic,26.947737783286133,,0.10153759595271207,10.61399710514289,0.6390934234727137,2.6165362673850083,5.8578635056066375,7.684158313798845,0.5545250233156006,0.29962299589293734,0.8921749534726058,0.5107196198183622,0.2482620649795721,1.0740289324389525,27.32959315495151,3.207668992222044,0.04536159670274505,qp_ode,0.05,100.0,1.0627454292630637e-07,100.0,189.158629183088,1.3556385736743546,191.0,5.000000000000001,0.999,independent_lognormal,False,0.0,False,0.0,19.789996146435275,0.12481793020488831,False,0.0,fixed_device,0,82.42416995427789,127.1141941177528,164.84833990855577,203.3836654723806,101.50256;98.368319;122.40922;100.06464;100.53717;109.06276;100.23991;110.36723;99.731637;93.982418;91.60609;92.517422;127.11419;87.026398;94.691349;88.354524;82.42417,203.00512;182.52986;192.37115;195.26002;201.07434;203.38367;198.15742;194.28489;194.09651;187.96484;183.21218;185.03484;190.32899;174.0528;189.3827;176.70905;164.84834,5.0292688;5.0143876;4.9166356;5.0053238;4.9550194;5.0397662;5.0751956;5.0457888;4.9884711;4.9910309;5.029018;5.0185368;4.9922815;4.9157532;4.9626985;4.9457687;5.0750554,1.6693979887349997e-06,11.845414161682129,8.395419826001671e-08,42980.25743155578,1.0,0.2084914407394289,True,,
298,298,0.31734308421686475,1.8794668059946282,inside,elliptical,1.7082399127183099,1.5742052913465496,2.6317937274410648,2.2347736278685777,0.5604867511865685,1,,,,False,0.08962928659094796,0.3001197597849876,False,0.33640596607527207,1.983456213524742,1.139075261215471,2.2336535939331417,diffusive,,6.5992600316495835,0.08469406531731603,4.691671152448569,1.6505889682958017,2.7740171570563947,6.195269551362184,5.38953492945597,0.39485851853352505,0.39219372993060253,0.8016861496955046,0.5778044322604718,0.2216208802428864,0.5795459527267639,32.533135162623914,3.082669414284186,0.01655248158321874,qp_ode,0.05,100.0,2.7655629981591333e-07,100.0,189.158629183088,1.354416217674478,191.0,5.000000000000001,0.999,independent_lognormal,False,0.0,False,0.0,16.090676249477646,0.11546722227957058,False,0.0,fixed_device,0,82.42416995427789,127.1141941177528,164.84833990855577,203.3836654723806,101.50256;98.368319;122.40922;100.06464;100.53717;109.06276;100.23991;110.36723;99.731637;93.982418;91.60609;92.517422;127.11419;87.026398;94.691349;88.354524;82.42417,203.00512;182.52986;192.37115;195.26002;201.07434;203.38367;198.15742;194.28489;194.09651;187.96484;183.21218;185.03484;190.32899;174.0528;189.3827;176.70905;164.84834,5.0292688;5.0143876;4.9166356;5.0053238;4.9550194;5.0397662;5.0751956;5.0457888;4.9884711;4.9910309;5.029018;5.0185368;4.9922815;4.9157532;4.9626985;4.9457687;5.0750554,4.588957381201908e-06,4.742843151092529,2.316251794809432e-07,42980.25743155578,1.0,0.24093795223161205,True,,
299,299,1.4236579786521588,2.846930816279613,inside,elliptical,2.056371390426791,0.895375190899258,5.606728802121606,1.1603391884750498,76.13757612848731,1,,,,False,0.1866011061741843,0.48793728711292583,False,0.2804274499719782,2.4472947471683693,0.5683286867677081,1.5081312714283868,diffusive,,6.34836548267588,0.1157976056191582,41.20441242501384,1.1103612562701106,3.0940916303038586,5.219274808836251,7.69908496988988,0.27501407305006564,0.29685711425559824,0.8854321347188066,0.4077941539575937,0.255669994907362,0.9733280089337716,24.52638289085815,3.0313072198165543,0.06753101232791288,qp_ode,0.05,100.0,9.544750035251108e-09,100.0,189.158629183088,0.9367810916188803,191.0,5.000000000000001,0.999,independent_lognormal,False,0.0,False,0.0,13.022208368428053,0.08027458240691182,False,0.0,fixed_device,0,82.42416995427789,127.1141941177528,164.84833990855577,203.3836654723806,101.50256;98.368319;122.40922;100.06464;100.53717;109.06276;100.23991;110.36723;99.731637;93.982418;91.60609;92.517422;127.11419;87.026398;94.691349;88.354524;82.42417,203.00512;182.52986;192.37115;195.26002;201.07434;203.38367;198.15742;194.28489;194.09651;187.96484;183.21218;185.03484;190.32899;174.0528;189.3827;176.70905;164.84834,5.0292688;5.0143876;4.9166356;5.0053238;4.9550194;5.0397662;5.0751956;5.0457888;4.9884711;4.9910309;5.029018;5.0185368;4.9922815;4.9157532;4.9626985;4.9457687;5.0750554,1.655305226222481e-07,51.81296920776367,8.280260921367244e-09,42980.25743155578,1.0,0.19062128392648733,True,,
300,300,-3.993924570731417,-0.5016571446153524,outside,elliptical,1.748286905418642,1.5667166616313373,3.856872400701782,2.4827463942451753,92.3330883241245,1,,,,False,0.27008592119498764,0.9714799695309309,False,0.2511928698888565,2.827985732249928,1.1216234366856024,2.4206692230696305,diffusive,,9.273364904644604,0.10597305449043494,75.54815275753799,1.5784577339094787,3.17457902599925,6.413508595499258,7.731450037866904,0.5364345995591997,0.23639236685573037,0.9057836881574847,0.24067004613690568,0.25177385231601757,0.660690359794301,32.61312688813733,2.8057030303621473,0.05692850219069547,qp_ode,0.05,100.0,5.962465379474824e-08,100.0,189.158629183088,0.7524677237855395,191.0,5.000000000000001,0.999,independent_lognormal,False,0.0,False,0.0,7.673818607783894,0.061354224297461214,False,0.0,fixed_device,0,82.42416995427789,127.1141941177528,164.84833990855577,203.3836654723806,101.50256;98.368319;122.40922;100.06464;100.53717;109.06276;100.23991;110.36723;99.731637;93.982418;91.60609;92.517422;127.11419;87.026398;94.691349;88.354524;82.42417,203.00512;182.52986;192.37115;195.26002;201.07434;203.38367;198.15742;194.28489;194.09651;187.96484;183.21218;185.03484;190.32899;174.0528;189.3827;176.70905;164.84834,5.0292688;5.0143876;4.9166356;5.0053238;4.9550194;5.0397662;5.0751956;5.0457888;4.9884711;4.9910309;5.029018;5.0185368;4.9922815;4.9157532;4.9626985;4.9457687;5.0750554,8.804374260762415e-07,20.463369369506836,4.4129816245686015e-08,42980.25743155578,1.0,0.17464027196469945,True,,
301,301,3.0,-0.5405677470059338,edge,elliptical,2.231287863700046,0.959700539968747,8.172147903648836,1.3190003921144673,146.03578298814978,1,,,,False,0.1789365518023801,0.25982465583335146,False,0.13484401005864244,3.765590492128173,1.2311754984748609,2.534058522039656,diffusive,,16.064477446519028,0.04757648986806628,24.91242315101717,0.47647855193470046,2.091034913257762,6.46392942001014,5.508922254159269,0.4502634786704721,0.3351828352424771,0.8892194670970199,0.4732223366242221,0.4487853916225874,0.7837912965963069,25.51409940976633,2.948273301311391,0.013471220252124968,qp_ode,0.05,100.0,1.6439970157908415e-07,100.0,189.158629183088,1.6190300238892275,191.0,5.000000000000001,0.999,independent_lognormal,False,0.0,False,0.0,15.703565651748947,0.1074068235349423,False,0.0,fixed_device,0,82.42416995427789,127.1141941177528,164.84833990855577,203.3836654723806,101.50256;98.368319;122.40922;100.06464;100.53717;109.06276;100.23991;110.36723;99.731637;93.982418;91.60609;92.517422;127.11419;87.026398;94.691349;88.354524;82.42417,203.00512;182.52986;192.37115;195.26002;201.07434;203.38367;198.15742;194.28489;194.09651;187.96484;183.21218;185.03484;190.32899;174.0528;189.3827;176.70905;164.84834,5.0292688;5.0143876;4.9166356;5.0053238;4.9550194;5.0397662;5.0751956;5.0457888;4.9884711;4.9910309;5.029018;5.0185368;4.9922815;4.9157532;4.9626985;4.9457687;5.0750554,3.967651537095662e-06,5.524255752563477,2.0036958403579774e-07,42980.25743155578,1.0,0.24861936450393762,True,,
302,302,0.34545377464533633,-0.876013881709448,inside,circular,2.025464240814955,1.3553775945247941,8.992250036065059,1.0,109.64790629638645,1,,,,False,0.24821755063460144,0.3202496328183466,False,0.2270798657943487,2.945660488638869,1.0708160165105272,1.5391326321508867,diffusive,,10.30340106599912,0.07150207076114024,67.39365656296715,0.43224632963889803,2.2057508582990177,5.547560626449279,8.57542504931817,0.47895805835446226,0.3054465028799297,0.8141092551669853,0.4340375290081041,0.4862374468772971,0.570677498571277,28.7622025620648,3.0154120504953172,0.06093728409187803,qp_ode,0.05,100.0,6.450405709885254e-08,100.0,189.158629183088,0.2334409482194744,191.0,5.000000000000001,0.999,independent_lognormal,False,0.0,False,0.0,23.135016325901532,0.07223816615692186,False,0.0,fixed_device,0,82.42416995427789,127.1141941177528,164.84833990855577,203.3836654723806,101.50256;98.368319;122.40922;100.06464;100.53717;109.06276;100.23991;110.36723;99.731637;93.982418;91.60609;92.517422;127.11419;87.026398;94.691349;88.354524;82.42417,203.00512;182.52986;192.37115;195.26002;201.07434;203.38367;198.15742;194.28489;194.09651;187.96484;183.21218;185.03484;190.32899;174.0528;189.3827;176.70905;164.84834,5.0292688;5.0143876;4.9166356;5.0053238;4.9550194;5.0397662;5.0751956;5.0457888;4.9884711;4.9910309;5.029018;5.0185368;4.9922815;4.9157532;4.9626985;4.9457687;5.0750554,1.5146778196140076e-06,13.26938533782959,7.598956131005252e-08,42980.25743155578,1.0,0.18878982301209302,True,,
303,303,-3.5747499516359422,-0.6375069471892871,outside,circular,1.8493361367232304,1.0068201375947123,9.725215540988938,1.0,164.87855139824194,1,,,,False,0.32851554637561,0.05664493834292217,False,0.17443964627017305,3.2564232538746083,0.6381403438063387,1.0272121755546244,diffusive,,9.58546235956021,0.03925354481979401,51.112536545661165,0.40299575194443504,2.56980937856102,6.107511640570582,7.879458020347767,0.2285973941352294,0.2677461415986014,0.8256978374335137,0.5433421001452481,0.43893470447149036,0.8303423614626051,33.927252014937395,3.03739060942872,0.0014557270212561591,qp_ode,0.05,100.0,4.779717774109561e-09,100.0,189.158629183088,0.2198981071770543,191.0,5.000000000000001,0.999,independent_lognormal,False,0.0,False,0.0,3.204862923857799,0.050273397524949685,False,0.0,fixed_device,0,82.42416995427789,127.1141941177528,164.84833990855577,203.3836654723806,101.50256;98.368319;122.40922;100.06464;100.53717;109.06276;100.23991;110.36723;99.731637;93.982418;91.60609;92.517422;127.11419;87.026398;94.691349;88.354524;82.42417,203.00512;182.52986;192.37115;195.26002;201.07434;203.38367;198.15742;194.28489;194.09651;187.96484;183.21218;185.03484;190.32899;174.0528;189.3827;176.70905;164.84834,5.0292688;5.0143876;4.9166356;5.0053238;4.9550194;5.0397662;5.0751956;5.0457888;4.9884711;4.9910309;5.029018;5.0185368;4.9922815;4.9157532;4.9626985;4.9457687;5.0750554,8.333305601126995e-08,74.38178253173828,4.181634150057789e-09,42980.25743155578,1.0,0.17893284711235,True,,
304,304,-1.7989427940737777,2.9223039317937474,inside,elliptical,1.7154758836577235,1.5292218249571083,8.859852641702092,1.206705178355152,178.41671291372768,1,,,,False,0.15130320009650097,0.014521134875980946,False,0.12292251705337365,2.303215524632997,0.5408587551851407,1.2753083540866854,diffusive,,6.407822205719313,0.09406203271912017,77.52779505858099,0.9345841222195468,3.2171779813110115,3.5360430803182408,7.236226815752498,0.16760915327946466,0.3980948205997795,0.8508427940996538,0.20130230242267277,0.3803485079996648,0.6894710824152521,26.739328190652092,3.0293663152552703,0.010071368007195103,qp_ode,0.05,100.0,4.2867628798595445e-08,100.0,189.158629183088,1.430526967022911,191.0,5.000000000000001,0.999,independent_lognormal,False,0.0,False,0.0,16.4140472081865,0.1442007466036827,False,0.0,fixed_device,0,82.42416995427789,127.1141941177528,164.84833990855577,203.3836654723806,101.50256;98.368319;122.40922;100.06464;100.53717;109.06276;100.23991;110.36723;99.731637;93.982418;91.60609;92.517422;127.11419;87.026398;94.691349;88.354524;82.42417,203.00512;182.52986;192.37115;195.26002;201.07434;203.38367;198.15742;194.28489;194.09651;187.96484;183.21218;185.03484;190.32899;174.0528;189.3827;176.70905;164.84834,5.0292688;5.0143876;4.9166356;5.0053238;4.9550194;5.0397662;5.0751956;5.0457888;4.9884711;4.9910309;5.029018;5.0185368;4.9922815;4.9157532;4.9626985;4.9457687;5.0750554,6.442672315642994e-07,25.939571380615234,3.236258905303657e-08,42980.25743155578,1.0,0.18352976957502432,True,,
305,305,-1.9832140906425402,3.593040693664937,outside,elliptical,2.2243458603704926,1.1225596030614708,7.6969521332258966,1.5381222786886024,6.392546468840328,1,,,,False,0.3489830483354553,0.4689551510964808,False,0.2186583719327905,3.4985845147359025,1.294623180703005,1.768991470130025,diffusive,,12.996698620954,0.10234994172260686,56.85108640116371,1.910503522485881,3.269241864283751,5.980596626011462,8.963123317533444,0.27814475949747697,0.2560490599540972,0.8136164964223601,0.4325357291619827,0.4800648591469962,0.6780177921683287,30.834852467071478,3.382483888672286,0.015072005747491391,qp_ode,0.05,100.0,1.9581422661393828e-07,100.0,189.158629183088,0.7845433881894681,191.0,5.000000000000001,0.999,independent_lognormal,False,0.0,False,0.0,17.11780996483781,0.07266392038580377,False,0.0,fixed_device,0,82.42416995427789,127.1141941177528,164.84833990855577,203.3836654723806,101.50256;98.368319;122.40922;100.06464;100.53717;109.06276;100.23991;110.36723;99.731637;93.982418;91.60609;92.517422;127.11419;87.026398;94.691349;88.354524;82.42417,203.00512;182.52986;192.37115;195.26002;201.07434;203.38367;198.15742;194.28489;194.09651;187.96484;183.21218;185.03484;190.32899;174.0528;189.3827;176.70905;164.84834,5.0292688;5.0143876;4.9166356;5.0053238;4.9550194;5.0397662;5.0751956;5.0457888;4.9884711;4.9910309;5.029018;5.0185368;4.9922815;4.9157532;4.9626985;4.9457687;5.0750554,2.7391665753384586e-06,7.648528099060059,1.3777706442397175e-07,42980.25743155578,1.0,0.21547615883070698,True,,
306,306,-0.9536031265966649,-2.2815924819378193,inside,elliptical,2.4316113363519634,1.3207920665400215,7.901642966195451,2.0327098098771526,19.933964041303874,1,,,,False,0.25642732009373087,0.3853204769283124,False,0.13780993429061955,3.12965960838529,0.60960674258103,1.230008039697037,diffusive,,16.354130434793287,0.06647324932833429,49.861776639472595,0.7233204902089562,3.7829376199518707,6.255065986905292,6.093143989438776,0.22278796212912255,0.19067768543568508,0.8141448294389422,0.3821660962413216,0.3228214445760126,0.7045052489647268,25.546755462475573,2.921482273457631,0.006438891108503313,qp_ode,0.05,100.0,1.6079002726454537e-07,100.0,189.158629183088,0.8597961155647276,191.0,5.000000000000001,0.999,independent_lognormal,False,0.0,False,0.0,28.502480817377826,0.1038950504791533,False,0.0,fixed_device,0,82.42416995427789,127.1141941177528,164.84833990855577,203.3836654723806,101.50256;98.368319;122.40922;100.06464;100.53717;109.06276;100.23991;110.36723;99.731637;93.982418;91.60609;92.517422;127.11419;87.026398;94.691349;88.354524;82.42417,203.00512;182.52986;192.37115;195.26002;201.07434;203.38367;198.15742;194.28489;194.09651;187.96484;183.21218;185.03484;190.32899;174.0528;189.3827;176.70905;164.84834,5.0292688;5.0143876;4.9166356;5.0053238;4.9550194;5.0397662;5.0751956;5.0457888;4.9884711;4.9910309;5.029018;5.0185368;4.9922815;4.9157532;4.9626985;4.9457687;5.0750554,2.9512616492866073e-06,7.28886079788208,1.486192218180804e-07,42980.25743155578,1.0,0.2112207040873384,True,,
307,307,-0.16313617677794134,2.8755988022379153,inside,circular,2.3087827203248388,1.6786992884616017,8.552435826541117,1.0,37.465164100889474,1,,,,False,0.1760728144765792,0.25582440545120977,False,0.189520575751323,1.728915749169059,0.5053417121863861,1.62093192903473,diffusive,,10.427561825432203,0.08108275207717013,67.13198702597496,1.4304578594550925,2.488131630831681,3.564899384778749,6.282760079997245,0.47555748374165896,0.23521558896759195,0.8280679133626883,0.46367000909598377,0.26222298231023633,1.0341788104069378,23.893303936397793,3.0861216309625865,0.03982699414212686,qp_ode,0.05,100.0,3.4828939596119015e-08,100.0,189.158629183088,1.877293858617409,191.0,5.000000000000001,0.999,independent_lognormal,False,0.0,False,0.0,67.56421794890389,0.09056226647306334,False,0.0,fixed_device,0,82.42416995427789,127.1141941177528,164.84833990855577,203.3836654723806,101.50256;98.368319;122.40922;100.06464;100.53717;109.06276;100.23991;110.36723;99.731637;93.982418;91.60609;92.517422;127.11419;87.026398;94.691349;88.354524;82.42417,203.00512;182.52986;192.37115;195.26002;201.07434;203.38367;198.15742;194.28489;194.09651;187.96484;183.21218;185.03484;190.32899;174.0528;189.3827;176.70905;164.84834,5.0292688;5.0143876;4.9166356;5.0053238;4.9550194;5.0397662;5.0751956;5.0457888;4.9884711;4.9910309;5.029018;5.0185368;4.9922815;4.9157532;4.9626985;4.9457687;5.0750554,8.898506393961725e-07,20.355802536010742,4.4585107161765336e-08,42980.25743155578,1.0,0.19434804682012724,True,,
308,308,2.247639332066586,-0.0668159501818053,inside,circular,1.8035062959058688,1.054040227376881,3.580120883109685,1.0,109.45330890160008,1,,,,False,0.15715981192675738,0.6818063489109056,False,0.38070346247518505,2.153555292521605,0.8238571382744602,1.517261888431574,diffusive,,7.834958565898406,0.08334129299206725,64.62792171844517,0.4162044338905803,3.4445698060360526,4.25560500847075,7.602491114121374,0.41554611254545926,0.3438618206641555,0.8473945358927781,0.15913127910857786,0.08572877820669209,0.5892518598173566,31.53958554300888,3.39642742772229,0.020282317832761167,qp_ode,0.05,100.0,8.150584779340629e-08,100.0,189.158629183088,1.6709923259331023,191.0,5.000000000000001,0.999,independent_lognormal,False,0.0,False,0.0,21.110887357621326,0.09127131471683667,False,0.0,fixed_device,0,82.42416995427789,127.1141941177528,164.84833990855577,203.3836654723806,101.50256;98.368319;122.40922;100.06464;100.53717;109.06276;100.23991;110.36723;99.731637;93.982418;91.60609;92.517422;127.11419;87.026398;94.691349;88.354524;82.42417,203.00512;182.52986;192.37115;195.26002;201.07434;203.38367;198.15742;194.28489;194.09651;187.96484;183.21218;185.03484;190.32899;174.0528;189.3827;176.70905;164.84834,5.0292688;5.0143876;4.9166356;5.0053238;4.9550194;5.0397662;5.0751956;5.0457888;4.9884711;4.9910309;5.029018;5.0185368;4.9922815;4.9157532;4.9626985;4.9457687;5.0750554,1.7898753412737278e-06,11.511675834655762,8.98946623806296e-08,42980.25743155578,1.0,0.22725320435204738,True,,
309,309,-2.199435455289718,2.7055989132957468,inside,circular,1.7346283607787758,1.4428851652877952,8.713266831083526,1.0,134.64302715255124,1,,,,False,0.07851311605034608,0.21068359780143053,False,0.20679779141881544,1.6502683419482902,1.0168008155534247,1.8459524266218592,ballistic,22.147884513069066,,0.11814241470583463,2.7223661601161453,1.7605640046281041,3.358464329209067,6.268419794921745,7.978766408958656,0.5736289011573263,0.40073229171782565,0.8869891360067595,0.5760065853190653,0.17240470282388598,1.1584425518539492,30.17710556572283,2.819578441331619,0.04466062437760148,qp_ode,0.05,100.0,2.0092853512526058e-07,100.0,189.158629183088,1.830391738372193,191.0,5.000000000000001,0.999,independent_lognormal,False,0.0,False,0.0,8.144099367485481,0.08773544418696175,False,0.0,fixed_device,0,82.42416995427789,127.1141941177528,164.84833990855577,203.3836654723806,101.50256;98.368319;122.40922;100.06464;100.53717;109.06276;100.23991;110.36723;99.731637;93.982418;91.60609;92.517422;127.11419;87.026398;94.691349;88.354524;82.42417,203.00512;182.52986;192.37115;195.26002;201.07434;203.38367;198.15742;194.28489;194.09651;187.96484;183.21218;185.03484;190.32899;174.0528;189.3827;176.70905;164.84834,5.0292688;5.0143876;4.9166356;5.0053238;4.9550194;5.0397662;5.0751956;5.0457888;4.9884711;4.9910309;5.029018;5.0185368;4.9922815;4.9157532;4.9626985;4.9457687;5.0750554,3.4077527288900455e-06,6.380834579467773,1.7200035529185698e-07,42980.25743155578,1.0,0.291482241590698,True,,
310,310,0.6540114533597339,-2.1829067431599185,inside,elliptical,2.209941296688262,1.2745083680174676,6.268667743032065,1.7883537380175851,157.5414609965314,1,,,,False,0.351513469534457,0.8305784378963819,False,0.34720993855738835,2.861077720069843,0.5784439813364618,2.001325691785011,diffusive,,8.417272207301156,0.10839561102826997,74.72651324301432,0.49021199540807053,2.2538889098445147,5.81692842836121,6.6142119783371,0.1584962558599604,0.25775500647336497,0.8875268954516671,0.46391934787562567,0.38037203098978334,0.6353032457012113,27.88670886524147,3.35739459785649,0.03342322469161758,qp_ode,0.05,100.0,1.1898559738122747e-07,100.0,189.158629183088,1.967415931196699,191.0,5.000000000000001,0.999,independent_lognormal,False,0.0,False,0.0,21.468660762154972,0.13199103713487298,False,0.0,fixed_device,0,82.42416995427789,127.1141941177528,164.84833990855577,203.3836654723806,101.50256;98.368319;122.40922;100.06464;100.53717;109.06276;100.23991;110.36723;99.731637;93.982418;91.60609;92.517422;127.11419;87.026398;94.691349;88.354524;82.42417,203.00512;182.52986;192.37115;195.26002;201.07434;203.38367;198.15742;194.28489;194.09651;187.96484;183.21218;185.03484;190.32899;174.0528;189.3827;176.70905;164.84834,5.0292688;5.0143876;4.9166356;5.0053238;4.9550194;5.0397662;5.0751956;5.0457888;4.9884711;4.9910309;5.029018;5.0185368;4.9922815;4.9157532;4.9626985;4.9457687;5.0750554,2.1045357243565377e-06,10.001749038696289,1.05684769380332e-07,42980.25743155578,1.0,0.25103473766255757,True,,
311,311,2.1716131106579297,-0.13545745076007432,inside,circular,2.3009617098822335,1.6592558819348135,7.67863404447245,1.0,51.942903751462424,1,,,,False,0.22895865125006948,0.9172328363267387,False,0.28238621310652656,2.186487252833816,0.6778926634919058,1.564975738704448,ballistic,36.756831159904195,,0.06623834661223747,22.92569551193564,1.2783894311944088,2.363310666788972,4.089049820099486,6.003033104176419,0.2565439302308973,0.2511287303650285,0.9753092289737127,0.3783002853164966,0.20537476900701546,0.5988097964491794,31.778400556114928,3.3743448666164206,0.03321652974827317,qp_ode,0.05,100.0,2.476529350669833e-07,100.0,189.158629183088,1.0768323811431328,191.0,5.000000000000001,0.999,independent_lognormal,False,0.0,False,0.0,17.693424901258524,0.0672403310107472,False,0.0,fixed_device,0,82.42416995427789,127.1141941177528,164.84833990855577,203.3836654723806,101.50256;98.368319;122.40922;100.06464;100.53717;109.06276;100.23991;110.36723;99.731637;93.982418;91.60609;92.517422;127.11419;87.026398;94.691349;88.354524;82.42417,203.00512;182.52986;192.37115;195.26002;201.07434;203.38367;198.15742;194.28489;194.09651;187.96484;183.21218;185.03484;190.32899;174.0528;189.3827;176.70905;164.84834,5.0292688;5.0143876;4.9166356;5.0053238;4.9550194;5.0397662;5.0751956;5.0457888;4.9884711;4.9910309;5.029018;5.0185368;4.9922815;4.9157532;4.9626985;4.9457687;5.0750554,8.316400453622919e-06,2.7272493839263916,4.2285253698537417e-07,42980.25743155578,1.0,0.3044660740156718,True,,
312,312,1.069223755513014,-0.3533058399935234,inside,elliptical,1.9148543898287722,1.0065910930330586,6.278818394743602,1.766718834215391,75.17782630696382,1,,,,False,0.23068993975003838,0.3616803595743242,False,0.10022168699669495,2.6440370462824294,1.1601785010004506,1.0500933828276315,diffusive,,13.945760239033099,0.09211152357436489,46.53224576730886,0.6360950880687452,2.8056839657434876,5.875920205622502,9.283742137587826,0.40815645739581385,0.34200626508918786,0.8523621608601246,0.49577245415225957,0.4939235676344288,1.1192359164502346,27.51374226628563,3.310467628680258,0.0692604409674106,qp_ode,0.05,100.0,2.0395080684155702e-07,100.0,189.158629183088,0.22648424275124276,191.0,5.000000000000001,0.999,independent_lognormal,False,0.0,False,0.0,48.67174288881261,0.14524647533564083,False,0.0,fixed_device,0,82.42416995427789,127.1141941177528,164.84833990855577,203.3836654723806,101.50256;98.368319;122.40922;100.06464;100.53717;109.06276;100.23991;110.36723;99.731637;93.982418;91.60609;92.517422;127.11419;87.026398;94.691349;88.354524;82.42417,203.00512;182.52986;192.37115;195.26002;201.07434;203.38367;198.15742;194.28489;194.09651;187.96484;183.21218;185.03484;190.32899;174.0528;189.3827;176.70905;164.84834,5.0292688;5.0143876;4.9166356;5.0053238;4.9550194;5.0397662;5.0751956;5.0457888;4.9884711;4.9910309;5.029018;5.0185368;4.9922815;4.9157532;4.9626985;4.9457687;5.0750554,3.464491783233825e-06,6.2987542152404785,1.7499620241778757e-07,42980.25743155578,1.0,0.21088087978852185,True,,
313,313,-0.0977338636511993,2.7043024878170536,inside,elliptical,1.7145077483307167,1.3248722619524087,4.347842849808374,1.5024360913428159,117.01747974988368,1,,,,False,0.25421065957264055,0.4269568700175962,False,0.29573420322453675,1.5227441786721023,1.0281125677918168,1.4032050404463954,diffusive,,7.6515828509824955,0.024610944546974028,69.56893062221484,1.447919526696373,2.6814745230102304,5.087325386595866,6.920101058099748,0.560123500201713,0.42505650534137673,0.911500005697936,0.12680710972912693,0.16383727898920514,0.8823279219274103,21.694284198564887,3.3122251490345795,0.007491410965013437,qp_ode,0.05,100.0,2.2613167803815174e-07,100.0,189.158629183088,1.688583342831211,191.0,5.000000000000001,0.999,independent_lognormal,False,0.0,False,0.0,18.67870957132474,0.1333698192198269,False,0.0,fixed_device,0,82.42416995427789,127.1141941177528,164.84833990855577,203.3836654723806,101.50256;98.368319;122.40922;100.06464;100.53717;109.06276;100.23991;110.36723;99.731637;93.982418;91.60609;92.517422;127.11419;87.026398;94.691349;88.354524;82.42417,203.00512;182.52986;192.37115;195.26002;201.07434;203.38367;198.15742;194.28489;194.09651;187.96484;183.21218;185.03484;190.32899;174.0528;189.3827;176.70905;164.84834,5.0292688;5.0143876;4.9166356;5.0053238;4.9550194;5.0397662;5.0751956;5.0457888;4.9884711;4.9910309;5.029018;5.0185368;4.9922815;4.9157532;4.9626985;4.9457687;5.0750554,4.7823564273130614e-06,4.644661903381348,2.4171256995941803e-07,42980.25743155578,1.0,0.2647858241608411,True,,
314,314,-3.8493746671586067,0.9284381848063985,outside,circular,1.7153220753698888,1.3302641160769504,4.0596147265516525,1.0,55.53667967639219,1,,,,False,0.2917768474503494,0.39189956450930574,False,0.2904076756147235,3.208939195798252,1.2384003198012108,2.371212656423821,diffusive,,15.19245963147217,0.1042450113702958,68.46450946638625,0.4374947009404402,2.102827488890838,5.604552439434176,9.102572514513604,0.29609963098370684,0.39263137172978124,0.9124316469558361,0.40112995950168573,0.1507475043266045,1.1176637259754565,24.69120429250865,3.1520411881599597,0.051876844557360906,qp_ode,0.05,100.0,2.1523695859824613e-07,100.0,189.158629183088,0.20471508885439277,191.0,5.000000000000001,0.999,independent_lognormal,False,0.0,False,0.0,22.391076217904903,0.06852719287971426,False,0.0,fixed_device,0,82.42416995427789,127.1141941177528,164.84833990855577,203.3836654723806,101.50256;98.368319;122.40922;100.06464;100.53717;109.06276;100.23991;110.36723;99.731637;93.982418;91.60609;92.517422;127.11419;87.026398;94.691349;88.354524;82.42417,203.00512;182.52986;192.37115;195.26002;201.07434;203.38367;198.15742;194.28489;194.09651;187.96484;183.21218;185.03484;190.32899;174.0528;189.3827;176.70905;164.84834,5.0292688;5.0143876;4.9166356;5.0053238;4.9550194;5.0397662;5.0751956;5.0457888;4.9884711;4.9910309;5.029018;5.0185368;4.9922815;4.9157532;4.9626985;4.9457687;5.0750554,3.23920698974689e-06,6.732083320617676,1.6307029682138818e-07,42980.25743155578,1.0,0.19625631647729874,True,,
315,315,-1.5863905152367543,-1.3956799406854794,inside,elliptical,1.7185819991339213,1.3769719121849957,2.466654756535953,1.371897278898725,63.68521128700428,1,,,,False,0.27262529949542075,0.7998930982504137,False,0.3379214589864503,2.734423636431707,0.9359030570948238,2.8675666298845055,ballistic,30.740968806075696,,0.08459147408635372,4.849713279556154,1.6467299924824728,3.1886903659135752,6.133197076284193,7.730230568415508,0.4304560971713418,0.480307646139147,0.8368339291935595,0.38519788985479986,0.2949288143714619,1.1062664519659857,31.098908392085022,3.1992713285260574,0.026791510062115123,qp_ode,0.05,100.0,1.3825249843448538e-07,100.0,189.158629183088,0.222521533489564,191.0,5.000000000000001,0.999,independent_lognormal,False,0.0,False,0.0,6.495959498731159,0.08497406282455282,False,0.0,fixed_device,0,82.42416995427789,127.1141941177528,164.84833990855577,203.3836654723806,101.50256;98.368319;122.40922;100.06464;100.53717;109.06276;100.23991;110.36723;99.731637;93.982418;91.60609;92.517422;127.11419;87.026398;94.691349;88.354524;82.42417,203.00512;182.52986;192.37115;195.26002;201.07434;203.38367;198.15742;194.28489;194.09651;187.96484;183.21218;185.03484;190.32899;174.0528;189.3827;176.70905;164.84834,5.0292688;5.0143876;4.9166356;5.0053238;4.9550194;5.0397662;5.0751956;5.0457888;4.9884711;4.9910309;5.029018;5.0185368;4.9922815;4.9157532;4.9626985;4.9457687;5.0750554,2.959179482786567e-06,7.27079963684082,1.4892496835727798e-07,42980.25743155578,1.0,0.20094016332355055,True,,
316,316,-0.2791583696102746,1.9019632404267872,inside,circular,1.7566484388261596,1.6136115389949945,9.969374086017584,1.0,13.458187830318556,1,,,,False,0.26825880487907294,0.7792273401945335,False,0.11821414866371932,3.5600403097883255,0.9507817360301163,1.3101095433600323,ballistic,15.108538313826088,,0.11447832677414818,57.90062984414764,1.202107235608454,2.3173657207104963,4.086171429731002,9.519408564823532,0.49099354635250725,0.34906191779956075,0.8970233063443708,0.30450025140488646,0.18066037671823848,0.9683388039121135,26.522493858550135,2.954652479989805,0.06035512229653962,qp_ode,0.05,100.0,1.4882422843468745e-07,100.0,189.158629183088,0.7301616767307006,191.0,5.000000000000001,0.999,independent_lognormal,False,0.0,False,0.0,28.854027977935196,0.11853441761060027,False,0.0,fixed_device,0,82.42416995427789,127.1141941177528,164.84833990855577,203.3836654723806,101.50256;98.368319;122.40922;100.06464;100.53717;109.06276;100.23991;110.36723;99.731637;93.982418;91.60609;92.517422;127.11419;87.026398;94.691349;88.354524;82.42417,203.00512;182.52986;192.37115;195.26002;201.07434;203.38367;198.15742;194.28489;194.09651;187.96484;183.21218;185.03484;190.32899;174.0528;189.3827;176.70905;164.84834,5.0292688;5.0143876;4.9166356;5.0053238;4.9550194;5.0397662;5.0751956;5.0457888;4.9884711;4.9910309;5.029018;5.0185368;4.9922815;4.9157532;4.9626985;4.9457687;5.0750554,2.7747792046284303e-06,7.7074971199035645,1.396736450942626e-07,42980.25743155578,1.0,0.21212677587535778,True,,
317,317,-1.189732347986806,-3.0,edge,elliptical,2.081470167374942,1.0500016305098137,3.9798557705995696,1.6098405145029817,103.81066910871871,1,,,,False,0.20748576063208818,0.2814111218059999,False,0.30579933315544705,3.5029420138123424,0.8231703144134093,1.6444322995046643,ballistic,16.43986593846356,,0.08249818600599605,37.26437231162958,1.0685040167493967,3.6344350291054823,4.477625983322467,9.902751868547668,0.46727147720764484,0.10999602399608631,0.9286995815552557,0.6612956845974298,0.40818554382578426,0.9634489325403711,26.659916794379846,3.0648493797265166,0.07054804141018292,qp_ode,0.05,100.0,1.986676753886664e-07,100.0,189.158629183088,1.6191768118942411,191.0,5.000000000000001,0.999,independent_lognormal,False,0.0,False,0.0,7.34461207549645,0.12860799232829961,False,0.0,fixed_device,0,82.42416995427789,127.1141941177528,164.84833990855577,203.3836654723806,101.50256;98.368319;122.40922;100.06464;100.53717;109.06276;100.23991;110.36723;99.731637;93.982418;91.60609;92.517422;127.11419;87.026398;94.691349;88.354524;82.42417,203.00512;182.52986;192.37115;195.26002;201.07434;203.38367;198.15742;194.28489;194.09651;187.96484;183.21218;185.03484;190.32899;174.0528;189.3827;176.70905;164.84834,5.0292688;5.0143876;4.9166356;5.0053238;4.9550194;5.0397662;5.0751956;5.0457888;4.9884711;4.9910309;5.029018;5.0185368;4.9922815;4.9157532;4.9626985;4.9457687;5.0750554,4.4123207771917805e-06,4.998724937438965,2.228499198508871e-07,42980.25743155578,1.0,0.27863294474603445,True,,
318,318,1.6816713222693123,-2.664434224462327,inside,circular,2.080534488733121,1.4757167910933549,3.1721394002524725,1.0,125.57374994939465,1,,,,False,0.08066801442020959,0.5645018876225232,False,0.10567120580231694,2.013823545358261,0.606399768793624,1.658498698464585,ballistic,34.9337657486313,,0.064628155838645,67.61346791600005,0.6497122446439928,2.0616666560458006,4.987742403040471,9.524845301854018,0.17109607063553497,0.10626386339881569,0.885095470607885,0.5116490905582075,0.4469867939410625,0.7653376222877799,33.663087247651475,2.891307040200563,0.07533079076127171,qp_ode,0.05,100.0,8.252278849819136e-08,100.0,189.158629183088,1.361240243311988,191.0,5.000000000000001,0.999,independent_lognormal,False,0.0,False,0.0,40.07241726965035,0.11625525516641423,False,0.0,fixed_device,0,82.42416995427789,127.1141941177528,164.84833990855577,203.3836654723806,101.50256;98.368319;122.40922;100.06464;100.53717;109.06276;100.23991;110.36723;99.731637;93.982418;91.60609;92.517422;127.11419;87.026398;94.691349;88.354524;82.42417,203.00512;182.52986;192.37115;195.26002;201.07434;203.38367;198.15742;194.28489;194.09651;187.96484;183.21218;185.03484;190.32899;174.0528;189.3827;176.70905;164.84834,5.0292688;5.0143876;4.9166356;5.0053238;4.9550194;5.0397662;5.0751956;5.0457888;4.9884711;4.9910309;5.029018;5.0185368;4.9922815;4.9157532;4.9626985;4.9457687;5.0750554,1.5081318451848347e-06,13.319181442260742,7.573000004867936e-08,42980.25743155578,1.0,0.20876871948287543,True,,
319,319,1.1439367953796022,-1.9996933979124862,inside,elliptical,2.162636541246936,0.8350373089746419,8.85795401287836,1.5114745569521086,73.97936712820524,1,,,,False,0.18257155118776536,0.33520669244340173,False,0.31498328906891015,2.881319216864054,1.1682986482858242,2.174155207209128,diffusive,,6.115550816591975,0.11338423344482476,28.037798648479544,0.8165972552234243,2.0270684862938024,6.233866963585313,8.707481426098042,0.40848210146155883,0.10084021970179254,0.9704017337933902,0.42547584192734544,0.11072016841629861,0.5185463839121244,23.675257507334834,3.3005079968940945,0.05081717962164132,qp_ode,0.05,100.0,1.6227801371746135e-07,100.0,189.158629183088,1.218326767908368,191.0,5.000000000000001,0.999,independent_lognormal,False,0.0,False,0.0,9.117540633925959,0.09090062627646574,False,0.0,fixed_device,0,82.42416995427789,127.1141941177528,164.84833990855577,203.3836654723806,101.50256;98.368319;122.40922;100.06464;100.53717;109.06276;100.23991;110.36723;99.731637;93.982418;91.60609;92.517422;127.11419;87.026398;94.691349;88.354524;82.42417,203.00512;182.52986;192.37115;195.26002;201.07434;203.38367;198.15742;194.28489;194.09651;187.96484;183.21218;185.03484;190.32899;174.0528;189.3827;176.70905;164.84834,5.0292688;5.0143876;4.9166356;5.0053238;4.9550194;5.0397662;5.0751956;5.0457888;4.9884711;4.9910309;5.029018;5.0185368;4.9922815;4.9157532;4.9626985;4.9457687;5.0750554,2.829886398103554e-06,7.603568077087402,1.429175711109565e-07,42980.25743155578,1.0,0.2297865374487418,True,,
